time_s,Vout_V,iL_A,duty,Rload_ohm
0.000000,5.000364,0.500000,0.41875,10.00
0.000010,5.002143,0.498452,0.41691,10.00
0.000020,5.003795,0.495283,0.41604,10.00
0.000030,5.005273,0.491355,0.41572,10.00
0.000040,5.006558,0.487161,0.41571,10.00
0.000050,5.007383,0.482984,0.41586,10.00
0.000060,5.006995,0.480099,0.41743,10.00
0.000070,5.006519,0.478640,0.41834,10.00
0.000080,5.006004,0.478022,0.41885,10.00
0.000090,5.005477,0.477903,0.41914,10.00
0.000100,5.004650,0.478076,0.41929,10.00
0.000110,5.002645,0.479724,0.42091,10.00
0.000120,5.000768,0.482835,0.42167,10.00
0.000130,4.999062,0.486641,0.42194,10.00
0.000140,4.997544,0.490697,0.42193,10.00
0.000150,4.996341,0.494749,0.42177,10.00
0.000160,4.995805,0.498130,0.42091,10.00
0.000170,4.995403,0.500740,0.42035,10.00
0.000180,4.995106,0.502834,0.41996,10.00
0.000190,4.994896,0.504566,0.41969,10.00
0.000200,4.994900,0.506030,0.41948,10.00
0.000210,4.995525,0.506673,0.41860,10.00
0.000220,4.996153,0.506507,0.41812,10.00
0.000230,4.996757,0.505897,0.41789,10.00
0.000240,4.997323,0.505057,0.41779,10.00
0.000250,4.997881,0.504111,0.41777,10.00
0.000260,4.998527,0.502986,0.41763,10.00
0.000270,4.999115,0.501716,0.41759,10.00
0.000280,4.999641,0.500407,0.41762,10.00
0.000290,5.000106,0.499118,0.41769,10.00
0.000300,5.000474,0.497885,0.41777,10.00
0.000310,5.000636,0.496886,0.41806,10.00
0.000320,5.000760,0.496138,0.41824,10.00
0.000330,5.000854,0.495554,0.41836,10.00
0.000340,5.000924,0.495080,0.41844,10.00
0.000350,5.000842,0.494685,0.41850,10.00
0.000360,5.000229,0.494913,0.41922,10.00
0.000370,4.999647,0.495777,0.41957,10.00
0.000380,4.999117,0.496956,0.41972,10.00
0.000390,4.998647,0.498264,0.41975,10.00
0.000400,4.998083,0.499596,0.41971,10.00
0.000410,4.996973,0.501555,0.42043,10.00
0.000420,4.995975,0.504142,0.42072,10.00
0.000430,4.995107,0.506970,0.42077,10.00
0.000440,4.994372,0.509819,0.42068,10.00
0.000450,4.993946,0.512568,0.42053,10.00
0.000460,4.994341,0.514388,0.41944,10.00
0.000470,4.994788,0.515212,0.41882,10.00
0.000480,4.995253,0.515451,0.41847,10.00
0.000490,4.995717,0.515351,0.41829,10.00
0.000500,4.996218,0.515053,0.41819,10.00
0.000510,4.996890,0.514437,0.41791,10.00
0.000520,4.997523,0.513543,0.41779,10.00
0.000530,4.998108,0.512518,0.41776,10.00
0.000540,4.998643,0.511448,0.41778,10.00
0.000550,4.999288,0.510381,0.41783,10.00
0.000560,5.000512,0.508661,0.41708,10.00
0.000570,5.001631,0.506269,0.41677,10.00
0.000580,5.002628,0.503596,0.41670,10.00
0.000590,5.003497,0.500864,0.41677,10.00
0.000600,5.003919,0.498201,0.41691,10.00
0.000610,5.002974,0.497037,0.41869,10.00
0.000620,5.002028,0.497471,0.41965,10.00
0.000630,5.001130,0.498761,0.42011,10.00
0.000640,5.000308,0.500474,0.42030,10.00
0.000650,4.999901,0.502359,0.42033,10.00
0.000660,5.000860,0.502875,0.41862,10.00
0.000670,5.001794,0.501878,0.41773,10.00
0.000680,5.002654,0.500099,0.41731,10.00
0.000690,5.003419,0.497962,0.41717,10.00
0.000700,5.003899,0.495712,0.41718,10.00
0.000710,5.003570,0.494257,0.41819,10.00
0.000720,5.003203,0.493710,0.41875,10.00
0.000730,5.002828,0.493682,0.41906,10.00
0.000740,5.002462,0.493944,0.41922,10.00
0.000750,5.002208,0.494362,0.41929,10.00
0.000760,5.002342,0.494458,0.41884,10.00
0.000770,5.002468,0.494167,0.41860,10.00
0.000780,5.002575,0.493684,0.41850,10.00
0.000790,5.002656,0.493122,0.41846,10.00
0.000800,5.002520,0.492543,0.41847,10.00
0.000810,5.001608,0.492804,0.41946,10.00
0.000820,5.000739,0.493959,0.41996,10.00
0.000830,4.999940,0.495563,0.42016,10.00
0.000840,4.999224,0.497358,0.42021,10.00
0.000850,4.998717,0.499195,0.42016,10.00
0.000860,4.998781,0.500461,0.41944,10.00
0.000870,4.998882,0.501086,0.41903,10.00
0.000880,4.999001,0.501339,0.41879,10.00
0.000890,4.999125,0.501380,0.41867,10.00
0.000900,4.999069,0.501302,0.41860,10.00
0.000910,4.998320,0.501914,0.41946,10.00
0.000920,4.997624,0.503281,0.41987,10.00
0.000930,4.997004,0.505005,0.42003,10.00
0.000940,4.996469,0.506856,0.42005,10.00
0.000950,4.996210,0.508703,0.41998,10.00
0.000960,4.996772,0.509668,0.41892,10.00
0.000970,4.997347,0.509675,0.41835,10.00
0.000980,4.997904,0.509154,0.41805,10.00
0.000990,4.998427,0.508358,0.41792,10.00
0.001000,4.998848,0.507432,0.41789,10.00
0.001010,4.998991,0.506717,0.41821,10.00
0.001020,4.999109,0.506274,0.41839,10.00
0.001030,4.999210,0.505987,0.41851,10.00
0.001040,4.999301,0.505792,0.41857,10.00
0.001050,4.999374,0.505649,0.41861,10.00
0.001060,4.999403,0.505579,0.41869,10.00
0.001070,4.999431,0.505569,0.41873,10.00
0.001080,4.999459,0.505589,0.41875,10.00
0.001090,4.999488,0.505623,0.41876,10.00
0.001100,4.999893,0.505659,0.41876,10.00
0.001110,5.001756,0.504100,0.41687,10.00
0.001120,5.003490,0.500867,0.41597,10.00
0.001130,5.005046,0.496846,0.41564,10.00
0.001140,5.006403,0.492546,0.41563,10.00
0.001150,5.007288,0.488257,0.41578,10.00
0.001160,5.006922,0.485292,0.41740,10.00
0.001170,5.006466,0.483790,0.41833,10.00
0.001180,5.005969,0.483151,0.41886,10.00
0.001190,5.005461,0.483019,0.41915,10.00
0.001200,5.004955,0.483185,0.41931,10.00
0.001210,5.004456,0.483532,0.41939,10.00
0.001220,5.003979,0.483986,0.41943,10.00
0.001230,5.003526,0.484498,0.41942,10.00
0.001240,5.003099,0.485036,0.41941,10.00
0.001250,5.002725,0.485584,0.41938,10.00
0.001260,5.002480,0.486018,0.41921,10.00
0.001270,5.002252,0.486324,0.41911,10.00
0.001280,5.002037,0.486562,0.41905,10.00
0.001290,5.001832,0.486763,0.41901,10.00
0.001300,5.001562,0.486946,0.41898,10.00
0.001310,5.001005,0.487444,0.41935,10.00
0.001320,5.000483,0.488277,0.41951,10.00
0.001330,5.000007,0.489268,0.41957,10.00
0.001340,4.999579,0.490314,0.41956,10.00
0.001350,4.999078,0.491357,0.41951,10.00
0.001360,4.998146,0.492888,0.42007,10.00
0.001370,4.997303,0.494912,0.42030,10.00
0.001380,4.996562,0.497132,0.42034,10.00
0.001390,4.995926,0.499374,0.42027,10.00
0.001400,4.995482,0.501545,0.42015,10.00
0.001410,4.995480,0.503214,0.41956,10.00
0.001420,4.995539,0.504339,0.41920,10.00
0.001430,4.995638,0.505120,0.41897,10.00
0.001440,4.995766,0.505675,0.41882,10.00
0.001450,4.995978,0.506078,0.41873,10.00
0.001460,4.996452,0.506102,0.41834,10.00
0.001470,4.996914,0.505763,0.41814,10.00
0.001480,4.997353,0.505228,0.41806,10.00
0.001490,4.997763,0.504597,0.41803,10.00
0.001500,4.998089,0.503928,0.41804,10.00
0.001510,4.998185,0.503473,0.41833,10.00
0.001520,4.998266,0.503260,0.41850,10.00
0.001530,4.998341,0.503181,0.41859,10.00
0.001540,4.998414,0.503171,0.41864,10.00
0.001550,4.998377,0.503193,0.41866,10.00
0.001560,4.997910,0.503697,0.41923,10.00
0.001570,4.997484,0.504694,0.41950,10.00
0.001580,4.997111,0.505916,0.41960,10.00
0.001590,4.996798,0.507210,0.41960,10.00
0.001600,4.996716,0.508488,0.41955,10.00
0.001610,4.997360,0.508975,0.41861,10.00
0.001620,4.997997,0.508611,0.41811,10.00
0.001630,4.998601,0.507792,0.41788,10.00
0.001640,4.999159,0.506746,0.41778,10.00
0.001650,4.999576,0.505610,0.41778,10.00
0.001660,4.999596,0.504833,0.41826,10.00
0.001670,4.999593,0.504477,0.41854,10.00
0.001680,4.999580,0.504358,0.41869,10.00
0.001690,4.999567,0.504369,0.41877,10.00
0.001700,4.999636,0.504446,0.41881,10.00
0.001710,5.000021,0.504213,0.41842,10.00
0.001720,5.000384,0.503633,0.41823,10.00
0.001730,5.000714,0.502884,0.41816,10.00
0.001740,5.001006,0.502070,0.41815,10.00
0.001750,5.001322,0.501248,0.41818,10.00
0.001760,5.001843,0.500186,0.41791,10.00
0.001770,5.002307,0.498890,0.41781,10.00
0.001780,5.002708,0.497516,0.41781,10.00
0.001790,5.003044,0.496152,0.41786,10.00
0.001800,5.003347,0.494848,0.41794,10.00
0.001810,5.003701,0.493509,0.41789,10.00
0.001820,5.003992,0.492142,0.41791,10.00
0.001830,5.004220,0.490816,0.41798,10.00
0.001840,5.004390,0.489571,0.41806,10.00
0.001850,5.004375,0.488423,0.41816,10.00
0.001860,5.003806,0.487934,0.41890,10.00
0.001870,5.003237,0.488128,0.41930,10.00
0.001880,5.002691,0.488697,0.41949,10.00
0.001890,5.002179,0.489460,0.41957,10.00
0.001900,5.001798,0.490310,0.41958,10.00
0.001910,5.001813,0.490797,0.41910,10.00
0.001920,5.001839,0.490868,0.41883,10.00
0.001930,5.001860,0.490718,0.41869,10.00
0.001940,5.001872,0.490461,0.41863,10.00
0.001950,5.001583,0.490162,0.41861,10.00
0.001960,5.000158,0.491084,0.42007,10.00
0.001970,4.998820,0.493305,0.42077,10.00
0.001980,4.997607,0.496153,0.42104,10.00
0.001990,4.996537,0.499241,0.42107,10.00
0.002000,4.995797,0.502346,0.42097,10.00
0.002010,4.995917,0.504562,0.41987,10.00
0.002020,4.996108,0.505784,0.41923,10.00
0.002030,4.996336,0.506417,0.41885,10.00
0.002040,4.996582,0.506699,0.41864,10.00
0.002050,4.996661,0.506771,0.41852,10.00
0.002060,4.996070,0.507449,0.41932,10.00
0.002070,4.995533,0.508816,0.41970,10.00
0.002080,4.995070,0.510497,0.41984,10.00
0.002090,4.994688,0.512277,0.41985,10.00
0.002100,4.994927,0.514033,0.41978,10.00
0.002110,4.997336,0.513411,0.41697,10.00
0.002120,4.999632,0.510271,0.41556,10.00
0.002130,5.001737,0.505868,0.41497,10.00
0.002140,5.003616,0.500932,0.41484,10.00
0.002150,5.004708,0.495880,0.41496,10.00
0.002160,5.003423,0.493293,0.41799,10.00
0.002170,5.002105,0.493407,0.41963,10.00
0.002180,5.000842,0.494985,0.42046,10.00
0.002190,4.999678,0.497307,0.42081,10.00
0.002200,4.998950,0.499953,0.42091,10.00
0.002210,4.999572,0.501344,0.41927,10.00
0.002220,5.000212,0.501281,0.41838,10.00
0.002230,5.000824,0.500434,0.41793,10.00
0.002240,5.001382,0.499192,0.41774,10.00
0.002250,5.001763,0.497782,0.41769,10.00
0.002260,5.001634,0.496816,0.41829,10.00
0.002270,5.001478,0.496389,0.41863,10.00
0.002280,5.001312,0.496272,0.41882,10.00
0.002290,5.001147,0.496332,0.41892,10.00
0.002300,5.000886,0.496488,0.41897,10.00
0.002310,5.000241,0.497127,0.41950,10.00
0.002320,4.999641,0.498240,0.41975,10.00
0.002330,4.999101,0.499573,0.41983,10.00
0.002340,4.998627,0.500977,0.41982,10.00
0.002350,4.998536,0.502370,0.41976,10.00
0.002360,4.999744,0.502353,0.41808,10.00
0.002370,5.000902,0.500838,0.41722,10.00
0.002380,5.001963,0.498565,0.41685,10.00
0.002390,5.002906,0.495964,0.41674,10.00
0.002400,5.003641,0.493279,0.41679,10.00
0.002410,5.003926,0.491005,0.41734,10.00
0.002420,5.004122,0.489234,0.41770,10.00
0.002430,5.004246,0.487806,0.41796,10.00
0.002440,5.004312,0.486627,0.41814,10.00
0.002450,5.004131,0.485635,0.41828,10.00
0.002460,5.003141,0.485634,0.41939,10.00
0.002470,5.002185,0.486636,0.41995,10.00
0.002480,5.001294,0.488157,0.42020,10.00
0.002490,5.000483,0.489914,0.42027,10.00
0.002500,4.999917,0.491745,0.42023,10.00
0.002510,5.000057,0.492878,0.41934,10.00
0.002520,5.000224,0.493230,0.41885,10.00
0.002530,5.000394,0.493151,0.41859,10.00
0.002540,5.000553,0.492843,0.41846,10.00
0.002550,5.000861,0.492425,0.41841,10.00
0.002560,5.001796,0.491254,0.41755,10.00
0.002570,5.002653,0.489338,0.41716,10.00
0.002580,5.003408,0.487090,0.41704,10.00
0.002590,5.004054,0.484751,0.41707,10.00
0.002600,5.004389,0.482453,0.41717,10.00
0.002610,5.003829,0.481138,0.41834,10.00
0.002620,5.003242,0.480882,0.41898,10.00
0.002630,5.002663,0.481221,0.41932,10.00
0.002640,5.002112,0.481881,0.41948,10.00
0.002650,5.001729,0.482704,0.41954,10.00
0.002660,5.001894,0.483042,0.41888,10.00
0.002670,5.002056,0.482814,0.41853,10.00
0.002680,5.002199,0.482297,0.41837,10.00
0.002690,5.002314,0.481651,0.41831,10.00
0.002700,5.002322,0.480967,0.41830,10.00
0.002710,5.002003,0.480620,0.41871,10.00
0.002720,5.001681,0.480651,0.41893,10.00
0.002730,5.001368,0.480894,0.41904,10.00
0.002740,5.001070,0.481253,0.41909,10.00
0.002750,5.000429,0.481669,0.41910,10.00
0.002760,4.998391,0.483659,0.42093,10.00
0.002770,4.996501,0.487275,0.42179,10.00
0.002780,4.994806,0.491643,0.42208,10.00
0.002790,4.993325,0.496262,0.42206,10.00
0.002800,4.992499,0.500845,0.42188,10.00
0.002810,4.993586,0.503370,0.41940,10.00
0.002820,4.994718,0.503668,0.41804,10.00
0.002830,4.995822,0.502736,0.41734,10.00
0.002840,4.996859,0.501156,0.41702,10.00
0.002850,4.997472,0.499270,0.41692,10.00
0.002860,4.996676,0.498715,0.41865,10.00
0.002870,4.995902,0.499670,0.41955,10.00
0.002880,4.995198,0.501400,0.41997,10.00
0.002890,4.994587,0.503477,0.42011,10.00
0.002900,4.994453,0.505657,0.42010,10.00
0.002910,4.995892,0.506194,0.41811,10.00
0.002920,4.997295,0.504936,0.41708,10.00
0.002930,4.998607,0.502741,0.41660,10.00
0.002940,4.999800,0.500105,0.41644,10.00
0.002950,5.000713,0.497317,0.41646,10.00
0.002960,5.000910,0.495181,0.41734,10.00
0.002970,5.001032,0.493817,0.41786,10.00
0.002980,5.001105,0.492919,0.41818,10.00
0.002990,5.001145,0.492307,0.41837,10.00
0.003000,5.001214,0.491873,0.41850,10.00
0.003010,5.001468,0.491333,0.41831,10.00
0.003020,5.001691,0.490639,0.41824,10.00
0.003030,5.001880,0.489891,0.41823,10.00
0.003040,5.002035,0.489143,0.41826,10.00
0.003050,5.002181,0.488427,0.41830,10.00
0.003060,5.002399,0.487647,0.41821,10.00
0.003070,5.002578,0.486806,0.41820,10.00
0.003080,5.002718,0.485968,0.41823,10.00
0.003090,5.002821,0.485169,0.41827,10.00
0.003100,5.002681,0.484427,0.41833,10.00
0.003110,5.001706,0.484629,0.41943,10.00
0.003120,5.000774,0.485821,0.41998,10.00
0.003130,4.999915,0.487511,0.42021,10.00
0.003140,4.999143,0.489417,0.42027,10.00
0.003150,4.998628,0.491375,0.42022,10.00
0.003160,4.998849,0.492588,0.41929,10.00
0.003170,4.999100,0.492972,0.41877,10.00
0.003180,4.999354,0.492894,0.41849,10.00
0.003190,4.999596,0.492566,0.41835,10.00
0.003200,4.999937,0.492113,0.41830,10.00
0.003210,5.000721,0.491100,0.41768,10.00
0.003220,5.001439,0.489542,0.41741,10.00
0.003230,5.002076,0.487748,0.41733,10.00
0.003240,5.002626,0.485891,0.41736,10.00
0.003250,5.002844,0.484072,0.41744,10.00
0.003260,5.002020,0.483394,0.41880,10.00
0.003270,5.001206,0.483932,0.41952,10.00
0.003280,5.000439,0.485116,0.41986,10.00
0.003290,4.999738,0.486614,0.41999,10.00
0.003300,4.999257,0.488232,0.42000,10.00
0.003310,4.999418,0.489244,0.41921,10.00
0.003320,4.999604,0.489558,0.41877,10.00
0.003330,4.999792,0.489484,0.41854,10.00
0.003340,4.999969,0.489203,0.41842,10.00
0.003350,4.999832,0.488821,0.41837,10.00
0.003360,4.998515,0.489668,0.41987,10.00
0.003370,4.997282,0.491836,0.42060,10.00
0.003380,4.996172,0.494641,0.42088,10.00
0.003390,4.995202,0.497687,0.42092,10.00
0.003400,4.994378,0.500749,0.42082,10.00
0.003410,4.993702,0.503691,0.42064,10.00
0.003420,4.993158,0.506447,0.42044,10.00
0.003430,4.992735,0.508990,0.42023,10.00
0.003440,4.992424,0.511310,0.42003,10.00
0.003450,4.992089,0.513408,0.41983,10.00
0.003460,4.991360,0.515820,0.42028,10.00
0.003470,4.990755,0.518580,0.42041,10.00
0.003480,4.990281,0.521406,0.42037,10.00
0.003490,4.989934,0.524142,0.42024,10.00
0.003500,4.989840,0.526703,0.42007,10.00
0.003510,4.990365,0.528494,0.41922,10.00
0.003520,4.990945,0.529473,0.41872,10.00
0.003530,4.991552,0.529947,0.41843,10.00
0.003540,4.992169,0.530101,0.41826,10.00
0.003550,4.993041,0.530046,0.41816,10.00
0.003560,4.994908,0.528754,0.41681,10.00
0.003570,4.996671,0.526218,0.41617,10.00
0.003580,4.998292,0.523075,0.41595,10.00
0.003590,4.999757,0.519697,0.41595,10.00
0.003600,5.000974,0.516295,0.41607,10.00
0.003610,5.001700,0.513355,0.41670,10.00
0.003620,5.002306,0.510960,0.41713,10.00
0.003630,5.002810,0.508939,0.41743,10.00
0.003640,5.003228,0.507192,0.41766,10.00
0.003650,5.003691,0.505655,0.41785,10.00
0.003660,5.004554,0.503780,0.41739,10.00
0.003670,5.005315,0.501515,0.41723,10.00
0.003680,5.005967,0.499127,0.41724,10.00
0.003690,5.006507,0.496766,0.41733,10.00
0.003700,5.006647,0.494514,0.41747,10.00
0.003710,5.005547,0.493662,0.41911,10.00
0.003720,5.004456,0.494286,0.41997,10.00
0.003730,5.003422,0.495701,0.42038,10.00
0.003740,5.002469,0.497505,0.42054,10.00
0.003750,5.001692,0.499465,0.42055,10.00
0.003760,5.001344,0.501082,0.42004,10.00
0.003770,5.001058,0.502263,0.41973,10.00
0.003780,5.000818,0.503170,0.41952,10.00
0.003790,5.000616,0.503900,0.41938,10.00
0.003800,5.000788,0.504508,0.41928,10.00
0.003810,5.002320,0.503571,0.41748,10.00
0.003820,5.003755,0.501040,0.41660,10.00
0.003830,5.005046,0.497741,0.41625,10.00
0.003840,5.006171,0.494148,0.41620,10.00
0.003850,5.006930,0.490534,0.41631,10.00
0.003860,5.006754,0.487889,0.41750,10.00
0.003870,5.006491,0.486334,0.41821,10.00
0.003880,5.006178,0.485440,0.41863,10.00
0.003890,5.005837,0.484953,0.41887,10.00
0.003900,5.005434,0.484721,0.41902,10.00
0.003910,5.004834,0.484863,0.41935,10.00
0.003920,5.004253,0.485332,0.41952,10.00
0.003930,5.003701,0.485976,0.41958,10.00
0.003940,5.003184,0.486708,0.41959,10.00
0.003950,5.002551,0.487474,0.41957,10.00
0.003960,5.001360,0.488893,0.42030,10.00
0.003970,5.000260,0.490977,0.42062,10.00
0.003980,4.999268,0.493354,0.42070,10.00
0.003990,4.998391,0.495810,0.42066,10.00
0.004000,4.997792,0.498225,0.42054,10.00
0.004010,4.997941,0.499834,0.41956,10.00
0.004020,4.998136,0.500570,0.41900,10.00
0.004030,4.998350,0.500805,0.41869,10.00
0.004040,4.998564,0.500756,0.41852,10.00
0.004050,4.998744,0.500551,0.41844,10.00
0.004060,4.998806,0.500380,0.41854,10.00
0.004070,4.998863,0.500294,0.41860,10.00
0.004080,4.998916,0.500252,0.41863,10.00
0.004090,4.998968,0.500233,0.41865,10.00
0.004100,4.999186,0.500224,0.41866,10.00
0.004110,5.000050,0.499511,0.41783,10.00
0.004120,5.000855,0.498057,0.41743,10.00
0.004130,5.001581,0.496252,0.41729,10.00
0.004140,5.002217,0.494324,0.41728,10.00
0.004150,5.002497,0.492399,0.41736,10.00
0.004160,5.001658,0.491677,0.41880,10.00
0.004170,5.000828,0.492250,0.41957,10.00
0.004180,5.000049,0.493507,0.41993,10.00
0.004190,4.999339,0.495094,0.42007,10.00
0.004200,4.998857,0.496806,0.42008,10.00
0.004210,4.999032,0.497897,0.41927,10.00
0.004220,4.999234,0.498272,0.41882,10.00
0.004230,4.999440,0.498245,0.41858,10.00
0.004240,4.999638,0.498001,0.41846,10.00
0.004250,4.999778,0.497646,0.41840,10.00
0.004260,4.999735,0.497423,0.41861,10.00
0.004270,4.999688,0.497376,0.41872,10.00
0.004280,4.999641,0.497426,0.41877,10.00
0.004290,4.999598,0.497526,0.41880,10.00
0.004300,4.999471,0.497649,0.41881,10.00
0.004310,4.998996,0.498165,0.41927,10.00
0.004320,4.998560,0.499084,0.41948,10.00
0.004330,4.998172,0.500186,0.41955,10.00
0.004340,4.997838,0.501345,0.41955,10.00
0.004350,4.997772,0.502491,0.41950,10.00
0.004360,4.998590,0.502673,0.41835,10.00
0.004370,4.999382,0.501830,0.41776,10.00
0.004380,5.000117,0.500457,0.41750,10.00
0.004390,5.000779,0.498844,0.41741,10.00
0.004400,5.001440,0.497156,0.41743,10.00
0.004410,5.002328,0.495153,0.41711,10.00
0.004420,5.003113,0.492872,0.41703,10.00
0.004430,5.003788,0.490526,0.41707,10.00
0.004440,5.004355,0.488235,0.41718,10.00
0.004450,5.004717,0.486063,0.41733,10.00
0.004460,5.004588,0.484476,0.41800,10.00
0.004470,5.004405,0.483507,0.41840,10.00
0.004480,5.004190,0.482921,0.41864,10.00
0.004490,5.003957,0.482576,0.41878,10.00
0.004500,5.003740,0.482387,0.41887,10.00
0.004510,5.003622,0.482189,0.41879,10.00
0.004520,5.003495,0.481944,0.41876,10.00
0.004530,5.003357,0.481695,0.41875,10.00
0.004540,5.003209,0.481466,0.41876,10.00
0.004550,5.003014,0.481267,0.41877,10.00
0.004560,5.002665,0.481264,0.41898,10.00
0.004570,5.002323,0.481465,0.41909,10.00
0.004580,5.001996,0.481781,0.41913,10.00
0.004590,5.001686,0.482157,0.41915,10.00
0.004600,5.001546,0.482562,0.41914,10.00
0.004610,5.002010,0.482338,0.41836,10.00
0.004620,5.002443,0.481443,0.41798,10.00
0.004630,5.002823,0.480225,0.41782,10.00
0.004640,5.003142,0.478886,0.41779,10.00
0.004650,5.003075,0.477537,0.41783,10.00
0.004660,5.001689,0.477620,0.41953,10.00
0.004670,5.000357,0.479230,0.42039,10.00
0.004680,4.999129,0.481619,0.42077,10.00
0.004690,4.998025,0.484351,0.42087,10.00
0.004700,4.997138,0.487177,0.42082,10.00
0.004710,4.996717,0.489589,0.42025,10.00
0.004720,4.996393,0.491493,0.41987,10.00
0.004730,4.996147,0.493051,0.41961,10.00
0.004740,4.995965,0.494360,0.41941,10.00
0.004750,4.995782,0.495482,0.41927,10.00
0.004760,4.995426,0.496695,0.41943,10.00
0.004770,4.995131,0.498036,0.41947,10.00
0.004780,4.994899,0.499389,0.41944,10.00
0.004790,4.994727,0.500688,0.41937,10.00
0.004800,4.994784,0.501902,0.41929,10.00
0.004810,4.995558,0.502285,0.41834,10.00
0.004820,4.996321,0.501800,0.41784,10.00
0.004830,4.997044,0.500849,0.41760,10.00
0.004840,4.997714,0.499669,0.41752,10.00
0.004850,4.998079,0.498397,0.41752,10.00
0.004860,4.997429,0.498156,0.41881,10.00
0.004870,4.996805,0.499039,0.41947,10.00
0.004880,4.996240,0.500492,0.41977,10.00
0.004890,4.995752,0.502193,0.41987,10.00
0.004900,4.995401,0.503959,0.41985,10.00
0.004910,4.995349,0.505448,0.41949,10.00
0.004920,4.995356,0.506593,0.41925,10.00
0.004930,4.995407,0.507499,0.41909,10.00
0.004940,4.995494,0.508230,0.41897,10.00
0.004950,4.995350,0.508826,0.41888,10.00
0.004960,4.994212,0.510425,0.42013,10.00
0.004970,4.993184,0.513099,0.42070,10.00
0.004980,4.992297,0.516242,0.42088,10.00
0.004990,4.991561,0.519508,0.42085,10.00
0.005000,4.991167,0.522704,0.42071,10.00
0.005010,4.991666,0.524904,0.41954,10.00
0.005020,4.992232,0.526017,0.41887,10.00
0.005030,4.992826,0.526477,0.41848,10.00
0.005040,4.993427,0.526541,0.41826,10.00
0.005050,4.994188,0.526363,0.41814,10.00
0.005060,4.995586,0.525324,0.41725,10.00
0.005070,4.996905,0.523447,0.41683,10.00
0.005080,4.998121,0.521164,0.41668,10.00
0.005090,4.999223,0.518724,0.41670,10.00
0.005100,5.000381,0.516273,0.41679,10.00
0.005110,5.002100,0.513154,0.41606,10.00
0.005120,5.003649,0.509379,0.41581,10.00
0.005130,5.005012,0.505378,0.41582,10.00
0.005140,5.006188,0.501400,0.41598,10.00
0.005150,5.007011,0.497579,0.41621,10.00
0.005160,5.006997,0.494716,0.41734,10.00
0.005170,5.006883,0.492879,0.41802,10.00
0.005180,5.006705,0.491676,0.41843,10.00
0.005190,5.006485,0.490875,0.41869,10.00
0.005200,5.006162,0.490335,0.41885,10.00
0.005210,5.005533,0.490287,0.41933,10.00
0.005220,5.004918,0.490694,0.41957,10.00
0.005230,5.004332,0.491347,0.41968,10.00
0.005240,5.003782,0.492124,0.41971,10.00
0.005250,5.003287,0.492953,0.41970,10.00
0.005260,5.002898,0.493721,0.41958,10.00
0.005270,5.002543,0.494400,0.41949,10.00
0.005280,5.002219,0.495016,0.41941,10.00
0.005290,5.001922,0.495583,0.41935,10.00
0.005300,5.001740,0.496111,0.41930,10.00
0.005310,5.001924,0.496230,0.41881,10.00
0.005320,5.002101,0.495926,0.41856,10.00
0.005330,5.002256,0.495409,0.41844,10.00
0.005340,5.002385,0.494801,0.41840,10.00
0.005350,5.002391,0.494170,0.41841,10.00
0.005360,5.002003,0.493956,0.41891,10.00
0.005370,5.001620,0.494197,0.41917,10.00
0.005380,5.001257,0.494682,0.41929,10.00
0.005390,5.000922,0.495286,0.41934,10.00
0.005400,5.000721,0.495939,0.41934,10.00
0.005410,5.000954,0.496157,0.41879,10.00
0.005420,5.001183,0.495896,0.41850,10.00
0.005430,5.001391,0.495388,0.41837,10.00
0.005440,5.001572,0.494768,0.41832,10.00
0.005450,5.001540,0.494114,0.41832,10.00
0.005460,5.000766,0.494246,0.41927,10.00
0.005470,5.000026,0.495226,0.41974,10.00
0.005480,4.999348,0.496632,0.41995,10.00
0.005490,4.998741,0.498222,0.42000,10.00
0.005500,4.998169,0.499855,0.41996,10.00
0.005510,4.997506,0.501633,0.42010,10.00
0.005520,4.996930,0.503524,0.42010,10.00
0.005530,4.996443,0.505402,0.42003,10.00
0.005540,4.996041,0.507201,0.41992,10.00
0.005550,4.996149,0.508885,0.41979,10.00
0.005560,4.998002,0.508609,0.41750,10.00
0.005570,4.999773,0.506283,0.41634,10.00
0.005580,5.001400,0.502924,0.41585,10.00
0.005590,5.002853,0.499119,0.41572,10.00
0.005600,5.003852,0.495207,0.41581,10.00
0.005610,5.003613,0.492535,0.41737,10.00
0.005620,5.003295,0.491261,0.41826,10.00
0.005630,5.002944,0.490795,0.41876,10.00
0.005640,5.002587,0.490792,0.41904,10.00
0.005650,5.002469,0.491049,0.41918,10.00
0.005660,5.003264,0.490465,0.41808,10.00
0.005670,5.004000,0.488926,0.41754,10.00
0.005680,5.004649,0.486934,0.41733,10.00
0.005690,5.005200,0.484778,0.41730,10.00
0.005700,5.005446,0.482622,0.41737,10.00
0.005710,5.004799,0.481427,0.41852,10.00
0.005720,5.004131,0.481282,0.41915,10.00
0.005730,5.003476,0.481724,0.41948,10.00
0.005740,5.002854,0.482482,0.41963,10.00
0.005750,5.001952,0.483399,0.41967,10.00
0.005760,4.999839,0.485754,0.42129,10.00
0.005770,4.997887,0.489557,0.42203,10.00
0.005780,4.996135,0.494015,0.42225,10.00
0.005790,4.994601,0.498670,0.42220,10.00
0.005800,4.993587,0.503262,0.42199,10.00
0.005810,4.993961,0.506359,0.42018,10.00
0.005820,4.994427,0.507827,0.41915,10.00
0.005830,4.994930,0.508347,0.41856,10.00
0.005840,4.995438,0.508322,0.41825,10.00
0.005850,4.995970,0.507988,0.41809,10.00
0.005860,4.996619,0.507333,0.41784,10.00
0.005870,4.997229,0.506431,0.41773,10.00
0.005880,4.997791,0.505417,0.41772,10.00
0.005890,4.998304,0.504367,0.41774,10.00
0.005900,4.998671,0.503329,0.41780,10.00
0.005910,4.998615,0.502734,0.41835,10.00
0.005920,4.998547,0.502618,0.41865,10.00
0.005930,4.998482,0.502758,0.41881,10.00
0.005940,4.998427,0.503028,0.41888,10.00
0.005950,4.998455,0.503354,0.41891,10.00
0.005960,4.998768,0.503399,0.41856,10.00
0.005970,4.999072,0.503126,0.41838,10.00
0.005980,4.999357,0.502686,0.41830,10.00
0.005990,4.999619,0.502168,0.41828,10.00
0.006000,4.999626,0.501622,0.41828,10.00
0.006010,4.998717,0.502053,0.41946,10.00
0.006020,4.997862,0.503521,0.42005,10.00
0.006030,4.997093,0.505495,0.42028,10.00
0.006040,4.996423,0.507668,0.42033,10.00
0.006050,4.995945,0.509863,0.42027,10.00
0.006060,4.995911,0.511608,0.41970,10.00
0.006070,4.995941,0.512832,0.41935,10.00
0.006080,4.996017,0.513719,0.41913,10.00
0.006090,4.996126,0.514380,0.41898,10.00
0.006100,4.996459,0.514882,0.41887,10.00
0.006110,4.997581,0.514425,0.41780,10.00
0.006120,4.998649,0.512995,0.41727,10.00
0.006130,4.999632,0.511080,0.41706,10.00
0.006140,5.000518,0.508960,0.41702,10.00
0.006150,5.001071,0.506800,0.41708,10.00
0.006160,5.000623,0.505675,0.41836,10.00
0.006170,5.000160,0.505680,0.41906,10.00
0.006180,4.999718,0.506295,0.41940,10.00
0.006190,4.999314,0.507216,0.41956,10.00
0.006200,4.999120,0.508269,0.41960,10.00
0.006210,4.999607,0.508663,0.41876,10.00
0.006220,5.000088,0.508309,0.41832,10.00
0.006230,5.000539,0.507560,0.41811,10.00
0.006240,5.000948,0.506621,0.41803,10.00
0.006250,5.001240,0.505611,0.41803,10.00
0.006260,5.001211,0.504896,0.41842,10.00
0.006270,5.001160,0.504529,0.41864,10.00
0.006280,5.001099,0.504363,0.41877,10.00
0.006290,5.001034,0.504313,0.41884,10.00
0.006300,5.001032,0.504329,0.41888,10.00
0.006310,5.001277,0.504112,0.41858,10.00
0.006320,5.001503,0.503634,0.41843,10.00
0.006330,5.001704,0.503032,0.41838,10.00
0.006340,5.001874,0.502388,0.41837,10.00
0.006350,5.002049,0.501745,0.41839,10.00
0.006360,5.002329,0.500983,0.41826,10.00
0.006370,5.002570,0.500108,0.41821,10.00
0.006380,5.002769,0.499208,0.41823,10.00
0.006390,5.002927,0.498330,0.41827,10.00
0.006400,5.002924,0.497503,0.41832,10.00
0.006410,5.002413,0.497256,0.41900,10.00
0.006420,5.001910,0.497617,0.41935,10.00
0.006430,5.001436,0.498302,0.41951,10.00
0.006440,5.001000,0.499144,0.41957,10.00
0.006450,5.000814,0.500045,0.41956,10.00
0.006460,5.001482,0.500064,0.41848,10.00
0.006470,5.002118,0.499128,0.41793,10.00
0.006480,5.002696,0.497713,0.41768,10.00
0.006490,5.003200,0.496094,0.41761,10.00
0.006500,5.003347,0.494428,0.41764,10.00
0.006510,5.002330,0.493992,0.41913,10.00
0.006520,5.001337,0.494890,0.41990,10.00
0.006530,5.000410,0.496484,0.42026,10.00
0.006540,4.999570,0.498406,0.42038,10.00
0.006550,4.998942,0.500439,0.42037,10.00
0.006560,4.998866,0.501963,0.41969,10.00
0.006570,4.998843,0.502886,0.41929,10.00
0.006580,4.998851,0.503449,0.41905,10.00
0.006590,4.998879,0.503797,0.41891,10.00
0.006600,4.999059,0.504012,0.41882,10.00
0.006610,4.999795,0.503545,0.41806,10.00
0.006620,5.000486,0.502399,0.41769,10.00
0.006630,5.001112,0.500924,0.41755,10.00
0.006640,5.001665,0.499323,0.41753,10.00
0.006650,5.001750,0.497713,0.41758,10.00
0.006660,5.000238,0.497824,0.41965,10.00
0.006670,4.998792,0.499768,0.42069,10.00
0.006680,4.997469,0.502636,0.42115,10.00
0.006690,4.996294,0.505903,0.42127,10.00
0.006700,4.995422,0.509266,0.42120,10.00
0.006710,4.995276,0.511932,0.42030,10.00
0.006720,4.995227,0.513779,0.41974,10.00
0.006730,4.995247,0.515107,0.41939,10.00
0.006740,4.995317,0.516094,0.41916,10.00
0.006750,4.995651,0.516847,0.41900,10.00
0.006760,4.996891,0.516474,0.41775,10.00
0.006770,4.998075,0.514972,0.41713,10.00
0.006780,4.999169,0.512899,0.41688,10.00
0.006790,5.000156,0.510582,0.41682,10.00
0.006800,5.001097,0.508209,0.41689,10.00
0.006810,5.002184,0.505603,0.41667,10.00
0.006820,5.003142,0.502812,0.41667,10.00
0.006830,5.003969,0.500020,0.41677,10.00
0.006840,5.004668,0.497332,0.41693,10.00
0.006850,5.005153,0.494802,0.41711,10.00
0.006860,5.005166,0.492851,0.41777,10.00
0.006870,5.005108,0.491507,0.41817,10.00
0.006880,5.005001,0.490551,0.41843,10.00
0.006890,5.004858,0.489854,0.41860,10.00
0.006900,5.004589,0.489335,0.41872,10.00
0.006910,5.003909,0.489373,0.41930,10.00
0.006920,5.003251,0.489957,0.41960,10.00
0.006930,5.002630,0.490829,0.41973,10.00
0.006940,5.002055,0.491837,0.41976,10.00
0.006950,5.001653,0.492893,0.41974,10.00
0.006960,5.001774,0.493428,0.41907,10.00
0.006970,5.001902,0.493389,0.41872,10.00
0.006980,5.002019,0.493048,0.41854,10.00
0.006990,5.002115,0.492563,0.41846,10.00
0.007000,5.002064,0.492024,0.41844,10.00
0.007010,5.001504,0.492011,0.41908,10.00
0.007020,5.000963,0.492575,0.41941,10.00
0.007030,5.000459,0.493439,0.41955,10.00
0.007040,5.000001,0.494440,0.41959,10.00
0.007050,4.999705,0.495483,0.41957,10.00
0.007060,4.999903,0.496030,0.41895,10.00
0.007070,5.000109,0.496028,0.41861,10.00
0.007080,5.000305,0.495730,0.41844,10.00
0.007090,5.000482,0.495286,0.41837,10.00
0.007100,5.000725,0.494779,0.41835,10.00
0.007110,5.001286,0.493884,0.41791,10.00
0.007120,5.001793,0.492611,0.41773,10.00
0.007130,5.002235,0.491182,0.41768,10.00
0.007140,5.002610,0.489725,0.41771,10.00
0.007150,5.002682,0.488312,0.41779,10.00
0.007160,5.001775,0.487982,0.41907,10.00
0.007170,5.000891,0.488800,0.41973,10.00
0.007180,5.000066,0.490219,0.42003,10.00
0.007190,4.999317,0.491918,0.42014,10.00
0.007200,4.998846,0.493713,0.42012,10.00
0.007210,4.999215,0.494673,0.41907,10.00
0.007220,4.999598,0.494700,0.41850,10.00
0.007230,4.999966,0.494223,0.41821,10.00
0.007240,5.000302,0.493491,0.41808,10.00
0.007250,5.000476,0.492648,0.41805,10.00
0.007260,5.000122,0.492309,0.41869,10.00
0.007270,4.999772,0.492545,0.41903,10.00
0.007280,4.999443,0.493085,0.41920,10.00
0.007290,4.999145,0.493774,0.41926,10.00
0.007300,4.998692,0.494519,0.41926,10.00
0.007310,4.997539,0.496072,0.42019,10.00
0.007320,4.996486,0.498442,0.42061,10.00
0.007330,4.995557,0.501167,0.42072,10.00
0.007340,4.994758,0.503981,0.42068,10.00
0.007350,4.993979,0.506735,0.42055,10.00
0.007360,4.992889,0.509823,0.42094,10.00
0.007370,4.991955,0.513225,0.42102,10.00
0.007380,4.991181,0.516659,0.42093,10.00
0.007390,4.990564,0.519970,0.42075,10.00
0.007400,4.990569,0.523073,0.42053,10.00
0.007410,4.992558,0.523908,0.41790,10.00
0.007420,4.994506,0.522366,0.41654,10.00
0.007430,4.996339,0.519567,0.41590,10.00
0.007440,4.998018,0.516168,0.41568,10.00
0.007450,4.999332,0.512548,0.41570,10.00
0.007460,4.999715,0.509755,0.41683,10.00
0.007470,4.999999,0.507949,0.41751,10.00
0.007480,5.000216,0.506736,0.41793,10.00
0.007490,5.000387,0.505882,0.41818,10.00
0.007500,5.000906,0.505250,0.41834,10.00
0.007510,5.002879,0.503139,0.41653,10.00
0.007520,5.004699,0.499428,0.41569,10.00
0.007530,5.006321,0.494986,0.41540,10.00
0.007540,5.007726,0.490313,0.41543,10.00
0.007550,5.008482,0.485693,0.41562,10.00
0.007560,5.007349,0.483118,0.41808,10.00
0.007570,5.006170,0.482754,0.41942,10.00
0.007580,5.005015,0.483619,0.42011,10.00
0.007590,5.003925,0.485136,0.42044,10.00
0.007600,5.002905,0.486970,0.42054,10.00
0.007610,5.001928,0.488978,0.42059,10.00
0.007620,5.001049,0.491050,0.42054,10.00
0.007630,5.000267,0.493093,0.42043,10.00
0.007640,4.999580,0.495054,0.42030,10.00
0.007650,4.998736,0.496905,0.42016,10.00
0.007660,4.997021,0.499679,0.42126,10.00
0.007670,4.995469,0.503417,0.42171,10.00
0.007680,4.994105,0.507542,0.42180,10.00
0.007690,4.992937,0.511720,0.42168,10.00
0.007700,4.992366,0.515767,0.42146,10.00
0.007710,4.993554,0.517859,0.41915,10.00
0.007720,4.994771,0.517866,0.41790,10.00
0.007730,4.995948,0.516726,0.41726,10.00
0.007740,4.997051,0.514989,0.41698,10.00
0.007750,4.998112,0.512976,0.41690,10.00
0.007760,4.999268,0.510658,0.41668,10.00
0.007770,5.000308,0.508132,0.41666,10.00
0.007780,5.001228,0.505575,0.41675,10.00
0.007790,5.002028,0.503090,0.41689,10.00
0.007800,5.002956,0.500729,0.41705,10.00
0.007810,5.004710,0.497500,0.41601,10.00
0.007820,5.006283,0.493369,0.41561,10.00
0.007830,5.007651,0.488903,0.41557,10.00
0.007840,5.008808,0.484428,0.41571,10.00
0.007850,5.009242,0.480124,0.41596,10.00
0.007860,5.007461,0.478297,0.41888,10.00
0.007870,5.005682,0.479097,0.42043,10.00
0.007880,5.003989,0.481312,0.42118,10.00
0.007890,5.002426,0.484233,0.42148,10.00
0.007900,5.001369,0.487450,0.42153,10.00
0.007910,5.001856,0.489204,0.41962,10.00
0.007920,5.002371,0.489293,0.41859,10.00
0.007930,5.002861,0.488485,0.41807,10.00
0.007940,5.003300,0.487231,0.41783,10.00
0.007950,5.003318,0.485788,0.41776,10.00
0.007960,5.001887,0.485816,0.41958,10.00
0.007970,5.000511,0.487467,0.42049,10.00
0.007980,4.999241,0.489946,0.42090,10.00
0.007990,4.998100,0.492792,0.42101,10.00
0.008000,4.997306,0.495738,0.42096,10.00
0.008010,4.997460,0.497747,0.41977,10.00
0.008020,4.997674,0.498694,0.41909,10.00
0.008030,4.997912,0.499029,0.41870,10.00
0.008040,4.998154,0.499017,0.41850,10.00
0.008050,4.998358,0.498814,0.41839,10.00
0.008060,4.998425,0.498643,0.41851,10.00
0.008070,4.998488,0.498565,0.41857,10.00
0.008080,4.998548,0.498536,0.41861,10.00
0.008090,4.998607,0.498531,0.41863,10.00
0.008100,4.998602,0.498536,0.41864,10.00
0.008110,4.998350,0.498815,0.41896,10.00
0.008120,4.998119,0.499374,0.41912,10.00
0.008130,4.997920,0.500062,0.41918,10.00
0.008140,4.997753,0.500792,0.41918,10.00
0.008150,4.997578,0.501513,0.41915,10.00
0.008160,4.997267,0.502381,0.41933,10.00
0.008170,4.997003,0.503392,0.41938,10.00
0.008180,4.996786,0.504437,0.41937,10.00
0.008190,4.996617,0.505455,0.41933,10.00
0.008200,4.996494,0.506416,0.41926,10.00
0.008210,4.996411,0.507303,0.41920,10.00
0.008220,4.996366,0.508110,0.41913,10.00
0.008230,4.996357,0.508836,0.41906,10.00
0.008240,4.996378,0.509480,0.41900,10.00
0.008250,4.996532,0.510048,0.41894,10.00
0.008260,4.997122,0.510091,0.41835,10.00
0.008270,4.997696,0.509593,0.41805,10.00
0.008280,4.998236,0.508811,0.41792,10.00
0.008290,4.998734,0.507893,0.41788,10.00
0.008300,4.999275,0.506926,0.41789,10.00
0.008310,5.000114,0.505585,0.41749,10.00
0.008320,5.000878,0.503878,0.41734,10.00
0.008330,5.001557,0.502032,0.41732,10.00
0.008340,5.002148,0.500175,0.41739,10.00
0.008350,5.002497,0.498379,0.41749,10.00
0.008360,5.002153,0.497350,0.41840,10.00
0.008370,5.001788,0.497139,0.41891,10.00
0.008380,5.001429,0.497383,0.41917,10.00
0.008390,5.001090,0.497868,0.41929,10.00
0.008400,5.000961,0.498470,0.41934,10.00
0.008410,5.001575,0.498338,0.41841,10.00
0.008420,5.002157,0.497393,0.41795,10.00
0.008430,5.002681,0.496046,0.41775,10.00
0.008440,5.003137,0.494533,0.41770,10.00
0.008450,5.003315,0.492991,0.41773,10.00
0.008460,5.002622,0.492369,0.41885,10.00
0.008470,5.001934,0.492748,0.41943,10.00
0.008480,5.001283,0.493664,0.41972,10.00
0.008490,5.000683,0.494844,0.41983,10.00
0.008500,5.000124,0.496131,0.41984,10.00
0.008510,4.999548,0.497518,0.41990,10.00
0.008520,4.999040,0.498958,0.41987,10.00
0.008530,4.998599,0.500377,0.41981,10.00
0.008540,4.998223,0.501733,0.41972,10.00
0.008550,4.997941,0.503004,0.41962,10.00
0.008560,4.997843,0.504042,0.41936,10.00
0.008570,4.997786,0.504835,0.41918,10.00
0.008580,4.997761,0.505463,0.41906,10.00
0.008590,4.997761,0.505972,0.41898,10.00
0.008600,4.997829,0.506394,0.41892,10.00
0.008610,4.998105,0.506539,0.41862,10.00
0.008620,4.998377,0.506411,0.41847,10.00
0.008630,4.998638,0.506134,0.41839,10.00
0.008640,4.998883,0.505779,0.41837,10.00
0.008650,4.999117,0.505391,0.41837,10.00
0.008660,4.999363,0.504959,0.41834,10.00
0.008670,4.999587,0.504498,0.41834,10.00
0.008680,4.999788,0.504034,0.41836,10.00
0.008690,4.999968,0.503582,0.41839,10.00
0.008700,5.000326,0.503151,0.41842,10.00
0.008710,5.001434,0.501900,0.41745,10.00
0.008720,5.002456,0.499793,0.41701,10.00
0.008730,5.003366,0.497299,0.41686,10.00
0.008740,5.004154,0.494688,0.41688,10.00
0.008750,5.004545,0.492113,0.41700,10.00
0.008760,5.003748,0.490829,0.41854,10.00
0.008770,5.002936,0.490936,0.41938,10.00
0.008780,5.002155,0.491801,0.41980,10.00
0.008790,5.001429,0.493054,0.41998,10.00
0.008800,5.000805,0.494482,0.42002,10.00
0.008810,5.000392,0.495804,0.41980,10.00
0.008820,5.000036,0.496943,0.41964,10.00
0.008830,4.999730,0.497946,0.41952,10.00
0.008840,4.999467,0.498841,0.41942,10.00
0.008850,4.999659,0.499647,0.41933,10.00
0.008860,5.001501,0.498609,0.41716,10.00
0.008870,5.003231,0.495654,0.41610,10.00
0.008880,5.004792,0.491769,0.41568,10.00
0.008890,5.006157,0.487524,0.41561,10.00
0.008900,5.006683,0.483246,0.41574,10.00
0.008910,5.004524,0.481837,0.41920,10.00
0.008920,5.002402,0.483521,0.42101,10.00
0.008930,5.000415,0.486833,0.42186,10.00
0.008940,4.998610,0.490919,0.42217,10.00
0.008950,4.997044,0.495288,0.42217,10.00
0.008960,4.995824,0.499504,0.42182,10.00
0.008970,4.994792,0.503404,0.42149,10.00
0.008980,4.993933,0.506989,0.42117,10.00
0.008990,4.993232,0.510266,0.42087,10.00
0.009000,4.992880,0.513248,0.42059,10.00
0.009010,4.993458,0.515074,0.41930,10.00
0.009020,4.994082,0.515718,0.41857,10.00
0.009030,4.994713,0.515682,0.41818,10.00
0.009040,4.995327,0.515261,0.41798,10.00
0.009050,4.995817,0.514630,0.41789,10.00
0.009060,4.995897,0.514304,0.41836,10.00
0.009070,4.995972,0.514361,0.41860,10.00
0.009080,4.996056,0.514611,0.41873,10.00
0.009090,4.996153,0.514941,0.41878,10.00
0.009100,4.996194,0.515291,0.41879,10.00
0.009110,4.995970,0.515931,0.41914,10.00
0.009120,4.995785,0.516857,0.41930,10.00
0.009130,4.995646,0.517893,0.41934,10.00
0.009140,4.995556,0.518937,0.41932,10.00
0.009150,4.995798,0.519934,0.41927,10.00
0.009160,4.997197,0.519637,0.41776,10.00
0.009170,4.998537,0.517975,0.41700,10.00
0.009180,4.999774,0.515622,0.41668,10.00
0.009190,5.000890,0.512969,0.41660,10.00
0.009200,5.001589,0.510240,0.41667,10.00
0.009210,5.001036,0.508792,0.41826,10.00
0.009220,5.000462,0.508753,0.41912,10.00
0.009230,4.999911,0.509476,0.41956,10.00
0.009240,4.999407,0.510585,0.41975,10.00
0.009250,4.999265,0.511861,0.41981,10.00
0.009260,5.000369,0.511883,0.41825,10.00
0.009270,5.001427,0.510522,0.41746,10.00
0.009280,5.002398,0.508458,0.41711,10.00
0.009290,5.003262,0.506086,0.41701,10.00
0.009300,5.003841,0.503634,0.41705,10.00
0.009310,5.003644,0.501955,0.41802,10.00
0.009320,5.003397,0.501151,0.41858,10.00
0.009330,5.003129,0.500857,0.41889,10.00
0.009340,5.002858,0.500856,0.41906,10.00
0.009350,5.002612,0.501021,0.41915,10.00
0.009360,5.002448,0.501199,0.41910,10.00
0.009370,5.002292,0.501342,0.41906,10.00
0.009380,5.002143,0.501467,0.41904,10.00
0.009390,5.002000,0.501584,0.41902,10.00
0.009400,5.001845,0.501697,0.41901,10.00
0.009410,5.001631,0.501882,0.41908,10.00
0.009420,5.001429,0.502143,0.41911,10.00
0.009430,5.001240,0.502439,0.41912,10.00
0.009440,5.001066,0.502748,0.41911,10.00
0.009450,5.000926,0.503057,0.41910,10.00
0.009460,5.000872,0.503278,0.41898,10.00
0.009470,5.000825,0.503403,0.41892,10.00
0.009480,5.000783,0.503475,0.41888,10.00
0.009490,5.000744,0.503517,0.41886,10.00
0.009500,5.000760,0.503544,0.41884,10.00
0.009510,5.000985,0.503334,0.41856,10.00
0.009520,5.001193,0.502883,0.41843,10.00
0.009530,5.001376,0.502319,0.41838,10.00
0.009540,5.001531,0.501717,0.41838,10.00
0.009550,5.001839,0.501118,0.41840,10.00
0.009560,5.002826,0.499775,0.41752,10.00
0.009570,5.003725,0.497662,0.41712,10.00
0.009580,5.004513,0.495215,0.41700,10.00
0.009590,5.005184,0.492682,0.41704,10.00
0.009600,5.005517,0.490203,0.41715,10.00
0.009610,5.004880,0.488793,0.41842,10.00
0.009620,5.004215,0.488535,0.41912,10.00
0.009630,5.003561,0.488924,0.41948,10.00
0.009640,5.002938,0.489662,0.41965,10.00
0.009650,5.002520,0.490576,0.41971,10.00
0.009660,5.002788,0.490865,0.41888,10.00
0.009670,5.003048,0.490438,0.41845,10.00
0.009680,5.003275,0.489647,0.41825,10.00
0.009690,5.003461,0.488700,0.41817,10.00
0.009700,5.003566,0.487711,0.41818,10.00
0.009710,5.003486,0.486900,0.41840,10.00
0.009720,5.003376,0.486308,0.41854,10.00
0.009730,5.003243,0.485868,0.41864,10.00
0.009740,5.003095,0.485537,0.41871,10.00
0.009750,5.002784,0.485290,0.41875,10.00
0.009760,5.001882,0.485746,0.41955,10.00
0.009770,5.001025,0.486925,0.41993,10.00
0.009780,5.000237,0.488461,0.42008,10.00
0.009790,4.999526,0.490145,0.42010,10.00
0.009800,4.999090,0.491855,0.42005,10.00
0.009810,4.999486,0.492697,0.41898,10.00
0.009820,4.999892,0.492596,0.41841,10.00
0.009830,5.000276,0.491991,0.41812,10.00
0.009840,5.000624,0.491137,0.41800,10.00
0.009850,5.000684,0.490181,0.41797,10.00
0.009860,4.999750,0.490246,0.41923,10.00
0.009870,4.998856,0.491426,0.41986,10.00
0.009880,4.998037,0.493171,0.42014,10.00
0.009890,4.997308,0.495160,0.42021,10.00
0.009900,4.996651,0.497210,0.42017,10.00
0.009910,4.995995,0.499320,0.42020,10.00
0.009920,4.995439,0.501438,0.42013,10.00
0.009930,4.994980,0.503477,0.42001,10.00
0.009940,4.994612,0.505394,0.41988,10.00
0.009950,4.994467,0.507164,0.41973,10.00
0.009960,4.994940,0.508191,0.41889,10.00
0.009970,4.995434,0.508446,0.41843,10.00
0.009980,4.995925,0.508261,0.41818,10.00
0.009990,4.996398,0.507832,0.41806,10.00
0.010000,4.996551,0.507274,0.41802,10.00
0.010010,4.995532,0.507907,0.41950,10.00
0.010020,4.994584,0.509828,0.42023,10.00
0.010030,4.993745,0.512366,0.42052,10.00
0.010040,4.993034,0.515134,0.42057,10.00
0.010050,4.992741,0.517913,0.42049,10.00
0.010060,4.993700,0.519349,0.41888,10.00
0.010070,4.994677,0.519320,0.41801,10.00
0.010080,4.995625,0.518482,0.41757,10.00
0.010090,4.996518,0.517217,0.41737,10.00
0.010100,4.997425,0.515749,0.41732,10.00
0.010110,4.998581,0.513859,0.41693,10.00
0.010120,4.999635,0.511605,0.41681,10.00
0.010130,5.000578,0.509224,0.41683,10.00
0.010140,5.001409,0.506853,0.41693,10.00
0.010150,5.001923,0.504569,0.41707,10.00
0.010160,5.001528,0.503292,0.41828,10.00
0.010170,5.001109,0.503083,0.41893,10.00
0.010180,5.000699,0.503462,0.41928,10.00
0.010190,5.000317,0.504147,0.41943,10.00
0.010200,4.999989,0.504973,0.41949,10.00
0.010210,4.999768,0.505776,0.41940,10.00
0.010220,4.999581,0.506497,0.41932,10.00
0.010230,4.999427,0.507148,0.41925,10.00
0.010240,4.999300,0.507735,0.41919,10.00
0.010250,4.999185,0.508265,0.41914,10.00
0.010260,4.999037,0.508803,0.41917,10.00
0.010270,4.998914,0.509356,0.41916,10.00
0.010280,4.998816,0.509895,0.41913,10.00
0.010290,4.998743,0.510401,0.41910,10.00
0.010300,4.998986,0.510868,0.41906,10.00
0.010310,5.000395,0.510038,0.41754,10.00
0.010320,5.001720,0.507853,0.41680,10.00
0.010330,5.002919,0.505010,0.41650,10.00
0.010340,5.003977,0.501912,0.41646,10.00
0.010350,5.004806,0.498789,0.41656,10.00
0.010360,5.005176,0.496116,0.41714,10.00
0.010370,5.005438,0.493977,0.41754,10.00
0.010380,5.005612,0.492215,0.41782,10.00
0.010390,5.005713,0.490731,0.41803,10.00
0.010400,5.005530,0.489465,0.41820,10.00
0.010410,5.004427,0.489326,0.41945,10.00
0.010420,5.003356,0.490331,0.42010,10.00
0.010430,5.002353,0.491933,0.42039,10.00
0.010440,5.001436,0.493812,0.42047,10.00
0.010450,5.000847,0.495786,0.42045,10.00
0.010460,5.001265,0.496747,0.41917,10.00
0.010470,5.001692,0.496590,0.41849,10.00
0.010480,5.002093,0.495839,0.41815,10.00
0.010490,5.002449,0.494799,0.41801,10.00
0.010500,5.002699,0.493645,0.41797,10.00
0.010510,5.002691,0.492702,0.41827,10.00
0.010520,5.002647,0.492036,0.41845,10.00
0.010530,5.002579,0.491550,0.41857,10.00
0.010540,5.002493,0.491189,0.41865,10.00
0.010550,5.002529,0.490916,0.41871,10.00
0.010560,5.003089,0.490126,0.41806,10.00
0.010570,5.003593,0.488778,0.41776,10.00
0.010580,5.004027,0.487185,0.41766,10.00
0.010590,5.004384,0.485528,0.41767,10.00
0.010600,5.004398,0.483906,0.41774,10.00
0.010610,5.003301,0.483511,0.41919,10.00
0.010620,5.002229,0.484421,0.41994,10.00
0.010630,5.001224,0.486019,0.42029,10.00
0.010640,5.000306,0.487942,0.42040,10.00
0.010650,4.999670,0.489983,0.42039,10.00
0.010660,4.999860,0.491223,0.41936,10.00
0.010670,5.000078,0.491559,0.41879,10.00
0.010680,5.000296,0.491398,0.41849,10.00
0.010690,5.000498,0.490977,0.41835,10.00
0.010700,5.000510,0.490433,0.41829,10.00
0.010710,4.999850,0.490551,0.41912,10.00
0.010720,4.999221,0.491410,0.41954,10.00
0.010730,4.998644,0.492640,0.41971,10.00
0.010740,4.998131,0.494030,0.41976,10.00
0.010750,4.997947,0.495457,0.41973,10.00
0.010760,4.998849,0.495735,0.41834,10.00
0.010770,4.999724,0.494775,0.41762,10.00
0.010780,5.000532,0.493178,0.41729,10.00
0.010790,5.001255,0.491294,0.41719,10.00
0.010800,5.001708,0.489321,0.41721,10.00
0.010810,5.001370,0.488138,0.41820,10.00
0.010820,5.001007,0.487842,0.41875,10.00
0.010830,5.000647,0.488041,0.41904,10.00
0.010840,5.000305,0.488506,0.41918,10.00
0.010850,4.999985,0.489104,0.41923,10.00
0.010860,4.999679,0.489774,0.41926,10.00
0.010870,4.999407,0.490473,0.41925,10.00
0.010880,4.999167,0.491164,0.41922,10.00
0.010890,4.998958,0.491828,0.41917,10.00
0.010900,4.998878,0.492455,0.41913,10.00
0.010910,4.999210,0.492620,0.41858,10.00
0.010920,4.999533,0.492303,0.41830,10.00
0.010930,4.999833,0.491735,0.41817,10.00
0.010940,5.000103,0.491052,0.41813,10.00
0.010950,5.000230,0.490332,0.41813,10.00
0.010960,4.999901,0.490081,0.41871,10.00
0.010970,4.999577,0.490345,0.41901,10.00
0.010980,4.999274,0.490880,0.41916,10.00
0.010990,4.999002,0.491544,0.41921,10.00
0.011000,4.998854,0.492254,0.41921,10.00
0.011010,4.999099,0.492572,0.41872,10.00
0.011020,4.999344,0.492452,0.41846,10.00
0.011030,4.999576,0.492100,0.41833,10.00
0.011040,4.999787,0.491634,0.41828,10.00
0.011050,4.999880,0.491122,0.41828,10.00
0.011060,4.999579,0.491009,0.41877,10.00
0.011070,4.999288,0.491333,0.41903,10.00
0.011080,4.999020,0.491884,0.41914,10.00
0.011090,4.998781,0.492538,0.41918,10.00
0.011100,4.998545,0.493224,0.41918,10.00
0.011110,4.998232,0.494021,0.41929,10.00
0.011120,4.997959,0.494914,0.41932,10.00
0.011130,4.997729,0.495823,0.41930,10.00
0.011140,4.997540,0.496706,0.41925,10.00
0.011150,4.997336,0.497539,0.41920,10.00
0.011160,4.996950,0.498547,0.41942,10.00
0.011170,4.996618,0.499737,0.41949,10.00
0.011180,4.996344,0.500976,0.41948,10.00
0.011190,4.996126,0.502190,0.41943,10.00
0.011200,4.995765,0.503338,0.41936,10.00
0.011210,4.994686,0.505240,0.42027,10.00
0.011220,4.993723,0.507926,0.42066,10.00
0.011230,4.992895,0.510929,0.42076,10.00
0.011240,4.992210,0.513979,0.42069,10.00
0.011250,4.991793,0.516930,0.42054,10.00
0.011260,4.992013,0.519148,0.41969,10.00
0.011270,4.992310,0.520571,0.41918,10.00
0.011280,4.992656,0.521488,0.41886,10.00
0.011290,4.993032,0.522076,0.41866,10.00
0.011300,4.993259,0.522441,0.41853,10.00
0.011310,4.992848,0.523360,0.41930,10.00
0.011320,4.992499,0.524908,0.41965,10.00
0.011330,4.992230,0.526718,0.41976,10.00
0.011340,4.992046,0.528580,0.41975,10.00
0.011350,4.992441,0.530380,0.41967,10.00
0.011360,4.994838,0.529952,0.41706,10.00
0.011370,4.997135,0.527168,0.41575,10.00
0.011380,4.999260,0.523186,0.41519,10.00
0.011390,5.001179,0.518680,0.41506,10.00
0.011400,5.002620,0.514036,0.41516,10.00
0.011410,5.002839,0.510577,0.41670,10.00
0.011420,5.002939,0.508474,0.41760,10.00
0.011430,5.002967,0.507179,0.41814,10.00
0.011440,5.002949,0.506368,0.41847,10.00
0.011450,5.002935,0.505852,0.41866,10.00
0.011460,5.003022,0.505386,0.41862,10.00
0.011470,5.003087,0.504896,0.41862,10.00
0.011480,5.003130,0.504415,0.41864,10.00
0.011490,5.003152,0.503961,0.41866,10.00
0.011500,5.003118,0.503543,0.41869,10.00
0.011510,5.002930,0.503315,0.41890,10.00
0.011520,5.002738,0.503284,0.41902,10.00
0.011530,5.002549,0.503366,0.41907,10.00
0.011540,5.002366,0.503511,0.41910,10.00
0.011550,5.002415,0.503691,0.41911,10.00
0.011560,5.003339,0.502940,0.41798,10.00
0.011570,5.004196,0.501203,0.41744,10.00
0.011580,5.004956,0.499001,0.41723,10.00
0.011590,5.005607,0.496633,0.41721,10.00
0.011600,5.006053,0.494270,0.41729,10.00
0.011610,5.006022,0.492408,0.41790,10.00
0.011620,5.005924,0.491116,0.41828,10.00
0.011630,5.005778,0.490192,0.41852,10.00
0.011640,5.005598,0.489517,0.41868,10.00
0.011650,5.005373,0.489015,0.41879,10.00
0.011660,5.005051,0.488727,0.41896,10.00
0.011670,5.004722,0.488627,0.41907,10.00
0.011680,5.004394,0.488647,0.41912,10.00
0.011690,5.004070,0.488747,0.41915,10.00
0.011700,5.003625,0.488900,0.41916,10.00
0.011710,5.002687,0.489639,0.41982,10.00
0.011720,5.001804,0.490980,0.42012,10.00
0.011730,5.000994,0.492608,0.42022,10.00
0.011740,5.000266,0.494343,0.42022,10.00
0.011750,4.999827,0.496080,0.42015,10.00
0.011760,5.000276,0.496879,0.41900,10.00
0.011770,5.000730,0.496665,0.41838,10.00
0.011780,5.001155,0.495914,0.41808,10.00
0.011790,5.001537,0.494902,0.41796,10.00
0.011800,5.001755,0.493789,0.41793,10.00
0.011810,5.001478,0.493148,0.41854,10.00
0.011820,5.001189,0.493052,0.41887,10.00
0.011830,5.000906,0.493260,0.41904,10.00
0.011840,5.000638,0.493629,0.41912,10.00
0.011850,5.000730,0.494078,0.41915,10.00
0.011860,5.002166,0.493113,0.41743,10.00
0.011870,5.003506,0.490640,0.41660,10.00
0.011880,5.004706,0.487444,0.41627,10.00
0.011890,5.005747,0.483979,0.41623,10.00
0.011900,5.006284,0.480504,0.41634,10.00
0.011910,5.005339,0.478611,0.41825,10.00
0.011920,5.004362,0.478442,0.41930,10.00
0.011930,5.003411,0.479229,0.41983,10.00
0.011940,5.002514,0.480522,0.42008,10.00
0.011950,5.001741,0.482057,0.42015,10.00
0.011960,5.001255,0.483451,0.41986,10.00
0.011970,5.000828,0.484606,0.41966,10.00
0.011980,5.000450,0.485599,0.41952,10.00
0.011990,5.000115,0.486477,0.41941,10.00
0.012000,4.999657,0.487267,0.41932,10.00
0.012010,4.998599,0.488681,0.42007,10.00
0.012020,4.997630,0.490761,0.42040,10.00
0.012030,4.996769,0.493129,0.42048,10.00
0.012040,4.996021,0.495568,0.42044,10.00
0.012050,4.995601,0.497955,0.42032,10.00
0.012060,4.996123,0.499311,0.41909,10.00
0.012070,4.996672,0.499558,0.41841,10.00
0.012080,4.997211,0.499190,0.41806,10.00
0.012090,4.997721,0.498494,0.41790,10.00
0.012100,4.998004,0.497638,0.41784,10.00
0.012110,4.997508,0.497524,0.41880,10.00
0.012120,4.997034,0.498247,0.41929,10.00
0.012130,4.996607,0.499391,0.41951,10.00
0.012140,4.996239,0.500715,0.41958,10.00
0.012150,4.995919,0.502083,0.41956,10.00
0.012160,4.995596,0.503489,0.41958,10.00
0.012170,4.995338,0.504895,0.41954,10.00
0.012180,4.995144,0.506240,0.41947,10.00
0.012190,4.995009,0.507492,0.41938,10.00
0.012200,4.995161,0.508638,0.41928,10.00
0.012210,4.996267,0.508683,0.41802,10.00
0.012220,4.997335,0.507582,0.41737,10.00
0.012230,4.998331,0.505888,0.41709,10.00
0.012240,4.999238,0.503923,0.41701,10.00
0.012250,4.999923,0.501873,0.41704,10.00
0.012260,5.000023,0.500378,0.41777,10.00
0.012270,5.000074,0.499523,0.41819,10.00
0.012280,5.000097,0.499041,0.41844,10.00
0.012290,5.000104,0.498777,0.41859,10.00
0.012300,5.000026,0.498639,0.41867,10.00
0.012310,4.999643,0.498903,0.41910,10.00
0.012320,4.999286,0.499551,0.41932,10.00
0.012330,4.998966,0.500383,0.41940,10.00
0.012340,4.998686,0.501284,0.41941,10.00
0.012350,4.998354,0.502187,0.41938,10.00
0.012360,4.997692,0.503461,0.41981,10.00
0.012370,4.997103,0.505106,0.41998,10.00
0.012380,4.996595,0.506887,0.42000,10.00
0.012390,4.996170,0.508672,0.41994,10.00
0.012400,4.996004,0.510386,0.41984,10.00
0.012410,4.996601,0.511238,0.41884,10.00
0.012420,4.997207,0.511176,0.41829,10.00
0.012430,4.997793,0.510610,0.41802,10.00
0.012440,4.998342,0.509782,0.41790,10.00
0.012450,4.998824,0.508831,0.41787,10.00
0.012460,4.999166,0.507941,0.41801,10.00
0.012470,4.999470,0.507164,0.41811,10.00
0.012480,4.999739,0.506470,0.41820,10.00
0.012490,4.999977,0.505841,0.41826,10.00
0.012500,5.000284,0.505265,0.41832,10.00
0.012510,5.000944,0.504323,0.41788,10.00
0.012520,5.001546,0.502990,0.41769,10.00
0.012530,5.002080,0.501492,0.41765,10.00
0.012540,5.002542,0.499959,0.41768,10.00
0.012550,5.002915,0.498464,0.41776,10.00
0.012560,5.003154,0.497121,0.41794,10.00
0.012570,5.003335,0.495953,0.41809,10.00
0.012580,5.003467,0.494928,0.41820,10.00
0.012590,5.003555,0.494023,0.41830,10.00
0.012600,5.003352,0.493225,0.41839,10.00
0.012610,5.002134,0.493594,0.41974,10.00
0.012620,5.000973,0.495172,0.42041,10.00
0.012630,4.999908,0.497355,0.42069,10.00
0.012640,4.998955,0.499792,0.42074,10.00
0.012650,4.998104,0.502283,0.42068,10.00
0.012660,4.997311,0.504776,0.42063,10.00
0.012670,4.996635,0.507213,0.42050,10.00
0.012680,4.996068,0.509527,0.42035,10.00
0.012690,4.995605,0.511685,0.42018,10.00
0.012700,4.995340,0.513672,0.42001,10.00
0.012710,4.995560,0.515048,0.41933,10.00
0.012720,4.995824,0.515797,0.41893,10.00
0.012730,4.996109,0.516165,0.41870,10.00
0.012740,4.996403,0.516301,0.41857,10.00
0.012750,4.996611,0.516294,0.41850,10.00
0.012760,4.996479,0.516563,0.41889,10.00
0.012770,4.996369,0.517159,0.41908,10.00
0.012780,4.996292,0.517898,0.41916,10.00
0.012790,4.996250,0.518676,0.41916,10.00
0.012800,4.996554,0.519433,0.41913,10.00
0.012810,4.998106,0.518812,0.41751,10.00
0.012820,4.999579,0.516736,0.41672,10.00
0.012830,5.000929,0.513935,0.41639,10.00
0.012840,5.002137,0.510834,0.41633,10.00
0.012850,5.002805,0.507677,0.41642,10.00
0.012860,5.001800,0.506271,0.41856,10.00
0.012870,5.000791,0.506767,0.41970,10.00
0.012880,4.999839,0.508276,0.42026,10.00
0.012890,4.998976,0.510281,0.42049,10.00
0.012900,4.998811,0.512482,0.42052,10.00
0.012910,5.001081,0.512159,0.41743,10.00
0.012920,5.003245,0.509100,0.41588,10.00
0.012930,5.005219,0.504667,0.41521,10.00
0.012940,5.006964,0.499651,0.41504,10.00
0.012950,5.008011,0.494505,0.41514,10.00
0.012960,5.007035,0.491436,0.41771,10.00
0.012970,5.005992,0.490673,0.41913,10.00
0.012980,5.004957,0.491202,0.41988,10.00
0.012990,5.003971,0.492427,0.42024,10.00
0.013000,5.003237,0.494001,0.42037,10.00
0.013010,5.003288,0.494949,0.41947,10.00
0.013020,5.003360,0.495118,0.41897,10.00
0.013030,5.003426,0.494871,0.41872,10.00
0.013040,5.003475,0.494417,0.41860,10.00
0.013050,5.003582,0.493877,0.41855,10.00
0.013060,5.003978,0.492975,0.41814,10.00
0.013070,5.004322,0.491733,0.41797,10.00
0.013080,5.004604,0.490362,0.41793,10.00
0.013090,5.004822,0.488982,0.41797,10.00
0.013100,5.005216,0.487659,0.41804,10.00
0.013110,5.006482,0.485410,0.41692,10.00
0.013120,5.007612,0.482205,0.41644,10.00
0.013130,5.008579,0.478614,0.41632,10.00
0.013140,5.009377,0.474962,0.41640,10.00
0.013150,5.009744,0.471430,0.41658,10.00
0.013160,5.008929,0.469237,0.41814,10.00
0.013170,5.008059,0.468481,0.41901,10.00
0.013180,5.007184,0.468557,0.41949,10.00
0.013190,5.006330,0.469109,0.41973,10.00
0.013200,5.005382,0.469925,0.41984,10.00
0.013210,5.003967,0.471439,0.42052,10.00
0.013220,5.002646,0.473603,0.42082,10.00
0.013230,5.001438,0.476060,0.42089,10.00
0.013240,5.000350,0.478606,0.42083,10.00
0.013250,4.999299,0.481122,0.42070,10.00
0.013260,4.998041,0.483896,0.42097,10.00
0.013270,4.996921,0.486910,0.42100,10.00
0.013280,4.995945,0.489950,0.42090,10.00
0.013290,4.995108,0.492895,0.42073,10.00
0.013300,4.994466,0.495681,0.42054,10.00
0.013310,4.994185,0.498017,0.42002,10.00
0.013320,4.993997,0.499877,0.41967,10.00
0.013330,4.993886,0.501403,0.41943,10.00
0.013340,4.993837,0.502682,0.41924,10.00
0.013350,4.993971,0.503769,0.41910,10.00
0.013360,4.994658,0.504143,0.41833,10.00
0.013370,4.995338,0.503803,0.41792,10.00
0.013380,4.995988,0.503076,0.41773,10.00
0.013390,4.996596,0.502152,0.41766,10.00
0.013400,4.996855,0.501144,0.41766,10.00
0.013410,4.995889,0.501401,0.41922,10.00
0.013420,4.994980,0.503021,0.42000,10.00
0.013430,4.994168,0.505310,0.42034,10.00
0.013440,4.993473,0.507869,0.42042,10.00
0.013450,4.992885,0.510470,0.42036,10.00
0.013460,4.992366,0.513039,0.42030,10.00
0.013470,4.991964,0.515513,0.42016,10.00
0.013480,4.991671,0.517828,0.42000,10.00
0.013490,4.991480,0.519953,0.41983,10.00
0.013500,4.991359,0.521877,0.41966,10.00
0.013510,4.991234,0.523693,0.41961,10.00
0.013520,4.991191,0.525411,0.41951,10.00
0.013530,4.991221,0.526990,0.41939,10.00
0.013540,4.991319,0.528409,0.41927,10.00
0.013550,4.991795,0.529666,0.41915,10.00
0.013560,4.993561,0.529406,0.41743,10.00
0.013570,4.995261,0.527575,0.41657,10.00
0.013580,4.996846,0.524935,0.41620,10.00
0.013590,4.998293,0.521929,0.41611,10.00
0.013600,4.999405,0.518814,0.41618,10.00
0.013610,4.999636,0.516541,0.41728,10.00
0.013620,4.999791,0.515227,0.41793,10.00
0.013630,4.999903,0.514472,0.41830,10.00
0.013640,4.999988,0.514038,0.41852,10.00
0.013650,5.000170,0.513789,0.41865,10.00
0.013660,5.000771,0.513175,0.41816,10.00
0.013670,5.001329,0.512127,0.41794,10.00
0.013680,5.001831,0.510879,0.41787,10.00
0.013690,5.002271,0.509565,0.41787,10.00
0.013700,5.002575,0.508263,0.41793,10.00
0.013710,5.002523,0.507337,0.41839,10.00
0.013720,5.002442,0.506825,0.41866,10.00
0.013730,5.002344,0.506558,0.41881,10.00
0.013740,5.002240,0.506436,0.41890,10.00
0.013750,5.002218,0.506401,0.41895,10.00
0.013760,5.002529,0.506055,0.41854,10.00
0.013770,5.002813,0.505358,0.41835,10.00
0.013780,5.003058,0.504502,0.41828,10.00
0.013790,5.003262,0.503593,0.41827,10.00
0.013800,5.003608,0.502695,0.41831,10.00
0.013810,5.004627,0.501059,0.41743,10.00
0.013820,5.005544,0.498666,0.41705,10.00
0.013830,5.006339,0.495958,0.41695,10.00
0.013840,5.007005,0.493188,0.41700,10.00
0.013850,5.007026,0.490496,0.41713,10.00
0.013860,5.004908,0.490166,0.41992,10.00
0.013870,5.002858,0.492338,0.42135,10.00
0.013880,5.000954,0.495802,0.42199,10.00
0.013890,4.999235,0.499853,0.42219,10.00
0.013900,4.997794,0.504086,0.42213,10.00
0.013910,4.996871,0.507920,0.42153,10.00
0.013920,4.996111,0.511214,0.42107,10.00
0.013930,4.995492,0.514092,0.42072,10.00
0.013940,4.994997,0.516635,0.42043,10.00
0.013950,4.995160,0.518896,0.42018,10.00
0.013960,4.997552,0.518579,0.41720,10.00
0.013970,4.999840,0.515601,0.41570,10.00
0.013980,5.001943,0.511280,0.41506,10.00
0.013990,5.003822,0.506379,0.41489,10.00
0.014000,5.005317,0.501336,0.41500,10.00
0.014010,5.006000,0.497030,0.41599,10.00
0.014020,5.006511,0.493626,0.41666,10.00
0.014030,5.006883,0.490842,0.41713,10.00
0.014040,5.007139,0.488508,0.41748,10.00
0.014050,5.007010,0.486517,0.41774,10.00
0.014060,5.005675,0.486028,0.41941,10.00
0.014070,5.004368,0.487054,0.42028,10.00
0.014080,5.003138,0.488881,0.42068,10.00
0.014090,5.002007,0.491091,0.42081,10.00
0.014100,5.001100,0.493445,0.42080,10.00
0.014110,5.000745,0.495320,0.42013,10.00
0.014120,5.000461,0.496618,0.41972,10.00
0.014130,5.000226,0.497562,0.41946,10.00
0.014140,5.000028,0.498286,0.41930,10.00
0.014150,5.000167,0.498869,0.41918,10.00
0.014160,5.001525,0.498050,0.41756,10.00
0.014170,5.002796,0.495798,0.41676,10.00
0.014180,5.003939,0.492855,0.41645,10.00
0.014190,5.004934,0.489649,0.41640,10.00
0.014200,5.005714,0.486424,0.41650,10.00
0.014210,5.006098,0.483587,0.41700,10.00
0.014220,5.006365,0.481224,0.41736,10.00
0.014230,5.006534,0.479219,0.41764,10.00
0.014240,5.006619,0.477497,0.41786,10.00
0.014250,5.006578,0.476009,0.41803,10.00
0.014260,5.006270,0.474947,0.41845,10.00
0.014270,5.005927,0.474297,0.41871,10.00
0.014280,5.005563,0.473915,0.41886,10.00
0.014290,5.005189,0.473712,0.41896,10.00
0.014300,5.004437,0.473634,0.41902,10.00
0.014310,5.002231,0.475239,0.42094,10.00
0.014320,5.000158,0.478577,0.42186,10.00
0.014330,4.998272,0.482748,0.42219,10.00
0.014340,4.996594,0.487233,0.42221,10.00
0.014350,4.995314,0.491733,0.42205,10.00
0.014360,4.994966,0.495289,0.42085,10.00
0.014370,4.994751,0.497774,0.42011,10.00
0.014380,4.994630,0.499586,0.41964,10.00
0.014390,4.994579,0.500959,0.41933,10.00
0.014400,4.994219,0.502036,0.41912,10.00
0.014410,4.992493,0.504446,0.42081,10.00
0.014420,4.990927,0.508313,0.42157,10.00
0.014430,4.989563,0.512816,0.42181,10.00
0.014440,4.988416,0.517482,0.42175,10.00
0.014450,4.988016,0.522048,0.42155,10.00
0.014460,4.989897,0.524100,0.41857,10.00
0.014470,4.991783,0.523460,0.41699,10.00
0.014480,4.993588,0.521358,0.41620,10.00
0.014490,4.995267,0.518512,0.41589,10.00
0.014500,4.996786,0.515343,0.41583,10.00
0.014510,4.998097,0.512150,0.41599,10.00
0.014520,4.999261,0.509075,0.41620,10.00
0.014530,5.000283,0.506162,0.41642,10.00
0.014540,5.001174,0.503432,0.41664,10.00
0.014550,5.001630,0.500894,0.41685,10.00
0.014560,5.000756,0.499879,0.41864,10.00
0.014570,4.999886,0.500445,0.41958,10.00
0.014580,4.999071,0.501847,0.42004,10.00
0.014590,4.998336,0.503652,0.42022,10.00
0.014600,4.997828,0.505608,0.42024,10.00
0.014610,4.997949,0.506986,0.41948,10.00
0.014620,4.998113,0.507680,0.41904,10.00
0.014630,4.998295,0.507973,0.41879,10.00
0.014640,4.998483,0.508033,0.41865,10.00
0.014650,4.998622,0.507958,0.41858,10.00
0.014660,4.998568,0.508010,0.41878,10.00
0.014670,4.998522,0.508233,0.41888,10.00
0.014680,4.998489,0.508535,0.41893,10.00
0.014690,4.998471,0.508863,0.41893,10.00
0.014700,4.998350,0.509187,0.41893,10.00
0.014710,4.997789,0.509990,0.41950,10.00
0.014720,4.997282,0.511287,0.41976,10.00
0.014730,4.996842,0.512797,0.41984,10.00
0.014740,4.996475,0.514361,0.41982,10.00
0.014750,4.996467,0.515889,0.41975,10.00
0.014760,4.997643,0.516110,0.41821,10.00
0.014770,4.998784,0.514945,0.41741,10.00
0.014780,4.999845,0.513061,0.41706,10.00
0.014790,5.000805,0.510846,0.41695,10.00
0.014800,5.001383,0.508526,0.41697,10.00
0.014810,5.000780,0.507399,0.41846,10.00
0.014820,5.000168,0.507591,0.41926,10.00
0.014830,4.999588,0.508488,0.41966,10.00
0.014840,4.999062,0.509734,0.41983,10.00
0.014850,4.998626,0.511122,0.41986,10.00
0.014860,4.998362,0.512419,0.41969,10.00
0.014870,4.998154,0.513553,0.41955,10.00
0.014880,4.997994,0.514553,0.41944,10.00
0.014890,4.997877,0.515438,0.41934,10.00
0.014900,4.998119,0.516222,0.41926,10.00
0.014910,4.999644,0.515549,0.41756,10.00
0.014920,5.001087,0.513364,0.41673,10.00
0.014930,5.002401,0.510432,0.41639,10.00
0.014940,5.003567,0.507199,0.41633,10.00
0.014950,5.004522,0.503917,0.41642,10.00
0.014960,5.005101,0.500974,0.41688,10.00
0.014970,5.005556,0.498459,0.41723,10.00
0.014980,5.005905,0.496274,0.41750,10.00
0.014990,5.006160,0.494357,0.41772,10.00
0.015000,5.006122,0.492666,0.41791,10.00
0.015010,5.005189,0.492073,0.41913,10.00
0.015020,5.004267,0.492597,0.41978,10.00
0.015030,5.003390,0.493721,0.42009,10.00
0.015040,5.002578,0.495144,0.42020,10.00
0.015050,5.001986,0.496689,0.42020,10.00
0.015060,5.002050,0.497621,0.41940,10.00
0.015070,5.002135,0.497851,0.41895,10.00
0.015080,5.002219,0.497701,0.41872,10.00
0.015090,5.002289,0.497357,0.41860,10.00
0.015100,5.002307,0.496928,0.41856,10.00
0.015110,5.002170,0.496621,0.41873,10.00
0.015120,5.002024,0.496477,0.41883,10.00
0.015130,5.001876,0.496434,0.41888,10.00
0.015140,5.001728,0.496454,0.41891,10.00
0.015150,5.001463,0.496513,0.41893,10.00
0.015160,5.000737,0.497105,0.41954,10.00
0.015170,5.000058,0.498246,0.41982,10.00
0.015180,4.999442,0.499647,0.41993,10.00
0.015190,4.998895,0.501142,0.41993,10.00
0.015200,4.998379,0.502636,0.41987,10.00
0.015210,4.997775,0.504247,0.41998,10.00
0.015220,4.997250,0.505953,0.41998,10.00
0.015230,4.996805,0.507647,0.41991,10.00
0.015240,4.996437,0.509269,0.41982,10.00
0.015250,4.996302,0.510787,0.41970,10.00
0.015260,4.996857,0.511505,0.41878,10.00
0.015270,4.997417,0.511386,0.41828,10.00
0.015280,4.997956,0.510809,0.41803,10.00
0.015290,4.998460,0.509997,0.41793,10.00
0.015300,4.999031,0.509079,0.41791,10.00
0.015310,4.999987,0.507660,0.41737,10.00
0.015320,5.000861,0.505760,0.41716,10.00
0.015330,5.001638,0.503666,0.41712,10.00
0.015340,5.002315,0.501540,0.41718,10.00
0.015350,5.003063,0.499473,0.41729,10.00
0.015360,5.004379,0.496795,0.41657,10.00
0.015370,5.005548,0.493494,0.41631,10.00
0.015380,5.006556,0.489984,0.41630,10.00
0.015390,5.007399,0.486498,0.41643,10.00
0.015400,5.007981,0.483164,0.41663,10.00
0.015410,5.008011,0.480490,0.41739,10.00
0.015420,5.007940,0.478528,0.41787,10.00
0.015430,5.007794,0.477044,0.41820,10.00
0.015440,5.007591,0.475894,0.41842,10.00
0.015450,5.007092,0.474991,0.41858,10.00
0.015460,5.005580,0.475347,0.41997,10.00
0.015470,5.004129,0.476975,0.42066,10.00
0.015480,5.002778,0.479254,0.42095,10.00
0.015490,5.001545,0.481824,0.42101,10.00
0.015500,5.000292,0.484474,0.42095,10.00
0.015510,4.998600,0.487704,0.42154,10.00
0.015520,4.997078,0.491474,0.42173,10.00
0.015530,4.995740,0.495406,0.42168,10.00
0.015540,4.994586,0.499287,0.42150,10.00
0.015550,4.993688,0.502999,0.42126,10.00
0.015560,4.993265,0.506140,0.42060,10.00
0.015570,4.992969,0.508668,0.42014,10.00
0.015580,4.992777,0.510759,0.41982,10.00
0.015590,4.992671,0.512525,0.41957,10.00
0.015600,4.992791,0.514034,0.41938,10.00
0.015610,4.993562,0.514687,0.41845,10.00
0.015620,4.994335,0.514486,0.41796,10.00
0.015630,4.995082,0.513811,0.41772,10.00
0.015640,4.995786,0.512887,0.41762,10.00
0.015650,4.996713,0.511844,0.41760,10.00
0.015660,4.998639,0.509611,0.41627,10.00
0.015670,5.000420,0.506177,0.41568,10.00
0.015680,5.002020,0.502208,0.41551,10.00
0.015690,5.003428,0.498086,0.41557,10.00
0.015700,5.004326,0.494028,0.41576,10.00
0.015710,5.003802,0.491507,0.41762,10.00
0.015720,5.003215,0.490646,0.41866,10.00
0.015730,5.002619,0.490724,0.41922,10.00
0.015740,5.002044,0.491316,0.41950,10.00
0.015750,5.001490,0.492174,0.41962,10.00
0.015760,5.000912,0.493228,0.41974,10.00
0.015770,5.000389,0.494397,0.41976,10.00
0.015780,4.999922,0.495591,0.41972,10.00
0.015790,4.999511,0.496760,0.41966,10.00
0.015800,4.999024,0.497877,0.41959,10.00
0.015810,4.998081,0.499480,0.42016,10.00
0.015820,4.997231,0.501588,0.42039,10.00
0.015830,4.996486,0.503891,0.42043,10.00
0.015840,4.995851,0.506214,0.42036,10.00
0.015850,4.995442,0.508458,0.42023,10.00
0.015860,4.995604,0.510055,0.41947,10.00
0.015870,4.995818,0.510957,0.41903,10.00
0.015880,4.996060,0.511440,0.41876,10.00
0.015890,4.996315,0.511665,0.41861,10.00
0.015900,4.996715,0.511732,0.41853,10.00
0.015910,4.997658,0.511104,0.41777,10.00
0.015920,4.998548,0.509787,0.41741,10.00
0.015930,4.999365,0.508136,0.41728,10.00
0.015940,5.000098,0.506354,0.41727,10.00
0.015950,5.000576,0.504561,0.41734,10.00
0.015960,5.000302,0.503552,0.41831,10.00
0.015970,5.000008,0.503397,0.41884,10.00
0.015980,4.999723,0.503709,0.41911,10.00
0.015990,4.999460,0.504261,0.41924,10.00
0.016000,4.999471,0.504922,0.41928,10.00
0.016010,5.000465,0.504577,0.41804,10.00
0.016020,5.001407,0.503134,0.41743,10.00
0.016030,5.002262,0.501149,0.41717,10.00
0.016040,5.003017,0.498941,0.41712,10.00
0.016050,5.003506,0.496695,0.41717,10.00
0.016060,5.003268,0.495195,0.41810,10.00
0.016070,5.002987,0.494529,0.41862,10.00
0.016080,5.002691,0.494345,0.41892,10.00
0.016090,5.002397,0.494437,0.41907,10.00
0.016100,5.002091,0.494682,0.41915,10.00
0.016110,5.001716,0.495101,0.41929,10.00
0.016120,5.001365,0.495656,0.41934,10.00
0.016130,5.001044,0.496270,0.41935,10.00
0.016140,5.000752,0.496900,0.41933,10.00
0.016150,5.000179,0.497520,0.41929,10.00
0.016160,4.998425,0.499439,0.42082,10.00
0.016170,4.996806,0.502713,0.42153,10.00
0.016180,4.995362,0.506600,0.42176,10.00
0.016190,4.994107,0.510678,0.42172,10.00
0.016200,4.993231,0.514705,0.42155,10.00
0.016210,4.993272,0.517745,0.42036,10.00
0.016220,4.993419,0.519694,0.41963,10.00
0.016230,4.993635,0.520964,0.41919,10.00
0.016240,4.993894,0.521804,0.41892,10.00
0.016250,4.994351,0.522362,0.41874,10.00
0.016260,4.995481,0.522011,0.41778,10.00
0.016270,4.996564,0.520775,0.41731,10.00
0.016280,4.997572,0.519087,0.41711,10.00
0.016290,4.998494,0.517200,0.41708,10.00
0.016300,4.999373,0.515259,0.41713,10.00
0.016310,5.000355,0.513137,0.41698,10.00
0.016320,5.001231,0.510870,0.41698,10.00
0.016330,5.002000,0.508600,0.41707,10.00
0.016340,5.002665,0.506407,0.41720,10.00
0.016350,5.003108,0.504335,0.41735,10.00
0.016360,5.002987,0.502921,0.41812,10.00
0.016370,5.002821,0.502197,0.41856,10.00
0.016380,5.002636,0.501879,0.41881,10.00
0.016390,5.002444,0.501797,0.41895,10.00
0.016400,5.002248,0.501851,0.41903,10.00
0.016410,5.002043,0.502001,0.41908,10.00
0.016420,5.001846,0.502212,0.41911,10.00
0.016430,5.001661,0.502453,0.41911,10.00
0.016440,5.001489,0.502708,0.41910,10.00
0.016450,5.001043,0.502964,0.41909,10.00
0.016460,4.999501,0.504430,0.42051,10.00
0.016470,4.998070,0.507157,0.42118,10.00
0.016480,4.996787,0.510470,0.42141,10.00
0.016490,4.995666,0.513979,0.42140,10.00
0.016500,4.994974,0.517463,0.42126,10.00
0.016510,4.995471,0.519673,0.41972,10.00
0.016520,4.996026,0.520493,0.41885,10.00
0.016530,4.996592,0.520519,0.41838,10.00
0.016540,4.997144,0.520100,0.41814,10.00
0.016550,4.997716,0.519444,0.41803,10.00
0.016560,4.998445,0.518460,0.41775,10.00
0.016570,4.999117,0.517210,0.41764,10.00
0.016580,4.999727,0.515851,0.41764,10.00
0.016590,5.000271,0.514476,0.41769,10.00
0.016600,5.000891,0.513134,0.41776,10.00
0.016610,5.001993,0.511260,0.41714,10.00
0.016620,5.002989,0.508841,0.41690,10.00
0.016630,5.003863,0.506214,0.41687,10.00
0.016640,5.004614,0.503571,0.41696,10.00
0.016650,5.005081,0.501020,0.41710,10.00
0.016660,5.004800,0.499309,0.41809,10.00
0.016670,5.004469,0.498499,0.41866,10.00
0.016680,5.004118,0.498217,0.41898,10.00
0.016690,5.003765,0.498241,0.41915,10.00
0.016700,5.003294,0.498442,0.41924,10.00
0.016710,5.002349,0.499275,0.41991,10.00
0.016720,5.001464,0.500720,0.42022,10.00
0.016730,5.000658,0.502453,0.42032,10.00
0.016740,4.999937,0.504285,0.42031,10.00
0.016750,4.999445,0.506111,0.42023,10.00
0.016760,4.999590,0.507265,0.41940,10.00
0.016770,4.999765,0.507687,0.41894,10.00
0.016780,4.999947,0.507699,0.41869,10.00
0.016790,5.000121,0.507487,0.41856,10.00
0.016800,5.000072,0.507160,0.41851,10.00
0.016810,4.999187,0.507679,0.41955,10.00
0.016820,4.998357,0.509120,0.42006,10.00
0.016830,4.997609,0.511007,0.42026,10.00
0.016840,4.996956,0.513065,0.42030,10.00
0.016850,4.996710,0.515138,0.42023,10.00
0.016860,4.997765,0.515819,0.41855,10.00
0.016870,4.998801,0.515000,0.41768,10.00
0.016880,4.999772,0.513391,0.41726,10.00
0.016890,5.000654,0.511406,0.41712,10.00
0.016900,5.001174,0.509284,0.41712,10.00
0.016910,5.000566,0.508285,0.41853,10.00
0.016920,4.999953,0.508537,0.41928,10.00
0.016930,4.999373,0.509457,0.41966,10.00
0.016940,4.998848,0.510705,0.41981,10.00
0.016950,4.998733,0.512085,0.41984,10.00
0.016960,5.000035,0.512006,0.41805,10.00
0.016970,5.001280,0.510338,0.41714,10.00
0.016980,5.002420,0.507867,0.41675,10.00
0.016990,5.003431,0.505050,0.41664,10.00
0.017000,5.004104,0.502149,0.41670,10.00
0.017010,5.003848,0.500178,0.41786,10.00
0.017020,5.003535,0.499260,0.41853,10.00
0.017030,5.003199,0.498953,0.41891,10.00
0.017040,5.002862,0.498997,0.41911,10.00
0.017050,5.002689,0.499238,0.41921,10.00
0.017060,5.003139,0.498922,0.41846,10.00
0.017070,5.003554,0.497966,0.41810,10.00
0.017080,5.003914,0.496706,0.41795,10.00
0.017090,5.004212,0.495336,0.41793,10.00
0.017100,5.004454,0.493966,0.41797,10.00
0.017110,5.004668,0.492621,0.41800,10.00
0.017120,5.004821,0.491330,0.41806,10.00
0.017130,5.004916,0.490128,0.41815,10.00
0.017140,5.004960,0.489030,0.41824,10.00
0.017150,5.005144,0.488044,0.41833,10.00
0.017160,5.006015,0.486371,0.41747,10.00
0.017170,5.006784,0.483971,0.41710,10.00
0.017180,5.007431,0.481281,0.41700,10.00
0.017190,5.007951,0.478550,0.41706,10.00
0.017200,5.008171,0.475914,0.41720,10.00
0.017210,5.007582,0.474204,0.41826,10.00
0.017220,5.006947,0.473490,0.41887,10.00
0.017230,5.006300,0.473365,0.41921,10.00
0.017240,5.005660,0.473587,0.41939,10.00
0.017250,5.005027,0.474013,0.41948,10.00
0.017260,5.004374,0.474608,0.41956,10.00
0.017270,5.003754,0.475321,0.41959,10.00
0.017280,5.003171,0.476092,0.41958,10.00
0.017290,5.002626,0.476886,0.41954,10.00
0.017300,5.001901,0.477679,0.41950,10.00
0.017310,5.000361,0.479391,0.42055,10.00
0.017320,4.998934,0.482059,0.42103,10.00
0.017330,4.997647,0.485157,0.42117,10.00
0.017340,4.996511,0.488386,0.42112,10.00
0.017350,4.995594,0.491572,0.42097,10.00
0.017360,4.995085,0.494335,0.42044,10.00
0.017370,4.994689,0.496612,0.42006,10.00
0.017380,4.994389,0.498537,0.41979,10.00
0.017390,4.994170,0.500197,0.41957,10.00
0.017400,4.994104,0.501643,0.41940,10.00
0.017410,4.994425,0.502556,0.41884,10.00
0.017420,4.994770,0.502944,0.41852,10.00
0.017430,4.995121,0.503021,0.41834,10.00
0.017440,4.995470,0.502916,0.41825,10.00
0.017450,4.995783,0.502704,0.41820,10.00
0.017460,4.995984,0.502539,0.41832,10.00
0.017470,4.996179,0.502454,0.41838,10.00
0.017480,4.996370,0.502405,0.41842,10.00
0.017490,4.996558,0.502369,0.41844,10.00
0.017500,4.996602,0.502330,0.41845,10.00
0.017510,4.996094,0.502885,0.41917,10.00
0.017520,4.995632,0.504058,0.41952,10.00
0.017530,4.995234,0.505514,0.41964,10.00
0.017540,4.994907,0.507062,0.41965,10.00
0.017550,4.994687,0.508593,0.41960,10.00
0.017560,4.994676,0.509894,0.41933,10.00
0.017570,4.994716,0.510930,0.41914,10.00
0.017580,4.994797,0.511770,0.41901,10.00
0.017590,4.994912,0.512460,0.41891,10.00
0.017600,4.995165,0.513030,0.41883,10.00
0.017610,4.995871,0.513028,0.41821,10.00
0.017620,4.996556,0.512448,0.41789,10.00
0.017630,4.997203,0.511562,0.41775,10.00
0.017640,4.997803,0.510528,0.41771,10.00
0.017650,4.998240,0.509442,0.41773,10.00
0.017660,4.998195,0.508826,0.41834,10.00
0.017670,4.998138,0.508735,0.41867,10.00
0.017680,4.998085,0.508922,0.41884,10.00
0.017690,4.998045,0.509247,0.41892,10.00
0.017700,4.998279,0.509627,0.41895,10.00
0.017710,4.999535,0.508918,0.41765,10.00
0.017720,5.000719,0.507044,0.41701,10.00
0.017730,5.001795,0.504602,0.41676,10.00
0.017740,5.002749,0.501937,0.41672,10.00
0.017750,5.003325,0.499246,0.41681,10.00
0.017760,5.002801,0.497707,0.41822,10.00
0.017770,5.002248,0.497429,0.41899,10.00
0.017780,5.001704,0.497850,0.41940,10.00
0.017790,5.001193,0.498638,0.41959,10.00
0.017800,5.000834,0.499603,0.41965,10.00
0.017810,5.000944,0.500171,0.41910,10.00
0.017820,5.001066,0.500257,0.41880,10.00
0.017830,5.001183,0.500083,0.41864,10.00
0.017840,5.001288,0.499776,0.41857,10.00
0.017850,5.001433,0.499411,0.41855,10.00
0.017860,5.001778,0.498791,0.41827,10.00
0.017870,5.002087,0.497930,0.41815,10.00
0.017880,5.002352,0.496972,0.41812,10.00
0.017890,5.002571,0.496002,0.41814,10.00
0.017900,5.002752,0.495063,0.41819,10.00
0.017910,5.002912,0.494160,0.41823,10.00
0.017920,5.003031,0.493302,0.41828,10.00
0.017930,5.003112,0.492506,0.41834,10.00
0.017940,5.003159,0.491781,0.41840,10.00
0.017950,5.003003,0.491129,0.41846,10.00
0.017960,5.002153,0.491277,0.41938,10.00
0.017970,5.001338,0.492258,0.41984,10.00
0.017980,5.000583,0.493662,0.42004,10.00
0.017990,4.999902,0.495252,0.42009,10.00
0.018000,4.999487,0.496890,0.42005,10.00
0.018010,4.999887,0.497690,0.41901,10.00
0.018020,5.000295,0.497573,0.41845,10.00
0.018030,5.000682,0.496964,0.41818,10.00
0.018040,5.001032,0.496113,0.41806,10.00
0.018050,5.001210,0.495162,0.41803,10.00
0.018060,5.000844,0.494740,0.41870,10.00
0.018070,5.000479,0.494917,0.41906,10.00
0.018080,5.000132,0.495416,0.41923,10.00
0.018090,4.999815,0.496074,0.41930,10.00
0.018100,4.999220,0.496796,0.41931,10.00
0.018110,4.997449,0.498853,0.42086,10.00
0.018120,4.995821,0.502275,0.42157,10.00
0.018130,4.994373,0.506312,0.42179,10.00
0.018140,4.993122,0.510530,0.42176,10.00
0.018150,4.992212,0.514685,0.42157,10.00
0.018160,4.992059,0.518024,0.42059,10.00
0.018170,4.992031,0.520447,0.41996,10.00
0.018180,4.992096,0.522268,0.41954,10.00
0.018190,4.992232,0.523677,0.41926,10.00
0.018200,4.992630,0.524791,0.41906,10.00
0.018210,4.993879,0.524797,0.41787,10.00
0.018220,4.995090,0.523703,0.41726,10.00
0.018230,4.996229,0.522030,0.41699,10.00
0.018240,4.997279,0.520085,0.41692,10.00
0.018250,4.998109,0.518045,0.41696,10.00
0.018260,4.998362,0.516538,0.41767,10.00
0.018270,4.998562,0.515647,0.41810,10.00
0.018280,4.998732,0.515110,0.41834,10.00
0.018290,4.998883,0.514776,0.41848,10.00
0.018300,4.998957,0.514556,0.41857,10.00
0.018310,4.998773,0.514670,0.41894,10.00
0.018320,4.998604,0.515103,0.41913,10.00
0.018330,4.998461,0.515686,0.41920,10.00
0.018340,4.998346,0.516322,0.41922,10.00
0.018350,4.998531,0.516958,0.41920,10.00
0.018360,4.999796,0.516414,0.41780,10.00
0.018370,5.000993,0.514620,0.41711,10.00
0.018380,5.002084,0.512209,0.41683,10.00
0.018390,5.003054,0.509547,0.41678,10.00
0.018400,5.003779,0.506843,0.41685,10.00
0.018410,5.003923,0.504714,0.41759,10.00
0.018420,5.003989,0.503247,0.41804,10.00
0.018430,5.004001,0.502196,0.41832,10.00
0.018440,5.003972,0.501416,0.41851,10.00
0.018450,5.003929,0.500819,0.41863,10.00
0.018460,5.003924,0.500283,0.41864,10.00
0.018470,5.003895,0.499772,0.41866,10.00
0.018480,5.003845,0.499303,0.41869,10.00
0.018490,5.003774,0.498882,0.41873,10.00
0.018500,5.003487,0.498512,0.41876,10.00
0.018510,5.002407,0.499043,0.41980,10.00
0.018520,5.001384,0.500512,0.42031,10.00
0.018530,5.000446,0.502444,0.42051,10.00
0.018540,4.999606,0.504563,0.42054,10.00
0.018550,4.999122,0.506712,0.42047,10.00
0.018560,4.999730,0.507716,0.41907,10.00
0.018570,5.000345,0.507475,0.41832,10.00
0.018580,5.000926,0.506569,0.41795,10.00
0.018590,5.001453,0.505335,0.41779,10.00
0.018600,5.001944,0.503968,0.41776,10.00
0.018610,5.002469,0.502470,0.41767,10.00
0.018620,5.002921,0.500900,0.41768,10.00
0.018630,5.003300,0.499350,0.41775,10.00
0.018640,5.003610,0.497874,0.41784,10.00
0.018650,5.003960,0.496497,0.41794,10.00
0.018660,5.004666,0.494775,0.41751,10.00
0.018670,5.005280,0.492692,0.41735,10.00
0.018680,5.005793,0.490500,0.41736,10.00
0.018690,5.006205,0.488339,0.41744,10.00
0.018700,5.006219,0.486288,0.41757,10.00
0.018710,5.004974,0.485664,0.41923,10.00
0.018720,5.003751,0.486544,0.42010,10.00
0.018730,5.002598,0.488223,0.42050,10.00
0.018740,5.001537,0.490289,0.42065,10.00
0.018750,5.000825,0.492504,0.42064,10.00
0.018760,5.001175,0.493683,0.41932,10.00
0.018770,5.001542,0.493703,0.41860,10.00
0.018780,5.001891,0.493100,0.41824,10.00
0.018790,5.002201,0.492189,0.41808,10.00
0.018800,5.002417,0.491150,0.41803,10.00
0.018810,5.002395,0.490292,0.41829,10.00
0.018820,5.002341,0.489682,0.41846,10.00
0.018830,5.002265,0.489237,0.41857,10.00
0.018840,5.002172,0.488905,0.41864,10.00
0.018850,5.001856,0.488656,0.41869,10.00
0.018860,5.000709,0.489367,0.41979,10.00
0.018870,4.999629,0.491068,0.42033,10.00
0.018880,4.998645,0.493250,0.42053,10.00
0.018890,4.997771,0.495620,0.42056,10.00
0.018900,4.996975,0.498008,0.42048,10.00
0.018910,4.996158,0.500465,0.42052,10.00
0.018920,4.995458,0.502946,0.42044,10.00
0.018930,4.994871,0.505347,0.42031,10.00
0.018940,4.994392,0.507610,0.42015,10.00
0.018950,4.994319,0.509708,0.41999,10.00
0.018960,4.995529,0.510328,0.41828,10.00
0.018970,4.996716,0.509408,0.41738,10.00
0.018980,4.997832,0.507675,0.41697,10.00
0.018990,4.998852,0.505553,0.41682,10.00
0.019000,4.999696,0.503287,0.41683,10.00
0.019010,5.000157,0.501321,0.41728,10.00
0.019020,5.000538,0.499745,0.41758,10.00
0.019030,5.000853,0.498436,0.41779,10.00
0.019040,5.001113,0.497318,0.41795,10.00
0.019050,5.001426,0.496344,0.41807,10.00
0.019060,5.002087,0.495058,0.41767,10.00
0.019070,5.002676,0.493421,0.41751,10.00
0.019080,5.003185,0.491658,0.41749,10.00
0.019090,5.003610,0.489896,0.41755,10.00
0.019100,5.003872,0.488206,0.41765,10.00
0.019110,5.003731,0.486982,0.41819,10.00
0.019120,5.003550,0.486259,0.41851,10.00
0.019130,5.003346,0.485844,0.41870,10.00
0.019140,5.003129,0.485622,0.41882,10.00
0.019150,5.003028,0.485524,0.41889,10.00
0.019160,5.003397,0.484992,0.41831,10.00
0.019170,5.003726,0.483976,0.41804,10.00
0.019180,5.004001,0.482747,0.41795,10.00
0.019190,5.004217,0.481457,0.41795,10.00
0.019200,5.004064,0.480195,0.41800,10.00
0.019210,5.002648,0.480326,0.41964,10.00
0.019220,5.001287,0.481935,0.42047,10.00
0.019230,5.000029,0.484299,0.42083,10.00
0.019240,4.998893,0.486997,0.42092,10.00
0.019250,4.998184,0.489786,0.42087,10.00
0.019260,4.998754,0.491272,0.41924,10.00
0.019270,4.999347,0.491321,0.41836,10.00
0.019280,4.999917,0.490591,0.41792,10.00
0.019290,5.000439,0.489467,0.41772,10.00
0.019300,5.000746,0.488170,0.41766,10.00
0.019310,5.000382,0.487495,0.41847,10.00
0.019320,5.000010,0.487545,0.41891,10.00
0.019330,4.999653,0.487988,0.41913,10.00
0.019340,4.999324,0.488632,0.41923,10.00
0.019350,4.998892,0.489363,0.41925,10.00
0.019360,4.997961,0.490702,0.41993,10.00
0.019370,4.997114,0.492639,0.42022,10.00
0.019380,4.996365,0.494828,0.42030,10.00
0.019390,4.995722,0.497073,0.42025,10.00
0.019400,4.995289,0.499264,0.42014,10.00
0.019410,4.995371,0.500884,0.41947,10.00
0.019420,4.995508,0.501882,0.41906,10.00
0.019430,4.995678,0.502499,0.41882,10.00
0.019440,4.995869,0.502876,0.41867,10.00
0.019450,4.996196,0.503099,0.41858,10.00
0.019460,4.997018,0.502687,0.41789,10.00
0.019470,4.997799,0.501645,0.41756,10.00
0.019480,4.998520,0.500292,0.41743,10.00
0.019490,4.999172,0.498810,0.41741,10.00
0.019500,4.999635,0.497306,0.41746,10.00
0.019510,4.999570,0.496339,0.41814,10.00
0.019520,4.999479,0.495967,0.41852,10.00
0.019530,4.999382,0.495928,0.41873,10.00
0.019540,4.999288,0.496068,0.41883,10.00
0.019550,4.999172,0.496300,0.41888,10.00
0.019560,4.998946,0.496705,0.41906,10.00
0.019570,4.998743,0.497261,0.41913,10.00
0.019580,4.998568,0.497877,0.41915,10.00
0.019590,4.998423,0.498501,0.41913,10.00
0.019600,4.998315,0.499104,0.41910,10.00
0.019610,4.998271,0.499630,0.41901,10.00
0.019620,4.998248,0.500070,0.41895,10.00
0.019630,4.998243,0.500443,0.41890,10.00
0.019640,4.998254,0.500763,0.41886,10.00
0.019650,4.998429,0.501037,0.41882,10.00
0.019660,4.999204,0.500627,0.41803,10.00
0.019670,4.999937,0.499509,0.41765,10.00
0.019680,5.000604,0.498043,0.41749,10.00
0.019690,5.001198,0.496438,0.41747,10.00
0.019700,5.001849,0.494816,0.41752,10.00
0.019710,5.002944,0.492674,0.41694,10.00
0.019720,5.003921,0.490024,0.41672,10.00
0.019730,5.004768,0.487198,0.41671,10.00
0.019740,5.005482,0.484386,0.41682,10.00
0.019750,5.005816,0.481692,0.41698,10.00
0.019760,5.005045,0.480248,0.41844,10.00
0.019770,5.004250,0.480130,0.41924,10.00
0.019780,5.003476,0.480748,0.41965,10.00
0.019790,5.002744,0.481757,0.41984,10.00
0.019800,5.001865,0.482955,0.41989,10.00
0.019810,5.000258,0.485085,0.42090,10.00
0.019820,4.998782,0.488119,0.42133,10.00
0.019830,4.997463,0.491541,0.42143,10.00
0.019840,4.996308,0.495053,0.42135,10.00
0.019850,4.995337,0.498487,0.42118,10.00
0.019860,4.994608,0.501660,0.42085,10.00
0.019870,4.994017,0.504520,0.42056,10.00
0.019880,4.993551,0.507098,0.42031,10.00
0.019890,4.993197,0.509419,0.42008,10.00
0.019900,4.993264,0.511501,0.41987,10.00
0.019910,4.994667,0.511999,0.41807,10.00
0.019920,4.996039,0.510865,0.41713,10.00
0.019930,4.997327,0.508872,0.41670,10.00
0.019940,4.998507,0.506470,0.41656,10.00
0.019950,4.999510,0.503920,0.41658,10.00
0.019960,5.000172,0.501614,0.41697,10.00
0.019970,5.000736,0.499647,0.41726,10.00
0.019980,5.001214,0.497929,0.41748,10.00
0.019990,5.001619,0.496405,0.41765,10.00
0.020000,5.001755,0.495042,0.41780,10.00
0.020010,5.001046,0.494674,0.41895,10.00
0.020020,5.000354,0.495326,0.41954,10.00
0.020030,4.999710,0.496508,0.41982,10.00
0.020040,4.999131,0.497937,0.41991,10.00
0.020050,4.998577,0.499449,0.41991,10.00
0.020060,4.997921,0.501140,0.42007,10.00
0.020070,4.997349,0.502967,0.42009,10.00
0.020080,4.996863,0.504799,0.42003,10.00
0.020090,4.996461,0.506561,0.41992,10.00
0.020100,4.996132,0.508216,0.41980,10.00
0.020110,4.995853,0.509767,0.41971,10.00
0.020120,4.995643,0.511211,0.41960,10.00
0.020130,4.995497,0.512533,0.41949,10.00
0.020140,4.995408,0.513729,0.41938,10.00
0.020150,4.995608,0.514800,0.41928,10.00
0.020160,4.996779,0.514738,0.41798,10.00
0.020170,4.997909,0.513502,0.41733,10.00
0.020180,4.998958,0.511662,0.41704,10.00
0.020190,4.999912,0.509550,0.41696,10.00
0.020200,5.000579,0.507356,0.41700,10.00
0.020210,5.000430,0.505971,0.41803,10.00
0.020220,5.000246,0.505490,0.41861,10.00
0.020230,5.000056,0.505513,0.41891,10.00
0.020240,4.999875,0.505805,0.41907,10.00
0.020250,4.999760,0.506231,0.41913,10.00
0.020260,4.999849,0.506510,0.41891,10.00
0.020270,4.999945,0.506589,0.41879,10.00
0.020280,5.000041,0.506554,0.41872,10.00
0.020290,5.000133,0.506457,0.41869,10.00
0.020300,5.000411,0.506326,0.41868,10.00
0.020310,5.001426,0.505364,0.41771,10.00
0.020320,5.002368,0.503545,0.41725,10.00
0.020330,5.003211,0.501326,0.41709,10.00
0.020340,5.003945,0.498973,0.41709,10.00
0.020350,5.004351,0.496634,0.41718,10.00
0.020360,5.003802,0.495322,0.41842,10.00
0.020370,5.003229,0.495122,0.41910,10.00
0.020380,5.002667,0.495540,0.41945,10.00
0.020390,5.002136,0.496286,0.41961,10.00
0.020400,5.001732,0.497190,0.41967,10.00
0.020410,5.001706,0.497790,0.41923,10.00
0.020420,5.001696,0.498013,0.41898,10.00
0.020430,5.001690,0.498029,0.41885,10.00
0.020440,5.001681,0.497937,0.41878,10.00
0.020450,5.001308,0.497793,0.41875,10.00
0.020460,4.999529,0.499161,0.42056,10.00
0.020470,4.997868,0.502130,0.42142,10.00
0.020480,4.996372,0.505860,0.42174,10.00
0.020490,4.995061,0.509867,0.42176,10.00
0.020500,4.994278,0.513874,0.42162,10.00
0.020510,4.994999,0.516283,0.41968,10.00
0.020520,4.995776,0.516945,0.41860,10.00
0.020530,4.996550,0.516626,0.41803,10.00
0.020540,4.997291,0.515771,0.41775,10.00
0.020550,4.998014,0.514646,0.41764,10.00
0.020560,4.998807,0.513261,0.41746,10.00
0.020570,4.999529,0.511700,0.41742,10.00
0.020580,5.000175,0.510091,0.41746,10.00
0.020590,5.000745,0.508507,0.41754,10.00
0.020600,5.001357,0.506990,0.41764,10.00
0.020610,5.002348,0.505071,0.41717,10.00
0.020620,5.003235,0.502737,0.41700,10.00
0.020630,5.004007,0.500265,0.41700,10.00
0.020640,5.004664,0.497810,0.41710,10.00
0.020650,5.004974,0.495459,0.41724,10.00
0.020660,5.004270,0.494252,0.41859,10.00
0.020670,5.003549,0.494258,0.41932,10.00
0.020680,5.002851,0.494930,0.41969,10.00
0.020690,5.002198,0.495949,0.41985,10.00
0.020700,5.001718,0.497129,0.41989,10.00
0.020710,5.001765,0.497849,0.41926,10.00
0.020720,5.001828,0.498024,0.41892,10.00
0.020730,5.001890,0.497904,0.41873,10.00
0.020740,5.001942,0.497634,0.41865,10.00
0.020750,5.001848,0.497298,0.41861,10.00
0.020760,5.001223,0.497505,0.41927,10.00
0.020770,5.000628,0.498308,0.41960,10.00
0.020780,5.000082,0.499409,0.41974,10.00
0.020790,4.999592,0.500636,0.41977,10.00
0.020800,4.999018,0.501889,0.41973,10.00
0.020810,4.997947,0.503720,0.42039,10.00
0.020820,4.996981,0.506125,0.42065,10.00
0.020830,4.996136,0.508753,0.42069,10.00
0.020840,4.995415,0.511402,0.42061,10.00
0.020850,4.994966,0.513960,0.42047,10.00
0.020860,4.995223,0.515722,0.41953,10.00
0.020870,4.995533,0.516628,0.41899,10.00
0.020880,4.995868,0.517027,0.41868,10.00
0.020890,4.996210,0.517122,0.41851,10.00
0.020900,4.996398,0.517037,0.41841,10.00
0.020910,4.995983,0.517493,0.41914,10.00
0.020920,4.995609,0.518566,0.41949,10.00
0.020930,4.995294,0.519920,0.41962,10.00
0.020940,4.995045,0.521365,0.41964,10.00
0.020950,4.995095,0.522793,0.41959,10.00
0.020960,4.996114,0.523155,0.41833,10.00
0.020970,4.997111,0.522376,0.41768,10.00
0.020980,4.998050,0.520993,0.41738,10.00
0.020990,4.998914,0.519318,0.41728,10.00
0.021000,4.999589,0.517534,0.41729,10.00
0.021010,4.999769,0.516194,0.41789,10.00
0.021020,4.999904,0.515376,0.41825,10.00
0.021030,5.000009,0.514865,0.41846,10.00
0.021040,5.000097,0.514533,0.41858,10.00
0.021050,5.000291,0.514306,0.41866,10.00
0.021060,5.000941,0.513633,0.41810,10.00
0.021070,5.001542,0.512464,0.41784,10.00
0.021080,5.002081,0.511068,0.41776,10.00
0.021090,5.002552,0.509598,0.41777,10.00
0.021100,5.002890,0.508141,0.41783,10.00
0.021110,5.002918,0.507015,0.41823,10.00
0.021120,5.002905,0.506257,0.41848,10.00
0.021130,5.002864,0.505730,0.41863,10.00
0.021140,5.002804,0.505353,0.41873,10.00
0.021150,5.002829,0.505075,0.41880,10.00
0.021160,5.003231,0.504444,0.41834,10.00
0.021170,5.003591,0.503421,0.41813,10.00
0.021180,5.003898,0.502230,0.41806,10.00
0.021190,5.004147,0.500997,0.41807,10.00
0.021200,5.004402,0.499795,0.41813,10.00
0.021210,5.004844,0.498399,0.41789,10.00
0.021220,5.005215,0.496816,0.41782,10.00
0.021230,5.005510,0.495200,0.41785,10.00
0.021240,5.005733,0.493636,0.41792,10.00
0.021250,5.005814,0.492171,0.41802,10.00
0.021260,5.005556,0.491128,0.41849,10.00
0.021270,5.005264,0.490531,0.41877,10.00
0.021280,5.004955,0.490213,0.41893,10.00
0.021290,5.004637,0.490072,0.41903,10.00
0.021300,5.004330,0.490049,0.41908,10.00
0.021310,5.004071,0.490055,0.41906,10.00
0.021320,5.003813,0.490064,0.41904,10.00
0.021330,5.003558,0.490088,0.41904,10.00
0.021340,5.003305,0.490134,0.41903,10.00
0.021350,5.002909,0.490202,0.41903,10.00
0.021360,5.001944,0.490918,0.41977,10.00
0.021370,5.001036,0.492312,0.42012,10.00
0.021380,5.000206,0.494031,0.42025,10.00
0.021390,4.999461,0.495873,0.42025,10.00
0.021400,4.998737,0.497722,0.42018,10.00
0.021410,4.997844,0.499792,0.42040,10.00
0.021420,4.997054,0.502060,0.42044,10.00
0.021430,4.996372,0.504355,0.42037,10.00
0.021440,4.995796,0.506577,0.42025,10.00
0.021450,4.995541,0.508676,0.42010,10.00
0.021460,4.996241,0.509684,0.41883,10.00
0.021470,4.996949,0.509546,0.41815,10.00
0.021480,4.997630,0.508784,0.41781,10.00
0.021490,4.998263,0.507703,0.41766,10.00
0.021500,4.998844,0.506480,0.41763,10.00
0.021510,4.999379,0.505202,0.41764,10.00
0.021520,4.999854,0.503927,0.41770,10.00
0.021530,5.000270,0.502696,0.41777,10.00
0.021540,5.000630,0.501531,0.41786,10.00
0.021550,5.001059,0.500443,0.41795,10.00
0.021560,5.001910,0.498921,0.41742,10.00
0.021570,5.002675,0.496941,0.41721,10.00
0.021580,5.003340,0.494789,0.41718,10.00
0.021590,5.003904,0.492627,0.41725,10.00
0.021600,5.003888,0.490544,0.41737,10.00
0.021610,5.001902,0.490639,0.41995,10.00
0.021620,4.999998,0.493032,0.42125,10.00
0.021630,4.998246,0.496592,0.42182,10.00
0.021640,4.996679,0.500661,0.42197,10.00
0.021650,4.995647,0.504864,0.42189,10.00
0.021660,4.996134,0.507539,0.41998,10.00
0.021670,4.996689,0.508505,0.41891,10.00
0.021680,4.997257,0.508503,0.41832,10.00
0.021690,4.997807,0.507969,0.41803,10.00
0.021700,4.998432,0.507159,0.41790,10.00
0.021710,4.999444,0.505752,0.41731,10.00
0.021720,5.000371,0.503811,0.41706,10.00
0.021730,5.001199,0.501648,0.41701,10.00
0.021740,5.001924,0.499440,0.41707,10.00
0.021750,5.002262,0.497287,0.41718,10.00
0.021760,5.001395,0.496454,0.41876,10.00
0.021770,5.000535,0.497027,0.41959,10.00
0.021780,4.999727,0.498344,0.41999,10.00
0.021790,4.998994,0.500020,0.42014,10.00
0.021800,4.998484,0.501833,0.42016,10.00
0.021810,4.998603,0.503061,0.41939,10.00
0.021820,4.998757,0.503606,0.41895,10.00
0.021830,4.998924,0.503759,0.41871,10.00
0.021840,4.999091,0.503693,0.41858,10.00
0.021850,4.999235,0.503507,0.41852,10.00
0.021860,4.999306,0.503328,0.41857,10.00
0.021870,4.999370,0.503194,0.41861,10.00
0.021880,4.999429,0.503086,0.41863,10.00
0.021890,4.999483,0.502994,0.41865,10.00
0.021900,4.999410,0.502914,0.41866,10.00
0.021910,4.998856,0.503362,0.41929,10.00
0.021920,4.998342,0.504363,0.41959,10.00
0.021930,4.997883,0.505623,0.41970,10.00
0.021940,4.997486,0.506977,0.41971,10.00
0.021950,4.997235,0.508328,0.41966,10.00
0.021960,4.997366,0.509274,0.41917,10.00
0.021970,4.997525,0.509770,0.41889,10.00
0.021980,4.997699,0.509998,0.41872,10.00
0.021990,4.997878,0.510067,0.41863,10.00
0.022000,4.998365,0.510038,0.41858,10.00
0.022010,5.000051,0.508636,0.41699,10.00
0.022020,5.001624,0.505822,0.41624,10.00
0.022030,5.003041,0.502342,0.41597,10.00
0.022040,5.004287,0.498624,0.41596,10.00
0.022050,5.005047,0.494914,0.41610,10.00
0.022060,5.004425,0.492672,0.41789,10.00
0.022070,5.003752,0.492032,0.41888,10.00
0.022080,5.003079,0.492293,0.41941,10.00
0.022090,5.002435,0.493044,0.41967,10.00
0.022100,5.001929,0.494042,0.41977,10.00
0.022110,5.001837,0.494751,0.41931,10.00
0.022120,5.001766,0.495072,0.41906,10.00
0.022130,5.001704,0.495179,0.41891,10.00
0.022140,5.001643,0.495172,0.41884,10.00
0.022150,5.001530,0.495111,0.41880,10.00
0.022160,5.001214,0.495245,0.41904,10.00
0.022170,5.000912,0.495605,0.41916,10.00
0.022180,5.000632,0.496079,0.41921,10.00
0.022190,5.000375,0.496603,0.41921,10.00
0.022200,5.000328,0.497138,0.41920,10.00
0.022210,5.001020,0.496882,0.41824,10.00
0.022220,5.001673,0.495786,0.41777,10.00
0.022230,5.002260,0.494279,0.41757,10.00
0.022240,5.002772,0.492608,0.41753,10.00
0.022250,5.003245,0.490912,0.41757,10.00
0.022260,5.003802,0.489096,0.41745,10.00
0.022270,5.004271,0.487192,0.41746,10.00
0.022280,5.004652,0.485319,0.41754,10.00
0.022290,5.004949,0.483542,0.41765,10.00
0.022300,5.005077,0.481894,0.41778,10.00
0.022310,5.004778,0.480775,0.41836,10.00
0.022320,5.004446,0.480209,0.41871,10.00
0.022330,5.004099,0.479978,0.41890,10.00
0.022340,5.003750,0.479952,0.41901,10.00
0.022350,5.003356,0.480053,0.41907,10.00
0.022360,5.002784,0.480440,0.41934,10.00
0.022370,5.002239,0.481092,0.41947,10.00
0.022380,5.001730,0.481877,0.41951,10.00
0.022390,5.001261,0.482718,0.41950,10.00
0.022400,5.001103,0.483569,0.41946,10.00
0.022410,5.002035,0.483255,0.41805,10.00
0.022420,5.002913,0.481708,0.41735,10.00
0.022430,5.003698,0.479557,0.41705,10.00
0.022440,5.004374,0.477168,0.41699,10.00
0.022450,5.004579,0.474745,0.41705,10.00
0.022460,5.003273,0.473936,0.41899,10.00
0.022470,5.001989,0.474871,0.42000,10.00
0.022480,5.000780,0.476732,0.42048,10.00
0.022490,4.999674,0.479040,0.42066,10.00
0.022500,4.998528,0.481517,0.42066,10.00
0.022510,4.996891,0.484670,0.42136,10.00
0.022520,4.995424,0.488440,0.42159,10.00
0.022530,4.994141,0.492410,0.42157,10.00
0.022540,4.993043,0.496342,0.42140,10.00
0.022550,4.992155,0.500107,0.42117,10.00
0.022560,4.991555,0.503505,0.42075,10.00
0.022570,4.991100,0.506498,0.42041,10.00
0.022580,4.990773,0.509149,0.42013,10.00
0.022590,4.990560,0.511498,0.41988,10.00
0.022600,4.990552,0.513580,0.41966,10.00
0.022610,4.991038,0.514973,0.41894,10.00
0.022620,4.991566,0.515679,0.41852,10.00
0.022630,4.992111,0.515963,0.41828,10.00
0.022640,4.992659,0.515984,0.41815,10.00
0.022650,4.993380,0.515839,0.41808,10.00
0.022660,4.994785,0.514823,0.41714,10.00
0.022670,4.996112,0.512939,0.41670,10.00
0.022680,4.997335,0.510633,0.41655,10.00
0.022690,4.998443,0.508164,0.41656,10.00
0.022700,4.999242,0.505684,0.41666,10.00
0.022710,4.999184,0.504086,0.41777,10.00
0.022720,4.999083,0.503455,0.41839,10.00
0.022730,4.998969,0.503364,0.41873,10.00
0.022740,4.998860,0.503564,0.41890,10.00
0.022750,4.998530,0.503908,0.41898,10.00
0.022760,4.997307,0.505312,0.42019,10.00
0.022770,4.996184,0.507775,0.42075,10.00
0.022780,4.995192,0.510715,0.42094,10.00
0.022790,4.994343,0.513800,0.42092,10.00
0.022800,4.993876,0.516840,0.42079,10.00
0.022810,4.994473,0.518720,0.41941,10.00
0.022820,4.995115,0.519338,0.41863,10.00
0.022830,4.995762,0.519235,0.41821,10.00
0.022840,4.996389,0.518728,0.41800,10.00
0.022850,4.997211,0.518004,0.41791,10.00
0.022860,4.998882,0.516203,0.41674,10.00
0.022870,5.000432,0.513345,0.41622,10.00
0.022880,5.001830,0.510006,0.41606,10.00
0.022890,5.003066,0.506520,0.41611,10.00
0.022900,5.003953,0.503075,0.41626,10.00
0.022910,5.003959,0.500568,0.41741,10.00
0.022920,5.003880,0.499089,0.41809,10.00
0.022930,5.003753,0.498226,0.41849,10.00
0.022940,5.003599,0.497733,0.41872,10.00
0.022950,5.003596,0.497467,0.41886,10.00
0.022960,5.004240,0.496625,0.41809,10.00
0.022970,5.004822,0.495125,0.41774,10.00
0.022980,5.005325,0.493331,0.41762,10.00
0.022990,5.005742,0.491452,0.41762,10.00
0.023000,5.005779,0.489606,0.41770,10.00
0.023010,5.004592,0.489105,0.41929,10.00
0.023020,5.003431,0.490038,0.42011,10.00
0.023030,5.002339,0.491728,0.42050,10.00
0.023040,5.001341,0.493779,0.42063,10.00
0.023050,5.000479,0.495961,0.42061,10.00
0.023060,4.999859,0.497993,0.42035,10.00
0.023070,4.999328,0.499793,0.42013,10.00
0.023080,4.998876,0.501405,0.41996,10.00
0.023090,4.998494,0.502860,0.41980,10.00
0.023100,4.998278,0.504175,0.41967,10.00
0.023110,4.998519,0.504930,0.41904,10.00
0.023120,4.998775,0.505115,0.41869,10.00
0.023130,4.999030,0.504981,0.41850,10.00
0.023140,4.999272,0.504675,0.41841,10.00
0.023150,4.999658,0.504283,0.41838,10.00
0.023160,5.000650,0.503169,0.41756,10.00
0.023170,5.001565,0.501332,0.41719,10.00
0.023180,5.002382,0.499168,0.41707,10.00
0.023190,5.003095,0.496906,0.41710,10.00
0.023200,5.003537,0.494674,0.41720,10.00
0.023210,5.003237,0.493245,0.41816,10.00
0.023220,5.002899,0.492688,0.41871,10.00
0.023230,5.002552,0.492631,0.41901,10.00
0.023240,5.002212,0.492855,0.41916,10.00
0.023250,5.001715,0.493231,0.41923,10.00
0.023260,5.000568,0.494418,0.42012,10.00
0.023270,4.999504,0.496405,0.42053,10.00
0.023280,4.998546,0.498759,0.42066,10.00
0.023290,4.997703,0.501229,0.42064,10.00
0.023300,4.997063,0.503674,0.42053,10.00
0.023310,4.996873,0.505645,0.41995,10.00
0.023320,4.996758,0.507082,0.41957,10.00
0.023330,4.996698,0.508173,0.41933,10.00
0.023340,4.996682,0.509030,0.41916,10.00
0.023350,4.996689,0.509721,0.41904,10.00
0.023360,4.996683,0.510334,0.41901,10.00
0.023370,4.996703,0.510897,0.41897,10.00
0.023380,4.996746,0.511404,0.41893,10.00
0.023390,4.996811,0.511853,0.41889,10.00
0.023400,4.997066,0.512243,0.41885,10.00
0.023410,4.998002,0.511849,0.41795,10.00
0.023420,4.998891,0.510641,0.41751,10.00
0.023430,4.999710,0.509027,0.41733,10.00
0.023440,5.000446,0.507244,0.41730,10.00
0.023450,5.000943,0.505429,0.41735,10.00
0.023460,5.000752,0.504316,0.41823,10.00
0.023470,5.000534,0.503980,0.41871,10.00
0.023480,5.000314,0.504075,0.41897,10.00
0.023490,5.000107,0.504400,0.41910,10.00
0.023500,4.999980,0.504837,0.41915,10.00
0.023510,5.000112,0.505060,0.41885,10.00
0.023520,5.000247,0.505017,0.41869,10.00
0.023530,5.000374,0.504830,0.41861,10.00
0.023540,5.000490,0.504573,0.41858,10.00
0.023550,5.000305,0.504285,0.41857,10.00
0.023560,4.998982,0.505220,0.42004,10.00
0.023570,4.997746,0.507449,0.42074,10.00
0.023580,4.996635,0.510296,0.42102,10.00
0.023590,4.995666,0.513371,0.42104,10.00
0.023600,4.995286,0.516453,0.42094,10.00
0.023610,4.996779,0.517525,0.41852,10.00
0.023620,4.998249,0.516434,0.41726,10.00
0.023630,4.999629,0.514200,0.41665,10.00
0.023640,5.000885,0.511418,0.41643,10.00
0.023650,5.001862,0.508431,0.41643,10.00
0.023660,5.002149,0.506037,0.41725,10.00
0.023670,5.002347,0.504372,0.41776,10.00
0.023680,5.002482,0.503163,0.41808,10.00
0.023690,5.002569,0.502247,0.41828,10.00
0.023700,5.002441,0.501526,0.41843,10.00
0.023710,5.001587,0.501704,0.41943,10.00
0.023720,5.000770,0.502780,0.41993,10.00
0.023730,5.000020,0.504309,0.42015,10.00
0.023740,4.999349,0.506031,0.42019,10.00
0.023750,4.998932,0.507797,0.42015,10.00
0.023760,4.999265,0.508793,0.41920,10.00
0.023770,4.999616,0.508939,0.41868,10.00
0.023780,4.999959,0.508618,0.41841,10.00
0.023790,5.000279,0.508053,0.41828,10.00
0.023800,5.000415,0.507373,0.41824,10.00
0.023810,4.999922,0.507307,0.41901,10.00
0.023820,4.999448,0.507925,0.41941,10.00
0.023830,4.999015,0.508891,0.41959,10.00
0.023840,4.998633,0.510009,0.41964,10.00
0.023850,4.998755,0.511166,0.41962,10.00
0.023860,5.000686,0.510380,0.41729,10.00
0.023870,5.002512,0.507526,0.41614,10.00
0.023880,5.004169,0.503654,0.41566,10.00
0.023890,5.005630,0.499371,0.41557,10.00
0.023900,5.006603,0.495022,0.41569,10.00
0.023910,5.006275,0.492010,0.41734,10.00
0.023920,5.005855,0.490494,0.41830,10.00
0.023930,5.005393,0.489857,0.41884,10.00
0.023940,5.004920,0.489733,0.41914,10.00
0.023950,5.004620,0.489908,0.41930,10.00
0.023960,5.004993,0.489535,0.41852,10.00
0.023970,5.005327,0.488505,0.41815,10.00
0.023980,5.005604,0.487171,0.41799,10.00
0.023990,5.005816,0.485736,0.41797,10.00
0.024000,5.005793,0.484313,0.41801,10.00
0.024010,5.005052,0.483682,0.41894,10.00
0.024020,5.004311,0.483907,0.41944,10.00
0.024030,5.003597,0.484605,0.41968,10.00
0.024040,5.002925,0.485549,0.41978,10.00
0.024050,5.002432,0.486607,0.41980,10.00
0.024060,5.002496,0.487151,0.41911,10.00
0.024070,5.002567,0.487110,0.41874,10.00
0.024080,5.002627,0.486765,0.41856,10.00
0.024090,5.002666,0.486278,0.41848,10.00
0.024100,5.002342,0.485742,0.41846,10.00
0.024110,5.000671,0.486656,0.42019,10.00
0.024120,4.999095,0.489114,0.42103,10.00
0.024130,4.997661,0.492328,0.42137,10.00
0.024140,4.996388,0.495841,0.42142,10.00
0.024150,4.995211,0.499391,0.42131,10.00
0.024160,4.993921,0.503135,0.42147,10.00
0.024170,4.992812,0.507008,0.42142,10.00
0.024180,4.991881,0.510801,0.42124,10.00
0.024190,4.991122,0.514403,0.42100,10.00
0.024200,4.990862,0.517755,0.42074,10.00
0.024210,4.992069,0.519390,0.41877,10.00
0.024220,4.993292,0.519234,0.41771,10.00
0.024230,4.994473,0.518093,0.41718,10.00
0.024240,4.995581,0.516438,0.41695,10.00
0.024250,4.996669,0.514545,0.41689,10.00
0.024260,4.997921,0.512293,0.41660,10.00
0.024270,4.999056,0.509761,0.41654,10.00
0.024280,5.000069,0.507157,0.41661,10.00
0.024290,5.000960,0.504600,0.41674,10.00
0.024300,5.001597,0.502154,0.41690,10.00
0.024310,5.001592,0.500436,0.41777,10.00
0.024320,5.001532,0.499488,0.41827,10.00
0.024330,5.001442,0.498993,0.41856,10.00
0.024340,5.001338,0.498764,0.41873,10.00
0.024350,5.001094,0.498690,0.41882,10.00
0.024360,5.000321,0.499283,0.41956,10.00
0.024370,4.999598,0.500532,0.41991,10.00
0.024380,4.998945,0.502093,0.42004,10.00
0.024390,4.998369,0.503768,0.42004,10.00
0.024400,4.997714,0.505444,0.41998,10.00
0.024410,4.996523,0.507729,0.42068,10.00
0.024420,4.995460,0.510620,0.42095,10.00
0.024430,4.994539,0.513730,0.42098,10.00
0.024440,4.993764,0.516837,0.42087,10.00
0.024450,4.993671,0.519819,0.42070,10.00
0.024460,4.995814,0.520310,0.41776,10.00
0.024470,4.997893,0.518174,0.41626,10.00
0.024480,4.999824,0.514677,0.41557,10.00
0.024490,5.001570,0.510556,0.41536,10.00
0.024500,5.002795,0.506237,0.41541,10.00
0.024510,5.002578,0.503318,0.41720,10.00
0.024520,5.002276,0.501994,0.41823,10.00
0.024530,5.001942,0.501584,0.41879,10.00
0.024540,5.001606,0.501687,0.41910,10.00
0.024550,5.001130,0.502067,0.41925,10.00
0.024560,5.000076,0.503246,0.42009,10.00
0.024570,4.999102,0.505175,0.42047,10.00
0.024580,4.998230,0.507441,0.42059,10.00
0.024590,4.997469,0.509809,0.42057,10.00
0.024600,4.997187,0.512144,0.42046,10.00
0.024610,4.998450,0.512799,0.41845,10.00
0.024620,4.999684,0.511663,0.41741,10.00
0.024630,5.000834,0.509593,0.41692,10.00
0.024640,5.001871,0.507086,0.41675,10.00
0.024650,5.002742,0.504430,0.41676,10.00
0.024660,5.003322,0.501969,0.41708,10.00
0.024670,5.003796,0.499803,0.41734,10.00
0.024680,5.004177,0.497879,0.41755,10.00
0.024690,5.004475,0.496162,0.41774,10.00
0.024700,5.004391,0.494627,0.41789,10.00
0.024710,5.003046,0.494563,0.41958,10.00
0.024720,5.001750,0.496016,0.42044,10.00
0.024730,5.000548,0.498247,0.42083,10.00
0.024740,4.999464,0.500827,0.42093,10.00
0.024750,4.998571,0.503510,0.42089,10.00
0.024760,4.998058,0.505875,0.42043,10.00
0.024770,4.997644,0.507833,0.42011,10.00
0.024780,4.997312,0.509496,0.41987,10.00
0.024790,4.997051,0.510938,0.41969,10.00
0.024800,4.997053,0.512201,0.41954,10.00
0.024810,4.997893,0.512459,0.41840,10.00
0.024820,4.998710,0.511691,0.41781,10.00
0.024830,4.999472,0.510388,0.41754,10.00
0.024840,5.000164,0.508837,0.41745,10.00
0.024850,5.000772,0.507201,0.41747,10.00
0.024860,5.001272,0.505609,0.41758,10.00
0.024870,5.001699,0.504116,0.41769,10.00
0.024880,5.002060,0.502730,0.41781,10.00
0.024890,5.002359,0.501454,0.41792,10.00
0.024900,5.002720,0.500286,0.41803,10.00
0.024910,5.003487,0.498722,0.41753,10.00
0.024920,5.004168,0.496734,0.41734,10.00
0.024930,5.004750,0.494595,0.41732,10.00
0.024940,5.005232,0.492460,0.41739,10.00
0.024950,5.005539,0.490415,0.41751,10.00
0.024960,5.005454,0.488834,0.41804,10.00
0.024970,5.005312,0.487754,0.41837,10.00
0.024980,5.005131,0.486999,0.41858,10.00
0.024990,5.004923,0.486463,0.41872,10.00
0.025000,5.004667,0.486080,0.41881,10.00
0.025010,5.004284,0.485932,0.41902,10.00
0.025020,5.003903,0.486000,0.41913,10.00
0.025030,5.003531,0.486197,0.41919,10.00
0.025040,5.003171,0.486470,0.41921,10.00
0.025050,5.002631,0.486789,0.41921,10.00
0.025060,5.001345,0.487968,0.42019,10.00
0.025070,5.000145,0.490032,0.42064,10.00
0.025080,4.999057,0.492511,0.42080,10.00
0.025090,4.998090,0.495132,0.42078,10.00
0.025100,4.997350,0.497740,0.42067,10.00
0.025110,4.997128,0.499813,0.42000,10.00
0.025120,4.996984,0.501283,0.41958,10.00
0.025130,4.996897,0.502372,0.41931,10.00
0.025140,4.996852,0.503210,0.41913,10.00
0.025150,4.996717,0.503877,0.41901,10.00
0.025160,4.996129,0.504946,0.41955,10.00
0.025170,4.995607,0.506470,0.41978,10.00
0.025180,4.995161,0.508179,0.41984,10.00
0.025190,4.994796,0.509916,0.41980,10.00
0.025200,4.994992,0.511596,0.41971,10.00
0.025210,4.997134,0.511125,0.41718,10.00
0.025220,4.999178,0.508385,0.41591,10.00
0.025230,5.001055,0.504504,0.41537,10.00
0.025240,5.002732,0.500139,0.41524,10.00
0.025250,5.004058,0.495663,0.41535,10.00
0.025260,5.004626,0.491891,0.41628,10.00
0.025270,5.005046,0.488966,0.41690,10.00
0.025280,5.005347,0.486613,0.41733,10.00
0.025290,5.005551,0.484665,0.41764,10.00
0.025300,5.005481,0.483020,0.41787,10.00
0.025310,5.004590,0.482437,0.41903,10.00
0.025320,5.003706,0.482913,0.41964,10.00
0.025330,5.002866,0.483959,0.41993,10.00
0.025340,5.002085,0.485292,0.42004,10.00
0.025350,5.001266,0.486744,0.42005,10.00
0.025360,5.000103,0.488673,0.42053,10.00
0.025370,4.999046,0.491044,0.42071,10.00
0.025380,4.998107,0.493577,0.42070,10.00
0.025390,4.997288,0.496109,0.42061,10.00
0.025400,4.996465,0.498551,0.42046,10.00
0.025410,4.995288,0.501364,0.42090,10.00
0.025420,4.994256,0.504548,0.42101,10.00
0.025430,4.993375,0.507810,0.42095,10.00
0.025440,4.992645,0.510988,0.42079,10.00
0.025450,4.992058,0.513993,0.42059,10.00
0.025460,4.991609,0.516777,0.42037,10.00
0.025470,4.991282,0.519320,0.42014,10.00
0.025480,4.991064,0.521621,0.41993,10.00
0.025490,4.990946,0.523686,0.41974,10.00
0.025500,4.991081,0.525526,0.41956,10.00
0.025510,4.991936,0.526449,0.41856,10.00
0.025520,4.992802,0.526437,0.41802,10.00
0.025530,4.993648,0.525893,0.41774,10.00
0.025540,4.994457,0.525058,0.41762,10.00
0.025550,4.995522,0.524071,0.41759,10.00
0.025560,4.997713,0.521729,0.41608,10.00
0.025570,4.999747,0.518023,0.41540,10.00
0.025580,5.001585,0.513696,0.41520,10.00
0.025590,5.003212,0.509178,0.41526,10.00
0.025600,5.004161,0.504712,0.41546,10.00
0.025610,5.003093,0.502418,0.41809,10.00
0.025620,5.001993,0.502460,0.41951,10.00
0.025630,5.000938,0.503767,0.42023,10.00
0.025640,4.999966,0.505717,0.42054,10.00
0.025650,4.999262,0.507949,0.42062,10.00
0.025660,4.999315,0.509544,0.41974,10.00
0.025670,4.999417,0.510353,0.41923,10.00
0.025680,4.999542,0.510705,0.41894,10.00
0.025690,4.999674,0.510795,0.41878,10.00
0.025700,4.999954,0.510735,0.41869,10.00
0.025710,5.000803,0.509965,0.41790,10.00
0.025720,5.001593,0.508492,0.41753,10.00
0.025730,5.002303,0.506692,0.41740,10.00
0.025740,5.002924,0.504778,0.41740,10.00
0.025750,5.003305,0.502873,0.41747,10.00
0.025760,5.003017,0.501682,0.41834,10.00
0.025770,5.002699,0.501271,0.41883,10.00
0.025780,5.002377,0.501302,0.41909,10.00
0.025790,5.002065,0.501578,0.41922,10.00
0.025800,5.002171,0.501982,0.41927,10.00
0.025810,5.003860,0.500739,0.41726,10.00
0.025820,5.005432,0.497732,0.41629,10.00
0.025830,5.006835,0.493884,0.41591,10.00
0.025840,5.008047,0.489730,0.41587,10.00
0.025850,5.008701,0.485572,0.41601,10.00
0.025860,5.007750,0.483126,0.41807,10.00
0.025870,5.006747,0.482554,0.41922,10.00
0.025880,5.005754,0.483037,0.41982,10.00
0.025890,5.004804,0.484095,0.42011,10.00
0.025900,5.003887,0.485445,0.42021,10.00
0.025910,5.002931,0.487043,0.42036,10.00
0.025920,5.002056,0.488798,0.42037,10.00
0.025930,5.001266,0.490589,0.42032,10.00
0.025940,5.000560,0.492345,0.42022,10.00
0.025950,5.000320,0.494030,0.42010,10.00
0.025960,5.001653,0.493984,0.41804,10.00
0.025970,5.002924,0.492123,0.41700,10.00
0.025980,5.004078,0.489352,0.41654,10.00
0.025990,5.005088,0.486194,0.41641,10.00
0.026000,5.005665,0.482951,0.41647,10.00
0.026010,5.004989,0.480996,0.41806,10.00
0.026020,5.004270,0.480477,0.41894,10.00
0.026030,5.003554,0.480768,0.41941,10.00
0.026040,5.002868,0.481504,0.41963,10.00
0.026050,5.002428,0.482468,0.41972,10.00
0.026060,5.002829,0.482670,0.41871,10.00
0.026070,5.003211,0.481996,0.41819,10.00
0.026080,5.003548,0.480885,0.41795,10.00
0.026090,5.003827,0.479589,0.41787,10.00
0.026100,5.003790,0.478251,0.41789,10.00
0.026110,5.002700,0.478038,0.41923,10.00
0.026120,5.001641,0.479043,0.41992,10.00
0.026130,5.000652,0.480683,0.42024,10.00
0.026140,4.999750,0.482620,0.42034,10.00
0.026150,4.998776,0.484657,0.42031,10.00
0.026160,4.997247,0.487396,0.42107,10.00
0.026170,4.995869,0.490805,0.42135,10.00
0.026180,4.994660,0.494457,0.42136,10.00
0.026190,4.993623,0.498107,0.42123,10.00
0.026200,4.993111,0.501618,0.42103,10.00
0.026210,4.994151,0.503393,0.41898,10.00
0.026220,4.995213,0.503327,0.41787,10.00
0.026230,4.996237,0.502253,0.41731,10.00
0.026240,4.997193,0.500661,0.41707,10.00
0.026250,4.997964,0.498833,0.41701,10.00
0.026260,4.998256,0.497361,0.41755,10.00
0.026270,4.998492,0.496360,0.41789,10.00
0.026280,4.998691,0.495644,0.41809,10.00
0.026290,4.998861,0.495103,0.41823,10.00
0.026300,4.998887,0.494673,0.41831,10.00
0.026310,4.998420,0.494836,0.41899,10.00
0.026320,4.997980,0.495592,0.41933,10.00
0.026330,4.997586,0.496640,0.41947,10.00
0.026340,4.997244,0.497806,0.41950,10.00
0.026350,4.996982,0.498989,0.41947,10.00
0.026360,4.996870,0.500028,0.41929,10.00
0.026370,4.996801,0.500891,0.41916,10.00
0.026380,4.996768,0.501620,0.41906,10.00
0.026390,4.996764,0.502242,0.41898,10.00
0.026400,4.996891,0.502777,0.41891,10.00
0.026410,4.997442,0.502796,0.41834,10.00
0.026420,4.997977,0.502288,0.41804,10.00
0.026430,4.998478,0.501505,0.41791,10.00
0.026440,4.998937,0.500595,0.41788,10.00
0.026450,4.999477,0.499642,0.41789,10.00
0.026460,5.000465,0.498157,0.41730,10.00
0.026470,5.001364,0.496144,0.41705,10.00
0.026480,5.002161,0.493915,0.41701,10.00
0.026490,5.002852,0.491650,0.41707,10.00
0.026500,5.003143,0.489449,0.41719,10.00
0.026510,5.002184,0.488627,0.41882,10.00
0.026520,5.001235,0.489268,0.41969,10.00
0.026530,5.000342,0.490684,0.42010,10.00
0.026540,4.999528,0.492476,0.42025,10.00
0.026550,4.999273,0.494410,0.42027,10.00
0.026560,5.000935,0.494359,0.41783,10.00
0.026570,5.002523,0.492155,0.41660,10.00
0.026580,5.003971,0.488867,0.41606,10.00
0.026590,5.005250,0.485115,0.41591,10.00
0.026600,5.006003,0.481252,0.41598,10.00
0.026610,5.005238,0.478946,0.41790,10.00
0.026620,5.004422,0.478372,0.41897,10.00
0.026630,5.003613,0.478771,0.41953,10.00
0.026640,5.002840,0.479696,0.41980,10.00
0.026650,5.002027,0.480888,0.41990,10.00
0.026660,5.000910,0.482593,0.42039,10.00
0.026670,4.999888,0.484742,0.42057,10.00
0.026680,4.998974,0.487063,0.42058,10.00
0.026690,4.998170,0.489399,0.42050,10.00
0.026700,4.997623,0.491663,0.42036,10.00
0.026710,4.997760,0.493171,0.41946,10.00
0.026720,4.997942,0.493871,0.41894,10.00
0.026730,4.998140,0.494104,0.41865,10.00
0.026740,4.998341,0.494074,0.41850,10.00
0.026750,4.998403,0.493899,0.41842,10.00
0.026760,4.997938,0.494211,0.41906,10.00
0.026770,4.997506,0.495077,0.41937,10.00
0.026780,4.997124,0.496208,0.41949,10.00
0.026790,4.996797,0.497437,0.41951,10.00
0.026800,4.996681,0.498669,0.41947,10.00
0.026810,4.997211,0.499206,0.41864,10.00
0.026820,4.997742,0.498989,0.41820,10.00
0.026830,4.998248,0.498364,0.41798,10.00
0.026840,4.998717,0.497534,0.41789,10.00
0.026850,4.999113,0.496618,0.41788,10.00
0.026860,4.999340,0.495817,0.41807,10.00
0.026870,4.999535,0.495176,0.41820,10.00
0.026880,4.999703,0.494643,0.41828,10.00
0.026890,4.999848,0.494184,0.41835,10.00
0.026900,4.999711,0.493781,0.41840,10.00
0.026910,4.998540,0.494535,0.41976,10.00
0.026920,4.997443,0.496490,0.42042,10.00
0.026930,4.996458,0.499022,0.42068,10.00
0.026940,4.995599,0.501772,0.42072,10.00
0.026950,4.995236,0.504534,0.42063,10.00
0.026960,4.996429,0.505633,0.41863,10.00
0.026970,4.997613,0.504935,0.41757,10.00
0.026980,4.998732,0.503279,0.41706,10.00
0.026990,4.999756,0.501154,0.41686,10.00
0.027000,5.000613,0.498844,0.41684,10.00
0.027010,5.001124,0.496769,0.41722,10.00
0.027020,5.001548,0.495034,0.41750,10.00
0.027030,5.001898,0.493543,0.41770,10.00
0.027040,5.002184,0.492239,0.41786,10.00
0.027050,5.002411,0.491086,0.41800,10.00
0.027060,5.002577,0.490072,0.41812,10.00
0.027070,5.002700,0.489180,0.41822,10.00
0.027080,5.002785,0.488392,0.41831,10.00
0.027090,5.002837,0.487696,0.41838,10.00
0.027100,5.002695,0.487081,0.41845,10.00
0.027110,5.001890,0.487237,0.41933,10.00
0.027120,5.001119,0.488190,0.41977,10.00
0.027130,5.000407,0.489546,0.41996,10.00
0.027140,4.999765,0.491078,0.42001,10.00
0.027150,4.999194,0.492654,0.41997,10.00
0.027160,4.998683,0.494214,0.41991,10.00
0.027170,4.998244,0.495719,0.41982,10.00
0.027180,4.997872,0.497138,0.41972,10.00
0.027190,4.997564,0.498458,0.41961,10.00
0.027200,4.997418,0.499673,0.41950,10.00
0.027210,4.997729,0.500342,0.41888,10.00
0.027220,4.998051,0.500446,0.41854,10.00
0.027230,4.998368,0.500235,0.41836,10.00
0.027240,4.998668,0.499855,0.41828,10.00
0.027250,4.998922,0.499391,0.41825,10.00
0.027260,4.999049,0.499005,0.41839,10.00
0.027270,4.999161,0.498732,0.41847,10.00
0.027280,4.999262,0.498526,0.41853,10.00
0.027290,4.999354,0.498360,0.41856,10.00
0.027300,4.999309,0.498218,0.41858,10.00
0.027310,4.998751,0.498646,0.41926,10.00
0.027320,4.998233,0.499665,0.41958,10.00
0.027330,4.997771,0.500963,0.41971,10.00
0.027340,4.997374,0.502362,0.41972,10.00
0.027350,4.997296,0.503760,0.41967,10.00
0.027360,4.998273,0.504017,0.41831,10.00
0.027370,4.999221,0.503054,0.41761,10.00
0.027380,5.000102,0.501458,0.41729,10.00
0.027390,5.000897,0.499572,0.41719,10.00
0.027400,5.001382,0.497591,0.41721,10.00
0.027410,5.000924,0.496560,0.41840,10.00
0.027420,5.000453,0.496582,0.41904,10.00
0.027430,5.000001,0.497174,0.41936,10.00
0.027440,4.999587,0.498054,0.41950,10.00
0.027450,4.999279,0.499059,0.41954,10.00
0.027460,4.999255,0.499836,0.41922,10.00
0.027470,4.999258,0.500322,0.41902,10.00
0.027480,4.999278,0.500630,0.41891,10.00
0.027490,4.999308,0.500829,0.41883,10.00
0.027500,4.999249,0.500958,0.41879,10.00
0.027510,4.998819,0.501452,0.41925,10.00
0.027520,4.998426,0.502345,0.41946,10.00
0.027530,4.998080,0.503418,0.41953,10.00
0.027540,4.997787,0.504546,0.41953,10.00
0.027550,4.997895,0.505658,0.41948,10.00
0.027560,4.999413,0.505227,0.41765,10.00
0.027570,5.000857,0.503165,0.41674,10.00
0.027580,5.002176,0.500289,0.41636,10.00
0.027590,5.003347,0.497072,0.41627,10.00
0.027600,5.004086,0.493787,0.41635,10.00
0.027610,5.003588,0.491773,0.41792,10.00
0.027620,5.003041,0.491169,0.41880,10.00
0.027630,5.002493,0.491357,0.41927,10.00
0.027640,5.001968,0.491974,0.41950,10.00
0.027650,5.001433,0.492809,0.41959,10.00
0.027660,5.000753,0.493943,0.41985,10.00
0.027670,5.000135,0.495315,0.41994,10.00
0.027680,4.999584,0.496770,0.41993,10.00
0.027690,4.999103,0.498221,0.41987,10.00
0.027700,4.998486,0.499617,0.41978,10.00
0.027710,4.997147,0.501793,0.42071,10.00
0.027720,4.995937,0.504776,0.42109,10.00
0.027730,4.994878,0.508083,0.42117,10.00
0.027740,4.993976,0.511439,0.42108,10.00
0.027750,4.993688,0.514690,0.42091,10.00
0.027760,4.995338,0.515795,0.41837,10.00
0.027770,4.996964,0.514620,0.41704,10.00
0.027780,4.998493,0.512240,0.41641,10.00
0.027790,4.999889,0.509277,0.41618,10.00
0.027800,5.001034,0.506095,0.41618,10.00
0.027810,5.001622,0.503345,0.41682,10.00
0.027820,5.002099,0.501162,0.41725,10.00
0.027830,5.002486,0.499364,0.41755,10.00
0.027840,5.002797,0.497839,0.41778,10.00
0.027850,5.002885,0.496519,0.41795,10.00
0.027860,5.002300,0.496036,0.41888,10.00
0.027870,5.001721,0.496395,0.41938,10.00
0.027880,5.001173,0.497201,0.41961,10.00
0.027890,5.000672,0.498226,0.41970,10.00
0.027900,5.000396,0.499335,0.41971,10.00
0.027910,5.000852,0.499711,0.41879,10.00
0.027920,5.001299,0.499276,0.41831,10.00
0.027930,5.001712,0.498420,0.41808,10.00
0.027940,5.002078,0.497368,0.41800,10.00
0.027950,5.002340,0.496250,0.41799,10.00
0.027960,5.002343,0.495367,0.41830,10.00
0.027970,5.002314,0.494769,0.41850,10.00
0.027980,5.002263,0.494353,0.41862,10.00
0.027990,5.002197,0.494054,0.41869,10.00
0.028000,5.002057,0.493837,0.41874,10.00
0.028010,5.001658,0.493949,0.41910,10.00
0.028020,5.001277,0.494390,0.41928,10.00
0.028030,5.000922,0.494998,0.41935,10.00
0.028040,5.000598,0.495680,0.41937,10.00
0.028050,5.000263,0.496380,0.41935,10.00
0.028060,4.999785,0.497261,0.41954,10.00
0.028070,4.999354,0.498315,0.41960,10.00
0.028080,4.998974,0.499425,0.41960,10.00
0.028090,4.998647,0.500525,0.41955,10.00
0.028100,4.998526,0.501580,0.41948,10.00
0.028110,4.999061,0.501906,0.41862,10.00
0.028120,4.999584,0.501461,0.41817,10.00
0.028130,5.000074,0.500614,0.41796,10.00
0.028140,5.000517,0.499575,0.41789,10.00
0.028150,5.000782,0.498470,0.41789,10.00
0.028160,5.000501,0.497907,0.41857,10.00
0.028170,5.000214,0.497950,0.41894,10.00
0.028180,4.999940,0.498321,0.41912,10.00
0.028190,4.999689,0.498857,0.41920,10.00
0.028200,4.999557,0.499462,0.41922,10.00
0.028210,4.999811,0.499695,0.41875,10.00
0.028220,5.000061,0.499505,0.41850,10.00
0.028230,5.000295,0.499093,0.41838,10.00
0.028240,5.000506,0.498575,0.41833,10.00
0.028250,5.000691,0.498019,0.41833,10.00
0.028260,5.000847,0.497464,0.41835,10.00
0.028270,5.000978,0.496934,0.41839,10.00
0.028280,5.001085,0.496436,0.41842,10.00
0.028290,5.001170,0.495977,0.41846,10.00
0.028300,5.001408,0.495557,0.41850,10.00
0.028310,5.002301,0.494439,0.41766,10.00
0.028320,5.003118,0.492589,0.41728,10.00
0.028330,5.003837,0.490413,0.41715,10.00
0.028340,5.004451,0.488145,0.41717,10.00
0.028350,5.004620,0.485917,0.41727,10.00
0.028360,5.003366,0.485249,0.41913,10.00
0.028370,5.002136,0.486243,0.42009,10.00
0.028380,5.000982,0.488113,0.42054,10.00
0.028390,4.999932,0.490400,0.42070,10.00
0.028400,4.998852,0.492838,0.42070,10.00
0.028410,4.997334,0.495881,0.42132,10.00
0.028420,4.995978,0.499473,0.42152,10.00
0.028430,4.994796,0.503232,0.42148,10.00
0.028440,4.993790,0.506941,0.42132,10.00
0.028450,4.992915,0.510482,0.42110,10.00
0.028460,4.992057,0.513948,0.42103,10.00
0.028470,4.991357,0.517319,0.42086,10.00
0.028480,4.990809,0.520499,0.42065,10.00
0.028490,4.990401,0.523441,0.42042,10.00
0.028500,4.990389,0.526124,0.42019,10.00
0.028510,4.991534,0.527407,0.41861,10.00
0.028520,4.992689,0.527242,0.41776,10.00
0.028530,4.993808,0.526274,0.41734,10.00
0.028540,4.994866,0.524880,0.41716,10.00
0.028550,4.996379,0.523281,0.41712,10.00
0.028560,4.999878,0.519349,0.41448,10.00
0.028570,5.003112,0.513054,0.41328,10.00
0.028580,5.006014,0.505695,0.41292,10.00
0.028590,5.008558,0.498017,0.41302,10.00
0.028600,5.010176,0.490446,0.41336,10.00
0.028610,5.009244,0.485626,0.41668,10.00
0.028620,5.008184,0.483793,0.41855,10.00
0.028630,5.007095,0.483661,0.41957,10.00
0.028640,5.006034,0.484476,0.42010,10.00
0.028650,5.005081,0.485795,0.42033,10.00
0.028660,5.004405,0.487135,0.42014,10.00
0.028670,5.003789,0.488336,0.41999,10.00
0.028680,5.003226,0.489433,0.41987,10.00
0.028690,5.002714,0.490449,0.41977,10.00
0.028700,5.002202,0.491396,0.41968,10.00
0.028710,5.001552,0.492481,0.41983,10.00
0.028720,5.000958,0.493717,0.41987,10.00
0.028730,5.000425,0.494999,0.41984,10.00
0.028740,4.999952,0.496265,0.41978,10.00
0.028750,4.999204,0.497481,0.41970,10.00
0.028760,4.997218,0.500045,0.42129,10.00
0.028770,4.995398,0.504015,0.42200,10.00
0.028780,4.993786,0.508600,0.42221,10.00
0.028790,4.992394,0.513347,0.42214,10.00
0.028800,4.991567,0.518001,0.42192,10.00
0.028810,4.992291,0.520957,0.41989,10.00
0.028820,4.993091,0.522074,0.41875,10.00
0.028830,4.993908,0.522136,0.41813,10.00
0.028840,4.994706,0.521604,0.41781,10.00
0.028850,4.995398,0.520749,0.41766,10.00
0.028860,4.995772,0.520026,0.41797,10.00
0.028870,4.996119,0.519543,0.41815,10.00
0.028880,4.996446,0.519191,0.41826,10.00
0.028890,4.996758,0.518907,0.41833,10.00
0.028900,4.997117,0.518656,0.41838,10.00
0.028910,4.997701,0.518160,0.41810,10.00
0.028920,4.998252,0.517396,0.41797,10.00
0.028930,4.998762,0.516503,0.41794,10.00
0.028940,4.999227,0.515562,0.41796,10.00
0.028950,4.999881,0.514621,0.41800,10.00
0.028960,5.001398,0.512714,0.41688,10.00
0.028970,5.002792,0.509809,0.41638,10.00
0.028980,5.004035,0.506466,0.41624,10.00
0.028990,5.005116,0.503005,0.41629,10.00
0.029000,5.005692,0.499608,0.41645,10.00
0.029010,5.004774,0.497840,0.41840,10.00
0.029020,5.003832,0.497821,0.41946,10.00
0.029030,5.002921,0.498758,0.42000,10.00
0.029040,5.002072,0.500190,0.42023,10.00
0.029050,5.001369,0.501848,0.42030,10.00
0.029060,5.001025,0.503272,0.41991,10.00
0.029070,5.000737,0.504361,0.41966,10.00
0.029080,5.000493,0.505233,0.41949,10.00
0.029090,5.000286,0.505958,0.41937,10.00
0.029100,5.000160,0.506581,0.41928,10.00
0.029110,5.000254,0.506914,0.41896,10.00
0.029120,5.000355,0.506963,0.41878,10.00
0.029130,5.000453,0.506857,0.41869,10.00
0.029140,5.000543,0.506671,0.41865,10.00
0.029150,5.000716,0.506447,0.41864,10.00
0.029160,5.001239,0.505817,0.41817,10.00
0.029170,5.001719,0.504776,0.41795,10.00
0.029180,5.002144,0.503551,0.41789,10.00
0.029190,5.002509,0.502272,0.41790,10.00
0.029200,5.002756,0.501014,0.41795,10.00
0.029210,5.002713,0.500071,0.41833,10.00
0.029220,5.002638,0.499474,0.41856,10.00
0.029230,5.002542,0.499094,0.41870,10.00
0.029240,5.002434,0.498850,0.41878,10.00
0.029250,5.002382,0.498695,0.41883,10.00
0.029260,5.002576,0.498327,0.41854,10.00
0.029270,5.002745,0.497715,0.41841,10.00
0.029280,5.002883,0.496999,0.41836,10.00
0.029290,5.002986,0.496261,0.41837,10.00
0.029300,5.003148,0.495544,0.41840,10.00
0.029310,5.003634,0.494484,0.41798,10.00
0.029320,5.004059,0.493073,0.41781,10.00
0.029330,5.004414,0.491532,0.41778,10.00
0.029340,5.004697,0.489988,0.41782,10.00
0.029350,5.004848,0.488509,0.41791,10.00
0.029360,5.004691,0.487396,0.41832,10.00
0.029370,5.004495,0.486680,0.41858,10.00
0.029380,5.004275,0.486217,0.41873,10.00
0.029390,5.004040,0.485923,0.41883,10.00
0.029400,5.003708,0.485746,0.41889,10.00
0.029410,5.003029,0.486026,0.41938,10.00
0.029420,5.002380,0.486759,0.41961,10.00
0.029430,5.001774,0.487724,0.41971,10.00
0.029440,5.001217,0.488791,0.41972,10.00
0.029450,5.000568,0.489884,0.41968,10.00
0.029460,4.999404,0.491580,0.42036,10.00
0.029470,4.998342,0.493882,0.42064,10.00
0.029480,4.997396,0.496433,0.42069,10.00
0.029490,4.996572,0.499030,0.42062,10.00
0.029500,4.996073,0.501558,0.42049,10.00
0.029510,4.996490,0.503078,0.41929,10.00
0.029520,4.996942,0.503519,0.41862,10.00
0.029530,4.997394,0.503353,0.41826,10.00
0.029540,4.997827,0.502857,0.41809,10.00
0.029550,4.998078,0.502195,0.41802,10.00
0.029560,4.997698,0.502112,0.41878,10.00
0.029570,4.997336,0.502692,0.41917,10.00
0.029580,4.997012,0.503606,0.41935,10.00
0.029590,4.996736,0.504662,0.41940,10.00
0.029600,4.996562,0.505750,0.41939,10.00
0.029610,4.996644,0.506585,0.41907,10.00
0.029620,4.996755,0.507124,0.41888,10.00
0.029630,4.996885,0.507474,0.41876,10.00
0.029640,4.997026,0.507702,0.41869,10.00
0.029650,4.997323,0.507846,0.41864,10.00
0.029660,4.998204,0.507298,0.41786,10.00
0.029670,4.999035,0.506044,0.41749,10.00
0.029680,4.999795,0.504446,0.41734,10.00
0.029690,5.000475,0.502713,0.41733,10.00
0.029700,5.000855,0.500966,0.41739,10.00
0.029710,5.000307,0.500199,0.41859,10.00
0.029720,4.999759,0.500491,0.41922,10.00
0.029730,4.999243,0.501345,0.41953,10.00
0.029740,4.998776,0.502474,0.41966,10.00
0.029750,4.998521,0.503710,0.41968,10.00
0.029760,4.998931,0.504295,0.41885,10.00
0.029770,4.999344,0.504145,0.41841,10.00
0.029780,4.999737,0.503601,0.41820,10.00
0.029790,5.000097,0.502859,0.41811,10.00
0.029800,5.000670,0.502035,0.41809,10.00
0.029810,5.002176,0.500131,0.41685,10.00
0.029820,5.003556,0.497133,0.41629,10.00
0.029830,5.004779,0.493655,0.41613,10.00
0.029840,5.005834,0.490046,0.41618,10.00
0.029850,5.006539,0.486504,0.41634,10.00
0.029860,5.006374,0.483915,0.41748,10.00
0.029870,5.006122,0.482370,0.41816,10.00
0.029880,5.005820,0.481462,0.41856,10.00
0.029890,5.005489,0.480948,0.41880,10.00
0.029900,5.005230,0.480685,0.41895,10.00
0.029910,5.005301,0.480218,0.41860,10.00
0.029920,5.005341,0.479476,0.41844,10.00
0.029930,5.005344,0.478630,0.41839,10.00
0.029940,5.005309,0.477775,0.41840,10.00
0.029950,5.005161,0.476963,0.41844,10.00
0.029960,5.004690,0.476538,0.41886,10.00
0.029970,5.004213,0.476527,0.41910,10.00
0.029980,5.003746,0.476757,0.41922,10.00
0.029990,5.003294,0.477126,0.41928,10.00
0.030000,5.002731,0.477572,0.41929,10.00
0.030010,5.001673,0.478626,0.41996,10.00
0.030020,5.000686,0.480292,0.42025,10.00
0.030030,4.999788,0.482239,0.42034,10.00
0.030040,4.998985,0.484279,0.42032,10.00
0.030050,4.998408,0.486302,0.42023,10.00
0.030060,4.998434,0.487692,0.41944,10.00
0.030070,4.998503,0.488390,0.41899,10.00
0.030080,4.998592,0.488690,0.41874,10.00
0.030090,4.998687,0.488763,0.41860,10.00
0.030100,4.998596,0.488712,0.41853,10.00
0.030110,4.997780,0.489383,0.41943,10.00
0.030120,4.997022,0.490845,0.41986,10.00
0.030130,4.996345,0.492681,0.42002,10.00
0.030140,4.995758,0.494652,0.42004,10.00
0.030150,4.995134,0.496620,0.41997,10.00
0.030160,4.994097,0.499060,0.42051,10.00
0.030170,4.993188,0.501957,0.42069,10.00
0.030180,4.992420,0.504988,0.42068,10.00
0.030190,4.991791,0.507968,0.42055,10.00
0.030200,4.991533,0.510799,0.42037,10.00
0.030210,4.992314,0.512430,0.41899,10.00
0.030220,4.993129,0.512792,0.41822,10.00
0.030230,4.993936,0.512433,0.41782,10.00
0.030240,4.994711,0.511677,0.41763,10.00
0.030250,4.995332,0.510714,0.41756,10.00
0.030260,4.995473,0.510124,0.41811,10.00
0.030270,4.995601,0.509994,0.41842,10.00
0.030280,4.995729,0.510102,0.41857,10.00
0.030290,4.995865,0.510321,0.41865,10.00
0.030300,4.996183,0.510579,0.41868,10.00
0.030310,4.997179,0.510106,0.41782,10.00
0.030320,4.998126,0.508848,0.41740,10.00
0.030330,4.999000,0.507199,0.41723,10.00
0.030340,4.999791,0.505386,0.41721,10.00
0.030350,5.000357,0.503542,0.41727,10.00
0.030360,5.000304,0.502322,0.41805,10.00
0.030370,5.000216,0.501795,0.41850,10.00
0.030380,5.000117,0.501659,0.41874,10.00
0.030390,5.000018,0.501738,0.41887,10.00
0.030400,5.000074,0.501929,0.41894,10.00
0.030410,5.000719,0.501542,0.41821,10.00
0.030420,5.001324,0.500516,0.41786,10.00
0.030430,5.001871,0.499178,0.41772,10.00
0.030440,5.002350,0.497721,0.41770,10.00
0.030450,5.002613,0.496252,0.41775,10.00
0.030460,5.002235,0.495459,0.41857,10.00
0.030470,5.001843,0.495402,0.41901,10.00
0.030480,5.001463,0.495751,0.41924,10.00
0.030490,5.001107,0.496312,0.41934,10.00
0.030500,5.000773,0.496972,0.41937,10.00
0.030510,5.000444,0.497696,0.41940,10.00
0.030520,5.000151,0.498449,0.41939,10.00
0.030530,4.999892,0.499192,0.41935,10.00
0.030540,4.999668,0.499905,0.41931,10.00
0.030550,4.999580,0.500576,0.41926,10.00
0.030560,4.999925,0.500760,0.41868,10.00
0.030570,5.000263,0.500436,0.41838,10.00
0.030580,5.000576,0.499846,0.41825,10.00
0.030590,5.000857,0.499133,0.41820,10.00
0.030600,5.001182,0.498378,0.41820,10.00
0.030610,5.001775,0.497298,0.41784,10.00
0.030620,5.002307,0.495902,0.41769,10.00
0.030630,5.002770,0.494387,0.41768,10.00
0.030640,5.003161,0.492865,0.41772,10.00
0.030650,5.003324,0.491399,0.41781,10.00
0.030660,5.002807,0.490692,0.41870,10.00
0.030670,5.002283,0.490790,0.41918,10.00
0.030680,5.001779,0.491329,0.41942,10.00
0.030690,5.001308,0.492095,0.41952,10.00
0.030700,5.000773,0.492964,0.41954,10.00
0.030710,4.999876,0.494304,0.42004,10.00
0.030720,4.999056,0.496095,0.42025,10.00
0.030730,4.998327,0.498069,0.42028,10.00
0.030740,4.997693,0.500074,0.42023,10.00
0.030750,4.997397,0.502023,0.42012,10.00
0.030760,4.998151,0.502826,0.41876,10.00
0.030770,4.998901,0.502410,0.41804,10.00
0.030780,4.999610,0.501344,0.41768,10.00
0.030790,5.000258,0.499960,0.41755,10.00
0.030800,5.000734,0.498448,0.41753,10.00
0.030810,5.000740,0.497350,0.41809,10.00
0.030820,5.000711,0.496750,0.41841,10.00
0.030830,5.000664,0.496439,0.41860,10.00
0.030840,5.000607,0.496298,0.41871,10.00
0.030850,5.000512,0.496255,0.41877,10.00
0.030860,5.000279,0.496418,0.41898,10.00
0.030870,5.000061,0.496769,0.41908,10.00
0.030880,4.999861,0.497211,0.41912,10.00
0.030890,4.999684,0.497688,0.41912,10.00
0.030900,4.999744,0.498166,0.41910,10.00
0.030910,5.000659,0.497725,0.41800,10.00
0.030920,5.001521,0.496312,0.41746,10.00
0.030930,5.002301,0.494423,0.41724,10.00
0.030940,5.002985,0.492344,0.41720,10.00
0.030950,5.003420,0.490240,0.41726,10.00
0.030960,5.003172,0.488839,0.41812,10.00
0.030970,5.002884,0.488220,0.41862,10.00
0.030980,5.002582,0.488054,0.41889,10.00
0.030990,5.002282,0.488148,0.41903,10.00
0.031000,5.001937,0.488389,0.41911,10.00
0.031010,5.001392,0.488940,0.41941,10.00
0.031020,5.000884,0.489774,0.41954,10.00
0.031030,5.000419,0.490737,0.41958,10.00
0.031040,5.000002,0.491743,0.41956,10.00
0.031050,4.999738,0.492740,0.41952,10.00
0.031060,4.999935,0.493253,0.41892,10.00
0.031070,5.000138,0.493244,0.41860,10.00
0.031080,5.000332,0.492955,0.41844,10.00
0.031090,5.000507,0.492526,0.41837,10.00
0.031100,5.000462,0.492038,0.41835,10.00
0.031110,4.999619,0.492374,0.41936,10.00
0.031120,4.998822,0.493602,0.41985,10.00
0.031130,4.998097,0.495270,0.42006,10.00
0.031140,4.997457,0.497118,0.42010,10.00
0.031150,4.997084,0.498997,0.42005,10.00
0.031160,4.997491,0.500072,0.41907,10.00
0.031170,4.997920,0.500261,0.41852,10.00
0.031180,4.998340,0.499959,0.41824,10.00
0.031190,4.998737,0.499395,0.41811,10.00
0.031200,4.999152,0.498704,0.41806,10.00
0.031210,4.999723,0.497758,0.41782,10.00
0.031220,5.000241,0.496592,0.41774,10.00
0.031230,5.000702,0.495345,0.41774,10.00
0.031240,5.001104,0.494097,0.41778,10.00
0.031250,5.001380,0.492893,0.41785,10.00
0.031260,5.001334,0.492044,0.41828,10.00
0.031270,5.001261,0.491577,0.41852,10.00
0.031280,5.001174,0.491336,0.41867,10.00
0.031290,5.001080,0.491230,0.41875,10.00
0.031300,5.000903,0.491205,0.41880,10.00
0.031310,5.000410,0.491570,0.41923,10.00
0.031320,4.999948,0.492322,0.41943,10.00
0.031330,4.999528,0.493260,0.41951,10.00
0.031340,4.999154,0.494269,0.41951,10.00
0.031350,4.998801,0.495282,0.41947,10.00
0.031360,4.998388,0.496376,0.41955,10.00
0.031370,4.998029,0.497538,0.41955,10.00
0.031380,4.997724,0.498693,0.41951,10.00
0.031390,4.997471,0.499801,0.41944,10.00
0.031400,4.997354,0.500840,0.41937,10.00
0.031410,4.997615,0.501442,0.41887,10.00
0.031420,4.997888,0.501584,0.41859,10.00
0.031430,4.998159,0.501466,0.41844,10.00
0.031440,4.998420,0.501206,0.41837,10.00
0.031450,4.998921,0.500870,0.41834,10.00
0.031460,5.000403,0.499423,0.41707,10.00
0.031470,5.001778,0.496837,0.41647,10.00
0.031480,5.003014,0.493721,0.41627,10.00
0.031490,5.004097,0.490427,0.41628,10.00
0.031500,5.004894,0.487154,0.41641,10.00
0.031510,5.005027,0.484569,0.41726,10.00
0.031520,5.005064,0.482756,0.41778,10.00
0.031530,5.005033,0.481437,0.41812,10.00
0.031540,5.004952,0.480444,0.41834,10.00
0.031550,5.004700,0.479677,0.41849,10.00
0.031560,5.003905,0.479628,0.41926,10.00
0.031570,5.003132,0.480285,0.41965,10.00
0.031580,5.002403,0.481315,0.41982,10.00
0.031590,5.001730,0.482525,0.41987,10.00
0.031600,5.000849,0.483802,0.41986,10.00
0.031610,4.998990,0.486202,0.42113,10.00
0.031620,4.997281,0.489742,0.42169,10.00
0.031630,4.995756,0.493780,0.42184,10.00
0.031640,4.994426,0.497948,0.42176,10.00
0.031650,4.993763,0.502039,0.42157,10.00
0.031660,4.995128,0.503952,0.41897,10.00
0.031670,4.996504,0.503532,0.41757,10.00
0.031680,4.997818,0.501852,0.41688,10.00
0.031690,4.999031,0.499536,0.41659,10.00
0.031700,4.999954,0.496945,0.41653,10.00
0.031710,5.000082,0.495008,0.41745,10.00
0.031720,5.000146,0.493880,0.41799,10.00
0.031730,5.000172,0.493225,0.41830,10.00
0.031740,5.000176,0.492849,0.41849,10.00
0.031750,5.000356,0.492636,0.41860,10.00
0.031760,5.001260,0.491733,0.41773,10.00
0.031770,5.002096,0.490062,0.41732,10.00
0.031780,5.002842,0.488035,0.41717,10.00
0.031790,5.003489,0.485889,0.41718,10.00
0.031800,5.003578,0.483759,0.41726,10.00
0.031810,5.001791,0.483633,0.41965,10.00
0.031820,5.000070,0.485644,0.42087,10.00
0.031830,4.998480,0.488750,0.42141,10.00
0.031840,4.997054,0.492349,0.42157,10.00
0.031850,4.995791,0.496092,0.42152,10.00
0.031860,4.994663,0.499827,0.42141,10.00
0.031870,4.993706,0.503447,0.42121,10.00
0.031880,4.992913,0.506870,0.42097,10.00
0.031890,4.992273,0.510056,0.42073,10.00
0.031900,4.991657,0.512988,0.42048,10.00
0.031910,4.990719,0.516147,0.42082,10.00
0.031920,4.989936,0.519562,0.42087,10.00
0.031930,4.989312,0.522973,0.42077,10.00
0.031940,4.988843,0.526238,0.42059,10.00
0.031950,4.988954,0.529283,0.42037,10.00
0.031960,4.990899,0.530244,0.41798,10.00
0.031970,4.992814,0.529021,0.41673,10.00
0.031980,4.994630,0.526626,0.41614,10.00
0.031990,4.996312,0.523648,0.41592,10.00
0.032000,4.997877,0.520432,0.41592,10.00
0.032010,4.999416,0.517037,0.41587,10.00
0.032020,5.000791,0.513570,0.41597,10.00
0.032030,5.002004,0.510171,0.41615,10.00
0.032040,5.003062,0.506917,0.41637,10.00
0.032050,5.003816,0.503849,0.41660,10.00
0.032060,5.003828,0.501636,0.41759,10.00
0.032070,5.003766,0.500316,0.41818,10.00
0.032080,5.003659,0.499531,0.41853,10.00
0.032090,5.003527,0.499068,0.41874,10.00
0.032100,5.003588,0.498802,0.41886,10.00
0.032110,5.004454,0.497788,0.41790,10.00
0.032120,5.005245,0.495939,0.41745,10.00
0.032130,5.005938,0.493709,0.41729,10.00
0.032140,5.006521,0.491360,0.41729,10.00
0.032150,5.006627,0.489038,0.41738,10.00
0.032160,5.005191,0.488368,0.41933,10.00
0.032170,5.003783,0.489465,0.42035,10.00
0.032180,5.002458,0.491498,0.42083,10.00
0.032190,5.001246,0.493980,0.42100,10.00
0.032200,5.000360,0.496633,0.42099,10.00
0.032210,5.000391,0.498446,0.41989,10.00
0.032220,5.000476,0.499287,0.41926,10.00
0.032230,5.000583,0.499577,0.41891,10.00
0.032240,5.000693,0.499560,0.41872,10.00
0.032250,5.000811,0.499378,0.41863,10.00
0.032260,5.000972,0.499056,0.41852,10.00
0.032270,5.001114,0.498641,0.41847,10.00
0.032280,5.001236,0.498190,0.41846,10.00
0.032290,5.001336,0.497737,0.41848,10.00
0.032300,5.001526,0.497302,0.41850,10.00
0.032310,5.002120,0.496438,0.41799,10.00
0.032320,5.002659,0.495130,0.41776,10.00
0.032330,5.003130,0.493629,0.41770,10.00
0.032340,5.003530,0.492080,0.41772,10.00
0.032350,5.003512,0.490566,0.41779,10.00
0.032360,5.002076,0.490574,0.41959,10.00
0.032370,5.000696,0.492198,0.42051,10.00
0.032380,4.999420,0.494650,0.42091,10.00
0.032390,4.998272,0.497474,0.42103,10.00
0.032400,4.997615,0.500405,0.42098,10.00
0.032410,4.998473,0.501822,0.41910,10.00
0.032420,4.999342,0.501568,0.41810,10.00
0.032430,5.000168,0.500415,0.41760,10.00
0.032440,5.000926,0.498811,0.41738,10.00
0.032450,5.001567,0.497015,0.41734,10.00
0.032460,5.001992,0.495316,0.41754,10.00
0.032470,5.002343,0.493804,0.41771,10.00
0.032480,5.002628,0.492450,0.41785,10.00
0.032490,5.002854,0.491231,0.41798,10.00
0.032500,5.002842,0.490134,0.41808,10.00
0.032510,5.002064,0.489917,0.41909,10.00
0.032520,5.001306,0.490607,0.41961,10.00
0.032530,5.000597,0.491774,0.41985,10.00
0.032540,4.999951,0.493167,0.41993,10.00
0.032550,4.999516,0.494639,0.41992,10.00
0.032560,4.999701,0.495518,0.41916,10.00
0.032570,4.999906,0.495730,0.41874,10.00
0.032580,5.000108,0.495573,0.41852,10.00
0.032590,5.000297,0.495223,0.41842,10.00
0.032600,5.000346,0.494780,0.41838,10.00
0.032610,4.999906,0.494803,0.41897,10.00
0.032620,4.999485,0.495350,0.41926,10.00
0.032630,4.999098,0.496162,0.41940,10.00
0.032640,4.998753,0.497092,0.41943,10.00
0.032650,4.998532,0.498053,0.41942,10.00
0.032660,4.998660,0.498671,0.41899,10.00
0.032670,4.998804,0.498904,0.41875,10.00
0.032680,4.998952,0.498918,0.41862,10.00
0.032690,4.999096,0.498809,0.41855,10.00
0.032700,4.999213,0.498635,0.41852,10.00
0.032710,4.999245,0.498510,0.41861,10.00
0.032720,4.999273,0.498458,0.41866,10.00
0.032730,4.999299,0.498444,0.41868,10.00
0.032740,4.999326,0.498450,0.41870,10.00
0.032750,4.999209,0.498465,0.41870,10.00
0.032760,4.998537,0.499075,0.41941,10.00
0.032770,4.997914,0.500308,0.41974,10.00
0.032780,4.997358,0.501834,0.41987,10.00
0.032790,4.996878,0.503463,0.41988,10.00
0.032800,4.996729,0.505087,0.41982,10.00
0.032810,4.997649,0.505586,0.41847,10.00
0.032820,4.998552,0.504875,0.41777,10.00
0.032830,4.999400,0.503526,0.41744,10.00
0.032840,5.000173,0.501868,0.41732,10.00
0.032850,5.000733,0.500095,0.41732,10.00
0.032860,5.000700,0.498858,0.41803,10.00
0.032870,5.000630,0.498245,0.41843,10.00
0.032880,5.000542,0.497992,0.41866,10.00
0.032890,5.000450,0.497943,0.41879,10.00
0.032900,5.000553,0.498007,0.41885,10.00
0.032910,5.001422,0.497321,0.41792,10.00
0.032920,5.002232,0.495816,0.41748,10.00
0.032930,5.002957,0.493919,0.41731,10.00
0.032940,5.003589,0.491877,0.41729,10.00
0.032950,5.003830,0.489832,0.41736,10.00
0.032960,5.002830,0.489082,0.41891,10.00
0.032970,5.001842,0.489731,0.41973,10.00
0.032980,5.000910,0.491125,0.42012,10.00
0.032990,5.000057,0.492883,0.42027,10.00
0.033000,4.999339,0.494787,0.42029,10.00
0.033010,4.998897,0.496513,0.41999,10.00
0.033020,4.998528,0.497979,0.41977,10.00
0.033030,4.998222,0.499255,0.41961,10.00
0.033040,4.997971,0.500384,0.41948,10.00
0.033050,4.997633,0.501392,0.41938,10.00
0.033060,4.996809,0.502861,0.41995,10.00
0.033070,4.996070,0.504829,0.42019,10.00
0.033080,4.995431,0.506995,0.42024,10.00
0.033090,4.994893,0.509187,0.42018,10.00
0.033100,4.994579,0.511309,0.42007,10.00
0.033110,4.994837,0.512801,0.41934,10.00
0.033120,4.995143,0.513612,0.41891,10.00
0.033130,4.995471,0.514011,0.41866,10.00
0.033140,4.995809,0.514158,0.41851,10.00
0.033150,4.996062,0.514148,0.41844,10.00
0.033160,4.995976,0.514393,0.41881,10.00
0.033170,4.995911,0.514946,0.41899,10.00
0.033180,4.995876,0.515633,0.41907,10.00
0.033190,4.995873,0.516355,0.41907,10.00
0.033200,4.996127,0.517058,0.41905,10.00
0.033210,4.997284,0.516785,0.41791,10.00
0.033220,4.998393,0.515476,0.41734,10.00
0.033230,4.999422,0.513636,0.41710,10.00
0.033240,5.000355,0.511559,0.41704,10.00
0.033250,5.001211,0.509414,0.41709,10.00
0.033260,5.002058,0.507201,0.41707,10.00
0.033270,5.002801,0.504968,0.41715,10.00
0.033280,5.003440,0.502799,0.41726,10.00
0.033290,5.003980,0.500739,0.41740,10.00
0.033300,5.004444,0.498810,0.41755,10.00
0.033310,5.004882,0.496961,0.41762,10.00
0.033320,5.005236,0.495190,0.41772,10.00
0.033330,5.005511,0.493531,0.41784,10.00
0.033340,5.005713,0.491999,0.41796,10.00
0.033350,5.005936,0.490601,0.41808,10.00
0.033360,5.006443,0.488971,0.41776,10.00
0.033370,5.006866,0.487088,0.41765,10.00
0.033380,5.007200,0.485146,0.41767,10.00
0.033390,5.007445,0.483256,0.41775,10.00
0.033400,5.007201,0.481476,0.41787,10.00
0.033410,5.005302,0.481509,0.41997,10.00
0.033420,5.003469,0.483450,0.42104,10.00
0.033430,5.001762,0.486381,0.42151,10.00
0.033440,5.000209,0.489768,0.42165,10.00
0.033450,4.999186,0.493302,0.42160,10.00
0.033460,4.999747,0.495305,0.41966,10.00
0.033470,5.000346,0.495602,0.41861,10.00
0.033480,5.000928,0.494968,0.41806,10.00
0.033490,5.001464,0.493852,0.41781,10.00
0.033500,5.002076,0.492515,0.41772,10.00
0.033510,5.003150,0.490548,0.41707,10.00
0.033520,5.004112,0.488008,0.41680,10.00
0.033530,5.004948,0.485249,0.41676,10.00
0.033540,5.005654,0.482473,0.41685,10.00
0.033550,5.006044,0.479792,0.41699,10.00
0.033560,5.005576,0.478048,0.41809,10.00
0.033570,5.005060,0.477309,0.41871,10.00
0.033580,5.004531,0.477159,0.41905,10.00
0.033590,5.004007,0.477350,0.41924,10.00
0.033600,5.003390,0.477738,0.41933,10.00
0.033610,5.002367,0.478690,0.41990,10.00
0.033620,5.001408,0.480179,0.42015,10.00
0.033630,5.000528,0.481922,0.42023,10.00
0.033640,4.999734,0.483756,0.42021,10.00
0.033650,4.998885,0.485589,0.42013,10.00
0.033660,4.997563,0.487956,0.42073,10.00
0.033670,4.996371,0.490857,0.42094,10.00
0.033680,4.995321,0.493952,0.42095,10.00
0.033690,4.994418,0.497048,0.42084,10.00
0.033700,4.993697,0.500036,0.42067,10.00
0.033710,4.993269,0.502690,0.42028,10.00
0.033720,4.992953,0.504973,0.41998,10.00
0.033730,4.992733,0.506965,0.41975,10.00
0.033740,4.992599,0.508716,0.41956,10.00
0.033750,4.992856,0.510261,0.41939,10.00
0.033760,4.994416,0.510316,0.41771,10.00
0.033770,4.995927,0.508832,0.41684,10.00
0.033780,4.997340,0.506545,0.41646,10.00
0.033790,4.998630,0.503881,0.41635,10.00
0.033800,4.999745,0.501087,0.41638,10.00
0.033810,5.000548,0.498495,0.41673,10.00
0.033820,5.001239,0.496194,0.41699,10.00
0.033830,5.001828,0.494124,0.41721,10.00
0.033840,5.002326,0.492246,0.41740,10.00
0.033850,5.002727,0.490538,0.41756,10.00
0.033860,5.002999,0.489040,0.41778,10.00
0.033870,5.003206,0.487742,0.41794,10.00
0.033880,5.003359,0.486604,0.41807,10.00
0.033890,5.003462,0.485598,0.41818,10.00
0.033900,5.003244,0.484706,0.41827,10.00
0.033910,5.001901,0.485064,0.41971,10.00
0.033920,5.000618,0.486719,0.42043,10.00
0.033930,4.999436,0.489033,0.42074,10.00
0.033940,4.998373,0.491634,0.42081,10.00
0.033950,4.997694,0.494311,0.42075,10.00
0.033960,4.998143,0.495881,0.41937,10.00
0.033970,4.998626,0.496225,0.41862,10.00
0.033980,4.999102,0.495890,0.41822,10.00
0.033990,4.999550,0.495195,0.41803,10.00
0.034000,5.000068,0.494323,0.41796,10.00
0.034010,5.000967,0.492935,0.41742,10.00
0.034020,5.001784,0.491070,0.41720,10.00
0.034030,5.002507,0.489007,0.41716,10.00
0.034040,5.003132,0.486909,0.41721,10.00
0.034050,5.003687,0.484864,0.41731,10.00
0.034060,5.004253,0.482815,0.41731,10.00
0.034070,5.004723,0.480780,0.41738,10.00
0.034080,5.005101,0.478831,0.41750,10.00
0.034090,5.005392,0.477006,0.41763,10.00
0.034100,5.005424,0.475322,0.41776,10.00
0.034110,5.004682,0.474523,0.41876,10.00
0.034120,5.003935,0.474647,0.41930,10.00
0.034130,5.003213,0.475284,0.41957,10.00
0.034140,5.002530,0.476194,0.41969,10.00
0.034150,5.001612,0.477238,0.41972,10.00
0.034160,4.999644,0.479495,0.42107,10.00
0.034170,4.997823,0.482976,0.42168,10.00
0.034180,4.996185,0.487015,0.42186,10.00
0.034190,4.994744,0.491228,0.42181,10.00
0.034200,4.993625,0.495396,0.42163,10.00
0.034210,4.993188,0.498881,0.42078,10.00
0.034220,4.992888,0.501593,0.42023,10.00
0.034230,4.992697,0.503782,0.41984,10.00
0.034240,4.992597,0.505600,0.41957,10.00
0.034250,4.992665,0.507140,0.41936,10.00
0.034260,4.993164,0.508072,0.41874,10.00
0.034270,4.993686,0.508416,0.41839,10.00
0.034280,4.994211,0.508409,0.41820,10.00
0.034290,4.994727,0.508191,0.41810,10.00
0.034300,4.995469,0.507848,0.41806,10.00
0.034310,4.997132,0.506439,0.41688,10.00
0.034320,4.998692,0.503945,0.41633,10.00
0.034330,5.000116,0.500930,0.41613,10.00
0.034340,5.001390,0.497720,0.41614,10.00
0.034350,5.002198,0.494502,0.41626,10.00
0.034360,5.001633,0.492669,0.41796,10.00
0.034370,5.001032,0.492345,0.41889,10.00
0.034380,5.000443,0.492851,0.41937,10.00
0.034390,4.999893,0.493794,0.41960,10.00
0.034400,4.999454,0.494946,0.41968,10.00
0.034410,4.999304,0.495930,0.41940,10.00
0.034420,4.999193,0.496660,0.41921,10.00
0.034430,4.999110,0.497226,0.41909,10.00
0.034440,4.999050,0.497683,0.41901,10.00
0.034450,4.999335,0.498063,0.41896,10.00
0.034460,5.000912,0.497048,0.41733,10.00
0.034470,5.002392,0.494582,0.41654,10.00
0.034480,5.003732,0.491407,0.41622,10.00
0.034490,5.004913,0.487952,0.41618,10.00
0.034500,5.005668,0.484463,0.41628,10.00
0.034510,5.005241,0.482150,0.41773,10.00
0.034520,5.004749,0.481144,0.41855,10.00
0.034530,5.004236,0.480892,0.41900,10.00
0.034540,5.003726,0.481073,0.41924,10.00
0.034550,5.003216,0.481496,0.41936,10.00
0.034560,5.002661,0.482124,0.41949,10.00
0.034570,5.002141,0.482895,0.41954,10.00
0.034580,5.001661,0.483730,0.41953,10.00
0.034590,5.001222,0.484582,0.41950,10.00
0.034600,5.001062,0.485424,0.41946,10.00
0.034610,5.001874,0.485263,0.41825,10.00
0.034620,5.002643,0.484039,0.41764,10.00
0.034630,5.003337,0.482285,0.41738,10.00
0.034640,5.003942,0.480308,0.41731,10.00
0.034650,5.004038,0.478282,0.41734,10.00
0.034660,5.002422,0.478002,0.41944,10.00
0.034670,5.000856,0.479609,0.42052,10.00
0.034680,4.999400,0.482199,0.42101,10.00
0.034690,4.998081,0.485247,0.42117,10.00
0.034700,4.997096,0.488451,0.42114,10.00
0.034710,4.996979,0.490887,0.42013,10.00
0.034720,4.996947,0.492419,0.41952,10.00
0.034730,4.996969,0.493407,0.41916,10.00
0.034740,4.997026,0.494062,0.41894,10.00
0.034750,4.996916,0.494509,0.41880,10.00
0.034760,4.996081,0.495598,0.41964,10.00
0.034770,4.995321,0.497412,0.42002,10.00
0.034780,4.994657,0.499553,0.42015,10.00
0.034790,4.994096,0.501791,0.42014,10.00
0.034800,4.993753,0.503997,0.42005,10.00
0.034810,4.993956,0.505633,0.41938,10.00
0.034820,4.994215,0.506638,0.41897,10.00
0.034830,4.994506,0.507250,0.41873,10.00
0.034840,4.994816,0.507612,0.41858,10.00
0.034850,4.995147,0.507809,0.41849,10.00
0.034860,4.995518,0.507854,0.41839,10.00
0.034870,4.995886,0.507778,0.41834,10.00
0.034880,4.996246,0.507622,0.41831,10.00
0.034890,4.996597,0.507413,0.41830,10.00
0.034900,4.997163,0.507167,0.41830,10.00
0.034910,4.998605,0.505965,0.41721,10.00
0.034920,4.999957,0.503768,0.41670,10.00
0.034930,5.001188,0.501091,0.41651,10.00
0.034940,5.002286,0.498232,0.41652,10.00
0.034950,5.002941,0.495363,0.41662,10.00
0.034960,5.002260,0.493837,0.41826,10.00
0.034970,5.001555,0.493773,0.41915,10.00
0.034980,5.000875,0.494507,0.41960,10.00
0.034990,5.000243,0.495655,0.41980,10.00
0.035000,4.999854,0.496994,0.41987,10.00
0.035010,5.000235,0.497657,0.41898,10.00
0.035020,5.000622,0.497533,0.41850,10.00
0.035030,5.000989,0.496986,0.41827,10.00
0.035040,5.001324,0.496227,0.41816,10.00
0.035050,5.001473,0.495377,0.41814,10.00
0.035060,5.001013,0.495100,0.41886,10.00
0.035070,5.000562,0.495467,0.41923,10.00
0.035080,5.000139,0.496173,0.41941,10.00
0.035090,4.999755,0.497042,0.41948,10.00
0.035100,4.999605,0.497973,0.41948,10.00
0.035110,5.000240,0.498134,0.41853,10.00
0.035120,5.000854,0.497451,0.41805,10.00
0.035130,5.001422,0.496331,0.41782,10.00
0.035140,5.001930,0.495010,0.41775,10.00
0.035150,5.002227,0.493623,0.41776,10.00
0.035160,5.001889,0.492842,0.41851,10.00
0.035170,5.001537,0.492742,0.41893,10.00
0.035180,5.001193,0.493019,0.41914,10.00
0.035190,5.000869,0.493496,0.41924,10.00
0.035200,5.000307,0.494070,0.41927,10.00
0.035210,4.998748,0.495751,0.42054,10.00
0.035220,4.997305,0.498563,0.42112,10.00
0.035230,4.996012,0.501898,0.42132,10.00
0.035240,4.994883,0.505406,0.42130,10.00
0.035250,4.994419,0.508890,0.42116,10.00
0.035260,4.996071,0.510199,0.41856,10.00
0.035270,4.997706,0.509168,0.41718,10.00
0.035280,4.999250,0.506885,0.41652,10.00
0.035290,5.000665,0.503984,0.41626,10.00
0.035300,5.001727,0.500830,0.41623,10.00
0.035310,5.001835,0.498471,0.41732,10.00
0.035320,5.001864,0.497070,0.41795,10.00
0.035330,5.001846,0.496233,0.41833,10.00
0.035340,5.001799,0.495733,0.41855,10.00
0.035350,5.001627,0.495433,0.41868,10.00
0.035360,5.001020,0.495698,0.41928,10.00
0.035370,5.000444,0.496504,0.41957,10.00
0.035380,4.999916,0.497581,0.41969,10.00
0.035390,4.999442,0.498774,0.41972,10.00
0.035400,4.999179,0.499992,0.41969,10.00
0.035410,4.999570,0.500562,0.41889,10.00
0.035420,4.999965,0.500424,0.41847,10.00
0.035430,5.000340,0.499904,0.41826,10.00
0.035440,5.000684,0.499191,0.41817,10.00
0.035450,5.000775,0.498394,0.41814,10.00
0.035460,4.999982,0.498457,0.41920,10.00
0.035470,4.999224,0.499460,0.41974,10.00
0.035480,4.998529,0.500941,0.41997,10.00
0.035490,4.997910,0.502634,0.42004,10.00
0.035500,4.997665,0.504386,0.42002,10.00
0.035510,4.998637,0.504928,0.41854,10.00
0.035520,4.999591,0.504150,0.41777,10.00
0.035530,5.000484,0.502674,0.41741,10.00
0.035540,5.001296,0.500861,0.41728,10.00
0.035550,5.001934,0.498919,0.41727,10.00
0.035560,5.002154,0.497307,0.41774,10.00
0.035570,5.002312,0.496110,0.41803,10.00
0.035580,5.002423,0.495180,0.41822,10.00
0.035590,5.002496,0.494427,0.41835,10.00
0.035600,5.002446,0.493800,0.41845,10.00
0.035610,5.002011,0.493640,0.41896,10.00
0.035620,5.001584,0.493948,0.41923,10.00
0.035630,5.001181,0.494505,0.41935,10.00
0.035640,5.000808,0.495186,0.41939,10.00
0.035650,5.000462,0.495917,0.41939,10.00
0.035660,5.000122,0.496686,0.41940,10.00
0.035670,4.999819,0.497471,0.41938,10.00
0.035680,4.999553,0.498241,0.41934,10.00
0.035690,4.999322,0.498980,0.41929,10.00
0.035700,4.999394,0.499677,0.41924,10.00
0.035710,5.000548,0.499239,0.41791,10.00
0.035720,5.001641,0.497607,0.41724,10.00
0.035730,5.002638,0.495376,0.41696,10.00
0.035740,5.003521,0.492893,0.41689,10.00
0.035750,5.004022,0.490354,0.41695,10.00
0.035760,5.003382,0.488934,0.41832,10.00
0.035770,5.002717,0.488749,0.41907,10.00
0.035780,5.002067,0.489251,0.41946,10.00
0.035790,5.001454,0.490119,0.41964,10.00
0.035800,5.001082,0.491168,0.41970,10.00
0.035810,5.001518,0.491505,0.41877,10.00
0.035820,5.001944,0.491027,0.41829,10.00
0.035830,5.002334,0.490126,0.41806,10.00
0.035840,5.002675,0.489030,0.41798,10.00
0.035850,5.003043,0.487870,0.41797,10.00
0.035860,5.003675,0.486391,0.41762,10.00
0.035870,5.004227,0.484616,0.41750,10.00
0.035880,5.004694,0.482746,0.41750,10.00
0.035890,5.005073,0.480896,0.41757,10.00
0.035900,5.005259,0.479128,0.41767,10.00
0.035910,5.004940,0.477917,0.41831,10.00
0.035920,5.004584,0.477304,0.41868,10.00
0.035930,5.004212,0.477050,0.41889,10.00
0.035940,5.003837,0.477018,0.41901,10.00
0.035950,5.003247,0.477122,0.41907,10.00
0.035960,5.001810,0.478199,0.42015,10.00
0.035970,5.000458,0.480265,0.42066,10.00
0.035980,4.999221,0.482816,0.42085,10.00
0.035990,4.998110,0.485559,0.42086,10.00
0.036000,4.997439,0.488327,0.42077,10.00
0.036010,4.998097,0.489781,0.41916,10.00
0.036020,4.998776,0.489803,0.41829,10.00
0.036030,4.999430,0.489045,0.41784,10.00
0.036040,5.000035,0.487884,0.41764,10.00
0.036050,5.000382,0.486541,0.41758,10.00
0.036060,4.999899,0.485932,0.41854,10.00
0.036070,4.999416,0.486171,0.41904,10.00
0.036080,4.998960,0.486865,0.41929,10.00
0.036090,4.998543,0.487786,0.41940,10.00
0.036100,4.998098,0.488802,0.41942,10.00
0.036110,4.997405,0.490142,0.41975,10.00
0.036120,4.996786,0.491782,0.41988,10.00
0.036130,4.996248,0.493529,0.41988,10.00
0.036140,4.995791,0.495275,0.41983,10.00
0.036150,4.995457,0.496959,0.41973,10.00
0.036160,4.995365,0.498376,0.41942,10.00
0.036170,4.995330,0.499499,0.41922,10.00
0.036180,4.995340,0.500418,0.41907,10.00
0.036190,4.995387,0.501183,0.41896,10.00
0.036200,4.995565,0.501829,0.41888,10.00
0.036210,4.996155,0.501979,0.41834,10.00
0.036220,4.996734,0.501624,0.41807,10.00
0.036230,4.997286,0.500995,0.41793,10.00
0.036240,4.997803,0.500224,0.41789,10.00
0.036250,4.998175,0.499389,0.41789,10.00
0.036260,4.998095,0.498961,0.41842,10.00
0.036270,4.998010,0.498989,0.41871,10.00
0.036280,4.997933,0.499257,0.41885,10.00
0.036290,4.997872,0.499641,0.41891,10.00
0.036300,4.997786,0.500067,0.41893,10.00
0.036310,4.997543,0.500679,0.41914,10.00
0.036320,4.997334,0.501463,0.41922,10.00
0.036330,4.997164,0.502310,0.41924,10.00
0.036340,4.997033,0.503155,0.41921,10.00
0.036350,4.996801,0.503964,0.41917,10.00
0.036360,4.996059,0.505281,0.41978,10.00
0.036370,4.995397,0.507128,0.42005,10.00
0.036380,4.994828,0.509192,0.42012,10.00
0.036390,4.994357,0.511298,0.42008,10.00
0.036400,4.994191,0.513347,0.41998,10.00
0.036410,4.994927,0.514447,0.41887,10.00
0.036420,4.995680,0.514528,0.41827,10.00
0.036430,4.996416,0.514035,0.41796,10.00
0.036440,4.997117,0.513226,0.41781,10.00
0.036450,4.997650,0.512255,0.41776,10.00
0.036460,4.997651,0.511708,0.41836,10.00
0.036470,4.997643,0.511663,0.41868,10.00
0.036480,4.997641,0.511881,0.41884,10.00
0.036490,4.997652,0.512222,0.41891,10.00
0.036500,4.997726,0.512610,0.41894,10.00
0.036510,4.997997,0.512816,0.41872,10.00
0.036520,4.998270,0.512805,0.41859,10.00
0.036530,4.998537,0.512666,0.41853,10.00
0.036540,4.998795,0.512452,0.41850,10.00
0.036550,4.999205,0.512195,0.41849,10.00
0.036560,5.000241,0.511255,0.41772,10.00
0.036570,5.001209,0.509608,0.41735,10.00
0.036580,5.002087,0.507621,0.41722,10.00
0.036590,5.002868,0.505508,0.41723,10.00
0.036600,5.003623,0.503390,0.41730,10.00
0.036610,5.004571,0.501037,0.41706,10.00
0.036620,5.005401,0.498472,0.41702,10.00
0.036630,5.006109,0.495877,0.41708,10.00
0.036640,5.006698,0.493355,0.41721,10.00
0.036650,5.007009,0.490963,0.41736,10.00
0.036660,5.006573,0.489389,0.41830,10.00
0.036670,5.006092,0.488683,0.41884,10.00
0.036680,5.005596,0.488487,0.41914,10.00
0.036690,5.005102,0.488593,0.41930,10.00
0.036700,5.004558,0.488876,0.41937,10.00
0.036710,5.003783,0.489518,0.41971,10.00
0.036720,5.003051,0.490488,0.41986,10.00
0.036730,5.002371,0.491621,0.41990,10.00
0.036740,5.001748,0.492819,0.41988,10.00
0.036750,5.001335,0.494026,0.41983,10.00
0.036760,5.001574,0.494598,0.41904,10.00
0.036770,5.001817,0.494483,0.41862,10.00
0.036780,5.002043,0.494004,0.41841,10.00
0.036790,5.002241,0.493347,0.41833,10.00
0.036800,5.002467,0.492620,0.41830,10.00
0.036810,5.002896,0.491640,0.41803,10.00
0.036820,5.003272,0.490428,0.41793,10.00
0.036830,5.003588,0.489135,0.41792,10.00
0.036840,5.003843,0.487847,0.41796,10.00
0.036850,5.003802,0.486612,0.41802,10.00
0.036860,5.002773,0.486410,0.41923,10.00
0.036870,5.001771,0.487308,0.41985,10.00
0.036880,5.000833,0.488787,0.42014,10.00
0.036890,4.999974,0.490546,0.42024,10.00
0.036900,4.999236,0.492411,0.42023,10.00
0.036910,4.998720,0.494145,0.42000,10.00
0.036920,4.998280,0.495683,0.41982,10.00
0.036930,4.997907,0.497068,0.41968,10.00
0.036940,4.997595,0.498326,0.41956,10.00
0.036950,4.997179,0.499474,0.41945,10.00
0.036960,4.996189,0.501163,0.42011,10.00
0.036970,4.995298,0.503434,0.42039,10.00
0.036980,4.994521,0.505945,0.42045,10.00
0.036990,4.993864,0.508499,0.42040,10.00
0.037000,4.993694,0.510985,0.42028,10.00
0.037010,4.995084,0.511861,0.41838,10.00
0.037020,4.996456,0.511015,0.41738,10.00
0.037030,4.997756,0.509242,0.41690,10.00
0.037040,4.998955,0.507004,0.41672,10.00
0.037050,4.999824,0.504569,0.41670,10.00
0.037060,4.999725,0.502964,0.41780,10.00
0.037070,4.999582,0.502323,0.41842,10.00
0.037080,4.999426,0.502222,0.41875,10.00
0.037090,4.999276,0.502414,0.41893,10.00
0.037100,4.999278,0.502756,0.41901,10.00
0.037110,4.999843,0.502610,0.41838,10.00
0.037120,5.000382,0.501898,0.41806,10.00
0.037130,5.000878,0.500897,0.41793,10.00
0.037140,5.001322,0.499769,0.41789,10.00
0.037150,5.001662,0.498606,0.41791,10.00
0.037160,5.001756,0.497656,0.41820,10.00
0.037170,5.001813,0.496962,0.41837,10.00
0.037180,5.001843,0.496430,0.41849,10.00
0.037190,5.001852,0.496007,0.41856,10.00
0.037200,5.001842,0.495661,0.41862,10.00
0.037210,5.001812,0.495379,0.41867,10.00
0.037220,5.001770,0.495148,0.41870,10.00
0.037230,5.001719,0.494959,0.41873,10.00
0.037240,5.001661,0.494803,0.41875,10.00
0.037250,5.001658,0.494675,0.41876,10.00
0.037260,5.001889,0.494326,0.41849,10.00
0.037270,5.002097,0.493741,0.41836,10.00
0.037280,5.002274,0.493050,0.41832,10.00
0.037290,5.002418,0.492329,0.41832,10.00
0.037300,5.002434,0.491620,0.41834,10.00
0.037310,5.002052,0.491321,0.41882,10.00
0.037320,5.001671,0.491465,0.41908,10.00
0.037330,5.001306,0.491852,0.41921,10.00
0.037340,5.000963,0.492367,0.41926,10.00
0.037350,5.000599,0.492942,0.41927,10.00
0.037360,5.000076,0.493729,0.41948,10.00
0.037370,4.999596,0.494716,0.41956,10.00
0.037380,4.999167,0.495784,0.41957,10.00
0.037390,4.998788,0.496866,0.41954,10.00
0.037400,4.998444,0.497923,0.41948,10.00
0.037410,4.998090,0.498994,0.41949,10.00
0.037420,4.997787,0.500069,0.41946,10.00
0.037430,4.997532,0.501112,0.41940,10.00
0.037440,4.997325,0.502099,0.41934,10.00
0.037450,4.997100,0.503022,0.41927,10.00
0.037460,4.996676,0.504120,0.41950,10.00
0.037470,4.996308,0.505407,0.41957,10.00
0.037480,4.996003,0.506747,0.41957,10.00
0.037490,4.995759,0.508067,0.41952,10.00
0.037500,4.995891,0.509324,0.41944,10.00
0.037510,4.997308,0.509243,0.41788,10.00
0.037520,4.998674,0.507743,0.41709,10.00
0.037530,4.999943,0.505506,0.41673,10.00
0.037540,5.001095,0.502926,0.41663,10.00
0.037550,5.001922,0.500231,0.41666,10.00
0.037560,5.001849,0.498340,0.41770,10.00
0.037570,5.001718,0.497370,0.41829,10.00
0.037580,5.001559,0.496932,0.41863,10.00
0.037590,5.001390,0.496801,0.41882,10.00
0.037600,5.001175,0.496843,0.41892,10.00
0.037610,5.000790,0.497163,0.41918,10.00
0.037620,5.000428,0.497724,0.41930,10.00
0.037630,5.000097,0.498403,0.41934,10.00
0.037640,4.999800,0.499129,0.41934,10.00
0.037650,4.999734,0.499858,0.41932,10.00
0.037660,5.000469,0.499787,0.41836,10.00
0.037670,5.001173,0.498859,0.41787,10.00
0.037680,5.001818,0.497493,0.41765,10.00
0.037690,5.002393,0.495932,0.41759,10.00
0.037700,5.002744,0.494313,0.41761,10.00
0.037710,5.002441,0.493305,0.41837,10.00
0.037720,5.002114,0.492985,0.41880,10.00
0.037730,5.001786,0.493054,0.41902,10.00
0.037740,5.001468,0.493340,0.41914,10.00
0.037750,5.001229,0.493743,0.41919,10.00
0.037760,5.001245,0.493964,0.41892,10.00
0.037770,5.001265,0.493955,0.41877,10.00
0.037780,5.001281,0.493827,0.41870,10.00
0.037790,5.001289,0.493643,0.41867,10.00
0.037800,5.001150,0.493438,0.41866,10.00
0.037810,5.000459,0.493783,0.41931,10.00
0.037820,4.999805,0.494719,0.41963,10.00
0.037830,4.999206,0.495953,0.41976,10.00
0.037840,4.998669,0.497313,0.41979,10.00
0.037850,4.998212,0.498703,0.41976,10.00
0.037860,4.997876,0.500009,0.41962,10.00
0.037870,4.997597,0.501197,0.41951,10.00
0.037880,4.997371,0.502280,0.41941,10.00
0.037890,4.997192,0.503270,0.41933,10.00
0.037900,4.997251,0.504172,0.41925,10.00
0.037910,4.998108,0.504222,0.41827,10.00
0.037920,4.998937,0.503381,0.41776,10.00
0.037930,4.999710,0.502073,0.41754,10.00
0.037940,5.000413,0.500545,0.41746,10.00
0.037950,5.000970,0.498938,0.41748,10.00
0.037960,5.001173,0.497617,0.41787,10.00
0.037970,5.001324,0.496644,0.41812,10.00
0.037980,5.001437,0.495891,0.41828,10.00
0.037990,5.001520,0.495282,0.41839,10.00
0.038000,5.001401,0.494772,0.41846,10.00
0.038010,5.000573,0.495034,0.41934,10.00
0.038020,4.999784,0.496091,0.41978,10.00
0.038030,4.999059,0.497551,0.41997,10.00
0.038040,4.998409,0.499190,0.42002,10.00
0.038050,4.998062,0.500876,0.41999,10.00
0.038060,4.998668,0.501651,0.41886,10.00
0.038070,4.999277,0.501421,0.41827,10.00
0.038080,4.999857,0.500649,0.41797,10.00
0.038090,5.000391,0.499601,0.41784,10.00
0.038100,5.000893,0.498431,0.41781,10.00
0.038110,5.001422,0.497144,0.41774,10.00
0.038120,5.001887,0.495786,0.41775,10.00
0.038130,5.002289,0.494431,0.41779,10.00
0.038140,5.002629,0.493122,0.41787,10.00
0.038150,5.002830,0.491881,0.41795,10.00
0.038160,5.002664,0.491037,0.41840,10.00
0.038170,5.002473,0.490612,0.41867,10.00
0.038180,5.002270,0.490436,0.41882,10.00
0.038190,5.002065,0.490408,0.41890,10.00
0.038200,5.001936,0.490471,0.41894,10.00
0.038210,5.002103,0.490295,0.41862,10.00
0.038220,5.002254,0.489842,0.41846,10.00
0.038230,5.002379,0.489259,0.41839,10.00
0.038240,5.002476,0.488631,0.41838,10.00
0.038250,5.002272,0.488005,0.41840,10.00
0.038260,5.000980,0.488481,0.41969,10.00
0.038270,4.999750,0.490132,0.42034,10.00
0.038280,4.998619,0.492380,0.42061,10.00
0.038290,4.997602,0.494891,0.42068,10.00
0.038300,4.997045,0.497473,0.42063,10.00
0.038310,4.997928,0.498682,0.41894,10.00
0.038320,4.998817,0.498379,0.41804,10.00
0.038330,4.999665,0.497259,0.41759,10.00
0.038340,5.000445,0.495723,0.41739,10.00
0.038350,5.000672,0.494004,0.41735,10.00
0.038360,4.998964,0.494107,0.41959,10.00
0.038370,4.997327,0.496214,0.42073,10.00
0.038380,4.995825,0.499348,0.42124,10.00
0.038390,4.994485,0.502946,0.42140,10.00
0.038400,4.993880,0.506684,0.42135,10.00
0.038410,4.995634,0.508169,0.41860,10.00
0.038420,4.997374,0.507173,0.41714,10.00
0.038430,4.999022,0.504842,0.41643,10.00
0.038440,5.000536,0.501843,0.41615,10.00
0.038450,5.001594,0.498557,0.41610,10.00
0.038460,5.001305,0.496409,0.41761,10.00
0.038470,5.000959,0.495593,0.41845,10.00
0.038480,5.000600,0.495526,0.41890,10.00
0.038490,5.000251,0.495870,0.41914,10.00
0.038500,4.999825,0.496430,0.41925,10.00
0.038510,4.999035,0.497490,0.41975,10.00
0.038520,4.998311,0.499008,0.41997,10.00
0.038530,4.997665,0.500730,0.42004,10.00
0.038540,4.997102,0.502510,0.42001,10.00
0.038550,4.997001,0.504264,0.41993,10.00
0.038560,4.998459,0.504453,0.41808,10.00
0.038570,4.999870,0.502968,0.41712,10.00
0.038580,5.001181,0.500609,0.41668,10.00
0.038590,5.002366,0.497838,0.41654,10.00
0.038600,5.003276,0.494922,0.41656,10.00
0.038610,5.003502,0.492566,0.41732,10.00
0.038620,5.003640,0.490886,0.41778,10.00
0.038630,5.003713,0.489630,0.41808,10.00
0.038640,5.003737,0.488652,0.41827,10.00
0.038650,5.003716,0.487863,0.41840,10.00
0.038660,5.003638,0.487236,0.41853,10.00
0.038670,5.003537,0.486740,0.41861,10.00
0.038680,5.003416,0.486342,0.41868,10.00
0.038690,5.003280,0.486021,0.41872,10.00
0.038700,5.003034,0.485763,0.41876,10.00
0.038710,5.002401,0.485941,0.41924,10.00
0.038720,5.001792,0.486568,0.41948,10.00
0.038730,5.001221,0.487432,0.41958,10.00
0.038740,5.000696,0.488410,0.41960,10.00
0.038750,5.000089,0.489428,0.41958,10.00
0.038760,4.999024,0.490954,0.42014,10.00
0.038770,4.998050,0.492993,0.42037,10.00
0.038780,4.997179,0.495254,0.42043,10.00
0.038790,4.996416,0.497569,0.42038,10.00
0.038800,4.995804,0.499842,0.42027,10.00
0.038810,4.995466,0.501851,0.41994,10.00
0.038820,4.995211,0.503555,0.41971,10.00
0.038830,4.995029,0.505034,0.41953,10.00
0.038840,4.994910,0.506334,0.41938,10.00
0.038850,4.994777,0.507486,0.41927,10.00
0.038860,4.994425,0.508778,0.41948,10.00
0.038870,4.994139,0.510239,0.41955,10.00
0.038880,4.993922,0.511734,0.41953,10.00
0.038890,4.993773,0.513185,0.41947,10.00
0.038900,4.993992,0.514551,0.41939,10.00
0.038910,4.995456,0.514619,0.41789,10.00
0.038920,4.996876,0.513311,0.41712,10.00
0.038930,4.998208,0.511274,0.41677,10.00
0.038940,4.999432,0.508883,0.41666,10.00
0.038950,5.000392,0.506355,0.41668,10.00
0.038960,5.000669,0.504384,0.41745,10.00
0.038970,5.000873,0.503074,0.41790,10.00
0.038980,5.001029,0.502159,0.41818,10.00
0.038990,5.001150,0.501482,0.41835,10.00
0.039000,5.001039,0.500955,0.41846,10.00
0.039010,5.000109,0.501327,0.41947,10.00
0.039020,4.999227,0.502613,0.41998,10.00
0.039030,4.998421,0.504360,0.42020,10.00
0.039040,4.997704,0.506305,0.42025,10.00
0.039050,4.997200,0.508299,0.42021,10.00
0.039060,4.997256,0.509787,0.41957,10.00
0.039070,4.997362,0.510694,0.41919,10.00
0.039080,4.997498,0.511250,0.41896,10.00
0.039090,4.997653,0.511588,0.41883,10.00
0.039100,4.997798,0.511789,0.41875,10.00
0.039110,4.997871,0.511977,0.41879,10.00
0.039120,4.997953,0.512186,0.41880,10.00
0.039130,4.998043,0.512389,0.41880,10.00
0.039140,4.998142,0.512575,0.41879,10.00
0.039150,4.998518,0.512736,0.41878,10.00
0.039160,4.999950,0.511815,0.41752,10.00
0.039170,5.001300,0.509753,0.41691,10.00
0.039180,5.002533,0.507122,0.41667,10.00
0.039190,5.003634,0.504254,0.41663,10.00
0.039200,5.004534,0.501339,0.41671,10.00
0.039210,5.005049,0.498737,0.41714,10.00
0.039220,5.005454,0.496523,0.41745,10.00
0.039230,5.005765,0.494593,0.41768,10.00
0.039240,5.005994,0.492886,0.41786,10.00
0.039250,5.006296,0.491363,0.41801,10.00
0.039260,5.007108,0.489424,0.41746,10.00
0.039270,5.007814,0.487019,0.41725,10.00
0.039280,5.008402,0.484449,0.41722,10.00
0.039290,5.008871,0.481884,0.41730,10.00
0.039300,5.008943,0.479419,0.41742,10.00
0.039310,5.007811,0.478203,0.41886,10.00
0.039320,5.006667,0.478324,0.41964,10.00
0.039330,5.005556,0.479196,0.42004,10.00
0.039340,5.004502,0.480478,0.42022,10.00
0.039350,5.003673,0.481969,0.42027,10.00
0.039360,5.003528,0.482944,0.41953,10.00
0.039370,5.003408,0.483298,0.41912,10.00
0.039380,5.003296,0.483320,0.41890,10.00
0.039390,5.003180,0.483176,0.41879,10.00
0.039400,5.002854,0.482961,0.41874,10.00
0.039410,5.001729,0.483515,0.41966,10.00
0.039420,5.000660,0.484913,0.42011,10.00
0.039430,4.999672,0.486742,0.42029,10.00
0.039440,4.998778,0.488762,0.42033,10.00
0.039450,4.998017,0.490835,0.42028,10.00
0.039460,4.997497,0.492738,0.42002,10.00
0.039470,4.997058,0.494418,0.41982,10.00
0.039480,4.996693,0.495926,0.41967,10.00
0.039490,4.996394,0.497294,0.41954,10.00
0.039500,4.996192,0.498540,0.41943,10.00
0.039510,4.996185,0.499537,0.41916,10.00
0.039520,4.996216,0.500284,0.41899,10.00
0.039530,4.996277,0.500864,0.41888,10.00
0.039540,4.996360,0.501328,0.41880,10.00
0.039550,4.996463,0.501704,0.41875,10.00
0.039560,4.996589,0.502003,0.41870,10.00
0.039570,4.996727,0.502238,0.41866,10.00
0.039580,4.996873,0.502420,0.41863,10.00
0.039590,4.997025,0.502558,0.41861,10.00
0.039600,4.996997,0.502659,0.41860,10.00
0.039610,4.996255,0.503445,0.41943,10.00
0.039620,4.995573,0.504960,0.41983,10.00
0.039630,4.994973,0.506819,0.41998,10.00
0.039640,4.994464,0.508801,0.41999,10.00
0.039650,4.994038,0.510779,0.41993,10.00
0.039660,4.993659,0.512726,0.41989,10.00
0.039670,4.993369,0.514604,0.41979,10.00
0.039680,4.993162,0.516374,0.41968,10.00
0.039690,4.993034,0.518013,0.41957,10.00
0.039700,4.993190,0.519513,0.41945,10.00
0.039710,4.994247,0.520037,0.41835,10.00
0.039720,4.995292,0.519539,0.41777,10.00
0.039730,4.996294,0.518477,0.41749,10.00
0.039740,4.997234,0.517116,0.41738,10.00
0.039750,4.997923,0.515612,0.41736,10.00
0.039760,4.997831,0.514761,0.41824,10.00
0.039770,4.997724,0.514659,0.41871,10.00
0.039780,4.997624,0.514955,0.41895,10.00
0.039790,4.997544,0.515447,0.41906,10.00
0.039800,4.997432,0.516021,0.41910,10.00
0.039810,4.997125,0.516834,0.41936,10.00
0.039820,4.996862,0.517862,0.41946,10.00
0.039830,4.996651,0.518966,0.41948,10.00
0.039840,4.996490,0.520068,0.41945,10.00
0.039850,4.996639,0.521123,0.41940,10.00
0.039860,4.997850,0.521097,0.41814,10.00
0.039870,4.999020,0.519920,0.41749,10.00
0.039880,5.000113,0.518135,0.41720,10.00
0.039890,5.001112,0.516060,0.41711,10.00
0.039900,5.002041,0.513875,0.41713,10.00
0.039910,5.002994,0.511561,0.41706,10.00
0.039920,5.003835,0.509170,0.41710,10.00
0.039930,5.004563,0.506806,0.41720,10.00
0.039940,5.005184,0.504528,0.41733,10.00
0.039950,5.005723,0.502366,0.41747,10.00
0.039960,5.006249,0.500256,0.41752,10.00
0.039970,5.006678,0.498199,0.41761,10.00
0.039980,5.007015,0.496244,0.41773,10.00
0.039990,5.007264,0.494415,0.41785,10.00
0.040000,5.007404,0.492724,0.41798,10.00
0.040010,5.007356,0.491290,0.41823,10.00
0.040020,5.007251,0.490119,0.41841,10.00
0.040030,5.007099,0.489145,0.41855,10.00
0.040040,5.006907,0.488329,0.41865,10.00
0.040050,5.006856,0.487643,0.41873,10.00
0.040060,5.007449,0.486402,0.41801,10.00
0.040070,5.007966,0.484554,0.41768,10.00
0.040080,5.008388,0.482449,0.41758,10.00
0.040090,5.008711,0.480290,0.41760,10.00
0.040100,5.008880,0.478187,0.41768,10.00
0.040110,5.008738,0.476418,0.41805,10.00
0.040120,5.008526,0.475029,0.41831,10.00
0.040130,5.008261,0.473914,0.41848,10.00
0.040140,5.007952,0.473010,0.41861,10.00
0.040150,5.007616,0.472277,0.41872,10.00
0.040160,5.007286,0.471656,0.41876,10.00
0.040170,5.006932,0.471124,0.41880,10.00
0.040180,5.006557,0.470684,0.41885,10.00
0.040190,5.006167,0.470337,0.41889,10.00
0.040200,5.005528,0.470076,0.41892,10.00
0.040210,5.003952,0.470818,0.42004,10.00
0.040220,5.002449,0.472611,0.42059,10.00
0.040230,5.001050,0.474948,0.42082,10.00
0.040240,4.999771,0.477537,0.42086,10.00
0.040250,4.998686,0.480205,0.42080,10.00
0.040260,4.997993,0.482590,0.42037,10.00
0.040270,4.997400,0.484619,0.42007,10.00
0.040280,4.996895,0.486401,0.41986,10.00
0.040290,4.996468,0.488000,0.41969,10.00
0.040300,4.996255,0.489454,0.41955,10.00
0.040310,4.996665,0.490229,0.41878,10.00
0.040320,4.997088,0.490307,0.41836,10.00
0.040330,4.997501,0.489998,0.41815,10.00
0.040340,4.997892,0.489480,0.41805,10.00
0.040350,4.998205,0.488859,0.41801,10.00
0.040360,4.998294,0.488386,0.41824,10.00
0.040370,4.998367,0.488108,0.41838,10.00
0.040380,4.998429,0.487940,0.41845,10.00
0.040390,4.998486,0.487836,0.41850,10.00
0.040400,4.998360,0.487768,0.41853,10.00
0.040410,4.997534,0.488410,0.41936,10.00
0.040420,4.996763,0.489795,0.41976,10.00
0.040430,4.996069,0.491543,0.41992,10.00
0.040440,4.995463,0.493436,0.41995,10.00
0.040450,4.995067,0.495349,0.41990,10.00
0.040460,4.995236,0.496739,0.41926,10.00
0.040470,4.995450,0.497539,0.41888,10.00
0.040480,4.995689,0.497985,0.41866,10.00
0.040490,4.995941,0.498212,0.41854,10.00
0.040500,4.995877,0.498302,0.41846,10.00
0.040510,4.994565,0.499541,0.41988,10.00
0.040520,4.993351,0.502029,0.42056,10.00
0.040530,4.992274,0.505116,0.42083,10.00
0.040540,4.991350,0.508426,0.42086,10.00
0.040550,4.990629,0.511748,0.42077,10.00
0.040560,4.990251,0.514771,0.42038,10.00
0.040570,4.990002,0.517419,0.42009,10.00
0.040580,4.989866,0.519760,0.41985,10.00
0.040590,4.989829,0.521839,0.41964,10.00
0.040600,4.989945,0.523685,0.41947,10.00
0.040610,4.990391,0.525069,0.41902,10.00
0.040620,4.990885,0.525992,0.41874,10.00
0.040630,4.991410,0.526605,0.41856,10.00
0.040640,4.991953,0.526997,0.41845,10.00
0.040650,4.992718,0.527225,0.41837,10.00
0.040660,4.994306,0.526514,0.41737,10.00
0.040670,4.995827,0.524841,0.41687,10.00
0.040680,4.997249,0.522663,0.41667,10.00
0.040690,4.998560,0.520244,0.41664,10.00
0.040700,4.999796,0.517741,0.41669,10.00
0.040710,5.001086,0.515074,0.41660,10.00
0.040720,5.002246,0.512285,0.41664,10.00
0.040730,5.003274,0.509499,0.41674,10.00
0.040740,5.004172,0.506788,0.41689,10.00
0.040750,5.004758,0.504193,0.41705,10.00
0.040760,5.004494,0.502460,0.41807,10.00
0.040770,5.004179,0.501644,0.41865,10.00
0.040780,5.003844,0.501360,0.41897,10.00
0.040790,5.003506,0.501382,0.41914,10.00
0.040800,5.002956,0.501579,0.41923,10.00
0.040810,5.001560,0.502724,0.42027,10.00
0.040820,5.000251,0.504823,0.42076,10.00
0.040830,4.999057,0.507388,0.42095,10.00
0.040840,4.997991,0.510140,0.42096,10.00
0.040850,4.997408,0.512918,0.42087,10.00
0.040860,4.998329,0.514271,0.41914,10.00
0.040870,4.999262,0.514068,0.41821,10.00
0.040880,5.000156,0.513014,0.41774,10.00
0.040890,5.000985,0.511518,0.41753,10.00
0.040900,5.001853,0.509816,0.41747,10.00
0.040910,5.003093,0.507597,0.41697,10.00
0.040920,5.004212,0.504913,0.41678,10.00
0.040930,5.005198,0.502050,0.41677,10.00
0.040940,5.006050,0.499175,0.41686,10.00
0.040950,5.006418,0.496380,0.41700,10.00
0.040960,5.005290,0.495069,0.41875,10.00
0.040970,5.004155,0.495349,0.41969,10.00
0.040980,5.003063,0.496504,0.42017,10.00
0.040990,5.002042,0.498119,0.42037,10.00
0.041000,5.001201,0.499953,0.42042,10.00
0.041010,5.000821,0.501500,0.41996,10.00
0.041020,5.000502,0.502657,0.41968,10.00
0.041030,5.000229,0.503575,0.41949,10.00
0.041040,4.999996,0.504340,0.41937,10.00
0.041050,4.999974,0.505003,0.41928,10.00
0.041060,5.000680,0.504905,0.41840,10.00
0.041070,5.001355,0.504021,0.41796,10.00
0.041080,5.001974,0.502733,0.41776,10.00
0.041090,5.002527,0.501261,0.41770,10.00
0.041100,5.002856,0.499733,0.41772,10.00
0.041110,5.002515,0.498809,0.41847,10.00
0.041120,5.002154,0.498565,0.41888,10.00
0.041130,5.001794,0.498705,0.41911,10.00
0.041140,5.001449,0.499058,0.41921,10.00
0.041150,5.001200,0.499524,0.41926,10.00
0.041160,5.001270,0.499754,0.41893,10.00
0.041170,5.001342,0.499698,0.41875,10.00
0.041180,5.001406,0.499492,0.41866,10.00
0.041190,5.001459,0.499214,0.41862,10.00
0.041200,5.001321,0.498909,0.41861,10.00
0.041210,5.000482,0.499279,0.41941,10.00
0.041220,4.999686,0.500377,0.41981,10.00
0.041230,4.998953,0.501846,0.41998,10.00
0.041240,4.998296,0.503479,0.42002,10.00
0.041250,4.997932,0.505158,0.41999,10.00
0.041260,4.998480,0.505992,0.41895,10.00
0.041270,4.999037,0.505894,0.41839,10.00
0.041280,4.999572,0.505287,0.41811,10.00
0.041290,5.000069,0.504414,0.41798,10.00
0.041300,5.000678,0.503416,0.41795,10.00
0.041310,5.001854,0.501770,0.41725,10.00
0.041320,5.002932,0.499486,0.41694,10.00
0.041330,5.003892,0.496919,0.41686,10.00
0.041340,5.004729,0.494272,0.41690,10.00
0.041350,5.005218,0.491661,0.41701,10.00
0.041360,5.004712,0.490011,0.41816,10.00
0.041370,5.004164,0.489411,0.41881,10.00
0.041380,5.003610,0.489414,0.41916,10.00
0.041390,5.003067,0.489760,0.41934,10.00
0.041400,5.002746,0.490300,0.41942,10.00
0.041410,5.003221,0.490191,0.41856,10.00
0.041420,5.003667,0.489335,0.41813,10.00
0.041430,5.004061,0.488108,0.41794,10.00
0.041440,5.004392,0.486725,0.41788,10.00
0.041450,5.004379,0.485308,0.41790,10.00
0.041460,5.003213,0.484993,0.41921,10.00
0.041470,5.002074,0.485882,0.41990,10.00
0.041480,5.000999,0.487419,0.42022,10.00
0.041490,5.000009,0.489279,0.42034,10.00
0.041500,4.999286,0.491277,0.42034,10.00
0.041510,4.999341,0.492635,0.41949,10.00
0.041520,4.999435,0.493249,0.41901,10.00
0.041530,4.999545,0.493444,0.41875,10.00
0.041540,4.999656,0.493408,0.41861,10.00
0.041550,4.999851,0.493247,0.41854,10.00
0.041560,5.000381,0.492686,0.41811,10.00
0.041570,5.000872,0.491738,0.41791,10.00
0.041580,5.001312,0.490608,0.41784,10.00
0.041590,5.001697,0.489413,0.41784,10.00
0.041600,5.001696,0.488218,0.41788,10.00
0.041610,5.000351,0.488325,0.41943,10.00
0.041620,4.999059,0.489829,0.42021,10.00
0.041630,4.997862,0.492061,0.42057,10.00
0.041640,4.996782,0.494634,0.42068,10.00
0.041650,4.996190,0.497323,0.42065,10.00
0.041660,4.997136,0.498619,0.41893,10.00
0.041670,4.998090,0.498365,0.41800,10.00
0.041680,4.999004,0.497266,0.41754,10.00
0.041690,4.999851,0.495730,0.41734,10.00
0.041700,5.000255,0.493993,0.41728,10.00
0.041710,4.999155,0.493578,0.41894,10.00
0.041720,4.998085,0.494649,0.41981,10.00
0.041730,4.997091,0.496500,0.42022,10.00
0.041740,4.996197,0.498725,0.42037,10.00
0.041750,4.995586,0.501091,0.42037,10.00
0.041760,4.995764,0.502801,0.41952,10.00
0.041770,4.995996,0.503739,0.41902,10.00
0.041780,4.996256,0.504219,0.41874,10.00
0.041790,4.996529,0.504426,0.41858,10.00
0.041800,4.996903,0.504466,0.41849,10.00
0.041810,4.997653,0.504032,0.41801,10.00
0.041820,4.998366,0.503139,0.41777,10.00
0.041830,4.999029,0.502009,0.41768,10.00
0.041840,4.999634,0.500772,0.41767,10.00
0.041850,5.000187,0.499504,0.41770,10.00
0.041860,5.000711,0.498217,0.41772,10.00
0.041870,5.001175,0.496936,0.41777,10.00
0.041880,5.001580,0.495692,0.41784,10.00
0.041890,5.001927,0.494501,0.41791,10.00
0.041900,5.001933,0.493375,0.41799,10.00
0.041910,5.000766,0.493415,0.41935,10.00
0.041920,4.999643,0.494690,0.42005,10.00
0.041930,4.998601,0.496609,0.42037,10.00
0.041940,4.997660,0.498831,0.42047,10.00
0.041950,4.996987,0.501159,0.42045,10.00
0.041960,4.997044,0.502874,0.41965,10.00
0.041970,4.997158,0.503875,0.41919,10.00
0.041980,4.997305,0.504453,0.41892,10.00
0.041990,4.997469,0.504776,0.41876,10.00
0.042000,4.997632,0.504943,0.41867,10.00
0.042010,4.997754,0.505054,0.41867,10.00
0.042020,4.997881,0.505146,0.41866,10.00
0.042030,4.998010,0.505216,0.41865,10.00
0.042040,4.998142,0.505265,0.41865,10.00
0.042050,4.998406,0.505292,0.41864,10.00
0.042060,4.999184,0.504798,0.41805,10.00
0.042070,4.999920,0.503754,0.41776,10.00
0.042080,5.000597,0.502432,0.41764,10.00
0.042090,5.001207,0.500989,0.41762,10.00
0.042100,5.001704,0.499516,0.41766,10.00
0.042110,5.001964,0.498231,0.41792,10.00
0.042120,5.002171,0.497172,0.41809,10.00
0.042130,5.002333,0.496269,0.41822,10.00
0.042140,5.002456,0.495479,0.41831,10.00
0.042150,5.002497,0.494778,0.41838,10.00
0.042160,5.002316,0.494336,0.41866,10.00
0.042170,5.002123,0.494157,0.41882,10.00
0.042180,5.001927,0.494132,0.41891,10.00
0.042190,5.001734,0.494201,0.41895,10.00
0.042200,5.001618,0.494324,0.41897,10.00
0.042210,5.001790,0.494209,0.41866,10.00
0.042220,5.001947,0.493825,0.41851,10.00
0.042230,5.002083,0.493311,0.41844,10.00
0.042240,5.002193,0.492746,0.41842,10.00
0.042250,5.002146,0.492174,0.41843,10.00
0.042260,5.001568,0.492115,0.41904,10.00
0.042270,5.001005,0.492610,0.41935,10.00
0.042280,5.000477,0.493403,0.41949,10.00
0.042290,4.999991,0.494342,0.41954,10.00
0.042300,4.999666,0.495342,0.41954,10.00
0.042310,4.999837,0.495915,0.41900,10.00
0.042320,5.000018,0.496008,0.41870,10.00
0.042330,5.000195,0.495837,0.41854,10.00
0.042340,5.000360,0.495527,0.41847,10.00
0.042350,5.000513,0.495150,0.41844,10.00
0.042360,5.000670,0.494727,0.41842,10.00
0.042370,5.000807,0.494279,0.41842,10.00
0.042380,5.000922,0.493832,0.41843,10.00
0.042390,5.001017,0.493400,0.41845,10.00
0.042400,5.000877,0.492990,0.41848,10.00
0.042410,4.999873,0.493428,0.41947,10.00
0.042420,4.998921,0.494765,0.41996,10.00
0.042430,4.998048,0.496560,0.42017,10.00
0.042440,4.997266,0.498559,0.42023,10.00
0.042450,4.996886,0.500614,0.42019,10.00
0.042460,4.997796,0.501482,0.41874,10.00
0.042470,4.998703,0.501045,0.41797,10.00
0.042480,4.999566,0.499899,0.41759,10.00
0.042490,5.000362,0.498392,0.41743,10.00
0.042500,5.000748,0.496722,0.41740,10.00
0.042510,4.999760,0.496261,0.41891,10.00
0.042520,4.998795,0.497154,0.41970,10.00
0.042530,4.997896,0.498762,0.42008,10.00
0.042540,4.997084,0.500717,0.42022,10.00
0.042550,4.996730,0.502806,0.42023,10.00
0.042560,4.997880,0.503545,0.41856,10.00
0.042570,4.999015,0.502778,0.41768,10.00
0.042580,5.000086,0.501203,0.41726,10.00
0.042590,5.001068,0.499222,0.41709,10.00
0.042600,5.001875,0.497066,0.41706,10.00
0.042610,5.002282,0.495157,0.41746,10.00
0.042620,5.002611,0.493590,0.41772,10.00
0.042630,5.002874,0.492254,0.41790,10.00
0.042640,5.003079,0.491085,0.41804,10.00
0.042650,5.003323,0.490045,0.41815,10.00
0.042660,5.003867,0.488777,0.41784,10.00
0.042670,5.004342,0.487247,0.41773,10.00
0.042680,5.004743,0.485626,0.41772,10.00
0.042690,5.005069,0.484009,0.41777,10.00
0.042700,5.005275,0.482452,0.41785,10.00
0.042710,5.005229,0.481160,0.41815,10.00
0.042720,5.005134,0.480159,0.41834,10.00
0.042730,5.004999,0.479362,0.41847,10.00
0.042740,5.004833,0.478715,0.41857,10.00
0.042750,5.004454,0.478186,0.41864,10.00
0.042760,5.003321,0.478464,0.41954,10.00
0.042770,5.002230,0.479580,0.41999,10.00
0.042780,5.001208,0.481140,0.42018,10.00
0.042790,5.000268,0.482918,0.42024,10.00
0.042800,4.999468,0.484779,0.42021,10.00
0.042810,4.998964,0.486447,0.41991,10.00
0.042820,4.998531,0.487864,0.41970,10.00
0.042830,4.998159,0.489109,0.41955,10.00
0.042840,4.997841,0.490230,0.41943,10.00
0.042850,4.997468,0.491254,0.41934,10.00
0.042860,4.996728,0.492594,0.41973,10.00
0.042870,4.996063,0.494284,0.41988,10.00
0.042880,4.995482,0.496116,0.41991,10.00
0.042890,4.994988,0.497970,0.41987,10.00
0.042900,4.994570,0.499778,0.41978,10.00
0.042910,4.994201,0.501534,0.41972,10.00
0.042920,4.993911,0.503221,0.41963,10.00
0.042930,4.993697,0.504809,0.41953,10.00
0.042940,4.993553,0.506286,0.41943,10.00
0.042950,4.993661,0.507645,0.41933,10.00
0.042960,4.994561,0.508176,0.41840,10.00
0.042970,4.995456,0.507837,0.41791,10.00
0.042980,4.996316,0.507011,0.41766,10.00
0.042990,4.997128,0.505922,0.41756,10.00
0.043000,4.997703,0.504702,0.41754,10.00
0.043010,4.997518,0.504102,0.41836,10.00
0.043020,4.997327,0.504211,0.41880,10.00
0.043030,4.997154,0.504694,0.41902,10.00
0.043040,4.997008,0.505357,0.41911,10.00
0.043050,4.997030,0.506090,0.41914,10.00
0.043060,4.997614,0.506324,0.41853,10.00
0.043070,4.998190,0.505990,0.41821,10.00
0.043080,4.998738,0.505345,0.41805,10.00
0.043090,4.999250,0.504537,0.41799,10.00
0.043100,4.999659,0.503653,0.41798,10.00
0.043110,4.999781,0.502976,0.41828,10.00
0.043120,4.999879,0.502553,0.41846,10.00
0.043130,4.999962,0.502274,0.41856,10.00
0.043140,5.000034,0.502077,0.41862,10.00
0.043150,5.000038,0.501928,0.41865,10.00
0.043160,4.999797,0.502036,0.41894,10.00
0.043170,4.999569,0.502404,0.41909,10.00
0.043180,4.999364,0.502901,0.41915,10.00
0.043190,4.999183,0.503455,0.41917,10.00
0.043200,4.999070,0.504022,0.41916,10.00
0.043210,4.999141,0.504425,0.41896,10.00
0.043220,4.999224,0.504640,0.41884,10.00
0.043230,4.999314,0.504744,0.41877,10.00
0.043240,4.999406,0.504779,0.41873,10.00
0.043250,4.999523,0.504771,0.41871,10.00
0.043260,4.999734,0.504644,0.41859,10.00
0.043270,4.999935,0.504400,0.41853,10.00
0.043280,5.000122,0.504094,0.41851,10.00
0.043290,5.000293,0.503760,0.41850,10.00
0.043300,5.000418,0.503417,0.41851,10.00
0.043310,5.000407,0.503189,0.41866,10.00
0.043320,5.000391,0.503090,0.41874,10.00
0.043330,5.000372,0.503064,0.41879,10.00
0.043340,5.000353,0.503077,0.41881,10.00
0.043350,5.000337,0.503110,0.41882,10.00
0.043360,5.000330,0.503146,0.41882,10.00
0.043370,5.000324,0.503178,0.41882,10.00
0.043380,5.000320,0.503206,0.41881,10.00
0.043390,5.000317,0.503231,0.41881,10.00
0.043400,5.000581,0.503252,0.41881,10.00
0.043410,5.001884,0.502273,0.41763,10.00
0.043420,5.003105,0.500229,0.41706,10.00
0.043430,5.004212,0.497658,0.41683,10.00
0.043440,5.005191,0.494869,0.41679,10.00
0.043450,5.005640,0.492039,0.41686,10.00
0.043460,5.004409,0.490760,0.41874,10.00
0.043470,5.003175,0.491182,0.41974,10.00
0.043480,5.001993,0.492536,0.42024,10.00
0.043490,5.000893,0.494378,0.42046,10.00
0.043500,5.000028,0.496450,0.42051,10.00
0.043510,4.999812,0.498078,0.41986,10.00
0.043520,4.999655,0.499141,0.41947,10.00
0.043530,4.999537,0.499872,0.41924,10.00
0.043540,4.999446,0.500403,0.41910,10.00
0.043550,4.999543,0.500812,0.41901,10.00
0.043560,5.000303,0.500520,0.41822,10.00
0.043570,5.001026,0.499515,0.41783,10.00
0.043580,5.001688,0.498145,0.41766,10.00
0.043590,5.002281,0.496610,0.41761,10.00
0.043600,5.002905,0.495028,0.41764,10.00
0.043610,5.003867,0.493069,0.41723,10.00
0.043620,5.004724,0.490746,0.41709,10.00
0.043630,5.005468,0.488292,0.41709,10.00
0.043640,5.006097,0.485841,0.41717,10.00
0.043650,5.006479,0.483468,0.41729,10.00
0.043660,5.006224,0.481723,0.41802,10.00
0.043670,5.005912,0.480661,0.41845,10.00
0.043680,5.005564,0.480019,0.41871,10.00
0.043690,5.005197,0.479644,0.41886,10.00
0.043700,5.004807,0.479447,0.41895,10.00
0.043710,5.004361,0.479422,0.41907,10.00
0.043720,5.003921,0.479538,0.41913,10.00
0.043730,5.003491,0.479748,0.41916,10.00
0.043740,5.003074,0.480022,0.41918,10.00
0.043750,5.002642,0.480342,0.41918,10.00
0.043760,5.002107,0.480809,0.41930,10.00
0.043770,5.001599,0.481422,0.41936,10.00
0.043780,5.001125,0.482113,0.41937,10.00
0.043790,5.000684,0.482839,0.41935,10.00
0.043800,5.000241,0.483578,0.41933,10.00
0.043810,4.999681,0.484457,0.41946,10.00
0.043820,4.999167,0.485478,0.41951,10.00
0.043830,4.998704,0.486555,0.41950,10.00
0.043840,4.998293,0.487639,0.41946,10.00
0.043850,4.997986,0.488701,0.41941,10.00
0.043860,4.997942,0.489521,0.41911,10.00
0.043870,4.997927,0.490075,0.41893,10.00
0.043880,4.997933,0.490468,0.41883,10.00
0.043890,4.997954,0.490760,0.41876,10.00
0.043900,4.997961,0.490985,0.41871,10.00
0.043910,4.997881,0.491258,0.41879,10.00
0.043920,4.997815,0.491595,0.41883,10.00
0.043930,4.997765,0.491955,0.41883,10.00
0.043940,4.997732,0.492314,0.41882,10.00
0.043950,4.997741,0.492658,0.41881,10.00
0.043960,4.997867,0.492883,0.41868,10.00
0.043970,4.997999,0.492979,0.41860,10.00
0.043980,4.998132,0.492998,0.41856,10.00
0.043990,4.998264,0.492967,0.41854,10.00
0.044000,4.998310,0.492906,0.41853,10.00
0.044010,4.998024,0.493138,0.41889,10.00
0.044020,4.997760,0.493688,0.41907,10.00
0.044030,4.997527,0.494394,0.41914,10.00
0.044040,4.997328,0.495162,0.41916,10.00
0.044050,4.997431,0.495939,0.41914,10.00
0.044060,4.998605,0.495705,0.41795,10.00
0.044070,4.999731,0.494381,0.41734,10.00
0.044080,5.000774,0.492488,0.41707,10.00
0.044090,5.001719,0.490328,0.41699,10.00
0.044100,5.002470,0.488075,0.41702,10.00
0.044110,5.002770,0.486157,0.41749,10.00
0.044120,5.002994,0.484655,0.41779,10.00
0.044130,5.003156,0.483424,0.41799,10.00
0.044140,5.003267,0.482381,0.41813,10.00
0.044150,5.003178,0.481477,0.41824,10.00
0.044160,5.002442,0.481264,0.41900,10.00
0.044170,5.001720,0.481761,0.41940,10.00
0.044180,5.001036,0.482646,0.41960,10.00
0.044190,5.000401,0.483729,0.41967,10.00
0.044200,4.999605,0.484904,0.41967,10.00
0.044210,4.998022,0.486911,0.42059,10.00
0.044220,4.996562,0.489763,0.42100,10.00
0.044230,4.995251,0.493007,0.42112,10.00
0.044240,4.994096,0.496381,0.42108,10.00
0.044250,4.993331,0.499736,0.42096,10.00
0.044260,4.993621,0.502125,0.41978,10.00
0.044270,4.993986,0.503446,0.41910,10.00
0.044280,4.994392,0.504132,0.41871,10.00
0.044290,4.994815,0.504435,0.41849,10.00
0.044300,4.995416,0.504502,0.41836,10.00
0.044310,4.996689,0.503776,0.41754,10.00
0.044320,4.997900,0.502267,0.41714,10.00
0.044330,4.999024,0.500352,0.41697,10.00
0.044340,5.000051,0.498250,0.41695,10.00
0.044350,5.000739,0.496088,0.41700,10.00
0.044360,5.000397,0.494822,0.41813,10.00
0.044370,5.000029,0.494555,0.41874,10.00
0.044380,4.999667,0.494837,0.41907,10.00
0.044390,4.999328,0.495412,0.41922,10.00
0.044400,4.999027,0.496131,0.41928,10.00
0.044410,4.998785,0.496887,0.41927,10.00
0.044420,4.998579,0.497630,0.41924,10.00
0.044430,4.998406,0.498344,0.41920,10.00
0.044440,4.998266,0.499020,0.41915,10.00
0.044450,4.998279,0.499653,0.41911,10.00
0.044460,4.998803,0.499782,0.41853,10.00
0.044470,4.999315,0.499377,0.41822,10.00
0.044480,4.999797,0.498685,0.41808,10.00
0.044490,5.000241,0.497847,0.41803,10.00
0.044500,5.000513,0.496946,0.41802,10.00
0.044510,5.000232,0.496515,0.41862,10.00
0.044520,4.999947,0.496612,0.41894,10.00
0.044530,4.999678,0.496996,0.41910,10.00
0.044540,4.999431,0.497525,0.41917,10.00
0.044550,4.999160,0.498120,0.41919,10.00
0.044560,4.998720,0.498922,0.41940,10.00
0.044570,4.998324,0.499917,0.41948,10.00
0.044580,4.997977,0.500989,0.41949,10.00
0.044590,4.997681,0.502072,0.41947,10.00
0.044600,4.997611,0.503128,0.41942,10.00
0.044610,4.998271,0.503486,0.41860,10.00
0.044620,4.998923,0.503093,0.41816,10.00
0.044630,4.999542,0.502291,0.41795,10.00
0.044640,5.000116,0.501277,0.41787,10.00
0.044650,5.000499,0.500166,0.41785,10.00
0.044660,5.000288,0.499538,0.41848,10.00
0.044670,5.000067,0.499465,0.41882,10.00
0.044680,4.999852,0.499696,0.41900,10.00
0.044690,4.999653,0.500085,0.41908,10.00
0.044700,4.999486,0.500549,0.41911,10.00
0.044710,4.999385,0.501000,0.41906,10.00
0.044720,4.999305,0.501407,0.41902,10.00
0.044730,4.999242,0.501776,0.41899,10.00
0.044740,4.999195,0.502113,0.41896,10.00
0.044750,4.999331,0.502420,0.41894,10.00
0.044760,5.000136,0.502077,0.41818,10.00
0.044770,5.000901,0.501046,0.41781,10.00
0.044780,5.001605,0.499660,0.41764,10.00
0.044790,5.002239,0.498112,0.41760,10.00
0.044800,5.002752,0.496515,0.41763,10.00
0.044810,5.003013,0.495099,0.41789,10.00
0.044820,5.003215,0.493913,0.41806,10.00
0.044830,5.003367,0.492888,0.41819,10.00
0.044840,5.003475,0.491984,0.41829,10.00
0.044850,5.003391,0.491176,0.41836,10.00
0.044860,5.002672,0.491021,0.41910,10.00
0.044870,5.001969,0.491544,0.41948,10.00
0.044880,5.001303,0.492436,0.41966,10.00
0.044890,5.000687,0.493516,0.41973,10.00
0.044900,5.000235,0.494681,0.41973,10.00
0.044910,5.000264,0.495464,0.41922,10.00
0.044920,5.000316,0.495805,0.41894,10.00
0.044930,5.000377,0.495897,0.41878,10.00
0.044940,5.000437,0.495854,0.41870,10.00
0.044950,5.000387,0.495739,0.41866,10.00
0.044960,4.999922,0.495975,0.41910,10.00
0.044970,4.999481,0.496610,0.41932,10.00
0.044980,4.999077,0.497449,0.41941,10.00
0.044990,4.998716,0.498377,0.41943,10.00
0.045000,4.998460,0.499331,0.41941,10.00
0.045010,4.998482,0.500051,0.41911,10.00
0.045020,4.998529,0.500502,0.41894,10.00
0.045030,4.998592,0.500790,0.41883,10.00
0.045040,4.998664,0.500977,0.41877,10.00
0.045050,4.998757,0.501099,0.41873,10.00
0.045060,4.998910,0.501124,0.41865,10.00
0.045070,4.999061,0.501062,0.41860,10.00
0.045080,4.999206,0.500948,0.41858,10.00
0.045090,4.999345,0.500805,0.41857,10.00
0.045100,4.999362,0.500644,0.41857,10.00
0.045110,4.998921,0.500898,0.41907,10.00
0.045120,4.998507,0.501599,0.41932,10.00
0.045130,4.998134,0.502524,0.41943,10.00
0.045140,4.997807,0.503544,0.41945,10.00
0.045150,4.997458,0.504586,0.41943,10.00
0.045160,4.996876,0.505872,0.41970,10.00
0.045170,4.996362,0.507396,0.41980,10.00
0.045180,4.995923,0.509004,0.41980,10.00
0.045190,4.995559,0.510607,0.41975,10.00
0.045200,4.995500,0.512156,0.41968,10.00
0.045210,4.996419,0.512766,0.41858,10.00
0.045220,4.997333,0.512366,0.41800,10.00
0.045230,4.998207,0.511407,0.41771,10.00
0.045240,4.999025,0.510152,0.41759,10.00
0.045250,4.999914,0.508752,0.41756,10.00
0.045260,5.001265,0.506795,0.41700,10.00
0.045270,5.002505,0.504302,0.41677,10.00
0.045280,5.003619,0.501571,0.41673,10.00
0.045290,5.004602,0.498776,0.41679,10.00
0.045300,5.005235,0.496016,0.41690,10.00
0.045310,5.004884,0.494158,0.41799,10.00
0.045320,5.004480,0.493287,0.41861,10.00
0.045330,5.004054,0.492989,0.41895,10.00
0.045340,5.003627,0.493027,0.41914,10.00
0.045350,5.003331,0.493260,0.41924,10.00
0.045360,5.003531,0.493156,0.41875,10.00
0.045370,5.003712,0.492639,0.41851,10.00
0.045380,5.003863,0.491919,0.41840,10.00
0.045390,5.003979,0.491118,0.41837,10.00
0.045400,5.003882,0.490305,0.41837,10.00
0.045410,5.003067,0.490159,0.41916,10.00
0.045420,5.002271,0.490744,0.41957,10.00
0.045430,5.001517,0.491726,0.41976,10.00
0.045440,5.000817,0.492914,0.41983,10.00
0.045450,5.000133,0.494196,0.41983,10.00
0.045460,4.999340,0.495666,0.41999,10.00
0.045470,4.998622,0.497296,0.42002,10.00
0.045480,4.997983,0.498977,0.41999,10.00
0.045490,4.997423,0.500647,0.41992,10.00
0.045500,4.997288,0.502266,0.41984,10.00
0.045510,4.998585,0.502538,0.41825,10.00
0.045520,4.999845,0.501364,0.41742,10.00
0.045530,5.001024,0.499423,0.41703,10.00
0.045540,5.002099,0.497103,0.41689,10.00
0.045550,5.002807,0.494629,0.41689,10.00
0.045560,5.002421,0.493051,0.41804,10.00
0.045570,5.001996,0.492505,0.41868,10.00
0.045580,5.001564,0.492542,0.41902,10.00
0.045590,5.001146,0.492905,0.41920,10.00
0.045600,5.000815,0.493445,0.41928,10.00
0.045610,5.000763,0.493840,0.41903,10.00
0.045620,5.000722,0.494026,0.41889,10.00
0.045630,5.000687,0.494096,0.41882,10.00
0.045640,5.000653,0.494106,0.41878,10.00
0.045650,5.000662,0.494087,0.41876,10.00
0.045660,5.000837,0.493898,0.41856,10.00
0.045670,5.000998,0.493538,0.41847,10.00
0.045680,5.001139,0.493097,0.41843,10.00
0.045690,5.001259,0.492626,0.41843,10.00
0.045700,5.000970,0.492154,0.41844,10.00
0.045710,4.999149,0.493115,0.42013,10.00
0.045720,4.997426,0.495613,0.42096,10.00
0.045730,4.995847,0.498894,0.42132,10.00
0.045740,4.994434,0.502525,0.42140,10.00
0.045750,4.993503,0.506256,0.42133,10.00
0.045760,4.993943,0.508819,0.41987,10.00
0.045770,4.994458,0.510057,0.41904,10.00
0.045780,4.995005,0.510524,0.41857,10.00
0.045790,4.995558,0.510539,0.41832,10.00
0.045800,4.996144,0.510286,0.41818,10.00
0.045810,4.996881,0.509717,0.41793,10.00
0.045820,4.997581,0.508883,0.41782,10.00
0.045830,4.998236,0.507910,0.41779,10.00
0.045840,4.998842,0.506870,0.41779,10.00
0.045850,4.999616,0.505806,0.41783,10.00
0.045860,5.001192,0.503946,0.41694,10.00
0.045870,5.002653,0.501251,0.41653,10.00
0.045880,5.003972,0.498161,0.41641,10.00
0.045890,5.005141,0.494928,0.41643,10.00
0.045900,5.005949,0.491698,0.41654,10.00
0.045910,5.005796,0.489317,0.41759,10.00
0.045920,5.005563,0.487883,0.41820,10.00
0.045930,5.005283,0.487018,0.41856,10.00
0.045940,5.004975,0.486503,0.41877,10.00
0.045950,5.004459,0.486209,0.41890,10.00
0.045960,5.003186,0.486764,0.41980,10.00
0.045970,5.001969,0.488170,0.42024,10.00
0.045980,5.000835,0.490023,0.42043,10.00
0.045990,4.999796,0.492092,0.42048,10.00
0.046000,4.999049,0.494239,0.42044,10.00
0.046010,4.999148,0.495689,0.41954,10.00
0.046020,4.999289,0.496348,0.41904,10.00
0.046030,4.999446,0.496560,0.41876,10.00
0.046040,4.999605,0.496522,0.41861,10.00
0.046050,4.999596,0.496348,0.41854,10.00
0.046060,4.998946,0.496691,0.41919,10.00
0.046070,4.998332,0.497629,0.41952,10.00
0.046080,4.997773,0.498869,0.41966,10.00
0.046090,4.997276,0.500243,0.41970,10.00
0.046100,4.996905,0.501653,0.41967,10.00
0.046110,4.996835,0.502825,0.41936,10.00
0.046120,4.996809,0.503712,0.41917,10.00
0.046130,4.996818,0.504414,0.41904,10.00
0.046140,4.996856,0.504988,0.41895,10.00
0.046150,4.996693,0.505468,0.41889,10.00
0.046160,4.995674,0.506692,0.41980,10.00
0.046170,4.994740,0.508727,0.42023,10.00
0.046180,4.993913,0.511145,0.42039,10.00
0.046190,4.993205,0.513701,0.42039,10.00
0.046200,4.992888,0.516256,0.42032,10.00
0.046210,4.993747,0.517739,0.41904,10.00
0.046220,4.994634,0.518040,0.41834,10.00
0.046230,4.995512,0.517663,0.41796,10.00
0.046240,4.996357,0.516901,0.41778,10.00
0.046250,4.997020,0.515924,0.41770,10.00
0.046260,4.997094,0.515334,0.41828,10.00
0.046270,4.997155,0.515225,0.41859,10.00
0.046280,4.997218,0.515366,0.41875,10.00
0.046290,4.997291,0.515626,0.41883,10.00
0.046300,4.997312,0.515930,0.41886,10.00
0.046310,4.997092,0.516476,0.41914,10.00
0.046320,4.996904,0.517257,0.41926,10.00
0.046330,4.996756,0.518134,0.41930,10.00
0.046340,4.996649,0.519031,0.41929,10.00
0.046350,4.996754,0.519902,0.41926,10.00
0.046360,4.997567,0.520100,0.41848,10.00
0.046370,4.998364,0.519571,0.41807,10.00
0.046380,4.999121,0.518642,0.41788,10.00
0.046390,4.999827,0.517501,0.41780,10.00
0.046400,5.000437,0.516260,0.41780,10.00
0.046410,5.000845,0.515117,0.41798,10.00
0.046420,5.001203,0.514120,0.41811,10.00
0.046430,5.001517,0.513221,0.41820,10.00
0.046440,5.001791,0.512394,0.41828,10.00
0.046450,5.002086,0.511624,0.41834,10.00
0.046460,5.002578,0.510687,0.41814,10.00
0.046470,5.003019,0.509567,0.41807,10.00
0.046480,5.003406,0.508374,0.41806,10.00
0.046490,5.003736,0.507173,0.41809,10.00
0.046500,5.004054,0.506002,0.41814,10.00
0.046510,5.004488,0.504724,0.41802,10.00
0.046520,5.004859,0.503339,0.41800,10.00
0.046530,5.005165,0.501940,0.41803,10.00
0.046540,5.005407,0.500576,0.41808,10.00
0.046550,5.005509,0.499276,0.41815,10.00
0.046560,5.005243,0.498344,0.41857,10.00
0.046570,5.004948,0.497808,0.41881,10.00
0.046580,5.004638,0.497517,0.41895,10.00
0.046590,5.004320,0.497383,0.41903,10.00
0.046600,5.003943,0.497355,0.41908,10.00
0.046610,5.003345,0.497609,0.41935,10.00
0.046620,5.002770,0.498139,0.41949,10.00
0.046630,5.002225,0.498821,0.41954,10.00
0.046640,5.001717,0.499584,0.41955,10.00
0.046650,5.001312,0.500384,0.41954,10.00
0.046660,5.001199,0.500958,0.41923,10.00
0.046670,5.001105,0.501276,0.41905,10.00
0.046680,5.001022,0.501451,0.41896,10.00
0.046690,5.000945,0.501549,0.41890,10.00
0.046700,5.000821,0.501608,0.41887,10.00
0.046710,5.000502,0.501833,0.41907,10.00
0.046720,5.000200,0.502245,0.41917,10.00
0.046730,4.999920,0.502755,0.41920,10.00
0.046740,4.999667,0.503309,0.41921,10.00
0.046750,4.999417,0.503876,0.41919,10.00
0.046760,4.999101,0.504523,0.41927,10.00
0.046770,4.998818,0.505245,0.41929,10.00
0.046780,4.998570,0.505991,0.41928,10.00
0.046790,4.998357,0.506730,0.41925,10.00
0.046800,4.998124,0.507445,0.41922,10.00
0.046810,4.997711,0.508324,0.41941,10.00
0.046820,4.997345,0.509374,0.41948,10.00
0.046830,4.997030,0.510487,0.41948,10.00
0.046840,4.996767,0.511601,0.41945,10.00
0.046850,4.996713,0.512683,0.41940,10.00
0.046860,4.997324,0.513139,0.41867,10.00
0.046870,4.997933,0.512922,0.41829,10.00
0.046880,4.998518,0.512330,0.41809,10.00
0.046890,4.999067,0.511535,0.41801,10.00
0.046900,4.999748,0.510639,0.41798,10.00
0.046910,5.001059,0.509075,0.41727,10.00
0.046920,5.002272,0.506835,0.41694,10.00
0.046930,5.003369,0.504275,0.41684,10.00
0.046940,5.004341,0.501597,0.41686,10.00
0.046950,5.005119,0.498920,0.41695,10.00
0.046960,5.005507,0.496560,0.41737,10.00
0.046970,5.005798,0.494572,0.41765,10.00
0.046980,5.006004,0.492848,0.41786,10.00
0.046990,5.006137,0.491325,0.41801,10.00
0.047000,5.006222,0.489966,0.41814,10.00
0.047010,5.006318,0.488684,0.41818,10.00
0.047020,5.006356,0.487462,0.41823,10.00
0.047030,5.006341,0.486322,0.41830,10.00
0.047040,5.006277,0.485276,0.41838,10.00
0.047050,5.006063,0.484330,0.41845,10.00
0.047060,5.005396,0.483866,0.41896,10.00
0.047070,5.004725,0.483910,0.41925,10.00
0.047080,5.004068,0.484253,0.41939,10.00
0.047090,5.003435,0.484776,0.41946,10.00
0.047100,5.002994,0.485406,0.41949,10.00
0.047110,5.003218,0.485514,0.41880,10.00
0.047120,5.003429,0.485033,0.41844,10.00
0.047130,5.003608,0.484256,0.41828,10.00
0.047140,5.003747,0.483352,0.41822,10.00
0.047150,5.003572,0.482414,0.41822,10.00
0.047160,5.002293,0.482476,0.41940,10.00
0.047170,5.001055,0.483636,0.42000,10.00
0.047180,4.999892,0.485386,0.42028,10.00
0.047190,4.998823,0.487433,0.42038,10.00
0.047200,4.998048,0.489606,0.42037,10.00
0.047210,4.998132,0.491110,0.41949,10.00
0.047220,4.998260,0.491837,0.41899,10.00
0.047230,4.998408,0.492124,0.41872,10.00
0.047240,4.998561,0.492162,0.41857,10.00
0.047250,4.998672,0.492062,0.41849,10.00
0.047260,4.998623,0.492027,0.41862,10.00
0.047270,4.998577,0.492104,0.41869,10.00
0.047280,4.998536,0.492240,0.41872,10.00
0.047290,4.998501,0.492402,0.41873,10.00
0.047300,4.998199,0.492575,0.41874,10.00
0.047310,4.996826,0.493744,0.41990,10.00
0.047320,4.995543,0.495972,0.42047,10.00
0.047330,4.994383,0.498725,0.42069,10.00
0.047340,4.993359,0.501698,0.42073,10.00
0.047350,4.992684,0.504713,0.42066,10.00
0.047360,4.992955,0.506925,0.41966,10.00
0.047370,4.993299,0.508224,0.41908,10.00
0.047380,4.993684,0.508973,0.41874,10.00
0.047390,4.994091,0.509383,0.41855,10.00
0.047400,4.994566,0.509575,0.41843,10.00
0.047410,4.995268,0.509416,0.41812,10.00
0.047420,4.995949,0.508935,0.41796,10.00
0.047430,4.996601,0.508270,0.41789,10.00
0.047440,4.997216,0.507499,0.41787,10.00
0.047450,4.997560,0.506673,0.41788,10.00
0.047460,4.996957,0.506656,0.41889,10.00
0.047470,4.996383,0.507524,0.41941,10.00
0.047480,4.995864,0.508845,0.41964,10.00
0.047490,4.995413,0.510373,0.41973,10.00
0.047500,4.995098,0.511967,0.41972,10.00
0.047510,4.995098,0.513324,0.41941,10.00
0.047520,4.995151,0.514385,0.41921,10.00
0.047530,4.995245,0.515242,0.41907,10.00
0.047540,4.995374,0.515950,0.41898,10.00
0.047550,4.995450,0.516541,0.41890,10.00
0.047560,4.995230,0.517331,0.41919,10.00
0.047570,4.995053,0.518352,0.41931,10.00
0.047580,4.994926,0.519458,0.41934,10.00
0.047590,4.994851,0.520567,0.41932,10.00
0.047600,4.995179,0.521631,0.41927,10.00
0.047610,4.996940,0.521351,0.41772,10.00
0.047620,4.998637,0.519627,0.41693,10.00
0.047630,5.000226,0.517131,0.41657,10.00
0.047640,5.001682,0.514251,0.41645,10.00
0.047650,5.002666,0.511213,0.41647,10.00
0.047660,5.002214,0.509337,0.41796,10.00
0.047670,5.001717,0.508783,0.41878,10.00
0.047680,5.001219,0.508966,0.41922,10.00
0.047690,5.000744,0.509551,0.41944,10.00
0.047700,5.000375,0.510345,0.41953,10.00
0.047710,5.000325,0.510982,0.41926,10.00
0.047720,5.000298,0.511378,0.41910,10.00
0.047730,5.000284,0.511634,0.41900,10.00
0.047740,5.000280,0.511806,0.41894,10.00
0.047750,5.000317,0.511926,0.41891,10.00
0.047760,5.000495,0.511888,0.41874,10.00
0.047770,5.000665,0.511694,0.41866,10.00
0.047780,5.000823,0.511418,0.41862,10.00
0.047790,5.000967,0.511101,0.41860,10.00
0.047800,5.001194,0.510768,0.41860,10.00
0.047810,5.001795,0.510075,0.41820,10.00
0.047820,5.002351,0.509006,0.41801,10.00
0.047830,5.002850,0.507757,0.41794,10.00
0.047840,5.003288,0.506439,0.41794,10.00
0.047850,5.003871,0.505117,0.41798,10.00
0.047860,5.005202,0.503085,0.41717,10.00
0.047870,5.006413,0.500315,0.41681,10.00
0.047880,5.007483,0.497211,0.41670,10.00
0.047890,5.008403,0.494009,0.41674,10.00
0.047900,5.008946,0.490841,0.41686,10.00
0.047910,5.008448,0.488607,0.41797,10.00
0.047920,5.007881,0.487406,0.41861,10.00
0.047930,5.007280,0.486826,0.41898,10.00
0.047940,5.006666,0.486628,0.41919,10.00
0.047950,5.006201,0.486672,0.41931,10.00
0.047960,5.006319,0.486349,0.41875,10.00
0.047970,5.006409,0.485572,0.41848,10.00
0.047980,5.006457,0.484588,0.41837,10.00
0.047990,5.006457,0.483538,0.41834,10.00
0.048000,5.006437,0.482500,0.41836,10.00
0.048010,5.006474,0.481422,0.41830,10.00
0.048020,5.006460,0.480322,0.41830,10.00
0.048030,5.006398,0.479259,0.41833,10.00
0.048040,5.006290,0.478266,0.41839,10.00
0.048050,5.005716,0.477360,0.41845,10.00
0.048060,5.003453,0.478062,0.42028,10.00
0.048070,5.001282,0.480479,0.42121,10.00
0.048080,4.999258,0.483806,0.42162,10.00
0.048090,4.997407,0.487578,0.42174,10.00
0.048100,4.995768,0.491525,0.42169,10.00
0.048110,4.994420,0.495394,0.42145,10.00
0.048120,4.993249,0.499084,0.42121,10.00
0.048130,4.992245,0.502590,0.42099,10.00
0.048140,4.991400,0.505906,0.42077,10.00
0.048150,4.990808,0.509030,0.42056,10.00
0.048160,4.990759,0.511590,0.41993,10.00
0.048170,4.990809,0.513559,0.41953,10.00
0.048180,4.990937,0.515134,0.41926,10.00
0.048190,4.991128,0.516429,0.41908,10.00
0.048200,4.991321,0.517512,0.41894,10.00
0.048210,4.991363,0.518602,0.41904,10.00
0.048220,4.991455,0.519738,0.41906,10.00
0.048230,4.991598,0.520842,0.41903,10.00
0.048240,4.991789,0.521873,0.41898,10.00
0.048250,4.992060,0.522811,0.41892,10.00
0.048260,4.992511,0.523515,0.41871,10.00
0.048270,4.992985,0.523974,0.41857,10.00
0.048280,4.993472,0.524259,0.41849,10.00
0.048290,4.993967,0.524411,0.41843,10.00
0.048300,4.994501,0.524459,0.41839,10.00
0.048310,4.995180,0.524287,0.41821,10.00
0.048320,4.995841,0.523898,0.41812,10.00
0.048330,4.996478,0.523376,0.41807,10.00
0.048340,4.997086,0.522768,0.41806,10.00
0.048350,4.998027,0.522106,0.41807,10.00
0.048360,5.000362,0.520108,0.41657,10.00
0.048370,5.002553,0.516696,0.41585,10.00
0.048380,5.004559,0.512571,0.41557,10.00
0.048390,5.006358,0.508138,0.41555,10.00
0.048400,5.007598,0.503632,0.41566,10.00
0.048410,5.007270,0.500431,0.41730,10.00
0.048420,5.006842,0.498701,0.41823,10.00
0.048430,5.006361,0.497833,0.41876,10.00
0.048440,5.005859,0.497476,0.41906,10.00
0.048450,5.005232,0.497429,0.41923,10.00
0.048460,5.004147,0.497996,0.41982,10.00
0.048470,5.003110,0.499138,0.42010,10.00
0.048480,5.002138,0.500589,0.42022,10.00
0.048490,5.001240,0.502192,0.42024,10.00
0.048500,5.000849,0.503858,0.42021,10.00
0.048510,5.002209,0.504007,0.41836,10.00
0.048520,5.003520,0.502501,0.41741,10.00
0.048530,5.004730,0.500126,0.41696,10.00
0.048540,5.005815,0.497333,0.41680,10.00
0.048550,5.006546,0.494381,0.41680,10.00
0.048560,5.006287,0.492195,0.41779,10.00
0.048570,5.005957,0.490914,0.41837,10.00
0.048580,5.005586,0.490177,0.41870,10.00
0.048590,5.005192,0.489776,0.41890,10.00
0.048600,5.004804,0.489589,0.41901,10.00
0.048610,5.004472,0.489492,0.41902,10.00
0.048620,5.004139,0.489436,0.41903,10.00
0.048630,5.003805,0.489425,0.41903,10.00
0.048640,5.003474,0.489457,0.41904,10.00
0.048650,5.003184,0.489530,0.41905,10.00
0.048660,5.003044,0.489509,0.41890,10.00
0.048670,5.002900,0.489382,0.41882,10.00
0.048680,5.002750,0.489214,0.41879,10.00
0.048690,5.002593,0.489042,0.41878,10.00
0.048700,5.002254,0.488885,0.41879,10.00
0.048710,5.001225,0.489374,0.41952,10.00
0.048720,5.000244,0.490559,0.41989,10.00
0.048730,4.999332,0.492110,0.42005,10.00
0.048740,4.998500,0.493839,0.42008,10.00
0.048750,4.997943,0.495633,0.42006,10.00
0.048760,4.998219,0.496748,0.41920,10.00
0.048770,4.998522,0.497099,0.41872,10.00
0.048780,4.998826,0.497020,0.41847,10.00
0.048790,4.999119,0.496706,0.41834,10.00
0.048800,4.999302,0.496267,0.41829,10.00
0.048810,4.999106,0.496091,0.41865,10.00
0.048820,4.998912,0.496236,0.41884,10.00
0.048830,4.998731,0.496553,0.41893,10.00
0.048840,4.998568,0.496957,0.41897,10.00
0.048850,4.998231,0.497399,0.41898,10.00
0.048860,4.997161,0.498536,0.41978,10.00
0.048870,4.996169,0.500400,0.42016,10.00
0.048880,4.995276,0.502618,0.42030,10.00
0.048890,4.994493,0.504977,0.42031,10.00
0.048900,4.994042,0.507353,0.42024,10.00
0.048910,4.994562,0.508891,0.41923,10.00
0.048920,4.995123,0.509496,0.41866,10.00
0.048930,4.995693,0.509559,0.41835,10.00
0.048940,4.996254,0.509306,0.41818,10.00
0.048950,4.996724,0.508866,0.41810,10.00
0.048960,4.996890,0.508571,0.41837,10.00
0.048970,4.997049,0.508483,0.41851,10.00
0.048980,4.997205,0.508497,0.41858,10.00
0.048990,4.997363,0.508554,0.41862,10.00
0.049000,4.997709,0.508622,0.41863,10.00
0.049010,4.998786,0.508022,0.41786,10.00
0.049020,4.999810,0.506699,0.41748,10.00
0.049030,5.000758,0.504998,0.41732,10.00
0.049040,5.001619,0.503120,0.41729,10.00
0.049050,5.002210,0.501180,0.41732,10.00
0.049060,5.002011,0.499880,0.41814,10.00
0.049070,5.001774,0.499306,0.41859,10.00
0.049080,5.001525,0.499145,0.41884,10.00
0.049090,5.001276,0.499221,0.41898,10.00
0.049100,5.000957,0.499430,0.41904,10.00
0.049110,5.000343,0.499993,0.41940,10.00
0.049120,4.999767,0.500893,0.41957,10.00
0.049130,4.999240,0.501962,0.41963,10.00
0.049140,4.998766,0.503105,0.41963,10.00
0.049150,4.998349,0.504263,0.41960,10.00
0.049160,4.997996,0.505396,0.41954,10.00
0.049170,4.997695,0.506483,0.41948,10.00
0.049180,4.997442,0.507516,0.41941,10.00
0.049190,4.997237,0.508492,0.41935,10.00
0.049200,4.996941,0.509408,0.41929,10.00
0.049210,4.996165,0.510735,0.41978,10.00
0.049220,4.995465,0.512505,0.42000,10.00
0.049230,4.994855,0.514470,0.42006,10.00
0.049240,4.994339,0.516487,0.42003,10.00
0.049250,4.994172,0.518473,0.41996,10.00
0.049260,4.995097,0.519476,0.41880,10.00
0.049270,4.996033,0.519405,0.41818,10.00
0.049280,4.996943,0.518726,0.41785,10.00
0.049290,4.997808,0.517708,0.41770,10.00
0.049300,4.998584,0.516505,0.41765,10.00
0.049310,4.999164,0.515333,0.41780,10.00
0.049320,4.999690,0.514255,0.41790,10.00
0.049330,5.000168,0.513240,0.41798,10.00
0.049340,5.000598,0.512272,0.41805,10.00
0.049350,5.001098,0.511345,0.41811,10.00
0.049360,5.001999,0.510055,0.41770,10.00
0.049370,5.002825,0.508371,0.41752,10.00
0.049380,5.003566,0.506507,0.41748,10.00
0.049390,5.004217,0.504586,0.41751,10.00
0.049400,5.004751,0.502679,0.41758,10.00
0.049410,5.005092,0.500923,0.41778,10.00
0.049420,5.005357,0.499349,0.41793,10.00
0.049430,5.005554,0.497920,0.41806,10.00
0.049440,5.005688,0.496617,0.41816,10.00
0.049450,5.005920,0.495426,0.41825,10.00
0.049460,5.006702,0.493797,0.41770,10.00
0.049470,5.007391,0.491685,0.41747,10.00
0.049480,5.007976,0.489373,0.41741,10.00
0.049490,5.008452,0.487023,0.41744,10.00
0.049500,5.008671,0.484726,0.41753,10.00
0.049510,5.008207,0.483056,0.41826,10.00
0.049520,5.007690,0.482081,0.41868,10.00
0.049530,5.007143,0.481537,0.41893,10.00
0.049540,5.006581,0.481273,0.41908,10.00
0.049550,5.006023,0.481198,0.41917,10.00
0.049560,5.005492,0.481236,0.41920,10.00
0.049570,5.004967,0.481351,0.41921,10.00
0.049580,5.004452,0.481532,0.41922,10.00
0.049590,5.003949,0.481771,0.41923,10.00
0.049600,5.003522,0.482060,0.41923,10.00
0.049610,5.003351,0.482176,0.41897,10.00
0.049620,5.003180,0.482097,0.41884,10.00
0.049630,5.003003,0.481933,0.41878,10.00
0.049640,5.002819,0.481742,0.41875,10.00
0.049650,5.002529,0.481557,0.41875,10.00
0.049660,5.001844,0.481744,0.41916,10.00
0.049670,5.001183,0.482337,0.41937,10.00
0.049680,5.000558,0.483154,0.41947,10.00
0.049690,4.999977,0.484090,0.41950,10.00
0.049700,4.999438,0.485084,0.41949,10.00
0.049710,4.998925,0.486115,0.41948,10.00
0.049720,4.998462,0.487164,0.41945,10.00
0.049730,4.998049,0.488204,0.41940,10.00
0.049740,4.997684,0.489221,0.41935,10.00
0.049750,4.997250,0.490206,0.41930,10.00
0.049760,4.996411,0.491556,0.41972,10.00
0.049770,4.995649,0.493297,0.41990,10.00
0.049780,4.994974,0.495212,0.41995,10.00
0.049790,4.994391,0.497176,0.41991,10.00
0.049800,4.993931,0.499116,0.41984,10.00
0.049810,4.993681,0.500881,0.41962,10.00
0.049820,4.993507,0.502438,0.41946,10.00
0.049830,4.993400,0.503832,0.41933,10.00
0.049840,4.993353,0.505088,0.41922,10.00
0.049850,4.993528,0.506223,0.41913,10.00
0.049860,4.994407,0.506658,0.41836,10.00
0.049870,4.995280,0.506356,0.41795,10.00
0.049880,4.996123,0.505635,0.41774,10.00
0.049890,4.996923,0.504679,0.41765,10.00
0.049900,4.997675,0.503594,0.41763,10.00
0.049910,4.998385,0.502435,0.41763,10.00
0.049920,4.999037,0.501240,0.41766,10.00
0.049930,4.999633,0.500039,0.41771,10.00
0.049940,5.000171,0.498852,0.41777,10.00
0.049950,5.000509,0.497690,0.41783,10.00
0.049960,5.000230,0.497069,0.41849,10.00
0.049970,4.999941,0.497031,0.41884,10.00
0.049980,4.999662,0.497313,0.41902,10.00
0.049990,4.999401,0.497766,0.41911,10.00
0.050000,4.999399,0.498304,0.41914,10.00
0.050010,5.000339,0.498055,0.41818,10.00
0.050020,5.001238,0.496931,0.41770,10.00
0.050030,5.002068,0.495349,0.41748,10.00
0.050040,5.002816,0.493549,0.41741,10.00
0.050050,5.003171,0.491669,0.41742,10.00
0.050060,5.002247,0.490856,0.41873,10.00
0.050070,5.001325,0.491235,0.41943,10.00
0.050080,5.000444,0.492269,0.41978,10.00
0.050090,4.999624,0.493650,0.41993,10.00
0.050100,4.999170,0.495201,0.41997,10.00
0.050110,4.999943,0.495786,0.41875,10.00
0.050120,5.000706,0.495271,0.41810,10.00
0.050130,5.001425,0.494163,0.41778,10.00
0.050140,5.002081,0.492753,0.41765,10.00
0.050150,5.002472,0.491208,0.41762,10.00
0.050160,5.002030,0.490304,0.41844,10.00
0.050170,5.001571,0.490147,0.41889,10.00
0.050180,5.001119,0.490411,0.41913,10.00
0.050190,5.000688,0.490908,0.41924,10.00
0.050200,5.000295,0.491530,0.41929,10.00
0.050210,4.999972,0.492181,0.41926,10.00
0.050220,4.999680,0.492821,0.41923,10.00
0.050230,4.999417,0.493446,0.41919,10.00
0.050240,4.999183,0.494052,0.41916,10.00
0.050250,4.998911,0.494636,0.41912,10.00
0.050260,4.998407,0.495429,0.41936,10.00
0.050270,4.997948,0.496445,0.41946,10.00
0.050280,4.997539,0.497561,0.41949,10.00
0.050290,4.997185,0.498705,0.41947,10.00
0.050300,4.996895,0.499836,0.41943,10.00
0.050310,4.996704,0.500890,0.41932,10.00
0.050320,4.996558,0.501848,0.41924,10.00
0.050330,4.996454,0.502725,0.41917,10.00
0.050340,4.996389,0.503529,0.41911,10.00
0.050350,4.996522,0.504264,0.41906,10.00
0.050360,4.997328,0.504363,0.41833,10.00
0.050370,4.998115,0.503784,0.41796,10.00
0.050380,4.998862,0.502834,0.41778,10.00
0.050390,4.999555,0.501687,0.41771,10.00
0.050400,5.000163,0.500446,0.41771,10.00
0.050410,5.000598,0.499271,0.41785,10.00
0.050420,5.000981,0.498205,0.41796,10.00
0.050430,5.001317,0.497219,0.41804,10.00
0.050440,5.001608,0.496296,0.41811,10.00
0.050450,5.001845,0.495428,0.41818,10.00
0.050460,5.002000,0.494649,0.41828,10.00
0.050470,5.002120,0.493962,0.41835,10.00
0.050480,5.002211,0.493343,0.41841,10.00
0.050490,5.002275,0.492781,0.41846,10.00
0.050500,5.002084,0.492268,0.41850,10.00
0.050510,5.000969,0.492605,0.41948,10.00
0.050520,4.999900,0.493848,0.41997,10.00
0.050530,4.998907,0.495569,0.42019,10.00
0.050540,4.998004,0.497525,0.42026,10.00
0.050550,4.997242,0.499572,0.42024,10.00
0.050560,4.996755,0.501468,0.41999,10.00
0.050570,4.996351,0.503152,0.41981,10.00
0.050580,4.996021,0.504679,0.41967,10.00
0.050590,4.995758,0.506079,0.41955,10.00
0.050600,4.995596,0.507370,0.41945,10.00
0.050610,4.995650,0.508420,0.41920,10.00
0.050620,4.995743,0.509226,0.41904,10.00
0.050630,4.995868,0.509866,0.41893,10.00
0.050640,4.996018,0.510385,0.41886,10.00
0.050650,4.996396,0.510810,0.41880,10.00
0.050660,4.997601,0.510435,0.41791,10.00
0.050670,4.998759,0.509220,0.41746,10.00
0.050680,4.999843,0.507551,0.41726,10.00
0.050690,5.000840,0.505654,0.41720,10.00
0.050700,5.001584,0.503660,0.41722,10.00
0.050710,5.001608,0.502201,0.41793,10.00
0.050720,5.001584,0.501365,0.41834,10.00
0.050730,5.001533,0.500888,0.41857,10.00
0.050740,5.001466,0.500619,0.41870,10.00
0.050750,5.001519,0.500474,0.41878,10.00
0.050760,5.002070,0.499956,0.41830,10.00
0.050770,5.002581,0.499006,0.41807,10.00
0.050780,5.003041,0.497841,0.41797,10.00
0.050790,5.003443,0.496586,0.41796,10.00
0.050800,5.003822,0.495314,0.41799,10.00
0.050810,5.004283,0.493940,0.41789,10.00
0.050820,5.004678,0.492479,0.41788,10.00
0.050830,5.005004,0.491012,0.41791,10.00
0.050840,5.005263,0.489583,0.41797,10.00
0.050850,5.005203,0.488220,0.41804,10.00
0.050860,5.004086,0.487821,0.41915,10.00
0.050870,5.002987,0.488461,0.41974,10.00
0.050880,5.001938,0.489676,0.42003,10.00
0.050890,5.000958,0.491199,0.42014,10.00
0.050900,5.000096,0.492876,0.42017,10.00
0.050910,4.999470,0.494479,0.41997,10.00
0.050920,4.998915,0.495943,0.41983,10.00
0.050930,4.998426,0.497306,0.41972,10.00
0.050940,4.997999,0.498588,0.41963,10.00
0.050950,4.997735,0.499800,0.41954,10.00
0.050960,4.997930,0.500586,0.41905,10.00
0.050970,4.998148,0.500922,0.41877,10.00
0.050980,4.998372,0.500997,0.41862,10.00
0.050990,4.998594,0.500921,0.41853,10.00
0.051000,4.999066,0.500757,0.41849,10.00
0.051010,5.000533,0.499650,0.41743,10.00
0.051020,5.001915,0.497556,0.41692,10.00
0.051030,5.003180,0.494957,0.41671,10.00
0.051040,5.004315,0.492131,0.41667,10.00
0.051050,5.004780,0.489240,0.41673,10.00
0.051060,5.003022,0.488230,0.41900,10.00
0.051070,5.001287,0.489292,0.42020,10.00
0.051080,4.999642,0.491485,0.42079,10.00
0.051090,4.998120,0.494269,0.42104,10.00
0.051100,4.996955,0.497332,0.42109,10.00
0.051110,4.996772,0.499753,0.42017,10.00
0.051120,4.996676,0.501370,0.41963,10.00
0.051130,4.996640,0.502509,0.41931,10.00
0.051140,4.996648,0.503354,0.41911,10.00
0.051150,4.996973,0.504011,0.41899,10.00
0.051160,4.998440,0.503552,0.41775,10.00
0.051170,4.999846,0.501942,0.41712,10.00
0.051180,5.001153,0.499718,0.41684,10.00
0.051190,5.002345,0.497194,0.41675,10.00
0.051200,5.003124,0.494550,0.41678,10.00
0.051210,5.002644,0.492894,0.41803,10.00
0.051220,5.002125,0.492364,0.41872,10.00
0.051230,5.001602,0.492469,0.41910,10.00
0.051240,5.001097,0.492931,0.41929,10.00
0.051250,5.000796,0.493587,0.41937,10.00
0.051260,5.001213,0.493740,0.41869,10.00
0.051270,5.001618,0.493291,0.41834,10.00
0.051280,5.001991,0.492524,0.41817,10.00
0.051290,5.002323,0.491603,0.41811,10.00
0.051300,5.002549,0.490622,0.41810,10.00
0.051310,5.002490,0.489845,0.41837,10.00
0.051320,5.002403,0.489319,0.41853,10.00
0.051330,5.002296,0.488951,0.41863,10.00
0.051340,5.002177,0.488686,0.41869,10.00
0.051350,5.001996,0.488493,0.41873,10.00
0.051360,5.001606,0.488533,0.41897,10.00
0.051370,5.001225,0.488808,0.41910,10.00
0.051380,5.000863,0.489216,0.41915,10.00
0.051390,5.000524,0.489697,0.41917,10.00
0.051400,4.999983,0.490216,0.41917,10.00
0.051410,4.998588,0.491531,0.42007,10.00
0.051420,4.997283,0.493685,0.42049,10.00
0.051430,4.996095,0.496261,0.42066,10.00
0.051440,4.995034,0.499018,0.42067,10.00
0.051450,4.994379,0.501816,0.42061,10.00
0.051460,4.994925,0.503629,0.41939,10.00
0.051470,4.995518,0.504337,0.41871,10.00
0.051480,4.996123,0.504408,0.41834,10.00
0.051490,4.996717,0.504111,0.41815,10.00
0.051500,4.997077,0.503600,0.41805,10.00
0.051510,4.996580,0.503697,0.41887,10.00
0.051520,4.996110,0.504509,0.41928,10.00
0.051530,4.995691,0.505685,0.41948,10.00
0.051540,4.995332,0.507025,0.41954,10.00
0.051550,4.995309,0.508415,0.41953,10.00
0.051560,4.996411,0.508854,0.41840,10.00
0.051570,4.997498,0.508236,0.41780,10.00
0.051580,4.998534,0.507030,0.41750,10.00
0.051590,4.999501,0.505510,0.41738,10.00
0.051600,5.000157,0.503833,0.41736,10.00
0.051610,4.999816,0.502897,0.41833,10.00
0.051620,4.999459,0.502818,0.41885,10.00
0.051630,4.999114,0.503208,0.41912,10.00
0.051640,4.998796,0.503844,0.41925,10.00
0.051650,4.998751,0.504599,0.41930,10.00
0.051660,4.999683,0.504574,0.41834,10.00
0.051670,5.000584,0.503665,0.41784,10.00
0.051680,5.001425,0.502282,0.41761,10.00
0.051690,5.002192,0.500661,0.41753,10.00
0.051700,5.002793,0.498939,0.41753,10.00
0.051710,5.002975,0.497493,0.41792,10.00
0.051720,5.003100,0.496391,0.41816,10.00
0.051730,5.003181,0.495506,0.41831,10.00
0.051740,5.003225,0.494765,0.41842,10.00
0.051750,5.003180,0.494127,0.41849,10.00
0.051760,5.002875,0.493771,0.41879,10.00
0.051770,5.002564,0.493700,0.41895,10.00
0.051780,5.002257,0.493796,0.41904,10.00
0.051790,5.001958,0.493994,0.41908,10.00
0.051800,5.001769,0.494254,0.41910,10.00
0.051810,5.001982,0.494212,0.41871,10.00
0.051820,5.002181,0.493829,0.41851,10.00
0.051830,5.002357,0.493273,0.41842,10.00
0.051840,5.002504,0.492640,0.41839,10.00
0.051850,5.002675,0.491985,0.41839,10.00
0.051860,5.003024,0.491156,0.41819,10.00
0.051870,5.003328,0.490157,0.41812,10.00
0.051880,5.003583,0.489094,0.41811,10.00
0.051890,5.003789,0.488026,0.41813,10.00
0.051900,5.003876,0.486989,0.41817,10.00
0.051910,5.003642,0.486244,0.41851,10.00
0.051920,5.003385,0.485818,0.41870,10.00
0.051930,5.003115,0.485591,0.41882,10.00
0.051940,5.002840,0.485493,0.41888,10.00
0.051950,5.002507,0.485482,0.41892,10.00
0.051960,5.001957,0.485728,0.41917,10.00
0.051970,5.001428,0.486229,0.41930,10.00
0.051980,5.000928,0.486873,0.41935,10.00
0.051990,5.000462,0.487594,0.41936,10.00
0.052000,4.999961,0.488353,0.41935,10.00
0.052010,4.999218,0.489371,0.41961,10.00
0.052020,4.998533,0.490650,0.41972,10.00
0.052030,4.997912,0.492053,0.41974,10.00
0.052040,4.997360,0.493499,0.41972,10.00
0.052050,4.996743,0.494940,0.41967,10.00
0.052060,4.995675,0.496802,0.42013,10.00
0.052070,4.994709,0.499102,0.42032,10.00
0.052080,4.993858,0.501590,0.42036,10.00
0.052090,4.993125,0.504124,0.42031,10.00
0.052100,4.992545,0.506620,0.42022,10.00
0.052110,4.992216,0.508909,0.41996,10.00
0.052120,4.991986,0.510953,0.41976,10.00
0.052130,4.991843,0.512799,0.41960,10.00
0.052140,4.991781,0.514474,0.41947,10.00
0.052150,4.991884,0.515996,0.41935,10.00
0.052160,4.992418,0.517052,0.41887,10.00
0.052170,4.992984,0.517627,0.41859,10.00
0.052180,4.993565,0.517895,0.41842,10.00
0.052190,4.994149,0.517957,0.41833,10.00
0.052200,4.994787,0.517876,0.41827,10.00
0.052210,4.995641,0.517491,0.41801,10.00
0.052220,4.996465,0.516812,0.41788,10.00
0.052230,4.997249,0.515960,0.41782,10.00
0.052240,4.997988,0.515006,0.41781,10.00
0.052250,4.998619,0.513995,0.41783,10.00
0.052260,4.998966,0.513157,0.41810,10.00
0.052270,4.999280,0.512529,0.41826,10.00
0.052280,4.999568,0.512015,0.41836,10.00
0.052290,4.999832,0.511564,0.41842,10.00
0.052300,5.000180,0.511148,0.41846,10.00
0.052310,5.000913,0.510396,0.41808,10.00
0.052320,5.001598,0.509276,0.41790,10.00
0.052330,5.002224,0.507970,0.41783,10.00
0.052340,5.002785,0.506584,0.41783,10.00
0.052350,5.003406,0.505179,0.41787,10.00
0.052360,5.004458,0.503359,0.41742,10.00
0.052370,5.005410,0.501114,0.41724,10.00
0.052380,5.006250,0.498684,0.41720,10.00
0.052390,5.006974,0.496208,0.41725,10.00
0.052400,5.007502,0.493768,0.41734,10.00
0.052410,5.007599,0.491689,0.41778,10.00
0.052420,5.007614,0.490020,0.41806,10.00
0.052430,5.007560,0.488631,0.41825,10.00
0.052440,5.007450,0.487448,0.41839,10.00
0.052450,5.007323,0.486426,0.41850,10.00
0.052460,5.007278,0.485431,0.41846,10.00
0.052470,5.007188,0.484438,0.41847,10.00
0.052480,5.007055,0.483491,0.41851,10.00
0.052490,5.006882,0.482617,0.41855,10.00
0.052500,5.006598,0.481826,0.41860,10.00
0.052510,5.005995,0.481374,0.41895,10.00
0.052520,5.005386,0.481280,0.41914,10.00
0.052530,5.004781,0.481413,0.41925,10.00
0.052540,5.004189,0.481694,0.41930,10.00
0.052550,5.003414,0.482076,0.41933,10.00
0.052560,5.001871,0.483217,0.42014,10.00
0.052570,5.000411,0.485150,0.42053,10.00
0.052580,4.999057,0.487500,0.42069,10.00
0.052590,4.997822,0.490051,0.42071,10.00
0.052600,4.996625,0.492675,0.42065,10.00
0.052610,4.995219,0.495586,0.42090,10.00
0.052620,4.993958,0.498760,0.42095,10.00
0.052630,4.992850,0.502014,0.42089,10.00
0.052640,4.991894,0.505242,0.42078,10.00
0.052650,4.991380,0.508380,0.42063,10.00
0.052660,4.992152,0.510395,0.41931,10.00
0.052670,4.992977,0.511186,0.41857,10.00
0.052680,4.993813,0.511262,0.41816,10.00
0.052690,4.994636,0.510916,0.41794,10.00
0.052700,4.995645,0.510316,0.41784,10.00
0.052710,4.997449,0.508839,0.41695,10.00
0.052720,4.999152,0.506491,0.41653,10.00
0.052730,5.000727,0.503686,0.41637,10.00
0.052740,5.002161,0.500668,0.41636,10.00
0.052750,5.003145,0.497577,0.41643,10.00
0.052760,5.002789,0.495538,0.41776,10.00
0.052770,5.002377,0.494682,0.41850,10.00
0.052780,5.001947,0.494498,0.41890,10.00
0.052790,5.001522,0.494696,0.41911,10.00
0.052800,5.001330,0.495109,0.41922,10.00
0.052810,5.002004,0.494907,0.41841,10.00
0.052820,5.002645,0.493980,0.41800,10.00
0.052830,5.003229,0.492677,0.41782,10.00
0.052840,5.003746,0.491198,0.41775,10.00
0.052850,5.004047,0.489658,0.41776,10.00
0.052860,5.003710,0.488616,0.41838,10.00
0.052870,5.003343,0.488147,0.41873,10.00
0.052880,5.002967,0.488017,0.41893,10.00
0.052890,5.002593,0.488090,0.41903,10.00
0.052900,5.002053,0.488288,0.41909,10.00
0.052910,5.000840,0.489158,0.41981,10.00
0.052920,4.999694,0.490719,0.42016,10.00
0.052930,4.998634,0.492643,0.42030,10.00
0.052940,4.997671,0.494738,0.42033,10.00
0.052950,4.996799,0.496893,0.42028,10.00
0.052960,4.995987,0.499079,0.42025,10.00
0.052970,4.995278,0.501258,0.42017,10.00
0.052980,4.994670,0.503387,0.42008,10.00
0.052990,4.994159,0.505438,0.41997,10.00
0.053000,4.993724,0.507395,0.41986,10.00
0.053010,4.993314,0.509304,0.41982,10.00
0.053020,4.992992,0.511162,0.41974,10.00
0.053030,4.992753,0.512936,0.41965,10.00
0.053040,4.992592,0.514608,0.41955,10.00
0.053050,4.992652,0.516168,0.41945,10.00
0.053060,4.993352,0.517115,0.41878,10.00
0.053070,4.994072,0.517408,0.41840,10.00
0.053080,4.994792,0.517308,0.41820,10.00
0.053090,4.995496,0.516964,0.41809,10.00
0.053100,4.996358,0.516467,0.41804,10.00
0.053110,4.997901,0.515254,0.41730,10.00
0.053120,4.999360,0.513312,0.41695,10.00
0.053130,5.000713,0.510986,0.41681,10.00
0.053140,5.001949,0.508474,0.41680,10.00
0.053150,5.003005,0.505895,0.41686,10.00
0.053160,5.003713,0.503515,0.41718,10.00
0.053170,5.004317,0.501395,0.41741,10.00
0.053180,5.004827,0.499458,0.41758,10.00
0.053190,5.005251,0.497666,0.41772,10.00
0.053200,5.005249,0.495995,0.41784,10.00
0.053210,5.003817,0.495609,0.41932,10.00
0.053220,5.002414,0.496590,0.42009,10.00
0.053230,5.001085,0.498322,0.42047,10.00
0.053240,4.999851,0.500452,0.42062,10.00
0.053250,4.999102,0.502773,0.42064,10.00
0.053260,4.999936,0.503893,0.41911,10.00
0.053270,5.000777,0.503641,0.41829,10.00
0.053280,5.001580,0.502639,0.41788,10.00
0.053290,5.002323,0.501241,0.41769,10.00
0.053300,5.002974,0.499650,0.41763,10.00
0.053310,5.003476,0.498048,0.41771,10.00
0.053320,5.003904,0.496507,0.41779,10.00
0.053330,5.004262,0.495035,0.41788,10.00
0.053340,5.004553,0.493638,0.41796,10.00
0.053350,5.004614,0.492319,0.41804,10.00
0.053360,5.003957,0.491650,0.41878,10.00
0.053370,5.003294,0.491676,0.41919,10.00
0.053380,5.002646,0.492100,0.41939,10.00
0.053390,5.002027,0.492752,0.41949,10.00
0.053400,5.001408,0.493533,0.41953,10.00
0.053410,5.000686,0.494506,0.41968,10.00
0.053420,5.000016,0.495646,0.41973,10.00
0.053430,4.999404,0.496866,0.41973,10.00
0.053440,4.998851,0.498113,0.41970,10.00
0.053450,4.998696,0.499358,0.41965,10.00
0.053460,4.999927,0.499433,0.41826,10.00
0.053470,5.001119,0.498239,0.41754,10.00
0.053480,5.002231,0.496364,0.41719,10.00
0.053490,5.003243,0.494147,0.41707,10.00
0.053500,5.003941,0.491784,0.41706,10.00
0.053510,5.003729,0.490075,0.41792,10.00
0.053520,5.003463,0.489142,0.41840,10.00
0.053530,5.003169,0.488664,0.41868,10.00
0.053540,5.002863,0.488460,0.41884,10.00
0.053550,5.002554,0.488424,0.41893,10.00
0.053560,5.002250,0.488494,0.41898,10.00
0.053570,5.001953,0.488634,0.41900,10.00
0.053580,5.001665,0.488822,0.41902,10.00
0.053590,5.001388,0.489045,0.41902,10.00
0.053600,5.000989,0.489294,0.41902,10.00
0.053610,5.000082,0.490013,0.41954,10.00
0.053620,4.999226,0.491231,0.41979,10.00
0.053630,4.998436,0.492710,0.41989,10.00
0.053640,4.997722,0.494312,0.41990,10.00
0.053650,4.996760,0.495954,0.41987,10.00
0.053660,4.994606,0.498683,0.42109,10.00
0.053670,4.992620,0.502552,0.42164,10.00
0.053680,4.990836,0.506974,0.42183,10.00
0.053690,4.989266,0.511608,0.42181,10.00
0.053700,4.988280,0.516258,0.42168,10.00
0.053710,4.988935,0.519580,0.42006,10.00
0.053720,4.989695,0.521408,0.41913,10.00
0.053730,4.990508,0.522344,0.41860,10.00
0.053740,4.991344,0.522731,0.41829,10.00
0.053750,4.992118,0.522767,0.41812,10.00
0.053760,4.992624,0.522791,0.41828,10.00
0.053770,4.993132,0.522892,0.41836,10.00
0.053780,4.993642,0.522997,0.41839,10.00
0.053790,4.994154,0.523069,0.41840,10.00
0.053800,4.994809,0.523090,0.41839,10.00
0.053810,4.996019,0.522572,0.41782,10.00
0.053820,4.997184,0.521475,0.41754,10.00
0.053830,4.998283,0.520054,0.41741,10.00
0.053840,4.999308,0.518455,0.41738,10.00
0.053850,5.000173,0.516766,0.41740,10.00
0.053860,5.000640,0.515314,0.41777,10.00
0.053870,5.001047,0.514154,0.41799,10.00
0.053880,5.001405,0.513166,0.41814,10.00
0.053890,5.001719,0.512286,0.41823,10.00
0.053900,5.002204,0.511477,0.41831,10.00
0.053910,5.003475,0.510014,0.41754,10.00
0.053920,5.004652,0.507833,0.41718,10.00
0.053930,5.005715,0.505298,0.41705,10.00
0.053940,5.006652,0.502617,0.41705,10.00
0.053950,5.007269,0.499913,0.41712,10.00
0.053960,5.006999,0.497911,0.41798,10.00
0.053970,5.006662,0.496704,0.41848,10.00
0.053980,5.006286,0.495978,0.41878,10.00
0.053990,5.005887,0.495552,0.41895,10.00
0.054000,5.005380,0.495322,0.41905,10.00
0.054010,5.004490,0.495551,0.41949,10.00
0.054020,5.003628,0.496229,0.41972,10.00
0.054030,5.002808,0.497161,0.41982,10.00
0.054040,5.002038,0.498238,0.41985,10.00
0.054050,5.001565,0.499390,0.41985,10.00
0.054060,5.002095,0.499767,0.41887,10.00
0.054070,5.002615,0.499277,0.41835,10.00
0.054080,5.003097,0.498327,0.41810,10.00
0.054090,5.003526,0.497149,0.41800,10.00
0.054100,5.003705,0.495875,0.41798,10.00
0.054110,5.003072,0.495224,0.41875,10.00
0.054120,5.002434,0.495290,0.41917,10.00
0.054130,5.001813,0.495764,0.41938,10.00
0.054140,5.001223,0.496467,0.41948,10.00
0.054150,5.000745,0.497296,0.41952,10.00
0.054160,5.000595,0.497944,0.41924,10.00
0.054170,5.000469,0.498355,0.41907,10.00
0.054180,5.000358,0.498635,0.41898,10.00
0.054190,5.000257,0.498842,0.41892,10.00
0.054200,5.000188,0.499010,0.41889,10.00
0.054210,5.000209,0.499084,0.41879,10.00
0.054220,5.000231,0.499068,0.41873,10.00
0.054230,5.000251,0.499006,0.41870,10.00
0.054240,5.000267,0.498921,0.41869,10.00
0.054250,5.000477,0.498827,0.41869,10.00
0.054260,5.001453,0.498073,0.41792,10.00
0.054270,5.002369,0.496610,0.41754,10.00
0.054280,5.003204,0.494784,0.41739,10.00
0.054290,5.003947,0.492795,0.41735,10.00
0.054300,5.004195,0.490758,0.41739,10.00
0.054310,5.002784,0.490077,0.41902,10.00
0.054320,5.001392,0.490896,0.41988,10.00
0.054330,5.000068,0.492544,0.42030,10.00
0.054340,4.998837,0.494634,0.42049,10.00
0.054350,4.998090,0.496943,0.42053,10.00
0.054360,4.998926,0.498083,0.41903,10.00
0.054370,4.999770,0.497877,0.41823,10.00
0.054380,5.000579,0.496933,0.41782,10.00
0.054390,5.001330,0.495596,0.41763,10.00
0.054400,5.001648,0.494065,0.41757,10.00
0.054410,5.000471,0.493669,0.41899,10.00
0.054420,4.999318,0.494569,0.41973,10.00
0.054430,4.998233,0.496174,0.42010,10.00
0.054440,4.997236,0.498145,0.42025,10.00
0.054450,4.996322,0.500286,0.42027,10.00
0.054460,4.995447,0.502537,0.42030,10.00
0.054470,4.994681,0.504834,0.42025,10.00
0.054480,4.994021,0.507110,0.42017,10.00
0.054490,4.993467,0.509322,0.42007,10.00
0.054500,4.992846,0.511445,0.41996,10.00
0.054510,4.991669,0.514020,0.42049,10.00
0.054520,4.990628,0.517082,0.42070,10.00
0.054530,4.989737,0.520334,0.42073,10.00
0.054540,4.988999,0.523608,0.42065,10.00
0.054550,4.988642,0.526804,0.42053,10.00
0.054560,4.989333,0.529097,0.41948,10.00
0.054570,4.990095,0.530391,0.41887,10.00
0.054580,4.990896,0.531071,0.41852,10.00
0.054590,4.991712,0.531356,0.41831,10.00
0.054600,4.992752,0.531375,0.41819,10.00
0.054610,4.994656,0.530464,0.41725,10.00
0.054620,4.996483,0.528611,0.41679,10.00
0.054630,4.998201,0.526235,0.41659,10.00
0.054640,4.999796,0.523580,0.41653,10.00
0.054650,5.001390,0.520789,0.41657,10.00
0.054660,5.003365,0.517514,0.41614,10.00
0.054670,5.005168,0.513775,0.41600,10.00
0.054680,5.006787,0.509837,0.41602,10.00
0.054690,5.008219,0.505856,0.41613,10.00
0.054700,5.009381,0.501926,0.41629,10.00
0.054710,5.010037,0.498381,0.41679,10.00
0.054720,5.010541,0.495280,0.41714,10.00
0.054730,5.010912,0.492503,0.41740,10.00
0.054740,5.011162,0.489982,0.41761,10.00
0.054750,5.011116,0.487680,0.41779,10.00
0.054760,5.010236,0.486197,0.41867,10.00
0.054770,5.009319,0.485571,0.41917,10.00
0.054780,5.008392,0.485468,0.41945,10.00
0.054790,5.007475,0.485696,0.41960,10.00
0.054800,5.006702,0.486141,0.41968,10.00
0.054810,5.006446,0.486320,0.41924,10.00
0.054820,5.006188,0.486158,0.41901,10.00
0.054830,5.005920,0.485841,0.41890,10.00
0.054840,5.005637,0.485473,0.41885,10.00
0.054850,5.005222,0.485110,0.41885,10.00
0.054860,5.004337,0.485171,0.41931,10.00
0.054870,5.003473,0.485701,0.41955,10.00
0.054880,5.002644,0.486505,0.41966,10.00
0.054890,5.001860,0.487469,0.41971,10.00
0.054900,5.001134,0.488525,0.41971,10.00
0.054910,5.000490,0.489607,0.41966,10.00
0.054920,4.999897,0.490685,0.41961,10.00
0.054930,4.999356,0.491754,0.41956,10.00
0.054940,4.998866,0.492810,0.41951,10.00
0.054950,4.998534,0.493846,0.41946,10.00
0.054960,4.998674,0.494497,0.41898,10.00
0.054970,4.998832,0.494731,0.41873,10.00
0.054980,4.998992,0.494731,0.41859,10.00
0.054990,4.999148,0.494600,0.41852,10.00
0.055000,4.999295,0.494398,0.41848,10.00
0.055010,4.999433,0.494159,0.41847,10.00
0.055020,4.999559,0.493901,0.41847,10.00
0.055030,4.999673,0.493638,0.41847,10.00
0.055040,4.999774,0.493375,0.41849,10.00
0.055050,4.999924,0.493119,0.41850,10.00
0.055060,5.000306,0.492666,0.41827,10.00
0.055070,5.000658,0.492001,0.41817,10.00
0.055080,5.000976,0.491234,0.41813,10.00
0.055090,5.001256,0.490425,0.41813,10.00
0.055100,5.001311,0.489611,0.41815,10.00
0.055110,5.000597,0.489433,0.41891,10.00
0.055120,4.999899,0.489951,0.41930,10.00
0.055130,4.999239,0.490853,0.41950,10.00
0.055140,4.998629,0.491958,0.41958,10.00
0.055150,4.997992,0.493161,0.41959,10.00
0.055160,4.997092,0.494673,0.41989,10.00
0.055170,4.996272,0.496480,0.42000,10.00
0.055180,4.995543,0.498417,0.42002,10.00
0.055190,4.994906,0.500388,0.41998,10.00
0.055200,4.994160,0.502338,0.41991,10.00
0.055210,4.992720,0.504895,0.42059,10.00
0.055220,4.991421,0.508091,0.42088,10.00
0.055230,4.990282,0.511570,0.42095,10.00
0.055240,4.989308,0.515125,0.42089,10.00
0.055250,4.988861,0.518636,0.42077,10.00
0.055260,4.989989,0.520836,0.41923,10.00
0.055270,4.991169,0.521589,0.41837,10.00
0.055280,4.992353,0.521491,0.41790,10.00
0.055290,4.993513,0.520884,0.41765,10.00
0.055300,4.994662,0.519969,0.41753,10.00
0.055310,4.995879,0.518760,0.41737,10.00
0.055320,4.997029,0.517322,0.41730,10.00
0.055330,4.998105,0.515753,0.41730,10.00
0.055340,4.999102,0.514113,0.41734,10.00
0.055350,4.999897,0.512441,0.41739,10.00
0.055360,5.000129,0.511170,0.41793,10.00
0.055370,5.000316,0.510352,0.41824,10.00
0.055380,5.000473,0.509789,0.41842,10.00
0.055390,5.000607,0.509369,0.41852,10.00
0.055400,5.000757,0.509033,0.41859,10.00
0.055410,5.001023,0.508636,0.41850,10.00
0.055420,5.001267,0.508150,0.41846,10.00
0.055430,5.001486,0.507622,0.41845,10.00
0.055440,5.001680,0.507079,0.41846,10.00
0.055450,5.001789,0.506538,0.41848,10.00
0.055460,5.001642,0.506204,0.41873,10.00
0.055470,5.001487,0.506099,0.41887,10.00
0.055480,5.001331,0.506126,0.41894,10.00
0.055490,5.001180,0.506229,0.41898,10.00
0.055500,5.001150,0.506375,0.41900,10.00
0.055510,5.001579,0.506166,0.41856,10.00
0.055520,5.001985,0.505560,0.41834,10.00
0.055530,5.002356,0.504748,0.41824,10.00
0.055540,5.002685,0.503838,0.41821,10.00
0.055550,5.003082,0.502894,0.41822,10.00
0.055560,5.003871,0.501584,0.41782,10.00
0.055570,5.004586,0.499901,0.41764,10.00
0.055580,5.005215,0.498048,0.41759,10.00
0.055590,5.005757,0.496143,0.41762,10.00
0.055600,5.005951,0.494253,0.41768,10.00
0.055610,5.005052,0.493267,0.41875,10.00
0.055620,5.004141,0.493279,0.41932,10.00
0.055630,5.003251,0.493861,0.41963,10.00
0.055640,5.002401,0.494769,0.41977,10.00
0.055650,5.001685,0.495861,0.41983,10.00
0.055660,5.001350,0.496779,0.41952,10.00
0.055670,5.001052,0.497450,0.41933,10.00
0.055680,5.000781,0.497985,0.41923,10.00
0.055690,5.000534,0.498444,0.41916,10.00
0.055700,5.000360,0.498861,0.41911,10.00
0.055710,5.000411,0.499081,0.41888,10.00
0.055720,5.000466,0.499097,0.41875,10.00
0.055730,5.000519,0.499004,0.41869,10.00
0.055740,5.000565,0.498855,0.41866,10.00
0.055750,5.000363,0.498681,0.41864,10.00
0.055760,4.999209,0.499290,0.41957,10.00
0.055770,4.998114,0.500758,0.42003,10.00
0.055780,4.997104,0.502678,0.42023,10.00
0.055790,4.996192,0.504816,0.42029,10.00
0.055800,4.995584,0.507039,0.42027,10.00
0.055810,4.995864,0.508608,0.41944,10.00
0.055820,4.996192,0.509422,0.41896,10.00
0.055830,4.996543,0.509793,0.41870,10.00
0.055840,4.996901,0.509899,0.41855,10.00
0.055850,4.997423,0.509842,0.41847,10.00
0.055860,4.998589,0.509135,0.41779,10.00
0.055870,4.999699,0.507768,0.41745,10.00
0.055880,5.000731,0.506048,0.41731,10.00
0.055890,5.001674,0.504150,0.41728,10.00
0.055900,5.002753,0.502178,0.41730,10.00
0.055910,5.004626,0.499448,0.41650,10.00
0.055920,5.006344,0.495939,0.41615,10.00
0.055930,5.007884,0.492061,0.41605,10.00
0.055940,5.009236,0.488053,0.41610,10.00
0.055950,5.009880,0.484054,0.41623,10.00
0.055960,5.008304,0.481856,0.41838,10.00
0.055970,5.006693,0.481648,0.41955,10.00
0.055980,5.005114,0.482576,0.42017,10.00
0.055990,5.003602,0.484151,0.42047,10.00
0.056000,5.002435,0.486091,0.42060,10.00
0.056010,5.002369,0.487391,0.41964,10.00
0.056020,5.002338,0.487884,0.41912,10.00
0.056030,5.002316,0.487941,0.41884,10.00
0.056040,5.002291,0.487772,0.41870,10.00
0.056050,5.002140,0.487496,0.41864,10.00
0.056060,5.001526,0.487553,0.41905,10.00
0.056070,5.000929,0.488012,0.41926,10.00
0.056080,5.000362,0.488698,0.41937,10.00
0.056090,4.999833,0.489508,0.41940,10.00
0.056100,4.999293,0.490385,0.41941,10.00
0.056110,4.998594,0.491459,0.41958,10.00
0.056120,4.997953,0.492724,0.41965,10.00
0.056130,4.997374,0.494077,0.41966,10.00
0.056140,4.996861,0.495458,0.41963,10.00
0.056150,4.996266,0.496830,0.41958,10.00
0.056160,4.995161,0.498651,0.42008,10.00
0.056170,4.994158,0.500946,0.42029,10.00
0.056180,4.993270,0.503458,0.42035,10.00
0.056190,4.992502,0.506036,0.42031,10.00
0.056200,4.991811,0.508594,0.42023,10.00
0.056210,4.991065,0.511224,0.42029,10.00
0.056220,4.990443,0.513906,0.42025,10.00
0.056230,4.989945,0.516547,0.42016,10.00
0.056240,4.989567,0.519094,0.42005,10.00
0.056250,4.989557,0.521514,0.41992,10.00
0.056260,4.990648,0.522957,0.41882,10.00
0.056270,4.991769,0.523347,0.41821,10.00
0.056280,4.992884,0.523108,0.41788,10.00
0.056290,4.993972,0.522484,0.41771,10.00
0.056300,4.995267,0.521620,0.41763,10.00
0.056310,4.997479,0.519794,0.41666,10.00
0.056320,4.999570,0.516994,0.41620,10.00
0.056330,5.001509,0.513674,0.41602,10.00
0.056340,5.003281,0.510096,0.41601,10.00
0.056350,5.004646,0.506418,0.41608,10.00
0.056360,5.004920,0.503499,0.41710,10.00
0.056370,5.005087,0.501463,0.41769,10.00
0.056380,5.005176,0.499954,0.41805,10.00
0.056390,5.005205,0.498770,0.41828,10.00
0.056400,5.005243,0.497799,0.41842,10.00
0.056410,5.005461,0.496794,0.41831,10.00
0.056420,5.005629,0.495704,0.41828,10.00
0.056430,5.005746,0.494601,0.41829,10.00
0.056440,5.005814,0.493528,0.41833,10.00
0.056450,5.005573,0.492508,0.41838,10.00
0.056460,5.004264,0.492406,0.41942,10.00
0.056470,5.002986,0.493301,0.41997,10.00
0.056480,5.001771,0.494752,0.42023,10.00
0.056490,5.000636,0.496509,0.42034,10.00
0.056500,4.999881,0.498424,0.42035,10.00
0.056510,5.000353,0.499463,0.41922,10.00
0.056520,5.000841,0.499495,0.41861,10.00
0.056530,5.001312,0.498974,0.41829,10.00
0.056540,5.001749,0.498160,0.41814,10.00
0.056550,5.002063,0.497199,0.41808,10.00
0.056560,5.002023,0.496432,0.41837,10.00
0.056570,5.001956,0.495929,0.41854,10.00
0.056580,5.001872,0.495587,0.41864,10.00
0.056590,5.001775,0.495347,0.41871,10.00
0.056600,5.001750,0.495176,0.41875,10.00
0.056610,5.002039,0.494787,0.41846,10.00
0.056620,5.002301,0.494150,0.41833,10.00
0.056630,5.002529,0.493392,0.41828,10.00
0.056640,5.002720,0.492588,0.41827,10.00
0.056650,5.002928,0.491781,0.41829,10.00
0.056660,5.003310,0.490818,0.41811,10.00
0.056670,5.003643,0.489700,0.41805,10.00
0.056680,5.003921,0.488525,0.41804,10.00
0.056690,5.004145,0.487351,0.41807,10.00
0.056700,5.004220,0.486210,0.41812,10.00
0.056710,5.003875,0.485428,0.41853,10.00
0.056720,5.003508,0.485042,0.41876,10.00
0.056730,5.003131,0.484899,0.41890,10.00
0.056740,5.002754,0.484910,0.41897,10.00
0.056750,5.002299,0.485024,0.41901,10.00
0.056760,5.001526,0.485483,0.41935,10.00
0.056770,5.000787,0.486288,0.41952,10.00
0.056780,5.000094,0.487287,0.41959,10.00
0.056790,4.999452,0.488389,0.41961,10.00
0.056800,4.998957,0.489542,0.41959,10.00
0.056810,4.998879,0.490412,0.41921,10.00
0.056820,4.998830,0.490954,0.41899,10.00
0.056830,4.998802,0.491308,0.41887,10.00
0.056840,4.998786,0.491554,0.41879,10.00
0.056850,4.998773,0.491735,0.41875,10.00
0.056860,4.998739,0.491900,0.41875,10.00
0.056870,4.998714,0.492064,0.41875,10.00
0.056880,4.998695,0.492223,0.41874,10.00
0.056890,4.998684,0.492376,0.41873,10.00
0.056900,4.998789,0.492520,0.41873,10.00
0.056910,4.999324,0.492302,0.41831,10.00
0.056920,4.999836,0.491694,0.41810,10.00
0.056930,5.000312,0.490876,0.41800,10.00
0.056940,5.000746,0.489953,0.41797,10.00
0.056950,5.001237,0.488987,0.41798,10.00
0.056960,5.002085,0.487679,0.41762,10.00
0.056970,5.002859,0.486024,0.41747,10.00
0.056980,5.003550,0.484206,0.41743,10.00
0.056990,5.004154,0.482335,0.41745,10.00
0.057000,5.003968,0.480473,0.41751,10.00
0.057010,5.000949,0.480933,0.42023,10.00
0.057020,4.998039,0.483927,0.42163,10.00
0.057030,4.995319,0.488294,0.42229,10.00
0.057040,4.992830,0.493367,0.42253,10.00
0.057050,4.991207,0.498759,0.42254,10.00
0.057060,4.992250,0.502250,0.42010,10.00
0.057070,4.993381,0.503537,0.41875,10.00
0.057080,4.994529,0.503564,0.41802,10.00
0.057090,4.995652,0.502869,0.41763,10.00
0.057100,4.996570,0.501758,0.41745,10.00
0.057110,4.996816,0.500917,0.41796,10.00
0.057120,4.997034,0.500493,0.41824,10.00
0.057130,4.997238,0.500287,0.41839,10.00
0.057140,4.997436,0.500191,0.41848,10.00
0.057150,4.997618,0.500143,0.41852,10.00
0.057160,4.997754,0.500147,0.41858,10.00
0.057170,4.997891,0.500188,0.41861,10.00
0.057180,4.998029,0.500238,0.41863,10.00
0.057190,4.998169,0.500283,0.41863,10.00
0.057200,4.998027,0.500315,0.41863,10.00
0.057210,4.996781,0.501243,0.41969,10.00
0.057220,4.995612,0.503142,0.42021,10.00
0.057230,4.994549,0.505540,0.42044,10.00
0.057240,4.993606,0.508169,0.42050,10.00
0.057250,4.992813,0.510872,0.42046,10.00
0.057260,4.992237,0.513481,0.42029,10.00
0.057270,4.991778,0.515937,0.42013,10.00
0.057280,4.991428,0.518246,0.41999,10.00
0.057290,4.991181,0.520409,0.41986,10.00
0.057300,4.991284,0.522428,0.41973,10.00
0.057310,4.992473,0.523478,0.41865,10.00
0.057320,4.993674,0.523490,0.41806,10.00
0.057330,4.994852,0.522892,0.41775,10.00
0.057340,4.995987,0.521927,0.41760,10.00
0.057350,4.996830,0.520741,0.41753,10.00
0.057360,4.996682,0.520186,0.41841,10.00
0.057370,4.996532,0.520378,0.41887,10.00
0.057380,4.996402,0.520957,0.41910,10.00
0.057390,4.996305,0.521722,0.41921,10.00
0.057400,4.996709,0.522558,0.41924,10.00
0.057410,4.998967,0.521903,0.41749,10.00
0.057420,5.001137,0.519598,0.41660,10.00
0.057430,5.003166,0.516393,0.41618,10.00
0.057440,5.005026,0.512723,0.41604,10.00
0.057450,5.006397,0.508841,0.41605,10.00
0.057460,5.006379,0.505886,0.41730,10.00
0.057470,5.006259,0.504035,0.41801,10.00
0.057480,5.006075,0.502833,0.41843,10.00
0.057490,5.005848,0.502024,0.41867,10.00
0.057500,5.005561,0.501462,0.41882,10.00
0.057510,5.005130,0.501167,0.41903,10.00
0.057520,5.004694,0.501099,0.41915,10.00
0.057530,5.004261,0.501178,0.41922,10.00
0.057540,5.003837,0.501354,0.41926,10.00
0.057550,5.003457,0.501599,0.41927,10.00
0.057560,5.003219,0.501790,0.41916,10.00
0.057570,5.002989,0.501905,0.41909,10.00
0.057580,5.002764,0.501990,0.41906,10.00
0.057590,5.002543,0.502069,0.41904,10.00
0.057600,5.002337,0.502155,0.41903,10.00
0.057610,5.002172,0.502223,0.41899,10.00
0.057620,5.002011,0.502275,0.41897,10.00
0.057630,5.001853,0.502324,0.41896,10.00
0.057640,5.001697,0.502381,0.41895,10.00
0.057650,5.001454,0.502447,0.41895,10.00
0.057660,5.000858,0.502819,0.41929,10.00
0.057670,5.000290,0.503522,0.41946,10.00
0.057680,4.999763,0.504402,0.41953,10.00
0.057690,4.999280,0.505373,0.41955,10.00
0.057700,4.999090,0.506382,0.41953,10.00
0.057710,4.999908,0.506609,0.41859,10.00
0.057720,5.000707,0.505969,0.41809,10.00
0.057730,5.001460,0.504856,0.41785,10.00
0.057740,5.002151,0.503495,0.41775,10.00
0.057750,5.002464,0.502015,0.41773,10.00
0.057760,5.001495,0.501488,0.41890,10.00
0.057770,5.000539,0.502043,0.41953,10.00
0.057780,4.999629,0.503193,0.41984,10.00
0.057790,4.998785,0.504664,0.41998,10.00
0.057800,4.998369,0.506294,0.42001,10.00
0.057810,4.999414,0.506857,0.41868,10.00
0.057820,5.000445,0.506202,0.41797,10.00
0.057830,5.001421,0.504878,0.41762,10.00
0.057840,5.002322,0.503200,0.41747,10.00
0.057850,5.002849,0.501348,0.41743,10.00
0.057860,5.002156,0.500355,0.41853,10.00
0.057870,5.001449,0.500361,0.41912,10.00
0.057880,5.000763,0.500928,0.41943,10.00
0.057890,5.000115,0.501805,0.41958,10.00
0.057900,4.999811,0.502849,0.41964,10.00
0.057910,5.000725,0.503019,0.41853,10.00
0.057920,5.001613,0.502188,0.41796,10.00
0.057930,5.002444,0.500815,0.41768,10.00
0.057940,5.003200,0.499164,0.41757,10.00
0.057950,5.003797,0.497388,0.41755,10.00
0.057960,5.004007,0.495820,0.41787,10.00
0.057970,5.004153,0.494535,0.41807,10.00
0.057980,5.004245,0.493436,0.41821,10.00
0.057990,5.004292,0.492472,0.41831,10.00
0.058000,5.004218,0.491611,0.41839,10.00
0.058010,5.003802,0.491088,0.41874,10.00
0.058020,5.003374,0.490913,0.41894,10.00
0.058030,5.002946,0.490953,0.41905,10.00
0.058040,5.002525,0.491128,0.41911,10.00
0.058050,5.002060,0.491393,0.41914,10.00
0.058060,5.001385,0.491903,0.41937,10.00
0.058070,5.000742,0.492657,0.41948,10.00
0.058080,5.000142,0.493548,0.41952,10.00
0.058090,4.999586,0.494513,0.41952,10.00
0.058100,4.999058,0.495512,0.41950,10.00
0.058110,4.998499,0.496588,0.41954,10.00
0.058120,4.997993,0.497729,0.41954,10.00
0.058130,4.997542,0.498891,0.41952,10.00
0.058140,4.997146,0.500047,0.41948,10.00
0.058150,4.996658,0.501181,0.41943,10.00
0.058160,4.995655,0.502745,0.41991,10.00
0.058170,4.994741,0.504770,0.42013,10.00
0.058180,4.993929,0.507012,0.42019,10.00
0.058190,4.993225,0.509331,0.42017,10.00
0.058200,4.992802,0.511643,0.42011,10.00
0.058210,4.993155,0.513352,0.41938,10.00
0.058220,4.993565,0.514380,0.41896,10.00
0.058230,4.994008,0.514992,0.41871,10.00
0.058240,4.994469,0.515337,0.41856,10.00
0.058250,4.994877,0.515503,0.41848,10.00
0.058260,4.995046,0.515737,0.41865,10.00
0.058270,4.995228,0.516088,0.41873,10.00
0.058280,4.995427,0.516474,0.41876,10.00
0.058290,4.995643,0.516851,0.41876,10.00
0.058300,4.995641,0.517195,0.41875,10.00
0.058310,4.994742,0.518237,0.41959,10.00
0.058320,4.993916,0.520036,0.42000,10.00
0.058330,4.993187,0.522206,0.42017,10.00
0.058340,4.992565,0.524530,0.42020,10.00
0.058350,4.992476,0.526881,0.42016,10.00
0.058360,4.994155,0.527834,0.41851,10.00
0.058370,4.995823,0.527232,0.41762,10.00
0.058380,4.997431,0.525744,0.41717,10.00
0.058390,4.998949,0.523756,0.41697,10.00
0.058400,5.000338,0.521492,0.41690,10.00
0.058410,5.001521,0.519159,0.41700,10.00
0.058420,5.002594,0.516846,0.41710,10.00
0.058430,5.003557,0.514565,0.41721,10.00
0.058440,5.004414,0.512328,0.41731,10.00
0.058450,5.005126,0.510147,0.41742,10.00
0.058460,5.005579,0.508160,0.41767,10.00
0.058470,5.005945,0.506387,0.41785,10.00
0.058480,5.006234,0.504770,0.41798,10.00
0.058490,5.006452,0.503277,0.41809,10.00
0.058500,5.006248,0.501891,0.41819,10.00
0.058510,5.004589,0.501738,0.41958,10.00
0.058520,5.002969,0.502910,0.42032,10.00
0.058530,5.001432,0.504821,0.42067,10.00
0.058540,5.000000,0.507136,0.42082,10.00
0.058550,4.998821,0.509658,0.42084,10.00
0.058560,4.998294,0.511841,0.42030,10.00
0.058570,4.997855,0.513575,0.41997,10.00
0.058580,4.997490,0.515038,0.41976,10.00
0.058590,4.997187,0.516326,0.41961,10.00
0.058600,4.996851,0.517493,0.41951,10.00
0.058610,4.996216,0.518851,0.41976,10.00
0.058620,4.995652,0.520441,0.41985,10.00
0.058630,4.995166,0.522124,0.41986,10.00
0.058640,4.994759,0.523821,0.41982,10.00
0.058650,4.994790,0.525484,0.41976,10.00
0.058660,4.996303,0.525942,0.41836,10.00
0.058670,4.997791,0.525081,0.41762,10.00
0.058680,4.999212,0.523478,0.41725,10.00
0.058690,5.000541,0.521465,0.41709,10.00
0.058700,5.001467,0.519235,0.41705,10.00
0.058710,5.001110,0.517853,0.41819,10.00
0.058720,5.000722,0.517471,0.41880,10.00
0.058730,5.000334,0.517646,0.41913,10.00
0.058740,4.999964,0.518124,0.41929,10.00
0.058750,5.000030,0.518763,0.41937,10.00
0.058760,5.001722,0.518188,0.41789,10.00
0.058770,5.003340,0.516241,0.41714,10.00
0.058780,5.004841,0.513559,0.41679,10.00
0.058790,5.006202,0.510505,0.41667,10.00
0.058800,5.007278,0.507292,0.41668,10.00
0.058810,5.007674,0.504472,0.41725,10.00
0.058820,5.007954,0.502157,0.41762,10.00
0.058830,5.008137,0.500175,0.41786,10.00
0.058840,5.008237,0.498428,0.41804,10.00
0.058850,5.008433,0.496863,0.41818,10.00
0.058860,5.009231,0.494908,0.41766,10.00
0.058870,5.009924,0.492499,0.41744,10.00
0.058880,5.010498,0.489903,0.41739,10.00
0.058890,5.010951,0.487275,0.41742,10.00
0.058900,5.011471,0.484703,0.41751,10.00
0.058910,5.012607,0.481643,0.41693,10.00
0.058920,5.013584,0.478076,0.41671,10.00
0.058930,5.014389,0.474323,0.41669,10.00
0.058940,5.015020,0.470567,0.41677,10.00
0.058950,5.015224,0.466914,0.41690,10.00
0.058960,5.014265,0.464237,0.41801,10.00
0.058970,5.013220,0.462639,0.41865,10.00
0.058980,5.012127,0.461726,0.41904,10.00
0.058990,5.011011,0.461271,0.41927,10.00
0.059000,5.009630,0.461141,0.41941,10.00
0.059010,5.007247,0.462069,0.42045,10.00
0.059020,5.004949,0.464074,0.42097,10.00
0.059030,5.002770,0.466704,0.42121,10.00
0.059040,5.000731,0.469693,0.42129,10.00
0.059050,4.999055,0.472880,0.42127,10.00
0.059060,4.998370,0.475494,0.42041,10.00
0.059070,4.997785,0.477410,0.41991,10.00
0.059080,4.997279,0.478931,0.41962,10.00
0.059090,4.996837,0.480222,0.41943,10.00
0.059100,4.996384,0.481374,0.41931,10.00
0.059110,4.995719,0.482650,0.41947,10.00
0.059120,4.995120,0.484093,0.41952,10.00
0.059130,4.994591,0.485607,0.41952,10.00
0.059140,4.994134,0.487134,0.41948,10.00
0.059150,4.993970,0.488641,0.41943,10.00
0.059160,4.994747,0.489401,0.41855,10.00
0.059170,4.995531,0.489339,0.41808,10.00
0.059180,4.996296,0.488809,0.41783,10.00
0.059190,4.997025,0.488010,0.41771,10.00
0.059200,4.997456,0.487061,0.41767,10.00
0.059210,4.996844,0.486830,0.41860,10.00
0.059220,4.996249,0.487430,0.41908,10.00
0.059230,4.995697,0.488474,0.41932,10.00
0.059240,4.995202,0.489745,0.41942,10.00
0.059250,4.994769,0.491117,0.41944,10.00
0.059260,4.994397,0.492519,0.41943,10.00
0.059270,4.994090,0.493910,0.41938,10.00
0.059280,4.993847,0.495262,0.41933,10.00
0.059290,4.993665,0.496558,0.41927,10.00
0.059300,4.993398,0.497789,0.41921,10.00
0.059310,4.992627,0.499399,0.41966,10.00
0.059320,4.991945,0.501422,0.41986,10.00
0.059330,4.991363,0.503625,0.41992,10.00
0.059340,4.990886,0.505874,0.41989,10.00
0.059350,4.990639,0.508092,0.41982,10.00
0.059360,4.990992,0.509831,0.41927,10.00
0.059370,4.991406,0.511031,0.41894,10.00
0.059380,4.991863,0.511881,0.41873,10.00
0.059390,4.992349,0.512489,0.41860,10.00
0.059400,4.992885,0.512921,0.41851,10.00
0.059410,4.993552,0.513118,0.41834,10.00
0.059420,4.994219,0.513099,0.41824,10.00
0.059430,4.994878,0.512926,0.41818,10.00
0.059440,4.995522,0.512640,0.41815,10.00
0.059450,4.996163,0.512267,0.41813,10.00
0.059460,4.996842,0.511776,0.41807,10.00
0.059470,4.997492,0.511176,0.41805,10.00
0.059480,4.998111,0.510503,0.41805,10.00
0.059490,4.998694,0.509777,0.41806,10.00
0.059500,4.999194,0.509017,0.41807,10.00
0.059510,4.999473,0.508379,0.41827,10.00
0.059520,4.999726,0.507887,0.41838,10.00
0.059530,4.999958,0.507473,0.41845,10.00
0.059540,5.000172,0.507100,0.41849,10.00
0.059550,5.000305,0.506748,0.41852,10.00
0.059560,5.000175,0.506606,0.41877,10.00
0.059570,5.000045,0.506688,0.41890,10.00
0.059580,4.999923,0.506889,0.41897,10.00
0.059590,4.999812,0.507151,0.41900,10.00
0.059600,4.999709,0.507442,0.41901,10.00
0.059610,4.999595,0.507761,0.41903,10.00
0.059620,4.999496,0.508099,0.41903,10.00
0.059630,4.999413,0.508440,0.41902,10.00
0.059640,4.999346,0.508774,0.41901,10.00
0.059650,4.999429,0.509095,0.41899,10.00
0.059660,5.000058,0.508974,0.41848,10.00
0.059670,5.000665,0.508371,0.41822,10.00
0.059680,5.001233,0.507505,0.41809,10.00
0.059690,5.001755,0.506498,0.41805,10.00
0.059700,5.002260,0.505424,0.41804,10.00
0.059710,5.002837,0.504226,0.41795,10.00
0.059720,5.003354,0.502922,0.41793,10.00
0.059730,5.003808,0.501580,0.41795,10.00
0.059740,5.004199,0.500240,0.41799,10.00
0.059750,5.004544,0.498927,0.41804,10.00
0.059760,5.004890,0.497608,0.41804,10.00
0.059770,5.005174,0.496289,0.41807,10.00
0.059780,5.005398,0.495001,0.41812,10.00
0.059790,5.005563,0.493764,0.41818,10.00
0.059800,5.005498,0.492590,0.41823,10.00
0.059810,5.004689,0.492038,0.41894,10.00
0.059820,5.003879,0.492161,0.41932,10.00
0.059830,5.003089,0.492680,0.41952,10.00
0.059840,5.002333,0.493431,0.41961,10.00
0.059850,5.001661,0.494322,0.41965,10.00
0.059860,5.001201,0.495162,0.41950,10.00
0.059870,5.000778,0.495905,0.41940,10.00
0.059880,5.000389,0.496597,0.41934,10.00
0.059890,5.000033,0.497259,0.41929,10.00
0.059900,4.999741,0.497904,0.41925,10.00
0.059910,4.999610,0.498431,0.41910,10.00
0.059920,4.999501,0.498831,0.41901,10.00
0.059930,4.999407,0.499158,0.41895,10.00
0.059940,4.999328,0.499440,0.41892,10.00
0.059950,4.999440,0.499694,0.41889,10.00
0.059960,5.000265,0.499367,0.41822,10.00
0.059970,5.001053,0.498414,0.41788,10.00
0.059980,5.001785,0.497124,0.41773,10.00
0.059990,5.002449,0.495664,0.41768,10.00
0.060000,5.002776,0.494130,0.41768,10.00
0.060010,5.001988,0.493411,0.41868,10.00
0.060020,5.001197,0.493615,0.41922,10.00
0.060030,5.000435,0.494339,0.41950,10.00
0.060040,4.999717,0.495352,0.41963,10.00
0.060050,4.999159,0.496520,0.41967,10.00
0.060060,4.999069,0.497439,0.41929,10.00
0.060070,4.999012,0.498031,0.41908,10.00
0.060080,4.998976,0.498437,0.41895,10.00
0.060090,4.998956,0.498733,0.41888,10.00
0.060100,4.998901,0.498962,0.41883,10.00
0.060110,4.998672,0.499296,0.41897,10.00
0.060120,4.998463,0.499759,0.41904,10.00
0.060130,4.998279,0.500286,0.41906,10.00
0.060140,4.998119,0.500837,0.41906,10.00
0.060150,4.998187,0.501390,0.41905,10.00
0.060160,4.999072,0.501301,0.41830,10.00
0.060170,4.999927,0.500507,0.41791,10.00
0.060180,5.000732,0.499324,0.41772,10.00
0.060190,5.001473,0.497936,0.41765,10.00
0.060200,5.001913,0.496447,0.41764,10.00
0.060210,5.001374,0.495644,0.41851,10.00
0.060220,5.000825,0.495628,0.41898,10.00
0.060230,5.000290,0.496054,0.41922,10.00
0.060240,4.999785,0.496726,0.41934,10.00
0.060250,4.999363,0.497532,0.41939,10.00
0.060260,4.999170,0.498256,0.41923,10.00
0.060270,4.999006,0.498848,0.41913,10.00
0.060280,4.998868,0.499359,0.41906,10.00
0.060290,4.998752,0.499817,0.41901,10.00
0.060300,4.998715,0.500239,0.41898,10.00
0.060310,4.998928,0.500448,0.41874,10.00
0.060320,4.999142,0.500432,0.41861,10.00
0.060330,4.999351,0.500288,0.41854,10.00
0.060340,4.999551,0.500069,0.41851,10.00
0.060350,4.999526,0.499808,0.41850,10.00
0.060360,4.998656,0.500185,0.41926,10.00
0.060370,4.997829,0.501270,0.41965,10.00
0.060380,4.997065,0.502731,0.41983,10.00
0.060390,4.996376,0.504380,0.41989,10.00
0.060400,4.996048,0.506107,0.41988,10.00
0.060410,4.996896,0.506977,0.41883,10.00
0.060420,4.997751,0.506875,0.41827,10.00
0.060430,4.998581,0.506219,0.41797,10.00
0.060440,4.999368,0.505251,0.41783,10.00
0.060450,4.999941,0.504108,0.41777,10.00
0.060460,4.999817,0.503379,0.41835,10.00
0.060470,4.999676,0.503157,0.41867,10.00
0.060480,4.999534,0.503215,0.41884,10.00
0.060490,4.999399,0.503424,0.41892,10.00
0.060500,4.999165,0.503712,0.41896,10.00
0.060510,4.998506,0.504385,0.41938,10.00
0.060520,4.997892,0.505452,0.41958,10.00
0.060530,4.997336,0.506720,0.41966,10.00
0.060540,4.996842,0.508080,0.41968,10.00
0.060550,4.996685,0.509466,0.41965,10.00
0.060560,4.997657,0.509996,0.41863,10.00
0.060570,4.998621,0.509571,0.41808,10.00
0.060580,4.999545,0.508608,0.41781,10.00
0.060590,5.000413,0.507344,0.41768,10.00
0.060600,5.001244,0.505918,0.41764,10.00
0.060610,5.002122,0.504319,0.41754,10.00
0.060620,5.002919,0.502588,0.41752,10.00
0.060630,5.003632,0.500803,0.41755,10.00
0.060640,5.004261,0.499012,0.41761,10.00
0.060650,5.004645,0.497246,0.41767,10.00
0.060660,5.004314,0.496025,0.41833,10.00
0.060670,5.003948,0.495409,0.41870,10.00
0.060680,5.003565,0.495150,0.41890,10.00
0.060690,5.003179,0.495110,0.41902,10.00
0.060700,5.002764,0.495208,0.41909,10.00
0.060710,5.002229,0.495500,0.41924,10.00
0.060720,5.001715,0.495965,0.41931,10.00
0.060730,5.001227,0.496535,0.41935,10.00
0.060740,5.000769,0.497168,0.41935,10.00
0.060750,5.000387,0.497838,0.41934,10.00
0.060760,5.000207,0.498395,0.41917,10.00
0.060770,5.000049,0.498814,0.41907,10.00
0.060780,4.999909,0.499157,0.41901,10.00
0.060790,4.999783,0.499457,0.41897,10.00
0.060800,4.999572,0.499730,0.41894,10.00
0.060810,4.998986,0.500294,0.41928,10.00
0.060820,4.998437,0.501180,0.41944,10.00
0.060830,4.997935,0.502235,0.41951,10.00
0.060840,4.997486,0.503368,0.41952,10.00
0.060850,4.997247,0.504528,0.41950,10.00
0.060860,4.997669,0.505204,0.41891,10.00
0.060870,4.998103,0.505332,0.41859,10.00
0.060880,4.998533,0.505146,0.41841,10.00
0.060890,4.998946,0.504777,0.41832,10.00
0.060900,4.999505,0.504301,0.41829,10.00
0.060910,5.000696,0.503245,0.41767,10.00
0.060920,5.001815,0.501590,0.41738,10.00
0.060930,5.002845,0.499616,0.41726,10.00
0.060940,5.003776,0.497487,0.41724,10.00
0.060950,5.004273,0.495299,0.41727,10.00
0.060960,5.003371,0.494134,0.41852,10.00
0.060970,5.002453,0.494120,0.41920,10.00
0.060980,5.001558,0.494759,0.41956,10.00
0.060990,5.000707,0.495768,0.41973,10.00
0.061000,4.999982,0.496984,0.41980,10.00
0.061010,4.999595,0.498094,0.41956,10.00
0.061020,4.999254,0.499020,0.41942,10.00
0.061030,4.998954,0.499838,0.41932,10.00
0.061040,4.998691,0.500589,0.41926,10.00
0.061050,4.998266,0.501294,0.41920,10.00
0.061060,4.997106,0.502567,0.41986,10.00
0.061070,4.996029,0.504468,0.42018,10.00
0.061080,4.995051,0.506690,0.42030,10.00
0.061090,4.994184,0.509056,0.42031,10.00
0.061100,4.993642,0.511464,0.42027,10.00
0.061110,4.994047,0.513194,0.41943,10.00
0.061120,4.994506,0.514147,0.41895,10.00
0.061130,4.994992,0.514635,0.41868,10.00
0.061140,4.995490,0.514833,0.41852,10.00
0.061150,4.996067,0.514844,0.41843,10.00
0.061160,4.996942,0.514486,0.41810,10.00
0.061170,4.997786,0.513776,0.41793,10.00
0.061180,4.998588,0.512856,0.41786,10.00
0.061190,4.999341,0.511811,0.41783,10.00
0.061200,5.000100,0.510694,0.41784,10.00
0.061210,5.001037,0.509353,0.41765,10.00
0.061220,5.001902,0.507795,0.41758,10.00
0.061230,5.002689,0.506127,0.41758,10.00
0.061240,5.003396,0.504415,0.41761,10.00
0.061250,5.003787,0.502699,0.41766,10.00
0.061260,5.003178,0.501728,0.41856,10.00
0.061270,5.002553,0.501584,0.41905,10.00
0.061280,5.001938,0.501913,0.41931,10.00
0.061290,5.001349,0.502511,0.41944,10.00
0.061300,5.000956,0.503263,0.41950,10.00
0.061310,5.001242,0.503599,0.41893,10.00
0.061320,5.001527,0.503433,0.41863,10.00
0.061330,5.001794,0.502994,0.41848,10.00
0.061340,5.002037,0.502415,0.41841,10.00
0.061350,5.002226,0.501768,0.41839,10.00
0.061360,5.002293,0.501169,0.41848,10.00
0.061370,5.002335,0.500650,0.41854,10.00
0.061380,5.002354,0.500188,0.41858,10.00
0.061390,5.002353,0.499771,0.41861,10.00
0.061400,5.002280,0.499392,0.41864,10.00
0.061410,5.001977,0.499217,0.41886,10.00
0.061420,5.001673,0.499259,0.41898,10.00
0.061430,5.001377,0.499429,0.41904,10.00
0.061440,5.001091,0.499678,0.41907,10.00
0.061450,5.000844,0.499977,0.41908,10.00
0.061460,5.000705,0.500234,0.41900,10.00
0.061470,5.000576,0.500431,0.41895,10.00
0.061480,5.000456,0.500598,0.41893,10.00
0.061490,5.000344,0.500752,0.41891,10.00
0.061500,5.000276,0.500899,0.41890,10.00
0.061510,5.000359,0.500930,0.41876,10.00
0.061520,5.000440,0.500838,0.41868,10.00
0.061530,5.000515,0.500680,0.41865,10.00
0.061540,5.000581,0.500489,0.41863,10.00
0.061550,5.000816,0.500285,0.41863,10.00
0.061560,5.001741,0.499529,0.41800,10.00
0.061570,5.002609,0.498179,0.41769,10.00
0.061580,5.003403,0.496518,0.41756,10.00
0.061590,5.004113,0.494706,0.41752,10.00
0.061600,5.004571,0.492841,0.41755,10.00
0.061610,5.004290,0.491486,0.41819,10.00
0.061620,5.003966,0.490723,0.41855,10.00
0.061630,5.003620,0.490314,0.41876,10.00
0.061640,5.003263,0.490127,0.41889,10.00
0.061650,5.002771,0.490082,0.41896,10.00
0.061660,5.001767,0.490539,0.41946,10.00
0.061670,5.000803,0.491508,0.41972,10.00
0.061680,4.999896,0.492765,0.41984,10.00
0.061690,4.999055,0.494184,0.41988,10.00
0.061700,4.998478,0.495685,0.41987,10.00
0.061710,4.998733,0.496630,0.41915,10.00
0.061720,4.999010,0.496934,0.41876,10.00
0.061730,4.999289,0.496879,0.41854,10.00
0.061740,4.999558,0.496622,0.41844,10.00
0.061750,4.999708,0.496255,0.41838,10.00
0.061760,4.999432,0.496146,0.41873,10.00
0.061770,4.999162,0.496354,0.41891,10.00
0.061780,4.998908,0.496736,0.41901,10.00
0.061790,4.998675,0.497209,0.41905,10.00
0.061800,4.998669,0.497729,0.41906,10.00
0.061810,4.999484,0.497644,0.41833,10.00
0.061820,5.000271,0.496881,0.41796,10.00
0.061830,5.001010,0.495748,0.41778,10.00
0.061840,5.001688,0.494419,0.41771,10.00
0.061850,5.002131,0.492995,0.41770,10.00
0.061860,5.001843,0.492053,0.41832,10.00
0.061870,5.001530,0.491678,0.41867,10.00
0.061880,5.001211,0.491630,0.41886,10.00
0.061890,5.000897,0.491773,0.41896,10.00
0.061900,5.000660,0.492029,0.41901,10.00
0.061910,5.000691,0.492155,0.41881,10.00
0.061920,5.000723,0.492106,0.41870,10.00
0.061930,5.000750,0.491968,0.41864,10.00
0.061940,5.000770,0.491786,0.41862,10.00
0.061950,5.000597,0.491588,0.41861,10.00
0.061960,4.999698,0.491948,0.41926,10.00
0.061970,4.998838,0.492925,0.41959,10.00
0.061980,4.998036,0.494240,0.41975,10.00
0.061990,4.997303,0.495732,0.41980,10.00
0.062000,4.996446,0.497307,0.41980,10.00
0.062010,4.994896,0.499509,0.42045,10.00
0.062020,4.993471,0.502358,0.42075,10.00
0.062030,4.992192,0.505527,0.42084,10.00
0.062040,4.991066,0.508825,0.42082,10.00
0.062050,4.990526,0.512141,0.42074,10.00
0.062060,4.991822,0.514093,0.41911,10.00
0.062070,4.993157,0.514520,0.41821,10.00
0.062080,4.994479,0.514059,0.41773,10.00
0.062090,4.995759,0.513072,0.41748,10.00
0.062100,4.996813,0.511771,0.41737,10.00
0.062110,4.997146,0.510784,0.41791,10.00
0.062120,4.997445,0.510235,0.41821,10.00
0.062130,4.997725,0.509912,0.41838,10.00
0.062140,4.997992,0.509702,0.41847,10.00
0.062150,4.998270,0.509540,0.41851,10.00
0.062160,4.998620,0.509331,0.41847,10.00
0.062170,4.998957,0.509051,0.41844,10.00
0.062180,4.999278,0.508723,0.41844,10.00
0.062190,4.999582,0.508362,0.41844,10.00
0.062200,4.999788,0.507978,0.41844,10.00
0.062210,4.999662,0.507820,0.41873,10.00
0.062220,4.999537,0.507916,0.41888,10.00
0.062230,4.999421,0.508149,0.41896,10.00
0.062240,4.999317,0.508449,0.41899,10.00
0.062250,4.999329,0.508780,0.41900,10.00
0.062260,4.999749,0.508814,0.41865,10.00
0.062270,5.000159,0.508512,0.41846,10.00
0.062280,5.000548,0.508021,0.41837,10.00
0.062290,5.000909,0.507424,0.41833,10.00
0.062300,5.001170,0.506772,0.41832,10.00
0.062310,5.001123,0.506308,0.41858,10.00
0.062320,5.001062,0.506070,0.41872,10.00
0.062330,5.000994,0.505960,0.41880,10.00
0.062340,5.000924,0.505925,0.41884,10.00
0.062350,5.000669,0.505934,0.41886,10.00
0.062360,4.999693,0.506528,0.41952,10.00
0.062370,4.998768,0.507751,0.41985,10.00
0.062380,4.997912,0.509312,0.42000,10.00
0.062390,4.997136,0.511043,0.42005,10.00
0.062400,4.996824,0.512848,0.42003,10.00
0.062410,4.998086,0.513514,0.41865,10.00
0.062420,4.999334,0.512899,0.41792,10.00
0.062430,5.000528,0.511564,0.41755,10.00
0.062440,5.001645,0.509831,0.41738,10.00
0.062450,5.002452,0.507884,0.41732,10.00
0.062460,5.002305,0.506499,0.41810,10.00
0.062470,5.002116,0.505802,0.41853,10.00
0.062480,5.001907,0.505497,0.41877,10.00
0.062490,5.001692,0.505420,0.41891,10.00
0.062500,5.001827,0.505476,0.41898,10.00
0.062510,5.003335,0.504553,0.41779,10.00
0.062520,5.004761,0.502523,0.41720,10.00
0.062530,5.006071,0.499904,0.41693,10.00
0.062540,5.007247,0.496994,0.41684,10.00
0.062550,5.008128,0.493964,0.41686,10.00
0.062560,5.008261,0.491387,0.41748,10.00
0.062570,5.008291,0.489367,0.41786,10.00
0.062580,5.008241,0.487707,0.41810,10.00
0.062590,5.008122,0.486297,0.41827,10.00
0.062600,5.007874,0.485074,0.41839,10.00
0.062610,5.007298,0.484218,0.41873,10.00
0.062620,5.006696,0.483729,0.41894,10.00
0.062630,5.006082,0.483486,0.41906,10.00
0.062640,5.005465,0.483416,0.41914,10.00
0.062650,5.004743,0.483478,0.41918,10.00
0.062660,5.003610,0.483970,0.41959,10.00
0.062670,5.002518,0.484902,0.41980,10.00
0.062680,5.001480,0.486098,0.41989,10.00
0.062690,5.000506,0.487451,0.41992,10.00
0.062700,4.999694,0.488900,0.41991,10.00
0.062710,4.999324,0.490116,0.41955,10.00
0.062720,4.999002,0.491047,0.41934,10.00
0.062730,4.998718,0.491818,0.41922,10.00
0.062740,4.998469,0.492496,0.41914,10.00
0.062750,4.998098,0.493118,0.41908,10.00
0.062760,4.997160,0.494162,0.41957,10.00
0.062770,4.996289,0.495680,0.41981,10.00
0.062780,4.995497,0.497443,0.41990,10.00
0.062790,4.994792,0.499320,0.41991,10.00
0.062800,4.994550,0.501233,0.41987,10.00
0.062810,4.995860,0.502006,0.41851,10.00
0.062820,4.997161,0.501505,0.41779,10.00
0.062830,4.998413,0.500283,0.41741,10.00
0.062840,4.999591,0.498653,0.41724,10.00
0.062850,5.000365,0.496799,0.41718,10.00
0.062860,4.999799,0.495790,0.41830,10.00
0.062870,4.999218,0.495781,0.41890,10.00
0.062880,4.998656,0.496327,0.41921,10.00
0.062890,4.998131,0.497176,0.41937,10.00
0.062900,4.997705,0.498184,0.41943,10.00
0.062910,4.997544,0.499104,0.41925,10.00
0.062920,4.997421,0.499871,0.41914,10.00
0.062930,4.997330,0.500540,0.41906,10.00
0.062940,4.997269,0.501139,0.41901,10.00
0.062950,4.997117,0.501685,0.41897,10.00
0.062960,4.996538,0.502535,0.41933,10.00
0.062970,4.996009,0.503725,0.41950,10.00
0.062980,4.995543,0.505081,0.41957,10.00
0.062990,4.995141,0.506504,0.41957,10.00
0.063000,4.995032,0.507935,0.41954,10.00
0.063010,4.995872,0.508661,0.41871,10.00
0.063020,4.996717,0.508596,0.41826,10.00
0.063030,4.997543,0.508072,0.41802,10.00
0.063040,4.998333,0.507278,0.41790,10.00
0.063050,4.999273,0.506323,0.41785,10.00
0.063060,5.000927,0.504685,0.41717,10.00
0.063070,5.002479,0.502351,0.41684,10.00
0.063080,5.003907,0.499643,0.41672,10.00
0.063090,5.005199,0.496749,0.41670,10.00
0.063100,5.006008,0.493783,0.41676,10.00
0.063110,5.005324,0.491853,0.41804,10.00
0.063120,5.004590,0.491100,0.41876,10.00
0.063130,5.003846,0.491029,0.41915,10.00
0.063140,5.003113,0.491361,0.41936,10.00
0.063150,5.002493,0.491934,0.41946,10.00
0.063160,5.002251,0.492392,0.41921,10.00
0.063170,5.002025,0.492655,0.41907,10.00
0.063180,5.001808,0.492821,0.41899,10.00
0.063190,5.001599,0.492945,0.41895,10.00
0.063200,5.001493,0.493056,0.41893,10.00
0.063210,5.001775,0.492875,0.41858,10.00
0.063220,5.002039,0.492384,0.41841,10.00
0.063230,5.002274,0.491733,0.41833,10.00
0.063240,5.002476,0.491009,0.41830,10.00
0.063250,5.002778,0.490260,0.41830,10.00
0.063260,5.003571,0.489112,0.41786,10.00
0.063270,5.004296,0.487543,0.41765,10.00
0.063280,5.004941,0.485768,0.41757,10.00
0.063290,5.005499,0.483909,0.41757,10.00
0.063300,5.005752,0.482040,0.41762,10.00
0.063310,5.005067,0.480858,0.41843,10.00
0.063320,5.004353,0.480449,0.41889,10.00
0.063330,5.003638,0.480500,0.41914,10.00
0.063340,5.002936,0.480833,0.41927,10.00
0.063350,5.002168,0.481344,0.41934,10.00
0.063360,5.001079,0.482242,0.41968,10.00
0.063370,5.000045,0.483514,0.41985,10.00
0.063380,4.999081,0.484999,0.41991,10.00
0.063390,4.998191,0.486602,0.41992,10.00
0.063400,4.997350,0.488265,0.41989,10.00
0.063410,4.996469,0.490043,0.41995,10.00
0.063420,4.995676,0.491919,0.41995,10.00
0.063430,4.994973,0.493830,0.41991,10.00
0.063440,4.994359,0.495734,0.41985,10.00
0.063450,4.993647,0.497606,0.41978,10.00
0.063460,4.992288,0.499989,0.42035,10.00
0.063470,4.991061,0.502922,0.42059,10.00
0.063480,4.989979,0.506112,0.42066,10.00
0.063490,4.989050,0.509390,0.42063,10.00
0.063500,4.988570,0.512654,0.42054,10.00
0.063510,4.989396,0.514958,0.41940,10.00
0.063520,4.990291,0.516182,0.41875,10.00
0.063530,4.991219,0.516746,0.41838,10.00
0.063540,4.992156,0.516891,0.41816,10.00
0.063550,4.992940,0.516755,0.41804,10.00
0.063560,4.993129,0.516863,0.41848,10.00
0.063570,4.993331,0.517307,0.41870,10.00
0.063580,4.993558,0.517895,0.41880,10.00
0.063590,4.993812,0.518523,0.41883,10.00
0.063600,4.994345,0.519132,0.41883,10.00
0.063610,4.995897,0.518935,0.41793,10.00
0.063620,4.997406,0.517842,0.41746,10.00
0.063630,4.998844,0.516230,0.41723,10.00
0.063640,5.000193,0.514316,0.41714,10.00
0.063650,5.001347,0.512229,0.41712,10.00
0.063660,5.002018,0.510337,0.41749,10.00
0.063670,5.002608,0.508719,0.41771,10.00
0.063680,5.003127,0.507263,0.41786,10.00
0.063690,5.003580,0.505908,0.41796,10.00
0.063700,5.004072,0.504626,0.41805,10.00
0.063710,5.004898,0.503101,0.41777,10.00
0.063720,5.005642,0.501301,0.41766,10.00
0.063730,5.006298,0.499374,0.41764,10.00
0.063740,5.006862,0.497409,0.41767,10.00
0.063750,5.007211,0.495458,0.41772,10.00
0.063760,5.006987,0.493922,0.41822,10.00
0.063770,5.006707,0.492857,0.41851,10.00
0.063780,5.006389,0.492090,0.41869,10.00
0.063790,5.006044,0.491525,0.41881,10.00
0.063800,5.005745,0.491105,0.41888,10.00
0.063810,5.005693,0.490598,0.41871,10.00
0.063820,5.005614,0.489967,0.41863,10.00
0.063830,5.005506,0.489298,0.41861,10.00
0.063840,5.005368,0.488640,0.41861,10.00
0.063850,5.004908,0.488020,0.41864,10.00
0.063860,5.003270,0.488329,0.41968,10.00
0.063870,5.001683,0.489657,0.42022,10.00
0.063880,5.000180,0.491565,0.42048,10.00
0.063890,4.998780,0.493800,0.42058,10.00
0.063900,4.997747,0.496212,0.42059,10.00
0.063910,4.997825,0.497955,0.41968,10.00
0.063920,4.997958,0.498900,0.41917,10.00
0.063930,4.998121,0.499391,0.41889,10.00
0.063940,4.998297,0.499619,0.41873,10.00
0.063950,4.998371,0.499693,0.41864,10.00
0.063960,4.998027,0.499991,0.41896,10.00
0.063970,4.997706,0.500578,0.41912,10.00
0.063980,4.997417,0.501315,0.41919,10.00
0.063990,4.997166,0.502122,0.41921,10.00
0.064000,4.996992,0.502952,0.41920,10.00
0.064010,4.997011,0.503661,0.41905,10.00
0.064020,4.997058,0.504221,0.41895,10.00
0.064030,4.997127,0.504682,0.41889,10.00
0.064040,4.997215,0.505070,0.41884,10.00
0.064050,4.997388,0.505402,0.41881,10.00
0.064060,4.997851,0.505478,0.41854,10.00
0.064070,4.998308,0.505281,0.41840,10.00
0.064080,4.998748,0.504923,0.41832,10.00
0.064090,4.999167,0.504466,0.41829,10.00
0.064100,4.999468,0.503947,0.41828,10.00
0.064110,4.999374,0.503670,0.41860,10.00
0.064120,4.999275,0.503677,0.41878,10.00
0.064130,4.999182,0.503836,0.41887,10.00
0.064140,4.999099,0.504074,0.41891,10.00
0.064150,4.999061,0.504349,0.41892,10.00
0.064160,4.999168,0.504539,0.41881,10.00
0.064170,4.999280,0.504620,0.41875,10.00
0.064180,4.999394,0.504634,0.41871,10.00
0.064190,4.999506,0.504607,0.41869,10.00
0.064200,4.999620,0.504551,0.41868,10.00
0.064210,4.999750,0.504461,0.41866,10.00
0.064220,4.999875,0.504340,0.41865,10.00
0.064230,4.999993,0.504200,0.41864,10.00
0.064240,5.000104,0.504047,0.41864,10.00
0.064250,5.000009,0.503886,0.41865,10.00
0.064260,4.999127,0.504308,0.41933,10.00
0.064270,4.998288,0.505373,0.41968,10.00
0.064280,4.997511,0.506785,0.41984,10.00
0.064290,4.996807,0.508375,0.41989,10.00
0.064300,4.996206,0.510046,0.41989,10.00
0.064310,4.995783,0.511662,0.41976,10.00
0.064320,4.995432,0.513182,0.41967,10.00
0.064330,4.995150,0.514620,0.41958,10.00
0.064340,4.994933,0.515983,0.41951,10.00
0.064350,4.994844,0.517271,0.41944,10.00
0.064360,4.995078,0.518283,0.41914,10.00
0.064370,4.995349,0.518999,0.41896,10.00
0.064380,4.995645,0.519519,0.41884,10.00
0.064390,4.995960,0.519900,0.41877,10.00
0.064400,4.996194,0.520175,0.41872,10.00
0.064410,4.996073,0.520640,0.41900,10.00
0.064420,4.995981,0.521334,0.41913,10.00
0.064430,4.995923,0.522127,0.41918,10.00
0.064440,4.995903,0.522946,0.41919,10.00
0.064450,4.996250,0.523749,0.41917,10.00
0.064460,4.997928,0.523537,0.41801,10.00
0.064470,4.999556,0.522200,0.41741,10.00
0.064480,5.001097,0.520227,0.41711,10.00
0.064490,5.002531,0.517895,0.41699,10.00
0.064500,5.003745,0.515370,0.41697,10.00
0.064510,5.004438,0.513049,0.41735,10.00
0.064520,5.005031,0.511025,0.41759,10.00
0.064530,5.005535,0.509187,0.41776,10.00
0.064540,5.005956,0.507478,0.41788,10.00
0.064550,5.006199,0.505868,0.41798,10.00
0.064560,5.005968,0.504647,0.41842,10.00
0.064570,5.005695,0.503836,0.41867,10.00
0.064580,5.005394,0.503283,0.41882,10.00
0.064590,5.005074,0.502902,0.41892,10.00
0.064600,5.004877,0.502641,0.41898,10.00
0.064610,5.005208,0.502070,0.41856,10.00
0.064620,5.005501,0.501131,0.41835,10.00
0.064630,5.005744,0.500015,0.41826,10.00
0.064640,5.005934,0.498832,0.41824,10.00
0.064650,5.006217,0.497644,0.41826,10.00
0.064660,5.007031,0.496044,0.41779,10.00
0.064670,5.007756,0.494014,0.41758,10.00
0.064680,5.008380,0.491785,0.41751,10.00
0.064690,5.008897,0.489493,0.41753,10.00
0.064700,5.009104,0.487216,0.41759,10.00
0.064710,5.008405,0.485605,0.41836,10.00
0.064720,5.007659,0.484746,0.41881,10.00
0.064730,5.006890,0.484353,0.41906,10.00
0.064740,5.006116,0.484265,0.41921,10.00
0.064750,5.005263,0.484385,0.41930,10.00
0.064760,5.004094,0.484907,0.41964,10.00
0.064770,5.002965,0.485817,0.41981,10.00
0.064780,5.001890,0.486969,0.41989,10.00
0.064790,5.000877,0.488273,0.41991,10.00
0.064800,5.000081,0.489674,0.41991,10.00
0.064810,4.999951,0.490690,0.41937,10.00
0.064820,4.999853,0.491252,0.41907,10.00
0.064830,4.999775,0.491566,0.41890,10.00
0.064840,4.999706,0.491747,0.41881,10.00
0.064850,4.999640,0.491858,0.41876,10.00
0.064860,4.999558,0.491948,0.41875,10.00
0.064870,4.999481,0.492037,0.41875,10.00
0.064880,4.999409,0.492128,0.41875,10.00
0.064890,4.999340,0.492223,0.41874,10.00
0.064900,4.999147,0.492322,0.41874,10.00
0.064910,4.998447,0.492807,0.41918,10.00
0.064920,4.997785,0.493716,0.41940,10.00
0.064930,4.997173,0.494855,0.41950,10.00
0.064940,4.996620,0.496113,0.41953,10.00
0.064950,4.996167,0.497423,0.41952,10.00
0.064960,4.995928,0.498632,0.41936,10.00
0.064970,4.995742,0.499704,0.41925,10.00
0.064980,4.995602,0.500680,0.41917,10.00
0.064990,4.995505,0.501582,0.41911,10.00
0.065000,4.995627,0.502421,0.41906,10.00
0.065010,4.996489,0.502674,0.41841,10.00
0.065020,4.997340,0.502294,0.41806,10.00
0.065030,4.998159,0.501546,0.41788,10.00
0.065040,4.998934,0.500582,0.41780,10.00
0.065050,4.999616,0.499493,0.41777,10.00
0.065060,5.000074,0.498457,0.41792,10.00
0.065070,5.000486,0.497521,0.41802,10.00
0.065080,5.000856,0.496643,0.41809,10.00
0.065090,5.001185,0.495804,0.41814,10.00
0.065100,5.001637,0.494993,0.41818,10.00
0.065110,5.002683,0.493734,0.41768,10.00
0.065120,5.003652,0.491981,0.41744,10.00
0.065130,5.004530,0.489972,0.41735,10.00
0.065140,5.005309,0.487846,0.41734,10.00
0.065150,5.005669,0.485685,0.41738,10.00
0.065160,5.004682,0.484473,0.41852,10.00
0.065170,5.003675,0.484331,0.41914,10.00
0.065180,5.002684,0.484811,0.41948,10.00
0.065190,5.001731,0.485660,0.41965,10.00
0.065200,5.000835,0.486731,0.41972,10.00
0.065210,5.000026,0.487913,0.41972,10.00
0.065220,4.999277,0.489151,0.41970,10.00
0.065230,4.998588,0.490422,0.41967,10.00
0.065240,4.997960,0.491711,0.41963,10.00
0.065250,4.997321,0.493003,0.41959,10.00
0.065260,4.996455,0.494505,0.41979,10.00
0.065270,4.995667,0.496226,0.41987,10.00
0.065280,4.994965,0.498052,0.41987,10.00
0.065290,4.994349,0.499913,0.41984,10.00
0.065300,4.993947,0.501767,0.41979,10.00
0.065310,4.994127,0.503216,0.41929,10.00
0.065320,4.994359,0.504205,0.41900,10.00
0.065330,4.994626,0.504908,0.41883,10.00
0.065340,4.994919,0.505422,0.41872,10.00
0.065350,4.995123,0.505802,0.41865,10.00
0.065360,4.994924,0.506391,0.41896,10.00
0.065370,4.994760,0.507239,0.41910,10.00
0.065380,4.994639,0.508203,0.41916,10.00
0.065390,4.994563,0.509200,0.41917,10.00
0.065400,4.994753,0.510185,0.41915,10.00
0.065410,4.995851,0.510486,0.41837,10.00
0.065420,4.996936,0.510025,0.41795,10.00
0.065430,4.997981,0.509118,0.41774,10.00
0.065440,4.998974,0.507945,0.41764,10.00
0.065450,4.999857,0.506613,0.41761,10.00
0.065460,5.000490,0.505321,0.41777,10.00
0.065470,5.001064,0.504125,0.41787,10.00
0.065480,5.001583,0.502983,0.41795,10.00
0.065490,5.002049,0.501876,0.41801,10.00
0.065500,5.002691,0.500795,0.41806,10.00
0.065510,5.004174,0.499074,0.41734,10.00
0.065520,5.005552,0.496650,0.41700,10.00
0.065530,5.006803,0.493859,0.41687,10.00
0.065540,5.007916,0.490896,0.41686,10.00
0.065550,5.008504,0.487875,0.41691,10.00
0.065560,5.007447,0.485988,0.41828,10.00
0.065570,5.006347,0.485389,0.41904,10.00
0.065580,5.005247,0.485548,0.41946,10.00
0.065590,5.004172,0.486161,0.41968,10.00
0.065600,5.003156,0.487057,0.41979,10.00
0.065610,5.002262,0.488080,0.41978,10.00
0.065620,5.001420,0.489162,0.41976,10.00
0.065630,5.000633,0.490292,0.41973,10.00
0.065640,4.999901,0.491456,0.41970,10.00
0.065650,4.999255,0.492644,0.41966,10.00
0.065660,4.998781,0.493761,0.41952,10.00
0.065670,4.998358,0.494790,0.41943,10.00
0.065680,4.997981,0.495765,0.41937,10.00
0.065690,4.997650,0.496702,0.41931,10.00
0.065700,4.997363,0.497609,0.41927,10.00
0.065710,4.997126,0.498481,0.41922,10.00
0.065720,4.996928,0.499317,0.41918,10.00
0.065730,4.996768,0.500119,0.41914,10.00
0.065740,4.996645,0.500886,0.41910,10.00
0.065750,4.996673,0.501616,0.41907,10.00
0.065760,4.997192,0.501967,0.41864,10.00
0.065770,4.997713,0.501904,0.41841,10.00
0.065780,4.998221,0.501596,0.41828,10.00
0.065790,4.998709,0.501140,0.41822,10.00
0.065800,4.999264,0.500592,0.41820,10.00
0.065810,5.000157,0.499716,0.41788,10.00
0.065820,5.000996,0.498505,0.41773,10.00
0.065830,5.001770,0.497110,0.41767,10.00
0.065840,5.002475,0.495619,0.41767,10.00
0.065850,5.002931,0.494086,0.41769,10.00
0.065860,5.002619,0.493059,0.41833,10.00
0.065870,5.002278,0.492612,0.41868,10.00
0.065880,5.001929,0.492501,0.41887,10.00
0.065890,5.001582,0.492591,0.41898,10.00
0.065900,5.001423,0.492803,0.41904,10.00
0.065910,5.001982,0.492571,0.41846,10.00
0.065920,5.002512,0.491817,0.41817,10.00
0.065930,5.002997,0.490786,0.41803,10.00
0.065940,5.003429,0.489615,0.41798,10.00
0.065950,5.003712,0.488386,0.41798,10.00
0.065960,5.003576,0.487414,0.41831,10.00
0.065970,5.003405,0.486753,0.41851,10.00
0.065980,5.003210,0.486287,0.41863,10.00
0.065990,5.002999,0.485950,0.41870,10.00
0.066000,5.002616,0.485706,0.41875,10.00
0.066010,5.001595,0.485998,0.41932,10.00
0.066020,5.000608,0.486860,0.41961,10.00
0.066030,4.999675,0.488050,0.41976,10.00
0.066040,4.998805,0.489428,0.41981,10.00
0.066050,4.998113,0.490911,0.41982,10.00
0.066060,4.997917,0.492135,0.41943,10.00
0.066070,4.997768,0.493037,0.41921,10.00
0.066080,4.997655,0.493750,0.41908,10.00
0.066090,4.997571,0.494350,0.41900,10.00
0.066100,4.997445,0.494876,0.41894,10.00
0.066110,4.997072,0.495548,0.41913,10.00
0.066120,4.996736,0.496398,0.41921,10.00
0.066130,4.996443,0.497333,0.41924,10.00
0.066140,4.996195,0.498298,0.41924,10.00
0.066150,4.996026,0.499262,0.41921,10.00
0.066160,4.996032,0.500109,0.41907,10.00
0.066170,4.996072,0.500815,0.41898,10.00
0.066180,4.996141,0.501423,0.41891,10.00
0.066190,4.996236,0.501955,0.41886,10.00
0.066200,4.996111,0.502423,0.41882,10.00
0.066210,4.995060,0.503534,0.41959,10.00
0.066220,4.994085,0.505360,0.41997,10.00
0.066230,4.993208,0.507556,0.42013,10.00
0.066240,4.992440,0.509923,0.42017,10.00
0.066250,4.992081,0.512346,0.42015,10.00
0.066260,4.992998,0.513898,0.41910,10.00
0.066270,4.993952,0.514452,0.41851,10.00
0.066280,4.994910,0.514410,0.41819,10.00
0.066290,4.995850,0.513999,0.41801,10.00
0.066300,4.996673,0.513353,0.41792,10.00
0.066310,4.997111,0.512804,0.41817,10.00
0.066320,4.997526,0.512426,0.41831,10.00
0.066330,4.997926,0.512123,0.41838,10.00
0.066340,4.998310,0.511843,0.41842,10.00
0.066350,4.998875,0.511560,0.41844,10.00
0.066360,5.000192,0.510696,0.41781,10.00
0.066370,5.001444,0.509190,0.41749,10.00
0.066380,5.002612,0.507323,0.41734,10.00
0.066390,5.003684,0.505259,0.41730,10.00
0.066400,5.004506,0.503095,0.41731,10.00
0.066410,5.004640,0.501321,0.41785,10.00
0.066420,5.004707,0.500018,0.41817,10.00
0.066430,5.004723,0.498999,0.41836,10.00
0.066440,5.004698,0.498160,0.41848,10.00
0.066450,5.004745,0.497443,0.41856,10.00
0.066460,5.005182,0.496509,0.41827,10.00
0.066470,5.005568,0.495309,0.41813,10.00
0.066480,5.005893,0.493987,0.41809,10.00
0.066490,5.006155,0.492626,0.41809,10.00
0.066500,5.006150,0.491275,0.41813,10.00
0.066510,5.005283,0.490551,0.41885,10.00
0.066520,5.004407,0.490530,0.41924,10.00
0.066530,5.003547,0.490930,0.41946,10.00
0.066540,5.002716,0.491587,0.41957,10.00
0.066550,5.002033,0.492408,0.41962,10.00
0.066560,5.001820,0.493021,0.41927,10.00
0.066570,5.001629,0.493359,0.41908,10.00
0.066580,5.001450,0.493556,0.41898,10.00
0.066590,5.001278,0.493684,0.41893,10.00
0.066600,5.001245,0.493783,0.41890,10.00
0.066610,5.001740,0.493491,0.41844,10.00
0.066620,5.002207,0.492780,0.41821,10.00
0.066630,5.002634,0.491846,0.41810,10.00
0.066640,5.003012,0.490803,0.41807,10.00
0.066650,5.003214,0.489715,0.41807,10.00
0.066660,5.002870,0.488983,0.41851,10.00
0.066670,5.002506,0.488668,0.41876,10.00
0.066680,5.002137,0.488602,0.41889,10.00
0.066690,5.001771,0.488691,0.41897,10.00
0.066700,5.001377,0.488881,0.41901,10.00
0.066710,5.000852,0.489244,0.41915,10.00
0.066720,5.000351,0.489772,0.41922,10.00
0.066730,4.999879,0.490399,0.41925,10.00
0.066740,4.999439,0.491087,0.41926,10.00
0.066750,4.998980,0.491811,0.41925,10.00
0.066760,4.998343,0.492710,0.41942,10.00
0.066770,4.997755,0.493790,0.41949,10.00
0.066780,4.997222,0.494964,0.41950,10.00
0.066790,4.996745,0.496181,0.41949,10.00
0.066800,4.996441,0.497410,0.41946,10.00
0.066810,4.996644,0.498301,0.41905,10.00
0.066820,4.996875,0.498807,0.41881,10.00
0.066830,4.997121,0.499083,0.41867,10.00
0.066840,4.997374,0.499215,0.41860,10.00
0.066850,4.997505,0.499252,0.41855,10.00
0.066860,4.997146,0.499581,0.41893,10.00
0.066870,4.996814,0.500253,0.41913,10.00
0.066880,4.996519,0.501103,0.41921,10.00
0.066890,4.996266,0.502034,0.41924,10.00
0.066900,4.996375,0.502992,0.41924,10.00
0.066910,4.997771,0.503034,0.41817,10.00
0.066920,4.999133,0.502051,0.41761,10.00
0.066930,5.000428,0.500484,0.41733,10.00
0.066940,5.001635,0.498587,0.41720,10.00
0.066950,5.002141,0.496506,0.41717,10.00
0.066960,5.000171,0.496065,0.41918,10.00
0.066970,4.998246,0.497494,0.42024,10.00
0.066980,4.996424,0.499964,0.42078,10.00
0.066990,4.994739,0.503005,0.42101,10.00
0.067000,4.993602,0.506345,0.42108,10.00
0.067010,4.994168,0.508697,0.41976,10.00
0.067020,4.994802,0.509851,0.41903,10.00
0.067030,4.995466,0.510306,0.41861,10.00
0.067040,4.996135,0.510341,0.41839,10.00
0.067050,4.996840,0.510115,0.41826,10.00
0.067060,4.997701,0.509593,0.41805,10.00
0.067070,4.998526,0.508815,0.41794,10.00
0.067080,4.999308,0.507879,0.41789,10.00
0.067090,5.000041,0.506843,0.41788,10.00
0.067100,5.000724,0.505743,0.41789,10.00
0.067110,5.001366,0.504595,0.41790,10.00
0.067120,5.001952,0.503416,0.41793,10.00
0.067130,5.002481,0.502222,0.41796,10.00
0.067140,5.002954,0.501027,0.41800,10.00
0.067150,5.003139,0.499842,0.41804,10.00
0.067160,5.002360,0.499337,0.41885,10.00
0.067170,5.001584,0.499586,0.41928,10.00
0.067180,5.000836,0.500266,0.41950,10.00
0.067190,5.000129,0.501193,0.41961,10.00
0.067200,4.999617,0.502261,0.41965,10.00
0.067210,4.999731,0.502990,0.41917,10.00
0.067220,4.999866,0.503300,0.41891,10.00
0.067230,5.000007,0.503374,0.41877,10.00
0.067240,5.000146,0.503313,0.41869,10.00
0.067250,5.000609,0.503176,0.41865,10.00
0.067260,5.002351,0.502058,0.41756,10.00
0.067270,5.004003,0.499882,0.41700,10.00
0.067280,5.005532,0.497127,0.41675,10.00
0.067290,5.006921,0.494069,0.41667,10.00
0.067300,5.007804,0.490868,0.41668,10.00
0.067310,5.007142,0.488636,0.41791,10.00
0.067320,5.006415,0.487538,0.41860,10.00
0.067330,5.005660,0.487110,0.41899,10.00
0.067340,5.004902,0.487091,0.41920,10.00
0.067350,5.004523,0.487332,0.41932,10.00
0.067360,5.005615,0.486692,0.41818,10.00
0.067370,5.006642,0.485013,0.41760,10.00
0.067380,5.007572,0.482788,0.41732,10.00
0.067390,5.008388,0.480296,0.41723,10.00
0.067400,5.008738,0.477699,0.41723,10.00
0.067410,5.007602,0.476081,0.41842,10.00
0.067420,5.006432,0.475599,0.41908,10.00
0.067430,5.005265,0.475797,0.41944,10.00
0.067440,5.004124,0.476415,0.41963,10.00
0.067450,5.003073,0.477302,0.41973,10.00
0.067460,5.002265,0.478230,0.41962,10.00
0.067470,5.001502,0.479128,0.41955,10.00
0.067480,5.000784,0.480030,0.41950,10.00
0.067490,5.000109,0.480950,0.41946,10.00
0.067500,4.999190,0.481892,0.41943,10.00
0.067510,4.997173,0.483685,0.42035,10.00
0.067520,4.995275,0.486406,0.42081,10.00
0.067530,4.993524,0.489639,0.42100,10.00
0.067540,4.991935,0.493140,0.42105,10.00
0.067550,4.990837,0.496763,0.42101,10.00
0.067560,4.991172,0.499506,0.41987,10.00
0.067570,4.991599,0.501216,0.41922,10.00
0.067580,4.992084,0.502308,0.41885,10.00
0.067590,4.992606,0.503014,0.41863,10.00
0.067600,4.993251,0.503463,0.41849,10.00
0.067610,4.994310,0.503441,0.41807,10.00
0.067620,4.995350,0.502961,0.41785,10.00
0.067630,4.996354,0.502195,0.41773,10.00
0.067640,4.997315,0.501244,0.41768,10.00
0.067650,4.997882,0.500167,0.41766,10.00
0.067660,4.997054,0.499976,0.41878,10.00
0.067670,4.996251,0.500793,0.41936,10.00
0.067680,4.995505,0.502157,0.41965,10.00
0.067690,4.994832,0.503806,0.41978,10.00
0.067700,4.994233,0.505589,0.41981,10.00
0.067710,4.993683,0.507445,0.41982,10.00
0.067720,4.993221,0.509324,0.41979,10.00
0.067730,4.992846,0.511181,0.41974,10.00
0.067740,4.992556,0.512988,0.41967,10.00
0.067750,4.992546,0.514727,0.41960,10.00
0.067760,4.993398,0.515819,0.41887,10.00
0.067770,4.994275,0.516197,0.41847,10.00
0.067780,4.995153,0.516137,0.41824,10.00
0.067790,4.996015,0.515796,0.41811,10.00
0.067800,4.996910,0.515266,0.41805,10.00
0.067810,4.997995,0.514441,0.41783,10.00
0.067820,4.999030,0.513339,0.41772,10.00
0.067830,5.000005,0.512065,0.41768,10.00
0.067840,5.000914,0.510681,0.41768,10.00
0.067850,5.001751,0.509228,0.41769,10.00
0.067860,5.002500,0.507746,0.41774,10.00
0.067870,5.003178,0.506256,0.41779,10.00
0.067880,5.003786,0.504767,0.41784,10.00
0.067890,5.004323,0.503289,0.41789,10.00
0.067900,5.004731,0.501831,0.41794,10.00
0.067910,5.004834,0.500573,0.41820,10.00
0.067920,5.004886,0.499541,0.41835,10.00
0.067930,5.004895,0.498655,0.41845,10.00
0.067940,5.004867,0.497874,0.41853,10.00
0.067950,5.004497,0.497174,0.41858,10.00
0.067960,5.002885,0.497416,0.41963,10.00
0.067970,5.001321,0.498685,0.42018,10.00
0.067980,4.999839,0.500541,0.42045,10.00
0.067990,4.998458,0.502732,0.42056,10.00
0.068000,4.997546,0.505112,0.42058,10.00
0.068010,4.998157,0.506576,0.41939,10.00
0.068020,4.998799,0.506965,0.41874,10.00
0.068030,4.999439,0.506743,0.41839,10.00
0.068040,5.000055,0.506171,0.41821,10.00
0.068050,5.000473,0.505398,0.41812,10.00
0.068060,5.000205,0.504972,0.41862,10.00
0.068070,4.999933,0.504993,0.41889,10.00
0.068080,4.999670,0.505261,0.41903,10.00
0.068090,4.999424,0.505664,0.41910,10.00
0.068100,4.999338,0.506139,0.41912,10.00
0.068110,4.999816,0.506260,0.41868,10.00
0.068120,5.000286,0.505965,0.41845,10.00
0.068130,5.000733,0.505434,0.41833,10.00
0.068140,5.001150,0.504770,0.41828,10.00
0.068150,5.001447,0.504033,0.41826,10.00
0.068160,5.001371,0.503499,0.41854,10.00
0.068170,5.001278,0.503217,0.41870,10.00
0.068180,5.001177,0.503079,0.41878,10.00
0.068190,5.001072,0.503027,0.41883,10.00
0.068200,5.000745,0.503028,0.41886,10.00
0.068210,4.999549,0.503687,0.41959,10.00
0.068220,4.998410,0.505060,0.41996,10.00
0.068230,4.997349,0.506827,0.42014,10.00
0.068240,4.996380,0.508808,0.42020,10.00
0.068250,4.995783,0.510894,0.42019,10.00
0.068260,4.996363,0.512247,0.41927,10.00
0.068270,4.996977,0.512745,0.41875,10.00
0.068280,4.997597,0.512745,0.41847,10.00
0.068290,4.998205,0.512447,0.41832,10.00
0.068300,4.998591,0.511966,0.41824,10.00
0.068310,4.998164,0.511932,0.41885,10.00
0.068320,4.997753,0.512443,0.41917,10.00
0.068330,4.997376,0.513246,0.41932,10.00
0.068340,4.997042,0.514196,0.41939,10.00
0.068350,4.996934,0.515211,0.41940,10.00
0.068360,4.997583,0.515737,0.41881,10.00
0.068370,4.998235,0.515692,0.41848,10.00
0.068380,4.998873,0.515311,0.41831,10.00
0.068390,4.999485,0.514728,0.41822,10.00
0.068400,5.000121,0.514020,0.41818,10.00
0.068410,5.000941,0.513074,0.41799,10.00
0.068420,5.001708,0.511903,0.41790,10.00
0.068430,5.002415,0.510604,0.41787,10.00
0.068440,5.003057,0.509237,0.41788,10.00
0.068450,5.003693,0.507838,0.41791,10.00
0.068460,5.004493,0.506266,0.41775,10.00
0.068470,5.005213,0.504521,0.41770,10.00
0.068480,5.005848,0.502698,0.41771,10.00
0.068490,5.006396,0.500854,0.41774,10.00
0.068500,5.006593,0.499024,0.41780,10.00
0.068510,5.005659,0.497981,0.41872,10.00
0.068520,5.004709,0.497818,0.41922,10.00
0.068530,5.003770,0.498177,0.41950,10.00
0.068540,5.002861,0.498852,0.41964,10.00
0.068550,5.002159,0.499728,0.41971,10.00
0.068560,5.002154,0.500266,0.41920,10.00
0.068570,5.002162,0.500378,0.41893,10.00
0.068580,5.002167,0.500263,0.41879,10.00
0.068590,5.002165,0.500035,0.41872,10.00
0.068600,5.001964,0.499756,0.41869,10.00
0.068610,5.001023,0.499980,0.41927,10.00
0.068620,5.000113,0.500783,0.41958,10.00
0.068630,4.999254,0.501915,0.41973,10.00
0.068640,4.998455,0.503236,0.41979,10.00
0.068650,4.998009,0.504662,0.41980,10.00
0.068660,4.998754,0.505340,0.41887,10.00
0.068670,4.999501,0.505155,0.41836,10.00
0.068680,5.000223,0.504482,0.41810,10.00
0.068690,5.000902,0.503532,0.41797,10.00
0.068700,5.001530,0.502427,0.41792,10.00
0.068710,5.002099,0.501241,0.41792,10.00
0.068720,5.002610,0.500017,0.41793,10.00
0.068730,5.003064,0.498782,0.41796,10.00
0.068740,5.003459,0.497551,0.41800,10.00
0.068750,5.003639,0.496340,0.41805,10.00
0.068760,5.003140,0.495601,0.41860,10.00
0.068770,5.002625,0.495387,0.41891,10.00
0.068780,5.002112,0.495486,0.41907,10.00
0.068790,5.001611,0.495776,0.41916,10.00
0.068800,5.001182,0.496188,0.41921,10.00
0.068810,5.000983,0.496532,0.41906,10.00
0.068820,5.000798,0.496769,0.41898,10.00
0.068830,5.000622,0.496954,0.41894,10.00
0.068840,5.000455,0.497117,0.41891,10.00
0.068850,5.000455,0.497276,0.41890,10.00
0.068860,5.001090,0.496991,0.41838,10.00
0.068870,5.001695,0.496219,0.41811,10.00
0.068880,5.002254,0.495182,0.41799,10.00
0.068890,5.002759,0.494007,0.41794,10.00
0.068900,5.003047,0.492768,0.41794,10.00
0.068910,5.002648,0.491954,0.41847,10.00
0.068920,5.002229,0.491641,0.41877,10.00
0.068930,5.001806,0.491623,0.41893,10.00
0.068940,5.001389,0.491787,0.41902,10.00
0.068950,5.001069,0.492066,0.41907,10.00
0.068960,5.001092,0.492190,0.41883,10.00
0.068970,5.001114,0.492110,0.41870,10.00
0.068980,5.001130,0.491926,0.41864,10.00
0.068990,5.001135,0.491694,0.41861,10.00
0.069000,5.001115,0.491446,0.41860,10.00
0.069010,5.001027,0.491238,0.41865,10.00
0.069020,5.000931,0.491086,0.41868,10.00
0.069030,5.000829,0.490974,0.41870,10.00
0.069040,5.000724,0.490893,0.41872,10.00
0.069050,5.000483,0.490839,0.41873,10.00
0.069060,4.999714,0.491181,0.41916,10.00
0.069070,4.998977,0.491956,0.41939,10.00
0.069080,4.998286,0.492978,0.41950,10.00
0.069090,4.997648,0.494139,0.41954,10.00
0.069100,4.997166,0.495374,0.41954,10.00
0.069110,4.997130,0.496373,0.41921,10.00
0.069120,4.997130,0.497079,0.41902,10.00
0.069130,4.997158,0.497612,0.41890,10.00
0.069140,4.997206,0.498037,0.41883,10.00
0.069150,4.997343,0.498389,0.41879,10.00
0.069160,4.997771,0.498492,0.41853,10.00
0.069170,4.998194,0.498335,0.41839,10.00
0.069180,4.998604,0.498022,0.41832,10.00
0.069190,4.998995,0.497613,0.41829,10.00
0.069200,4.999331,0.497144,0.41827,10.00
0.069210,4.999516,0.496726,0.41838,10.00
0.069220,4.999682,0.496382,0.41844,10.00
0.069230,4.999834,0.496079,0.41847,10.00
0.069240,4.999971,0.495797,0.41850,10.00
0.069250,5.000101,0.495526,0.41851,10.00
0.069260,5.000242,0.495247,0.41851,10.00
0.069270,5.000368,0.494956,0.41851,10.00
0.069280,5.000481,0.494660,0.41852,10.00
0.069290,5.000579,0.494364,0.41853,10.00
0.069300,5.000587,0.494073,0.41854,10.00
0.069310,5.000275,0.494003,0.41880,10.00
0.069320,4.999969,0.494181,0.41893,10.00
0.069330,4.999677,0.494501,0.41900,10.00
0.069340,4.999403,0.494902,0.41904,10.00
0.069350,4.999100,0.495351,0.41905,10.00
0.069360,4.998624,0.495965,0.41921,10.00
0.069370,4.998182,0.496744,0.41928,10.00
0.069380,4.997780,0.497613,0.41930,10.00
0.069390,4.997421,0.498526,0.41930,10.00
0.069400,4.997132,0.499454,0.41929,10.00
0.069410,4.996990,0.500308,0.41918,10.00
0.069420,4.996885,0.501067,0.41910,10.00
0.069430,4.996813,0.501759,0.41905,10.00
0.069440,4.996772,0.502399,0.41901,10.00
0.069450,4.996740,0.502994,0.41897,10.00
0.069460,4.996666,0.503596,0.41900,10.00
0.069470,4.996620,0.504210,0.41900,10.00
0.069480,4.996602,0.504815,0.41898,10.00
0.069490,4.996611,0.505396,0.41896,10.00
0.069500,4.996761,0.505945,0.41894,10.00
0.069510,4.997387,0.506138,0.41855,10.00
0.069520,4.998007,0.505939,0.41834,10.00
0.069530,4.998609,0.505502,0.41823,10.00
0.069540,4.999184,0.504919,0.41817,10.00
0.069550,4.999671,0.504242,0.41815,10.00
0.069560,4.999903,0.503659,0.41832,10.00
0.069570,5.000112,0.503206,0.41842,10.00
0.069580,5.000301,0.502823,0.41848,10.00
0.069590,5.000473,0.502476,0.41852,10.00
0.069600,5.000563,0.502147,0.41854,10.00
0.069610,5.000378,0.502011,0.41877,10.00
0.069620,5.000194,0.502083,0.41889,10.00
0.069630,5.000018,0.502272,0.41895,10.00
0.069640,4.999853,0.502526,0.41898,10.00
0.069650,4.999724,0.502816,0.41899,10.00
0.069660,4.999695,0.503064,0.41892,10.00
0.069670,4.999677,0.503252,0.41888,10.00
0.069680,4.999666,0.503404,0.41885,10.00
0.069690,4.999661,0.503532,0.41884,10.00
0.069700,4.999890,0.503645,0.41883,10.00
0.069710,5.001022,0.503113,0.41809,10.00
0.069720,5.002104,0.501872,0.41772,10.00
0.069730,5.003113,0.500234,0.41754,10.00
0.069740,5.004037,0.498380,0.41747,10.00
0.069750,5.004825,0.496414,0.41747,10.00
0.069760,5.005344,0.494523,0.41764,10.00
0.069770,5.005779,0.492760,0.41776,10.00
0.069780,5.006135,0.491093,0.41786,10.00
0.069790,5.006416,0.489507,0.41794,10.00
0.069800,5.006473,0.487996,0.41802,10.00
0.069810,5.005861,0.486982,0.41857,10.00
0.069820,5.005223,0.486511,0.41888,10.00
0.069830,5.004575,0.486377,0.41906,10.00
0.069840,5.003931,0.486463,0.41916,10.00
0.069850,5.003333,0.486702,0.41922,10.00
0.069860,5.002894,0.486954,0.41914,10.00
0.069870,5.002468,0.487183,0.41910,10.00
0.069880,5.002053,0.487420,0.41908,10.00
0.069890,5.001653,0.487680,0.41907,10.00
0.069900,5.001103,0.487970,0.41906,10.00
0.069910,4.999931,0.488741,0.41957,10.00
0.069920,4.998815,0.490037,0.41983,10.00
0.069930,4.997771,0.491636,0.41995,10.00
0.069940,4.996809,0.493407,0.41999,10.00
0.069950,4.996064,0.495272,0.41998,10.00
0.069960,4.995910,0.496829,0.41954,10.00
0.069970,4.995817,0.498009,0.41929,10.00
0.069980,4.995771,0.498961,0.41913,10.00
0.069990,4.995765,0.499768,0.41903,10.00
0.070000,4.995755,0.500475,0.41896,10.00
0.070010,4.995628,0.501208,0.41903,10.00
0.070020,4.995537,0.501992,0.41905,10.00
0.070030,4.995483,0.502783,0.41904,10.00
0.070040,4.995464,0.503556,0.41902,10.00
0.070050,4.995307,0.504296,0.41899,10.00
0.070060,4.994509,0.505467,0.41950,10.00
0.070070,4.993782,0.507113,0.41975,10.00
0.070080,4.993140,0.508998,0.41984,10.00
0.070090,4.992590,0.510989,0.41986,10.00
0.070100,4.992275,0.513004,0.41983,10.00
0.070110,4.992610,0.514606,0.41933,10.00
0.070120,4.993002,0.515725,0.41904,10.00
0.070130,4.993434,0.516531,0.41885,10.00
0.070140,4.993894,0.517122,0.41874,10.00
0.070150,4.994166,0.517553,0.41866,10.00
0.070160,4.993630,0.518430,0.41926,10.00
0.070170,4.993152,0.519834,0.41955,10.00
0.070180,4.992747,0.521497,0.41968,10.00
0.070190,4.992424,0.523264,0.41971,10.00
0.070200,4.992452,0.525049,0.41969,10.00
0.070210,4.993618,0.526061,0.41879,10.00
0.070220,4.994799,0.526190,0.41830,10.00
0.070230,4.995966,0.525781,0.41803,10.00
0.070240,4.997098,0.525032,0.41788,10.00
0.070250,4.998116,0.524056,0.41781,10.00
0.070260,4.998809,0.523113,0.41800,10.00
0.070270,4.999459,0.522269,0.41810,10.00
0.070280,5.000069,0.521459,0.41817,10.00
0.070290,5.000639,0.520653,0.41821,10.00
0.070300,5.001322,0.519836,0.41824,10.00
0.070310,5.002559,0.518591,0.41779,10.00
0.070320,5.003720,0.516872,0.41757,10.00
0.070330,5.004789,0.514888,0.41748,10.00
0.070340,5.005760,0.512761,0.41747,10.00
0.070350,5.006389,0.510564,0.41749,10.00
0.070360,5.005975,0.509000,0.41829,10.00
0.070370,5.005513,0.508170,0.41874,10.00
0.070380,5.005028,0.507775,0.41899,10.00
0.070390,5.004535,0.507649,0.41913,10.00
0.070400,5.004279,0.507695,0.41921,10.00
0.070410,5.004953,0.507217,0.41852,10.00
0.070420,5.005584,0.506113,0.41817,10.00
0.070430,5.006152,0.504679,0.41801,10.00
0.070440,5.006648,0.503082,0.41795,10.00
0.070450,5.007145,0.501420,0.41795,10.00
0.070460,5.007874,0.499536,0.41773,10.00
0.070470,5.008507,0.497439,0.41765,10.00
0.070480,5.009040,0.495260,0.41765,10.00
0.070490,5.009471,0.493072,0.41769,10.00
0.070500,5.009755,0.490923,0.41775,10.00
0.070510,5.009762,0.488966,0.41797,10.00
0.070520,5.009686,0.487235,0.41813,10.00
0.070530,5.009537,0.485681,0.41825,10.00
0.070540,5.009322,0.484278,0.41834,10.00
0.070550,5.008918,0.483011,0.41843,10.00
0.070560,5.007945,0.482232,0.41891,10.00
0.070570,5.006957,0.481975,0.41919,10.00
0.070580,5.005972,0.482059,0.41935,10.00
0.070590,5.005001,0.482381,0.41944,10.00
0.070600,5.004106,0.482879,0.41950,10.00
0.070610,5.003446,0.483372,0.41936,10.00
0.070620,5.002809,0.483819,0.41930,10.00
0.070630,5.002195,0.484268,0.41926,10.00
0.070640,5.001605,0.484746,0.41924,10.00
0.070650,5.001043,0.485261,0.41923,10.00
0.070660,5.000517,0.485810,0.41921,10.00
0.070670,5.000019,0.486391,0.41920,10.00
0.070680,4.999550,0.487002,0.41918,10.00
0.070690,4.999113,0.487641,0.41917,10.00
0.070700,4.998537,0.488303,0.41916,10.00
0.070710,4.997327,0.489446,0.41967,10.00
0.070720,4.996190,0.491114,0.41992,10.00
0.070730,4.995143,0.493074,0.42003,10.00
0.070740,4.994194,0.495192,0.42006,10.00
0.070750,4.993442,0.497385,0.42004,10.00
0.070760,4.993166,0.499346,0.41970,10.00
0.070770,4.992972,0.501010,0.41948,10.00
0.070780,4.992849,0.502483,0.41934,10.00
0.070790,4.992789,0.503817,0.41924,10.00
0.070800,4.992677,0.505043,0.41916,10.00
0.070810,4.992187,0.506472,0.41943,10.00
0.070820,4.991772,0.508144,0.41954,10.00
0.070830,4.991438,0.509917,0.41957,10.00
0.070840,4.991186,0.511706,0.41955,10.00
0.070850,4.991312,0.513464,0.41951,10.00
0.070860,4.992678,0.514356,0.41853,10.00
0.070870,4.994050,0.514276,0.41799,10.00
0.070880,4.995396,0.513608,0.41770,10.00
0.070890,4.996694,0.512570,0.41755,10.00
0.070900,4.997961,0.511291,0.41748,10.00
0.070910,4.999274,0.509768,0.41736,10.00
0.070920,5.000505,0.508044,0.41732,10.00
0.070930,5.001649,0.506191,0.41732,10.00
0.070940,5.002702,0.504257,0.41735,10.00
0.070950,5.003569,0.502274,0.41739,10.00
0.070960,5.003983,0.500515,0.41772,10.00
0.070970,5.004323,0.499026,0.41793,10.00
0.070980,5.004598,0.497703,0.41806,10.00
0.070990,5.004815,0.496489,0.41815,10.00
0.071000,5.004791,0.495356,0.41822,10.00
0.071010,5.003979,0.494800,0.41886,10.00
0.071020,5.003163,0.494872,0.41921,10.00
0.071030,5.002365,0.495317,0.41940,10.00
0.071040,5.001597,0.495993,0.41950,10.00
0.071050,5.001025,0.496817,0.41954,10.00
0.071060,5.001111,0.497312,0.41907,10.00
0.071070,5.001207,0.497402,0.41882,10.00
0.071080,5.001300,0.497272,0.41869,10.00
0.071090,5.001383,0.497027,0.41862,10.00
0.071100,5.001347,0.496725,0.41859,10.00
0.071110,5.000877,0.496688,0.41891,10.00
0.071120,5.000417,0.496965,0.41908,10.00
0.071130,4.999977,0.497425,0.41917,10.00
0.071140,4.999563,0.497995,0.41921,10.00
0.071150,4.999453,0.498630,0.41923,10.00
0.071160,5.000448,0.498561,0.41838,10.00
0.071170,5.001413,0.497692,0.41793,10.00
0.071180,5.002320,0.496375,0.41771,10.00
0.071190,5.003156,0.494808,0.41762,10.00
0.071200,5.003665,0.493109,0.41759,10.00
0.071210,5.003118,0.492019,0.41837,10.00
0.071220,5.002545,0.491653,0.41880,10.00
0.071230,5.001970,0.491710,0.41904,10.00
0.071240,5.001408,0.492022,0.41917,10.00
0.071250,5.000956,0.492493,0.41923,10.00
0.071260,5.000878,0.492826,0.41899,10.00
0.071270,5.000810,0.492962,0.41886,10.00
0.071280,5.000745,0.492996,0.41879,10.00
0.071290,5.000681,0.492980,0.41876,10.00
0.071300,5.000565,0.492944,0.41874,10.00
0.071310,5.000250,0.493039,0.41889,10.00
0.071320,4.999945,0.493289,0.41897,10.00
0.071330,4.999655,0.493631,0.41901,10.00
0.071340,4.999384,0.494029,0.41902,10.00
0.071350,4.999177,0.494461,0.41903,10.00
0.071360,4.999163,0.494796,0.41889,10.00
0.071370,4.999160,0.495011,0.41881,10.00
0.071380,4.999166,0.495159,0.41877,10.00
0.071390,4.999176,0.495266,0.41874,10.00
0.071400,4.999073,0.495350,0.41873,10.00
0.071410,4.998507,0.495738,0.41908,10.00
0.071420,4.997971,0.496469,0.41926,10.00
0.071430,4.997476,0.497391,0.41935,10.00
0.071440,4.997029,0.498414,0.41938,10.00
0.071450,4.996676,0.499486,0.41938,10.00
0.071460,4.996550,0.500455,0.41922,10.00
0.071470,4.996465,0.501288,0.41912,10.00
0.071480,4.996415,0.502029,0.41905,10.00
0.071490,4.996397,0.502704,0.41900,10.00
0.071500,4.996424,0.503323,0.41896,10.00
0.071510,4.996541,0.503851,0.41888,10.00
0.071520,4.996679,0.504285,0.41882,10.00
0.071530,4.996834,0.504649,0.41878,10.00
0.071540,4.997003,0.504955,0.41875,10.00
0.071550,4.997602,0.505210,0.41873,10.00
0.071560,4.999850,0.504293,0.41743,10.00
0.071570,5.002008,0.502086,0.41675,10.00
0.071580,5.004035,0.499140,0.41643,10.00
0.071590,5.005907,0.495775,0.41630,10.00
0.071600,5.007047,0.492178,0.41628,10.00
0.071610,5.005798,0.489981,0.41806,10.00
0.071620,5.004503,0.489428,0.41903,10.00
0.071630,5.003217,0.489826,0.41955,10.00
0.071640,5.001971,0.490786,0.41983,10.00
0.071650,5.001100,0.492087,0.41997,10.00
0.071660,5.001543,0.492748,0.41906,10.00
0.071670,5.001990,0.492599,0.41857,10.00
0.071680,5.002415,0.492007,0.41832,10.00
0.071690,5.002804,0.491176,0.41820,10.00
0.071700,5.002905,0.490223,0.41815,10.00
0.071710,5.001991,0.489876,0.41889,10.00
0.071720,5.001087,0.490249,0.41929,10.00
0.071730,5.000217,0.491040,0.41950,10.00
0.071740,4.999393,0.492079,0.41961,10.00
0.071750,4.998851,0.493268,0.41965,10.00
0.071760,4.999257,0.493939,0.41896,10.00
0.071770,4.999673,0.493988,0.41859,10.00
0.071780,5.000079,0.493687,0.41839,10.00
0.071790,5.000464,0.493188,0.41829,10.00
0.071800,5.000634,0.492578,0.41825,10.00
0.071810,5.000037,0.492411,0.41881,10.00
0.071820,4.999450,0.492771,0.41911,10.00
0.071830,4.998891,0.493430,0.41926,10.00
0.071840,4.998369,0.494261,0.41933,10.00
0.071850,4.997905,0.495188,0.41936,10.00
0.071860,4.997544,0.496128,0.41931,10.00
0.071870,4.997226,0.497050,0.41927,10.00
0.071880,4.996952,0.497953,0.41924,10.00
0.071890,4.996718,0.498838,0.41920,10.00
0.071900,4.996469,0.499699,0.41917,10.00
0.071910,4.996037,0.500687,0.41931,10.00
0.071920,4.995656,0.501813,0.41937,10.00
0.071930,4.995330,0.503001,0.41938,10.00
0.071940,4.995059,0.504205,0.41936,10.00
0.071950,4.994816,0.505397,0.41933,10.00
0.071960,4.994517,0.506635,0.41938,10.00
0.071970,4.994277,0.507915,0.41938,10.00
0.071980,4.994096,0.509193,0.41936,10.00
0.071990,4.993972,0.510441,0.41932,10.00
0.072000,4.994162,0.511642,0.41927,10.00
0.072010,4.995413,0.512098,0.41844,10.00
0.072020,4.996656,0.511726,0.41799,10.00
0.072030,4.997861,0.510857,0.41775,10.00
0.072040,4.999012,0.509678,0.41763,10.00
0.072050,4.999737,0.508302,0.41758,10.00
0.072060,4.998966,0.507767,0.41867,10.00
0.072070,4.998203,0.508223,0.41925,10.00
0.072080,4.997481,0.509226,0.41955,10.00
0.072090,4.996816,0.510528,0.41969,10.00
0.072100,4.996462,0.511986,0.41974,10.00
0.072110,4.997137,0.512864,0.41900,10.00
0.072120,4.997828,0.513042,0.41859,10.00
0.072130,4.998512,0.512806,0.41837,10.00
0.072140,4.999175,0.512318,0.41825,10.00
0.072150,4.999575,0.511672,0.41819,10.00
0.072160,4.999022,0.511547,0.41888,10.00
0.072170,4.998484,0.512045,0.41924,10.00
0.072180,4.997982,0.512885,0.41942,10.00
0.072190,4.997525,0.513907,0.41950,10.00
0.072200,4.997526,0.515020,0.41952,10.00
0.072210,4.999179,0.515085,0.41828,10.00
0.072220,5.000792,0.513948,0.41762,10.00
0.072230,5.002326,0.512119,0.41728,10.00
0.072240,5.003759,0.509890,0.41713,10.00
0.072250,5.004752,0.507429,0.41708,10.00
0.072260,5.004350,0.505705,0.41807,10.00
0.072270,5.003898,0.504879,0.41863,10.00
0.072280,5.003425,0.504571,0.41893,10.00
0.072290,5.002950,0.504570,0.41910,10.00
0.072300,5.002284,0.504759,0.41919,10.00
0.072310,5.000857,0.505596,0.41984,10.00
0.072320,4.999494,0.507100,0.42017,10.00
0.072330,4.998216,0.508991,0.42032,10.00
0.072340,4.997037,0.511104,0.42038,10.00
0.072350,4.996069,0.513342,0.42038,10.00
0.072360,4.995630,0.515360,0.42002,10.00
0.072370,4.995276,0.517085,0.41980,10.00
0.072380,4.994996,0.518626,0.41965,10.00
0.072390,4.994784,0.520043,0.41955,10.00
0.072400,4.994702,0.521364,0.41947,10.00
0.072410,4.994946,0.522423,0.41919,10.00
0.072420,4.995228,0.523205,0.41902,10.00
0.072430,4.995540,0.523801,0.41892,10.00
0.072440,4.995873,0.524261,0.41885,10.00
0.072450,4.996381,0.524614,0.41879,10.00
0.072460,4.997525,0.524455,0.41827,10.00
0.072470,4.998642,0.523747,0.41799,10.00
0.072480,4.999711,0.522703,0.41785,10.00
0.072490,5.000721,0.521448,0.41779,10.00
0.072500,5.001805,0.520057,0.41776,10.00
0.072510,5.003362,0.518208,0.41735,10.00
0.072520,5.004815,0.515891,0.41716,10.00
0.072530,5.006148,0.513310,0.41709,10.00
0.072540,5.007354,0.510584,0.41709,10.00
0.072550,5.008285,0.507788,0.41713,10.00
0.072560,5.008525,0.505352,0.41763,10.00
0.072570,5.008666,0.503351,0.41793,10.00
0.072580,5.008723,0.501628,0.41812,10.00
0.072590,5.008707,0.500098,0.41826,10.00
0.072600,5.008881,0.498715,0.41836,10.00
0.072610,5.010001,0.496776,0.41767,10.00
0.072620,5.011008,0.494195,0.41734,10.00
0.072630,5.011885,0.491295,0.41721,10.00
0.072640,5.012621,0.488262,0.41720,10.00
0.072650,5.012811,0.485207,0.41725,10.00
0.072660,5.011272,0.483270,0.41855,10.00
0.072670,5.009688,0.482613,0.41928,10.00
0.072680,5.008105,0.482742,0.41968,10.00
0.072690,5.006549,0.483375,0.41991,10.00
0.072700,5.005254,0.484352,0.42003,10.00
0.072710,5.004863,0.485003,0.41945,10.00
0.072720,5.004490,0.485203,0.41914,10.00
0.072730,5.004121,0.485188,0.41898,10.00
0.072740,5.003750,0.485087,0.41891,10.00
0.072750,5.003453,0.484970,0.41888,10.00
0.072760,5.003455,0.484669,0.41864,10.00
0.072770,5.003439,0.484179,0.41853,10.00
0.072780,5.003397,0.483609,0.41848,10.00
0.072790,5.003329,0.483018,0.41847,10.00
0.072800,5.002992,0.482441,0.41848,10.00
0.072810,5.001672,0.482541,0.41923,10.00
0.072820,5.000384,0.483400,0.41963,10.00
0.072830,4.999155,0.484711,0.41984,10.00
0.072840,4.997999,0.486296,0.41993,10.00
0.072850,4.997146,0.488049,0.41996,10.00
0.072860,4.997248,0.489322,0.41929,10.00
0.072870,4.997391,0.490006,0.41892,10.00
0.072880,4.997555,0.490357,0.41872,10.00
0.072890,4.997728,0.490514,0.41860,10.00
0.072900,4.997609,0.490556,0.41854,10.00
0.072910,4.996332,0.491307,0.41939,10.00
0.072920,4.995119,0.492878,0.41983,10.00
0.072930,4.993995,0.494906,0.42004,10.00
0.072940,4.992977,0.497181,0.42012,10.00
0.072950,4.992382,0.499581,0.42012,10.00
0.072960,4.993129,0.501206,0.41915,10.00
0.072970,4.993920,0.501917,0.41861,10.00
0.072980,4.994724,0.502081,0.41831,10.00
0.072990,4.995521,0.501906,0.41814,10.00
0.073000,4.995981,0.501511,0.41805,10.00
0.073010,4.995154,0.501810,0.41896,10.00
0.073020,4.994369,0.502942,0.41944,10.00
0.073030,4.993652,0.504520,0.41966,10.00
0.073040,4.993017,0.506328,0.41976,10.00
0.073050,4.992637,0.508242,0.41978,10.00
0.073060,4.993005,0.509745,0.41925,10.00
0.073070,4.993424,0.510744,0.41895,10.00
0.073080,4.993878,0.511425,0.41876,10.00
0.073090,4.994354,0.511890,0.41865,10.00
0.073100,4.994829,0.512198,0.41858,10.00
0.073110,4.995247,0.512428,0.41857,10.00
0.073120,4.995672,0.512605,0.41856,10.00
0.073130,4.996101,0.512721,0.41855,10.00
0.073140,4.996532,0.512775,0.41853,10.00
0.073150,4.996782,0.512765,0.41851,10.00
0.073160,4.996320,0.513170,0.41904,10.00
0.073170,4.995892,0.514047,0.41931,10.00
0.073180,4.995514,0.515167,0.41943,10.00
0.073190,4.995191,0.516404,0.41947,10.00
0.073200,4.995220,0.517683,0.41947,10.00
0.073210,4.996455,0.518193,0.41858,10.00
0.073220,4.997683,0.517819,0.41809,10.00
0.073230,4.998872,0.516920,0.41783,10.00
0.073240,5.000006,0.515698,0.41770,10.00
0.073250,5.000981,0.514273,0.41764,10.00
0.073260,5.001518,0.512960,0.41791,10.00
0.073270,5.001999,0.511832,0.41806,10.00
0.073280,5.002429,0.510804,0.41816,10.00
0.073290,5.002812,0.509829,0.41822,10.00
0.073300,5.003038,0.508886,0.41827,10.00
0.073310,5.002782,0.508259,0.41864,10.00
0.073320,5.002510,0.507979,0.41885,10.00
0.073330,5.002231,0.507904,0.41896,10.00
0.073340,5.001954,0.507954,0.41902,10.00
0.073350,5.001762,0.508085,0.41906,10.00
0.073360,5.001889,0.508063,0.41884,10.00
0.073370,5.002008,0.507850,0.41873,10.00
0.073380,5.002114,0.507535,0.41867,10.00
0.073390,5.002204,0.507170,0.41865,10.00
0.073400,5.002340,0.506784,0.41864,10.00
0.073410,5.002708,0.506227,0.41846,10.00
0.073420,5.003043,0.505489,0.41837,10.00
0.073430,5.003341,0.504658,0.41833,10.00
0.073440,5.003599,0.503784,0.41833,10.00
0.073450,5.003806,0.502898,0.41834,10.00
0.073460,5.003938,0.502040,0.41839,10.00
0.073470,5.004032,0.501227,0.41843,10.00
0.073480,5.004090,0.500454,0.41846,10.00
0.073490,5.004113,0.499723,0.41850,10.00
0.073500,5.004157,0.499033,0.41853,10.00
0.073510,5.004375,0.498249,0.41840,10.00
0.073520,5.004553,0.497357,0.41835,10.00
0.073530,5.004689,0.496425,0.41834,10.00
0.073540,5.004782,0.495491,0.41836,10.00
0.073550,5.004835,0.494579,0.41838,10.00
0.073560,5.004860,0.493695,0.41840,10.00
0.073570,5.004845,0.492847,0.41843,10.00
0.073580,5.004794,0.492044,0.41847,10.00
0.073590,5.004707,0.491292,0.41850,10.00
0.073600,5.004565,0.490596,0.41853,10.00
0.073610,5.004301,0.490019,0.41864,10.00
0.073620,5.004016,0.489570,0.41871,10.00
0.073630,5.003714,0.489220,0.41876,10.00
0.073640,5.003400,0.488951,0.41879,10.00
0.073650,5.002967,0.488754,0.41882,10.00
0.073660,5.002093,0.488911,0.41918,10.00
0.073670,5.001242,0.489449,0.41937,10.00
0.073680,5.000425,0.490224,0.41946,10.00
0.073690,4.999652,0.491151,0.41951,10.00
0.073700,4.998919,0.492181,0.41952,10.00
0.073710,4.998204,0.493303,0.41955,10.00
0.073720,4.997544,0.494497,0.41954,10.00
0.073730,4.996943,0.495735,0.41953,10.00
0.073740,4.996402,0.496999,0.41950,10.00
0.073750,4.995932,0.498274,0.41947,10.00
0.073760,4.995566,0.499518,0.41940,10.00
0.073770,4.995256,0.500719,0.41935,10.00
0.073780,4.995002,0.501882,0.41930,10.00
0.073790,4.994800,0.503006,0.41926,10.00
0.073800,4.995002,0.504091,0.41921,10.00
0.073810,4.996641,0.504211,0.41812,10.00
0.073820,4.998246,0.503257,0.41754,10.00
0.073830,4.999783,0.501671,0.41724,10.00
0.073840,5.001229,0.499708,0.41710,10.00
0.073850,5.002162,0.497515,0.41705,10.00
0.073860,5.001370,0.496255,0.41827,10.00
0.073870,5.000557,0.496109,0.41893,10.00
0.073880,4.999759,0.496597,0.41928,10.00
0.073890,4.998998,0.497450,0.41946,10.00
0.073900,4.998396,0.498516,0.41955,10.00
0.073910,4.998289,0.499416,0.41925,10.00
0.073920,4.998215,0.500064,0.41908,10.00
0.073930,4.998166,0.500566,0.41898,10.00
0.073940,4.998138,0.500981,0.41892,10.00
0.073950,4.998312,0.501340,0.41888,10.00
0.073960,4.999225,0.501181,0.41831,10.00
0.073970,5.000110,0.500457,0.41801,10.00
0.073980,5.000949,0.499405,0.41786,10.00
0.073990,5.001730,0.498161,0.41779,10.00
0.074000,5.002255,0.496805,0.41777,10.00
0.074010,5.001952,0.495889,0.41835,10.00
0.074020,5.001624,0.495502,0.41867,10.00
0.074030,5.001288,0.495423,0.41885,10.00
0.074040,5.000957,0.495527,0.41895,10.00
0.074050,5.000826,0.495745,0.41900,10.00
0.074060,5.001465,0.495536,0.41846,10.00
0.074070,5.002076,0.494819,0.41818,10.00
0.074080,5.002643,0.493822,0.41804,10.00
0.074090,5.003159,0.492673,0.41798,10.00
0.074100,5.003412,0.491446,0.41797,10.00
0.074110,5.002799,0.490721,0.41859,10.00
0.074120,5.002173,0.490587,0.41893,10.00
0.074130,5.001554,0.490803,0.41912,10.00
0.074140,5.000954,0.491235,0.41922,10.00
0.074150,5.000406,0.491805,0.41927,10.00
0.074160,4.999990,0.492400,0.41921,10.00
0.074170,4.999604,0.492983,0.41918,10.00
0.074180,4.999245,0.493568,0.41916,10.00
0.074190,4.998915,0.494160,0.41914,10.00
0.074200,4.998634,0.494760,0.41912,10.00
0.074210,4.998461,0.495313,0.41904,10.00
0.074220,4.998313,0.495810,0.41899,10.00
0.074230,4.998187,0.496274,0.41896,10.00
0.074240,4.998082,0.496715,0.41894,10.00
0.074250,4.997869,0.497137,0.41892,10.00
0.074260,4.997175,0.497875,0.41928,10.00
0.074270,4.996527,0.498965,0.41945,10.00
0.074280,4.995938,0.500248,0.41953,10.00
0.074290,4.995412,0.501631,0.41955,10.00
0.074300,4.995144,0.503058,0.41954,10.00
0.074310,4.995694,0.504000,0.41895,10.00
0.074320,4.996268,0.504378,0.41863,10.00
0.074330,4.996846,0.504415,0.41844,10.00
0.074340,4.997417,0.504237,0.41834,10.00
0.074350,4.997951,0.503917,0.41828,10.00
0.074360,4.998371,0.503556,0.41832,10.00
0.074370,4.998774,0.503189,0.41834,10.00
0.074380,4.999157,0.502804,0.41836,10.00
0.074390,4.999520,0.502396,0.41837,10.00
0.074400,4.999986,0.501964,0.41837,10.00
0.074410,5.000915,0.501192,0.41802,10.00
0.074420,5.001793,0.500046,0.41784,10.00
0.074430,5.002608,0.498684,0.41776,10.00
0.074440,5.003355,0.497196,0.41774,10.00
0.074450,5.003993,0.495641,0.41775,10.00
0.074460,5.004416,0.494144,0.41788,10.00
0.074470,5.004772,0.492742,0.41797,10.00
0.074480,5.005065,0.491407,0.41804,10.00
0.074490,5.005297,0.490129,0.41810,10.00
0.074500,5.005534,0.488902,0.41815,10.00
0.074510,5.005957,0.487568,0.41802,10.00
0.074520,5.006314,0.486112,0.41798,10.00
0.074530,5.006602,0.484612,0.41798,10.00
0.074540,5.006820,0.483116,0.41801,10.00
0.074550,5.006862,0.481653,0.41805,10.00
0.074560,5.006411,0.480522,0.41842,10.00
0.074570,5.005921,0.479768,0.41864,10.00
0.074580,5.005407,0.479264,0.41877,10.00
0.074590,5.004877,0.478938,0.41886,10.00
0.074600,5.004398,0.478749,0.41892,10.00
0.074610,5.004152,0.478518,0.41878,10.00
0.074620,5.003895,0.478211,0.41872,10.00
0.074630,5.003624,0.477891,0.41870,10.00
0.074640,5.003340,0.477592,0.41870,10.00
0.074650,5.003047,0.477333,0.41871,10.00
0.074660,5.002749,0.477119,0.41873,10.00
0.074670,5.002444,0.476953,0.41874,10.00
0.074680,5.002134,0.476838,0.41876,10.00
0.074690,5.001822,0.476774,0.41877,10.00
0.074700,5.001267,0.476760,0.41879,10.00
0.074710,4.999763,0.477417,0.41951,10.00
0.074720,4.998318,0.478816,0.41989,10.00
0.074730,4.996955,0.480651,0.42007,10.00
0.074740,4.995689,0.482749,0.42015,10.00
0.074750,4.994492,0.485003,0.42016,10.00
0.074760,4.993262,0.487441,0.42025,10.00
0.074770,4.992154,0.490030,0.42026,10.00
0.074780,4.991170,0.492693,0.42023,10.00
0.074790,4.990312,0.495381,0.42017,10.00
0.074800,4.989666,0.498058,0.42010,10.00
0.074810,4.989486,0.500475,0.41977,10.00
0.074820,4.989408,0.502586,0.41956,10.00
0.074830,4.989419,0.504481,0.41940,10.00
0.074840,4.989512,0.506209,0.41929,10.00
0.074850,4.989829,0.507792,0.41919,10.00
0.074860,4.990809,0.508855,0.41867,10.00
0.074870,4.991816,0.509357,0.41837,10.00
0.074880,4.992830,0.509489,0.41819,10.00
0.074890,4.993839,0.509359,0.41808,10.00
0.074900,4.994576,0.509032,0.41801,10.00
0.074910,4.994290,0.509202,0.41871,10.00
0.074920,4.994030,0.509972,0.41907,10.00
0.074930,4.993815,0.511046,0.41924,10.00
0.074940,4.993654,0.512259,0.41931,10.00
0.074950,4.993654,0.513518,0.41932,10.00
0.074960,4.994118,0.514504,0.41900,10.00
0.074970,4.994615,0.515155,0.41881,10.00
0.074980,4.995133,0.515580,0.41869,10.00
0.074990,4.995663,0.515842,0.41862,10.00
0.075000,4.996279,0.515975,0.41856,10.00
0.075010,4.997208,0.515797,0.41829,10.00
0.075020,4.998116,0.515300,0.41815,10.00
0.075030,4.998991,0.514592,0.41807,10.00
0.075040,4.999826,0.513738,0.41803,10.00
0.075050,5.000925,0.512778,0.41801,10.00
0.075060,5.003192,0.510945,0.41711,10.00
0.075070,5.005339,0.508165,0.41666,10.00
0.075080,5.007333,0.504837,0.41645,10.00
0.075090,5.009159,0.501191,0.41638,10.00
0.075100,5.010424,0.497370,0.41639,10.00
0.075110,5.010010,0.494438,0.41756,10.00
0.075120,5.009495,0.492569,0.41822,10.00
0.075130,5.008916,0.491340,0.41860,10.00
0.075140,5.008296,0.490514,0.41883,10.00
0.075150,5.007761,0.489962,0.41897,10.00
0.075160,5.007648,0.489323,0.41874,10.00
0.075170,5.007501,0.488521,0.41863,10.00
0.075180,5.007317,0.487667,0.41860,10.00
0.075190,5.007096,0.486824,0.41860,10.00
0.075200,5.006802,0.486025,0.41862,10.00
0.075210,5.006332,0.485381,0.41876,10.00
0.075220,5.005840,0.484915,0.41884,10.00
0.075230,5.005334,0.484586,0.41891,10.00
0.075240,5.004817,0.484371,0.41895,10.00
0.075250,5.004205,0.484256,0.41899,10.00
0.075260,5.003232,0.484463,0.41928,10.00
0.075270,5.002282,0.485014,0.41944,10.00
0.075280,5.001368,0.485788,0.41952,10.00
0.075290,5.000498,0.486715,0.41956,10.00
0.075300,5.000068,0.487751,0.41958,10.00
0.075310,5.001228,0.487868,0.41845,10.00
0.075320,5.002357,0.486929,0.41785,10.00
0.075330,5.003422,0.485397,0.41755,10.00
0.075340,5.004401,0.483534,0.41741,10.00
0.075350,5.004802,0.481492,0.41736,10.00
0.075360,5.003195,0.480599,0.41877,10.00
0.075370,5.001594,0.481056,0.41953,10.00
0.075380,5.000044,0.482304,0.41993,10.00
0.075390,4.998571,0.484026,0.42014,10.00
0.075400,4.997380,0.486039,0.42023,10.00
0.075410,4.997031,0.487756,0.41971,10.00
0.075420,4.996749,0.489050,0.41942,10.00
0.075430,4.996520,0.490107,0.41925,10.00
0.075440,4.996336,0.491025,0.41914,10.00
0.075450,4.996245,0.491858,0.41907,10.00
0.075460,4.996399,0.492496,0.41887,10.00
0.075470,4.996576,0.492939,0.41875,10.00
0.075480,4.996768,0.493255,0.41868,10.00
0.075490,4.996971,0.493485,0.41864,10.00
0.075500,4.997047,0.493652,0.41861,10.00
0.075510,4.996595,0.494111,0.41897,10.00
0.075520,4.996177,0.494913,0.41916,10.00
0.075530,4.995802,0.495896,0.41925,10.00
0.075540,4.995476,0.496968,0.41928,10.00
0.075550,4.995282,0.498078,0.41927,10.00
0.075560,4.995458,0.498986,0.41902,10.00
0.075570,4.995668,0.499648,0.41887,10.00
0.075580,4.995902,0.500150,0.41878,10.00
0.075590,4.996154,0.500539,0.41872,10.00
0.075600,4.996183,0.500842,0.41868,10.00
0.075610,4.995286,0.501679,0.41933,10.00
0.075620,4.994450,0.503132,0.41966,10.00
0.075630,4.993693,0.504914,0.41981,10.00
0.075640,4.993026,0.506865,0.41987,10.00
0.075650,4.992497,0.508889,0.41986,10.00
0.075660,4.992238,0.510816,0.41970,10.00
0.075670,4.992064,0.512595,0.41958,10.00
0.075680,4.991968,0.514257,0.41949,10.00
0.075690,4.991945,0.515815,0.41941,10.00
0.075700,4.991974,0.517275,0.41934,10.00
0.075710,4.991999,0.518681,0.41932,10.00
0.075720,4.992087,0.520037,0.41928,10.00
0.075730,4.992235,0.521320,0.41923,10.00
0.075740,4.992437,0.522518,0.41918,10.00
0.075750,4.992575,0.523623,0.41912,10.00
0.075760,4.992303,0.524923,0.41940,10.00
0.075770,4.992099,0.526451,0.41952,10.00
0.075780,4.991967,0.528065,0.41955,10.00
0.075790,4.991910,0.529683,0.41954,10.00
0.075800,4.992165,0.531258,0.41950,10.00
0.075810,4.993428,0.532157,0.41876,10.00
0.075820,4.994705,0.532290,0.41834,10.00
0.075830,4.995968,0.531938,0.41811,10.00
0.075840,4.997199,0.531262,0.41798,10.00
0.075850,4.998299,0.530354,0.41790,10.00
0.075860,4.998994,0.529502,0.41812,10.00
0.075870,4.999650,0.528770,0.41824,10.00
0.075880,5.000272,0.528077,0.41831,10.00
0.075890,5.000860,0.527382,0.41834,10.00
0.075900,5.001543,0.526665,0.41836,10.00
0.075910,5.002705,0.525590,0.41801,10.00
0.075920,5.003802,0.524115,0.41783,10.00
0.075930,5.004820,0.522403,0.41775,10.00
0.075940,5.005751,0.520550,0.41772,10.00
0.075950,5.006438,0.518615,0.41773,10.00
0.075960,5.006431,0.517024,0.41820,10.00
0.075970,5.006363,0.515852,0.41847,10.00
0.075980,5.006250,0.514933,0.41863,10.00
0.075990,5.006101,0.514178,0.41873,10.00
0.076000,5.006280,0.513537,0.41880,10.00
0.076010,5.007844,0.512078,0.41782,10.00
0.076020,5.009308,0.509678,0.41733,10.00
0.076030,5.010640,0.506763,0.41710,10.00
0.076040,5.011827,0.503578,0.41702,10.00
0.076050,5.012663,0.500267,0.41703,10.00
0.076060,5.012573,0.497414,0.41764,10.00
0.076070,5.012371,0.495134,0.41801,10.00
0.076080,5.012077,0.493231,0.41825,10.00
0.076090,5.011705,0.491595,0.41841,10.00
0.076100,5.011373,0.490170,0.41853,10.00
0.076110,5.011403,0.488655,0.41832,10.00
0.076120,5.011359,0.486999,0.41825,10.00
0.076130,5.011239,0.485321,0.41824,10.00
0.076140,5.011045,0.483688,0.41827,10.00
0.076150,5.010672,0.482139,0.41832,10.00
0.076160,5.009809,0.480968,0.41869,10.00
0.076170,5.008909,0.480219,0.41891,10.00
0.076180,5.007987,0.479772,0.41906,10.00
0.076190,5.007056,0.479553,0.41915,10.00
0.076200,5.006088,0.479521,0.41922,10.00
0.076210,5.004987,0.479739,0.41937,10.00
0.076220,5.003907,0.480198,0.41946,10.00
0.076230,5.002858,0.480841,0.41951,10.00
0.076240,5.001846,0.481630,0.41954,10.00
0.076250,5.000789,0.482539,0.41956,10.00
0.076260,4.999423,0.483777,0.41982,10.00
0.076270,4.998130,0.485353,0.41995,10.00
0.076280,4.996920,0.487146,0.42001,10.00
0.076290,4.995801,0.489079,0.42002,10.00
0.076300,4.994891,0.491103,0.42000,10.00
0.076310,4.994525,0.492899,0.41965,10.00
0.076320,4.994234,0.494406,0.41944,10.00
0.076330,4.994008,0.495740,0.41930,10.00
0.076340,4.993840,0.496962,0.41921,10.00
0.076350,4.993734,0.498102,0.41915,10.00
0.076360,4.993709,0.499157,0.41907,10.00
0.076370,4.993730,0.500128,0.41901,10.00
0.076380,4.993793,0.501029,0.41896,10.00
0.076390,4.993895,0.501863,0.41892,10.00
0.076400,4.994190,0.502633,0.41888,10.00
0.076410,4.995137,0.502943,0.41840,10.00
0.076420,4.996078,0.502747,0.41813,10.00
0.076430,4.996997,0.502232,0.41798,10.00
0.076440,4.997883,0.501509,0.41791,10.00
0.076450,4.998605,0.500640,0.41787,10.00
0.076460,4.998798,0.499974,0.41820,10.00
0.076470,4.998968,0.499576,0.41839,10.00
0.076480,4.999123,0.499317,0.41849,10.00
0.076490,4.999267,0.499127,0.41854,10.00
0.076500,4.999400,0.498970,0.41857,10.00
0.076510,4.999512,0.498833,0.41859,10.00
0.076520,4.999618,0.498709,0.41861,10.00
0.076530,4.999718,0.498587,0.41862,10.00
0.076540,4.999812,0.498464,0.41862,10.00
0.076550,4.999834,0.498339,0.41863,10.00
0.076560,4.999590,0.498375,0.41882,10.00
0.076570,4.999354,0.498592,0.41892,10.00
0.076580,4.999132,0.498914,0.41897,10.00
0.076590,4.998928,0.499294,0.41899,10.00
0.076600,4.998781,0.499708,0.41900,10.00
0.076610,4.998802,0.500045,0.41889,10.00
0.076620,4.998835,0.500283,0.41883,10.00
0.076630,4.998878,0.500461,0.41879,10.00
0.076640,4.998927,0.500600,0.41877,10.00
0.076650,4.999016,0.500712,0.41875,10.00
0.076660,4.999243,0.500718,0.41865,10.00
0.076670,4.999466,0.500611,0.41859,10.00
0.076680,4.999681,0.500434,0.41856,10.00
0.076690,4.999886,0.500211,0.41854,10.00
0.076700,4.999884,0.499959,0.41853,10.00
0.076710,4.999103,0.500172,0.41908,10.00
0.076720,4.998351,0.500917,0.41937,10.00
0.076730,4.997645,0.501964,0.41952,10.00
0.076740,4.996995,0.503185,0.41958,10.00
0.076750,4.996820,0.504503,0.41960,10.00
0.076760,4.998337,0.504837,0.41842,10.00
0.076770,4.999830,0.504032,0.41779,10.00
0.076780,5.001259,0.502564,0.41746,10.00
0.076790,5.002604,0.500699,0.41730,10.00
0.076800,5.003515,0.498596,0.41724,10.00
0.076810,5.002996,0.497187,0.41817,10.00
0.076820,5.002441,0.496636,0.41869,10.00
0.076830,5.001878,0.496581,0.41897,10.00
0.076840,5.001323,0.496820,0.41913,10.00
0.076850,5.000882,0.497242,0.41921,10.00
0.076860,5.000840,0.497544,0.41898,10.00
0.076870,5.000806,0.497658,0.41886,10.00
0.076880,5.000774,0.497675,0.41880,10.00
0.076890,5.000742,0.497643,0.41877,10.00
0.076900,5.000655,0.497588,0.41875,10.00
0.076910,5.000359,0.497657,0.41889,10.00
0.076920,5.000071,0.497874,0.41897,10.00
0.076930,4.999797,0.498180,0.41901,10.00
0.076940,4.999539,0.498542,0.41902,10.00
0.076950,4.999409,0.498938,0.41903,10.00
0.076960,4.999726,0.499087,0.41872,10.00
0.076970,5.000039,0.498947,0.41856,10.00
0.076980,5.000339,0.498641,0.41847,10.00
0.076990,5.000622,0.498238,0.41843,10.00
0.077000,5.000817,0.497778,0.41841,10.00
0.077010,5.000732,0.497448,0.41859,10.00
0.077020,5.000638,0.497282,0.41869,10.00
0.077030,5.000538,0.497212,0.41875,10.00
0.077040,5.000438,0.497200,0.41878,10.00
0.077050,5.000237,0.497226,0.41880,10.00
0.077060,4.999639,0.497529,0.41909,10.00
0.077070,4.999066,0.498134,0.41925,10.00
0.077080,4.998529,0.498916,0.41932,10.00
0.077090,4.998032,0.499802,0.41936,10.00
0.077100,4.997756,0.500750,0.41936,10.00
0.077110,4.998218,0.501294,0.41886,10.00
0.077120,4.998689,0.501364,0.41858,10.00
0.077130,4.999154,0.501156,0.41844,10.00
0.077140,4.999601,0.500779,0.41836,10.00
0.077150,4.999909,0.500296,0.41832,10.00
0.077160,4.999725,0.500037,0.41863,10.00
0.077170,4.999540,0.500061,0.41880,10.00
0.077180,4.999361,0.500244,0.41889,10.00
0.077190,4.999193,0.500515,0.41893,10.00
0.077200,4.999055,0.500835,0.41895,10.00
0.077210,4.998987,0.501146,0.41892,10.00
0.077220,4.998933,0.501431,0.41890,10.00
0.077230,4.998892,0.501697,0.41888,10.00
0.077240,4.998863,0.501949,0.41887,10.00
0.077250,4.998986,0.502189,0.41886,10.00
0.077260,4.999677,0.502065,0.41845,10.00
0.077270,5.000347,0.501535,0.41824,10.00
0.077280,5.000982,0.500766,0.41813,10.00
0.077290,5.001576,0.499852,0.41808,10.00
0.077300,5.002040,0.498852,0.41806,10.00
0.077310,5.002125,0.498005,0.41830,10.00
0.077320,5.002177,0.497362,0.41843,10.00
0.077330,5.002203,0.496837,0.41851,10.00
0.077340,5.002208,0.496388,0.41856,10.00
0.077350,5.002081,0.495990,0.41860,10.00
0.077360,5.001498,0.495908,0.41894,10.00
0.077370,5.000924,0.496169,0.41912,10.00
0.077380,5.000370,0.496639,0.41922,10.00
0.077390,4.999843,0.497239,0.41927,10.00
0.077400,4.999482,0.497924,0.41929,10.00
0.077410,4.999681,0.498337,0.41892,10.00
0.077420,4.999888,0.498418,0.41872,10.00
0.077430,5.000093,0.498311,0.41861,10.00
0.077440,5.000288,0.498097,0.41856,10.00
0.077450,5.000532,0.497821,0.41853,10.00
0.077460,5.001002,0.497357,0.41835,10.00
0.077470,5.001444,0.496702,0.41826,10.00
0.077480,5.001850,0.495938,0.41822,10.00
0.077490,5.002219,0.495113,0.41821,10.00
0.077500,5.002398,0.494255,0.41821,10.00
0.077510,5.001953,0.493750,0.41864,10.00
0.077520,5.001498,0.493656,0.41888,10.00
0.077530,5.001049,0.493808,0.41901,10.00
0.077540,5.000613,0.494112,0.41908,10.00
0.077550,5.000051,0.494515,0.41911,10.00
0.077560,4.998945,0.495342,0.41953,10.00
0.077570,4.997894,0.496615,0.41974,10.00
0.077580,4.996914,0.498154,0.41985,10.00
0.077590,4.996013,0.499850,0.41988,10.00
0.077600,4.995466,0.501641,0.41988,10.00
0.077610,4.996071,0.502814,0.41911,10.00
0.077620,4.996705,0.503260,0.41868,10.00
0.077630,4.997345,0.503276,0.41844,10.00
0.077640,4.997974,0.503026,0.41831,10.00
0.077650,4.998435,0.502605,0.41824,10.00
0.077660,4.998285,0.502433,0.41861,10.00
0.077670,4.998138,0.502591,0.41881,10.00
0.077680,4.998004,0.502923,0.41891,10.00
0.077690,4.997888,0.503346,0.41896,10.00
0.077700,4.997760,0.503812,0.41898,10.00
0.077710,4.997522,0.504374,0.41907,10.00
0.077720,4.997314,0.505027,0.41911,10.00
0.077730,4.997138,0.505723,0.41912,10.00
0.077740,4.996994,0.506433,0.41912,10.00
0.077750,4.997034,0.507138,0.41911,10.00
0.077760,4.997700,0.507458,0.41867,10.00
0.077770,4.998364,0.507339,0.41843,10.00
0.077780,4.999012,0.506951,0.41830,10.00
0.077790,4.999635,0.506393,0.41823,10.00
0.077800,5.000181,0.505721,0.41819,10.00
0.077810,5.000517,0.505080,0.41830,10.00
0.077820,5.000823,0.504505,0.41837,10.00
0.077830,5.001103,0.503960,0.41841,10.00
0.077840,5.001358,0.503428,0.41843,10.00
0.077850,5.001336,0.502900,0.41845,10.00
0.077860,5.000301,0.502990,0.41916,10.00
0.077870,4.999295,0.503776,0.41954,10.00
0.077880,4.998342,0.504966,0.41973,10.00
0.077890,4.997453,0.506393,0.41982,10.00
0.077900,4.996965,0.507962,0.41986,10.00
0.077910,4.997843,0.508809,0.41895,10.00
0.077920,4.998729,0.508796,0.41845,10.00
0.077930,4.999597,0.508281,0.41819,10.00
0.077940,5.000428,0.507462,0.41805,10.00
0.077950,5.001299,0.506453,0.41798,10.00
0.077960,5.002454,0.505113,0.41771,10.00
0.077970,5.003534,0.503456,0.41759,10.00
0.077980,5.004529,0.501610,0.41754,10.00
0.077990,5.005432,0.499652,0.41753,10.00
0.078000,5.006201,0.497632,0.41755,10.00
0.078010,5.006723,0.495676,0.41770,10.00
0.078020,5.007157,0.493822,0.41780,10.00
0.078030,5.007507,0.492043,0.41788,10.00
0.078040,5.007777,0.490330,0.41795,10.00
0.078050,5.007892,0.488681,0.41801,10.00
0.078060,5.007635,0.487286,0.41828,10.00
0.078070,5.007323,0.486171,0.41845,10.00
0.078080,5.006968,0.485254,0.41857,10.00
0.078090,5.006577,0.484489,0.41865,10.00
0.078100,5.006085,0.483849,0.41871,10.00
0.078110,5.005287,0.483495,0.41896,10.00
0.078120,5.004486,0.483441,0.41910,10.00
0.078130,5.003691,0.483596,0.41919,10.00
0.078140,5.002912,0.483908,0.41924,10.00
0.078150,5.002192,0.484344,0.41928,10.00
0.078160,5.001648,0.484790,0.41919,10.00
0.078170,5.001126,0.485219,0.41915,10.00
0.078180,5.000626,0.485662,0.41913,10.00
0.078190,5.000149,0.486133,0.41912,10.00
0.078200,4.999833,0.486639,0.41911,10.00
0.078210,5.000080,0.486844,0.41873,10.00
0.078220,5.000325,0.486706,0.41852,10.00
0.078230,5.000557,0.486379,0.41842,10.00
0.078240,5.000771,0.485949,0.41837,10.00
0.078250,5.000659,0.485463,0.41835,10.00
0.078260,4.999334,0.485691,0.41918,10.00
0.078270,4.998049,0.486740,0.41962,10.00
0.078280,4.996832,0.488270,0.41985,10.00
0.078290,4.995698,0.490088,0.41995,10.00
0.078300,4.994784,0.492080,0.41999,10.00
0.078310,4.994470,0.493864,0.41964,10.00
0.078320,4.994230,0.495356,0.41943,10.00
0.078330,4.994054,0.496672,0.41929,10.00
0.078340,4.993935,0.497872,0.41921,10.00
0.078350,4.993905,0.498988,0.41914,10.00
0.078360,4.994063,0.499946,0.41899,10.00
0.078370,4.994259,0.500744,0.41889,10.00
0.078380,4.994487,0.501423,0.41882,10.00
0.078390,4.994743,0.502008,0.41877,10.00
0.078400,4.995075,0.502511,0.41873,10.00
0.078410,4.995636,0.502810,0.41855,10.00
0.078420,4.996202,0.502892,0.41845,10.00
0.078430,4.996764,0.502823,0.41838,10.00
0.078440,4.997318,0.502641,0.41834,10.00
0.078450,4.997898,0.502368,0.41832,10.00
0.078460,4.998616,0.501925,0.41820,10.00
0.078470,4.999305,0.501311,0.41813,10.00
0.078480,4.999960,0.500580,0.41810,10.00
0.078490,5.000577,0.499764,0.41809,10.00
0.078500,5.000910,0.498888,0.41809,10.00
0.078510,5.000251,0.498553,0.41875,10.00
0.078520,4.999599,0.498845,0.41911,10.00
0.078530,4.998973,0.499496,0.41930,10.00
0.078540,4.998385,0.500357,0.41939,10.00
0.078550,4.997942,0.501340,0.41943,10.00
0.078560,4.997935,0.502156,0.41917,10.00
0.078570,4.997959,0.502742,0.41902,10.00
0.078580,4.998005,0.503192,0.41894,10.00
0.078590,4.998069,0.503555,0.41888,10.00
0.078600,4.998087,0.503858,0.41885,10.00
0.078610,4.997882,0.504263,0.41899,10.00
0.078620,4.997699,0.504795,0.41905,10.00
0.078630,4.997544,0.505391,0.41908,10.00
0.078640,4.997417,0.506012,0.41908,10.00
0.078650,4.997404,0.506637,0.41907,10.00
0.078660,4.997753,0.507048,0.41883,10.00
0.078670,4.998111,0.507210,0.41869,10.00
0.078680,4.998471,0.507214,0.41861,10.00
0.078690,4.998826,0.507112,0.41856,10.00
0.078700,4.999040,0.506935,0.41854,10.00
0.078710,4.998720,0.507022,0.41888,10.00
0.078720,4.998415,0.507426,0.41906,10.00
0.078730,4.998134,0.508002,0.41915,10.00
0.078740,4.997884,0.508670,0.41919,10.00
0.078750,4.997669,0.509382,0.41920,10.00
0.078760,4.997497,0.510107,0.41919,10.00
0.078770,4.997358,0.510824,0.41917,10.00
0.078780,4.997253,0.511528,0.41915,10.00
0.078790,4.997179,0.512211,0.41913,10.00
0.078800,4.997127,0.512868,0.41910,10.00
0.078810,4.997072,0.513517,0.41910,10.00
0.078820,4.997046,0.514156,0.41909,10.00
0.078830,4.997049,0.514774,0.41907,10.00
0.078840,4.997079,0.515363,0.41905,10.00
0.078850,4.997370,0.515917,0.41903,10.00
0.078860,4.998613,0.515864,0.41836,10.00
0.078870,4.999828,0.515129,0.41800,10.00
0.078880,5.000992,0.513979,0.41781,10.00
0.078890,5.002091,0.512569,0.41772,10.00
0.078900,5.002679,0.510990,0.41768,10.00
0.078910,5.001466,0.510356,0.41886,10.00
0.078920,5.000263,0.510838,0.41950,10.00
0.078930,4.999106,0.511964,0.41983,10.00
0.078940,4.998016,0.513466,0.42000,10.00
0.078950,4.997371,0.515194,0.42007,10.00
0.078960,4.998251,0.516174,0.41910,10.00
0.078970,4.999144,0.516238,0.41857,10.00
0.078980,5.000021,0.515767,0.41828,10.00
0.078990,5.000862,0.514972,0.41813,10.00
0.079000,5.001569,0.513975,0.41805,10.00
0.079010,5.001871,0.513064,0.41826,10.00
0.079020,5.002135,0.512310,0.41838,10.00
0.079030,5.002366,0.511640,0.41845,10.00
0.079040,5.002566,0.511015,0.41850,10.00
0.079050,5.002618,0.510417,0.41853,10.00
0.079060,5.002166,0.510128,0.41888,10.00
0.079070,5.001713,0.510183,0.41907,10.00
0.079080,5.001271,0.510444,0.41917,10.00
0.079090,5.000847,0.510832,0.41923,10.00
0.079100,5.000595,0.511303,0.41925,10.00
0.079110,5.000960,0.511467,0.41886,10.00
0.079120,5.001321,0.511260,0.41864,10.00
0.079130,5.001664,0.510842,0.41853,10.00
0.079140,5.001983,0.510304,0.41848,10.00
0.079150,5.002262,0.509696,0.41845,10.00
0.079160,5.002459,0.509080,0.41848,10.00
0.079170,5.002628,0.508480,0.41851,10.00
0.079180,5.002769,0.507892,0.41853,10.00
0.079190,5.002883,0.507316,0.41854,10.00
0.079200,5.003024,0.506755,0.41856,10.00
0.079210,5.003348,0.506083,0.41844,10.00
0.079220,5.003637,0.505286,0.41838,10.00
0.079230,5.003886,0.504426,0.41836,10.00
0.079240,5.004095,0.503541,0.41836,10.00
0.079250,5.004414,0.502653,0.41838,10.00
0.079260,5.005294,0.501409,0.41798,10.00
0.079270,5.006101,0.499773,0.41779,10.00
0.079280,5.006824,0.497925,0.41771,10.00
0.079290,5.007457,0.495971,0.41770,10.00
0.079300,5.007755,0.493972,0.41771,10.00
0.079310,5.007012,0.492549,0.41840,10.00
0.079320,5.006227,0.491803,0.41879,10.00
0.079330,5.005424,0.491479,0.41902,10.00
0.079340,5.004619,0.491436,0.41915,10.00
0.079350,5.004082,0.491593,0.41923,10.00
0.079360,5.004589,0.491275,0.41858,10.00
0.079370,5.005063,0.490371,0.41824,10.00
0.079380,5.005484,0.489157,0.41808,10.00
0.079390,5.005844,0.487790,0.41801,10.00
0.079400,5.006039,0.486356,0.41800,10.00
0.079410,5.005776,0.485148,0.41828,10.00
0.079420,5.005468,0.484226,0.41845,10.00
0.079430,5.005125,0.483498,0.41856,10.00
0.079440,5.004755,0.482915,0.41864,10.00
0.079450,5.004135,0.482448,0.41869,10.00
0.079460,5.002602,0.482626,0.41935,10.00
0.079470,5.001105,0.483510,0.41971,10.00
0.079480,4.999667,0.484836,0.41990,10.00
0.079490,4.998304,0.486449,0.41999,10.00
0.079500,4.997029,0.488260,0.42003,10.00
0.079510,4.995852,0.490203,0.42004,10.00
0.079520,4.994772,0.492240,0.42002,10.00
0.079530,4.993791,0.494342,0.41999,10.00
0.079540,4.992911,0.496487,0.41995,10.00
0.079550,4.992422,0.498654,0.41991,10.00
0.079560,4.993173,0.500135,0.41908,10.00
0.079570,4.993965,0.500824,0.41862,10.00
0.079580,4.994771,0.501033,0.41836,10.00
0.079590,4.995574,0.500935,0.41821,10.00
0.079600,4.996075,0.500629,0.41813,10.00
0.079610,4.995422,0.500860,0.41885,10.00
0.079620,4.994803,0.501751,0.41923,10.00
0.079630,4.994237,0.503000,0.41941,10.00
0.079640,4.993736,0.504440,0.41949,10.00
0.079650,4.993621,0.505972,0.41952,10.00
0.079660,4.994822,0.506784,0.41866,10.00
0.079670,4.996029,0.506745,0.41819,10.00
0.079680,4.997214,0.506186,0.41793,10.00
0.079690,4.998358,0.505296,0.41779,10.00
0.079700,4.999391,0.504181,0.41772,10.00
0.079710,5.000129,0.503052,0.41784,10.00
0.079720,5.000813,0.501969,0.41792,10.00
0.079730,5.001445,0.500893,0.41797,10.00
0.079740,5.002026,0.499808,0.41800,10.00
0.079750,5.002624,0.498710,0.41803,10.00
0.079760,5.003442,0.497434,0.41787,10.00
0.079770,5.004194,0.495963,0.41780,10.00
0.079780,5.004872,0.494380,0.41778,10.00
0.079790,5.005473,0.492739,0.41779,10.00
0.079800,5.005708,0.491071,0.41781,10.00
0.079810,5.004730,0.490088,0.41862,10.00
0.079820,5.003735,0.489895,0.41907,10.00
0.079830,5.002750,0.490182,0.41931,10.00
0.079840,5.001791,0.490776,0.41945,10.00
0.079850,5.000870,0.491576,0.41952,10.00
0.079860,4.999999,0.492520,0.41956,10.00
0.079870,4.999178,0.493569,0.41957,10.00
0.079880,4.998410,0.494699,0.41957,10.00
0.079890,4.997699,0.495891,0.41956,10.00
0.079900,4.997197,0.497131,0.41955,10.00
0.079910,4.997344,0.498050,0.41913,10.00
0.079920,4.997521,0.498588,0.41889,10.00
0.079930,4.997716,0.498905,0.41876,10.00
0.079940,4.997920,0.499085,0.41869,10.00
0.079950,4.997995,0.499176,0.41864,10.00
0.079960,4.997545,0.499524,0.41897,10.00
0.079970,4.997123,0.500183,0.41914,10.00
0.079980,4.996738,0.501015,0.41922,10.00
0.079990,4.996395,0.501939,0.41925,10.00
0.080000,4.995893,0.502908,0.41926,10.00
0.080010,4.994638,0.504378,0.41979,10.00
0.080020,4.993471,0.506393,0.42005,10.00
0.080030,4.992409,0.508713,0.42017,10.00
0.080040,4.991463,0.511198,0.42021,10.00
0.080050,4.990771,0.513765,0.42019,10.00
0.080060,4.990730,0.516040,0.41979,10.00
0.080070,4.990782,0.517944,0.41955,10.00
0.080080,4.990913,0.519602,0.41939,10.00
0.080090,4.991113,0.521078,0.41927,10.00
0.080100,4.991496,0.522407,0.41918,10.00
0.080110,4.992407,0.523321,0.41879,10.00
0.080120,4.993342,0.523792,0.41855,10.00
0.080130,4.994286,0.523957,0.41841,10.00
0.080140,4.995227,0.523897,0.41832,10.00
0.080150,4.995979,0.523658,0.41826,10.00
0.080160,4.996020,0.523688,0.41869,10.00
0.080170,4.996072,0.524062,0.41891,10.00
0.080180,4.996146,0.524598,0.41901,10.00
0.080190,4.996246,0.525199,0.41905,10.00
0.080200,4.996567,0.525809,0.41906,10.00
0.080210,4.997678,0.525937,0.41853,10.00
0.080220,4.998774,0.525509,0.41824,10.00
0.080230,4.999835,0.524729,0.41808,10.00
0.080240,5.000849,0.523716,0.41800,10.00
0.080250,5.001914,0.522542,0.41796,10.00
0.080260,5.003335,0.521000,0.41766,10.00
0.080270,5.004669,0.519087,0.41751,10.00
0.080280,5.005903,0.516944,0.41745,10.00
0.080290,5.007031,0.514656,0.41744,10.00
0.080300,5.008094,0.512279,0.41745,10.00
0.080310,5.009229,0.509737,0.41736,10.00
0.080320,5.010240,0.507047,0.41734,10.00
0.080330,5.011122,0.504283,0.41737,10.00
0.080340,5.011874,0.501496,0.41741,10.00
0.080350,5.012390,0.498721,0.41748,10.00
0.080360,5.012360,0.496234,0.41783,10.00
0.080370,5.012228,0.494091,0.41805,10.00
0.080380,5.012006,0.492191,0.41821,10.00
0.080390,5.011704,0.490482,0.41833,10.00
0.080400,5.011122,0.488937,0.41842,10.00
0.080410,5.009656,0.488036,0.41905,10.00
0.080420,5.008177,0.487834,0.41942,10.00
0.080430,5.006708,0.488098,0.41963,10.00
0.080440,5.005267,0.488694,0.41975,10.00
0.080450,5.004144,0.489542,0.41983,10.00
0.080460,5.004161,0.489938,0.41914,10.00
0.080470,5.004179,0.489761,0.41878,10.00
0.080480,5.004180,0.489293,0.41860,10.00
0.080490,5.004155,0.488686,0.41852,10.00
0.080500,5.004086,0.488026,0.41849,10.00
0.080510,5.003923,0.487399,0.41853,10.00
0.080520,5.003735,0.486835,0.41856,10.00
0.080530,5.003523,0.486333,0.41859,10.00
0.080540,5.003292,0.485891,0.41862,10.00
0.080550,5.003012,0.485508,0.41865,10.00
0.080560,5.002599,0.485256,0.41875,10.00
0.080570,5.002179,0.485141,0.41882,10.00
0.080580,5.001760,0.485130,0.41886,10.00
0.080590,5.001344,0.485202,0.41889,10.00
0.080600,5.000908,0.485344,0.41891,10.00
0.080610,5.000377,0.485609,0.41900,10.00
0.080620,4.999863,0.485999,0.41905,10.00
0.080630,4.999373,0.486479,0.41907,10.00
0.080640,4.998908,0.487025,0.41909,10.00
0.080650,4.998535,0.487625,0.41909,10.00
0.080660,4.998441,0.488116,0.41892,10.00
0.080670,4.998367,0.488471,0.41883,10.00
0.080680,4.998306,0.488753,0.41878,10.00
0.080690,4.998258,0.488994,0.41875,10.00
0.080700,4.997949,0.489212,0.41873,10.00
0.080710,4.996584,0.490052,0.41943,10.00
0.080720,4.995284,0.491602,0.41980,10.00
0.080730,4.994072,0.493565,0.41998,10.00
0.080740,4.992962,0.495772,0.42006,10.00
0.080750,4.992104,0.498121,0.42008,10.00
0.080760,4.991923,0.500213,0.41968,10.00
0.080770,4.991828,0.501960,0.41945,10.00
0.080780,4.991806,0.503490,0.41930,10.00
0.080790,4.991850,0.504868,0.41920,10.00
0.080800,4.991921,0.506129,0.41912,10.00
0.080810,4.991922,0.507364,0.41914,10.00
0.080820,4.991980,0.508589,0.41913,10.00
0.080830,4.992091,0.509773,0.41910,10.00
0.080840,4.992254,0.510898,0.41906,10.00
0.080850,4.992736,0.511950,0.41902,10.00
0.080860,4.994323,0.512292,0.41827,10.00
0.080870,4.995896,0.511834,0.41785,10.00
0.080880,4.997426,0.510870,0.41762,10.00
0.080890,4.998896,0.509568,0.41750,10.00
0.080900,5.000202,0.508027,0.41744,10.00
0.080910,5.001064,0.506525,0.41765,10.00
0.080920,5.001859,0.505133,0.41777,10.00
0.080930,5.002587,0.503781,0.41785,10.00
0.080940,5.003252,0.502437,0.41790,10.00
0.080950,5.003841,0.501089,0.41794,10.00
0.080960,5.004324,0.499758,0.41800,10.00
0.080970,5.004745,0.498452,0.41805,10.00
0.080980,5.005105,0.497166,0.41809,10.00
0.080990,5.005406,0.495899,0.41813,10.00
0.081000,5.005562,0.494656,0.41817,10.00
0.081010,5.005325,0.493641,0.41843,10.00
0.081020,5.005049,0.492889,0.41859,10.00
0.081030,5.004746,0.492310,0.41868,10.00
0.081040,5.004422,0.491855,0.41875,10.00
0.081050,5.003860,0.491500,0.41879,10.00
0.081060,5.002415,0.491744,0.41941,10.00
0.081070,5.001007,0.492647,0.41974,10.00
0.081080,4.999659,0.493961,0.41992,10.00
0.081090,4.998383,0.495543,0.42000,10.00
0.081100,4.997249,0.497307,0.42004,10.00
0.081110,4.996434,0.499062,0.41989,10.00
0.081120,4.995701,0.500751,0.41980,10.00
0.081130,4.995047,0.502412,0.41973,10.00
0.081140,4.994470,0.504057,0.41968,10.00
0.081150,4.994455,0.505690,0.41963,10.00
0.081160,4.996424,0.506176,0.41832,10.00
0.081170,4.998367,0.505360,0.41761,10.00
0.081180,5.000242,0.503761,0.41723,10.00
0.081190,5.002022,0.501675,0.41704,10.00
0.081200,5.003157,0.499273,0.41695,10.00
0.081210,5.002072,0.497903,0.41831,10.00
0.081220,5.000966,0.497795,0.41905,10.00
0.081230,4.999882,0.498418,0.41944,10.00
0.081240,4.998843,0.499474,0.41965,10.00
0.081250,4.997871,0.500797,0.41976,10.00
0.081260,4.996990,0.502274,0.41979,10.00
0.081270,4.996182,0.503844,0.41979,10.00
0.081280,4.995452,0.505476,0.41978,10.00
0.081290,4.994800,0.507144,0.41975,10.00
0.081300,4.994534,0.508831,0.41972,10.00
0.081310,4.995556,0.509806,0.41889,10.00
0.081320,4.996593,0.509963,0.41842,10.00
0.081330,4.997619,0.509622,0.41817,10.00
0.081340,4.998615,0.508964,0.41803,10.00
0.081350,4.999465,0.508092,0.41795,10.00
0.081360,4.999850,0.507315,0.41819,10.00
0.081370,5.000202,0.506705,0.41832,10.00
0.081380,5.000528,0.506174,0.41839,10.00
0.081390,5.000829,0.505674,0.41843,10.00
0.081400,5.001142,0.505185,0.41845,10.00
0.081410,5.001572,0.504611,0.41838,10.00
0.081420,5.001971,0.503939,0.41834,10.00
0.081430,5.002336,0.503206,0.41833,10.00
0.081440,5.002665,0.502436,0.41833,10.00
0.081450,5.003030,0.501645,0.41834,10.00
0.081460,5.003644,0.500674,0.41816,10.00
0.081470,5.004207,0.499510,0.41808,10.00
0.081480,5.004711,0.498239,0.41804,10.00
0.081490,5.005153,0.496912,0.41804,10.00
0.081500,5.005322,0.495560,0.41806,10.00
0.081510,5.004605,0.494692,0.41863,10.00
0.081520,5.003867,0.494388,0.41895,10.00
0.081530,5.003129,0.494432,0.41912,10.00
0.081540,5.002403,0.494704,0.41923,10.00
0.081550,5.001765,0.495137,0.41929,10.00
0.081560,5.001421,0.495530,0.41914,10.00
0.081570,5.001093,0.495837,0.41907,10.00
0.081580,5.000780,0.496113,0.41903,10.00
0.081590,5.000481,0.496388,0.41901,10.00
0.081600,5.000302,0.496674,0.41900,10.00
0.081610,5.000557,0.496732,0.41872,10.00
0.081620,5.000806,0.496530,0.41857,10.00
0.081630,5.001040,0.496182,0.41849,10.00
0.081640,5.001255,0.495753,0.41846,10.00
0.081650,5.001636,0.495278,0.41844,10.00
0.081660,5.002729,0.494348,0.41796,10.00
0.081670,5.003760,0.492917,0.41771,10.00
0.081680,5.004713,0.491195,0.41759,10.00
0.081690,5.005579,0.489305,0.41754,10.00
0.081700,5.006287,0.487320,0.41754,10.00
0.081710,5.006643,0.485437,0.41773,10.00
0.081720,5.006917,0.483707,0.41785,10.00
0.081730,5.007114,0.482085,0.41794,10.00
0.081740,5.007239,0.480547,0.41802,10.00
0.081750,5.006895,0.479086,0.41808,10.00
0.081760,5.004908,0.478626,0.41917,10.00
0.081770,5.002942,0.479291,0.41977,10.00
0.081780,5.001036,0.480654,0.42010,10.00
0.081790,4.999213,0.482470,0.42027,10.00
0.081800,4.997724,0.484596,0.42036,10.00
0.081810,4.997274,0.486400,0.41979,10.00
0.081820,4.996894,0.487749,0.41947,10.00
0.081830,4.996569,0.488855,0.41929,10.00
0.081840,4.996293,0.489828,0.41918,10.00
0.081850,4.996068,0.490726,0.41912,10.00
0.081860,4.995916,0.491560,0.41905,10.00
0.081870,4.995801,0.492340,0.41900,10.00
0.081880,4.995721,0.493081,0.41897,10.00
0.081890,4.995674,0.493787,0.41894,10.00
0.081900,4.995607,0.494462,0.41892,10.00
0.081910,4.995362,0.495226,0.41903,10.00
0.081920,4.995156,0.496092,0.41908,10.00
0.081930,4.994992,0.497004,0.41909,10.00
0.081940,4.994871,0.497928,0.41908,10.00
0.081950,4.994561,0.498841,0.41907,10.00
0.081960,4.993387,0.500262,0.41964,10.00
0.081970,4.992299,0.502252,0.41992,10.00
0.081980,4.991316,0.504558,0.42005,10.00
0.081990,4.990447,0.507033,0.42009,10.00
0.082000,4.989704,0.509590,0.42009,10.00
0.082010,4.989110,0.512157,0.42003,10.00
0.082020,4.988635,0.514692,0.41997,10.00
0.082030,4.988276,0.517178,0.41990,10.00
0.082040,4.988029,0.519596,0.41983,10.00
0.082050,4.988079,0.521934,0.41975,10.00
0.082060,4.988973,0.523747,0.41919,10.00
0.082070,4.989928,0.524964,0.41886,10.00
0.082080,4.990922,0.525778,0.41865,10.00
0.082090,4.991940,0.526294,0.41852,10.00
0.082100,4.992845,0.526574,0.41842,10.00
0.082110,4.993259,0.526942,0.41867,10.00
0.082120,4.993693,0.527462,0.41879,10.00
0.082130,4.994150,0.528016,0.41883,10.00
0.082140,4.994629,0.528541,0.41883,10.00
0.082150,4.995229,0.529005,0.41882,10.00
0.082160,4.996242,0.529159,0.41853,10.00
0.082170,4.997248,0.528964,0.41837,10.00
0.082180,4.998233,0.528524,0.41827,10.00
0.082190,4.999189,0.527901,0.41821,10.00
0.082200,5.000242,0.527135,0.41818,10.00
0.082210,5.001775,0.525945,0.41781,10.00
0.082220,5.003235,0.524311,0.41762,10.00
0.082230,5.004606,0.522389,0.41753,10.00
0.082240,5.005878,0.520275,0.41749,10.00
0.082250,5.006886,0.518028,0.41749,10.00
0.082260,5.007158,0.516057,0.41791,10.00
0.082270,5.007349,0.514440,0.41816,10.00
0.082280,5.007472,0.513034,0.41831,10.00
0.082290,5.007535,0.511764,0.41841,10.00
0.082300,5.007699,0.510591,0.41847,10.00
0.082310,5.008425,0.509141,0.41813,10.00
0.082320,5.009072,0.507355,0.41797,10.00
0.082330,5.009630,0.505399,0.41790,10.00
0.082340,5.010094,0.503365,0.41789,10.00
0.082350,5.010474,0.501312,0.41791,10.00
0.082360,5.010798,0.499253,0.41793,10.00
0.082370,5.011028,0.497210,0.41797,10.00
0.082380,5.011166,0.495212,0.41801,10.00
0.082390,5.011214,0.493279,0.41807,10.00
0.082400,5.011319,0.491425,0.41813,10.00
0.082410,5.011909,0.489335,0.41783,10.00
0.082420,5.012393,0.486972,0.41770,10.00
0.082430,5.012763,0.484497,0.41767,10.00
0.082440,5.013019,0.482002,0.41769,10.00
0.082450,5.012929,0.479545,0.41773,10.00
0.082460,5.011814,0.477691,0.41839,10.00
0.082470,5.010640,0.476538,0.41878,10.00
0.082480,5.009432,0.475856,0.41902,10.00
0.082490,5.008209,0.475518,0.41917,10.00
0.082500,5.006809,0.475448,0.41927,10.00
0.082510,5.004734,0.475999,0.41979,10.00
0.082520,5.002711,0.477195,0.42008,10.00
0.082530,5.000764,0.478831,0.42024,10.00
0.082540,4.998910,0.480784,0.42032,10.00
0.082550,4.997476,0.482977,0.42036,10.00
0.082560,4.997405,0.484632,0.41957,10.00
0.082570,4.997390,0.485612,0.41913,10.00
0.082580,4.997408,0.486219,0.41890,10.00
0.082590,4.997447,0.486619,0.41876,10.00
0.082600,4.997536,0.486899,0.41869,10.00
0.082610,4.997772,0.487029,0.41856,10.00
0.082620,4.998008,0.487024,0.41849,10.00
0.082630,4.998241,0.486934,0.41845,10.00
0.082640,4.998468,0.486790,0.41843,10.00
0.082650,4.998615,0.486606,0.41842,10.00
0.082660,4.998474,0.486553,0.41859,10.00
0.082670,4.998336,0.486661,0.41868,10.00
0.082680,4.998207,0.486859,0.41873,10.00
0.082690,4.998088,0.487109,0.41876,10.00
0.082700,4.997875,0.487389,0.41877,10.00
0.082710,4.997252,0.487929,0.41905,10.00
0.082720,4.996664,0.488755,0.41919,10.00
0.082730,4.996122,0.489749,0.41926,10.00
0.082740,4.995630,0.490841,0.41929,10.00
0.082750,4.995453,0.491990,0.41929,10.00
0.082760,4.996358,0.492576,0.41862,10.00
0.082770,4.997266,0.492501,0.41825,10.00
0.082780,4.998155,0.492025,0.41805,10.00
0.082790,4.999011,0.491295,0.41794,10.00
0.082800,4.999409,0.490396,0.41789,10.00
0.082810,4.998118,0.490324,0.41892,10.00
0.082820,4.996859,0.491241,0.41947,10.00
0.082830,4.995664,0.492732,0.41976,10.00
0.082840,4.994552,0.494563,0.41990,10.00
0.082850,4.993786,0.496597,0.41996,10.00
0.082860,4.994112,0.498183,0.41933,10.00
0.082870,4.994493,0.499189,0.41898,10.00
0.082880,4.994907,0.499844,0.41878,10.00
0.082890,4.995342,0.500274,0.41865,10.00
0.082900,4.995800,0.500548,0.41858,10.00
0.082910,4.996302,0.500682,0.41850,10.00
0.082920,4.996805,0.500697,0.41846,10.00
0.082930,4.997303,0.500616,0.41842,10.00
0.082940,4.997793,0.500454,0.41840,10.00
0.082950,4.998238,0.500222,0.41838,10.00
0.082960,4.998533,0.500005,0.41846,10.00
0.082970,4.998819,0.499820,0.41850,10.00
0.082980,4.999095,0.499636,0.41851,10.00
0.082990,4.999360,0.499440,0.41852,10.00
0.083000,4.999736,0.499225,0.41852,10.00
0.083010,5.000573,0.498715,0.41822,10.00
0.083020,5.001373,0.497875,0.41806,10.00
0.083030,5.002126,0.496832,0.41798,10.00
0.083040,5.002824,0.495658,0.41795,10.00
0.083050,5.003221,0.494401,0.41794,10.00
0.083060,5.002603,0.493637,0.41855,10.00
0.083070,5.001970,0.493462,0.41889,10.00
0.083080,5.001342,0.493638,0.41908,10.00
0.083090,5.000732,0.494034,0.41918,10.00
0.083100,5.000298,0.494575,0.41924,10.00
0.083110,5.000491,0.494873,0.41888,10.00
0.083120,5.000688,0.494855,0.41869,10.00
0.083130,5.000878,0.494660,0.41859,10.00
0.083140,5.001055,0.494366,0.41854,10.00
0.083150,5.001052,0.494016,0.41852,10.00
0.083160,5.000383,0.494006,0.41892,10.00
0.083170,4.999730,0.494403,0.41914,10.00
0.083180,4.999104,0.495044,0.41926,10.00
0.083190,4.998515,0.495838,0.41932,10.00
0.083200,4.998192,0.496730,0.41934,10.00
0.083210,4.998797,0.497180,0.41879,10.00
0.083220,4.999406,0.497097,0.41848,10.00
0.083230,4.999998,0.496701,0.41832,10.00
0.083240,5.000564,0.496111,0.41823,10.00
0.083250,5.001103,0.495399,0.41819,10.00
0.083260,5.001626,0.494594,0.41816,10.00
0.083270,5.002108,0.493719,0.41815,10.00
0.083280,5.002548,0.492798,0.41815,10.00
0.083290,5.002942,0.491847,0.41816,10.00
0.083300,5.003143,0.490879,0.41817,10.00
0.083310,5.002717,0.490235,0.41856,10.00
0.083320,5.002274,0.489970,0.41878,10.00
0.083330,5.001828,0.489938,0.41890,10.00
0.083340,5.001386,0.490057,0.41897,10.00
0.083350,5.000983,0.490281,0.41901,10.00
0.083360,5.000701,0.490522,0.41897,10.00
0.083370,5.000431,0.490754,0.41895,10.00
0.083380,5.000173,0.490994,0.41894,10.00
0.083390,4.999927,0.491249,0.41893,10.00
0.083400,4.999645,0.491523,0.41893,10.00
0.083410,4.999182,0.491927,0.41905,10.00
0.083420,4.998744,0.492474,0.41911,10.00
0.083430,4.998335,0.493112,0.41914,10.00
0.083440,4.997958,0.493809,0.41915,10.00
0.083450,4.997820,0.494543,0.41916,10.00
0.083460,4.998518,0.494846,0.41864,10.00
0.083470,4.999211,0.494642,0.41836,10.00
0.083480,4.999884,0.494136,0.41821,10.00
0.083490,5.000525,0.493441,0.41813,10.00
0.083500,5.000875,0.492622,0.41809,10.00
0.083510,5.000184,0.492289,0.41871,10.00
0.083520,4.999499,0.492546,0.41904,10.00
0.083530,4.998838,0.493147,0.41922,10.00
0.083540,4.998214,0.493956,0.41931,10.00
0.083550,4.997644,0.494895,0.41935,10.00
0.083560,4.997169,0.495890,0.41934,10.00
0.083570,4.996742,0.496908,0.41933,10.00
0.083580,4.996363,0.497941,0.41931,10.00
0.083590,4.996033,0.498982,0.41929,10.00
0.083600,4.995779,0.500023,0.41927,10.00
0.083610,4.995681,0.500995,0.41917,10.00
0.083620,4.995625,0.501883,0.41911,10.00
0.083630,4.995608,0.502710,0.41907,10.00
0.083640,4.995628,0.503485,0.41903,10.00
0.083650,4.995681,0.504212,0.41900,10.00
0.083660,4.995767,0.504892,0.41897,10.00
0.083670,4.995882,0.505524,0.41894,10.00
0.083680,4.996024,0.506108,0.41891,10.00
0.083690,4.996190,0.506642,0.41889,10.00
0.083700,4.996490,0.507126,0.41886,10.00
0.083710,4.997253,0.507308,0.41856,10.00
0.083720,4.998010,0.507152,0.41839,10.00
0.083730,4.998750,0.506773,0.41829,10.00
0.083740,4.999465,0.506239,0.41823,10.00
0.083750,5.000209,0.505589,0.41820,10.00
0.083760,5.001150,0.504717,0.41804,10.00
0.083770,5.002041,0.503622,0.41795,10.00
0.083780,5.002873,0.502379,0.41791,10.00
0.083790,5.003643,0.501033,0.41790,10.00
0.083800,5.004211,0.499616,0.41790,10.00
0.083810,5.004178,0.498451,0.41825,10.00
0.083820,5.004102,0.497598,0.41845,10.00
0.083830,5.003992,0.496932,0.41856,10.00
0.083840,5.003856,0.496386,0.41864,10.00
0.083850,5.003462,0.495924,0.41868,10.00
0.083860,5.002118,0.496057,0.41931,10.00
0.083870,5.000805,0.496846,0.41964,10.00
0.083880,4.999545,0.498043,0.41982,10.00
0.083890,4.998353,0.499506,0.41992,10.00
0.083900,4.997709,0.501150,0.41996,10.00
0.083910,4.999000,0.501873,0.41881,10.00
0.083920,5.000285,0.501493,0.41818,10.00
0.083930,5.001529,0.500464,0.41785,10.00
0.083940,5.002708,0.499041,0.41767,10.00
0.083950,5.003672,0.497370,0.41759,10.00
0.083960,5.004000,0.495849,0.41790,10.00
0.083970,5.004265,0.494575,0.41808,10.00
0.083980,5.004476,0.493444,0.41818,10.00
0.083990,5.004636,0.492400,0.41826,10.00
0.084000,5.004738,0.491416,0.41831,10.00
0.084010,5.004749,0.490507,0.41838,10.00
0.084020,5.004720,0.489672,0.41843,10.00
0.084030,5.004656,0.488898,0.41847,10.00
0.084040,5.004558,0.488180,0.41850,10.00
0.084050,5.004463,0.487515,0.41853,10.00
0.084060,5.004477,0.486826,0.41848,10.00
0.084070,5.004457,0.486103,0.41846,10.00
0.084080,5.004405,0.485382,0.41846,10.00
0.084090,5.004322,0.484684,0.41848,10.00
0.084100,5.004046,0.484021,0.41850,10.00
0.084110,5.003108,0.483759,0.41892,10.00
0.084120,5.002176,0.483952,0.41915,10.00
0.084130,5.001265,0.484439,0.41929,10.00
0.084140,5.000386,0.485129,0.41936,10.00
0.084150,4.999499,0.485965,0.41941,10.00
0.084160,4.998472,0.487019,0.41954,10.00
0.084170,4.997503,0.488282,0.41961,10.00
0.084180,4.996599,0.489686,0.41965,10.00
0.084190,4.995766,0.491191,0.41965,10.00
0.084200,4.994998,0.492767,0.41965,10.00
0.084210,4.994268,0.494415,0.41965,10.00
0.084220,4.993617,0.496119,0.41964,10.00
0.084230,4.993047,0.497854,0.41962,10.00
0.084240,4.992560,0.499602,0.41959,10.00
0.084250,4.992124,0.501345,0.41956,10.00
0.084260,4.991652,0.503137,0.41959,10.00
0.084270,4.991265,0.504974,0.41958,10.00
0.084280,4.990963,0.506816,0.41956,10.00
0.084290,4.990746,0.508634,0.41952,10.00
0.084300,4.990663,0.510411,0.41947,10.00
0.084310,4.990864,0.512015,0.41930,10.00
0.084320,4.991132,0.513421,0.41918,10.00
0.084330,4.991457,0.514670,0.41909,10.00
0.084340,4.991835,0.515785,0.41902,10.00
0.084350,4.992530,0.516777,0.41895,10.00
0.084360,4.994338,0.517049,0.41823,10.00
0.084370,4.996127,0.516520,0.41782,10.00
0.084380,4.997869,0.515468,0.41759,10.00
0.084390,4.999545,0.514053,0.41747,10.00
0.084400,5.001075,0.512371,0.41740,10.00
0.084410,5.002249,0.510633,0.41753,10.00
0.084420,5.003340,0.508903,0.41760,10.00
0.084430,5.004347,0.507146,0.41765,10.00
0.084440,5.005269,0.505348,0.41769,10.00
0.084450,5.005864,0.503512,0.41772,10.00
0.084460,5.005432,0.502170,0.41834,10.00
0.084470,5.004958,0.501407,0.41868,10.00
0.084480,5.004462,0.500995,0.41888,10.00
0.084490,5.003955,0.500807,0.41899,10.00
0.084500,5.003283,0.500772,0.41906,10.00
0.084510,5.001972,0.501212,0.41951,10.00
0.084520,5.000701,0.502154,0.41975,10.00
0.084530,4.999488,0.503418,0.41988,10.00
0.084540,4.998344,0.504898,0.41994,10.00
0.084550,4.997302,0.506530,0.41997,10.00
0.084560,4.996441,0.508217,0.41991,10.00
0.084570,4.995662,0.509920,0.41987,10.00
0.084580,4.994963,0.511642,0.41983,10.00
0.084590,4.994347,0.513378,0.41979,10.00
0.084600,4.993951,0.515119,0.41976,10.00
0.084610,4.994185,0.516549,0.41938,10.00
0.084620,4.994472,0.517615,0.41915,10.00
0.084630,4.994799,0.518445,0.41902,10.00
0.084640,4.995158,0.519111,0.41893,10.00
0.084650,4.995638,0.519650,0.41887,10.00
0.084660,4.996517,0.519871,0.41858,10.00
0.084670,4.997393,0.519758,0.41842,10.00
0.084680,4.998253,0.519414,0.41832,10.00
0.084690,4.999089,0.518899,0.41826,10.00
0.084700,4.999935,0.518253,0.41823,10.00
0.084710,5.000912,0.517405,0.41810,10.00
0.084720,5.001840,0.516361,0.41804,10.00
0.084730,5.002713,0.515178,0.41800,10.00
0.084740,5.003525,0.513892,0.41799,10.00
0.084750,5.004072,0.512528,0.41799,10.00
0.084760,5.003757,0.511548,0.41849,10.00
0.084770,5.003414,0.511031,0.41877,10.00
0.084780,5.003056,0.510789,0.41892,10.00
0.084790,5.002694,0.510719,0.41901,10.00
0.084800,5.002688,0.510762,0.41906,10.00
0.084810,5.004081,0.510109,0.41823,10.00
0.084820,5.005415,0.508632,0.41779,10.00
0.084830,5.006661,0.506672,0.41757,10.00
0.084840,5.007805,0.504427,0.41746,10.00
0.084850,5.008608,0.502010,0.41743,10.00
0.084860,5.008398,0.499992,0.41798,10.00
0.084870,5.008112,0.498494,0.41830,10.00
0.084880,5.007768,0.497318,0.41850,10.00
0.084890,5.007379,0.496362,0.41862,10.00
0.084900,5.007124,0.495568,0.41870,10.00
0.084910,5.007515,0.494531,0.41835,10.00
0.084920,5.007847,0.493180,0.41818,10.00
0.084930,5.008111,0.491676,0.41811,10.00
0.084940,5.008305,0.490113,0.41809,10.00
0.084950,5.008188,0.488544,0.41810,10.00
0.084960,5.007065,0.487522,0.41871,10.00
0.084970,5.005919,0.487144,0.41906,10.00
0.084980,5.004774,0.487185,0.41926,10.00
0.084990,5.003643,0.487520,0.41938,10.00
0.085000,5.002683,0.488076,0.41946,10.00
0.085010,5.002324,0.488493,0.41916,10.00
0.085020,5.001979,0.488698,0.41900,10.00
0.085030,5.001642,0.488811,0.41892,10.00
0.085040,5.001311,0.488897,0.41889,10.00
0.085050,5.000967,0.488991,0.41888,10.00
0.085060,5.000556,0.489150,0.41892,10.00
0.085070,5.000157,0.489388,0.41895,10.00
0.085080,4.999771,0.489688,0.41896,10.00
0.085090,4.999403,0.490040,0.41897,10.00
0.085100,4.999352,0.490436,0.41898,10.00
0.085110,5.000499,0.490217,0.41826,10.00
0.085120,5.001609,0.489285,0.41788,10.00
0.085130,5.002660,0.487932,0.41768,10.00
0.085140,5.003637,0.486324,0.41758,10.00
0.085150,5.004180,0.484558,0.41754,10.00
0.085160,5.003243,0.483464,0.41839,10.00
0.085170,5.002286,0.483192,0.41886,10.00
0.085180,5.001335,0.483417,0.41912,10.00
0.085190,5.000407,0.483960,0.41927,10.00
0.085200,4.999518,0.484717,0.41935,10.00
0.085210,4.998683,0.485621,0.41939,10.00
0.085220,4.997896,0.486634,0.41941,10.00
0.085230,4.997161,0.487732,0.41941,10.00
0.085240,4.996481,0.488899,0.41941,10.00
0.085250,4.996076,0.490120,0.41941,10.00
0.085260,4.996584,0.490910,0.41887,10.00
0.085270,4.997112,0.491190,0.41857,10.00
0.085280,4.997640,0.491163,0.41841,10.00
0.085290,4.998160,0.490945,0.41832,10.00
0.085300,4.998564,0.490598,0.41827,10.00
0.085310,4.998556,0.490376,0.41848,10.00
0.085320,4.998543,0.490333,0.41859,10.00
0.085330,4.998531,0.490385,0.41865,10.00
0.085340,4.998523,0.490486,0.41868,10.00
0.085350,4.998389,0.490613,0.41870,10.00
0.085360,4.997743,0.491035,0.41902,10.00
0.085370,4.997129,0.491787,0.41919,10.00
0.085380,4.996557,0.492733,0.41928,10.00
0.085390,4.996034,0.493796,0.41932,10.00
0.085400,4.995709,0.494930,0.41933,10.00
0.085410,4.996010,0.495791,0.41898,10.00
0.085420,4.996339,0.496313,0.41878,10.00
0.085430,4.996685,0.496625,0.41866,10.00
0.085440,4.997038,0.496799,0.41859,10.00
0.085450,4.997540,0.496872,0.41855,10.00
0.085460,4.998612,0.496555,0.41817,10.00
0.085470,4.999651,0.495814,0.41796,10.00
0.085480,5.000645,0.494803,0.41785,10.00
0.085490,5.001583,0.493609,0.41780,10.00
0.085500,5.001844,0.492285,0.41777,10.00
0.085510,4.999613,0.492202,0.41924,10.00
0.085520,4.997431,0.493578,0.42004,10.00
0.085530,4.995347,0.495823,0.42046,10.00
0.085540,4.993389,0.498605,0.42068,10.00
0.085550,4.992047,0.501730,0.42077,10.00
0.085560,4.992712,0.504063,0.41968,10.00
0.085570,4.993450,0.505379,0.41907,10.00
0.085580,4.994227,0.506087,0.41872,10.00
0.085590,4.995021,0.506410,0.41852,10.00
0.085600,4.995736,0.506473,0.41840,10.00
0.085610,4.996115,0.506527,0.41852,10.00
0.085620,4.996497,0.506638,0.41858,10.00
0.085630,4.996882,0.506751,0.41860,10.00
0.085640,4.997270,0.506835,0.41860,10.00
0.085650,4.997719,0.506876,0.41859,10.00
0.085660,4.998403,0.506737,0.41844,10.00
0.085670,4.999073,0.506396,0.41835,10.00
0.085680,4.999719,0.505914,0.41830,10.00
0.085690,5.000338,0.505325,0.41827,10.00
0.085700,5.000858,0.504654,0.41825,10.00
0.085710,5.001078,0.504061,0.41841,10.00
0.085720,5.001274,0.503578,0.41849,10.00
0.085730,5.001449,0.503152,0.41854,10.00
0.085740,5.001604,0.502751,0.41856,10.00
0.085750,5.001710,0.502363,0.41858,10.00
0.085760,5.001680,0.502046,0.41867,10.00
0.085770,5.001638,0.501807,0.41871,10.00
0.085780,5.001587,0.501617,0.41874,10.00
0.085790,5.001528,0.501459,0.41876,10.00
0.085800,5.001707,0.501326,0.41877,10.00
0.085810,5.002839,0.500687,0.41820,10.00
0.085820,5.003921,0.499463,0.41790,10.00
0.085830,5.004932,0.497893,0.41774,10.00
0.085840,5.005861,0.496113,0.41767,10.00
0.085850,5.006505,0.494202,0.41765,10.00
0.085860,5.006285,0.492635,0.41812,10.00
0.085870,5.006008,0.491508,0.41839,10.00
0.085880,5.005689,0.490653,0.41855,10.00
0.085890,5.005338,0.489981,0.41865,10.00
0.085900,5.004545,0.489444,0.41872,10.00
0.085910,5.002087,0.489914,0.41976,10.00
0.085920,4.999694,0.491506,0.42033,10.00
0.085930,4.997405,0.493804,0.42064,10.00
0.085940,4.995243,0.496567,0.42080,10.00
0.085950,4.993279,0.499652,0.42087,10.00
0.085960,4.991675,0.502853,0.42077,10.00
0.085970,4.990225,0.506093,0.42069,10.00
0.085980,4.988929,0.509373,0.42063,10.00
0.085990,4.987789,0.512683,0.42057,10.00
0.086000,4.987253,0.516008,0.42050,10.00
0.086010,4.988636,0.518365,0.41937,10.00
0.086020,4.990087,0.519593,0.41873,10.00
0.086030,4.991566,0.520109,0.41835,10.00
0.086040,4.993049,0.520143,0.41813,10.00
0.086050,4.994324,0.519827,0.41799,10.00
0.086060,4.994809,0.519651,0.41836,10.00
0.086070,4.995292,0.519724,0.41854,10.00
0.086080,4.995780,0.519890,0.41862,10.00
0.086090,4.996273,0.520067,0.41866,10.00
0.086100,4.996955,0.520211,0.41866,10.00
0.086110,4.998368,0.519903,0.41821,10.00
0.086120,4.999745,0.519076,0.41796,10.00
0.086130,5.001068,0.517906,0.41783,10.00
0.086140,5.002325,0.516494,0.41775,10.00
0.086150,5.003423,0.514905,0.41771,10.00
0.086160,5.004102,0.513364,0.41790,10.00
0.086170,5.004712,0.511927,0.41801,10.00
0.086180,5.005255,0.510537,0.41807,10.00
0.086190,5.005733,0.509166,0.41812,10.00
0.086200,5.006254,0.507803,0.41816,10.00
0.086210,5.007136,0.506218,0.41793,10.00
0.086220,5.007934,0.504380,0.41783,10.00
0.086230,5.008642,0.502400,0.41779,10.00
0.086240,5.009254,0.500345,0.41779,10.00
0.086250,5.009640,0.498257,0.41781,10.00
0.086260,5.009424,0.496441,0.41814,10.00
0.086270,5.009137,0.494958,0.41835,10.00
0.086280,5.008790,0.493703,0.41848,10.00
0.086290,5.008392,0.492618,0.41857,10.00
0.086300,5.008347,0.491673,0.41864,10.00
0.086310,5.009827,0.490005,0.41776,10.00
0.086320,5.011200,0.487482,0.41731,10.00
0.086330,5.012438,0.484482,0.41710,10.00
0.086340,5.013527,0.481223,0.41701,10.00
0.086350,5.014098,0.477833,0.41700,10.00
0.086360,5.013091,0.475163,0.41788,10.00
0.086370,5.011993,0.473378,0.41839,10.00
0.086380,5.010835,0.472170,0.41870,10.00
0.086390,5.009639,0.471367,0.41890,10.00
0.086400,5.008192,0.470875,0.41903,10.00
0.086410,5.005834,0.471129,0.41967,10.00
0.086420,5.003520,0.472165,0.42003,10.00
0.086430,5.001279,0.473740,0.42024,10.00
0.086440,4.999131,0.475711,0.42036,10.00
0.086450,4.997303,0.477986,0.42043,10.00
0.086460,4.996432,0.480053,0.41997,10.00
0.086470,4.995648,0.481799,0.41971,10.00
0.086480,4.994943,0.483393,0.41957,10.00
0.086490,4.994311,0.484919,0.41948,10.00
0.086500,4.993710,0.486419,0.41943,10.00
0.086510,4.993021,0.487995,0.41948,10.00
0.086520,4.992410,0.489664,0.41949,10.00
0.086530,4.991879,0.491384,0.41949,10.00
0.086540,4.991429,0.493128,0.41947,10.00
0.086550,4.991200,0.494874,0.41944,10.00
0.086560,4.991600,0.496311,0.41908,10.00
0.086570,4.992052,0.497380,0.41887,10.00
0.086580,4.992545,0.498204,0.41873,10.00
0.086590,4.993067,0.498849,0.41864,10.00
0.086600,4.993540,0.499352,0.41858,10.00
0.086610,4.993747,0.499885,0.41870,10.00
0.086620,4.993980,0.500485,0.41875,10.00
0.086630,4.994239,0.501088,0.41877,10.00
0.086640,4.994524,0.501663,0.41876,10.00
0.086650,4.994952,0.502190,0.41874,10.00
0.086660,4.995875,0.502404,0.41844,10.00
0.086670,4.996794,0.502262,0.41827,10.00
0.086680,4.997694,0.501877,0.41816,10.00
0.086690,4.998568,0.501313,0.41810,10.00
0.086700,4.999276,0.500612,0.41807,10.00
0.086710,4.999419,0.500081,0.41836,10.00
0.086720,4.999545,0.499781,0.41851,10.00
0.086730,4.999660,0.499599,0.41859,10.00
0.086740,4.999768,0.499475,0.41863,10.00
0.086750,4.999730,0.499375,0.41866,10.00
0.086760,4.999132,0.499583,0.41900,10.00
0.086770,4.998556,0.500133,0.41918,10.00
0.086780,4.998014,0.500887,0.41927,10.00
0.086790,4.997512,0.501765,0.41932,10.00
0.086800,4.997267,0.502721,0.41934,10.00
0.086810,4.997907,0.503275,0.41884,10.00
0.086820,4.998555,0.503340,0.41857,10.00
0.086830,4.999194,0.503107,0.41842,10.00
0.086840,4.999815,0.502681,0.41833,10.00
0.086850,5.000429,0.502123,0.41828,10.00
0.086860,5.001089,0.501428,0.41821,10.00
0.086870,5.001711,0.500612,0.41817,10.00
0.086880,5.002291,0.499710,0.41816,10.00
0.086890,5.002825,0.498745,0.41815,10.00
0.086900,5.003308,0.497734,0.41815,10.00
0.086910,5.003724,0.496698,0.41817,10.00
0.086920,5.004091,0.495649,0.41819,10.00
0.086930,5.004408,0.494594,0.41821,10.00
0.086940,5.004676,0.493538,0.41823,10.00
0.086950,5.004849,0.492487,0.41825,10.00
0.086960,5.004794,0.491546,0.41838,10.00
0.086970,5.004700,0.490735,0.41846,10.00
0.086980,5.004573,0.490016,0.41852,10.00
0.086990,5.004415,0.489370,0.41856,10.00
0.087000,5.004012,0.488788,0.41859,10.00
0.087010,5.002727,0.488726,0.41913,10.00
0.087020,5.001461,0.489251,0.41943,10.00
0.087030,5.000235,0.490152,0.41960,10.00
0.087040,4.999063,0.491312,0.41969,10.00
0.087050,4.998070,0.492659,0.41974,10.00
0.087060,4.997603,0.493902,0.41949,10.00
0.087070,4.997190,0.494974,0.41936,10.00
0.087080,4.996824,0.495961,0.41928,10.00
0.087090,4.996503,0.496906,0.41923,10.00
0.087100,4.996189,0.497829,0.41919,10.00
0.087110,4.995770,0.498818,0.41926,10.00
0.087120,4.995400,0.499886,0.41928,10.00
0.087130,4.995081,0.500995,0.41928,10.00
0.087140,4.994815,0.502122,0.41927,10.00
0.087150,4.994430,0.503249,0.41925,10.00
0.087160,4.993424,0.504726,0.41963,10.00
0.087170,4.992501,0.506595,0.41982,10.00
0.087180,4.991673,0.508688,0.41990,10.00
0.087190,4.990947,0.510903,0.41992,10.00
0.087200,4.990606,0.513180,0.41992,10.00
0.087210,4.991471,0.514891,0.41924,10.00
0.087220,4.992389,0.515919,0.41885,10.00
0.087230,4.993338,0.516508,0.41862,10.00
0.087240,4.994300,0.516791,0.41848,10.00
0.087250,4.995000,0.516842,0.41839,10.00
0.087260,4.994655,0.517260,0.41893,10.00
0.087270,4.994345,0.518155,0.41921,10.00
0.087280,4.994084,0.519297,0.41934,10.00
0.087290,4.993879,0.520557,0.41940,10.00
0.087300,4.994049,0.521862,0.41941,10.00
0.087310,4.995516,0.522509,0.41867,10.00
0.087320,4.996983,0.522372,0.41826,10.00
0.087330,4.998423,0.521733,0.41802,10.00
0.087340,4.999817,0.520748,0.41789,10.00
0.087350,5.001274,0.519512,0.41781,10.00
0.087360,5.003139,0.517828,0.41748,10.00
0.087370,5.004907,0.515698,0.41731,10.00
0.087380,5.006561,0.513265,0.41722,10.00
0.087390,5.008092,0.510617,0.41718,10.00
0.087400,5.008974,0.507813,0.41717,10.00
0.087410,5.007685,0.505981,0.41838,10.00
0.087420,5.006352,0.505315,0.41905,10.00
0.087430,5.005016,0.505359,0.41943,10.00
0.087440,5.003700,0.505859,0.41964,10.00
0.087450,5.002886,0.506672,0.41976,10.00
0.087460,5.003947,0.506744,0.41876,10.00
0.087470,5.004979,0.505877,0.41823,10.00
0.087480,5.005951,0.504473,0.41795,10.00
0.087490,5.006845,0.502756,0.41781,10.00
0.087500,5.007515,0.500856,0.41775,10.00
0.087510,5.007547,0.499139,0.41805,10.00
0.087520,5.007509,0.497695,0.41823,10.00
0.087530,5.007410,0.496430,0.41835,10.00
0.087540,5.007259,0.495291,0.41843,10.00
0.087550,5.006979,0.494255,0.41849,10.00
0.087560,5.006342,0.493475,0.41872,10.00
0.087570,5.005681,0.492972,0.41886,10.00
0.087580,5.005006,0.492668,0.41895,10.00
0.087590,5.004324,0.492521,0.41901,10.00
0.087600,5.003835,0.492504,0.41906,10.00
0.087610,5.004112,0.492200,0.41865,10.00
0.087620,5.004364,0.491534,0.41844,10.00
0.087630,5.004578,0.490681,0.41834,10.00
0.087640,5.004751,0.489736,0.41830,10.00
0.087650,5.004861,0.488753,0.41828,10.00
0.087660,5.004859,0.487801,0.41833,10.00
0.087670,5.004815,0.486906,0.41837,10.00
0.087680,5.004732,0.486063,0.41840,10.00
0.087690,5.004612,0.485274,0.41844,10.00
0.087700,5.004348,0.484539,0.41847,10.00
0.087710,5.003614,0.484092,0.41875,10.00
0.087720,5.002872,0.483971,0.41892,10.00
0.087730,5.002134,0.484072,0.41902,10.00
0.087740,5.001408,0.484337,0.41908,10.00
0.087750,5.000581,0.484731,0.41912,10.00
0.087760,4.999304,0.485483,0.41943,10.00
0.087770,4.998076,0.486616,0.41959,10.00
0.087780,4.996914,0.488004,0.41969,10.00
0.087790,4.995824,0.489573,0.41973,10.00
0.087800,4.994975,0.491275,0.41975,10.00
0.087810,4.994841,0.492743,0.41939,10.00
0.087820,4.994766,0.493902,0.41918,10.00
0.087830,4.994738,0.494880,0.41906,10.00
0.087840,4.994751,0.495745,0.41899,10.00
0.087850,4.994835,0.496531,0.41893,10.00
0.087860,4.995083,0.497188,0.41882,10.00
0.087870,4.995355,0.497711,0.41875,10.00
0.087880,4.995648,0.498137,0.41870,10.00
0.087890,4.995956,0.498482,0.41866,10.00
0.087900,4.996187,0.498757,0.41864,10.00
0.087910,4.996074,0.499154,0.41882,10.00
0.087920,4.995985,0.499706,0.41891,10.00
0.087930,4.995923,0.500332,0.41895,10.00
0.087940,4.995890,0.500985,0.41896,10.00
0.087950,4.995754,0.501642,0.41896,10.00
0.087960,4.995119,0.502562,0.41925,10.00
0.087970,4.994537,0.503780,0.41940,10.00
0.087980,4.994018,0.505164,0.41947,10.00
0.087990,4.993567,0.506638,0.41949,10.00
0.088000,4.993307,0.508155,0.41949,10.00
0.088010,4.993596,0.509434,0.41920,10.00
0.088020,4.993933,0.510418,0.41903,10.00
0.088030,4.994307,0.511203,0.41892,10.00
0.088040,4.994711,0.511842,0.41884,10.00
0.088050,4.995167,0.512362,0.41879,10.00
0.088060,4.995751,0.512722,0.41868,10.00
0.088070,4.996344,0.512922,0.41861,10.00
0.088080,4.996940,0.512994,0.41856,10.00
0.088090,4.997534,0.512956,0.41852,10.00
0.088100,4.997977,0.512822,0.41850,10.00
0.088110,4.997844,0.512897,0.41880,10.00
0.088120,4.997723,0.513233,0.41895,10.00
0.088130,4.997621,0.513705,0.41903,10.00
0.088140,4.997544,0.514242,0.41907,10.00
0.088150,4.997546,0.514805,0.41908,10.00
0.088160,4.997788,0.515260,0.41895,10.00
0.088170,4.998046,0.515575,0.41887,10.00
0.088180,4.998314,0.515792,0.41882,10.00
0.088190,4.998589,0.515934,0.41879,10.00
0.088200,4.999116,0.516015,0.41877,10.00
0.088210,5.000628,0.515527,0.41818,10.00
0.088220,5.002091,0.514397,0.41786,10.00
0.088230,5.003485,0.512859,0.41769,10.00
0.088240,5.004795,0.511049,0.41760,10.00
0.088250,5.006031,0.509049,0.41755,10.00
0.088260,5.007245,0.506870,0.41749,10.00
0.088270,5.008351,0.504546,0.41747,10.00
0.088280,5.009343,0.502121,0.41748,10.00
0.088290,5.010218,0.499631,0.41750,10.00
0.088300,5.010868,0.497104,0.41753,10.00
0.088310,5.010974,0.494784,0.41781,10.00
0.088320,5.010982,0.492726,0.41799,10.00
0.088330,5.010902,0.490849,0.41811,10.00
0.088340,5.010741,0.489114,0.41820,10.00
0.088350,5.010338,0.487502,0.41827,10.00
0.088360,5.009206,0.486351,0.41872,10.00
0.088370,5.008041,0.485713,0.41898,10.00
0.088380,5.006864,0.485434,0.41915,10.00
0.088390,5.005686,0.485429,0.41926,10.00
0.088400,5.004459,0.485645,0.41933,10.00
0.088410,5.003014,0.486177,0.41953,10.00
0.088420,5.001608,0.487020,0.41964,10.00
0.088430,5.000254,0.488103,0.41971,10.00
0.088440,4.998960,0.489378,0.41976,10.00
0.088450,4.998098,0.490813,0.41979,10.00
0.088460,4.998744,0.491636,0.41898,10.00
0.088470,4.999403,0.491709,0.41854,10.00
0.088480,5.000050,0.491348,0.41830,10.00
0.088490,5.000669,0.490728,0.41818,10.00
0.088500,5.001066,0.489945,0.41811,10.00
0.088510,5.000686,0.489441,0.41850,10.00
0.088520,5.000296,0.489309,0.41872,10.00
0.088530,4.999908,0.489400,0.41884,10.00
0.088540,4.999529,0.489632,0.41890,10.00
0.088550,4.998992,0.489958,0.41894,10.00
0.088560,4.997788,0.490708,0.41935,10.00
0.088570,4.996637,0.491919,0.41958,10.00
0.088580,4.995554,0.493422,0.41969,10.00
0.088590,4.994550,0.495117,0.41975,10.00
0.088600,4.993617,0.496942,0.41978,10.00
0.088610,4.992713,0.498887,0.41981,10.00
0.088620,4.991905,0.500929,0.41982,10.00
0.088630,4.991195,0.503031,0.41980,10.00
0.088640,4.990585,0.505165,0.41978,10.00
0.088650,4.990381,0.507311,0.41975,10.00
0.088660,4.991481,0.508823,0.41902,10.00
0.088670,4.992623,0.509588,0.41861,10.00
0.088680,4.993782,0.509872,0.41836,10.00
0.088690,4.994938,0.509821,0.41822,10.00
0.088700,4.995783,0.509519,0.41812,10.00
0.088710,4.995438,0.509621,0.41872,10.00
0.088720,4.995114,0.510254,0.41904,10.00
0.088730,4.994829,0.511168,0.41919,10.00
0.088740,4.994591,0.512227,0.41927,10.00
0.088750,4.994752,0.513353,0.41929,10.00
0.088760,4.996336,0.513790,0.41851,10.00
0.088770,4.997909,0.513400,0.41808,10.00
0.088780,4.999442,0.512482,0.41783,10.00
0.088790,5.000917,0.511206,0.41769,10.00
0.088800,5.002061,0.509673,0.41761,10.00
0.088810,5.002107,0.508470,0.41815,10.00
0.088820,5.002111,0.507723,0.41844,10.00
0.088830,5.002090,0.507226,0.41860,10.00
0.088840,5.002049,0.506872,0.41869,10.00
0.088850,5.001911,0.506601,0.41874,10.00
0.088860,5.001430,0.506555,0.41896,10.00
0.088870,5.000955,0.506743,0.41908,10.00
0.088880,5.000496,0.507081,0.41915,10.00
0.088890,5.000056,0.507519,0.41918,10.00
0.088900,4.999665,0.508029,0.41920,10.00
0.088910,4.999393,0.508544,0.41916,10.00
0.088920,4.999146,0.509044,0.41914,10.00
0.088930,4.998922,0.509542,0.41912,10.00
0.088940,4.998723,0.510042,0.41911,10.00
0.088950,4.998372,0.510546,0.41910,10.00
0.088960,4.997361,0.511406,0.41947,10.00
0.088970,4.996404,0.512675,0.41967,10.00
0.088980,4.995517,0.514192,0.41977,10.00
0.088990,4.994707,0.515865,0.41982,10.00
0.089000,4.994263,0.517635,0.41983,10.00
0.089010,4.995019,0.518889,0.41919,10.00
0.089020,4.995811,0.519511,0.41883,10.00
0.089030,4.996616,0.519738,0.41862,10.00
0.089040,4.997420,0.519699,0.41850,10.00
0.089050,4.998401,0.519467,0.41842,10.00
0.089060,5.000107,0.518703,0.41795,10.00
0.089070,5.001753,0.517374,0.41769,10.00
0.089080,5.003321,0.515668,0.41755,10.00
0.089090,5.004797,0.513696,0.41747,10.00
0.089100,5.006058,0.511530,0.41743,10.00
0.089110,5.006768,0.509443,0.41767,10.00
0.089120,5.007384,0.507508,0.41781,10.00
0.089130,5.007912,0.505652,0.41790,10.00
0.089140,5.008355,0.503840,0.41796,10.00
0.089150,5.008851,0.502060,0.41801,10.00
0.089160,5.009803,0.500034,0.41775,10.00
0.089170,5.010651,0.497723,0.41763,10.00
0.089180,5.011386,0.495256,0.41758,10.00
0.089190,5.012003,0.492714,0.41758,10.00
0.089200,5.012287,0.490146,0.41760,10.00
0.089210,5.011607,0.488022,0.41812,10.00
0.089220,5.010850,0.486436,0.41843,10.00
0.089230,5.010034,0.485216,0.41862,10.00
0.089240,5.009174,0.484268,0.41875,10.00
0.089250,5.008297,0.483541,0.41885,10.00
0.089260,5.007460,0.482974,0.41889,10.00
0.089270,5.006605,0.482544,0.41893,10.00
0.089280,5.005738,0.482254,0.41897,10.00
0.089290,5.004866,0.482102,0.41902,10.00
0.089300,5.003975,0.482087,0.41905,10.00
0.089310,5.003014,0.482242,0.41913,10.00
0.089320,5.002069,0.482568,0.41919,10.00
0.089330,5.001148,0.483041,0.41923,10.00
0.089340,5.000256,0.483645,0.41926,10.00
0.089350,4.999398,0.484364,0.41928,10.00
0.089360,4.998576,0.485190,0.41930,10.00
0.089370,4.997798,0.486110,0.41932,10.00
0.089380,4.997067,0.487114,0.41932,10.00
0.089390,4.996388,0.488190,0.41933,10.00
0.089400,4.995737,0.489328,0.41933,10.00
0.089410,4.995048,0.490565,0.41938,10.00
0.089420,4.994420,0.491899,0.41940,10.00
0.089430,4.993858,0.493298,0.41940,10.00
0.089440,4.993363,0.494740,0.41939,10.00
0.089450,4.992806,0.496206,0.41938,10.00
0.089460,4.991802,0.497947,0.41965,10.00
0.089470,4.990891,0.499992,0.41978,10.00
0.089480,4.990083,0.502212,0.41983,10.00
0.089490,4.989381,0.504530,0.41985,10.00
0.089500,4.989020,0.506897,0.41983,10.00
0.089510,4.989682,0.508812,0.41929,10.00
0.089520,4.990411,0.510176,0.41898,10.00
0.089530,4.991188,0.511175,0.41878,10.00
0.089540,4.991999,0.511911,0.41866,10.00
0.089550,4.992744,0.512438,0.41857,10.00
0.089560,4.993149,0.512970,0.41870,10.00
0.089570,4.993577,0.513556,0.41875,10.00
0.089580,4.994030,0.514126,0.41877,10.00
0.089590,4.994505,0.514645,0.41876,10.00
0.089600,4.995000,0.515093,0.41873,10.00
0.089610,4.995512,0.515460,0.41871,10.00
0.089620,4.996035,0.515740,0.41868,10.00
0.089630,4.996566,0.515934,0.41865,10.00
0.089640,4.997102,0.516041,0.41863,10.00
0.089650,4.997739,0.516064,0.41860,10.00
0.089660,4.998776,0.515800,0.41835,10.00
0.089670,4.999786,0.515220,0.41821,10.00
0.089680,5.000760,0.514418,0.41813,10.00
0.089690,5.001688,0.513452,0.41808,10.00
0.089700,5.002600,0.512358,0.41805,10.00
0.089710,5.003591,0.511090,0.41796,10.00
0.089720,5.004517,0.509657,0.41791,10.00
0.089730,5.005369,0.508105,0.41789,10.00
0.089740,5.006145,0.506467,0.41789,10.00
0.089750,5.006655,0.504765,0.41790,10.00
0.089760,5.006349,0.503393,0.41832,10.00
0.089770,5.005994,0.502427,0.41856,10.00
0.089780,5.005604,0.501715,0.41870,10.00
0.089790,5.005189,0.501177,0.41879,10.00
0.089800,5.004862,0.500768,0.41885,10.00
0.089810,5.004948,0.500248,0.41866,10.00
0.089820,5.005005,0.499569,0.41857,10.00
0.089830,5.005029,0.498818,0.41853,10.00
0.089840,5.005018,0.498044,0.41852,10.00
0.089850,5.004995,0.497276,0.41852,10.00
0.089860,5.005028,0.496485,0.41848,10.00
0.089870,5.005023,0.495674,0.41848,10.00
0.089880,5.004983,0.494871,0.41848,10.00
0.089890,5.004907,0.494093,0.41850,10.00
0.089900,5.004611,0.493349,0.41852,10.00
0.089910,5.003551,0.493019,0.41895,10.00
0.089920,5.002496,0.493166,0.41919,10.00
0.089930,5.001460,0.493630,0.41933,10.00
0.089940,5.000457,0.494319,0.41942,10.00
0.089950,4.999811,0.495178,0.41947,10.00
0.089960,5.000458,0.495542,0.41881,10.00
0.089970,5.001100,0.495285,0.41845,10.00
0.089980,5.001717,0.494669,0.41826,10.00
0.089990,5.002298,0.493839,0.41816,10.00
0.090000,5.002669,0.492876,0.41811,10.00
0.090010,5.002339,0.492160,0.41845,10.00
0.090020,5.001987,0.491774,0.41865,10.00
0.090030,5.001625,0.491590,0.41876,10.00
0.090040,5.001261,0.491542,0.41882,10.00
0.090050,5.000815,0.491590,0.41886,10.00
0.090060,5.000042,0.491880,0.41907,10.00
0.090070,4.999294,0.492426,0.41919,10.00
0.090080,4.998578,0.493144,0.41926,10.00
0.090090,4.997902,0.493986,0.41930,10.00
0.090100,4.997111,0.494921,0.41932,10.00
0.090110,4.995742,0.496243,0.41967,10.00
0.090120,4.994452,0.497988,0.41986,10.00
0.090130,4.993254,0.500004,0.41995,10.00
0.090140,4.992158,0.502198,0.42000,10.00
0.090150,4.991377,0.504514,0.42001,10.00
0.090160,4.991518,0.506500,0.41955,10.00
0.090170,4.991737,0.508061,0.41929,10.00
0.090180,4.992018,0.509353,0.41912,10.00
0.090190,4.992351,0.510460,0.41902,10.00
0.090200,4.992919,0.511423,0.41894,10.00
0.090210,4.994275,0.511887,0.41847,10.00
0.090220,4.995631,0.511804,0.41820,10.00
0.090230,4.996965,0.511345,0.41804,10.00
0.090240,4.998265,0.510610,0.41794,10.00
0.090250,4.999462,0.509658,0.41787,10.00
0.090260,5.000379,0.508642,0.41796,10.00
0.090270,5.001245,0.507608,0.41800,10.00
0.090280,5.002059,0.506527,0.41802,10.00
0.090290,5.002819,0.505388,0.41803,10.00
0.090300,5.003531,0.504192,0.41804,10.00
0.090310,5.004218,0.502925,0.41802,10.00
0.090320,5.004843,0.501593,0.41802,10.00
0.090330,5.005403,0.500213,0.41803,10.00
0.090340,5.005898,0.498798,0.41804,10.00
0.090350,5.006014,0.497362,0.41806,10.00
0.090360,5.004839,0.496533,0.41875,10.00
0.090370,5.003652,0.496419,0.41914,10.00
0.090380,5.002478,0.496760,0.41936,10.00
0.090390,5.001334,0.497410,0.41949,10.00
0.090400,5.000436,0.498284,0.41957,10.00
0.090410,5.000397,0.498924,0.41917,10.00
0.090420,5.000378,0.499231,0.41896,10.00
0.090430,5.000368,0.499360,0.41885,10.00
0.090440,5.000360,0.499396,0.41879,10.00
0.090450,5.000051,0.499383,0.41876,10.00
0.090460,4.998548,0.499945,0.41939,10.00
0.090470,4.997098,0.501190,0.41974,10.00
0.090480,4.995723,0.502862,0.41993,10.00
0.090490,4.994438,0.504814,0.42003,10.00
0.090500,4.993464,0.506957,0.42007,10.00
0.090510,4.993424,0.508818,0.41963,10.00
0.090520,4.993459,0.510292,0.41938,10.00
0.090530,4.993552,0.511531,0.41923,10.00
0.090540,4.993698,0.512616,0.41914,10.00
0.090550,4.994009,0.513587,0.41907,10.00
0.090560,4.994834,0.514227,0.41876,10.00
0.090570,4.995675,0.514509,0.41858,10.00
0.090580,4.996517,0.514540,0.41846,10.00
0.090590,4.997352,0.514383,0.41839,10.00
0.090600,4.998154,0.514074,0.41834,10.00
0.090610,4.998867,0.513671,0.41834,10.00
0.090620,4.999556,0.513194,0.41833,10.00
0.090630,5.000218,0.512641,0.41833,10.00
0.090640,5.000850,0.512016,0.41832,10.00
0.090650,5.001514,0.511321,0.41831,10.00
0.090660,5.002403,0.510434,0.41816,10.00
0.090670,5.003241,0.509340,0.41808,10.00
0.090680,5.004022,0.508104,0.41804,10.00
0.090690,5.004740,0.506767,0.41802,10.00
0.090700,5.005307,0.505357,0.41802,10.00
0.090710,5.005468,0.504061,0.41821,10.00
0.090720,5.005574,0.502923,0.41832,10.00
0.090730,5.005631,0.501884,0.41839,10.00
0.090740,5.005643,0.500914,0.41844,10.00
0.090750,5.005377,0.499998,0.41847,10.00
0.090760,5.004148,0.499594,0.41901,10.00
0.090770,5.002923,0.499775,0.41931,10.00
0.090780,5.001723,0.500339,0.41949,10.00
0.090790,5.000561,0.501172,0.41959,10.00
0.090800,4.999562,0.502206,0.41965,10.00
0.090810,4.999067,0.503175,0.41944,10.00
0.090820,4.998614,0.504013,0.41933,10.00
0.090830,4.998200,0.504798,0.41927,10.00
0.090840,4.997823,0.505567,0.41924,10.00
0.090850,4.997425,0.506337,0.41922,10.00
0.090860,4.996838,0.507227,0.41932,10.00
0.090870,4.996298,0.508256,0.41938,10.00
0.090880,4.995810,0.509373,0.41940,10.00
0.090890,4.995376,0.510544,0.41940,10.00
0.090900,4.995021,0.511749,0.41940,10.00
0.090910,4.994811,0.512927,0.41934,10.00
0.090920,4.994653,0.514060,0.41930,10.00
0.090930,4.994547,0.515155,0.41926,10.00
0.090940,4.994490,0.516215,0.41923,10.00
0.090950,4.994648,0.517237,0.41920,10.00
0.090960,4.995510,0.517891,0.41881,10.00
0.090970,4.996385,0.518120,0.41859,10.00
0.090980,4.997259,0.518062,0.41846,10.00
0.090990,4.998120,0.517796,0.41837,10.00
0.091000,4.999305,0.517369,0.41832,10.00
0.091010,5.001823,0.516133,0.41754,10.00
0.091020,5.004248,0.513998,0.41712,10.00
0.091030,5.006548,0.511275,0.41688,10.00
0.091040,5.008702,0.508145,0.41676,10.00
0.091050,5.010155,0.504723,0.41670,10.00
0.091060,5.009303,0.502144,0.41783,10.00
0.091070,5.008369,0.500635,0.41847,10.00
0.091080,5.007389,0.499776,0.41883,10.00
0.091090,5.006387,0.499339,0.41904,10.00
0.091100,5.005689,0.499198,0.41918,10.00
0.091110,5.006224,0.498673,0.41860,10.00
0.091120,5.006717,0.497624,0.41830,10.00
0.091130,5.007152,0.496292,0.41815,10.00
0.091140,5.007520,0.494812,0.41809,10.00
0.091150,5.007406,0.493260,0.41806,10.00
0.091160,5.005594,0.492490,0.41895,10.00
0.091170,5.003784,0.492661,0.41944,10.00
0.091180,5.002006,0.493440,0.41973,10.00
0.091190,5.000284,0.494641,0.41989,10.00
0.091200,4.998923,0.496154,0.42000,10.00
0.091210,4.998785,0.497346,0.41944,10.00
0.091220,4.998689,0.498079,0.41914,10.00
0.091230,4.998620,0.498566,0.41898,10.00
0.091240,4.998568,0.498920,0.41889,10.00
0.091250,4.998511,0.499203,0.41884,10.00
0.091260,4.998385,0.499485,0.41886,10.00
0.091270,4.998274,0.499789,0.41887,10.00
0.091280,4.998177,0.500108,0.41887,10.00
0.091290,4.998095,0.500433,0.41887,10.00
0.091300,4.998232,0.500762,0.41886,10.00
0.091310,4.999189,0.500693,0.41843,10.00
0.091320,5.000124,0.500159,0.41819,10.00
0.091330,5.001022,0.499332,0.41805,10.00
0.091340,5.001873,0.498308,0.41798,10.00
0.091350,5.002401,0.497146,0.41794,10.00
0.091360,5.001808,0.496406,0.41850,10.00
0.091370,5.001200,0.496199,0.41880,10.00
0.091380,5.000594,0.496315,0.41897,10.00
0.091390,5.000002,0.496638,0.41907,10.00
0.091400,4.999183,0.497102,0.41912,10.00
0.091410,4.997410,0.498153,0.41969,10.00
0.091420,4.995710,0.499847,0.41999,10.00
0.091430,4.994107,0.501956,0.42016,10.00
0.091440,4.992615,0.504346,0.42024,10.00
0.091450,4.991710,0.506935,0.42028,10.00
0.091460,4.992767,0.508763,0.41931,10.00
0.091470,4.993876,0.509642,0.41876,10.00
0.091480,4.995002,0.509934,0.41845,10.00
0.091490,4.996125,0.509840,0.41827,10.00
0.091500,4.996931,0.509470,0.41816,10.00
0.091510,4.996527,0.509470,0.41872,10.00
0.091520,4.996140,0.509977,0.41901,10.00
0.091530,4.995786,0.510762,0.41917,10.00
0.091540,4.995473,0.511698,0.41924,10.00
0.091550,4.995301,0.512714,0.41927,10.00
0.091560,4.995554,0.513585,0.41908,10.00
0.091570,4.995838,0.514253,0.41896,10.00
0.091580,4.996148,0.514783,0.41889,10.00
0.091590,4.996478,0.515209,0.41884,10.00
0.091600,4.997008,0.515548,0.41880,10.00
0.091610,4.998283,0.515451,0.41838,10.00
0.091620,4.999533,0.514866,0.41814,10.00
0.091630,5.000742,0.513953,0.41800,10.00
0.091640,5.001897,0.512806,0.41792,10.00
0.091650,5.003013,0.511480,0.41787,10.00
0.091660,5.004147,0.509971,0.41780,10.00
0.091670,5.005204,0.508298,0.41776,10.00
0.091680,5.006176,0.506501,0.41775,10.00
0.091690,5.007060,0.504610,0.41774,10.00
0.091700,5.007476,0.502648,0.41775,10.00
0.091710,5.006317,0.501361,0.41856,10.00
0.091720,5.005129,0.500887,0.41901,10.00
0.091730,5.003939,0.500925,0.41927,10.00
0.091740,5.002766,0.501309,0.41942,10.00
0.091750,5.001876,0.501945,0.41951,10.00
0.091760,5.002023,0.502289,0.41904,10.00
0.091770,5.002172,0.502224,0.41879,10.00
0.091780,5.002312,0.501938,0.41866,10.00
0.091790,5.002434,0.501535,0.41860,10.00
0.091800,5.002546,0.501070,0.41856,10.00
0.091810,5.002674,0.500557,0.41853,10.00
0.091820,5.002777,0.500012,0.41852,10.00
0.091830,5.002854,0.499455,0.41852,10.00
0.091840,5.002906,0.498898,0.41852,10.00
0.091850,5.003090,0.498349,0.41853,10.00
0.091860,5.003869,0.497510,0.41822,10.00
0.091870,5.004597,0.496337,0.41805,10.00
0.091880,5.005263,0.494964,0.41797,10.00
0.091890,5.005860,0.493471,0.41793,10.00
0.091900,5.006408,0.491906,0.41792,10.00
0.091910,5.006976,0.490254,0.41788,10.00
0.091920,5.007465,0.488530,0.41787,10.00
0.091930,5.007872,0.486770,0.41787,10.00
0.091940,5.008197,0.485002,0.41789,10.00
0.091950,5.008274,0.483243,0.41792,10.00
0.091960,5.007613,0.481830,0.41830,10.00
0.091970,5.006902,0.480830,0.41853,10.00
0.091980,5.006158,0.480114,0.41868,10.00
0.091990,5.005390,0.479613,0.41877,10.00
0.092000,5.004714,0.479286,0.41884,10.00
0.092010,5.004450,0.478909,0.41868,10.00
0.092020,5.004167,0.478431,0.41860,10.00
0.092030,5.003863,0.477933,0.41857,10.00
0.092040,5.003538,0.477456,0.41857,10.00
0.092050,5.003162,0.477025,0.41858,10.00
0.092060,5.002643,0.476712,0.41867,10.00
0.092070,5.002116,0.476535,0.41873,10.00
0.092080,5.001586,0.476470,0.41877,10.00
0.092090,5.001058,0.476502,0.41881,10.00
0.092100,5.000433,0.476621,0.41883,10.00
0.092110,4.999409,0.477021,0.41907,10.00
0.092120,4.998416,0.477726,0.41921,10.00
0.092130,4.997466,0.478646,0.41929,10.00
0.092140,4.996567,0.479726,0.41934,10.00
0.092150,4.995674,0.480929,0.41937,10.00
0.092160,4.994648,0.482326,0.41948,10.00
0.092170,4.993695,0.483915,0.41955,10.00
0.092180,4.992822,0.485636,0.41958,10.00
0.092190,4.992034,0.487453,0.41958,10.00
0.092200,4.991647,0.489338,0.41958,10.00
0.092210,4.992588,0.490669,0.41892,10.00
0.092220,4.993564,0.491327,0.41854,10.00
0.092230,4.994555,0.491556,0.41832,10.00
0.092240,4.995542,0.491492,0.41819,10.00
0.092250,4.996288,0.491209,0.41811,10.00
0.092260,4.996111,0.491190,0.41853,10.00
0.092270,4.995945,0.491534,0.41875,10.00
0.092280,4.995801,0.492072,0.41886,10.00
0.092290,4.995685,0.492710,0.41891,10.00
0.092300,4.995537,0.493395,0.41894,10.00
0.092310,4.995171,0.494218,0.41907,10.00
0.092320,4.994849,0.495180,0.41914,10.00
0.092330,4.994574,0.496217,0.41917,10.00
0.092340,4.994348,0.497292,0.41917,10.00
0.092350,4.994104,0.498379,0.41917,10.00
0.092360,4.993637,0.499596,0.41930,10.00
0.092370,4.993231,0.500952,0.41936,10.00
0.092380,4.992891,0.502380,0.41938,10.00
0.092390,4.992618,0.503840,0.41938,10.00
0.092400,4.992656,0.505305,0.41936,10.00
0.092410,4.993717,0.506295,0.41884,10.00
0.092420,4.994802,0.506719,0.41853,10.00
0.092430,4.995890,0.506765,0.41835,10.00
0.092440,4.996967,0.506539,0.41824,10.00
0.092450,4.997846,0.506102,0.41817,10.00
0.092460,4.997994,0.505831,0.41848,10.00
0.092470,4.998136,0.505806,0.41865,10.00
0.092480,4.998279,0.505899,0.41873,10.00
0.092490,4.998428,0.506040,0.41877,10.00
0.092500,4.998516,0.506193,0.41878,10.00
0.092510,4.998346,0.506465,0.41892,10.00
0.092520,4.998193,0.506867,0.41899,10.00
0.092530,4.998061,0.507338,0.41903,10.00
0.092540,4.997951,0.507843,0.41904,10.00
0.092550,4.997770,0.508362,0.41904,10.00
0.092560,4.997234,0.509067,0.41924,10.00
0.092570,4.996738,0.509979,0.41934,10.00
0.092580,4.996290,0.511013,0.41938,10.00
0.092590,4.995893,0.512119,0.41940,10.00
0.092600,4.995883,0.513268,0.41941,10.00
0.092610,4.997244,0.513803,0.41871,10.00
0.092620,4.998601,0.513604,0.41832,10.00
0.092630,4.999931,0.512934,0.41810,10.00
0.092640,5.001214,0.511942,0.41797,10.00
0.092650,5.002340,0.510712,0.41789,10.00
0.092660,5.003003,0.509489,0.41805,10.00
0.092670,5.003610,0.508341,0.41813,10.00
0.092680,5.004163,0.507213,0.41818,10.00
0.092690,5.004663,0.506078,0.41821,10.00
0.092700,5.005009,0.504927,0.41823,10.00
0.092710,5.004915,0.503945,0.41844,10.00
0.092720,5.004782,0.503169,0.41857,10.00
0.092730,5.004618,0.502522,0.41864,10.00
0.092740,5.004428,0.501967,0.41869,10.00
0.092750,5.004094,0.501482,0.41873,10.00
0.092760,5.003260,0.501289,0.41901,10.00
0.092770,5.002431,0.501421,0.41917,10.00
0.092780,5.001618,0.501775,0.41926,10.00
0.092790,5.000829,0.502293,0.41932,10.00
0.092800,5.000323,0.502940,0.41936,10.00
0.092810,5.000851,0.503214,0.41886,10.00
0.092820,5.001376,0.503018,0.41859,10.00
0.092830,5.001881,0.502547,0.41845,10.00
0.092840,5.002357,0.501906,0.41837,10.00
0.092850,5.002366,0.501158,0.41833,10.00
0.092860,5.000626,0.501158,0.41920,10.00
0.092870,4.998921,0.502067,0.41968,10.00
0.092880,4.997281,0.503547,0.41994,10.00
0.092890,4.995726,0.505405,0.42009,10.00
0.092900,4.994568,0.507530,0.42017,10.00
0.092910,4.994691,0.509288,0.41960,10.00
0.092920,4.994879,0.510537,0.41928,10.00
0.092930,4.995114,0.511485,0.41910,10.00
0.092940,4.995385,0.512241,0.41899,10.00
0.092950,4.995952,0.512863,0.41892,10.00
0.092960,4.997595,0.512879,0.41832,10.00
0.092970,4.999212,0.512220,0.41799,10.00
0.092980,5.000779,0.511112,0.41779,10.00
0.092990,5.002279,0.509685,0.41768,10.00
0.093000,5.003344,0.508018,0.41761,10.00
0.093010,5.002911,0.506833,0.41830,10.00
0.093020,5.002445,0.506282,0.41868,10.00
0.093030,5.001966,0.506102,0.41889,10.00
0.093040,5.001489,0.506150,0.41901,10.00
0.093050,5.001262,0.506348,0.41907,10.00
0.093060,5.002007,0.506195,0.41862,10.00
0.093070,5.002729,0.505586,0.41837,10.00
0.093080,5.003411,0.504704,0.41824,10.00
0.093090,5.004046,0.503651,0.41817,10.00
0.093100,5.004536,0.502485,0.41814,10.00
0.093110,5.004610,0.501415,0.41831,10.00
0.093120,5.004639,0.500494,0.41841,10.00
0.093130,5.004630,0.499666,0.41847,10.00
0.093140,5.004585,0.498904,0.41851,10.00
0.093150,5.004487,0.498193,0.41854,10.00
0.093160,5.004284,0.497565,0.41861,10.00
0.093170,5.004056,0.497023,0.41865,10.00
0.093180,5.003806,0.496554,0.41869,10.00
0.093190,5.003538,0.496148,0.41872,10.00
0.093200,5.003265,0.495801,0.41874,10.00
0.093210,5.003023,0.495492,0.41874,10.00
0.093220,5.002769,0.495215,0.41875,10.00
0.093230,5.002505,0.494978,0.41876,10.00
0.093240,5.002232,0.494786,0.41877,10.00
0.093250,5.001779,0.494639,0.41879,10.00
0.093260,5.000639,0.494863,0.41915,10.00
0.093270,4.999526,0.495514,0.41936,10.00
0.093280,4.998457,0.496450,0.41948,10.00
0.093290,4.997440,0.497589,0.41955,10.00
0.093300,4.996634,0.498883,0.41959,10.00
0.093310,4.996485,0.500015,0.41931,10.00
0.093320,4.996382,0.500916,0.41915,10.00
0.093330,4.996316,0.501685,0.41906,10.00
0.093340,4.996283,0.502377,0.41901,10.00
0.093350,4.996417,0.503016,0.41897,10.00
0.093360,4.997115,0.503362,0.41867,10.00
0.093370,4.997817,0.503376,0.41850,10.00
0.093380,4.998510,0.503169,0.41840,10.00
0.093390,4.999185,0.502804,0.41833,10.00
0.093400,4.999800,0.502318,0.41830,10.00
0.093410,5.000238,0.501804,0.41835,10.00
0.093420,5.000652,0.501290,0.41837,10.00
0.093430,5.001039,0.500757,0.41838,10.00
0.093440,5.001400,0.500199,0.41839,10.00
0.093450,5.001742,0.499613,0.41839,10.00
0.093460,5.002094,0.498984,0.41837,10.00
0.093470,5.002414,0.498312,0.41837,10.00
0.093480,5.002701,0.497609,0.41837,10.00
0.093490,5.002954,0.496884,0.41837,10.00
0.093500,5.003068,0.496145,0.41838,10.00
0.093510,5.002735,0.495593,0.41860,10.00
0.093520,5.002385,0.495267,0.41872,10.00
0.093530,5.002026,0.495090,0.41880,10.00
0.093540,5.001664,0.495018,0.41884,10.00
0.093550,5.001425,0.495027,0.41888,10.00
0.093560,5.001672,0.494876,0.41865,10.00
0.093570,5.001905,0.494516,0.41853,10.00
0.093580,5.002118,0.494039,0.41847,10.00
0.093590,5.002306,0.493496,0.41845,10.00
0.093600,5.002499,0.492918,0.41843,10.00
0.093610,5.002791,0.492262,0.41837,10.00
0.093620,5.003049,0.491530,0.41834,10.00
0.093630,5.003272,0.490756,0.41833,10.00
0.093640,5.003458,0.489960,0.41833,10.00
0.093650,5.003307,0.489156,0.41833,10.00
0.093660,5.001933,0.488913,0.41895,10.00
0.093670,5.000573,0.489335,0.41929,10.00
0.093680,4.999251,0.490187,0.41949,10.00
0.093690,4.997983,0.491337,0.41961,10.00
0.093700,4.997134,0.492708,0.41967,10.00
0.093710,4.997764,0.493589,0.41900,10.00
0.093720,4.998412,0.493831,0.41863,10.00
0.093730,4.999057,0.493693,0.41843,10.00
0.093740,4.999686,0.493318,0.41831,10.00
0.093750,5.000346,0.492784,0.41825,10.00
0.093760,5.001198,0.492032,0.41810,10.00
0.093770,5.002006,0.491073,0.41801,10.00
0.093780,5.002763,0.489970,0.41797,10.00
0.093790,5.003463,0.488762,0.41795,10.00
0.093800,5.004033,0.487475,0.41794,10.00
0.093810,5.004261,0.486260,0.41808,10.00
0.093820,5.004436,0.485154,0.41816,10.00
0.093830,5.004562,0.484115,0.41821,10.00
0.093840,5.004642,0.483123,0.41825,10.00
0.093850,5.004494,0.482170,0.41828,10.00
0.093860,5.003578,0.481595,0.41868,10.00
0.093870,5.002652,0.481457,0.41891,10.00
0.093880,5.001733,0.481614,0.41904,10.00
0.093890,5.000831,0.481986,0.41913,10.00
0.093900,5.000329,0.482524,0.41919,10.00
0.093910,5.001336,0.482508,0.41848,10.00
0.093920,5.002317,0.481797,0.41809,10.00
0.093930,5.003250,0.480673,0.41789,10.00
0.093940,5.004120,0.479293,0.41778,10.00
0.093950,5.004491,0.477749,0.41773,10.00
0.093960,5.003097,0.476886,0.41856,10.00
0.093970,5.001695,0.476877,0.41902,10.00
0.093980,5.000315,0.477409,0.41929,10.00
0.093990,4.998976,0.478307,0.41944,10.00
0.094000,4.998043,0.479473,0.41954,10.00
0.094010,4.998564,0.480193,0.41889,10.00
0.094020,4.999097,0.480316,0.41855,10.00
0.094030,4.999624,0.480091,0.41836,10.00
0.094040,5.000132,0.479656,0.41825,10.00
0.094050,5.000684,0.479085,0.41820,10.00
0.094060,5.001479,0.478295,0.41803,10.00
0.094070,5.002228,0.477290,0.41794,10.00
0.094080,5.002924,0.476143,0.41789,10.00
0.094090,5.003562,0.474897,0.41787,10.00
0.094100,5.003743,0.473581,0.41786,10.00
0.094110,5.002303,0.472942,0.41865,10.00
0.094120,5.000864,0.473125,0.41909,10.00
0.094130,4.999456,0.473830,0.41934,10.00
0.094140,4.998095,0.474891,0.41949,10.00
0.094150,4.996527,0.476211,0.41958,10.00
0.094160,4.993967,0.478227,0.42017,10.00
0.094170,4.991531,0.480987,0.42049,10.00
0.094180,4.989245,0.484248,0.42067,10.00
0.094190,4.987129,0.487865,0.42077,10.00
0.094200,4.985636,0.491744,0.42082,10.00
0.094210,4.986084,0.495004,0.41995,10.00
0.094220,4.986653,0.497450,0.41946,10.00
0.094230,4.987317,0.499389,0.41916,10.00
0.094240,4.988056,0.500982,0.41898,10.00
0.094250,4.988693,0.502314,0.41885,10.00
0.094260,4.988740,0.503728,0.41908,10.00
0.094270,4.988856,0.505300,0.41918,10.00
0.094280,4.989044,0.506915,0.41921,10.00
0.094290,4.989304,0.508508,0.41920,10.00
0.094300,4.989638,0.510040,0.41917,10.00
0.094310,4.990053,0.511480,0.41913,10.00
0.094320,4.990528,0.512811,0.41908,10.00
0.094330,4.991058,0.514027,0.41903,10.00
0.094340,4.991638,0.515121,0.41898,10.00
0.094350,4.992205,0.516090,0.41893,10.00
0.094360,4.992588,0.517035,0.41899,10.00
0.094370,4.993011,0.517971,0.41900,10.00
0.094380,4.993474,0.518854,0.41899,10.00
0.094390,4.993973,0.519659,0.41896,10.00
0.094400,4.994799,0.520371,0.41893,10.00
0.094410,4.996819,0.520443,0.41831,10.00
0.094420,4.998811,0.519774,0.41795,10.00
0.094430,5.000750,0.518595,0.41774,10.00
0.094440,5.002616,0.517038,0.41760,10.00
0.094450,5.004062,0.515183,0.41752,10.00
0.094460,5.004101,0.513692,0.41812,10.00
0.094470,5.004086,0.512711,0.41844,10.00
0.094480,5.004036,0.512011,0.41862,10.00
0.094490,5.003959,0.511473,0.41872,10.00
0.094500,5.003908,0.511033,0.41878,10.00
0.094510,5.004029,0.510569,0.41872,10.00
0.094520,5.004128,0.510049,0.41869,10.00
0.094530,5.004201,0.509503,0.41868,10.00
0.094540,5.004249,0.508946,0.41868,10.00
0.094550,5.004229,0.508390,0.41868,10.00
0.094560,5.004016,0.507920,0.41877,10.00
0.094570,5.003787,0.507555,0.41883,10.00
0.094580,5.003543,0.507267,0.41886,10.00
0.094590,5.003290,0.507039,0.41889,10.00
0.094600,5.003162,0.506864,0.41891,10.00
0.094610,5.003556,0.506493,0.41866,10.00
0.094620,5.003924,0.505881,0.41853,10.00
0.094630,5.004258,0.505129,0.41846,10.00
0.094640,5.004555,0.504295,0.41843,10.00
0.094650,5.004907,0.503413,0.41842,10.00
0.094660,5.005596,0.502330,0.41823,10.00
0.094670,5.006226,0.501029,0.41813,10.00
0.094680,5.006791,0.499596,0.41808,10.00
0.094690,5.007285,0.498082,0.41806,10.00
0.094700,5.007547,0.496521,0.41806,10.00
0.094710,5.007100,0.495228,0.41839,10.00
0.094720,5.006607,0.494272,0.41858,10.00
0.094730,5.006079,0.493543,0.41869,10.00
0.094740,5.005525,0.492983,0.41877,10.00
0.094750,5.005130,0.492558,0.41883,10.00
0.094760,5.005425,0.491929,0.41852,10.00
0.094770,5.005682,0.491026,0.41837,10.00
0.094780,5.005893,0.489981,0.41830,10.00
0.094790,5.006054,0.488868,0.41827,10.00
0.094800,5.005983,0.487730,0.41826,10.00
0.094810,5.005151,0.486920,0.41862,10.00
0.094820,5.004298,0.486513,0.41883,10.00
0.094830,5.003438,0.486382,0.41896,10.00
0.094840,5.002583,0.486456,0.41904,10.00
0.094850,5.001742,0.486697,0.41910,10.00
0.094860,5.000933,0.487071,0.41914,10.00
0.094870,5.000148,0.487562,0.41917,10.00
0.094880,4.999392,0.488159,0.41919,10.00
0.094890,4.998669,0.488853,0.41921,10.00
0.094900,4.997851,0.489635,0.41923,10.00
0.094910,4.996550,0.490737,0.41950,10.00
0.094920,4.995315,0.492192,0.41965,10.00
0.094930,4.994159,0.493889,0.41973,10.00
0.094940,4.993089,0.495759,0.41978,10.00
0.094950,4.992392,0.497760,0.41980,10.00
0.094960,4.992890,0.499354,0.41926,10.00
0.094970,4.993443,0.500427,0.41896,10.00
0.094980,4.994033,0.501173,0.41878,10.00
0.094990,4.994648,0.501693,0.41867,10.00
0.095000,4.995300,0.502044,0.41860,10.00
0.095010,4.996045,0.502219,0.41850,10.00
0.095020,4.996790,0.502228,0.41844,10.00
0.095030,4.997529,0.502100,0.41839,10.00
0.095040,4.998254,0.501851,0.41836,10.00
0.095050,4.998718,0.501494,0.41833,10.00
0.095060,4.998196,0.501480,0.41878,10.00
0.095070,4.997688,0.501895,0.41902,10.00
0.095080,4.997208,0.502560,0.41915,10.00
0.095090,4.996765,0.503374,0.41922,10.00
0.095100,4.996714,0.504282,0.41925,10.00
0.095110,4.998093,0.504615,0.41858,10.00
0.095120,4.999460,0.504239,0.41821,10.00
0.095130,5.000791,0.503406,0.41800,10.00
0.095140,5.002070,0.502261,0.41787,10.00
0.095150,5.003290,0.500885,0.41780,10.00
0.095160,5.004463,0.499320,0.41774,10.00
0.095170,5.005556,0.497598,0.41771,10.00
0.095180,5.006562,0.495751,0.41769,10.00
0.095190,5.007476,0.493804,0.41768,10.00
0.095200,5.008225,0.491778,0.41769,10.00
0.095210,5.008593,0.489822,0.41783,10.00
0.095220,5.008874,0.487975,0.41793,10.00
0.095230,5.009072,0.486200,0.41799,10.00
0.095240,5.009190,0.484483,0.41804,10.00
0.095250,5.009038,0.482820,0.41808,10.00
0.095260,5.008048,0.481561,0.41850,10.00
0.095270,5.007019,0.480775,0.41874,10.00
0.095280,5.005969,0.480321,0.41890,10.00
0.095290,5.004910,0.480121,0.41900,10.00
0.095300,5.003995,0.480131,0.41908,10.00
0.095310,5.003647,0.480069,0.41886,10.00
0.095320,5.003294,0.479873,0.41876,10.00
0.095330,5.002933,0.479637,0.41872,10.00
0.095340,5.002563,0.479411,0.41870,10.00
0.095350,5.002030,0.479220,0.41871,10.00
0.095360,5.000879,0.479357,0.41902,10.00
0.095370,4.999752,0.479879,0.41920,10.00
0.095380,4.998661,0.480669,0.41931,10.00
0.095390,4.997616,0.481661,0.41938,10.00
0.095400,4.996624,0.482812,0.41942,10.00
0.095410,4.995685,0.484098,0.41945,10.00
0.095420,4.994812,0.485497,0.41947,10.00
0.095430,4.994010,0.486990,0.41948,10.00
0.095440,4.993281,0.488561,0.41948,10.00
0.095450,4.992538,0.490195,0.41948,10.00
0.095460,4.991517,0.492039,0.41965,10.00
0.095470,4.990591,0.494107,0.41973,10.00
0.095480,4.989767,0.496318,0.41977,10.00
0.095490,4.989050,0.498620,0.41978,10.00
0.095500,4.988400,0.500977,0.41977,10.00
0.095510,4.987696,0.503434,0.41984,10.00
0.095520,4.987109,0.505985,0.41985,10.00
0.095530,4.986642,0.508576,0.41984,10.00
0.095540,4.986295,0.511173,0.41982,10.00
0.095550,4.985994,0.513747,0.41978,10.00
0.095560,4.985522,0.516409,0.41988,10.00
0.095570,4.985176,0.519161,0.41990,10.00
0.095580,4.984958,0.521931,0.41989,10.00
0.095590,4.984865,0.524675,0.41986,10.00
0.095600,4.985270,0.527358,0.41981,10.00
0.095610,4.987269,0.529290,0.41904,10.00
0.095620,4.989320,0.530330,0.41858,10.00
0.095630,4.991392,0.530743,0.41830,10.00
0.095640,4.993460,0.530679,0.41811,10.00
0.095650,4.995381,0.530223,0.41797,10.00
0.095660,4.996770,0.529649,0.41810,10.00
0.095670,4.998126,0.529035,0.41815,10.00
0.095680,4.999445,0.528314,0.41816,10.00
0.095690,5.000722,0.527458,0.41814,10.00
0.095700,5.001841,0.526457,0.41812,10.00
0.095710,5.002475,0.525505,0.41830,10.00
0.095720,5.003066,0.524644,0.41840,10.00
0.095730,5.003616,0.523804,0.41844,10.00
0.095740,5.004125,0.522950,0.41846,10.00
0.095750,5.004611,0.522067,0.41847,10.00
0.095760,5.005128,0.521117,0.41844,10.00
0.095770,5.005598,0.520096,0.41842,10.00
0.095780,5.006018,0.519022,0.41842,10.00
0.095790,5.006387,0.517909,0.41841,10.00
0.095800,5.006756,0.516770,0.41842,10.00
0.095810,5.007283,0.515520,0.41832,10.00
0.095820,5.007747,0.514150,0.41828,10.00
0.095830,5.008145,0.512710,0.41826,10.00
0.095840,5.008475,0.511232,0.41826,10.00
0.095850,5.008924,0.509736,0.41827,10.00
0.095860,5.010047,0.507906,0.41792,10.00
0.095870,5.011070,0.505693,0.41775,10.00
0.095880,5.011982,0.503252,0.41766,10.00
0.095890,5.012775,0.500673,0.41762,10.00
0.095900,5.013327,0.498014,0.41762,10.00
0.095910,5.013288,0.495525,0.41786,10.00
0.095920,5.013143,0.493274,0.41801,10.00
0.095930,5.012902,0.491199,0.41812,10.00
0.095940,5.012571,0.489269,0.41820,10.00
0.095950,5.012166,0.487474,0.41827,10.00
0.095960,5.011716,0.485797,0.41832,10.00
0.095970,5.011195,0.484236,0.41837,10.00
0.095980,5.010609,0.482802,0.41842,10.00
0.095990,5.009965,0.481502,0.41848,10.00
0.096000,5.009333,0.480341,0.41853,10.00
0.096010,5.008913,0.479207,0.41846,10.00
0.096020,5.008443,0.478082,0.41845,10.00
0.096030,5.007926,0.477017,0.41846,10.00
0.096040,5.007365,0.476040,0.41849,10.00
0.096050,5.006565,0.475167,0.41853,10.00
0.096060,5.004942,0.474761,0.41895,10.00
0.096070,5.003324,0.474891,0.41920,10.00
0.096080,5.001729,0.475412,0.41936,10.00
0.096090,5.000174,0.476238,0.41947,10.00
0.096100,4.998938,0.477317,0.41954,10.00
0.096110,4.998821,0.478141,0.41909,10.00
0.096120,4.998731,0.478598,0.41886,10.00
0.096130,4.998656,0.478864,0.41873,10.00
0.096140,4.998590,0.479033,0.41867,10.00
0.096150,4.998241,0.479156,0.41863,10.00
0.096160,4.996750,0.479770,0.41917,10.00
0.096170,4.995310,0.480983,0.41946,10.00
0.096180,4.993944,0.482587,0.41963,10.00
0.096190,4.992664,0.484460,0.41973,10.00
0.096200,4.991554,0.486529,0.41978,10.00
0.096210,4.990840,0.488616,0.41967,10.00
0.096220,4.990222,0.490661,0.41960,10.00
0.096230,4.989699,0.492691,0.41956,10.00
0.096240,4.989270,0.494715,0.41952,10.00
0.096250,4.989192,0.496729,0.41949,10.00
0.096260,4.990220,0.498272,0.41898,10.00
0.096270,4.991297,0.499253,0.41867,10.00
0.096280,4.992403,0.499849,0.41849,10.00
0.096290,4.993522,0.500159,0.41837,10.00
0.096300,4.994360,0.500236,0.41828,10.00
0.096310,4.994067,0.500615,0.41875,10.00
0.096320,4.993804,0.501407,0.41899,10.00
0.096330,4.993585,0.502417,0.41912,10.00
0.096340,4.993416,0.503537,0.41917,10.00
0.096350,4.993142,0.504705,0.41919,10.00
0.096360,4.992298,0.506162,0.41949,10.00
0.096370,4.991534,0.507937,0.41964,10.00
0.096380,4.990858,0.509896,0.41972,10.00
0.096390,4.990278,0.511963,0.41974,10.00
0.096400,4.990071,0.514088,0.41975,10.00
0.096410,4.991047,0.515754,0.41922,10.00
0.096420,4.992079,0.516849,0.41891,10.00
0.096430,4.993145,0.517556,0.41872,10.00
0.096440,4.994229,0.517972,0.41859,10.00
0.096450,4.995545,0.518155,0.41850,10.00
0.096460,4.997742,0.517742,0.41801,10.00
0.096470,4.999891,0.516684,0.41772,10.00
0.096480,5.001970,0.515159,0.41754,10.00
0.096490,5.003960,0.513273,0.41743,10.00
0.096500,5.005456,0.511094,0.41735,10.00
0.096510,5.005295,0.509355,0.41803,10.00
0.096520,5.005074,0.508217,0.41840,10.00
0.096530,5.004813,0.507427,0.41861,10.00
0.096540,5.004523,0.506848,0.41873,10.00
0.096550,5.004311,0.506408,0.41880,10.00
0.096560,5.004477,0.505895,0.41867,10.00
0.096570,5.004614,0.505256,0.41860,10.00
0.096580,5.004721,0.504554,0.41856,10.00
0.096590,5.004793,0.503823,0.41855,10.00
0.096600,5.004938,0.503085,0.41855,10.00
0.096610,5.005467,0.502169,0.41836,10.00
0.096620,5.005945,0.501049,0.41826,10.00
0.096630,5.006367,0.499811,0.41821,10.00
0.096640,5.006729,0.498504,0.41819,10.00
0.096650,5.006965,0.497159,0.41819,10.00
0.096660,5.006888,0.495908,0.41832,10.00
0.096670,5.006758,0.494788,0.41840,10.00
0.096680,5.006580,0.493765,0.41845,10.00
0.096690,5.006360,0.492824,0.41850,10.00
0.096700,5.006329,0.491956,0.41853,10.00
0.096710,5.007169,0.490761,0.41814,10.00
0.096720,5.007940,0.489164,0.41793,10.00
0.096730,5.008628,0.487333,0.41783,10.00
0.096740,5.009225,0.485368,0.41778,10.00
0.096750,5.009444,0.483326,0.41777,10.00
0.096760,5.008441,0.481744,0.41830,10.00
0.096770,5.007387,0.480741,0.41862,10.00
0.096780,5.006304,0.480130,0.41881,10.00
0.096790,5.005206,0.479810,0.41894,10.00
0.096800,5.004257,0.479725,0.41903,10.00
0.096810,5.003912,0.479577,0.41881,10.00
0.096820,5.003557,0.479297,0.41871,10.00
0.096830,5.003190,0.478979,0.41867,10.00
0.096840,5.002810,0.478674,0.41866,10.00
0.096850,5.002212,0.478410,0.41866,10.00
0.096860,5.000788,0.478560,0.41906,10.00
0.096870,4.999390,0.479198,0.41930,10.00
0.096880,4.998038,0.480176,0.41943,10.00
0.096890,4.996743,0.481409,0.41952,10.00
0.096900,4.995523,0.482844,0.41958,10.00
0.096910,4.994408,0.484432,0.41960,10.00
0.096920,4.993374,0.486144,0.41962,10.00
0.096930,4.992425,0.487963,0.41963,10.00
0.096940,4.991566,0.489871,0.41963,10.00
0.096950,4.990760,0.491854,0.41963,10.00
0.096960,4.989896,0.493961,0.41970,10.00
0.096970,4.989135,0.496190,0.41973,10.00
0.096980,4.988480,0.498494,0.41973,10.00
0.096990,4.987935,0.500844,0.41972,10.00
0.097000,4.987852,0.503214,0.41970,10.00
0.097010,4.989271,0.504970,0.41902,10.00
0.097020,4.990743,0.505982,0.41863,10.00
0.097030,4.992239,0.506487,0.41839,10.00
0.097040,4.993740,0.506615,0.41823,10.00
0.097050,4.995076,0.506440,0.41812,10.00
0.097060,4.995772,0.506277,0.41832,10.00
0.097070,4.996461,0.506207,0.41842,10.00
0.097080,4.997144,0.506136,0.41846,10.00
0.097090,4.997819,0.506018,0.41846,10.00
0.097100,4.998433,0.505829,0.41845,10.00
0.097110,4.998832,0.505649,0.41853,10.00
0.097120,4.999222,0.505490,0.41857,10.00
0.097130,4.999603,0.505317,0.41858,10.00
0.097140,4.999973,0.505113,0.41858,10.00
0.097150,5.000361,0.504869,0.41858,10.00
0.097160,5.000853,0.504533,0.41851,10.00
0.097170,5.001324,0.504094,0.41848,10.00
0.097180,5.001771,0.503576,0.41845,10.00
0.097190,5.002191,0.502995,0.41844,10.00
0.097200,5.002246,0.502361,0.41843,10.00
0.097210,5.000946,0.502262,0.41904,10.00
0.097220,4.999667,0.502813,0.41938,10.00
0.097230,4.998430,0.503779,0.41957,10.00
0.097240,4.997251,0.505030,0.41968,10.00
0.097250,4.996494,0.506488,0.41975,10.00
0.097260,4.997214,0.507494,0.41913,10.00
0.097270,4.997959,0.507899,0.41879,10.00
0.097280,4.998708,0.507934,0.41860,10.00
0.097290,4.999449,0.507722,0.41848,10.00
0.097300,5.000100,0.507335,0.41841,10.00
0.097310,5.000446,0.506935,0.41850,10.00
0.097320,5.000772,0.506570,0.41854,10.00
0.097330,5.001081,0.506205,0.41855,10.00
0.097340,5.001372,0.505826,0.41856,10.00
0.097350,5.001481,0.505424,0.41856,10.00
0.097360,5.000930,0.505277,0.41886,10.00
0.097370,5.000383,0.505439,0.41902,10.00
0.097380,4.999852,0.505795,0.41912,10.00
0.097390,4.999343,0.506283,0.41917,10.00
0.097400,4.998947,0.506864,0.41920,10.00
0.097410,4.998920,0.507371,0.41906,10.00
0.097420,4.998913,0.507759,0.41899,10.00
0.097430,4.998922,0.508079,0.41894,10.00
0.097440,4.998944,0.508357,0.41892,10.00
0.097450,4.999078,0.508606,0.41890,10.00
0.097460,4.999619,0.508660,0.41870,10.00
0.097470,5.000153,0.508491,0.41859,10.00
0.097480,5.000674,0.508170,0.41852,10.00
0.097490,5.001174,0.507740,0.41848,10.00
0.097500,5.001835,0.507225,0.41846,10.00
0.097510,5.003202,0.506323,0.41810,10.00
0.097520,5.004509,0.504986,0.41790,10.00
0.097530,5.005741,0.503354,0.41779,10.00
0.097540,5.006888,0.501512,0.41772,10.00
0.097550,5.007713,0.499513,0.41768,10.00
0.097560,5.007540,0.497783,0.41808,10.00
0.097570,5.007299,0.496424,0.41831,10.00
0.097580,5.007005,0.495299,0.41844,10.00
0.097590,5.006665,0.494334,0.41853,10.00
0.097600,5.006149,0.493493,0.41859,10.00
0.097610,5.005052,0.492995,0.41889,10.00
0.097620,5.003948,0.492875,0.41907,10.00
0.097630,5.002851,0.493031,0.41918,10.00
0.097640,5.001773,0.493404,0.41926,10.00
0.097650,5.001061,0.493959,0.41932,10.00
0.097660,5.001726,0.494092,0.41875,10.00
0.097670,5.002377,0.493677,0.41844,10.00
0.097680,5.002998,0.492939,0.41827,10.00
0.097690,5.003576,0.492004,0.41818,10.00
0.097700,5.003835,0.490943,0.41813,10.00
0.097710,5.002972,0.490261,0.41860,10.00
0.097720,5.002096,0.490072,0.41886,10.00
0.097730,5.001224,0.490205,0.41902,10.00
0.097740,5.000369,0.490563,0.41912,10.00
0.097750,4.999461,0.491092,0.41918,10.00
0.097760,4.998279,0.491892,0.41936,10.00
0.097770,4.997146,0.492966,0.41947,10.00
0.097780,4.996073,0.494243,0.41954,10.00
0.097790,4.995067,0.495678,0.41958,10.00
0.097800,4.994076,0.497242,0.41960,10.00
0.097810,4.992932,0.499011,0.41973,10.00
0.097820,4.991880,0.500984,0.41979,10.00
0.097830,4.990926,0.503103,0.41983,10.00
0.097840,4.990075,0.505327,0.41984,10.00
0.097850,4.989580,0.507627,0.41984,10.00
0.097860,4.990172,0.509556,0.41938,10.00
0.097870,4.990836,0.511015,0.41911,10.00
0.097880,4.991554,0.512156,0.41895,10.00
0.097890,4.992314,0.513064,0.41884,10.00
0.097900,4.993186,0.513780,0.41876,10.00
0.097910,4.994400,0.514192,0.41855,10.00
0.097920,4.995617,0.514288,0.41841,10.00
0.097930,4.996827,0.514132,0.41832,10.00
0.097940,4.998017,0.513763,0.41825,10.00
0.097950,4.999054,0.513205,0.41819,10.00
0.097960,4.999556,0.512692,0.41838,10.00
0.097970,5.000036,0.512278,0.41847,10.00
0.097980,5.000495,0.511889,0.41851,10.00
0.097990,5.000934,0.511486,0.41852,10.00
0.098000,5.001254,0.511051,0.41853,10.00
0.098010,5.001164,0.510743,0.41870,10.00
0.098020,5.001065,0.510593,0.41880,10.00
0.098030,5.000963,0.510533,0.41885,10.00
0.098040,5.000859,0.510527,0.41888,10.00
0.098050,5.000838,0.510556,0.41889,10.00
0.098060,5.001139,0.510471,0.41876,10.00
0.098070,5.001431,0.510241,0.41868,10.00
0.098080,5.001709,0.509918,0.41864,10.00
0.098090,5.001968,0.509533,0.41861,10.00
0.098100,5.002331,0.509103,0.41860,10.00
0.098110,5.003157,0.508432,0.41837,10.00
0.098120,5.003941,0.507489,0.41824,10.00
0.098130,5.004673,0.506366,0.41817,10.00
0.098140,5.005347,0.505116,0.41813,10.00
0.098150,5.005882,0.503775,0.41811,10.00
0.098160,5.006043,0.502497,0.41824,10.00
0.098170,5.006149,0.501326,0.41832,10.00
0.098180,5.006204,0.500224,0.41837,10.00
0.098190,5.006209,0.499171,0.41840,10.00
0.098200,5.006420,0.498162,0.41843,10.00
0.098210,5.007584,0.496770,0.41800,10.00
0.098220,5.008666,0.494915,0.41778,10.00
0.098230,5.009650,0.492777,0.41766,10.00
0.098240,5.010528,0.490459,0.41760,10.00
0.098250,5.011137,0.488027,0.41758,10.00
0.098260,5.011014,0.485788,0.41785,10.00
0.098270,5.010797,0.483824,0.41802,10.00
0.098280,5.010498,0.482052,0.41813,10.00
0.098290,5.010124,0.480431,0.41822,10.00
0.098300,5.009527,0.478945,0.41828,10.00
0.098310,5.008257,0.477845,0.41862,10.00
0.098320,5.006955,0.477183,0.41882,10.00
0.098330,5.005638,0.476850,0.41896,10.00
0.098340,5.004320,0.476788,0.41907,10.00
0.098350,5.003057,0.476961,0.41914,10.00
0.098360,5.001997,0.477269,0.41913,10.00
0.098370,5.000958,0.477680,0.41914,10.00
0.098380,4.999946,0.478212,0.41916,10.00
0.098390,4.998966,0.478871,0.41918,10.00
0.098400,4.997797,0.479653,0.41921,10.00
0.098410,4.995776,0.480936,0.41964,10.00
0.098420,4.993838,0.482784,0.41988,10.00
0.098430,4.992004,0.485030,0.42003,10.00
0.098440,4.990289,0.487576,0.42012,10.00
0.098450,4.988825,0.490354,0.42017,10.00
0.098460,4.987978,0.493115,0.41999,10.00
0.098470,4.987257,0.495781,0.41988,10.00
0.098480,4.986660,0.498405,0.41982,10.00
0.098490,4.986183,0.501005,0.41977,10.00
0.098500,4.985994,0.503582,0.41973,10.00
0.098510,4.986585,0.505847,0.41939,10.00
0.098520,4.987265,0.507736,0.41918,10.00
0.098530,4.988020,0.509349,0.41904,10.00
0.098540,4.988839,0.510738,0.41894,10.00
0.098550,4.989771,0.511930,0.41886,10.00
0.098560,4.990983,0.512839,0.41868,10.00
0.098570,4.992222,0.513451,0.41856,10.00
0.098580,4.993476,0.513811,0.41847,10.00
0.098590,4.994735,0.513946,0.41839,10.00
0.098600,4.996090,0.513872,0.41832,10.00
0.098610,4.997833,0.513433,0.41809,10.00
0.098620,4.999537,0.512605,0.41794,10.00
0.098630,5.001187,0.511469,0.41783,10.00
0.098640,5.002771,0.510077,0.41776,10.00
0.098650,5.004005,0.508462,0.41770,10.00
0.098660,5.004074,0.507109,0.41815,10.00
0.098670,5.004092,0.506131,0.41839,10.00
0.098680,5.004072,0.505360,0.41852,10.00
0.098690,5.004020,0.504712,0.41860,10.00
0.098700,5.004260,0.504140,0.41864,10.00
0.098710,5.005735,0.503091,0.41811,10.00
0.098720,5.007138,0.501451,0.41782,10.00
0.098730,5.008449,0.499433,0.41765,10.00
0.098740,5.009656,0.497161,0.41756,10.00
0.098750,5.010335,0.494710,0.41752,10.00
0.098760,5.009261,0.492821,0.41823,10.00
0.098770,5.008127,0.491665,0.41863,10.00
0.098780,5.006959,0.490986,0.41887,10.00
0.098790,5.005775,0.490649,0.41903,10.00
0.098800,5.004754,0.490579,0.41913,10.00
0.098810,5.004395,0.490456,0.41892,10.00
0.098820,5.004028,0.490201,0.41882,10.00
0.098830,5.003649,0.489907,0.41877,10.00
0.098840,5.003259,0.489627,0.41876,10.00
0.098850,5.003132,0.489385,0.41877,10.00
0.098860,5.004076,0.488742,0.41830,10.00
0.098870,5.004973,0.487616,0.41804,10.00
0.098880,5.005806,0.486197,0.41791,10.00
0.098890,5.006566,0.484592,0.41784,10.00
0.098900,5.007019,0.482865,0.41780,10.00
0.098910,5.006495,0.481432,0.41819,10.00
0.098920,5.005919,0.480396,0.41841,10.00
0.098930,5.005307,0.479624,0.41855,10.00
0.098940,5.004667,0.479046,0.41864,10.00
0.098950,5.003972,0.478625,0.41870,10.00
0.098960,5.003118,0.478400,0.41882,10.00
0.098970,5.002262,0.478373,0.41890,10.00
0.098980,5.001414,0.478509,0.41896,10.00
0.098990,5.000580,0.478790,0.41900,10.00
0.099000,4.999676,0.479200,0.41904,10.00
0.099010,4.998440,0.479879,0.41923,10.00
0.099020,4.997249,0.480846,0.41935,10.00
0.099030,4.996114,0.482031,0.41942,10.00
0.099040,4.995042,0.483391,0.41947,10.00
0.099050,4.994221,0.484896,0.41950,10.00
0.099060,4.994187,0.486223,0.41921,10.00
0.099070,4.994206,0.487296,0.41905,10.00
0.099080,4.994269,0.488218,0.41895,10.00
0.099090,4.994371,0.489044,0.41889,10.00
0.099100,4.994504,0.489799,0.41886,10.00
0.099110,4.994654,0.490503,0.41883,10.00
0.099120,4.994833,0.491162,0.41881,10.00
0.099130,4.995041,0.491774,0.41879,10.00
0.099140,4.995273,0.492338,0.41877,10.00
0.099150,4.995465,0.492851,0.41875,10.00
0.099160,4.995426,0.493417,0.41885,10.00
0.099170,4.995414,0.494056,0.41889,10.00
0.099180,4.995432,0.494723,0.41891,10.00
0.099190,4.995480,0.495392,0.41891,10.00
0.099200,4.995443,0.496047,0.41890,10.00
0.099210,4.994980,0.496869,0.41909,10.00
0.099220,4.994563,0.497889,0.41919,10.00
0.099230,4.994196,0.499023,0.41924,10.00
0.099240,4.993885,0.500223,0.41926,10.00
0.099250,4.993563,0.501459,0.41927,10.00
0.099260,4.993028,0.502823,0.41938,10.00
0.099270,4.992562,0.504323,0.41944,10.00
0.099280,4.992168,0.505901,0.41946,10.00
0.099290,4.991849,0.507520,0.41946,10.00
0.099300,4.991878,0.509156,0.41946,10.00
0.099310,4.993062,0.510340,0.41896,10.00
0.099320,4.994279,0.510968,0.41868,10.00
0.099330,4.995508,0.511212,0.41850,10.00
0.099340,4.996733,0.511165,0.41838,10.00
0.099350,4.997779,0.510881,0.41830,10.00
0.099360,4.998146,0.510664,0.41852,10.00
0.099370,4.998506,0.510592,0.41863,10.00
0.099380,4.998863,0.510568,0.41868,10.00
0.099390,4.999217,0.510544,0.41870,10.00
0.099400,4.999552,0.510494,0.41870,10.00
0.099410,4.999821,0.510431,0.41872,10.00
0.099420,5.000087,0.510354,0.41872,10.00
0.099430,5.000346,0.510252,0.41872,10.00
0.099440,5.000600,0.510119,0.41872,10.00
0.099450,5.000928,0.509954,0.41871,10.00
0.099460,5.001575,0.509619,0.41856,10.00
0.099470,5.002198,0.509090,0.41847,10.00
0.099480,5.002791,0.508425,0.41842,10.00
0.099490,5.003348,0.507656,0.41838,10.00
0.099500,5.003800,0.506807,0.41836,10.00
0.099510,5.003951,0.506000,0.41846,10.00
0.099520,5.004068,0.505267,0.41852,10.00
0.099530,5.004152,0.504577,0.41855,10.00
0.099540,5.004205,0.503912,0.41857,10.00
0.099550,5.004080,0.503269,0.41859,10.00
0.099560,5.003342,0.502886,0.41886,10.00
0.099570,5.002598,0.502814,0.41901,10.00
0.099580,5.001860,0.502955,0.41911,10.00
0.099590,5.001137,0.503257,0.41917,10.00
0.099600,5.000571,0.503687,0.41921,10.00
0.099610,5.000570,0.504003,0.41900,10.00
0.099620,5.000579,0.504145,0.41890,10.00
0.099630,5.000591,0.504195,0.41884,10.00
0.099640,5.000605,0.504195,0.41881,10.00
0.099650,5.000728,0.504167,0.41879,10.00
0.099660,5.001287,0.503944,0.41859,10.00
0.099670,5.001827,0.503495,0.41848,10.00
0.099680,5.002340,0.502899,0.41841,10.00
0.099690,5.002821,0.502200,0.41838,10.00
0.099700,5.003230,0.501424,0.41835,10.00
0.099710,5.003460,0.500648,0.41840,10.00
0.099720,5.003654,0.499896,0.41843,10.00
0.099730,5.003813,0.499155,0.41845,10.00
0.099740,5.003939,0.498420,0.41846,10.00
0.099750,5.003896,0.497692,0.41847,10.00
0.099760,5.003293,0.497190,0.41871,10.00
0.099770,5.002678,0.496961,0.41885,10.00
0.099780,5.002061,0.496920,0.41894,10.00
0.099790,5.001448,0.497022,0.41899,10.00
0.099800,5.000672,0.497239,0.41903,10.00
0.099810,4.999223,0.497838,0.41936,10.00
0.099820,4.997819,0.498865,0.41956,10.00
0.099830,4.996477,0.500197,0.41967,10.00
0.099840,4.995208,0.501758,0.41975,10.00
0.099850,4.994143,0.503504,0.41979,10.00
0.099860,4.993649,0.505201,0.41961,10.00
0.099870,4.993231,0.506785,0.41952,10.00
0.099880,4.992885,0.508314,0.41946,10.00
0.099890,4.992609,0.509814,0.41942,10.00
0.099900,4.992663,0.511293,0.41939,10.00
0.099910,4.993818,0.512328,0.41892,10.00
0.099920,4.994999,0.512828,0.41864,10.00
0.099930,4.996187,0.512960,0.41847,10.00
0.099940,4.997367,0.512814,0.41836,10.00
0.099950,4.998430,0.512442,0.41828,10.00
0.099960,4.999071,0.512039,0.41839,10.00
0.099970,4.999691,0.511658,0.41844,10.00
0.099980,5.000290,0.511249,0.41846,10.00
0.099990,5.000867,0.510791,0.41846,10.00
0.100000,5.001372,0.510272,0.41845,10.00
0.100010,5.001664,0.509766,0.41852,10.00
0.100020,5.001932,0.509292,0.41855,10.00
0.100030,5.002177,0.508821,0.41857,10.00
0.100040,5.002400,0.508342,0.41858,10.00
0.100050,5.002643,0.507851,0.41858,10.00
0.100060,5.003032,0.507276,0.41851,10.00
0.100070,5.003391,0.506606,0.41847,10.00
0.100080,5.003715,0.505872,0.41845,10.00
0.100090,5.004004,0.505093,0.41844,10.00
0.100100,5.004171,0.504283,0.41844,10.00
0.100110,5.003967,0.503587,0.41858,10.00
0.100120,5.003736,0.503042,0.41866,10.00
0.100130,5.003485,0.502599,0.41872,10.00
0.100140,5.003217,0.502234,0.41875,10.00
0.100150,5.003259,0.501935,0.41878,10.00
0.100160,5.004569,0.501171,0.41825,10.00
0.100170,5.005821,0.499835,0.41796,10.00
0.100180,5.006997,0.498136,0.41780,10.00
0.100190,5.008084,0.496193,0.41771,10.00
0.100200,5.008352,0.494078,0.41766,10.00
0.100210,5.005672,0.492999,0.41885,10.00
0.100220,5.002993,0.493223,0.41953,10.00
0.100230,5.000361,0.494309,0.41993,10.00
0.100240,4.997807,0.496009,0.42018,10.00
0.100250,4.995985,0.498182,0.42034,10.00
0.100260,4.996770,0.499725,0.41939,10.00
0.100270,4.997595,0.500374,0.41886,10.00
0.100280,4.998430,0.500491,0.41857,10.00
0.100290,4.999258,0.500272,0.41841,10.00
0.100300,5.000050,0.499824,0.41831,10.00
0.100310,5.000752,0.499232,0.41827,10.00
0.100320,5.001422,0.498538,0.41824,10.00
0.100330,5.002055,0.497754,0.41822,10.00
0.100340,5.002648,0.496893,0.41821,10.00
0.100350,5.003049,0.495963,0.41820,10.00
0.100360,5.002823,0.495210,0.41844,10.00
0.100370,5.002571,0.494692,0.41857,10.00
0.100380,5.002301,0.494321,0.41865,10.00
0.100390,5.002017,0.494052,0.41870,10.00
0.100400,5.001703,0.493861,0.41874,10.00
0.100410,5.001291,0.493771,0.41880,10.00
0.100420,5.000881,0.493783,0.41884,10.00
0.100430,5.000475,0.493876,0.41887,10.00
0.100440,5.000076,0.494040,0.41890,10.00
0.100450,4.999892,0.494265,0.41891,10.00
0.100460,5.000522,0.494223,0.41859,10.00
0.100470,5.001137,0.493842,0.41841,10.00
0.100480,5.001726,0.493249,0.41831,10.00
0.100490,5.002282,0.492514,0.41825,10.00
0.100500,5.002438,0.491678,0.41822,10.00
0.100510,5.001128,0.491345,0.41880,10.00
0.100520,4.999827,0.491648,0.41914,10.00
0.100530,4.998557,0.492369,0.41933,10.00
0.100540,4.997334,0.493385,0.41945,10.00
0.100550,4.996099,0.494625,0.41952,10.00
0.100560,4.994650,0.496157,0.41969,10.00
0.100570,4.993285,0.497974,0.41980,10.00
0.100580,4.992015,0.500007,0.41986,10.00
0.100590,4.990848,0.502209,0.41990,10.00
0.100600,4.990036,0.504547,0.41992,10.00
0.100610,4.990314,0.506599,0.41952,10.00
0.100620,4.990672,0.508261,0.41929,10.00
0.100630,4.991097,0.509669,0.41914,10.00
0.100640,4.991578,0.510892,0.41905,10.00
0.100650,4.992116,0.511966,0.41898,10.00
0.100660,4.992723,0.512897,0.41891,10.00
0.100670,4.993366,0.513690,0.41886,10.00
0.100680,4.994039,0.514353,0.41881,10.00
0.100690,4.994735,0.514890,0.41877,10.00
0.100700,4.995446,0.515302,0.41872,10.00
0.100710,4.996156,0.515597,0.41869,10.00
0.100720,4.996873,0.515778,0.41866,10.00
0.100730,4.997593,0.515846,0.41862,10.00
0.100740,4.998309,0.515801,0.41859,10.00
0.100750,4.999121,0.515648,0.41856,10.00
0.100760,5.000333,0.515223,0.41835,10.00
0.100770,5.001512,0.514497,0.41823,10.00
0.100780,5.002646,0.513543,0.41815,10.00
0.100790,5.003726,0.512404,0.41809,10.00
0.100800,5.004651,0.511109,0.41805,10.00
0.100810,5.005133,0.509833,0.41818,10.00
0.100820,5.005557,0.508624,0.41825,10.00
0.100830,5.005925,0.507438,0.41828,10.00
0.100840,5.006238,0.506256,0.41831,10.00
0.100850,5.006456,0.505071,0.41832,10.00
0.100860,5.006465,0.503948,0.41840,10.00
0.100870,5.006425,0.502903,0.41845,10.00
0.100880,5.006339,0.501918,0.41849,10.00
0.100890,5.006210,0.500985,0.41851,10.00
0.100900,5.006108,0.500102,0.41854,10.00
0.100910,5.006232,0.499166,0.41845,10.00
0.100920,5.006310,0.498156,0.41841,10.00
0.100930,5.006341,0.497120,0.41840,10.00
0.100940,5.006325,0.496084,0.41840,10.00
0.100950,5.006252,0.495065,0.41841,10.00
0.100960,5.006089,0.494094,0.41845,10.00
0.100970,5.005884,0.493183,0.41848,10.00
0.100980,5.005641,0.492332,0.41850,10.00
0.100990,5.005362,0.491544,0.41853,10.00
0.101000,5.005074,0.490821,0.41856,10.00
0.101010,5.004850,0.490129,0.41855,10.00
0.101020,5.004596,0.489461,0.41855,10.00
0.101030,5.004314,0.488836,0.41856,10.00
0.101040,5.004007,0.488262,0.41858,10.00
0.101050,5.003570,0.487748,0.41860,10.00
0.101060,5.002691,0.487465,0.41880,10.00
0.101070,5.001811,0.487450,0.41893,10.00
0.101080,5.000940,0.487638,0.41901,10.00
0.101090,5.000087,0.487991,0.41906,10.00
0.101100,4.999450,0.488485,0.41911,10.00
0.101110,4.999607,0.488799,0.41882,10.00
0.101120,4.999771,0.488858,0.41867,10.00
0.101130,4.999932,0.488773,0.41859,10.00
0.101140,5.000086,0.488605,0.41855,10.00
0.101150,5.000048,0.488386,0.41852,10.00
0.101160,4.999278,0.488422,0.41881,10.00
0.101170,4.998522,0.488783,0.41898,10.00
0.101180,4.997792,0.489362,0.41907,10.00
0.101190,4.997097,0.490097,0.41913,10.00
0.101200,4.996482,0.490952,0.41917,10.00
0.101210,4.996074,0.491838,0.41913,10.00
0.101220,4.995708,0.492725,0.41911,10.00
0.101230,4.995384,0.493626,0.41910,10.00
0.101240,4.995103,0.494542,0.41909,10.00
0.101250,4.994958,0.495474,0.41909,10.00
0.101260,4.995225,0.496270,0.41893,10.00
0.101270,4.995523,0.496894,0.41883,10.00
0.101280,4.995843,0.497399,0.41877,10.00
0.101290,4.996183,0.497811,0.41873,10.00
0.101300,4.996563,0.498146,0.41870,10.00
0.101310,4.997053,0.498370,0.41864,10.00
0.101320,4.997548,0.498481,0.41859,10.00
0.101330,4.998043,0.498496,0.41856,10.00
0.101340,4.998535,0.498426,0.41853,10.00
0.101350,4.998961,0.498279,0.41851,10.00
0.101360,4.999150,0.498149,0.41858,10.00
0.101370,4.999334,0.498060,0.41862,10.00
0.101380,4.999512,0.497981,0.41863,10.00
0.101390,4.999687,0.497896,0.41864,10.00
0.101400,4.999772,0.497796,0.41864,10.00
0.101410,4.999516,0.497811,0.41877,10.00
0.101420,4.999267,0.497967,0.41885,10.00
0.101430,4.999028,0.498211,0.41889,10.00
0.101440,4.998803,0.498514,0.41892,10.00
0.101450,4.998752,0.498858,0.41893,10.00
0.101460,4.999337,0.498989,0.41868,10.00
0.101470,4.999919,0.498847,0.41854,10.00
0.101480,5.000486,0.498524,0.41846,10.00
0.101490,5.001032,0.498073,0.41841,10.00
0.101500,5.001253,0.497523,0.41837,10.00
0.101510,5.000260,0.497362,0.41884,10.00
0.101520,4.999278,0.497701,0.41910,10.00
0.101530,4.998325,0.498362,0.41925,10.00
0.101540,4.997413,0.499249,0.41935,10.00
0.101550,4.996542,0.500303,0.41940,10.00
0.101560,4.995694,0.501501,0.41945,10.00
0.101570,4.994908,0.502823,0.41949,10.00
0.101580,4.994188,0.504244,0.41951,10.00
0.101590,4.993537,0.505745,0.41952,10.00
0.101600,4.992886,0.507310,0.41952,10.00
0.101610,4.992017,0.509041,0.41965,10.00
0.101620,4.991235,0.510948,0.41971,10.00
0.101630,4.990547,0.512971,0.41974,10.00
0.101640,4.989957,0.515072,0.41975,10.00
0.101650,4.989949,0.517223,0.41975,10.00
0.101660,4.991957,0.518645,0.41896,10.00
0.101670,4.993993,0.519164,0.41849,10.00
0.101680,4.996027,0.519061,0.41821,10.00
0.101690,4.998033,0.518491,0.41802,10.00
0.101700,4.999897,0.517545,0.41789,10.00
0.101710,5.001316,0.516429,0.41795,10.00
0.101720,5.002676,0.515212,0.41796,10.00
0.101730,5.003970,0.513864,0.41795,10.00
0.101740,5.005194,0.512375,0.41793,10.00
0.101750,5.006208,0.510748,0.41791,10.00
0.101760,5.006616,0.509198,0.41810,10.00
0.101770,5.006955,0.507781,0.41820,10.00
0.101780,5.007230,0.506429,0.41826,10.00
0.101790,5.007443,0.505111,0.41830,10.00
0.101800,5.007369,0.503815,0.41832,10.00
0.101810,5.006335,0.502892,0.41871,10.00
0.101820,5.005276,0.502420,0.41894,10.00
0.101830,5.004210,0.502263,0.41909,10.00
0.101840,5.003148,0.502347,0.41918,10.00
0.101850,5.002395,0.502631,0.41925,10.00
0.101860,5.002832,0.502630,0.41883,10.00
0.101870,5.003254,0.502231,0.41860,10.00
0.101880,5.003650,0.501602,0.41848,10.00
0.101890,5.004011,0.500835,0.41841,10.00
0.101900,5.004226,0.499983,0.41838,10.00
0.101910,5.003972,0.499244,0.41853,10.00
0.101920,5.003690,0.498673,0.41862,10.00
0.101930,5.003387,0.498218,0.41868,10.00
0.101940,5.003067,0.497851,0.41872,10.00
0.101950,5.002586,0.497559,0.41875,10.00
0.101960,5.001509,0.497562,0.41902,10.00
0.101970,5.000446,0.497906,0.41917,10.00
0.101980,4.999411,0.498496,0.41927,10.00
0.101990,4.998413,0.499279,0.41934,10.00
0.102000,4.997648,0.500221,0.41939,10.00
0.102010,4.997677,0.501009,0.41912,10.00
0.102020,4.997736,0.501563,0.41897,10.00
0.102030,4.997815,0.501985,0.41889,10.00
0.102040,4.997911,0.502325,0.41885,10.00
0.102050,4.998238,0.502612,0.41882,10.00
0.102060,4.999432,0.502524,0.41845,10.00
0.102070,5.000605,0.501999,0.41824,10.00
0.102080,5.001740,0.501171,0.41811,10.00
0.102090,5.002826,0.500118,0.41803,10.00
0.102100,5.003653,0.498888,0.41797,10.00
0.102110,5.003615,0.497823,0.41826,10.00
0.102120,5.003536,0.497011,0.41842,10.00
0.102130,5.003425,0.496348,0.41851,10.00
0.102140,5.003287,0.495781,0.41856,10.00
0.102150,5.002764,0.495283,0.41860,10.00
0.102160,5.000789,0.495396,0.41920,10.00
0.102170,4.998848,0.496232,0.41956,10.00
0.102180,4.996968,0.497568,0.41977,10.00
0.102190,4.995169,0.499278,0.41990,10.00
0.102200,4.994108,0.501283,0.42000,10.00
0.102210,4.995706,0.502542,0.41903,10.00
0.102220,4.997324,0.502806,0.41848,10.00
0.102230,4.998929,0.502435,0.41817,10.00
0.102240,5.000497,0.501628,0.41798,10.00
0.102250,5.001935,0.500495,0.41786,10.00
0.102260,5.003000,0.499221,0.41790,10.00
0.102270,5.004001,0.497875,0.41791,10.00
0.102280,5.004933,0.496441,0.41791,10.00
0.102290,5.005794,0.494916,0.41790,10.00
0.102300,5.006345,0.493306,0.41789,10.00
0.102310,5.005890,0.491979,0.41826,10.00
0.102320,5.005387,0.491025,0.41847,10.00
0.102330,5.004851,0.490314,0.41860,10.00
0.102340,5.004290,0.489778,0.41868,10.00
0.102350,5.003717,0.489382,0.41874,10.00
0.102360,5.003158,0.489096,0.41877,10.00
0.102370,5.002591,0.488906,0.41880,10.00
0.102380,5.002020,0.488811,0.41883,10.00
0.102390,5.001451,0.488808,0.41886,10.00
0.102400,5.000844,0.488893,0.41889,10.00
0.102410,5.000080,0.489129,0.41898,10.00
0.102420,4.999334,0.489524,0.41904,10.00
0.102430,4.998613,0.490051,0.41908,10.00
0.102440,4.997923,0.490689,0.41912,10.00
0.102450,4.997420,0.491426,0.41914,10.00
0.102460,4.997560,0.492017,0.41892,10.00
0.102470,4.997721,0.492403,0.41880,10.00
0.102480,4.997895,0.492665,0.41873,10.00
0.102490,4.998078,0.492848,0.41869,10.00
0.102500,4.998349,0.492974,0.41866,10.00
0.102510,4.998953,0.492930,0.41851,10.00
0.102520,4.999546,0.492695,0.41843,10.00
0.102530,5.000122,0.492323,0.41837,10.00
0.102540,5.000676,0.491845,0.41833,10.00
0.102550,5.000915,0.491280,0.41831,10.00
0.102560,4.999988,0.491080,0.41875,10.00
0.102570,4.999070,0.491346,0.41899,10.00
0.102580,4.998177,0.491918,0.41913,10.00
0.102590,4.997319,0.492702,0.41922,10.00
0.102600,4.996505,0.493647,0.41928,10.00
0.102610,4.995737,0.494720,0.41932,10.00
0.102620,4.995025,0.495900,0.41934,10.00
0.102630,4.994372,0.497169,0.41936,10.00
0.102640,4.993781,0.498512,0.41937,10.00
0.102650,4.993264,0.499915,0.41938,10.00
0.102660,4.992845,0.501355,0.41937,10.00
0.102670,4.992495,0.502816,0.41936,10.00
0.102680,4.992212,0.504292,0.41935,10.00
0.102690,4.991999,0.505773,0.41934,10.00
0.102700,4.992032,0.507250,0.41933,10.00
0.102710,4.992841,0.508441,0.41903,10.00
0.102720,4.993690,0.509279,0.41885,10.00
0.102730,4.994566,0.509860,0.41873,10.00
0.102740,4.995459,0.510237,0.41865,10.00
0.102750,4.996345,0.510437,0.41859,10.00
0.102760,4.997171,0.510502,0.41856,10.00
0.102770,4.997994,0.510446,0.41853,10.00
0.102780,4.998807,0.510269,0.41849,10.00
0.102790,4.999605,0.509974,0.41846,10.00
0.102800,5.000245,0.509563,0.41843,10.00
0.102810,5.000317,0.509251,0.41862,10.00
0.102820,5.000379,0.509088,0.41871,10.00
0.102830,5.000436,0.508999,0.41876,10.00
0.102840,5.000489,0.508945,0.41879,10.00
0.102850,5.000553,0.508905,0.41880,10.00
0.102860,5.000662,0.508851,0.41879,10.00
0.102870,5.000768,0.508773,0.41878,10.00
0.102880,5.000869,0.508674,0.41877,10.00
0.102890,5.000965,0.508560,0.41876,10.00
0.102900,5.001260,0.508430,0.41876,10.00
0.102910,5.002359,0.507979,0.41844,10.00
0.102920,5.003421,0.507140,0.41825,10.00
0.102930,5.004432,0.506037,0.41814,10.00
0.102940,5.005384,0.504740,0.41807,10.00
0.102950,5.006190,0.503294,0.41802,10.00
0.102960,5.006614,0.501845,0.41812,10.00
0.102970,5.006972,0.500442,0.41817,10.00
0.102980,5.007266,0.499057,0.41820,10.00
0.102990,5.007495,0.497681,0.41822,10.00
0.103000,5.007585,0.496313,0.41824,10.00
0.103010,5.007308,0.495073,0.41837,10.00
0.103020,5.006980,0.493993,0.41846,10.00
0.103030,5.006608,0.493035,0.41852,10.00
0.103040,5.006198,0.492181,0.41856,10.00
0.103050,5.005768,0.491423,0.41860,10.00
0.103060,5.005370,0.490735,0.41861,10.00
0.103070,5.004943,0.490111,0.41863,10.00
0.103080,5.004493,0.489561,0.41866,10.00
0.103090,5.004021,0.489089,0.41868,10.00
0.103100,5.003519,0.488699,0.41871,10.00
0.103110,5.002950,0.488413,0.41876,10.00
0.103120,5.002373,0.488236,0.41880,10.00
0.103130,5.001794,0.488161,0.41883,10.00
0.103140,5.001217,0.488181,0.41886,10.00
0.103150,5.000731,0.488293,0.41889,10.00
0.103160,5.000597,0.488362,0.41878,10.00
0.103170,5.000464,0.488357,0.41872,10.00
0.103180,5.000331,0.488324,0.41870,10.00
0.103190,5.000197,0.488288,0.41869,10.00
0.103200,4.999739,0.488260,0.41869,10.00
0.103210,4.998005,0.488731,0.41919,10.00
0.103220,4.996317,0.489810,0.41948,10.00
0.103230,4.994699,0.491309,0.41966,10.00
0.103240,4.993164,0.493119,0.41977,10.00
0.103250,4.991708,0.495176,0.41985,10.00
0.103260,4.990290,0.497459,0.41993,10.00
0.103270,4.988988,0.499939,0.41998,10.00
0.103280,4.987809,0.502580,0.42001,10.00
0.103290,4.986759,0.505350,0.42003,10.00
0.103300,4.986076,0.508221,0.42004,10.00
0.103310,4.986458,0.510819,0.41968,10.00
0.103320,4.986945,0.513042,0.41946,10.00
0.103330,4.987523,0.515004,0.41932,10.00
0.103340,4.988182,0.516760,0.41922,10.00
0.103350,4.989002,0.518336,0.41914,10.00
0.103360,4.990241,0.519609,0.41894,10.00
0.103370,4.991524,0.520553,0.41880,10.00
0.103380,4.992835,0.521220,0.41869,10.00
0.103390,4.994164,0.521639,0.41860,10.00
0.103400,4.995339,0.521827,0.41853,10.00
0.103410,4.995872,0.522036,0.41871,10.00
0.103420,4.996415,0.522329,0.41879,10.00
0.103430,4.996970,0.522620,0.41881,10.00
0.103440,4.997533,0.522864,0.41881,10.00
0.103450,4.998132,0.523040,0.41880,10.00
0.103460,4.998846,0.523092,0.41873,10.00
0.103470,4.999555,0.523008,0.41868,10.00
0.103480,5.000254,0.522801,0.41864,10.00
0.103490,5.000938,0.522483,0.41861,10.00
0.103500,5.001617,0.522061,0.41858,10.00
0.103510,5.002337,0.521517,0.41853,10.00
0.103520,5.003026,0.520854,0.41849,10.00
0.103530,5.003679,0.520088,0.41846,10.00
0.103540,5.004292,0.519231,0.41844,10.00
0.103550,5.005235,0.518294,0.41842,10.00
0.103560,5.007612,0.516732,0.41783,10.00
0.103570,5.009885,0.514431,0.41749,10.00
0.103580,5.012029,0.511618,0.41728,10.00
0.103590,5.014025,0.508425,0.41716,10.00
0.103600,5.015560,0.504937,0.41707,10.00
0.103610,5.015736,0.501659,0.41748,10.00
0.103620,5.015772,0.498736,0.41771,10.00
0.103630,5.015683,0.496036,0.41785,10.00
0.103640,5.015475,0.493496,0.41795,10.00
0.103650,5.015180,0.491090,0.41802,10.00
0.103660,5.014870,0.488777,0.41805,10.00
0.103670,5.014458,0.486553,0.41809,10.00
0.103680,5.013950,0.484437,0.41813,10.00
0.103690,5.013352,0.482444,0.41818,10.00
0.103700,5.012626,0.480587,0.41824,10.00
0.103710,5.011650,0.478941,0.41836,10.00
0.103720,5.010611,0.477530,0.41846,10.00
0.103730,5.009518,0.476337,0.41854,10.00
0.103740,5.008381,0.475354,0.41862,10.00
0.103750,5.007161,0.474576,0.41868,10.00
0.103760,5.005718,0.474075,0.41883,10.00
0.103770,5.004267,0.473865,0.41894,10.00
0.103780,5.002820,0.473915,0.41902,10.00
0.103790,5.001389,0.474203,0.41910,10.00
0.103800,4.999886,0.474716,0.41917,10.00
0.103810,4.998032,0.475584,0.41937,10.00
0.103820,4.996236,0.476828,0.41951,10.00
0.103830,4.994514,0.478378,0.41961,10.00
0.103840,4.992877,0.480190,0.41969,10.00
0.103850,4.991511,0.482231,0.41975,10.00
0.103860,4.990941,0.484216,0.41953,10.00
0.103870,4.990460,0.486064,0.41941,10.00
0.103880,4.990063,0.487849,0.41935,10.00
0.103890,4.989749,0.489607,0.41931,10.00
0.103900,4.989559,0.491350,0.41929,10.00
0.103910,4.989621,0.493012,0.41920,10.00
0.103920,4.989757,0.494576,0.41914,10.00
0.103930,4.989960,0.496058,0.41910,10.00
0.103940,4.990228,0.497461,0.41906,10.00
0.103950,4.990654,0.498786,0.41903,10.00
0.103960,4.991527,0.499884,0.41884,10.00
0.103970,4.992438,0.500717,0.41872,10.00
0.103980,4.993377,0.501335,0.41864,10.00
0.103990,4.994334,0.501768,0.41857,10.00
0.104000,4.994936,0.502028,0.41851,10.00
0.104010,4.994093,0.502664,0.41902,10.00
0.104020,4.993298,0.503802,0.41929,10.00
0.104030,4.992566,0.505241,0.41944,10.00
0.104040,4.991909,0.506866,0.41952,10.00
0.104050,4.991468,0.508613,0.41956,10.00
0.104060,4.991649,0.510239,0.41937,10.00
0.104070,4.991898,0.511671,0.41926,10.00
0.104080,4.992207,0.512965,0.41919,10.00
0.104090,4.992569,0.514144,0.41913,10.00
0.104100,4.993083,0.515222,0.41909,10.00
0.104110,4.994044,0.516053,0.41889,10.00
0.104120,4.995030,0.516603,0.41877,10.00
0.104130,4.996030,0.516928,0.41868,10.00
0.104140,4.997035,0.517059,0.41861,10.00
0.104150,4.998177,0.517014,0.41855,10.00
0.104160,4.999865,0.516601,0.41829,10.00
0.104170,5.001516,0.515782,0.41812,10.00
0.104180,5.003112,0.514645,0.41800,10.00
0.104190,5.004643,0.513244,0.41792,10.00
0.104200,5.005809,0.511614,0.41786,10.00
0.104210,5.005755,0.510204,0.41824,10.00
0.104220,5.005647,0.509128,0.41844,10.00
0.104230,5.005496,0.508248,0.41856,10.00
0.104240,5.005309,0.507491,0.41863,10.00
0.104250,5.005116,0.506822,0.41867,10.00
0.104260,5.004989,0.506187,0.41867,10.00
0.104270,5.004834,0.505571,0.41867,10.00
0.104280,5.004653,0.504985,0.41868,10.00
0.104290,5.004447,0.504433,0.41870,10.00
0.104300,5.004308,0.503923,0.41871,10.00
0.104310,5.004503,0.503325,0.41859,10.00
0.104320,5.004668,0.502614,0.41853,10.00
0.104330,5.004798,0.501842,0.41850,10.00
0.104340,5.004891,0.501040,0.41849,10.00
0.104350,5.004862,0.500227,0.41848,10.00
0.104360,5.004462,0.499538,0.41861,10.00
0.104370,5.004036,0.499010,0.41869,10.00
0.104380,5.003592,0.498604,0.41875,10.00
0.104390,5.003134,0.498298,0.41879,10.00
0.104400,5.002783,0.498082,0.41882,10.00
0.104410,5.002886,0.497779,0.41867,10.00
0.104420,5.002971,0.497349,0.41860,10.00
0.104430,5.003035,0.496853,0.41856,10.00
0.104440,5.003074,0.496325,0.41855,10.00
0.104450,5.003025,0.495786,0.41854,10.00
0.104460,5.002696,0.495341,0.41864,10.00
0.104470,5.002352,0.495019,0.41870,10.00
0.104480,5.001997,0.494791,0.41874,10.00
0.104490,5.001636,0.494640,0.41877,10.00
0.104500,5.001026,0.494557,0.41879,10.00
0.104510,4.999444,0.494894,0.41918,10.00
0.104520,4.997899,0.495726,0.41941,10.00
0.104530,4.996408,0.496915,0.41955,10.00
0.104540,4.994986,0.498379,0.41965,10.00
0.104550,4.993846,0.500069,0.41972,10.00
0.104560,4.993598,0.501654,0.41946,10.00
0.104570,4.993418,0.503041,0.41933,10.00
0.104580,4.993298,0.504320,0.41925,10.00
0.104590,4.993234,0.505533,0.41920,10.00
0.104600,4.993473,0.506701,0.41917,10.00
0.104610,4.994746,0.507471,0.41878,10.00
0.104620,4.996034,0.507761,0.41854,10.00
0.104630,4.997320,0.507707,0.41839,10.00
0.104640,4.998590,0.507382,0.41829,10.00
0.104650,4.999739,0.506831,0.41822,10.00
0.104660,5.000481,0.506215,0.41829,10.00
0.104670,5.001191,0.505585,0.41832,10.00
0.104680,5.001868,0.504906,0.41833,10.00
0.104690,5.002509,0.504161,0.41832,10.00
0.104700,5.003172,0.503346,0.41831,10.00
0.104710,5.004032,0.502376,0.41821,10.00
0.104720,5.004839,0.501235,0.41815,10.00
0.104730,5.005587,0.499964,0.41811,10.00
0.104740,5.006271,0.498588,0.41808,10.00
0.104750,5.006847,0.497128,0.41806,10.00
0.104760,5.007193,0.495659,0.41811,10.00
0.104770,5.007472,0.494207,0.41814,10.00
0.104780,5.007684,0.492764,0.41816,10.00
0.104790,5.007830,0.491330,0.41818,10.00
0.104800,5.007788,0.489912,0.41819,10.00
0.104810,5.007200,0.488690,0.41839,10.00
0.104820,5.006566,0.487713,0.41851,10.00
0.104830,5.005896,0.486923,0.41860,10.00
0.104840,5.005198,0.486288,0.41866,10.00
0.104850,5.004491,0.485795,0.41871,10.00
0.104860,5.003823,0.485413,0.41874,10.00
0.104870,5.003144,0.485135,0.41876,10.00
0.104880,5.002459,0.484964,0.41880,10.00
0.104890,5.001771,0.484900,0.41883,10.00
0.104900,5.001228,0.484943,0.41886,10.00
0.104910,5.001250,0.484890,0.41868,10.00
0.104920,5.001266,0.484690,0.41859,10.00
0.104930,5.001270,0.484418,0.41855,10.00
0.104940,5.001260,0.484112,0.41853,10.00
0.104950,5.001066,0.483795,0.41852,10.00
0.104960,5.000180,0.483724,0.41877,10.00
0.104970,4.999303,0.483962,0.41892,10.00
0.104980,4.998448,0.484422,0.41901,10.00
0.104990,4.997623,0.485053,0.41908,10.00
0.105000,4.996577,0.485823,0.41912,10.00
0.105010,4.994562,0.487080,0.41953,10.00
0.105020,4.992629,0.488890,0.41978,10.00
0.105030,4.990797,0.491103,0.41993,10.00
0.105040,4.989084,0.493626,0.42003,10.00
0.105050,4.987804,0.496400,0.42010,10.00
0.105060,4.987871,0.498945,0.41970,10.00
0.105070,4.988041,0.501125,0.41948,10.00
0.105080,4.988303,0.503075,0.41935,10.00
0.105090,4.988648,0.504861,0.41926,10.00
0.105100,4.989200,0.506513,0.41919,10.00
0.105110,4.990340,0.507855,0.41895,10.00
0.105120,4.991526,0.508848,0.41879,10.00
0.105130,4.992743,0.509561,0.41867,10.00
0.105140,4.993981,0.510031,0.41858,10.00
0.105150,4.994912,0.510279,0.41851,10.00
0.105160,4.994593,0.510769,0.41890,10.00
0.105170,4.994309,0.511613,0.41911,10.00
0.105180,4.994069,0.512649,0.41922,10.00
0.105190,4.993880,0.513786,0.41927,10.00
0.105200,4.993917,0.514973,0.41929,10.00
0.105210,4.994688,0.515935,0.41905,10.00
0.105220,4.995490,0.516595,0.41890,10.00
0.105230,4.996312,0.517030,0.41880,10.00
0.105240,4.997145,0.517284,0.41873,10.00
0.105250,4.998093,0.517379,0.41867,10.00
0.105260,4.999480,0.517169,0.41846,10.00
0.105270,5.000841,0.516630,0.41832,10.00
0.105280,5.002164,0.515827,0.41823,10.00
0.105290,5.003438,0.514803,0.41816,10.00
0.105300,5.004818,0.513584,0.41810,10.00
0.105310,5.006776,0.511961,0.41782,10.00
0.105320,5.008639,0.509900,0.41764,10.00
0.105330,5.010391,0.507504,0.41753,10.00
0.105340,5.012019,0.504839,0.41745,10.00
0.105350,5.013142,0.501954,0.41739,10.00
0.105360,5.012661,0.499409,0.41789,10.00
0.105370,5.012080,0.497356,0.41817,10.00
0.105380,5.011417,0.495628,0.41834,10.00
0.105390,5.010686,0.494138,0.41846,10.00
0.105400,5.010247,0.492844,0.41854,10.00
0.105410,5.011143,0.491231,0.41810,10.00
0.105420,5.011948,0.489175,0.41787,10.00
0.105430,5.012649,0.486859,0.41775,10.00
0.105440,5.013237,0.484390,0.41769,10.00
0.105450,5.013593,0.481832,0.41766,10.00
0.105460,5.013374,0.479393,0.41782,10.00
0.105470,5.013051,0.477141,0.41793,10.00
0.105480,5.012632,0.475040,0.41800,10.00
0.105490,5.012123,0.473078,0.41807,10.00
0.105500,5.011322,0.471251,0.41813,10.00
0.105510,5.009617,0.469858,0.41848,10.00
0.105520,5.007872,0.468972,0.41871,10.00
0.105530,5.006105,0.468489,0.41887,10.00
0.105540,5.004334,0.468349,0.41900,10.00
0.105550,5.002798,0.468518,0.41910,10.00
0.105560,5.002176,0.468658,0.41887,10.00
0.105570,5.001558,0.468677,0.41876,10.00
0.105580,5.000944,0.468679,0.41872,10.00
0.105590,5.000333,0.468719,0.41871,10.00
0.105600,4.999534,0.468824,0.41872,10.00
0.105610,4.997976,0.469281,0.41902,10.00
0.105620,4.996457,0.470158,0.41920,10.00
0.105630,4.994993,0.471352,0.41932,10.00
0.105640,4.993598,0.472802,0.41941,10.00
0.105650,4.992523,0.474468,0.41947,10.00
0.105660,4.992496,0.475978,0.41918,10.00
0.105670,4.992530,0.477230,0.41901,10.00
0.105680,4.992617,0.478331,0.41892,10.00
0.105690,4.992750,0.479334,0.41887,10.00
0.105700,4.992658,0.480265,0.41883,10.00
0.105710,4.991546,0.481511,0.41918,10.00
0.105720,4.990507,0.483163,0.41938,10.00
0.105730,4.989555,0.485079,0.41950,10.00
0.105740,4.988700,0.487177,0.41956,10.00
0.105750,4.987959,0.489402,0.41960,10.00
0.105760,4.987371,0.491704,0.41961,10.00
0.105770,4.986890,0.494050,0.41960,10.00
0.105780,4.986519,0.496423,0.41960,10.00
0.105790,4.986258,0.498806,0.41959,10.00
0.105800,4.986256,0.501182,0.41957,10.00
0.105810,4.986957,0.503322,0.41933,10.00
0.105820,4.987742,0.505163,0.41918,10.00
0.105830,4.988602,0.506767,0.41908,10.00
0.105840,4.989524,0.508165,0.41899,10.00
0.105850,4.990497,0.509370,0.41892,10.00
0.105860,4.991501,0.510394,0.41886,10.00
0.105870,4.992543,0.511238,0.41880,10.00
0.105880,4.993613,0.511903,0.41874,10.00
0.105890,4.994704,0.512388,0.41869,10.00
0.105900,4.995582,0.512693,0.41863,10.00
0.105910,4.995577,0.513134,0.41889,10.00
0.105920,4.995599,0.513786,0.41903,10.00
0.105930,4.995653,0.514537,0.41909,10.00
0.105940,4.995742,0.515323,0.41912,10.00
0.105950,4.996143,0.516109,0.41912,10.00
0.105960,4.997676,0.516488,0.41872,10.00
0.105970,4.999204,0.516357,0.41848,10.00
0.105980,5.000709,0.515851,0.41832,10.00
0.105990,5.002176,0.515049,0.41821,10.00
0.106000,5.003349,0.513995,0.41813,10.00
0.106010,5.003494,0.513062,0.41841,10.00
0.106020,5.003603,0.512352,0.41856,10.00
0.106030,5.003682,0.511758,0.41864,10.00
0.106040,5.003736,0.511225,0.41868,10.00
0.106050,5.004102,0.510725,0.41870,10.00
0.106060,5.005773,0.509780,0.41824,10.00
0.106070,5.007377,0.508273,0.41797,10.00
0.106080,5.008894,0.506379,0.41781,10.00
0.106090,5.010310,0.504199,0.41771,10.00
0.106100,5.011515,0.501795,0.41764,10.00
0.106110,5.012203,0.499352,0.41773,10.00
0.106120,5.012778,0.496935,0.41778,10.00
0.106130,5.013241,0.494521,0.41781,10.00
0.106140,5.013592,0.492107,0.41784,10.00
0.106150,5.013693,0.489699,0.41786,10.00
0.106160,5.013138,0.487499,0.41807,10.00
0.106170,5.012492,0.485567,0.41821,10.00
0.106180,5.011768,0.483845,0.41831,10.00
0.106190,5.010974,0.482308,0.41838,10.00
0.106200,5.010313,0.480944,0.41845,10.00
0.106210,5.010368,0.479480,0.41824,10.00
0.106220,5.010352,0.477853,0.41814,10.00
0.106230,5.010261,0.476166,0.41810,10.00
0.106240,5.010093,0.474476,0.41809,10.00
0.106250,5.009763,0.472820,0.41810,10.00
0.106260,5.009017,0.471343,0.41825,10.00
0.106270,5.008214,0.470088,0.41835,10.00
0.106280,5.007363,0.469025,0.41842,10.00
0.106290,5.006473,0.468138,0.41849,10.00
0.106300,5.005445,0.467419,0.41855,10.00
0.106310,5.003974,0.467011,0.41875,10.00
0.106320,5.002501,0.466947,0.41889,10.00
0.106330,5.001040,0.467169,0.41900,10.00
0.106340,4.999602,0.467645,0.41908,10.00
0.106350,4.998316,0.468352,0.41915,10.00
0.106360,4.997537,0.469111,0.41905,10.00
0.106370,4.996795,0.469869,0.41901,10.00
0.106380,4.996092,0.470673,0.41900,10.00
0.106390,4.995431,0.471542,0.41901,10.00
0.106400,4.994568,0.472483,0.41902,10.00
0.106410,4.992782,0.473834,0.41938,10.00
0.106420,4.991079,0.475670,0.41959,10.00
0.106430,4.989477,0.477858,0.41973,10.00
0.106440,4.987989,0.480318,0.41982,10.00
0.106450,4.986605,0.482994,0.41988,10.00
0.106460,4.985273,0.485877,0.41995,10.00
0.106470,4.984084,0.488940,0.42000,10.00
0.106480,4.983042,0.492143,0.42003,10.00
0.106490,4.982154,0.495454,0.42004,10.00
0.106500,4.981863,0.498843,0.42005,10.00
0.106510,4.983475,0.501675,0.41943,10.00
0.106520,4.985188,0.503782,0.41906,10.00
0.106530,4.986974,0.505361,0.41882,10.00
0.106540,4.988811,0.506518,0.41865,10.00
0.106550,4.990658,0.507307,0.41851,10.00
0.106560,4.992422,0.507795,0.41844,10.00
0.106570,4.994193,0.508008,0.41836,10.00
0.106580,4.995958,0.507948,0.41828,10.00
0.106590,4.997704,0.507618,0.41820,10.00
0.106600,4.998988,0.507026,0.41812,10.00
0.106610,4.998518,0.506772,0.41865,10.00
0.106620,4.998052,0.507010,0.41894,10.00
0.106630,4.997608,0.507532,0.41909,10.00
0.106640,4.997195,0.508225,0.41918,10.00
0.106650,4.997268,0.509027,0.41922,10.00
0.106660,4.999165,0.509284,0.41863,10.00
0.106670,5.001045,0.508828,0.41827,10.00
0.106680,5.002881,0.507870,0.41806,10.00
0.106690,5.004655,0.506532,0.41791,10.00
0.106700,5.006481,0.504883,0.41781,10.00
0.106710,5.008732,0.502794,0.41755,10.00
0.106720,5.010865,0.500256,0.41738,10.00
0.106730,5.012863,0.497363,0.41727,10.00
0.106740,5.014713,0.494176,0.41718,10.00
0.106750,5.015982,0.490745,0.41712,10.00
0.106760,5.015412,0.487682,0.41766,10.00
0.106770,5.014721,0.485161,0.41797,10.00
0.106780,5.013930,0.483003,0.41816,10.00
0.106790,5.013052,0.481117,0.41828,10.00
0.106800,5.012054,0.479460,0.41838,10.00
0.106810,5.010818,0.478071,0.41852,10.00
0.106820,5.009531,0.476958,0.41863,10.00
0.106830,5.008207,0.476095,0.41872,10.00
0.106840,5.006856,0.475470,0.41880,10.00
0.106850,5.005613,0.475073,0.41887,10.00
0.106860,5.004851,0.474733,0.41877,10.00
0.106870,5.004078,0.474403,0.41874,10.00
0.106880,5.003295,0.474141,0.41874,10.00
0.106890,5.002506,0.473973,0.41876,10.00
0.106900,5.001730,0.473916,0.41879,10.00
0.106910,5.001014,0.473956,0.41880,10.00
0.106920,5.000306,0.474089,0.41882,10.00
0.106930,4.999610,0.474321,0.41885,10.00
0.106940,4.998931,0.474654,0.41888,10.00
0.106950,4.998445,0.475084,0.41890,10.00
0.106960,4.998668,0.475374,0.41869,10.00
0.106970,4.998897,0.475463,0.41858,10.00
0.106980,4.999125,0.475431,0.41851,10.00
0.106990,4.999349,0.475322,0.41848,10.00
0.107000,4.999294,0.475158,0.41846,10.00
0.107010,4.998152,0.475323,0.41881,10.00
0.107020,4.997035,0.475912,0.41902,10.00
0.107030,4.995958,0.476796,0.41915,10.00
0.107040,4.994933,0.477901,0.41924,10.00
0.107050,4.993914,0.479181,0.41929,10.00
0.107060,4.992754,0.480678,0.41941,10.00
0.107070,4.991673,0.482387,0.41948,10.00
0.107080,4.990679,0.484264,0.41953,10.00
0.107090,4.989778,0.486276,0.41957,10.00
0.107100,4.988952,0.488399,0.41960,10.00
0.107110,4.988133,0.490644,0.41965,10.00
0.107120,4.987424,0.492999,0.41967,10.00
0.107130,4.986826,0.495433,0.41969,10.00
0.107140,4.986343,0.497920,0.41969,10.00
0.107150,4.986193,0.500439,0.41969,10.00
0.107160,4.987019,0.502677,0.41939,10.00
0.107170,4.987932,0.504543,0.41920,10.00
0.107180,4.988918,0.506126,0.41907,10.00
0.107190,4.989964,0.507471,0.41897,10.00
0.107200,4.991026,0.508599,0.41889,10.00
0.107210,4.991990,0.509568,0.41887,10.00
0.107220,4.992989,0.510393,0.41883,10.00
0.107230,4.994017,0.511060,0.41878,10.00
0.107240,4.995067,0.511560,0.41873,10.00
0.107250,4.996100,0.511892,0.41868,10.00
0.107260,4.997022,0.512092,0.41867,10.00
0.107270,4.997946,0.512173,0.41864,10.00
0.107280,4.998866,0.512121,0.41860,10.00
0.107290,4.999776,0.511935,0.41857,10.00
0.107300,5.000794,0.511613,0.41853,10.00
0.107310,5.002283,0.510991,0.41832,10.00
0.107320,5.003727,0.510034,0.41819,10.00
0.107330,5.005113,0.508810,0.41809,10.00
0.107340,5.006431,0.507360,0.41802,10.00
0.107350,5.007388,0.505714,0.41796,10.00
0.107360,5.007133,0.504278,0.41830,10.00
0.107370,5.006823,0.503165,0.41849,10.00
0.107380,5.006470,0.502254,0.41860,10.00
0.107390,5.006081,0.501484,0.41867,10.00
0.107400,5.005408,0.500824,0.41872,10.00
0.107410,5.003702,0.500599,0.41910,10.00
0.107420,5.002008,0.500886,0.41933,10.00
0.107430,5.000345,0.501556,0.41948,10.00
0.107440,4.998729,0.502536,0.41959,10.00
0.107450,4.997488,0.503781,0.41967,10.00
0.107460,4.997569,0.504837,0.41932,10.00
0.107470,4.997689,0.505577,0.41912,10.00
0.107480,4.997836,0.506135,0.41901,10.00
0.107490,4.998004,0.506581,0.41895,10.00
0.107500,4.997883,0.506950,0.41891,10.00
0.107510,4.996563,0.507670,0.41930,10.00
0.107520,4.995294,0.508850,0.41952,10.00
0.107530,4.994094,0.510345,0.41965,10.00
0.107540,4.992973,0.512071,0.41974,10.00
0.107550,4.992332,0.513976,0.41979,10.00
0.107560,4.993333,0.515503,0.41930,10.00
0.107570,4.994383,0.516496,0.41902,10.00
0.107580,4.995464,0.517124,0.41885,10.00
0.107590,4.996560,0.517475,0.41873,10.00
0.107600,4.997575,0.517598,0.41864,10.00
0.107610,4.998245,0.517634,0.41869,10.00
0.107620,4.998913,0.517629,0.41870,10.00
0.107630,4.999575,0.517552,0.41869,10.00
0.107640,5.000229,0.517390,0.41867,10.00
0.107650,5.000786,0.517137,0.41864,10.00
0.107660,5.000995,0.516903,0.41873,10.00
0.107670,5.001194,0.516718,0.41877,10.00
0.107680,5.001385,0.516545,0.41879,10.00
0.107690,5.001566,0.516364,0.41879,10.00
0.107700,5.001614,0.516168,0.41879,10.00
0.107710,5.001161,0.516116,0.41895,10.00
0.107720,5.000713,0.516250,0.41904,10.00
0.107730,5.000277,0.516508,0.41910,10.00
0.107740,4.999857,0.516859,0.41913,10.00
0.107750,4.999680,0.517282,0.41916,10.00
0.107760,5.000404,0.517472,0.41888,10.00
0.107770,5.001124,0.517345,0.41872,10.00
0.107780,5.001829,0.517004,0.41862,10.00
0.107790,5.002511,0.516502,0.41855,10.00
0.107800,5.003233,0.515874,0.41851,10.00
0.107810,5.004196,0.515047,0.41838,10.00
0.107820,5.005111,0.514012,0.41830,10.00
0.107830,5.005971,0.512816,0.41824,10.00
0.107840,5.006768,0.511487,0.41820,10.00
0.107850,5.007315,0.510046,0.41817,10.00
0.107860,5.007064,0.508754,0.41839,10.00
0.107870,5.006761,0.507687,0.41852,10.00
0.107880,5.006416,0.506770,0.41860,10.00
0.107890,5.006034,0.505966,0.41865,10.00
0.107900,5.005637,0.505258,0.41869,10.00
0.107910,5.005280,0.504615,0.41870,10.00
0.107920,5.004897,0.504029,0.41871,10.00
0.107930,5.004491,0.503506,0.41873,10.00
0.107940,5.004066,0.503052,0.41875,10.00
0.107950,5.003857,0.502670,0.41878,10.00
0.107960,5.004561,0.502054,0.41849,10.00
0.107970,5.005224,0.501127,0.41833,10.00
0.107980,5.005837,0.500004,0.41824,10.00
0.107990,5.006392,0.498747,0.41819,10.00
0.108000,5.006522,0.497396,0.41816,10.00
0.108010,5.005150,0.496456,0.41862,10.00
0.108020,5.003756,0.496063,0.41889,10.00
0.108030,5.002362,0.496060,0.41906,10.00
0.108040,5.000983,0.496361,0.41918,10.00
0.108050,4.999763,0.496915,0.41927,10.00
0.108060,4.999104,0.497520,0.41917,10.00
0.108070,4.998474,0.498110,0.41912,10.00
0.108080,4.997875,0.498732,0.41911,10.00
0.108090,4.997308,0.499407,0.41911,10.00
0.108100,4.996873,0.500142,0.41912,10.00
0.108110,4.996859,0.500812,0.41901,10.00
0.108120,4.996873,0.501381,0.41895,10.00
0.108130,4.996911,0.501892,0.41891,10.00
0.108140,4.996970,0.502362,0.41889,10.00
0.108150,4.996920,0.502803,0.41887,10.00
0.108160,4.996374,0.503388,0.41903,10.00
0.108170,4.995863,0.504159,0.41912,10.00
0.108180,4.995393,0.505056,0.41917,10.00
0.108190,4.994967,0.506040,0.41921,10.00
0.108200,4.995098,0.507090,0.41923,10.00
0.108210,4.997289,0.507523,0.41857,10.00
0.108220,4.999467,0.507162,0.41819,10.00
0.108230,5.001602,0.506235,0.41794,10.00
0.108240,5.003674,0.504871,0.41778,10.00
0.108250,5.005089,0.503146,0.41766,10.00
0.108260,5.004132,0.501861,0.41831,10.00
0.108270,5.003140,0.501241,0.41868,10.00
0.108280,5.002136,0.501045,0.41890,10.00
0.108290,5.001137,0.501143,0.41903,10.00
0.108300,5.000239,0.501466,0.41912,10.00
0.108310,4.999705,0.501860,0.41907,10.00
0.108320,4.999191,0.502273,0.41906,10.00
0.108330,4.998700,0.502729,0.41906,10.00
0.108340,4.998233,0.503237,0.41906,10.00
0.108350,4.997810,0.503800,0.41908,10.00
0.108360,4.997484,0.504395,0.41907,10.00
0.108370,4.997187,0.505012,0.41906,10.00
0.108380,4.996920,0.505655,0.41907,10.00
0.108390,4.996684,0.506323,0.41907,10.00
0.108400,4.996521,0.507013,0.41907,10.00
0.108410,4.996555,0.507668,0.41902,10.00
0.108420,4.996617,0.508268,0.41899,10.00
0.108430,4.996704,0.508829,0.41897,10.00
0.108440,4.996816,0.509356,0.41895,10.00
0.108450,4.997000,0.509850,0.41894,10.00
0.108460,4.997402,0.510248,0.41886,10.00
0.108470,4.997817,0.510530,0.41881,10.00
0.108480,4.998241,0.510719,0.41877,10.00
0.108490,4.998669,0.510826,0.41874,10.00
0.108500,4.999052,0.510858,0.41872,10.00
0.108510,4.999253,0.510878,0.41875,10.00
0.108520,4.999454,0.510904,0.41877,10.00
0.108530,4.999655,0.510918,0.41877,10.00
0.108540,4.999856,0.510910,0.41877,10.00
0.108550,5.000153,0.510876,0.41876,10.00
0.108560,5.000839,0.510685,0.41862,10.00
0.108570,5.001509,0.510305,0.41854,10.00
0.108580,5.002154,0.509783,0.41848,10.00
0.108590,5.002769,0.509145,0.41844,10.00
0.108600,5.003097,0.508410,0.41841,10.00
0.108610,5.002387,0.507917,0.41872,10.00
0.108620,5.001668,0.507760,0.41889,10.00
0.108630,5.000951,0.507830,0.41899,10.00
0.108640,5.000246,0.508069,0.41906,10.00
0.108650,4.999730,0.508444,0.41911,10.00
0.108660,4.999918,0.508712,0.41893,10.00
0.108670,5.000113,0.508804,0.41883,10.00
0.108680,5.000308,0.508790,0.41877,10.00
0.108690,5.000499,0.508706,0.41874,10.00
0.108700,5.000748,0.508573,0.41872,10.00
0.108710,5.001239,0.508320,0.41862,10.00
0.108720,5.001712,0.507935,0.41856,10.00
0.108730,5.002163,0.507450,0.41852,10.00
0.108740,5.002588,0.506887,0.41850,10.00
0.108750,5.003191,0.506258,0.41848,10.00
0.108760,5.004584,0.505307,0.41819,10.00
0.108770,5.005916,0.503973,0.41802,10.00
0.108780,5.007174,0.502360,0.41792,10.00
0.108790,5.008347,0.500529,0.41784,10.00
0.108800,5.009212,0.498521,0.41779,10.00
0.108810,5.009128,0.496642,0.41802,10.00
0.108820,5.008966,0.494988,0.41816,10.00
0.108830,5.008734,0.493480,0.41824,10.00
0.108840,5.008437,0.492084,0.41830,10.00
0.108850,5.008081,0.490783,0.41834,10.00
0.108860,5.007668,0.489575,0.41838,10.00
0.108870,5.007205,0.488459,0.41841,10.00
0.108880,5.006696,0.487438,0.41845,10.00
0.108890,5.006146,0.486517,0.41848,10.00
0.108900,5.005437,0.485699,0.41852,10.00
0.108910,5.004211,0.485144,0.41871,10.00
0.108920,5.002975,0.484897,0.41884,10.00
0.108930,5.001740,0.484902,0.41893,10.00
0.108940,5.000517,0.485129,0.41901,10.00
0.108950,4.999190,0.485560,0.41908,10.00
0.108960,4.997399,0.486338,0.41929,10.00
0.108970,4.995662,0.487496,0.41944,10.00
0.108980,4.993994,0.488963,0.41955,10.00
0.108990,4.992408,0.490697,0.41963,10.00
0.109000,4.991064,0.492665,0.41970,10.00
0.109010,4.990420,0.494649,0.41956,10.00
0.109020,4.989868,0.496577,0.41950,10.00
0.109030,4.989404,0.498494,0.41946,10.00
0.109040,4.989030,0.500417,0.41945,10.00
0.109050,4.988629,0.502351,0.41944,10.00
0.109060,4.987857,0.504436,0.41958,10.00
0.109070,4.987187,0.506702,0.41965,10.00
0.109080,4.986627,0.509085,0.41969,10.00
0.109090,4.986180,0.511541,0.41972,10.00
0.109100,4.986052,0.514040,0.41972,10.00
0.109110,4.986845,0.516296,0.41946,10.00
0.109120,4.987727,0.518222,0.41930,10.00
0.109130,4.988686,0.519889,0.41918,10.00
0.109140,4.989709,0.521333,0.41910,10.00
0.109150,4.990667,0.522568,0.41902,10.00
0.109160,4.991187,0.523758,0.41910,10.00
0.109170,4.991759,0.524943,0.41913,10.00
0.109180,4.992381,0.526069,0.41912,10.00
0.109190,4.993049,0.527105,0.41910,10.00
0.109200,4.993832,0.528032,0.41907,10.00
0.109210,4.994944,0.528746,0.41894,10.00
0.109220,4.996076,0.529213,0.41884,10.00
0.109230,4.997218,0.529464,0.41876,10.00
0.109240,4.998361,0.529515,0.41870,10.00
0.109250,4.999448,0.529377,0.41864,10.00
0.109260,5.000326,0.529119,0.41864,10.00
0.109270,5.001186,0.528766,0.41862,10.00
0.109280,5.002022,0.528302,0.41860,10.00
0.109290,5.002831,0.527724,0.41857,10.00
0.109300,5.003611,0.527033,0.41854,10.00
0.109310,5.004366,0.526228,0.41850,10.00
0.109320,5.005078,0.525314,0.41847,10.00
0.109330,5.005743,0.524302,0.41844,10.00
0.109340,5.006357,0.523200,0.41842,10.00
0.109350,5.007304,0.522017,0.41840,10.00
0.109360,5.009731,0.520273,0.41789,10.00
0.109370,5.012048,0.517850,0.41759,10.00
0.109380,5.014232,0.514933,0.41740,10.00
0.109390,5.016262,0.511633,0.41726,10.00
0.109400,5.017760,0.508023,0.41717,10.00
0.109410,5.017635,0.504618,0.41755,10.00
0.109420,5.017367,0.501580,0.41777,10.00
0.109430,5.016969,0.498786,0.41791,10.00
0.109440,5.016452,0.496179,0.41800,10.00
0.109450,5.015438,0.493736,0.41807,10.00
0.109460,5.012796,0.491937,0.41862,10.00
0.109470,5.010106,0.490913,0.41897,10.00
0.109480,5.007399,0.490497,0.41921,10.00
0.109490,5.004700,0.490600,0.41939,10.00
0.109500,5.002238,0.491168,0.41955,10.00
0.109510,5.000648,0.491906,0.41942,10.00
0.109520,4.999100,0.492718,0.41939,10.00
0.109530,4.997600,0.493673,0.41940,10.00
0.109540,4.996154,0.494803,0.41943,10.00
0.109550,4.995158,0.496117,0.41948,10.00
0.109560,4.995764,0.497127,0.41904,10.00
0.109570,4.996400,0.497699,0.41880,10.00
0.109580,4.997051,0.497992,0.41866,10.00
0.109590,4.997707,0.498091,0.41857,10.00
0.109600,4.998050,0.498041,0.41851,10.00
0.109610,4.997152,0.498257,0.41885,10.00
0.109620,4.996279,0.498858,0.41905,10.00
0.109630,4.995445,0.499715,0.41917,10.00
0.109640,4.994659,0.500757,0.41924,10.00
0.109650,4.994212,0.501940,0.41929,10.00
0.109660,4.994952,0.502881,0.41897,10.00
0.109670,4.995722,0.503466,0.41879,10.00
0.109680,4.996507,0.503805,0.41868,10.00
0.109690,4.997299,0.503955,0.41860,10.00
0.109700,4.997661,0.503948,0.41854,10.00
0.109710,4.996316,0.504340,0.41903,10.00
0.109720,4.995010,0.505283,0.41930,10.00
0.109730,4.993764,0.506595,0.41947,10.00
0.109740,4.992591,0.508175,0.41958,10.00
0.109750,4.991769,0.509962,0.41965,10.00
0.109760,4.992097,0.511581,0.41937,10.00
0.109770,4.992489,0.512916,0.41921,10.00
0.109780,4.992934,0.514060,0.41911,10.00
0.109790,4.993425,0.515059,0.41905,10.00
0.109800,4.994034,0.515936,0.41900,10.00
0.109810,4.994983,0.516604,0.41886,10.00
0.109820,4.995952,0.517042,0.41876,10.00
0.109830,4.996931,0.517284,0.41869,10.00
0.109840,4.997912,0.517350,0.41863,10.00
0.109850,4.998743,0.517252,0.41858,10.00
0.109860,4.998993,0.517176,0.41871,10.00
0.109870,4.999241,0.517177,0.41877,10.00
0.109880,4.999488,0.517200,0.41879,10.00
0.109890,4.999735,0.517214,0.41880,10.00
0.109900,5.000013,0.517205,0.41880,10.00
0.109910,5.000415,0.517125,0.41875,10.00
0.109920,5.000809,0.516962,0.41872,10.00
0.109930,5.001191,0.516727,0.41870,10.00
0.109940,5.001560,0.516429,0.41867,10.00
0.109950,5.001970,0.516075,0.41866,10.00
0.109960,5.002592,0.515595,0.41857,10.00
0.109970,5.003186,0.514977,0.41851,10.00
0.109980,5.003745,0.514250,0.41847,10.00
0.109990,5.004267,0.513433,0.41845,10.00
0.110000,5.004845,0.512539,0.41842,10.00
0.110010,5.005766,0.511459,0.41829,10.00
0.110020,5.006628,0.510169,0.41820,10.00
0.110030,5.007423,0.508723,0.41814,10.00
0.110040,5.008146,0.507152,0.41810,10.00
0.110050,5.008763,0.505481,0.41807,10.00
0.110060,5.009188,0.503763,0.41809,10.00
0.110070,5.009534,0.502026,0.41809,10.00
0.110080,5.009798,0.500272,0.41810,10.00
0.110090,5.009982,0.498509,0.41810,10.00
0.110100,5.010252,0.496749,0.41811,10.00
0.110110,5.011104,0.494794,0.41792,10.00
0.110120,5.011858,0.492602,0.41781,10.00
0.110130,5.012504,0.490257,0.41775,10.00
0.110140,5.013037,0.487812,0.41772,10.00
0.110150,5.013015,0.485304,0.41770,10.00
0.110160,5.011127,0.483306,0.41823,10.00
0.110170,5.009176,0.481987,0.41856,10.00
0.110180,5.007188,0.481177,0.41878,10.00
0.110190,5.005185,0.480787,0.41894,10.00
0.110200,5.003439,0.480767,0.41907,10.00
0.110210,5.002725,0.480770,0.41887,10.00
0.110220,5.002011,0.480693,0.41878,10.00
0.110230,5.001298,0.480630,0.41875,10.00
0.110240,5.000586,0.480628,0.41875,10.00
0.110250,4.999796,0.480712,0.41877,10.00
0.110260,4.998683,0.480996,0.41890,10.00
0.110270,4.997594,0.481511,0.41899,10.00
0.110280,4.996539,0.482223,0.41906,10.00
0.110290,4.995527,0.483106,0.41911,10.00
0.110300,4.994693,0.484145,0.41916,10.00
0.110310,4.994433,0.485165,0.41904,10.00
0.110320,4.994218,0.486110,0.41899,10.00
0.110330,4.994046,0.487023,0.41896,10.00
0.110340,4.993916,0.487923,0.41894,10.00
0.110350,4.993671,0.488818,0.41893,10.00
0.110360,4.992846,0.489900,0.41912,10.00
0.110370,4.992082,0.491218,0.41923,10.00
0.110380,4.991385,0.492701,0.41929,10.00
0.110390,4.990762,0.494305,0.41934,10.00
0.110400,4.990300,0.496001,0.41936,10.00
0.110410,4.990248,0.497666,0.41928,10.00
0.110420,4.990269,0.499253,0.41924,10.00
0.110430,4.990361,0.500783,0.41920,10.00
0.110440,4.990520,0.502259,0.41918,10.00
0.110450,4.990763,0.503681,0.41915,10.00
0.110460,4.991143,0.505020,0.41911,10.00
0.110470,4.991580,0.506263,0.41907,10.00
0.110480,4.992069,0.507410,0.41903,10.00
0.110490,4.992605,0.508460,0.41900,10.00
0.110500,4.993258,0.509409,0.41897,10.00
0.110510,4.994244,0.510161,0.41884,10.00
0.110520,4.995254,0.510688,0.41875,10.00
0.110530,4.996278,0.511018,0.41868,10.00
0.110540,4.997307,0.511168,0.41862,10.00
0.110550,4.998456,0.511146,0.41857,10.00
0.110560,5.000077,0.510811,0.41837,10.00
0.110570,5.001666,0.510130,0.41824,10.00
0.110580,5.003208,0.509159,0.41813,10.00
0.110590,5.004693,0.507936,0.41805,10.00
0.110600,5.005733,0.506485,0.41798,10.00
0.110610,5.005207,0.505285,0.41837,10.00
0.110620,5.004640,0.504478,0.41859,10.00
0.110630,5.004046,0.503924,0.41872,10.00
0.110640,5.003434,0.503551,0.41880,10.00
0.110650,5.002986,0.503319,0.41886,10.00
0.110660,5.003221,0.502997,0.41869,10.00
0.110670,5.003436,0.502517,0.41861,10.00
0.110680,5.003625,0.501944,0.41856,10.00
0.110690,5.003786,0.501315,0.41853,10.00
0.110700,5.003900,0.500653,0.41852,10.00
0.110710,5.003921,0.499989,0.41853,10.00
0.110720,5.003911,0.499339,0.41854,10.00
0.110730,5.003873,0.498704,0.41854,10.00
0.110740,5.003806,0.498086,0.41855,10.00
0.110750,5.003683,0.497489,0.41856,10.00
0.110760,5.003417,0.496952,0.41861,10.00
0.110770,5.003129,0.496487,0.41864,10.00
0.110780,5.002823,0.496087,0.41866,10.00
0.110790,5.002503,0.495746,0.41868,10.00
0.110800,5.002209,0.495464,0.41870,10.00
0.110810,5.002064,0.495192,0.41867,10.00
0.110820,5.001907,0.494917,0.41866,10.00
0.110830,5.001739,0.494654,0.41866,10.00
0.110840,5.001560,0.494414,0.41867,10.00
0.110850,5.001179,0.494202,0.41868,10.00
0.110860,5.000028,0.494253,0.41891,10.00
0.110870,4.998893,0.494632,0.41906,10.00
0.110880,4.997788,0.495261,0.41916,10.00
0.110890,4.996722,0.496095,0.41923,10.00
0.110900,4.995929,0.497103,0.41929,10.00
0.110910,4.996080,0.497996,0.41907,10.00
0.110920,4.996265,0.498684,0.41895,10.00
0.110930,4.996476,0.499244,0.41888,10.00
0.110940,4.996710,0.499718,0.41884,10.00
0.110950,4.996903,0.500125,0.41881,10.00
0.110960,4.996878,0.500546,0.41886,10.00
0.110970,4.996874,0.501005,0.41888,10.00
0.110980,4.996891,0.501478,0.41889,10.00
0.110990,4.996930,0.501953,0.41890,10.00
0.111000,4.996999,0.502421,0.41889,10.00
0.111010,4.997128,0.502864,0.41888,10.00
0.111020,4.997276,0.503275,0.41887,10.00
0.111030,4.997440,0.503654,0.41885,10.00
0.111040,4.997620,0.504001,0.41884,10.00
0.111050,4.997809,0.504313,0.41883,10.00
0.111060,4.997987,0.504597,0.41883,10.00
0.111070,4.998177,0.504853,0.41882,10.00
0.111080,4.998376,0.505078,0.41881,10.00
0.111090,4.998584,0.505270,0.41880,10.00
0.111100,4.998665,0.505427,0.41879,10.00
0.111110,4.998221,0.505708,0.41893,10.00
0.111120,4.997796,0.506158,0.41902,10.00
0.111130,4.997397,0.506721,0.41907,10.00
0.111140,4.997028,0.507365,0.41910,10.00
0.111150,4.996957,0.508072,0.41912,10.00
0.111160,4.997976,0.508510,0.41882,10.00
0.111170,4.999000,0.508581,0.41865,10.00
0.111180,5.000015,0.508386,0.41853,10.00
0.111190,5.001010,0.507981,0.41845,10.00
0.111200,5.001844,0.507397,0.41839,10.00
0.111210,5.002114,0.506815,0.41849,10.00
0.111220,5.002358,0.506293,0.41854,10.00
0.111230,5.002578,0.505790,0.41857,10.00
0.111240,5.002774,0.505285,0.41858,10.00
0.111250,5.003067,0.504769,0.41858,10.00
0.111260,5.003813,0.504096,0.41844,10.00
0.111270,5.004519,0.503227,0.41835,10.00
0.111280,5.005179,0.502214,0.41830,10.00
0.111290,5.005786,0.501088,0.41826,10.00
0.111300,5.005860,0.499870,0.41823,10.00
0.111310,5.003983,0.499146,0.41876,10.00
0.111320,5.002100,0.499085,0.41908,10.00
0.111330,5.000237,0.499506,0.41929,10.00
0.111340,4.998412,0.500309,0.41943,10.00
0.111350,4.997100,0.501436,0.41954,10.00
0.111360,4.997675,0.502303,0.41910,10.00
0.111370,4.998274,0.502732,0.41886,10.00
0.111380,4.998882,0.502886,0.41872,10.00
0.111390,4.999488,0.502852,0.41863,10.00
0.111400,4.999958,0.502676,0.41857,10.00
0.111410,4.999906,0.502536,0.41868,10.00
0.111420,4.999850,0.502492,0.41873,10.00
0.111430,4.999794,0.502501,0.41876,10.00
0.111440,4.999739,0.502541,0.41878,10.00
0.111450,4.999755,0.502602,0.41879,10.00
0.111460,5.000045,0.502595,0.41872,10.00
0.111470,5.000331,0.502495,0.41867,10.00
0.111480,5.000609,0.502326,0.41865,10.00
0.111490,5.000877,0.502103,0.41863,10.00
0.111500,5.001137,0.501835,0.41861,10.00
0.111510,5.001407,0.501521,0.41859,10.00
0.111520,5.001659,0.501162,0.41858,10.00
0.111530,5.001894,0.500766,0.41857,10.00
0.111540,5.002108,0.500338,0.41856,10.00
0.111550,5.002183,0.499881,0.41855,10.00
0.111560,5.001766,0.499540,0.41868,10.00
0.111570,5.001340,0.499358,0.41876,10.00
0.111580,5.000911,0.499291,0.41881,10.00
0.111590,5.000484,0.499316,0.41884,10.00
0.111600,4.999679,0.499420,0.41887,10.00
0.111610,4.997366,0.500047,0.41933,10.00
0.111620,4.995111,0.501317,0.41962,10.00
0.111630,4.992937,0.503072,0.41981,10.00
0.111640,4.990864,0.505220,0.41995,10.00
0.111650,4.989502,0.507703,0.42006,10.00
0.111660,4.990630,0.509776,0.41947,10.00
0.111670,4.991829,0.511210,0.41912,10.00
0.111680,4.993075,0.512209,0.41892,10.00
0.111690,4.994351,0.512882,0.41878,10.00
0.111700,4.995320,0.513284,0.41867,10.00
0.111710,4.995009,0.513829,0.41896,10.00
0.111720,4.994732,0.514640,0.41911,10.00
0.111730,4.994497,0.515600,0.41919,10.00
0.111740,4.994309,0.516644,0.41924,10.00
0.111750,4.994356,0.517734,0.41926,10.00
0.111760,4.995187,0.518629,0.41906,10.00
0.111770,4.996046,0.519252,0.41893,10.00
0.111780,4.996925,0.519664,0.41884,10.00
0.111790,4.997813,0.519896,0.41877,10.00
0.111800,4.998619,0.519967,0.41872,10.00
0.111810,4.999090,0.519986,0.41876,10.00
0.111820,4.999559,0.519986,0.41878,10.00
0.111830,5.000024,0.519940,0.41877,10.00
0.111840,5.000484,0.519837,0.41876,10.00
0.111850,5.001057,0.519670,0.41874,10.00
0.111860,5.002098,0.519295,0.41859,10.00
0.111870,5.003111,0.518673,0.41848,10.00
0.111880,5.004085,0.517855,0.41841,10.00
0.111890,5.005013,0.516870,0.41835,10.00
0.111900,5.005704,0.515740,0.41831,10.00
0.111910,5.005606,0.514695,0.41848,10.00
0.111920,5.005466,0.513811,0.41857,10.00
0.111930,5.005290,0.513027,0.41862,10.00
0.111940,5.005081,0.512317,0.41866,10.00
0.111950,5.005180,0.511665,0.41868,10.00
0.111960,5.006591,0.510674,0.41832,10.00
0.111970,5.007938,0.509231,0.41811,10.00
0.111980,5.009204,0.507468,0.41797,10.00
0.111990,5.010378,0.505465,0.41788,10.00
0.112000,5.011088,0.503270,0.41782,10.00
0.112010,5.010255,0.501341,0.41818,10.00
0.112020,5.009350,0.499823,0.41839,10.00
0.112030,5.008389,0.498600,0.41853,10.00
0.112040,5.007383,0.497612,0.41862,10.00
0.112050,5.006544,0.496831,0.41870,10.00
0.112060,5.006476,0.496008,0.41854,10.00
0.112070,5.006368,0.495069,0.41846,10.00
0.112080,5.006216,0.494088,0.41843,10.00
0.112090,5.006020,0.493106,0.41842,10.00
0.112100,5.005450,0.492150,0.41842,10.00
0.112110,5.003531,0.491618,0.41880,10.00
0.112120,5.001611,0.491629,0.41904,10.00
0.112130,4.999713,0.492063,0.41921,10.00
0.112140,4.997853,0.492853,0.41934,10.00
0.112150,4.996605,0.493957,0.41944,10.00
0.112160,4.997637,0.494699,0.41891,10.00
0.112170,4.998682,0.494874,0.41860,10.00
0.112180,4.999719,0.494677,0.41842,10.00
0.112190,5.000735,0.494215,0.41831,10.00
0.112200,5.001443,0.493545,0.41823,10.00
0.112210,5.001015,0.493023,0.41848,10.00
0.112220,5.000573,0.492762,0.41862,10.00
0.112230,5.000126,0.492672,0.41871,10.00
0.112240,4.999680,0.492705,0.41876,10.00
0.112250,4.999249,0.492835,0.41880,10.00
0.112260,4.998861,0.493038,0.41882,10.00
0.112270,4.998486,0.493301,0.41884,10.00
0.112280,4.998127,0.493621,0.41886,10.00
0.112290,4.997784,0.493995,0.41887,10.00
0.112300,4.997597,0.494419,0.41889,10.00
0.112310,4.997967,0.494734,0.41875,10.00
0.112320,4.998344,0.494890,0.41867,10.00
0.112330,4.998724,0.494937,0.41862,10.00
0.112340,4.999102,0.494898,0.41859,10.00
0.112350,4.999557,0.494789,0.41857,10.00
0.112360,5.000327,0.494523,0.41845,10.00
0.112370,5.001077,0.494079,0.41838,10.00
0.112380,5.001800,0.493492,0.41833,10.00
0.112390,5.002489,0.492784,0.41829,10.00
0.112400,5.002886,0.491971,0.41826,10.00
0.112410,5.002234,0.491355,0.41851,10.00
0.112420,5.001566,0.491031,0.41866,10.00
0.112430,5.000891,0.490910,0.41875,10.00
0.112440,5.000219,0.490946,0.41882,10.00
0.112450,4.999514,0.491113,0.41887,10.00
0.112460,4.998661,0.491444,0.41895,10.00
0.112470,4.997831,0.491940,0.41901,10.00
0.112480,4.997032,0.492580,0.41906,10.00
0.112490,4.996268,0.493347,0.41910,10.00
0.112500,4.995681,0.494229,0.41914,10.00
0.112510,4.995673,0.495063,0.41902,10.00
0.112520,4.995699,0.495793,0.41896,10.00
0.112530,4.995757,0.496462,0.41892,10.00
0.112540,4.995844,0.497089,0.41890,10.00
0.112550,4.995899,0.497681,0.41888,10.00
0.112560,4.995751,0.498309,0.41894,10.00
0.112570,4.995633,0.498990,0.41896,10.00
0.112580,4.995548,0.499701,0.41898,10.00
0.112590,4.995495,0.500428,0.41898,10.00
0.112600,4.995303,0.501159,0.41899,10.00
0.112610,4.994454,0.502086,0.41918,10.00
0.112620,4.993658,0.503259,0.41929,10.00
0.112630,4.992924,0.504607,0.41936,10.00
0.112640,4.992259,0.506086,0.41941,10.00
0.112650,4.991783,0.507667,0.41944,10.00
0.112660,4.991851,0.509196,0.41934,10.00
0.112670,4.991984,0.510617,0.41928,10.00
0.112680,4.992179,0.511958,0.41924,10.00
0.112690,4.992431,0.513229,0.41921,10.00
0.112700,4.992779,0.514433,0.41918,10.00
0.112710,4.993335,0.515522,0.41911,10.00
0.112720,4.993934,0.516478,0.41906,10.00
0.112730,4.994571,0.517312,0.41901,10.00
0.112740,4.995239,0.518026,0.41897,10.00
0.112750,4.996170,0.518621,0.41893,10.00
0.112760,4.998057,0.518828,0.41864,10.00
0.112770,4.999931,0.518570,0.41844,10.00
0.112780,5.001775,0.517933,0.41830,10.00
0.112790,5.003572,0.516969,0.41818,10.00
0.112800,5.004810,0.515711,0.41809,10.00
0.112810,5.003998,0.514750,0.41855,10.00
0.112820,5.003159,0.514271,0.41881,10.00
0.112830,5.002311,0.514105,0.41896,10.00
0.112840,5.001466,0.514166,0.41906,10.00
0.112850,5.000899,0.514404,0.41913,10.00
0.112860,5.001408,0.514491,0.41889,10.00
0.112870,5.001911,0.514322,0.41876,10.00
0.112880,5.002399,0.513985,0.41867,10.00
0.112890,5.002866,0.513526,0.41862,10.00
0.112900,5.003277,0.512974,0.41859,10.00
0.112910,5.003536,0.512380,0.41859,10.00
0.112920,5.003767,0.511767,0.41859,10.00
0.112930,5.003968,0.511131,0.41859,10.00
0.112940,5.004138,0.510474,0.41858,10.00
0.112950,5.004311,0.509800,0.41858,10.00
0.112960,5.004583,0.509075,0.41854,10.00
0.112970,5.004819,0.508292,0.41852,10.00
0.112980,5.005018,0.507469,0.41850,10.00
0.112990,5.005178,0.506619,0.41849,10.00
0.113000,5.005136,0.505750,0.41849,10.00
0.113010,5.004416,0.505052,0.41866,10.00
0.113020,5.003673,0.504585,0.41876,10.00
0.113030,5.002918,0.504297,0.41884,10.00
0.113040,5.002157,0.504159,0.41889,10.00
0.113050,5.001565,0.504158,0.41894,10.00
0.113060,5.001643,0.504094,0.41880,10.00
0.113070,5.001714,0.503908,0.41872,10.00
0.113080,5.001774,0.503654,0.41869,10.00
0.113090,5.001821,0.503363,0.41866,10.00
0.113100,5.001893,0.503053,0.41865,10.00
0.113110,5.002104,0.502689,0.41861,10.00
0.113120,5.002295,0.502266,0.41858,10.00
0.113130,5.002466,0.501802,0.41856,10.00
0.113140,5.002614,0.501309,0.41855,10.00
0.113150,5.002706,0.500795,0.41855,10.00
0.113160,5.002644,0.500302,0.41858,10.00
0.113170,5.002561,0.499846,0.41860,10.00
0.113180,5.002459,0.499420,0.41861,10.00
0.113190,5.002338,0.499022,0.41862,10.00
0.113200,5.002298,0.498650,0.41863,10.00
0.113210,5.002624,0.498198,0.41854,10.00
0.113220,5.002926,0.497636,0.41848,10.00
0.113230,5.003198,0.497000,0.41845,10.00
0.113240,5.003439,0.496312,0.41843,10.00
0.113250,5.003427,0.495587,0.41842,10.00
0.113260,5.002511,0.495079,0.41864,10.00
0.113270,5.001583,0.494868,0.41878,10.00
0.113280,5.000657,0.494883,0.41888,10.00
0.113290,4.999741,0.495083,0.41895,10.00
0.113300,4.999017,0.495446,0.41900,10.00
0.113310,4.999005,0.495762,0.41887,10.00
0.113320,4.999004,0.495965,0.41879,10.00
0.113330,4.999010,0.496108,0.41876,10.00
0.113340,4.999023,0.496219,0.41874,10.00
0.113350,4.999237,0.496312,0.41873,10.00
0.113360,5.000240,0.496173,0.41851,10.00
0.113370,5.001223,0.495742,0.41838,10.00
0.113380,5.002176,0.495091,0.41829,10.00
0.113390,5.003091,0.494263,0.41823,10.00
0.113400,5.003829,0.493283,0.41818,10.00
0.113410,5.004001,0.492315,0.41827,10.00
0.113420,5.004130,0.491415,0.41832,10.00
0.113430,5.004219,0.490550,0.41835,10.00
0.113440,5.004269,0.489705,0.41836,10.00
0.113450,5.004092,0.488875,0.41837,10.00
0.113460,5.003133,0.488269,0.41858,10.00
0.113470,5.002159,0.487952,0.41871,10.00
0.113480,5.001181,0.487860,0.41880,10.00
0.113490,5.000209,0.487958,0.41887,10.00
0.113500,4.999622,0.488227,0.41893,10.00
0.113510,5.000525,0.488243,0.41859,10.00
0.113520,5.001414,0.487875,0.41840,10.00
0.113530,5.002274,0.487246,0.41828,10.00
0.113540,5.003097,0.486425,0.41820,10.00
0.113550,5.003787,0.485453,0.41815,10.00
0.113560,5.004080,0.484451,0.41820,10.00
0.113570,5.004326,0.483466,0.41822,10.00
0.113580,5.004527,0.482482,0.41823,10.00
0.113590,5.004682,0.481493,0.41824,10.00
0.113600,5.004682,0.480501,0.41824,10.00
0.113610,5.004205,0.479629,0.41836,10.00
0.113620,5.003695,0.478918,0.41843,10.00
0.113630,5.003159,0.478337,0.41849,10.00
0.113640,5.002602,0.477869,0.41853,10.00
0.113650,5.002129,0.477506,0.41857,10.00
0.113660,5.002040,0.477135,0.41850,10.00
0.113670,5.001932,0.476722,0.41847,10.00
0.113680,5.001807,0.476299,0.41845,10.00
0.113690,5.001662,0.475886,0.41845,10.00
0.113700,5.001121,0.475493,0.41846,10.00
0.113710,4.999059,0.475547,0.41886,10.00
0.113720,4.997026,0.476174,0.41912,10.00
0.113730,4.995042,0.477245,0.41930,10.00
0.113740,4.993127,0.478684,0.41943,10.00
0.113750,4.991398,0.480443,0.41954,10.00
0.113760,4.990175,0.482376,0.41952,10.00
0.113770,4.989049,0.484421,0.41953,10.00
0.113780,4.988024,0.486590,0.41956,10.00
0.113790,4.987105,0.488881,0.41959,10.00
0.113800,4.986370,0.491283,0.41962,10.00
0.113810,4.986037,0.493703,0.41957,10.00
0.113820,4.985813,0.496098,0.41954,10.00
0.113830,4.985699,0.498477,0.41953,10.00
0.113840,4.985693,0.500834,0.41951,10.00
0.113850,4.985980,0.503160,0.41950,10.00
0.113860,4.987110,0.505236,0.41929,10.00
0.113870,4.988320,0.506988,0.41915,10.00
0.113880,4.989596,0.508466,0.41904,10.00
0.113890,4.990927,0.509695,0.41895,10.00
0.113900,4.992142,0.510684,0.41887,10.00
0.113910,4.992761,0.511610,0.41896,10.00
0.113920,4.993420,0.512528,0.41899,10.00
0.113930,4.994115,0.513383,0.41899,10.00
0.113940,4.994844,0.514145,0.41897,10.00
0.113950,4.995522,0.514798,0.41894,10.00
0.113960,4.995908,0.515417,0.41898,10.00
0.113970,4.996321,0.516023,0.41900,10.00
0.113980,4.996758,0.516584,0.41899,10.00
0.113990,4.997217,0.517084,0.41897,10.00
0.114000,4.997750,0.517511,0.41895,10.00
0.114010,4.998516,0.517801,0.41887,10.00
0.114020,4.999288,0.517932,0.41881,10.00
0.114030,5.000057,0.517921,0.41876,10.00
0.114040,5.000820,0.517777,0.41872,10.00
0.114050,5.001679,0.517509,0.41868,10.00
0.114060,5.002959,0.517001,0.41853,10.00
0.114070,5.004203,0.516222,0.41842,10.00
0.114080,5.005399,0.515217,0.41834,10.00
0.114090,5.006538,0.514013,0.41827,10.00
0.114100,5.007634,0.512632,0.41821,10.00
0.114110,5.008737,0.511068,0.41814,10.00
0.114120,5.009759,0.509330,0.41809,10.00
0.114130,5.010694,0.507441,0.41804,10.00
0.114140,5.011535,0.505421,0.41800,10.00
0.114150,5.012025,0.503286,0.41796,10.00
0.114160,5.011409,0.501331,0.41819,10.00
0.114170,5.010715,0.499654,0.41833,10.00
0.114180,5.009954,0.498187,0.41843,10.00
0.114190,5.009135,0.496898,0.41850,10.00
0.114200,5.008326,0.495773,0.41855,10.00
0.114210,5.007712,0.494743,0.41854,10.00
0.114220,5.007057,0.493786,0.41856,10.00
0.114230,5.006363,0.492925,0.41858,10.00
0.114240,5.005637,0.492172,0.41861,10.00
0.114250,5.005065,0.491537,0.41865,10.00
0.114260,5.005192,0.490828,0.41850,10.00
0.114270,5.005282,0.489988,0.41842,10.00
0.114280,5.005332,0.489083,0.41838,10.00
0.114290,5.005340,0.488148,0.41836,10.00
0.114300,5.005391,0.487206,0.41836,10.00
0.114310,5.005742,0.486180,0.41827,10.00
0.114320,5.006042,0.485050,0.41822,10.00
0.114330,5.006288,0.483856,0.41819,10.00
0.114340,5.006477,0.482622,0.41818,10.00
0.114350,5.006386,0.481365,0.41817,10.00
0.114360,5.005356,0.480337,0.41839,10.00
0.114370,5.004293,0.479622,0.41853,10.00
0.114380,5.003209,0.479156,0.41864,10.00
0.114390,5.002115,0.478905,0.41871,10.00
0.114400,5.000852,0.478849,0.41878,10.00
0.114410,4.998934,0.479156,0.41901,10.00
0.114420,4.997050,0.479875,0.41917,10.00
0.114430,4.995217,0.480940,0.41930,10.00
0.114440,4.993450,0.482313,0.41940,10.00
0.114450,4.991792,0.483966,0.41949,10.00
0.114460,4.990352,0.485842,0.41954,10.00
0.114470,4.989008,0.487909,0.41959,10.00
0.114480,4.987770,0.490158,0.41964,10.00
0.114490,4.986643,0.492574,0.41969,10.00
0.114500,4.985825,0.495140,0.41973,10.00
0.114510,4.985880,0.497635,0.41958,10.00
0.114520,4.986043,0.499976,0.41949,10.00
0.114530,4.986309,0.502206,0.41944,10.00
0.114540,4.986672,0.504339,0.41940,10.00
0.114550,4.987052,0.506376,0.41936,10.00
0.114560,4.987215,0.508395,0.41940,10.00
0.114570,4.987470,0.510410,0.41941,10.00
0.114580,4.987813,0.512387,0.41941,10.00
0.114590,4.988244,0.514300,0.41939,10.00
0.114600,4.988870,0.516132,0.41937,10.00
0.114610,4.990021,0.517746,0.41922,10.00
0.114620,4.991232,0.519093,0.41912,10.00
0.114630,4.992493,0.520199,0.41903,10.00
0.114640,4.993792,0.521076,0.41895,10.00
0.114650,4.995251,0.521728,0.41888,10.00
0.114660,4.997254,0.522018,0.41868,10.00
0.114670,4.999250,0.521903,0.41853,10.00
0.114680,5.001222,0.521431,0.41840,10.00
0.114690,5.003154,0.520628,0.41829,10.00
0.114700,5.004879,0.519517,0.41820,10.00
0.114710,5.005924,0.518279,0.41826,10.00
0.114720,5.006907,0.516980,0.41827,10.00
0.114730,5.007824,0.515586,0.41826,10.00
0.114740,5.008671,0.514085,0.41823,10.00
0.114750,5.009436,0.512478,0.41820,10.00
0.114760,5.010094,0.510779,0.41818,10.00
0.114770,5.010670,0.508999,0.41816,10.00
0.114780,5.011160,0.507149,0.41814,10.00
0.114790,5.011563,0.505241,0.41812,10.00
0.114800,5.012074,0.503289,0.41811,10.00
0.114810,5.013284,0.501097,0.41791,10.00
0.114820,5.014380,0.498613,0.41778,10.00
0.114830,5.015353,0.495917,0.41769,10.00
0.114840,5.016194,0.493062,0.41764,10.00
0.114850,5.016675,0.490087,0.41760,10.00
0.114860,5.016127,0.487259,0.41779,10.00
0.114870,5.015460,0.484679,0.41791,10.00
0.114880,5.014685,0.482299,0.41799,10.00
0.114890,5.013811,0.480101,0.41806,10.00
0.114900,5.013045,0.478082,0.41812,10.00
0.114910,5.012987,0.476035,0.41799,10.00
0.114920,5.012833,0.473902,0.41793,10.00
0.114930,5.012583,0.471754,0.41790,10.00
0.114940,5.012237,0.469638,0.41790,10.00
0.114950,5.011736,0.467583,0.41792,10.00
0.114960,5.010901,0.465677,0.41801,10.00
0.114970,5.009989,0.463957,0.41808,10.00
0.114980,5.009007,0.462417,0.41814,10.00
0.114990,5.007966,0.461060,0.41820,10.00
0.115000,5.006597,0.459887,0.41826,10.00
0.115010,5.004094,0.459193,0.41859,10.00
0.115020,5.001587,0.459071,0.41882,10.00
0.115030,4.999099,0.459436,0.41900,10.00
0.115040,4.996651,0.460236,0.41915,10.00
0.115050,4.994310,0.461440,0.41928,10.00
0.115060,4.992234,0.462973,0.41936,10.00
0.115070,4.990245,0.464797,0.41944,10.00
0.115080,4.988356,0.466907,0.41952,10.00
0.115090,4.986579,0.469291,0.41960,10.00
0.115100,4.984910,0.471930,0.41968,10.00
0.115110,4.983316,0.474820,0.41977,10.00
0.115120,4.981867,0.477943,0.41984,10.00
0.115130,4.980572,0.481270,0.41991,10.00
0.115140,4.979438,0.484773,0.41996,10.00
0.115150,4.978630,0.488424,0.42001,10.00
0.115160,4.978618,0.492028,0.41989,10.00
0.115170,4.978767,0.495507,0.41982,10.00
0.115180,4.979070,0.498882,0.41977,10.00
0.115190,4.979521,0.502151,0.41973,10.00
0.115200,4.980183,0.505306,0.41969,10.00
0.115210,4.981246,0.508262,0.41958,10.00
0.115220,4.982432,0.510978,0.41949,10.00
0.115230,4.983730,0.513460,0.41941,10.00
0.115240,4.985128,0.515702,0.41934,10.00
0.115250,4.986521,0.517696,0.41926,10.00
0.115260,4.987622,0.519531,0.41927,10.00
0.115270,4.988797,0.521228,0.41924,10.00
0.115280,4.990040,0.522751,0.41920,10.00
0.115290,4.991341,0.524077,0.41914,10.00
0.115300,4.992765,0.525191,0.41908,10.00
0.115310,4.994522,0.526007,0.41894,10.00
0.115320,4.996300,0.526494,0.41882,10.00
0.115330,4.998083,0.526672,0.41872,10.00
0.115340,4.999858,0.526555,0.41862,10.00
0.115350,5.001591,0.526151,0.41853,10.00
0.115360,5.003208,0.525490,0.41847,10.00
0.115370,5.004782,0.524589,0.41840,10.00
0.115380,5.006301,0.523452,0.41832,10.00
0.115390,5.007755,0.522087,0.41825,10.00
0.115400,5.009190,0.520505,0.41819,10.00
0.115410,5.010761,0.518661,0.41807,10.00
0.115420,5.012233,0.516553,0.41798,10.00
0.115430,5.013597,0.514213,0.41790,10.00
0.115440,5.014843,0.511670,0.41784,10.00
0.115450,5.015958,0.508948,0.41778,10.00
0.115460,5.016923,0.506075,0.41773,10.00
0.115470,5.017749,0.503077,0.41770,10.00
0.115480,5.018433,0.499977,0.41766,10.00
0.115490,5.018970,0.496796,0.41764,10.00
0.115500,5.019153,0.493560,0.41762,10.00
0.115510,5.018370,0.490505,0.41781,10.00
0.115520,5.017460,0.487721,0.41793,10.00
0.115530,5.016433,0.485169,0.41802,10.00
0.115540,5.015302,0.482834,0.41810,10.00
0.115550,5.014123,0.480716,0.41817,10.00
0.115560,5.013050,0.478769,0.41820,10.00
0.115570,5.011897,0.476986,0.41824,10.00
0.115580,5.010674,0.475388,0.41829,10.00
0.115590,5.009389,0.473992,0.41835,10.00
0.115600,5.008025,0.472809,0.41842,10.00
0.115610,5.006505,0.471876,0.41851,10.00
0.115620,5.004958,0.471207,0.41860,10.00
0.115630,5.003394,0.470798,0.41868,10.00
0.115640,5.001826,0.470644,0.41876,10.00
0.115650,5.000146,0.470742,0.41884,10.00
0.115660,4.998014,0.471211,0.41903,10.00
0.115670,4.995925,0.472081,0.41918,10.00
0.115680,4.993894,0.473311,0.41930,10.00
0.115690,4.991937,0.474870,0.41941,10.00
0.115700,4.990279,0.476734,0.41950,10.00
0.115710,4.989558,0.478665,0.41939,10.00
0.115720,4.988927,0.480575,0.41935,10.00
0.115730,4.988386,0.482507,0.41934,10.00
0.115740,4.987936,0.484476,0.41934,10.00
0.115750,4.987607,0.486483,0.41935,10.00
0.115760,4.987487,0.488493,0.41933,10.00
0.115770,4.987458,0.490483,0.41932,10.00
0.115780,4.987519,0.492451,0.41931,10.00
0.115790,4.987669,0.494387,0.41930,10.00
0.115800,4.987935,0.496280,0.41928,10.00
0.115810,4.988405,0.498089,0.41924,10.00
0.115820,4.988952,0.499789,0.41920,10.00
0.115830,4.989571,0.501380,0.41916,10.00
0.115840,4.990256,0.502854,0.41913,10.00
0.115850,4.990820,0.504206,0.41909,10.00
0.115860,4.990717,0.505612,0.41922,10.00
0.115870,4.990682,0.507126,0.41928,10.00
0.115880,4.990716,0.508685,0.41932,10.00
0.115890,4.990822,0.510252,0.41933,10.00
0.115900,4.991304,0.511802,0.41933,10.00
0.115910,4.993071,0.513005,0.41903,10.00
0.115920,4.994871,0.513747,0.41883,10.00
0.115930,4.996687,0.514109,0.41869,10.00
0.115940,4.998501,0.514135,0.41857,10.00
0.115950,5.000005,0.513850,0.41847,10.00
0.115960,5.000311,0.513570,0.41865,10.00
0.115970,5.000606,0.513405,0.41873,10.00
0.115980,5.000894,0.513277,0.41877,10.00
0.115990,5.001175,0.513146,0.41878,10.00
0.116000,5.001472,0.512994,0.41878,10.00
0.116010,5.001852,0.512785,0.41875,10.00
0.116020,5.002219,0.512509,0.41873,10.00
0.116030,5.002570,0.512172,0.41871,10.00
0.116040,5.002903,0.511778,0.41869,10.00
0.116050,5.003101,0.511333,0.41867,10.00
0.116060,5.002829,0.510954,0.41876,10.00
0.116070,5.002544,0.510682,0.41881,10.00
0.116080,5.002249,0.510489,0.41885,10.00
0.116090,5.001950,0.510359,0.41887,10.00
0.116100,5.001786,0.510284,0.41889,10.00
0.116110,5.002173,0.510119,0.41878,10.00
0.116120,5.002547,0.509816,0.41871,10.00
0.116130,5.002903,0.509416,0.41866,10.00
0.116140,5.003237,0.508941,0.41863,10.00
0.116150,5.003361,0.508405,0.41861,10.00
0.116160,5.002721,0.508005,0.41876,10.00
0.116170,5.002072,0.507809,0.41886,10.00
0.116180,5.001421,0.507769,0.41892,10.00
0.116190,5.000774,0.507856,0.41897,10.00
0.116200,5.000343,0.508057,0.41901,10.00
0.116210,5.000738,0.508156,0.41885,10.00
0.116220,5.001130,0.508080,0.41876,10.00
0.116230,5.001514,0.507884,0.41871,10.00
0.116240,5.001885,0.507598,0.41867,10.00
0.116250,5.002434,0.507239,0.41864,10.00
0.116260,5.003735,0.506623,0.41844,10.00
0.116270,5.004994,0.505694,0.41831,10.00
0.116280,5.006197,0.504516,0.41821,10.00
0.116290,5.007336,0.503128,0.41814,10.00
0.116300,5.008373,0.501556,0.41807,10.00
0.116310,5.009212,0.499850,0.41805,10.00
0.116320,5.009968,0.498039,0.41802,10.00
0.116330,5.010635,0.496130,0.41799,10.00
0.116340,5.011210,0.494137,0.41797,10.00
0.116350,5.011638,0.492071,0.41794,10.00
0.116360,5.011759,0.490001,0.41797,10.00
0.116370,5.011787,0.487959,0.41799,10.00
0.116380,5.011722,0.485946,0.41801,10.00
0.116390,5.011568,0.483969,0.41802,10.00
0.116400,5.011217,0.482038,0.41803,10.00
0.116410,5.010347,0.480274,0.41815,10.00
0.116420,5.009408,0.478723,0.41824,10.00
0.116430,5.008407,0.477367,0.41831,10.00
0.116440,5.007355,0.476197,0.41837,10.00
0.116450,5.006228,0.475213,0.41843,10.00
0.116460,5.004942,0.474447,0.41852,10.00
0.116470,5.003633,0.473911,0.41859,10.00
0.116480,5.002311,0.473598,0.41867,10.00
0.116490,5.000987,0.473503,0.41874,10.00
0.116500,4.999712,0.473622,0.41880,10.00
0.116510,4.998616,0.473910,0.41883,10.00
0.116520,4.997542,0.474350,0.41887,10.00
0.116530,4.996497,0.474946,0.41892,10.00
0.116540,4.995488,0.475698,0.41897,10.00
0.116550,4.994596,0.476602,0.41901,10.00
0.116560,4.994048,0.477579,0.41899,10.00
0.116570,4.993548,0.478595,0.41899,10.00
0.116580,4.993097,0.479662,0.41900,10.00
0.116590,4.992698,0.480784,0.41902,10.00
0.116600,4.992463,0.481955,0.41903,10.00
0.116610,4.992716,0.483063,0.41895,10.00
0.116620,4.993016,0.484063,0.41890,10.00
0.116630,4.993357,0.484979,0.41886,10.00
0.116640,4.993736,0.485819,0.41884,10.00
0.116650,4.993645,0.486587,0.41881,10.00
0.116660,4.991585,0.487780,0.41925,10.00
0.116670,4.989606,0.489560,0.41952,10.00
0.116680,4.987729,0.491778,0.41970,10.00
0.116690,4.985971,0.494349,0.41983,10.00
0.116700,4.984704,0.497213,0.41993,10.00
0.116710,4.985001,0.499977,0.41970,10.00
0.116720,4.985415,0.502488,0.41956,10.00
0.116730,4.985937,0.504820,0.41948,10.00
0.116740,4.986557,0.507001,0.41942,10.00
0.116750,4.987141,0.509042,0.41937,10.00
0.116760,4.987302,0.511067,0.41943,10.00
0.116770,4.987554,0.513112,0.41946,10.00
0.116780,4.987898,0.515133,0.41947,10.00
0.116790,4.988330,0.517099,0.41945,10.00
0.116800,4.988683,0.518989,0.41943,10.00
0.116810,4.988468,0.520946,0.41955,10.00
0.116820,4.988345,0.523010,0.41962,10.00
0.116830,4.988318,0.525122,0.41965,10.00
0.116840,4.988387,0.527242,0.41966,10.00
0.116850,4.988760,0.529345,0.41965,10.00
0.116860,4.990051,0.531205,0.41946,10.00
0.116870,4.991412,0.532735,0.41932,10.00
0.116880,4.992828,0.533980,0.41922,10.00
0.116890,4.994287,0.534960,0.41912,10.00
0.116900,4.996014,0.535684,0.41904,10.00
0.116910,4.998700,0.535924,0.41875,10.00
0.116920,5.001370,0.535606,0.41853,10.00
0.116930,5.003999,0.534798,0.41836,10.00
0.116940,5.006568,0.533544,0.41821,10.00
0.116950,5.008796,0.531874,0.41807,10.00
0.116960,5.009892,0.530067,0.41818,10.00
0.116970,5.010900,0.528230,0.41821,10.00
0.116980,5.011819,0.526315,0.41820,10.00
0.116990,5.012643,0.524302,0.41818,10.00
0.117000,5.013416,0.522189,0.41815,10.00
0.117010,5.014270,0.519939,0.41809,10.00
0.117020,5.015013,0.517550,0.41803,10.00
0.117030,5.015641,0.515049,0.41799,10.00
0.117040,5.016151,0.512459,0.41796,10.00
0.117050,5.016511,0.509804,0.41794,10.00
0.117060,5.016634,0.507132,0.41794,10.00
0.117070,5.016635,0.504473,0.41795,10.00
0.117080,5.016516,0.501839,0.41796,10.00
0.117090,5.016280,0.499246,0.41797,10.00
0.117100,5.016014,0.496711,0.41798,10.00
0.117110,5.015977,0.494167,0.41793,10.00
0.117120,5.015825,0.491603,0.41790,10.00
0.117130,5.015557,0.489059,0.41790,10.00
0.117140,5.015176,0.486565,0.41791,10.00
0.117150,5.014412,0.484143,0.41793,10.00
0.117160,5.012456,0.482080,0.41820,10.00
0.117170,5.010428,0.480483,0.41838,10.00
0.117180,5.008348,0.479291,0.41853,10.00
0.117190,5.006234,0.478475,0.41866,10.00
0.117200,5.004253,0.478019,0.41877,10.00
0.117210,5.002865,0.477768,0.41875,10.00
0.117220,5.001476,0.477667,0.41878,10.00
0.117230,5.000093,0.477750,0.41882,10.00
0.117240,4.998726,0.478033,0.41888,10.00
0.117250,4.997043,0.478521,0.41894,10.00
0.117260,4.994040,0.479543,0.41930,10.00
0.117270,4.991115,0.481207,0.41956,10.00
0.117280,4.988294,0.483412,0.41975,10.00
0.117290,4.985599,0.486093,0.41992,10.00
0.117300,4.983519,0.489205,0.42006,10.00
0.117310,4.983468,0.492257,0.41978,10.00
0.117320,4.983549,0.495061,0.41963,10.00
0.117330,4.983752,0.497710,0.41955,10.00
0.117340,4.984071,0.500247,0.41950,10.00
0.117350,4.984347,0.502683,0.41946,10.00
0.117360,4.984117,0.505167,0.41956,10.00
0.117370,4.984004,0.507740,0.41961,10.00
0.117380,4.984009,0.510350,0.41964,10.00
0.117390,4.984132,0.512959,0.41964,10.00
0.117400,4.984233,0.515540,0.41964,10.00
0.117410,4.983895,0.518203,0.41975,10.00
0.117420,4.983681,0.520974,0.41981,10.00
0.117430,4.983596,0.523796,0.41984,10.00
0.117440,4.983640,0.526629,0.41985,10.00
0.117450,4.983950,0.529444,0.41985,10.00
0.117460,4.984931,0.532083,0.41972,10.00
0.117470,4.986021,0.534479,0.41963,10.00
0.117480,4.987208,0.536648,0.41955,10.00
0.117490,4.988482,0.538594,0.41947,10.00
0.117500,4.989698,0.540313,0.41940,10.00
0.117510,4.990445,0.541927,0.41944,10.00
0.117520,4.991259,0.543475,0.41945,10.00
0.117530,4.992138,0.544914,0.41942,10.00
0.117540,4.993074,0.546218,0.41939,10.00
0.117550,4.994305,0.547370,0.41934,10.00
0.117560,4.996547,0.548125,0.41908,10.00
0.117570,4.998800,0.548396,0.41889,10.00
0.117580,5.001044,0.548243,0.41874,10.00
0.117590,5.003259,0.547701,0.41861,10.00
0.117600,5.005312,0.546792,0.41849,10.00
0.117610,5.006838,0.545645,0.41847,10.00
0.117620,5.008299,0.544317,0.41843,10.00
0.117630,5.009689,0.542791,0.41838,10.00
0.117640,5.010997,0.541067,0.41832,10.00
0.117650,5.012431,0.539152,0.41826,10.00
0.117660,5.014620,0.536853,0.41801,10.00
0.117670,5.016683,0.534115,0.41784,10.00
0.117680,5.018601,0.531012,0.41771,10.00
0.117690,5.020362,0.527597,0.41759,10.00
0.117700,5.021959,0.523909,0.41750,10.00
0.117710,5.023400,0.519980,0.41741,10.00
0.117720,5.024652,0.515840,0.41734,10.00
0.117730,5.025704,0.511525,0.41728,10.00
0.117740,5.026553,0.507071,0.41723,10.00
0.117750,5.027104,0.502511,0.41719,10.00
0.117760,5.027095,0.497962,0.41724,10.00
0.117770,5.026882,0.493490,0.41727,10.00
0.117780,5.026468,0.489103,0.41730,10.00
0.117790,5.025861,0.484824,0.41733,10.00
0.117800,5.025115,0.480676,0.41737,10.00
0.117810,5.024383,0.476639,0.41737,10.00
0.117820,5.023474,0.472725,0.41740,10.00
0.117830,5.022396,0.468970,0.41744,10.00
0.117840,5.021158,0.465407,0.41749,10.00
0.117850,5.019559,0.462064,0.41756,10.00
0.117860,5.016984,0.459163,0.41781,10.00
0.117870,5.014304,0.456794,0.41800,10.00
0.117880,5.011542,0.454922,0.41817,10.00
0.117890,5.008721,0.453529,0.41833,10.00
0.117900,5.006213,0.452610,0.41848,10.00
0.117910,5.005080,0.451830,0.41833,10.00
0.117920,5.003916,0.451071,0.41829,10.00
0.117930,5.002726,0.450420,0.41829,10.00
0.117940,5.001517,0.449921,0.41833,10.00
0.117950,5.000234,0.449599,0.41838,10.00
0.117960,4.998711,0.449524,0.41849,10.00
0.117970,4.997198,0.449718,0.41858,10.00
0.117980,4.995708,0.450169,0.41867,10.00
0.117990,4.994252,0.450865,0.41875,10.00
0.118000,4.992545,0.451795,0.41883,10.00
0.118010,4.989722,0.453227,0.41915,10.00
0.118020,4.986993,0.455246,0.41938,10.00
0.118030,4.984382,0.457764,0.41956,10.00
0.118040,4.981909,0.460721,0.41972,10.00
0.118050,4.979741,0.464075,0.41985,10.00
0.118060,4.978335,0.467649,0.41985,10.00
0.118070,4.977101,0.471360,0.41988,10.00
0.118080,4.976046,0.475212,0.41992,10.00
0.118090,4.975173,0.479192,0.41996,10.00
0.118100,4.974286,0.483279,0.42000,10.00
0.118110,4.972792,0.487635,0.42020,10.00
0.118120,4.971510,0.492297,0.42033,10.00
0.118130,4.970453,0.497182,0.42042,10.00
0.118140,4.969626,0.502231,0.42049,10.00
0.118150,4.969142,0.507393,0.42053,10.00
0.118160,4.969315,0.512524,0.42048,10.00
0.118170,4.969718,0.517548,0.42044,10.00
0.118180,4.970344,0.522452,0.42040,10.00
0.118190,4.971185,0.527214,0.42036,10.00
0.118200,4.972375,0.531805,0.42031,10.00
0.118210,4.974319,0.536066,0.42014,10.00
0.118220,4.976436,0.539922,0.41999,10.00
0.118230,4.978708,0.543382,0.41987,10.00
0.118240,4.981116,0.546441,0.41974,10.00
0.118250,4.983474,0.549087,0.41961,10.00
0.118260,4.985270,0.551465,0.41962,10.00
0.118270,4.987161,0.553616,0.41958,10.00
0.118280,4.989133,0.555490,0.41950,10.00
0.118290,4.991173,0.557057,0.41942,10.00
0.118300,4.993345,0.558297,0.41932,10.00
0.118310,4.995868,0.559126,0.41915,10.00
0.118320,4.998405,0.559510,0.41900,10.00
0.118330,5.000937,0.559468,0.41886,10.00
0.118340,5.003444,0.559011,0.41872,10.00
0.118350,5.005870,0.558150,0.41859,10.00
0.118360,5.008090,0.556930,0.41850,10.00
0.118370,5.010235,0.555378,0.41840,10.00
0.118380,5.012291,0.553498,0.41829,10.00
0.118390,5.014244,0.551303,0.41819,10.00
0.118400,5.016381,0.548809,0.41809,10.00
0.118410,5.019582,0.545758,0.41775,10.00
0.118420,5.022612,0.542074,0.41750,10.00
0.118430,5.025447,0.537856,0.41731,10.00
0.118440,5.028064,0.533173,0.41714,10.00
0.118450,5.030104,0.528081,0.41700,10.00
0.118460,5.030532,0.522945,0.41716,10.00
0.118470,5.030729,0.517924,0.41723,10.00
0.118480,5.030699,0.512979,0.41727,10.00
0.118490,5.030447,0.508107,0.41730,10.00
0.118500,5.030279,0.503323,0.41732,10.00
0.118510,5.031098,0.498373,0.41711,10.00
0.118520,5.031682,0.493186,0.41698,10.00
0.118530,5.032023,0.487868,0.41691,10.00
0.118540,5.032120,0.482491,0.41687,10.00
0.118550,5.031752,0.477113,0.41686,10.00
0.118560,5.030269,0.471983,0.41704,10.00
0.118570,5.028569,0.467216,0.41717,10.00
0.118580,5.026670,0.462799,0.41729,10.00
0.118590,5.024589,0.458736,0.41740,10.00
0.118600,5.022276,0.455043,0.41751,10.00
0.118610,5.019550,0.451797,0.41769,10.00
0.118620,5.016702,0.449040,0.41784,10.00
0.118630,5.013755,0.446771,0.41800,10.00
0.118640,5.010732,0.444995,0.41815,10.00
0.118650,5.007677,0.443717,0.41831,10.00
0.118660,5.004677,0.442920,0.41845,10.00
0.118670,5.001667,0.442599,0.41859,10.00
0.118680,4.998670,0.442757,0.41874,10.00
0.118690,4.995706,0.443391,0.41889,10.00
0.118700,4.992782,0.444495,0.41904,10.00
0.118710,4.989873,0.446072,0.41920,10.00
0.118720,4.987061,0.448112,0.41935,10.00
0.118730,4.984366,0.450595,0.41950,10.00
0.118740,4.981808,0.453498,0.41963,10.00
0.118750,4.979443,0.456795,0.41976,10.00
0.118760,4.977404,0.460424,0.41985,10.00
0.118770,4.975548,0.464343,0.41995,10.00
0.118780,4.973885,0.468529,0.42004,10.00
0.118790,4.972426,0.472955,0.42012,10.00
0.118800,4.971027,0.477588,0.42019,10.00
0.118810,4.969240,0.482535,0.42038,10.00
0.118820,4.967694,0.487809,0.42051,10.00
0.118830,4.966403,0.493336,0.42062,10.00
0.118840,4.965373,0.499058,0.42069,10.00
0.118850,4.964818,0.504922,0.42075,10.00
0.118860,4.965357,0.510693,0.42063,10.00
0.118870,4.966150,0.516257,0.42055,10.00
0.118880,4.967185,0.521618,0.42048,10.00
0.118890,4.968454,0.526761,0.42041,10.00
0.118900,4.970155,0.531663,0.42035,10.00
0.118910,4.972902,0.536104,0.42010,10.00
0.118920,4.975822,0.539986,0.41990,10.00
0.118930,4.978891,0.543332,0.41973,10.00
0.118940,4.982084,0.546147,0.41956,10.00
0.118950,4.985111,0.548425,0.41939,10.00
0.118960,4.987164,0.550399,0.41944,10.00
0.118970,4.989291,0.552148,0.41940,10.00
0.118980,4.991481,0.553607,0.41934,10.00
0.118990,4.993718,0.554737,0.41924,10.00
0.119000,4.996280,0.555518,0.41914,10.00
0.119010,5.000023,0.555675,0.41880,10.00
0.119020,5.003736,0.555108,0.41853,10.00
0.119030,5.007389,0.553886,0.41830,10.00
0.119040,5.010953,0.552053,0.41810,10.00
0.119050,5.014129,0.549645,0.41791,10.00
0.119060,5.016085,0.546934,0.41794,10.00
0.119070,5.017905,0.544039,0.41792,10.00
0.119080,5.019579,0.540927,0.41786,10.00
0.119090,5.021098,0.537592,0.41779,10.00
0.119100,5.022344,0.534046,0.41772,10.00
0.119110,5.022983,0.530406,0.41774,10.00
0.119120,5.023452,0.526732,0.41774,10.00
0.119130,5.023753,0.523026,0.41773,10.00
0.119140,5.023883,0.519302,0.41772,10.00
0.119150,5.024120,0.515581,0.41771,10.00
0.119160,5.025287,0.511638,0.41749,10.00
0.119170,5.026262,0.507408,0.41736,10.00
0.119180,5.027035,0.502983,0.41727,10.00
0.119190,5.027600,0.498425,0.41721,10.00
0.119200,5.027789,0.493783,0.41717,10.00
0.119210,5.027114,0.489247,0.41727,10.00
0.119220,5.026242,0.484908,0.41734,10.00
0.119230,5.025183,0.480765,0.41740,10.00
0.119240,5.023946,0.476829,0.41747,10.00
0.119250,5.022608,0.473120,0.41753,10.00
0.119260,5.021377,0.469599,0.41755,10.00
0.119270,5.019996,0.466267,0.41760,10.00
0.119280,5.018477,0.463159,0.41766,10.00
0.119290,5.016831,0.460303,0.41773,10.00
0.119300,5.014961,0.457722,0.41781,10.00
0.119310,5.012556,0.455531,0.41798,10.00
0.119320,5.010075,0.453782,0.41813,10.00
0.119330,5.007537,0.452463,0.41827,10.00
0.119340,5.004963,0.451569,0.41840,10.00
0.119350,5.002439,0.451097,0.41853,10.00
0.119360,5.000184,0.450986,0.41862,10.00
0.119370,4.997944,0.451211,0.41871,10.00
0.119380,4.995734,0.451779,0.41882,10.00
0.119390,4.993568,0.452693,0.41893,10.00
0.119400,4.991601,0.453946,0.41904,10.00
0.119410,4.990256,0.455408,0.41904,10.00
0.119420,4.988986,0.457021,0.41907,10.00
0.119430,4.987801,0.458801,0.41912,10.00
0.119440,4.986706,0.460749,0.41917,10.00
0.119450,4.985610,0.462859,0.41923,10.00
0.119460,4.984226,0.465204,0.41936,10.00
0.119470,4.982963,0.467801,0.41945,10.00
0.119480,4.981829,0.470611,0.41953,10.00
0.119490,4.980832,0.473602,0.41960,10.00
0.119500,4.980196,0.476746,0.41966,10.00
0.119510,4.980565,0.479826,0.41954,10.00
0.119520,4.981069,0.482746,0.41948,10.00
0.119530,4.981698,0.485529,0.41943,10.00
0.119540,4.982448,0.488178,0.41938,10.00
0.119550,4.982874,0.490687,0.41934,10.00
0.119560,4.981673,0.493426,0.41963,10.00
0.119570,4.980612,0.496526,0.41981,10.00
0.119580,4.979704,0.499874,0.41993,10.00
0.119590,4.978958,0.503399,0.42000,10.00
0.119600,4.978556,0.507051,0.42006,10.00
0.119610,4.979033,0.510633,0.41996,10.00
0.119620,4.979666,0.514055,0.41990,10.00
0.119630,4.980447,0.517323,0.41985,10.00
0.119640,4.981368,0.520434,0.41980,10.00
0.119650,4.982176,0.523373,0.41975,10.00
0.119660,4.982129,0.526340,0.41988,10.00
0.119670,4.982220,0.529400,0.41995,10.00
0.119680,4.982450,0.532480,0.41998,10.00
0.119690,4.982818,0.535533,0.41998,10.00
0.119700,4.983573,0.538524,0.41997,10.00
0.119710,4.985457,0.541205,0.41976,10.00
0.119720,4.987443,0.543470,0.41961,10.00
0.119730,4.989512,0.545354,0.41947,10.00
0.119740,4.991647,0.546870,0.41935,10.00
0.119750,4.993765,0.548023,0.41924,10.00
0.119760,4.995656,0.548870,0.41917,10.00
0.119770,4.997568,0.549433,0.41909,10.00
0.119780,4.999490,0.549697,0.41900,10.00
0.119790,5.001406,0.549657,0.41891,10.00
0.119800,5.003324,0.549312,0.41881,10.00
0.119810,5.005293,0.548646,0.41870,10.00
0.119820,5.007214,0.547658,0.41859,10.00
0.119830,5.009073,0.546361,0.41849,10.00
0.119840,5.010856,0.544768,0.41839,10.00
0.119850,5.012350,0.542893,0.41830,10.00
0.119860,5.012946,0.540927,0.41836,10.00
0.119870,5.013450,0.538952,0.41837,10.00
0.119880,5.013861,0.536943,0.41837,10.00
0.119890,5.014179,0.534895,0.41835,10.00
0.119900,5.014792,0.532813,0.41834,10.00
0.119910,5.016861,0.530367,0.41804,10.00
0.119920,5.018796,0.527443,0.41783,10.00
0.119930,5.020578,0.524140,0.41768,10.00
0.119940,5.022195,0.520525,0.41756,10.00
0.119950,5.023501,0.516645,0.41746,10.00
0.119960,5.024095,0.512655,0.41747,10.00
0.119970,5.024505,0.508634,0.41746,10.00
0.119980,5.024730,0.504588,0.41745,10.00
0.119990,5.024770,0.500535,0.41745,10.00
0.120000,5.024523,0.496499,0.41744,10.00
0.120010,5.023685,0.492595,0.41752,10.00
0.120020,5.022679,0.488884,0.41759,10.00
0.120030,5.021515,0.485370,0.41765,10.00
0.120040,5.020202,0.482068,0.41771,10.00
0.120050,5.018768,0.478995,0.41777,10.00
0.120060,5.017278,0.476153,0.41783,10.00
0.120070,5.015672,0.473557,0.41790,10.00
0.120080,5.013962,0.471224,0.41797,10.00
0.120090,5.012162,0.469174,0.41806,10.00
0.120100,5.010518,0.467418,0.41814,10.00
0.120110,5.009737,0.465771,0.41806,10.00
0.120120,5.008885,0.464163,0.41804,10.00
0.120130,5.007967,0.462653,0.41806,10.00
0.120140,5.006988,0.461274,0.41809,10.00
0.120150,5.006074,0.460047,0.41813,10.00
0.120160,5.005586,0.458885,0.41809,10.00
0.120170,5.005049,0.457760,0.41809,10.00
0.120180,5.004464,0.456703,0.41810,10.00
0.120190,5.003837,0.455735,0.41812,10.00
0.120200,5.002841,0.454869,0.41815,10.00
0.120210,5.000505,0.454396,0.41843,10.00
0.120220,4.998172,0.454429,0.41863,10.00
0.120230,4.995863,0.454903,0.41879,10.00
0.120240,4.993597,0.455781,0.41893,10.00
0.120250,4.991521,0.457038,0.41906,10.00
0.120260,4.990036,0.458542,0.41908,10.00
0.120270,4.988631,0.460234,0.41913,10.00
0.120280,4.987315,0.462124,0.41919,10.00
0.120290,4.986095,0.464206,0.41926,10.00
0.120300,4.985138,0.466472,0.41932,10.00
0.120310,4.984919,0.468773,0.41927,10.00
0.120320,4.984803,0.471041,0.41925,10.00
0.120330,4.984791,0.473290,0.41924,10.00
0.120340,4.984880,0.475519,0.41923,10.00
0.120350,4.984574,0.477721,0.41923,10.00
0.120360,4.982405,0.480303,0.41958,10.00
0.120370,4.980377,0.483412,0.41982,10.00
0.120380,4.978511,0.486932,0.41998,10.00
0.120390,4.976823,0.490787,0.42012,10.00
0.120400,4.975297,0.494921,0.42022,10.00
0.120410,4.973862,0.499316,0.42033,10.00
0.120420,4.972640,0.503938,0.42042,10.00
0.120430,4.971639,0.508746,0.42049,10.00
0.120440,4.970864,0.513699,0.42055,10.00
0.120450,4.970620,0.518757,0.42060,10.00
0.120460,4.971802,0.523628,0.42042,10.00
0.120470,4.973191,0.528177,0.42029,10.00
0.120480,4.974771,0.532427,0.42019,10.00
0.120490,4.976529,0.536377,0.42010,10.00
0.120500,4.978519,0.540016,0.42001,10.00
0.120510,4.980927,0.543268,0.41986,10.00
0.120520,4.983460,0.546092,0.41973,10.00
0.120530,4.986098,0.548485,0.41960,10.00
0.120540,4.988821,0.550438,0.41946,10.00
0.120550,4.991501,0.551945,0.41932,10.00
0.120560,4.993798,0.553087,0.41926,10.00
0.120570,4.996128,0.553896,0.41917,10.00
0.120580,4.998475,0.554348,0.41906,10.00
0.120590,5.000821,0.554431,0.41895,10.00
0.120600,5.003072,0.554142,0.41883,10.00
0.120610,5.004978,0.553547,0.41877,10.00
0.120620,5.006842,0.552677,0.41869,10.00
0.120630,5.008649,0.551525,0.41860,10.00
0.120640,5.010389,0.550093,0.41851,10.00
0.120650,5.011862,0.548388,0.41842,10.00
0.120660,5.012500,0.546579,0.41846,10.00
0.120670,5.013053,0.544741,0.41847,10.00
0.120680,5.013519,0.542853,0.41846,10.00
0.120690,5.013896,0.540911,0.41844,10.00
0.120700,5.014302,0.538920,0.41842,10.00
0.120710,5.015098,0.536789,0.41831,10.00
0.120720,5.015788,0.534492,0.41824,10.00
0.120730,5.016367,0.532065,0.41818,10.00
0.120740,5.016831,0.529540,0.41814,10.00
0.120750,5.017289,0.526939,0.41810,10.00
0.120760,5.018073,0.524192,0.41800,10.00
0.120770,5.018724,0.521283,0.41792,10.00
0.120780,5.019237,0.518255,0.41787,10.00
0.120790,5.019608,0.515142,0.41783,10.00
0.120800,5.019826,0.511972,0.41780,10.00
0.120810,5.019865,0.508779,0.41778,10.00
0.120820,5.019759,0.505590,0.41777,10.00
0.120830,5.019510,0.502429,0.41777,10.00
0.120840,5.019120,0.499317,0.41778,10.00
0.120850,5.018605,0.496278,0.41779,10.00
0.120860,5.018006,0.493322,0.41780,10.00
0.120870,5.017279,0.490467,0.41782,10.00
0.120880,5.016429,0.487734,0.41785,10.00
0.120890,5.015462,0.485145,0.41789,10.00
0.120900,5.014687,0.482719,0.41793,10.00
0.120910,5.015003,0.480225,0.41777,10.00
0.120920,5.015200,0.477580,0.41769,10.00
0.120930,5.015273,0.474858,0.41764,10.00
0.120940,5.015222,0.472107,0.41761,10.00
0.120950,5.014553,0.469362,0.41760,10.00
0.120960,5.011805,0.467056,0.41795,10.00
0.120970,5.008982,0.465374,0.41819,10.00
0.120980,5.006111,0.464239,0.41839,10.00
0.120990,5.003215,0.463615,0.41856,10.00
0.121000,5.000407,0.463479,0.41872,10.00
0.121010,4.997976,0.463746,0.41881,10.00
0.121020,4.995577,0.464376,0.41892,10.00
0.121030,4.993229,0.465374,0.41903,10.00
0.121040,4.990946,0.466739,0.41915,10.00
0.121050,4.988743,0.468462,0.41927,10.00
0.121060,4.986631,0.470533,0.41938,10.00
0.121070,4.984632,0.472936,0.41950,10.00
0.121080,4.982760,0.475652,0.41960,10.00
0.121090,4.981027,0.478660,0.41971,10.00
0.121100,4.979623,0.481938,0.41980,10.00
0.121110,4.979080,0.485315,0.41977,10.00
0.121120,4.978693,0.488707,0.41976,10.00
0.121130,4.978463,0.492121,0.41977,10.00
0.121140,4.978389,0.495547,0.41978,10.00
0.121150,4.978473,0.498968,0.41979,10.00
0.121160,4.978723,0.502361,0.41979,10.00
0.121170,4.979125,0.505702,0.41979,10.00
0.121180,4.979674,0.508970,0.41977,10.00
0.121190,4.980367,0.512140,0.41975,10.00
0.121200,4.980943,0.515192,0.41973,10.00
0.121210,4.980646,0.518309,0.41987,10.00
0.121220,4.980496,0.521554,0.41994,10.00
0.121230,4.980495,0.524858,0.41999,10.00
0.121240,4.980645,0.528176,0.42001,10.00
0.121250,4.981113,0.531470,0.42002,10.00
0.121260,4.982401,0.534574,0.41990,10.00
0.121270,4.983816,0.537405,0.41980,10.00
0.121280,4.985346,0.539971,0.41972,10.00
0.121290,4.986979,0.542269,0.41964,10.00
0.121300,4.988818,0.544290,0.41955,10.00
0.121310,4.991198,0.545929,0.41939,10.00
0.121320,4.993630,0.547139,0.41924,10.00
0.121330,4.996094,0.547934,0.41911,10.00
0.121340,4.998572,0.548319,0.41898,10.00
0.121350,5.001017,0.548301,0.41885,10.00
0.121360,5.003328,0.547905,0.41874,10.00
0.121370,5.005600,0.547148,0.41862,10.00
0.121380,5.007817,0.546032,0.41851,10.00
0.121390,5.009964,0.544565,0.41839,10.00
0.121400,5.011872,0.542757,0.41828,10.00
0.121410,5.013068,0.540749,0.41828,10.00
0.121420,5.014165,0.538605,0.41824,10.00
0.121430,5.015155,0.536317,0.41820,10.00
0.121440,5.016033,0.533887,0.41815,10.00
0.121450,5.016789,0.531328,0.41810,10.00
0.121460,5.017407,0.528659,0.41806,10.00
0.121470,5.017898,0.525898,0.41802,10.00
0.121480,5.018259,0.523065,0.41798,10.00
0.121490,5.018489,0.520180,0.41796,10.00
0.121500,5.018517,0.517264,0.41794,10.00
0.121510,5.018142,0.514393,0.41797,10.00
0.121520,5.017641,0.511611,0.41799,10.00
0.121530,5.017019,0.508925,0.41802,10.00
0.121540,5.016280,0.506350,0.41804,10.00
0.121550,5.015786,0.503901,0.41807,10.00
0.121560,5.016595,0.501309,0.41787,10.00
0.121570,5.017276,0.498475,0.41775,10.00
0.121580,5.017821,0.495478,0.41767,10.00
0.121590,5.018224,0.492371,0.41762,10.00
0.121600,5.018274,0.489193,0.41758,10.00
0.121610,5.017347,0.486142,0.41769,10.00
0.121620,5.016293,0.483314,0.41777,10.00
0.121630,5.015121,0.480697,0.41784,10.00
0.121640,5.013841,0.478292,0.41791,10.00
0.121650,5.012531,0.476109,0.41797,10.00
0.121660,5.011396,0.474103,0.41799,10.00
0.121670,5.010181,0.472266,0.41803,10.00
0.121680,5.008893,0.470619,0.41809,10.00
0.121690,5.007542,0.469179,0.41815,10.00
0.121700,5.006103,0.467958,0.41821,10.00
0.121710,5.004487,0.466992,0.41830,10.00
0.121720,5.002843,0.466301,0.41839,10.00
0.121730,5.001181,0.465881,0.41848,10.00
0.121740,4.999516,0.465734,0.41856,10.00
0.121750,4.997901,0.465858,0.41865,10.00
0.121760,4.996476,0.466216,0.41871,10.00
0.121770,4.995079,0.466790,0.41878,10.00
0.121780,4.993721,0.467582,0.41885,10.00
0.121790,4.992411,0.468589,0.41892,10.00
0.121800,4.991010,0.469804,0.41899,10.00
0.121810,4.989090,0.471336,0.41915,10.00
0.121820,4.987259,0.473222,0.41929,10.00
0.121830,4.985530,0.475423,0.41940,10.00
0.121840,4.983916,0.477911,0.41950,10.00
0.121850,4.982592,0.480660,0.41960,10.00
0.121860,4.982047,0.483517,0.41958,10.00
0.121870,4.981635,0.486406,0.41959,10.00
0.121880,4.981357,0.489331,0.41960,10.00
0.121890,4.981214,0.492282,0.41962,10.00
0.121900,4.981245,0.495245,0.41963,10.00
0.121910,4.981566,0.498170,0.41961,10.00
0.121920,4.982017,0.501026,0.41960,10.00
0.121930,4.982594,0.503797,0.41958,10.00
0.121940,4.983291,0.506468,0.41956,10.00
0.121950,4.984128,0.509021,0.41953,10.00
0.121960,4.985176,0.511420,0.41948,10.00
0.121970,4.986324,0.513638,0.41943,10.00
0.121980,4.987561,0.515665,0.41938,10.00
0.121990,4.988880,0.517488,0.41932,10.00
0.122000,4.990222,0.519097,0.41926,10.00
0.122010,4.991439,0.520516,0.41923,10.00
0.122020,4.992710,0.521753,0.41918,10.00
0.122030,4.994027,0.522792,0.41912,10.00
0.122040,4.995378,0.523622,0.41906,10.00
0.122050,4.996746,0.524236,0.41900,10.00
0.122060,4.998091,0.524636,0.41893,10.00
0.122070,4.999443,0.524824,0.41887,10.00
0.122080,5.000791,0.524796,0.41880,10.00
0.122090,5.002126,0.524552,0.41873,10.00
0.122100,5.003338,0.524095,0.41866,10.00
0.122110,5.004124,0.523505,0.41866,10.00
0.122120,5.004878,0.522822,0.41864,10.00
0.122130,5.005594,0.522034,0.41860,10.00
0.122140,5.006268,0.521139,0.41857,10.00
0.122150,5.006888,0.520141,0.41853,10.00
0.122160,5.007423,0.519051,0.41850,10.00
0.122170,5.007904,0.517880,0.41847,10.00
0.122180,5.008328,0.516634,0.41845,10.00
0.122190,5.008691,0.515322,0.41842,10.00
0.122200,5.009130,0.513953,0.41840,10.00
0.122210,5.010053,0.512430,0.41829,10.00
0.122220,5.010898,0.510718,0.41821,10.00
0.122230,5.011657,0.508851,0.41815,10.00
0.122240,5.012324,0.506854,0.41809,10.00
0.122250,5.012821,0.504748,0.41805,10.00
0.122260,5.012925,0.502608,0.41806,10.00
0.122270,5.012932,0.500477,0.41806,10.00
0.122280,5.012842,0.498359,0.41806,10.00
0.122290,5.012657,0.496264,0.41806,10.00
0.122300,5.012457,0.494206,0.41806,10.00
0.122310,5.012474,0.492137,0.41802,10.00
0.122320,5.012397,0.490046,0.41800,10.00
0.122330,5.012225,0.487960,0.41799,10.00
0.122340,5.011960,0.485900,0.41799,10.00
0.122350,5.011784,0.483883,0.41800,10.00
0.122360,5.012236,0.481787,0.41789,10.00
0.122370,5.012588,0.479568,0.41783,10.00
0.122380,5.012836,0.477270,0.41779,10.00
0.122390,5.012976,0.474924,0.41776,10.00
0.122400,5.012696,0.472555,0.41774,10.00
0.122410,5.011064,0.470425,0.41793,10.00
0.122420,5.009353,0.468655,0.41807,10.00
0.122430,5.007578,0.467212,0.41818,10.00
0.122440,5.005755,0.466081,0.41828,10.00
0.122450,5.003914,0.465258,0.41838,10.00
0.122460,5.002118,0.464729,0.41846,10.00
0.122470,5.000314,0.464488,0.41855,10.00
0.122480,4.998516,0.464537,0.41865,10.00
0.122490,4.996736,0.464875,0.41874,10.00
0.122500,4.994892,0.465499,0.41883,10.00
0.122510,4.992712,0.466477,0.41898,10.00
0.122520,4.990598,0.467832,0.41912,10.00
0.122530,4.988564,0.469540,0.41924,10.00
0.122540,4.986626,0.471580,0.41935,10.00
0.122550,4.985035,0.473933,0.41946,10.00
0.122560,4.984510,0.476396,0.41942,10.00
0.122570,4.984100,0.478872,0.41941,10.00
0.122580,4.983804,0.481376,0.41942,10.00
0.122590,4.983625,0.483908,0.41944,10.00
0.122600,4.983503,0.486458,0.41945,10.00
0.122610,4.983269,0.489057,0.41950,10.00
0.122620,4.983155,0.491706,0.41953,10.00
0.122630,4.983162,0.494378,0.41955,10.00
0.122640,4.983291,0.497052,0.41956,10.00
0.122650,4.983487,0.499704,0.41957,10.00
0.122660,4.983591,0.502356,0.41960,10.00
0.122670,4.983814,0.505004,0.41962,10.00
0.122680,4.984156,0.507622,0.41962,10.00
0.122690,4.984614,0.510186,0.41961,10.00
0.122700,4.985413,0.512675,0.41960,10.00
0.122710,4.987232,0.514897,0.41944,10.00
0.122720,4.989133,0.516759,0.41932,10.00
0.122730,4.991100,0.518280,0.41921,10.00
0.122740,4.993119,0.519468,0.41910,10.00
0.122750,4.995103,0.520323,0.41900,10.00
0.122760,4.996832,0.520896,0.41894,10.00
0.122770,4.998572,0.521210,0.41886,10.00
0.122780,5.000311,0.521254,0.41878,10.00
0.122790,5.002037,0.521024,0.41870,10.00
0.122800,5.003477,0.520519,0.41861,10.00
0.122810,5.003845,0.519941,0.41868,10.00
0.122820,5.004187,0.519378,0.41870,10.00
0.122830,5.004501,0.518798,0.41871,10.00
0.122840,5.004786,0.518187,0.41870,10.00
0.122850,5.005137,0.517538,0.41869,10.00
0.122860,5.005834,0.516780,0.41861,10.00
0.122870,5.006489,0.515884,0.41856,10.00
0.122880,5.007098,0.514871,0.41851,10.00
0.122890,5.007655,0.513752,0.41847,10.00
0.122900,5.008366,0.512540,0.41844,10.00
0.122910,5.009849,0.511089,0.41828,10.00
0.122920,5.011252,0.509340,0.41816,10.00
0.122930,5.012562,0.507337,0.41806,10.00
0.122940,5.013769,0.505111,0.41798,10.00
0.122950,5.014646,0.502685,0.41790,10.00
0.122960,5.014539,0.500246,0.41796,10.00
0.122970,5.014324,0.497885,0.41800,10.00
0.122980,5.014005,0.495591,0.41802,10.00
0.122990,5.013585,0.493366,0.41803,10.00
0.123000,5.013022,0.491217,0.41805,10.00
0.123010,5.012178,0.489192,0.41810,10.00
0.123020,5.011250,0.487319,0.41814,10.00
0.123030,5.010246,0.485603,0.41819,10.00
0.123040,5.009174,0.484053,0.41823,10.00
0.123050,5.007877,0.482679,0.41828,10.00
0.123060,5.005880,0.481609,0.41843,10.00
0.123070,5.003855,0.480906,0.41856,10.00
0.123080,5.001816,0.480551,0.41867,10.00
0.123090,4.999779,0.480533,0.41878,10.00
0.123100,4.997965,0.480848,0.41889,10.00
0.123110,4.996997,0.481336,0.41887,10.00
0.123120,4.996058,0.481923,0.41889,10.00
0.123130,4.995153,0.482633,0.41892,10.00
0.123140,4.994288,0.483473,0.41896,10.00
0.123150,4.993610,0.484444,0.41901,10.00
0.123160,4.993544,0.485438,0.41897,10.00
0.123170,4.993523,0.486403,0.41895,10.00
0.123180,4.993545,0.487351,0.41894,10.00
0.123190,4.993610,0.488286,0.41894,10.00
0.123200,4.993567,0.489206,0.41894,10.00
0.123210,4.992977,0.490217,0.41902,10.00
0.123220,4.992439,0.491362,0.41908,10.00
0.123230,4.991958,0.492613,0.41913,10.00
0.123240,4.991539,0.493952,0.41917,10.00
0.123250,4.991305,0.495362,0.41920,10.00
0.123260,4.991617,0.496743,0.41915,10.00
0.123270,4.991988,0.498042,0.41912,10.00
0.123280,4.992414,0.499265,0.41910,10.00
0.123290,4.992891,0.500412,0.41908,10.00
0.123300,4.993432,0.501479,0.41906,10.00
0.123310,4.994075,0.502448,0.41903,10.00
0.123320,4.994756,0.503309,0.41900,10.00
0.123330,4.995470,0.504058,0.41896,10.00
0.123340,4.996212,0.504692,0.41893,10.00
0.123350,4.996867,0.505206,0.41889,10.00
0.123360,4.997109,0.505677,0.41892,10.00
0.123370,4.997371,0.506138,0.41893,10.00
0.123380,4.997652,0.506571,0.41893,10.00
0.123390,4.997951,0.506966,0.41892,10.00
0.123400,4.998431,0.507316,0.41891,10.00
0.123410,4.999588,0.507495,0.41880,10.00
0.123420,5.000741,0.507445,0.41871,10.00
0.123430,5.001882,0.507188,0.41864,10.00
0.123440,5.003000,0.506738,0.41857,10.00
0.123450,5.003847,0.506103,0.41851,10.00
0.123460,5.003705,0.505467,0.41859,10.00
0.123470,5.003537,0.504914,0.41863,10.00
0.123480,5.003347,0.504419,0.41865,10.00
0.123490,5.003136,0.503970,0.41867,10.00
0.123500,5.002926,0.503562,0.41868,10.00
0.123510,5.002775,0.503180,0.41869,10.00
0.123520,5.002608,0.502819,0.41869,10.00
0.123530,5.002426,0.502482,0.41869,10.00
0.123540,5.002231,0.502172,0.41870,10.00
0.123550,5.001883,0.501892,0.41871,10.00
0.123560,5.000971,0.501746,0.41880,10.00
0.123570,5.000062,0.501781,0.41886,10.00
0.123580,4.999163,0.501978,0.41892,10.00
0.123590,4.998281,0.502327,0.41897,10.00
0.123600,4.997775,0.502820,0.41902,10.00
0.123610,4.998701,0.503196,0.41887,10.00
0.123620,4.999634,0.503333,0.41876,10.00
0.123630,5.000563,0.503276,0.41869,10.00
0.123640,5.001480,0.503046,0.41863,10.00
0.123650,5.002298,0.502659,0.41857,10.00
0.123660,5.002774,0.502179,0.41856,10.00
0.123670,5.003224,0.501641,0.41855,10.00
0.123680,5.003645,0.501041,0.41853,10.00
0.123690,5.004036,0.500377,0.41851,10.00
0.123700,5.004388,0.499654,0.41849,10.00
0.123710,5.004678,0.498880,0.41847,10.00
0.123720,5.004930,0.498061,0.41845,10.00
0.123730,5.005144,0.497204,0.41844,10.00
0.123740,5.005316,0.496314,0.41842,10.00
0.123750,5.005246,0.495397,0.41841,10.00
0.123760,5.004337,0.494603,0.41851,10.00
0.123770,5.003402,0.494006,0.41859,10.00
0.123780,5.002448,0.493583,0.41865,10.00
0.123790,5.001485,0.493326,0.41870,10.00
0.123800,5.000663,0.493230,0.41875,10.00
0.123810,5.000422,0.493187,0.41872,10.00
0.123820,5.000180,0.493149,0.41871,10.00
0.123830,4.999937,0.493132,0.41872,10.00
0.123840,4.999696,0.493145,0.41872,10.00
0.123850,4.999498,0.493192,0.41873,10.00
0.123860,4.999463,0.493247,0.41872,10.00
0.123870,4.999430,0.493297,0.41872,10.00
0.123880,4.999400,0.493347,0.41872,10.00
0.123890,4.999372,0.493400,0.41872,10.00
0.123900,4.999271,0.493457,0.41872,10.00
0.123910,4.998873,0.493571,0.41876,10.00
0.123920,4.998484,0.493768,0.41879,10.00
0.123930,4.998107,0.494037,0.41882,10.00
0.123940,4.997746,0.494371,0.41884,10.00
0.123950,4.997688,0.494766,0.41887,10.00
0.123960,4.998781,0.495015,0.41873,10.00
0.123970,4.999874,0.495021,0.41863,10.00
0.123980,5.000956,0.494819,0.41856,10.00
0.123990,5.002018,0.494428,0.41849,10.00
0.124000,5.003000,0.493858,0.41843,10.00
0.124010,5.003732,0.493158,0.41840,10.00
0.124020,5.004427,0.492353,0.41837,10.00
0.124030,5.005080,0.491443,0.41834,10.00
0.124040,5.005685,0.490432,0.41830,10.00
0.124050,5.006104,0.489328,0.41827,10.00
0.124060,5.005933,0.488232,0.41831,10.00
0.124070,5.005715,0.487197,0.41833,10.00
0.124080,5.005452,0.486215,0.41835,10.00
0.124090,5.005147,0.485284,0.41837,10.00
0.124100,5.004690,0.484407,0.41838,10.00
0.124110,5.003745,0.483668,0.41846,10.00
0.124120,5.002776,0.483109,0.41852,10.00
0.124130,5.001791,0.482719,0.41858,10.00
0.124140,5.000797,0.482495,0.41863,10.00
0.124150,4.999888,0.482435,0.41868,10.00
0.124160,4.999327,0.482476,0.41869,10.00
0.124170,4.998771,0.482588,0.41870,10.00
0.124180,4.998225,0.482781,0.41873,10.00
0.124190,4.997693,0.483057,0.41875,10.00
0.124200,4.997429,0.483417,0.41878,10.00
0.124210,4.998184,0.483684,0.41868,10.00
0.124220,4.998942,0.483772,0.41860,10.00
0.124230,4.999697,0.483710,0.41855,10.00
0.124240,5.000442,0.483515,0.41850,10.00
0.124250,5.000915,0.483195,0.41846,10.00
0.124260,5.000348,0.482935,0.41856,10.00
0.124270,4.999777,0.482825,0.41862,10.00
0.124280,4.999206,0.482837,0.41867,10.00
0.124290,4.998641,0.482956,0.41871,10.00
0.124300,4.997862,0.483175,0.41874,10.00
0.124310,4.996205,0.483645,0.41890,10.00
0.124320,4.994585,0.484433,0.41902,10.00
0.124330,4.993017,0.485509,0.41912,10.00
0.124340,4.991511,0.486851,0.41921,10.00
0.124350,4.990439,0.488441,0.41930,10.00
0.124360,4.990875,0.490014,0.41920,10.00
0.124370,4.991376,0.491440,0.41913,10.00
0.124380,4.991936,0.492747,0.41909,10.00
0.124390,4.992550,0.493945,0.41905,10.00
0.124400,4.993041,0.495035,0.41902,10.00
0.124410,4.992895,0.496134,0.41908,10.00
0.124420,4.992801,0.497294,0.41912,10.00
0.124430,4.992761,0.498487,0.41914,10.00
0.124440,4.992776,0.499697,0.41916,10.00
0.124450,4.992728,0.500910,0.41916,10.00
0.124460,4.992267,0.502197,0.41923,10.00
0.124470,4.991869,0.503584,0.41928,10.00
0.124480,4.991538,0.505049,0.41931,10.00
0.124490,4.991276,0.506574,0.41934,10.00
0.124500,4.991329,0.508144,0.41936,10.00
0.124510,4.992419,0.509578,0.41925,10.00
0.124520,4.993563,0.510785,0.41917,10.00
0.124530,4.994751,0.511782,0.41910,10.00
0.124540,4.995973,0.512575,0.41904,10.00
0.124550,4.997030,0.513164,0.41898,10.00
0.124560,4.997351,0.513681,0.41901,10.00
0.124570,4.997693,0.514184,0.41902,10.00
0.124580,4.998055,0.514652,0.41902,10.00
0.124590,4.998436,0.515070,0.41901,10.00
0.124600,4.998848,0.515432,0.41899,10.00
0.124610,4.999336,0.515719,0.41896,10.00
0.124620,4.999833,0.515925,0.41894,10.00
0.124630,5.000335,0.516048,0.41891,10.00
0.124640,5.000838,0.516088,0.41888,10.00
0.124650,5.001456,0.516045,0.41886,10.00
0.124660,5.002541,0.515838,0.41877,10.00
0.124670,5.003605,0.515430,0.41869,10.00
0.124680,5.004641,0.514837,0.41863,10.00
0.124690,5.005640,0.514069,0.41857,10.00
0.124700,5.006521,0.513135,0.41851,10.00
0.124710,5.007051,0.512095,0.41849,10.00
0.124720,5.007530,0.510983,0.41847,10.00
0.124730,5.007954,0.509800,0.41844,10.00
0.124740,5.008320,0.508550,0.41841,10.00
0.124750,5.008553,0.507240,0.41839,10.00
0.124760,5.008430,0.505931,0.41840,10.00
0.124770,5.008250,0.504654,0.41841,10.00
0.124780,5.008013,0.503411,0.41841,10.00
0.124790,5.007722,0.502208,0.41842,10.00
0.124800,5.007673,0.501052,0.41843,10.00
0.124810,5.008740,0.499749,0.41829,10.00
0.124820,5.009737,0.498214,0.41819,10.00
0.124830,5.010654,0.496486,0.41811,10.00
0.124840,5.011484,0.494595,0.41805,10.00
0.124850,5.011980,0.492561,0.41799,10.00
0.124860,5.011422,0.490566,0.41806,10.00
0.124870,5.010781,0.488706,0.41811,10.00
0.124880,5.010061,0.486972,0.41814,10.00
0.124890,5.009269,0.485364,0.41818,10.00
0.124900,5.008787,0.483888,0.41822,10.00
0.124910,5.009734,0.482298,0.41806,10.00
0.124920,5.010598,0.480482,0.41796,10.00
0.124930,5.011370,0.478489,0.41788,10.00
0.124940,5.012045,0.476352,0.41782,10.00
0.124950,5.012016,0.474098,0.41777,10.00
0.124960,5.009498,0.472152,0.41803,10.00
0.124970,5.006916,0.470727,0.41822,10.00
0.124980,5.004295,0.469776,0.41839,10.00
0.124990,5.001655,0.469275,0.41853,10.00
0.125000,4.999195,0.469214,0.41868,10.00
0.125010,4.997463,0.469465,0.41873,10.00
0.125020,4.995758,0.469963,0.41880,10.00
0.125030,4.994090,0.470721,0.41888,10.00
0.125040,4.992472,0.471740,0.41897,10.00
0.125050,4.991230,0.473017,0.41905,10.00
0.125060,4.991319,0.474333,0.41898,10.00
0.125070,4.991465,0.475575,0.41895,10.00
0.125080,4.991665,0.476765,0.41893,10.00
0.125090,4.991917,0.477912,0.41892,10.00
0.125100,4.992090,0.479013,0.41891,10.00
0.125110,4.991802,0.480152,0.41896,10.00
0.125120,4.991569,0.481364,0.41900,10.00
0.125130,4.991393,0.482629,0.41903,10.00
0.125140,4.991277,0.483932,0.41905,10.00
0.125150,4.991406,0.485260,0.41907,10.00
0.125160,4.992332,0.486480,0.41899,10.00
0.125170,4.993303,0.487519,0.41893,10.00
0.125180,4.994313,0.488388,0.41888,10.00
0.125190,4.995352,0.489090,0.41883,10.00
0.125200,4.996170,0.489623,0.41878,10.00
0.125210,4.996029,0.490149,0.41885,10.00
0.125220,4.995915,0.490745,0.41889,10.00
0.125230,4.995830,0.491384,0.41891,10.00
0.125240,4.995775,0.492051,0.41893,10.00
0.125250,4.995563,0.492734,0.41894,10.00
0.125260,4.994641,0.493549,0.41904,10.00
0.125270,4.993765,0.494550,0.41911,10.00
0.125280,4.992942,0.495711,0.41917,10.00
0.125290,4.992180,0.497015,0.41923,10.00
0.125300,4.991472,0.498447,0.41928,10.00
0.125310,4.990787,0.500002,0.41933,10.00
0.125320,4.990178,0.501672,0.41937,10.00
0.125330,4.989651,0.503443,0.41941,10.00
0.125340,4.989209,0.505300,0.41945,10.00
0.125350,4.989054,0.507230,0.41948,10.00
0.125360,4.989782,0.509088,0.41942,10.00
0.125370,4.990586,0.510793,0.41937,10.00
0.125380,4.991460,0.512352,0.41932,10.00
0.125390,4.992396,0.513763,0.41928,10.00
0.125400,4.993428,0.515020,0.41924,10.00
0.125410,4.994666,0.516090,0.41917,10.00
0.125420,4.995941,0.516953,0.41911,10.00
0.125430,4.997244,0.517607,0.41905,10.00
0.125440,4.998564,0.518050,0.41898,10.00
0.125450,4.999701,0.518279,0.41891,10.00
0.125460,5.000072,0.518419,0.41894,10.00
0.125470,5.000447,0.518532,0.41894,10.00
0.125480,5.000825,0.518601,0.41893,10.00
0.125490,5.001202,0.518616,0.41891,10.00
0.125500,5.001788,0.518572,0.41890,10.00
0.125510,5.003207,0.518330,0.41878,10.00
0.125520,5.004602,0.517821,0.41868,10.00
0.125530,5.005960,0.517067,0.41859,10.00
0.125540,5.007272,0.516082,0.41851,10.00
0.125550,5.008516,0.514878,0.41843,10.00
0.125560,5.009651,0.513474,0.41836,10.00
0.125570,5.010712,0.511884,0.41829,10.00
0.125580,5.011692,0.510120,0.41823,10.00
0.125590,5.012582,0.508195,0.41816,10.00
0.125600,5.013223,0.506122,0.41811,10.00
0.125610,5.013151,0.504017,0.41812,10.00
0.125620,5.012986,0.501945,0.41813,10.00
0.125630,5.012727,0.499908,0.41813,10.00
0.125640,5.012379,0.497915,0.41814,10.00
0.125650,5.012069,0.495976,0.41814,10.00
0.125660,5.012175,0.494023,0.41809,10.00
0.125670,5.012191,0.492028,0.41806,10.00
0.125680,5.012116,0.490015,0.41804,10.00
0.125690,5.011949,0.488006,0.41803,10.00
0.125700,5.011886,0.486016,0.41802,10.00
0.125710,5.012504,0.483939,0.41794,10.00
0.125720,5.013020,0.481725,0.41787,10.00
0.125730,5.013431,0.479408,0.41782,10.00
0.125740,5.013733,0.477014,0.41778,10.00
0.125750,5.013612,0.474564,0.41775,10.00
0.125760,5.012142,0.472279,0.41787,10.00
0.125770,5.010583,0.470279,0.41796,10.00
0.125780,5.008948,0.468552,0.41805,10.00
0.125790,5.007250,0.467100,0.41813,10.00
0.125800,5.005667,0.465925,0.41821,10.00
0.125810,5.004708,0.464927,0.41822,10.00
0.125820,5.003711,0.464058,0.41825,10.00
0.125830,5.002684,0.463336,0.41829,10.00
0.125840,5.001632,0.462773,0.41833,10.00
0.125850,5.000460,0.462377,0.41839,10.00
0.125860,4.998867,0.462219,0.41849,10.00
0.125870,4.997281,0.462336,0.41858,10.00
0.125880,4.995714,0.462719,0.41867,10.00
0.125890,4.994180,0.463361,0.41876,10.00
0.125900,4.992483,0.464255,0.41884,10.00
0.125910,4.990023,0.465526,0.41902,10.00
0.125920,4.987645,0.467230,0.41918,10.00
0.125930,4.985366,0.469339,0.41933,10.00
0.125940,4.983203,0.471829,0.41946,10.00
0.125950,4.981112,0.474678,0.41959,10.00
0.125960,4.978928,0.477901,0.41975,10.00
0.125970,4.976910,0.481494,0.41989,10.00
0.125980,4.975073,0.485424,0.42002,10.00
0.125990,4.973432,0.489662,0.42014,10.00
0.126000,4.972319,0.494175,0.42026,10.00
0.126010,4.972704,0.498724,0.42022,10.00
0.126020,4.973290,0.503172,0.42019,10.00
0.126030,4.974073,0.507510,0.42018,10.00
0.126040,4.975045,0.511720,0.42016,10.00
0.126050,4.976091,0.515776,0.42013,10.00
0.126060,4.976879,0.519721,0.42015,10.00
0.126070,4.977840,0.523564,0.42014,10.00
0.126080,4.978967,0.527267,0.42012,10.00
0.126090,4.980253,0.530801,0.42009,10.00
0.126100,4.981661,0.534137,0.42005,10.00
0.126110,4.983101,0.537265,0.42001,10.00
0.126120,4.984671,0.540171,0.41995,10.00
0.126130,4.986359,0.542832,0.41989,10.00
0.126140,4.988153,0.545225,0.41982,10.00
0.126150,4.990099,0.547333,0.41974,10.00
0.126160,4.992357,0.549102,0.41963,10.00
0.126170,4.994676,0.550500,0.41952,10.00
0.126180,4.997037,0.551520,0.41940,10.00
0.126190,4.999423,0.552157,0.41928,10.00
0.126200,5.001717,0.552407,0.41916,10.00
0.126210,5.003604,0.552330,0.41908,10.00
0.126220,5.005471,0.551959,0.41898,10.00
0.126230,5.007304,0.551290,0.41889,10.00
0.126240,5.009091,0.550324,0.41878,10.00
0.126250,5.010940,0.549064,0.41868,10.00
0.126260,5.013201,0.547444,0.41853,10.00
0.126270,5.015368,0.545434,0.41839,10.00
0.126280,5.017424,0.543057,0.41825,10.00
0.126290,5.019353,0.540335,0.41812,10.00
0.126300,5.021031,0.537289,0.41800,10.00
0.126310,5.022119,0.534012,0.41793,10.00
0.126320,5.023048,0.530562,0.41786,10.00
0.126330,5.023812,0.526959,0.41779,10.00
0.126340,5.024405,0.523223,0.41772,10.00
0.126350,5.024871,0.519381,0.41766,10.00
0.126360,5.025352,0.515430,0.41759,10.00
0.126370,5.025648,0.511381,0.41754,10.00
0.126380,5.025758,0.507269,0.41749,10.00
0.126390,5.025679,0.503124,0.41745,10.00
0.126400,5.025338,0.498978,0.41742,10.00
0.126410,5.024517,0.494909,0.41744,10.00
0.126420,5.023518,0.490969,0.41746,10.00
0.126430,5.022349,0.487184,0.41748,10.00
0.126440,5.021019,0.483578,0.41752,10.00
0.126450,5.019825,0.480178,0.41756,10.00
0.126460,5.019634,0.476829,0.41749,10.00
0.126470,5.019293,0.473464,0.41746,10.00
0.126480,5.018800,0.470125,0.41744,10.00
0.126490,5.018160,0.466848,0.41744,10.00
0.126500,5.017109,0.463662,0.41744,10.00
0.126510,5.014859,0.460758,0.41758,10.00
0.126520,5.012498,0.458247,0.41770,10.00
0.126530,5.010044,0.456128,0.41781,10.00
0.126540,5.007516,0.454410,0.41793,10.00
0.126550,5.004732,0.453102,0.41806,10.00
0.126560,5.001110,0.452334,0.41827,10.00
0.126570,4.997487,0.452177,0.41847,10.00
0.126580,4.993890,0.452620,0.41867,10.00
0.126590,4.990345,0.453652,0.41886,10.00
0.126600,4.987156,0.455264,0.41906,10.00
0.126610,4.985170,0.457273,0.41914,10.00
0.126620,4.983293,0.459574,0.41923,10.00
0.126630,4.981536,0.462169,0.41934,10.00
0.126640,4.979913,0.465049,0.41945,10.00
0.126650,4.978537,0.468197,0.41955,10.00
0.126660,4.977718,0.471531,0.41961,10.00
0.126670,4.977057,0.474996,0.41967,10.00
0.126680,4.976560,0.478574,0.41973,10.00
0.126690,4.976230,0.482243,0.41978,10.00
0.126700,4.975918,0.485976,0.41982,10.00
0.126710,4.975169,0.489842,0.41992,10.00
0.126720,4.974603,0.493861,0.42001,10.00
0.126730,4.974226,0.497995,0.42007,10.00
0.126740,4.974040,0.502208,0.42013,10.00
0.126750,4.974166,0.506468,0.42017,10.00
0.126760,4.974957,0.510670,0.42015,10.00
0.126770,4.975932,0.514743,0.42013,10.00
0.126780,4.977084,0.518666,0.42011,10.00
0.126790,4.978403,0.522411,0.42007,10.00
0.126800,4.979971,0.525953,0.42003,10.00
0.126810,4.982042,0.529213,0.41994,10.00
0.126820,4.984242,0.532138,0.41985,10.00
0.126830,4.986556,0.534711,0.41976,10.00
0.126840,4.988966,0.536915,0.41965,10.00
0.126850,4.991531,0.538736,0.41954,10.00
0.126860,4.994464,0.540114,0.41939,10.00
0.126870,4.997433,0.541012,0.41925,10.00
0.126880,5.000417,0.541429,0.41909,10.00
0.126890,5.003392,0.541362,0.41894,10.00
0.126900,5.006238,0.540814,0.41878,10.00
0.126910,5.008632,0.539846,0.41866,10.00
0.126920,5.010961,0.538500,0.41854,10.00
0.126930,5.013209,0.536779,0.41841,10.00
0.126940,5.015358,0.534690,0.41828,10.00
0.126950,5.017294,0.532247,0.41815,10.00
0.126960,5.018708,0.529527,0.41807,10.00
0.126970,5.019986,0.526579,0.41798,10.00
0.126980,5.021118,0.523419,0.41789,10.00
0.126990,5.022097,0.520067,0.41781,10.00
0.127000,5.022658,0.516545,0.41773,10.00
0.127010,5.022036,0.513030,0.41776,10.00
0.127020,5.021260,0.509632,0.41779,10.00
0.127030,5.020337,0.506360,0.41781,10.00
0.127040,5.019273,0.503230,0.41783,10.00
0.127050,5.018202,0.500263,0.41787,10.00
0.127060,5.017504,0.497403,0.41785,10.00
0.127070,5.016681,0.494631,0.41786,10.00
0.127080,5.015740,0.491973,0.41788,10.00
0.127090,5.014686,0.489453,0.41790,10.00
0.127100,5.013582,0.487092,0.41793,10.00
0.127110,5.012605,0.484875,0.41795,10.00
0.127120,5.011536,0.482801,0.41798,10.00
0.127130,5.010382,0.480888,0.41802,10.00
0.127140,5.009151,0.479154,0.41807,10.00
0.127150,5.008246,0.477612,0.41812,10.00
0.127160,5.008846,0.476041,0.41802,10.00
0.127170,5.009368,0.474327,0.41795,10.00
0.127180,5.009807,0.472504,0.41790,10.00
0.127190,5.010159,0.470595,0.41786,10.00
0.127200,5.010105,0.468621,0.41782,10.00
0.127210,5.008706,0.466784,0.41792,10.00
0.127220,5.007236,0.465202,0.41800,10.00
0.127230,5.005709,0.463871,0.41808,10.00
0.127240,5.004134,0.462793,0.41815,10.00
0.127250,5.002639,0.461972,0.41823,10.00
0.127260,5.001574,0.461345,0.41827,10.00
0.127270,5.000489,0.460880,0.41831,10.00
0.127280,4.999393,0.460585,0.41837,10.00
0.127290,4.998293,0.460467,0.41842,10.00
0.127300,4.997231,0.460527,0.41848,10.00
0.127310,4.996311,0.460748,0.41853,10.00
0.127320,4.995410,0.461118,0.41858,10.00
0.127330,4.994533,0.461636,0.41863,10.00
0.127340,4.993688,0.462300,0.41868,10.00
0.127350,4.992619,0.463107,0.41873,10.00
0.127360,4.990553,0.464202,0.41889,10.00
0.127370,4.988556,0.465664,0.41902,10.00
0.127380,4.986644,0.467469,0.41915,10.00
0.127390,4.984831,0.469599,0.41927,10.00
0.127400,4.983132,0.472034,0.41938,10.00
0.127410,4.981558,0.474756,0.41949,10.00
0.127420,4.980121,0.477745,0.41960,10.00
0.127430,4.978834,0.480978,0.41970,10.00
0.127440,4.977705,0.484432,0.41979,10.00
0.127450,4.976713,0.488083,0.41988,10.00
0.127460,4.975775,0.491921,0.41997,10.00
0.127470,4.975020,0.495929,0.42005,10.00
0.127480,4.974454,0.500076,0.42012,10.00
0.127490,4.974082,0.504331,0.42018,10.00
0.127500,4.973954,0.508662,0.42024,10.00
0.127510,4.974210,0.513011,0.42026,10.00
0.127520,4.974662,0.517331,0.42028,10.00
0.127530,4.975306,0.521591,0.42029,10.00
0.127540,4.976138,0.525761,0.42029,10.00
0.127550,4.977196,0.529812,0.42028,10.00
0.127560,4.978604,0.533688,0.42024,10.00
0.127570,4.980175,0.537346,0.42019,10.00
0.127580,4.981899,0.540760,0.42014,10.00
0.127590,4.983762,0.543907,0.42007,10.00
0.127600,4.985651,0.546762,0.42000,10.00
0.127610,4.987251,0.549362,0.41995,10.00
0.127620,4.988955,0.551721,0.41989,10.00
0.127630,4.990751,0.553815,0.41982,10.00
0.127640,4.992626,0.555625,0.41975,10.00
0.127650,4.994817,0.557138,0.41966,10.00
0.127660,4.998055,0.558197,0.41948,10.00
0.127670,5.001311,0.558711,0.41930,10.00
0.127680,5.004560,0.558687,0.41912,10.00
0.127690,5.007780,0.558129,0.41895,10.00
0.127700,5.010791,0.557043,0.41877,10.00
0.127710,5.013109,0.555525,0.41865,10.00
0.127720,5.015338,0.553635,0.41852,10.00
0.127730,5.017461,0.551381,0.41839,10.00
0.127740,5.019463,0.548773,0.41826,10.00
0.127750,5.021423,0.545829,0.41813,10.00
0.127760,5.023608,0.542515,0.41797,10.00
0.127770,5.025623,0.538824,0.41782,10.00
0.127780,5.027451,0.534784,0.41768,10.00
0.127790,5.029079,0.530427,0.41755,10.00
0.127800,5.030519,0.525785,0.41742,10.00
0.127810,5.031831,0.520878,0.41730,10.00
0.127820,5.032909,0.515734,0.41719,10.00
0.127830,5.033743,0.510392,0.41709,10.00
0.127840,5.034326,0.504890,0.41700,10.00
0.127850,5.034664,0.499269,0.41692,10.00
0.127860,5.034787,0.493564,0.41685,10.00
0.127870,5.034649,0.487814,0.41680,10.00
0.127880,5.034250,0.482060,0.41676,10.00
0.127890,5.033594,0.476347,0.41673,10.00
0.127900,5.032627,0.470716,0.41672,10.00
0.127910,5.031189,0.465239,0.41674,10.00
0.127920,5.029516,0.459977,0.41677,10.00
0.127930,5.027618,0.454967,0.41682,10.00
0.127940,5.025509,0.450244,0.41688,10.00
0.127950,5.023169,0.445844,0.41695,10.00
0.127960,5.020512,0.441820,0.41705,10.00
0.127970,5.017696,0.438213,0.41716,10.00
0.127980,5.014740,0.435049,0.41728,10.00
0.127990,5.011668,0.432353,0.41741,10.00
0.128000,5.008690,0.430145,0.41755,10.00
0.128010,5.006396,0.428338,0.41763,10.00
0.128020,5.004040,0.426883,0.41773,10.00
0.128030,5.001639,0.425800,0.41784,10.00
0.128040,4.999211,0.425103,0.41796,10.00
0.128050,4.996575,0.424798,0.41809,10.00
0.128060,4.993166,0.425001,0.41829,10.00
0.128070,4.989798,0.425775,0.41848,10.00
0.128080,4.986495,0.427109,0.41867,10.00
0.128090,4.983283,0.428991,0.41886,10.00
0.128100,4.980030,0.431408,0.41905,10.00
0.128110,4.976297,0.434428,0.41929,10.00
0.128120,4.972735,0.438080,0.41952,10.00
0.128130,4.969372,0.442335,0.41975,10.00
0.128140,4.966233,0.447158,0.41997,10.00
0.128150,4.963487,0.452516,0.42017,10.00
0.128160,4.961589,0.458289,0.42032,10.00
0.128170,4.959970,0.464389,0.42047,10.00
0.128180,4.958643,0.470776,0.42061,10.00
0.128190,4.957619,0.477408,0.42073,10.00
0.128200,4.956810,0.484238,0.42084,10.00
0.128210,4.955939,0.491269,0.42098,10.00
0.128220,4.955395,0.498481,0.42109,10.00
0.128230,4.955185,0.505820,0.42118,10.00
0.128240,4.955311,0.513228,0.42126,10.00
0.128250,4.955903,0.520652,0.42131,10.00
0.128260,4.957345,0.527964,0.42131,10.00
0.128270,4.959106,0.535069,0.42129,10.00
0.128280,4.961175,0.541918,0.42126,10.00
0.128290,4.963538,0.548462,0.42121,10.00
0.128300,4.966369,0.554652,0.42114,10.00
0.128310,4.970221,0.560338,0.42099,10.00
0.128320,4.974297,0.565414,0.42083,10.00
0.128330,4.978568,0.569847,0.42065,10.00
0.128340,4.983002,0.573605,0.42046,10.00
0.128350,4.987391,0.576660,0.42026,10.00
0.128360,4.991178,0.579085,0.42010,10.00
0.128370,4.995041,0.580915,0.41993,10.00
0.128380,4.998953,0.582131,0.41974,10.00
0.128390,5.002886,0.582719,0.41955,10.00
0.128400,5.007087,0.582670,0.41934,10.00
0.128410,5.012351,0.581831,0.41904,10.00
0.128420,5.017529,0.580116,0.41874,10.00
0.128430,5.022582,0.577544,0.41845,10.00
0.128440,5.027473,0.574134,0.41815,10.00
0.128450,5.031841,0.569910,0.41786,10.00
0.128460,5.034686,0.565078,0.41768,10.00
0.128470,5.037287,0.559775,0.41750,10.00
0.128480,5.039623,0.554030,0.41732,10.00
0.128490,5.041677,0.547878,0.41714,10.00
0.128500,5.043457,0.541362,0.41698,10.00
0.128510,5.045027,0.534511,0.41681,10.00
0.128520,5.046270,0.527368,0.41667,10.00
0.128530,5.047177,0.519983,0.41653,10.00
0.128540,5.047739,0.512411,0.41642,10.00
0.128550,5.048126,0.504707,0.41632,10.00
0.128560,5.048853,0.496834,0.41618,10.00
0.128570,5.049214,0.488792,0.41606,10.00
0.128580,5.049205,0.480647,0.41597,10.00
0.128590,5.048826,0.472459,0.41589,10.00
0.128600,5.047905,0.464290,0.41584,10.00
0.128610,5.045935,0.456294,0.41586,10.00
0.128620,5.043619,0.448585,0.41590,10.00
0.128630,5.040973,0.441218,0.41596,10.00
0.128640,5.038015,0.434244,0.41603,10.00
0.128650,5.035160,0.427717,0.41613,10.00
0.128660,5.033605,0.421475,0.41611,10.00
0.128670,5.031779,0.415437,0.41613,10.00
0.128680,5.029694,0.409660,0.41617,10.00
0.128690,5.027365,0.404191,0.41623,10.00
0.128700,5.024504,0.399076,0.41631,10.00
0.128710,5.020223,0.394516,0.41650,10.00
0.128720,5.015773,0.390645,0.41670,10.00
0.128730,5.011188,0.387488,0.41690,10.00
0.128740,5.006500,0.385067,0.41712,10.00
0.128750,5.001660,0.383400,0.41736,10.00
0.128760,4.996456,0.382546,0.41762,10.00
0.128770,4.991259,0.382541,0.41790,10.00
0.128780,4.986110,0.383386,0.41818,10.00
0.128790,4.981045,0.385076,0.41846,10.00
0.128800,4.976367,0.387602,0.41875,10.00
0.128810,4.972902,0.390809,0.41896,10.00
0.128820,4.969613,0.394590,0.41917,10.00
0.128830,4.966527,0.398926,0.41938,10.00
0.128840,4.963665,0.403790,0.41959,10.00
0.128850,4.960930,0.409149,0.41979,10.00
0.128860,4.957984,0.415032,0.42002,10.00
0.128870,4.955332,0.421434,0.42024,10.00
0.128880,4.952996,0.428310,0.42044,10.00
0.128890,4.950994,0.435608,0.42064,10.00
0.128900,4.949091,0.443276,0.42081,10.00
0.128910,4.946551,0.451391,0.42105,10.00
0.128920,4.944403,0.459974,0.42127,10.00
0.128930,4.942666,0.468961,0.42147,10.00
0.128940,4.941354,0.478282,0.42165,10.00
0.128950,4.940417,0.487870,0.42181,10.00
0.128960,4.939683,0.497685,0.42196,10.00
0.128970,4.939402,0.507675,0.42209,10.00
0.128980,4.939579,0.517767,0.42220,10.00
0.128990,4.940215,0.527885,0.42229,10.00
0.129000,4.941366,0.537954,0.42235,10.00
0.129010,4.943210,0.547868,0.42236,10.00
0.129020,4.945488,0.557534,0.42236,10.00
0.129030,4.948187,0.566881,0.42232,10.00
0.129040,4.951287,0.575837,0.42227,10.00
0.129050,4.954760,0.584337,0.42218,10.00
0.129060,4.958559,0.592320,0.42208,10.00
0.129070,4.962689,0.599727,0.42195,10.00
0.129080,4.967118,0.606500,0.42179,10.00
0.129090,4.971817,0.612587,0.42162,10.00
0.129100,4.977087,0.617941,0.42142,10.00
0.129110,4.983896,0.622344,0.42111,10.00
0.129120,4.990844,0.625652,0.42078,10.00
0.129130,4.997880,0.627842,0.42044,10.00
0.129140,5.004953,0.628896,0.42008,10.00
0.129150,5.011673,0.628802,0.41971,10.00
0.129160,5.016984,0.627730,0.41943,10.00
0.129170,5.022198,0.625794,0.41914,10.00
0.129180,5.027278,0.622998,0.41884,10.00
0.129190,5.032185,0.619356,0.41854,10.00
0.129200,5.036877,0.614891,0.41824,10.00
0.129210,5.041306,0.609632,0.41794,10.00
0.129220,5.045456,0.603617,0.41765,10.00
0.129230,5.049294,0.596886,0.41737,10.00
0.129240,5.052792,0.589485,0.41709,10.00
0.129250,5.056043,0.581467,0.41683,10.00
0.129260,5.059387,0.572825,0.41655,10.00
0.129270,5.062308,0.563580,0.41628,10.00
0.129280,5.064781,0.553801,0.41603,10.00
0.129290,5.066787,0.543557,0.41580,10.00
0.129300,5.068347,0.532922,0.41559,10.00
0.129310,5.069568,0.521954,0.41539,10.00
0.129320,5.070278,0.510719,0.41522,10.00
0.129330,5.070469,0.499300,0.41507,10.00
0.129340,5.070139,0.487779,0.41495,10.00
0.129350,5.069368,0.476243,0.41485,10.00
0.129360,5.068405,0.464734,0.41476,10.00
0.129370,5.066927,0.453311,0.41470,10.00
0.129380,5.064941,0.442060,0.41466,10.00
0.129390,5.062461,0.431065,0.41466,10.00
0.129400,5.059539,0.420409,0.41469,10.00
0.129410,5.056309,0.410153,0.41473,10.00
0.129420,5.052641,0.400362,0.41481,10.00
0.129430,5.048560,0.391112,0.41491,10.00
0.129440,5.044094,0.382472,0.41504,10.00
0.129450,5.039092,0.374511,0.41519,10.00
0.129460,5.033042,0.367382,0.41543,10.00
0.129470,5.026721,0.361200,0.41568,10.00
0.129480,5.020176,0.356014,0.41596,10.00
0.129490,5.013453,0.351865,0.41627,10.00
0.129500,5.006755,0.348788,0.41659,10.00
0.129510,5.000587,0.346735,0.41688,10.00
0.129520,4.994381,0.345675,0.41719,10.00
0.129530,4.988182,0.345622,0.41752,10.00
0.129540,4.982037,0.346583,0.41785,10.00
0.129550,4.975858,0.348556,0.41820,10.00
0.129560,4.969295,0.351597,0.41858,10.00
0.129570,4.962930,0.355732,0.41897,10.00
0.129580,4.956810,0.360934,0.41935,10.00
0.129590,4.950983,0.367170,0.41973,10.00
0.129600,4.945459,0.374397,0.42011,10.00
0.129610,4.940184,0.382585,0.42049,10.00
0.129620,4.935329,0.391686,0.42086,10.00
0.129630,4.930933,0.401639,0.42121,10.00
0.129640,4.927030,0.412373,0.42155,10.00
0.129650,4.923629,0.423814,0.42187,10.00
0.129660,4.920691,0.435891,0.42217,10.00
0.129670,4.918330,0.448525,0.42245,10.00
0.129680,4.916566,0.461625,0.42271,10.00
0.129690,4.915415,0.475098,0.42293,10.00
0.129700,4.914968,0.488845,0.42313,10.00
0.129710,4.915468,0.502728,0.42328,10.00
0.129720,4.916597,0.516618,0.42339,10.00
0.129730,4.918349,0.530413,0.42347,10.00
0.129740,4.920713,0.544012,0.42352,10.00
0.129750,4.923907,0.557314,0.42353,10.00
0.129760,4.928596,0.570105,0.42344,10.00
0.129770,4.933825,0.582214,0.42332,10.00
0.129780,4.939560,0.593551,0.42317,10.00
0.129790,4.945759,0.604028,0.42298,10.00
0.129800,4.952016,0.613564,0.42275,10.00
0.129810,4.957199,0.622261,0.42259,10.00
0.129820,4.962731,0.630170,0.42240,10.00
0.129830,4.968574,0.637225,0.42218,10.00
0.129840,4.974686,0.643370,0.42194,10.00
0.129850,4.981204,0.648555,0.42167,10.00
0.129860,4.988623,0.652648,0.42133,10.00
0.129870,4.996161,0.655555,0.42097,10.00
0.129880,5.003764,0.657248,0.42059,10.00
0.129890,5.011376,0.657711,0.42020,10.00
0.129900,5.018799,0.656932,0.41979,10.00
0.129910,5.025561,0.654979,0.41941,10.00
0.129920,5.032172,0.651907,0.41903,10.00
0.129930,5.038585,0.647732,0.41864,10.00
0.129940,5.044749,0.642478,0.41825,10.00
0.129950,5.050459,0.636179,0.41786,10.00
0.129960,5.055196,0.628953,0.41751,10.00
0.129970,5.059561,0.620900,0.41718,10.00
0.129980,5.063520,0.612075,0.41685,10.00
0.129990,5.067041,0.602538,0.41655,10.00
0.130000,5.070421,0.592357,0.41625,10.00
0.130010,5.074606,0.581445,0.41589,10.00
0.130020,5.078256,0.569775,0.41555,10.00
0.130030,5.081341,0.557429,0.41523,10.00
0.130040,5.083835,0.544494,0.41494,10.00
0.130050,5.085456,0.531064,0.41467,10.00
0.130060,5.085407,0.517361,0.41449,10.00
0.130070,5.084735,0.503570,0.41435,10.00
0.130080,5.083440,0.489792,0.41424,10.00
0.130090,5.081528,0.476129,0.41417,10.00
0.130100,5.079003,0.462684,0.41412,10.00
0.130110,5.075855,0.449560,0.41412,10.00
0.130120,5.072136,0.436860,0.41415,10.00
0.130130,5.067873,0.424679,0.41422,10.00
0.130140,5.063092,0.413111,0.41432,10.00
0.130150,5.058056,0.402244,0.41446,10.00
0.130160,5.053484,0.392053,0.41457,10.00
0.130170,5.048489,0.382542,0.41471,10.00
0.130180,5.043105,0.373785,0.41488,10.00
0.130190,5.037370,0.365852,0.41509,10.00
0.130200,5.031097,0.358804,0.41531,10.00
0.130210,5.023651,0.352810,0.41563,10.00
0.130220,5.015999,0.347992,0.41597,10.00
0.130230,5.008195,0.344392,0.41633,10.00
0.130240,5.000298,0.342043,0.41672,10.00
0.130250,4.992566,0.340969,0.41712,10.00
0.130260,4.985653,0.341088,0.41748,10.00
0.130270,4.978808,0.342341,0.41786,10.00
0.130280,4.972082,0.344725,0.41825,10.00
0.130290,4.965526,0.348227,0.41864,10.00
0.130300,4.959198,0.352828,0.41903,10.00
0.130310,4.953178,0.358495,0.41942,10.00
0.130320,4.947471,0.365187,0.41981,10.00
0.130330,4.942120,0.372860,0.42019,10.00
0.130340,4.937167,0.381464,0.42056,10.00
0.130350,4.932606,0.390938,0.42092,10.00
0.130360,4.928338,0.401239,0.42128,10.00
0.130370,4.924578,0.412310,0.42162,10.00
0.130380,4.921357,0.424072,0.42194,10.00
0.130390,4.918701,0.436443,0.42223,10.00
0.130400,4.916735,0.449333,0.42251,10.00
0.130410,4.915782,0.462601,0.42273,10.00
0.130420,4.915443,0.476117,0.42292,10.00
0.130430,4.915723,0.489783,0.42308,10.00
0.130440,4.916623,0.503499,0.42321,10.00
0.130450,4.918094,0.517161,0.42331,10.00
0.130460,4.919990,0.530693,0.42338,10.00
0.130470,4.922485,0.544008,0.42342,10.00
0.130480,4.925565,0.557005,0.42342,10.00
0.130490,4.929210,0.569588,0.42339,10.00
0.130500,4.933439,0.581660,0.42333,10.00
0.130510,4.938351,0.593109,0.42322,10.00
0.130520,4.943742,0.603834,0.42307,10.00
0.130530,4.949572,0.613750,0.42289,10.00
0.130540,4.955803,0.622780,0.42268,10.00
0.130550,4.962117,0.630853,0.42244,10.00
0.130560,4.967660,0.638034,0.42223,10.00
0.130570,4.973481,0.644353,0.42201,10.00
0.130580,4.979537,0.649760,0.42175,10.00
0.130590,4.985785,0.654208,0.42148,10.00
0.130600,4.992497,0.657661,0.42118,10.00
0.130610,5.000575,0.659934,0.42079,10.00
0.130620,5.008683,0.660901,0.42038,10.00
0.130630,5.016763,0.660549,0.41995,10.00
0.130640,5.024754,0.658874,0.41951,10.00
0.130650,5.032405,0.655880,0.41906,10.00
0.130660,5.039088,0.651676,0.41865,10.00
0.130670,5.045519,0.646347,0.41824,10.00
0.130680,5.051649,0.639928,0.41784,10.00
0.130690,5.057431,0.632460,0.41744,10.00
0.130700,5.062706,0.623993,0.41704,10.00
0.130710,5.067087,0.614640,0.41669,10.00
0.130720,5.071003,0.604502,0.41635,10.00
0.130730,5.074421,0.593652,0.41603,10.00
0.130740,5.077314,0.582165,0.41573,10.00
0.130750,5.079750,0.570123,0.41545,10.00
0.130760,5.081984,0.557568,0.41517,10.00
0.130770,5.083626,0.544560,0.41492,10.00
0.130780,5.084660,0.531194,0.41469,10.00
0.130790,5.085075,0.517565,0.41450,10.00
0.130800,5.084813,0.503775,0.41433,10.00
0.130810,5.083713,0.489950,0.41421,10.00
0.130820,5.081993,0.476208,0.41412,10.00
0.130830,5.079663,0.462653,0.41407,10.00
0.130840,5.076735,0.449385,0.41406,10.00
0.130850,5.073055,0.436504,0.41408,10.00
0.130860,5.068128,0.424192,0.41417,10.00
0.130870,5.062684,0.412598,0.41431,10.00
0.130880,5.056760,0.401813,0.41448,10.00
0.130890,5.050398,0.391920,0.41469,10.00
0.130900,5.043833,0.382997,0.41492,10.00
0.130910,5.037680,0.375025,0.41515,10.00
0.130920,5.031219,0.368004,0.41540,10.00
0.130930,5.024496,0.361993,0.41567,10.00
0.130940,5.017559,0.357042,0.41597,10.00
0.130950,5.010586,0.353191,0.41630,10.00
0.130960,5.004005,0.350416,0.41661,10.00
0.130970,4.997357,0.348700,0.41694,10.00
0.130980,4.990690,0.348062,0.41728,10.00
0.130990,4.984054,0.348514,0.41764,10.00
0.131000,4.977412,0.350056,0.41801,10.00
0.131010,4.970554,0.352726,0.41840,10.00
0.131020,4.963878,0.356536,0.41880,10.00
0.131030,4.957437,0.361466,0.41920,10.00
0.131040,4.951278,0.367484,0.41960,10.00
0.131050,4.945622,0.374552,0.42000,10.00
0.131060,4.941025,0.382540,0.42035,10.00
0.131070,4.936834,0.391337,0.42068,10.00
0.131080,4.933082,0.400883,0.42100,10.00
0.131090,4.929798,0.411111,0.42131,10.00
0.131100,4.927066,0.421949,0.42160,10.00
0.131110,4.925074,0.433294,0.42185,10.00
0.131120,4.923616,0.445045,0.42208,10.00
0.131130,4.922707,0.457118,0.42228,10.00
0.131140,4.922357,0.469426,0.42246,10.00
0.131150,4.922469,0.481877,0.42261,10.00
0.131160,4.922741,0.494431,0.42276,10.00
0.131170,4.923582,0.507028,0.42288,10.00
0.131180,4.924991,0.519574,0.42296,10.00
0.131190,4.926958,0.531975,0.42302,10.00
0.131200,4.929218,0.544141,0.42304,10.00
0.131210,4.930996,0.556102,0.42310,10.00
0.131220,4.933302,0.567850,0.42312,10.00
0.131230,4.936123,0.579298,0.42312,10.00
0.131240,4.939440,0.590360,0.42308,10.00
0.131250,4.943413,0.600950,0.42302,10.00
0.131260,4.948554,0.610902,0.42287,10.00
0.131270,4.954103,0.620081,0.42270,10.00
0.131280,4.960019,0.628413,0.42249,10.00
0.131290,4.966263,0.635833,0.42226,10.00
0.131300,4.972781,0.642281,0.42200,10.00
0.131310,4.979506,0.647708,0.42171,10.00
0.131320,4.986418,0.652070,0.42140,10.00
0.131330,4.993467,0.655330,0.42108,10.00
0.131340,5.000601,0.657458,0.42073,10.00
0.131350,5.007938,0.658432,0.42036,10.00
0.131360,5.015932,0.658157,0.41994,10.00
0.131370,5.023842,0.656572,0.41950,10.00
0.131380,5.031608,0.653685,0.41906,10.00
0.131390,5.039173,0.649507,0.41861,10.00
0.131400,5.046447,0.644065,0.41816,10.00
0.131410,5.053280,0.637407,0.41771,10.00
0.131420,5.059747,0.629586,0.41728,10.00
0.131430,5.065800,0.620654,0.41684,10.00
0.131440,5.071392,0.610672,0.41642,10.00
0.131450,5.076421,0.599707,0.41602,10.00
0.131460,5.080680,0.587864,0.41564,10.00
0.131470,5.084361,0.575243,0.41529,10.00
0.131480,5.087434,0.561934,0.41496,10.00
0.131490,5.089872,0.548032,0.41465,10.00
0.131500,5.091520,0.533636,0.41437,10.00
0.131510,5.091959,0.518916,0.41416,10.00
0.131520,5.091724,0.504022,0.41398,10.00
0.131530,5.090811,0.489063,0.41384,10.00
0.131540,5.089225,0.474151,0.41373,10.00
0.131550,5.087014,0.459396,0.41366,10.00
0.131560,5.084309,0.444888,0.41362,10.00
0.131570,5.080968,0.430723,0.41361,10.00
0.131580,5.077010,0.417009,0.41365,10.00
0.131590,5.072463,0.403848,0.41372,10.00
0.131600,5.067636,0.391343,0.41383,10.00
0.131610,5.063391,0.379453,0.41390,10.00
0.131620,5.058642,0.368181,0.41401,10.00
0.131630,5.053423,0.357615,0.41415,10.00
0.131640,5.047769,0.347834,0.41433,10.00
0.131650,5.041267,0.338917,0.41454,10.00
0.131660,5.032617,0.331152,0.41489,10.00
0.131670,5.023689,0.324747,0.41528,10.00
0.131680,5.014551,0.319757,0.41569,10.00
0.131690,5.005266,0.316226,0.41613,10.00
0.131700,4.996169,0.314189,0.41660,10.00
0.131710,4.988114,0.313541,0.41701,10.00
0.131720,4.980103,0.314209,0.41745,10.00
0.131730,4.972194,0.316194,0.41789,10.00
0.131740,4.964446,0.319490,0.41834,10.00
0.131750,4.956798,0.324078,0.41880,10.00
0.131760,4.948948,0.329989,0.41928,10.00
0.131770,4.941438,0.337226,0.41977,10.00
0.131780,4.934325,0.345741,0.42025,10.00
0.131790,4.927664,0.355478,0.42073,10.00
0.131800,4.921419,0.366372,0.42119,10.00
0.131810,4.915375,0.378391,0.42166,10.00
0.131820,4.909933,0.391479,0.42211,10.00
0.131830,4.905137,0.405546,0.42254,10.00
0.131840,4.901025,0.420492,0.42295,10.00
0.131850,4.898137,0.436212,0.42333,10.00
0.131860,4.898004,0.452350,0.42355,10.00
0.131870,4.898608,0.468625,0.42373,10.00
0.131880,4.899949,0.484918,0.42387,10.00
0.131890,4.902021,0.501108,0.42397,10.00
0.131900,4.904449,0.517075,0.42403,10.00
0.131910,4.906140,0.532874,0.42414,10.00
0.131920,4.908535,0.548504,0.42422,10.00
0.131930,4.911621,0.563848,0.42425,10.00
0.131940,4.915379,0.578791,0.42424,10.00
0.131950,4.919473,0.593220,0.42420,10.00
0.131960,4.922950,0.607175,0.42419,10.00
0.131970,4.927032,0.620651,0.42414,10.00
0.131980,4.931692,0.633546,0.42405,10.00
0.131990,4.936897,0.645760,0.42393,10.00
0.132000,4.942947,0.657200,0.42377,10.00
0.132010,4.950797,0.667616,0.42349,10.00
0.132020,4.959051,0.676817,0.42317,10.00
0.132030,4.967650,0.684730,0.42282,10.00
0.132040,4.976533,0.691289,0.42244,10.00
0.132050,4.985629,0.696437,0.42203,10.00
0.132060,4.994853,0.700134,0.42159,10.00
0.132070,5.004163,0.702345,0.42113,10.00
0.132080,5.013489,0.703046,0.42064,10.00
0.132090,5.022764,0.702225,0.42014,10.00
0.132100,5.031718,0.699879,0.41963,10.00
0.132110,5.039685,0.696115,0.41916,10.00
0.132120,5.047409,0.691017,0.41869,10.00
0.132130,5.054831,0.684616,0.41821,10.00
0.132140,5.061894,0.676953,0.41774,10.00
0.132150,5.068582,0.668078,0.41727,10.00
0.132160,5.074954,0.658032,0.41681,10.00
0.132170,5.080810,0.646872,0.41635,10.00
0.132180,5.086105,0.634674,0.41592,10.00
0.132190,5.090796,0.621523,0.41550,10.00
0.132200,5.094872,0.607512,0.41511,10.00
0.132210,5.098379,0.592728,0.41473,10.00
0.132220,5.101179,0.577266,0.41439,10.00
0.132230,5.103250,0.561239,0.41407,10.00
0.132240,5.104571,0.544761,0.41379,10.00
0.132250,5.105190,0.527953,0.41354,10.00
0.132260,5.105278,0.510909,0.41332,10.00
0.132270,5.104589,0.493733,0.41314,10.00
0.132280,5.103123,0.476552,0.41300,10.00
0.132290,5.100887,0.459493,0.41290,10.00
0.132300,5.098129,0.442684,0.41284,10.00
0.132310,5.095570,0.426136,0.41276,10.00
0.132320,5.092279,0.409897,0.41273,10.00
0.132330,5.088278,0.394090,0.41274,10.00
0.132340,5.083592,0.378834,0.41280,10.00
0.132350,5.078188,0.364244,0.41290,10.00
0.132360,5.071905,0.350463,0.41305,10.00
0.132370,5.065051,0.337620,0.41325,10.00
0.132380,5.057673,0.325813,0.41349,10.00
0.132390,5.049823,0.315137,0.41377,10.00
0.132400,5.041561,0.305675,0.41409,10.00
0.132410,5.032957,0.297502,0.41444,10.00
0.132420,5.024058,0.290685,0.41482,10.00
0.132430,5.014928,0.285282,0.41523,10.00
0.132440,5.005634,0.281338,0.41568,10.00
0.132450,4.996172,0.278892,0.41614,10.00
0.132460,4.986396,0.278004,0.41664,10.00
0.132470,4.976667,0.278712,0.41717,10.00
0.132480,4.967058,0.281019,0.41770,10.00
0.132490,4.957640,0.284916,0.41825,10.00
0.132500,4.948240,0.290384,0.41880,10.00
0.132510,4.938199,0.297506,0.41942,10.00
0.132520,4.928572,0.306320,0.42004,10.00
0.132530,4.919434,0.316767,0.42065,10.00
0.132540,4.910854,0.328779,0.42125,10.00
0.132550,4.903090,0.342276,0.42184,10.00
0.132560,4.896774,0.357072,0.42236,10.00
0.132570,4.891189,0.373005,0.42286,10.00
0.132580,4.886382,0.389960,0.42333,10.00
0.132590,4.882390,0.407820,0.42377,10.00
0.132600,4.879200,0.426455,0.42417,10.00
0.132610,4.876696,0.445755,0.42455,10.00
0.132620,4.875094,0.465597,0.42489,10.00
0.132630,4.874412,0.485835,0.42518,10.00
0.132640,4.874658,0.506323,0.42543,10.00
0.132650,4.875826,0.526910,0.42563,10.00
0.132660,4.877881,0.547449,0.42578,10.00
0.132670,4.880855,0.567791,0.42589,10.00
0.132680,4.884729,0.587783,0.42594,10.00
0.132690,4.889480,0.607277,0.42593,10.00
0.132700,4.895201,0.626125,0.42588,10.00
0.132710,4.902228,0.644124,0.42574,10.00
0.132720,4.910013,0.661096,0.42555,10.00
0.132730,4.918501,0.676910,0.42530,10.00
0.132740,4.927634,0.691443,0.42501,10.00
0.132750,4.937406,0.704580,0.42467,10.00
0.132760,4.947923,0.716188,0.42426,10.00
0.132770,4.958875,0.726155,0.42381,10.00
0.132780,4.970182,0.734399,0.42333,10.00
0.132790,4.981764,0.740848,0.42280,10.00
0.132800,4.993134,0.745446,0.42224,10.00
0.132810,5.003013,0.748342,0.42175,10.00
0.132820,5.012934,0.749636,0.42124,10.00
0.132830,5.022825,0.749309,0.42071,10.00
0.132840,5.032612,0.747356,0.42017,10.00
0.132850,5.042545,0.743782,0.41961,10.00
0.132860,5.053515,0.738449,0.41897,10.00
0.132870,5.064142,0.731284,0.41832,10.00
0.132880,5.074348,0.722330,0.41767,10.00
0.132890,5.084054,0.711644,0.41702,10.00
0.132900,5.093091,0.699296,0.41638,10.00
0.132910,5.101111,0.685414,0.41578,10.00
0.132920,5.108425,0.670123,0.41520,10.00
0.132930,5.114977,0.653529,0.41464,10.00
0.132940,5.120713,0.635748,0.41411,10.00
0.132950,5.125563,0.616905,0.41361,10.00
0.132960,5.129414,0.597146,0.41316,10.00
0.132970,5.132331,0.576620,0.41274,10.00
0.132980,5.134285,0.555476,0.41237,10.00
0.132990,5.135258,0.533866,0.41204,10.00
0.133000,5.135263,0.511948,0.41176,10.00
0.133010,5.134372,0.489870,0.41152,10.00
0.133020,5.132484,0.467788,0.41134,10.00
0.133030,5.129606,0.445863,0.41121,10.00
0.133040,5.125754,0.424259,0.41114,10.00
0.133050,5.120867,0.403138,0.41112,10.00
0.133060,5.114724,0.382700,0.41118,10.00
0.133070,5.107704,0.363127,0.41130,10.00
0.133080,5.099855,0.344569,0.41148,10.00
0.133090,5.091231,0.327167,0.41171,10.00
0.133100,5.082086,0.311058,0.41199,10.00
0.133110,5.073064,0.296273,0.41228,10.00
0.133120,5.063449,0.282867,0.41262,10.00
0.133130,5.053309,0.270945,0.41300,10.00
0.133140,5.042717,0.260604,0.41343,10.00
0.133150,5.031642,0.251929,0.41390,10.00
0.133160,5.019842,0.245044,0.41443,10.00
0.133170,5.007835,0.240045,0.41500,10.00
0.133180,4.995708,0.236978,0.41560,10.00
0.133190,4.983550,0.235876,0.41622,10.00
0.133200,4.971409,0.236758,0.41687,10.00
0.133210,4.959246,0.239648,0.41755,10.00
0.133220,4.947325,0.244549,0.41824,10.00
0.133230,4.935734,0.251435,0.41894,10.00
0.133240,4.924562,0.260266,0.41964,10.00
0.133250,4.913882,0.270987,0.42034,10.00
0.133260,4.903744,0.283532,0.42103,10.00
0.133270,4.894269,0.297823,0.42171,10.00
0.133280,4.885531,0.313762,0.42237,10.00
0.133290,4.877597,0.331241,0.42301,10.00
0.133300,4.870789,0.350137,0.42363,10.00
0.133310,4.865928,0.370195,0.42414,10.00
0.133320,4.862024,0.391189,0.42462,10.00
0.133330,4.859113,0.412969,0.42505,10.00
0.133340,4.857221,0.435378,0.42544,10.00
0.133350,4.856298,0.458252,0.42578,10.00
0.133360,4.856153,0.481459,0.42608,10.00
0.133370,4.857068,0.504850,0.42634,10.00
0.133380,4.859040,0.528252,0.42653,10.00
0.133390,4.862062,0.551493,0.42667,10.00
0.133400,4.866152,0.574399,0.42675,10.00
0.133410,4.871396,0.596782,0.42676,10.00
0.133420,4.877613,0.618460,0.42671,10.00
0.133430,4.884762,0.639271,0.42661,10.00
0.133440,4.892795,0.659055,0.42644,10.00
0.133450,4.901747,0.677660,0.42621,10.00
0.133460,4.911818,0.694900,0.42590,10.00
0.133470,4.922585,0.710612,0.42554,10.00
0.133480,4.933971,0.724670,0.42512,10.00
0.133490,4.945895,0.736963,0.42465,10.00
0.133500,4.958187,0.747390,0.42414,10.00
0.133510,4.970501,0.755905,0.42360,10.00
0.133520,4.983093,0.762463,0.42302,10.00
0.133530,4.995870,0.767005,0.42240,10.00
0.133540,5.008739,0.769487,0.42176,10.00
0.133550,5.021514,0.769879,0.42109,10.00
0.133560,5.033825,0.768213,0.42042,10.00
0.133570,5.045950,0.764519,0.41973,10.00
0.133580,5.057797,0.758813,0.41904,10.00
0.133590,5.069277,0.751129,0.41833,10.00
0.133600,5.080430,0.741511,0.41763,10.00
0.133610,5.091547,0.729962,0.41690,10.00
0.133620,5.102038,0.716514,0.41617,10.00
0.133630,5.111822,0.701258,0.41547,10.00
0.133640,5.120822,0.684298,0.41478,10.00
0.133650,5.128937,0.665749,0.41411,10.00
0.133660,5.136011,0.645757,0.41349,10.00
0.133670,5.142109,0.624471,0.41289,10.00
0.133680,5.147182,0.602042,0.41234,10.00
0.133690,5.151188,0.578630,0.41183,10.00
0.133700,5.154008,0.554404,0.41137,10.00
0.133710,5.155374,0.529577,0.41098,10.00
0.133720,5.155595,0.504358,0.41065,10.00
0.133730,5.154665,0.478930,0.41037,10.00
0.133740,5.152585,0.453481,0.41016,10.00
0.133750,5.149216,0.428199,0.41001,10.00
0.133760,5.144143,0.403342,0.40995,10.00
0.133770,5.137983,0.379145,0.40997,10.00
0.133780,5.130775,0.355789,0.41005,10.00
0.133790,5.122567,0.333453,0.41019,10.00
0.133800,5.113616,0.312306,0.41040,10.00
0.133810,5.104584,0.292415,0.41063,10.00
0.133820,5.094727,0.273869,0.41091,10.00
0.133830,5.084113,0.256812,0.41125,10.00
0.133840,5.072818,0.241378,0.41165,10.00
0.133850,5.060578,0.227690,0.41210,10.00
0.133860,5.046461,0.216023,0.41269,10.00
0.133870,5.031939,0.206585,0.41334,10.00
0.133880,5.017118,0.199457,0.41402,10.00
0.133890,5.002105,0.194704,0.41475,10.00
0.133900,4.987228,0.192373,0.41551,10.00
0.133910,4.973250,0.192390,0.41625,10.00
0.133920,4.959398,0.194696,0.41701,10.00
0.133930,4.945776,0.199286,0.41778,10.00
0.133940,4.932486,0.206139,0.41857,10.00
0.133950,4.919789,0.215214,0.41936,10.00
0.133960,4.908262,0.226380,0.42011,10.00
0.133970,4.897347,0.239512,0.42086,10.00
0.133980,4.887129,0.254524,0.42159,10.00
0.133990,4.877688,0.271314,0.42230,10.00
0.134000,4.868969,0.289768,0.42299,10.00
0.134010,4.860664,0.309817,0.42369,10.00
0.134020,4.853347,0.331365,0.42435,10.00
0.134030,4.847078,0.354257,0.42497,10.00
0.134040,4.841909,0.378333,0.42555,10.00
0.134050,4.837871,0.403420,0.42608,10.00
0.134060,4.834964,0.429344,0.42657,10.00
0.134070,4.833264,0.455920,0.42700,10.00
0.134080,4.832792,0.482957,0.42737,10.00
0.134090,4.833556,0.510255,0.42767,10.00
0.134100,4.835589,0.537614,0.42792,10.00
0.134110,4.838979,0.564817,0.42809,10.00
0.134120,4.843579,0.591650,0.42819,10.00
0.134130,4.849361,0.617913,0.42822,10.00
0.134140,4.856287,0.643409,0.42818,10.00
0.134150,4.864194,0.667945,0.42807,10.00
0.134160,4.872669,0.691391,0.42792,10.00
0.134170,4.882137,0.713608,0.42771,10.00
0.134180,4.892533,0.734424,0.42742,10.00
0.134190,4.903784,0.753677,0.42707,10.00
0.134200,4.915917,0.771218,0.42666,10.00
0.134210,4.929161,0.786856,0.42616,10.00
0.134220,4.942999,0.800431,0.42561,10.00
0.134230,4.957331,0.811833,0.42500,10.00
0.134240,4.972054,0.820965,0.42434,10.00
0.134250,4.987036,0.827747,0.42364,10.00
0.134260,5.002091,0.832130,0.42290,10.00
0.134270,5.017211,0.834077,0.42213,10.00
0.134280,5.032283,0.833559,0.42133,10.00
0.134290,5.047196,0.830570,0.42050,10.00
0.134300,5.061709,0.825116,0.41966,10.00
0.134310,5.075326,0.817289,0.41884,10.00
0.134320,5.088463,0.807176,0.41802,10.00
0.134330,5.101021,0.794840,0.41720,10.00
0.134340,5.112904,0.780359,0.41638,10.00
0.134350,5.124175,0.763832,0.41558,10.00
0.134360,5.135210,0.745293,0.41477,10.00
0.134370,5.145301,0.724821,0.41397,10.00
0.134380,5.154368,0.702556,0.41321,10.00
0.134390,5.162338,0.678654,0.41249,10.00
0.134400,5.169113,0.653284,0.41180,10.00
0.134410,5.174538,0.626641,0.41118,10.00
0.134420,5.178699,0.598928,0.41060,10.00
0.134430,5.181559,0.570343,0.41009,10.00
0.134440,5.183091,0.541094,0.40963,10.00
0.134450,5.183140,0.511395,0.40924,10.00
0.134460,5.181296,0.481527,0.40896,10.00
0.134470,5.178107,0.451755,0.40874,10.00
0.134480,5.173589,0.422299,0.40860,10.00
0.134490,5.167770,0.393380,0.40854,10.00
0.134500,5.160765,0.365215,0.40855,10.00
0.134510,5.152859,0.337976,0.40862,10.00
0.134520,5.143782,0.311846,0.40876,10.00
0.134530,5.133596,0.287023,0.40898,10.00
0.134540,5.122371,0.263698,0.40927,10.00
0.134550,5.110279,0.242052,0.40964,10.00
0.134560,5.097695,0.222206,0.41005,10.00
0.134570,5.084319,0.204288,0.41053,10.00
0.134580,5.070247,0.188438,0.41107,10.00
0.134590,5.055578,0.174786,0.41166,10.00
0.134600,5.040457,0.163444,0.41232,10.00
0.134610,5.025102,0.154490,0.41301,10.00
0.134620,5.009476,0.147992,0.41376,10.00
0.134630,4.993695,0.144010,0.41454,10.00
0.134640,4.977875,0.142586,0.41535,10.00
0.134650,4.962241,0.143746,0.41620,10.00
0.134660,4.947234,0.147441,0.41704,10.00
0.134670,4.932531,0.153622,0.41790,10.00
0.134680,4.918242,0.162256,0.41876,10.00
0.134690,4.904475,0.173293,0.41963,10.00
0.134700,4.891140,0.186663,0.42049,10.00
0.134710,4.877757,0.202374,0.42140,10.00
0.134720,4.865210,0.220383,0.42229,10.00
0.134730,4.853597,0.240570,0.42316,10.00
0.134740,4.843008,0.262797,0.42400,10.00
0.134750,4.833701,0.286910,0.42481,10.00
0.134760,4.826265,0.312657,0.42553,10.00
0.134770,4.820069,0.339800,0.42621,10.00
0.134780,4.815167,0.368146,0.42683,10.00
0.134790,4.811601,0.397490,0.42739,10.00
0.134800,4.809375,0.427621,0.42790,10.00
0.134810,4.808425,0.458334,0.42834,10.00
0.134820,4.808883,0.489415,0.42871,10.00
0.134830,4.810754,0.520634,0.42902,10.00
0.134840,4.814031,0.551762,0.42924,10.00
0.134850,4.818827,0.582567,0.42939,10.00
0.134860,4.825500,0.612757,0.42943,10.00
0.134870,4.833488,0.642064,0.42938,10.00
0.134880,4.842741,0.670267,0.42926,10.00
0.134890,4.853196,0.697150,0.42905,10.00
0.134900,4.864942,0.722507,0.42877,10.00
0.134910,4.878374,0.746066,0.42837,10.00
0.134920,4.892759,0.767592,0.42789,10.00
0.134930,4.907996,0.786914,0.42734,10.00
0.134940,4.923977,0.803878,0.42672,10.00
0.134950,4.940181,0.818345,0.42603,10.00
0.134960,4.955278,0.830392,0.42539,10.00
0.134970,4.970788,0.840048,0.42470,10.00
0.134980,4.986598,0.847228,0.42395,10.00
0.134990,5.002593,0.851866,0.42317,10.00
0.135000,5.018590,0.853915,0.42235,10.00
0.135010,5.034276,0.853377,0.42151,10.00
0.135020,5.049797,0.850264,0.42065,10.00
0.135030,5.065035,0.844586,0.41978,10.00
0.135040,5.079878,0.836371,0.41889,10.00
0.135050,5.094318,0.825667,0.41799,10.00
0.135060,5.108561,0.812489,0.41708,10.00
0.135070,5.122075,0.796887,0.41616,10.00
0.135080,5.134757,0.778965,0.41527,10.00
0.135090,5.146507,0.758844,0.41439,10.00
0.135100,5.157073,0.736660,0.41354,10.00
0.135110,5.165886,0.712645,0.41277,10.00
0.135120,5.173524,0.687020,0.41204,10.00
0.135130,5.179926,0.659966,0.41135,10.00
0.135140,5.185037,0.631676,0.41072,10.00
0.135150,5.189085,0.602353,0.41014,10.00
0.135160,5.192846,0.572077,0.40956,10.00
0.135170,5.195193,0.540980,0.40904,10.00
0.135180,5.196101,0.509288,0.40859,10.00
0.135190,5.195556,0.477233,0.40821,10.00
0.135200,5.193396,0.445050,0.40791,10.00
0.135210,5.189152,0.413053,0.40772,10.00
0.135220,5.183488,0.381531,0.40762,10.00
0.135230,5.176437,0.350722,0.40759,10.00
0.135240,5.168046,0.320856,0.40765,10.00
0.135250,5.158234,0.292159,0.40780,10.00
0.135260,5.146661,0.264917,0.40805,10.00
0.135270,5.133950,0.239381,0.40840,10.00
0.135280,5.120189,0.215749,0.40882,10.00
0.135290,5.105475,0.194208,0.40931,10.00
0.135300,5.090061,0.174927,0.40989,10.00
0.135310,5.074502,0.157988,0.41049,10.00
0.135320,5.058310,0.143483,0.41116,10.00
0.135330,5.041603,0.131530,0.41188,10.00
0.135340,5.024501,0.122232,0.41267,10.00
0.135350,5.007249,0.115671,0.41350,10.00
0.135360,4.990329,0.111853,0.41434,10.00
0.135370,4.973387,0.110782,0.41522,10.00
0.135380,4.956549,0.112481,0.41613,10.00
0.135390,4.939940,0.116951,0.41707,10.00
0.135400,4.923610,0.124173,0.41802,10.00
0.135410,4.907460,0.134145,0.41899,10.00
0.135420,4.891910,0.146830,0.41998,10.00
0.135430,4.877078,0.162150,0.42095,10.00
0.135440,4.863078,0.180004,0.42192,10.00
0.135450,4.849850,0.200273,0.42287,10.00
0.135460,4.836996,0.222901,0.42383,10.00
0.135470,4.825288,0.247788,0.42476,10.00
0.135480,4.814821,0.274759,0.42566,10.00
0.135490,4.805676,0.303627,0.42651,10.00
0.135500,4.797929,0.334188,0.42730,10.00
0.135510,4.791639,0.366225,0.42804,10.00
0.135520,4.786867,0.399509,0.42872,10.00
0.135530,4.783654,0.433800,0.42932,10.00
0.135540,4.782034,0.468849,0.42985,10.00
0.135550,4.782170,0.504401,0.43031,10.00
0.135560,4.784501,0.540125,0.43064,10.00
0.135570,4.788440,0.575711,0.43089,10.00
0.135580,4.793965,0.610896,0.43104,10.00
0.135590,4.801045,0.645416,0.43111,10.00
0.135600,4.809624,0.679013,0.43109,10.00
0.135610,4.819616,0.711437,0.43098,10.00
0.135620,4.830996,0.742446,0.43077,10.00
0.135630,4.843688,0.771803,0.43048,10.00
0.135640,4.857603,0.799281,0.43010,10.00
0.135650,4.872614,0.824668,0.42963,10.00
0.135660,4.888521,0.847780,0.42909,10.00
0.135670,4.905339,0.868443,0.42846,10.00
0.135680,4.922947,0.886492,0.42777,10.00
0.135690,4.941220,0.901779,0.42700,10.00
0.135700,4.959939,0.914178,0.42616,10.00
0.135710,4.978710,0.923621,0.42530,10.00
0.135720,4.997743,0.930053,0.42437,10.00
0.135730,5.016898,0.933409,0.42340,10.00
0.135740,5.036034,0.933649,0.42240,10.00
0.135750,5.055049,0.930754,0.42136,10.00
0.135760,5.073928,0.924710,0.42029,10.00
0.135770,5.092361,0.915531,0.41920,10.00
0.135780,5.110210,0.903269,0.41810,10.00
0.135790,5.127339,0.887998,0.41700,10.00
0.135800,5.143659,0.869816,0.41591,10.00
0.135810,5.159171,0.848823,0.41483,10.00
0.135820,5.173585,0.825145,0.41376,10.00
0.135830,5.186791,0.798943,0.41273,10.00
0.135840,5.198683,0.770400,0.41174,10.00
0.135850,5.209291,0.739713,0.41080,10.00
0.135860,5.218899,0.707039,0.40987,10.00
0.135870,5.226931,0.672570,0.40901,10.00
0.135880,5.233320,0.636551,0.40822,10.00
0.135890,5.238009,0.599241,0.40749,10.00
0.135900,5.240755,0.560910,0.40685,10.00
0.135910,5.240934,0.521932,0.40634,10.00
0.135920,5.239334,0.482658,0.40592,10.00
0.135930,5.235958,0.443375,0.40560,10.00
0.135940,5.230822,0.404375,0.40537,10.00
0.135950,5.223998,0.365949,0.40524,10.00
0.135960,5.215658,0.328363,0.40520,10.00
0.135970,5.205680,0.291885,0.40526,10.00
0.135980,5.194129,0.256792,0.40542,10.00
0.135990,5.181082,0.223350,0.40568,10.00
0.136000,5.166720,0.191817,0.40603,10.00
0.136010,5.151421,0.162390,0.40647,10.00
0.136020,5.134918,0.135269,0.40699,10.00
0.136030,5.117327,0.110666,0.40760,10.00
0.136040,5.098772,0.088778,0.40830,10.00
0.136050,5.079369,0.069780,0.40908,10.00
0.136060,5.059199,0.053838,0.40994,10.00
0.136070,5.038485,0.041090,0.41087,10.00
0.136080,5.017376,0.031650,0.41186,10.00
0.136090,4.996026,0.025602,0.41291,10.00
0.136100,4.974511,0.023011,0.41401,10.00
0.136110,4.952746,0.023953,0.41516,10.00
0.136120,4.931219,0.028466,0.41635,10.00
0.136130,4.910091,0.036535,0.41757,10.00
0.136140,4.889522,0.048118,0.41880,10.00
0.136150,4.869650,0.063149,0.42004,10.00
0.136160,4.850580,0.081543,0.42128,10.00
0.136170,4.832520,0.103184,0.42250,10.00
0.136180,4.815610,0.127930,0.42371,10.00
0.136190,4.799979,0.155615,0.42489,10.00
0.136200,4.785705,0.186048,0.42602,10.00
0.136210,4.772765,0.219040,0.42713,10.00
0.136220,4.761445,0.254376,0.42817,10.00
0.136230,4.751838,0.291805,0.42916,10.00
0.136240,4.744023,0.331062,0.43007,10.00
0.136250,4.738208,0.371866,0.43090,10.00
0.136260,4.734858,0.413856,0.43161,10.00
0.136270,4.733453,0.456681,0.43224,10.00
0.136280,4.734013,0.500030,0.43276,10.00
0.136290,4.736543,0.543583,0.43318,10.00
0.136300,4.740972,0.587021,0.43350,10.00
0.136310,4.747084,0.630050,0.43373,10.00
0.136320,4.755102,0.672372,0.43385,10.00
0.136330,4.764977,0.713670,0.43385,10.00
0.136340,4.776646,0.753631,0.43375,10.00
0.136350,4.790330,0.791953,0.43353,10.00
0.136360,4.806826,0.828200,0.43313,10.00
0.136370,4.824826,0.861997,0.43262,10.00
0.136380,4.844205,0.893081,0.43200,10.00
0.136390,4.864826,0.921207,0.43127,10.00
0.136400,4.886367,0.946151,0.43045,10.00
0.136410,4.908147,0.967797,0.42958,10.00
0.136420,4.930718,0.986025,0.42862,10.00
0.136430,4.953917,1.000681,0.42759,10.00
0.136440,4.977575,1.011638,0.42648,10.00
0.136450,5.001415,1.018796,0.42532,10.00
0.136460,5.024946,1.022132,0.42412,10.00
0.136470,5.048417,1.021636,0.42287,10.00
0.136480,5.071655,1.017292,0.42159,10.00
0.136490,5.094485,1.009111,0.42029,10.00
0.136500,5.116772,0.997133,0.41896,10.00
0.136510,5.138455,0.981411,0.41762,10.00
0.136520,5.159226,0.962031,0.41627,10.00
0.136530,5.178927,0.939115,0.41494,10.00
0.136540,5.197406,0.912816,0.41363,10.00
0.136550,5.214553,0.883310,0.41236,10.00
0.136560,5.230333,0.850783,0.41111,10.00
0.136570,5.244488,0.815450,0.40991,10.00
0.136580,5.256906,0.777557,0.40877,10.00
0.136590,5.267484,0.737372,0.40770,10.00
0.136600,5.276050,0.695180,0.40671,10.00
0.136610,5.282278,0.651324,0.40582,10.00
0.136620,5.286451,0.606148,0.40502,10.00
0.136630,5.288526,0.559979,0.40432,10.00
0.136640,5.288478,0.513153,0.40373,10.00
0.136650,5.286288,0.466015,0.40324,10.00
0.136660,5.281936,0.418915,0.40287,10.00
0.136670,5.275476,0.372206,0.40261,10.00
0.136680,5.266945,0.326235,0.40247,10.00
0.136690,5.256395,0.281346,0.40245,10.00
0.136700,5.244196,0.237878,0.40256,10.00
0.136710,5.231327,0.196014,0.40270,10.00
0.136720,5.216665,0.155976,0.40297,10.00
0.136730,5.200311,0.118070,0.40335,10.00
0.136740,5.182376,0.082588,0.40384,10.00
0.136750,5.162689,0.049805,0.40445,10.00
0.136760,5.140508,0.020121,0.40524,10.00
0.136770,5.117173,-0.006134,0.40613,10.00
0.136780,5.092851,-0.028747,0.40712,10.00
0.136790,5.067718,-0.047532,0.40821,10.00
0.136800,5.041966,-0.062328,0.40937,10.00
0.136810,5.015820,-0.073013,0.41061,10.00
0.136820,4.989422,-0.079488,0.41192,10.00
0.136830,4.962966,-0.081685,0.41329,10.00
0.136840,4.936649,-0.079563,0.41470,10.00
0.136850,4.910920,-0.073117,0.41615,10.00
0.136860,4.886731,-0.062494,0.41756,10.00
0.136870,4.863245,-0.047833,0.41899,10.00
0.136880,4.840639,-0.029222,0.42042,10.00
0.136890,4.819084,-0.006777,0.42185,10.00
0.136900,4.798451,0.019355,0.42326,10.00
0.136910,4.778017,0.049143,0.42471,10.00
0.136920,4.759124,0.082480,0.42613,10.00
0.136930,4.741921,0.119137,0.42751,10.00
0.136940,4.726543,0.158861,0.42882,10.00
0.136950,4.713299,0.201375,0.43007,10.00
0.136960,4.702847,0.246287,0.43120,10.00
0.136970,4.694536,0.293221,0.43224,10.00
0.136980,4.688440,0.341837,0.43318,10.00
0.136990,4.684614,0.391786,0.43402,10.00
0.137000,4.683316,0.442704,0.43475,10.00
0.137010,4.685210,0.494115,0.43531,10.00
0.137020,4.689431,0.545572,0.43575,10.00
0.137030,4.695960,0.596693,0.43606,10.00
0.137040,4.704760,0.647099,0.43625,10.00
0.137050,4.715575,0.696412,0.43630,10.00
0.137060,4.727729,0.744360,0.43627,10.00
0.137070,4.741960,0.790646,0.43612,10.00
0.137080,4.758172,0.834918,0.43583,10.00
0.137090,4.776257,0.876838,0.43541,10.00
0.137100,4.795999,0.916083,0.43487,10.00
0.137110,4.816993,0.952392,0.43423,10.00
0.137120,4.839452,0.985510,0.43346,10.00
0.137130,4.863220,1.015175,0.43259,10.00
0.137140,4.888125,1.041149,0.43161,10.00
0.137150,4.913808,1.063221,0.43053,10.00
0.137160,4.939540,1.081294,0.42940,10.00
0.137170,4.965864,1.095272,0.42819,10.00
0.137180,4.992589,1.105031,0.42690,10.00
0.137190,5.019517,1.110476,0.42555,10.00
0.137200,5.046731,1.111544,0.42414,10.00
0.137210,5.074863,1.108070,0.42262,10.00
0.137220,5.102583,1.099965,0.42106,10.00
0.137230,5.129684,1.087266,0.41947,10.00
0.137240,5.155963,1.070042,0.41786,10.00
0.137250,5.181038,1.048398,0.41626,10.00
0.137260,5.204176,1.022557,0.41471,10.00
0.137270,5.225929,0.992748,0.41318,10.00
0.137280,5.246127,0.959171,0.41168,10.00
0.137290,5.264612,0.922054,0.41024,10.00
0.137300,5.281490,0.881655,0.40884,10.00
0.137310,5.297371,0.838134,0.40745,10.00
0.137320,5.311125,0.791717,0.40614,10.00
0.137330,5.322640,0.742732,0.40491,10.00
0.137340,5.331818,0.691529,0.40377,10.00
0.137350,5.338393,0.638475,0.40274,10.00
0.137360,5.341747,0.584043,0.40187,10.00
0.137370,5.342590,0.528689,0.40111,10.00
0.137380,5.340902,0.472819,0.40049,10.00
0.137390,5.336682,0.416843,0.39999,10.00
0.137400,5.330060,0.361175,0.39964,10.00
0.137410,5.321403,0.306176,0.39939,10.00
0.137420,5.310318,0.252220,0.39929,10.00
0.137430,5.296872,0.199713,0.39933,10.00
0.137440,5.281155,0.149050,0.39951,10.00
0.137450,5.263212,0.100618,0.39983,10.00
0.137460,5.242999,0.054812,0.40031,10.00
0.137470,5.220880,0.012005,0.40093,10.00
0.137480,5.197009,-0.027472,0.40169,10.00
0.137490,5.171552,-0.063307,0.40257,10.00
0.137500,5.144692,-0.095218,0.40358,10.00
0.137510,5.116617,-0.122946,0.40470,10.00
0.137520,5.087531,-0.146264,0.40594,10.00
0.137530,5.057643,-0.164977,0.40727,10.00
0.137540,5.027172,-0.178922,0.40870,10.00
0.137550,4.996288,-0.187971,0.41021,10.00
0.137560,4.965067,-0.192007,0.41180,10.00
0.137570,4.933943,-0.190956,0.41346,10.00
0.137580,4.903147,-0.184801,0.41516,10.00
0.137590,4.872909,-0.173560,0.41689,10.00
0.137600,4.843407,-0.157289,0.41865,10.00
0.137610,4.814721,-0.136060,0.42044,10.00
0.137620,4.787260,-0.109988,0.42221,10.00
0.137630,4.761234,-0.079242,0.42398,10.00
0.137640,4.736845,-0.044023,0.42571,10.00
0.137650,4.714311,-0.004570,0.42740,10.00
0.137660,4.693902,0.038833,0.42903,10.00
0.137670,4.675654,0.085874,0.43059,10.00
0.137680,4.659715,0.136225,0.43208,10.00
0.137690,4.646215,0.189530,0.43347,10.00
0.137700,4.635217,0.245410,0.43476,10.00
0.137710,4.626669,0.303489,0.43595,10.00
0.137720,4.620845,0.363363,0.43702,10.00
0.137730,4.617803,0.424598,0.43796,10.00
0.137740,4.617580,0.486748,0.43877,10.00
0.137750,4.620086,0.549359,0.43943,10.00
0.137760,4.625004,0.612019,0.43997,10.00
0.137770,4.632734,0.674298,0.44035,10.00
0.137780,4.643233,0.735733,0.44058,10.00
0.137790,4.656438,0.795866,0.44065,10.00
0.137800,4.672413,0.854243,0.44056,10.00
0.137810,4.691497,0.910353,0.44027,10.00
0.137820,4.712966,0.963719,0.43982,10.00
0.137830,4.736675,1.013933,0.43921,10.00
0.137840,4.762459,1.060605,0.43845,10.00
0.137850,4.789990,1.103373,0.43754,10.00
0.137860,4.818626,1.141970,0.43652,10.00
0.137870,4.848764,1.176137,0.43536,10.00
0.137880,4.880188,1.205598,0.43408,10.00
0.137890,4.912673,1.230111,0.43268,10.00
0.137900,4.946013,1.249467,0.43117,10.00
0.137910,4.980058,1.263482,0.42956,10.00
0.137920,5.014435,1.272014,0.42785,10.00
0.137930,5.048891,1.274970,0.42607,10.00
0.137940,5.083173,1.272301,0.42423,10.00
0.137950,5.117001,1.263997,0.42234,10.00
0.137960,5.150053,1.250099,0.42042,10.00
0.137970,5.182175,1.230691,0.41848,10.00
0.137980,5.213122,1.205886,0.41653,10.00
0.137990,5.242661,1.175840,0.41458,10.00
0.138000,5.270840,1.140748,0.41266,10.00
0.138010,5.298267,1.100710,0.41071,10.00
0.138020,5.323622,1.055908,0.40880,10.00
0.138030,5.346706,1.006650,0.40696,10.00
0.138040,5.367338,0.953275,0.40519,10.00
0.138050,5.385046,0.896159,0.40351,10.00
0.138060,5.398779,0.835850,0.40202,10.00
0.138070,5.409639,0.772878,0.40064,10.00
0.138080,5.417530,0.707693,0.39939,10.00
0.138090,5.422379,0.640768,0.39828,10.00
0.138100,5.424225,0.572589,0.39731,10.00
0.138110,5.423312,0.503610,0.39648,10.00
0.138120,5.419263,0.434308,0.39580,10.00
0.138130,5.412091,0.365194,0.39530,10.00
0.138140,5.401833,0.296783,0.39496,10.00
0.138150,5.388919,0.229583,0.39480,10.00
0.138160,5.374530,0.163921,0.39473,10.00
0.138170,5.357278,0.100172,0.39483,10.00
0.138180,5.337275,0.038819,0.39510,10.00
0.138190,5.314655,-0.019673,0.39555,10.00
0.138200,5.289451,-0.074854,0.39617,10.00
0.138210,5.261472,-0.126240,0.39699,10.00
0.138220,5.231403,-0.173393,0.39797,10.00
0.138230,5.199455,-0.215939,0.39912,10.00
0.138240,5.165855,-0.253540,0.40041,10.00
0.138250,5.130951,-0.285892,0.40184,10.00
0.138260,5.095317,-0.312779,0.40338,10.00
0.138270,5.058778,-0.334009,0.40504,10.00
0.138280,5.021600,-0.349395,0.40680,10.00
0.138290,4.984056,-0.358793,0.40866,10.00
0.138300,4.946142,-0.362100,0.41061,10.00
0.138310,4.907305,-0.359128,0.41269,10.00
0.138320,4.868953,-0.349774,0.41483,10.00
0.138330,4.831372,-0.334074,0.41701,10.00
0.138340,4.794846,-0.312112,0.41922,10.00
0.138350,4.759511,-0.284017,0.42143,10.00
0.138360,4.725228,-0.249900,0.42367,10.00
0.138370,4.692808,-0.209936,0.42589,10.00
0.138380,4.662502,-0.164392,0.42806,10.00
0.138390,4.634544,-0.113575,0.43018,10.00
0.138400,4.609439,-0.057834,0.43223,10.00
0.138410,4.588235,0.002308,0.43412,10.00
0.138420,4.569964,0.066335,0.43590,10.00
0.138430,4.554775,0.133794,0.43756,10.00
0.138440,4.542799,0.204204,0.43909,10.00
0.138450,4.533845,0.277059,0.44048,10.00
0.138460,4.527119,0.351974,0.44179,10.00
0.138470,4.523868,0.428499,0.44294,10.00
0.138480,4.524135,0.506076,0.44391,10.00
0.138490,4.527935,0.584138,0.44471,10.00
0.138500,4.535283,0.662107,0.44531,10.00
0.138510,4.546213,0.739395,0.44572,10.00
0.138520,4.560568,0.815419,0.44594,10.00
0.138530,4.578259,0.889608,0.44595,10.00
0.138540,4.599172,0.961404,0.44576,10.00
0.138550,4.623214,1.030262,0.44538,10.00
0.138560,4.650353,1.095637,0.44478,10.00
0.138570,4.680227,1.157012,0.44399,10.00
0.138580,4.712631,1.213910,0.44301,10.00
0.138590,4.747336,1.265889,0.44184,10.00
0.138600,4.784194,1.312536,0.44050,10.00
0.138610,4.823224,1.353433,0.43897,10.00
0.138620,4.863768,1.388216,0.43727,10.00
0.138630,4.905532,1.416596,0.43544,10.00
0.138640,4.948214,1.438328,0.43346,10.00
0.138650,4.991424,1.453218,0.43137,10.00
0.138660,5.034608,1.461157,0.42920,10.00
0.138670,5.077765,1.462075,0.42694,10.00
0.138680,5.120576,1.455929,0.42460,10.00
0.138690,5.162722,1.442728,0.42221,10.00
0.138700,5.204021,1.422532,0.41978,10.00
0.138710,5.244561,1.395389,0.41730,10.00
0.138720,5.283500,1.361421,0.41482,10.00
0.138730,5.320540,1.320844,0.41235,10.00
0.138740,5.355396,1.273923,0.40991,10.00
0.138750,5.387978,1.220974,0.40753,10.00
0.138760,5.418557,1.162270,0.40517,10.00
0.138770,5.446185,1.098160,0.40290,10.00
0.138780,5.470642,1.029091,0.40073,10.00
0.138790,5.491731,0.955547,0.39868,10.00
0.138800,5.509095,0.878050,0.39677,10.00
0.138810,5.522044,0.797241,0.39506,10.00
0.138820,5.531192,0.713759,0.39351,10.00
0.138830,5.536452,0.628209,0.39214,10.00
0.138840,5.537766,0.541214,0.39096,10.00
0.138850,5.535152,0.453410,0.38998,10.00
0.138860,5.528758,0.365419,0.38920,10.00
0.138870,5.518412,0.277875,0.38862,10.00
0.138880,5.504167,0.191430,0.38827,10.00
0.138890,5.486110,0.106729,0.38814,10.00
0.138900,5.464251,0.024408,0.38824,10.00
0.138910,5.438422,-0.054860,0.38859,10.00
0.138920,5.409212,-0.130439,0.38916,10.00
0.138930,5.376819,-0.201750,0.38995,10.00
0.138940,5.341467,-0.268243,0.39097,10.00
0.138950,5.303354,-0.329399,0.39219,10.00
0.138960,5.262604,-0.384715,0.39363,10.00
0.138970,5.219698,-0.433735,0.39527,10.00
0.138980,5.174944,-0.476062,0.39708,10.00
0.138990,5.128810,-0.500000,0.39907,10.00
0.139000,5.082458,-0.500000,0.40116,10.00
0.139010,5.035591,-0.500000,0.40337,10.00
0.139020,4.988936,-0.500000,0.40568,10.00
0.139030,4.942493,-0.500000,0.40806,10.00
0.139040,4.896288,-0.498162,0.41052,10.00
0.139050,4.850616,-0.489032,0.41306,10.00
0.139060,4.805956,-0.472359,0.41564,10.00
0.139070,4.762458,-0.448244,0.41825,10.00
0.139080,4.720451,-0.416826,0.42087,10.00
0.139090,4.680254,-0.378300,0.42350,10.00
0.139100,4.642369,-0.332913,0.42609,10.00
0.139110,4.607660,-0.281059,0.42860,10.00
0.139120,4.575628,-0.223151,0.43104,10.00
0.139130,4.546525,-0.159584,0.43339,10.00
0.139140,4.520581,-0.090801,0.43565,10.00
0.139150,4.497935,-0.017284,0.43779,10.00
0.139160,4.478560,0.060482,0.43982,10.00
0.139170,4.462904,0.141967,0.44169,10.00
0.139180,4.451103,0.226585,0.44341,10.00
0.139190,4.443267,0.313727,0.44494,10.00
0.139200,4.439423,0.402761,0.44629,10.00
0.139210,4.439473,0.493061,0.44745,10.00
0.139220,4.443639,0.583981,0.44840,10.00
0.139230,4.451912,0.674851,0.44914,10.00
0.139240,4.464254,0.764998,0.44965,10.00
0.139250,4.480574,0.853750,0.44993,10.00
0.139260,4.500715,0.940452,0.44998,10.00
0.139270,4.524628,1.024458,0.44981,10.00
0.139280,4.552155,1.105130,0.44939,10.00
0.139290,4.583112,1.181855,0.44875,10.00
0.139300,4.617302,1.254042,0.44788,10.00
0.139310,4.654530,1.321128,0.44678,10.00
0.139320,4.694482,1.382584,0.44547,10.00
0.139330,4.736875,1.437925,0.44395,10.00
0.139340,4.781411,1.486709,0.44224,10.00
0.139350,4.827789,1.528541,0.44034,10.00
0.139360,4.875737,1.563064,0.43826,10.00
0.139370,4.924827,1.589979,0.43602,10.00
0.139380,4.974703,1.609045,0.43365,10.00
0.139390,5.024999,1.620082,0.43115,10.00
0.139400,5.075363,1.622963,0.42854,10.00
0.139410,5.125472,1.617619,0.42584,10.00
0.139420,5.174886,1.604039,0.42307,10.00
0.139430,5.223237,1.582280,0.42025,10.00
0.139440,5.270162,1.552462,0.41740,10.00
0.139450,5.315689,1.514762,0.41455,10.00
0.139460,5.360618,1.469234,0.41161,10.00
0.139470,5.403067,1.416049,0.40871,10.00
0.139480,5.442711,1.355562,0.40586,10.00
0.139490,5.479241,1.288182,0.40308,10.00
0.139500,5.511898,1.214371,0.40041,10.00
0.139510,5.539009,1.134872,0.39797,10.00
0.139520,5.562253,1.050394,0.39567,10.00
0.139530,5.581436,0.961537,0.39353,10.00
0.139540,5.596397,0.868937,0.39156,10.00
0.139550,5.607307,0.773259,0.38979,10.00
0.139560,5.614974,0.675049,0.38814,10.00
0.139570,5.618095,0.574922,0.38670,10.00
0.139580,5.616624,0.473611,0.38549,10.00
0.139590,5.610548,0.371858,0.38452,10.00
0.139600,5.599685,0.270416,0.38379,10.00
0.139610,5.583488,0.170133,0.38337,10.00
0.139620,5.562865,0.071826,0.38321,10.00
0.139630,5.537946,-0.023769,0.38331,10.00
0.139640,5.508894,-0.115929,0.38366,10.00
0.139650,5.476040,-0.203953,0.38428,10.00
0.139660,5.440014,-0.287235,0.38512,10.00
0.139670,5.400516,-0.365176,0.38622,10.00
0.139680,5.357821,-0.437172,0.38755,10.00
0.139690,5.312252,-0.500000,0.38913,10.00
0.139700,5.265753,-0.500000,0.39086,10.00
0.139710,5.219185,-0.500000,0.39270,10.00
0.139720,5.172829,-0.500000,0.39462,10.00
0.139730,5.126683,-0.500000,0.39662,10.00
0.139740,5.080746,-0.500000,0.39870,10.00
0.139750,5.035027,-0.500000,0.40086,10.00
0.139760,4.989556,-0.500000,0.40311,10.00
0.139770,4.944290,-0.500000,0.40543,10.00
0.139780,4.899233,-0.499785,0.40783,10.00
0.139790,4.854511,-0.494250,0.41031,10.00
0.139800,4.810729,-0.481291,0.41285,10.00
0.139810,4.769060,-0.461101,0.41535,10.00
0.139820,4.728689,-0.433885,0.41788,10.00
0.139830,4.689924,-0.399807,0.42041,10.00
0.139840,4.653063,-0.359085,0.42292,10.00
0.139850,4.617982,-0.311985,0.42540,10.00
0.139860,4.583739,-0.258628,0.42793,10.00
0.139870,4.552238,-0.199245,0.43039,10.00
0.139880,4.523728,-0.134244,0.43277,10.00
0.139890,4.498440,-0.064078,0.43504,10.00
0.139900,4.476780,0.010760,0.43719,10.00
0.139910,4.459529,0.089642,0.43915,10.00
0.139920,4.446031,0.171942,0.44095,10.00
0.139930,4.436407,0.257066,0.44259,10.00
0.139940,4.430752,0.344398,0.44405,10.00
0.139950,4.429084,0.433303,0.44531,10.00
0.139960,4.431303,0.523152,0.44638,10.00
0.139970,4.437598,0.613299,0.44724,10.00
0.139980,4.447948,0.703078,0.44788,10.00
0.139990,4.462298,0.791821,0.44829,10.00
0.140000,4.480651,0.878865,0.44848,10.00
0.140010,4.503146,0.963515,0.44841,10.00
0.140020,4.529299,1.045104,0.44811,10.00
0.140030,4.558937,1.123012,0.44759,10.00
0.140040,4.591861,1.196641,0.44683,10.00
0.140050,4.628067,1.265424,0.44585,10.00
0.140060,4.667967,1.328718,0.44459,10.00
0.140070,4.710395,1.385955,0.44312,10.00
0.140080,4.755051,1.436677,0.44146,10.00
0.140090,4.801619,1.480477,0.43960,10.00
0.140100,4.849416,1.516991,0.43756,10.00
0.140110,4.897060,1.546079,0.43546,10.00
0.140120,4.945601,1.567599,0.43320,10.00
0.140130,4.994688,1.581351,0.43082,10.00
0.140140,5.043961,1.587192,0.42833,10.00
0.140150,5.093207,1.585037,0.42575,10.00
0.140160,5.142510,1.574789,0.42305,10.00
0.140170,5.190904,1.556431,0.42029,10.00
0.140180,5.238026,1.530057,0.41750,10.00
0.140190,5.283522,1.495819,0.41470,10.00
0.140200,5.327056,1.453930,0.41190,10.00
0.140210,5.368315,1.404657,0.40912,10.00
0.140220,5.406958,1.348323,0.40640,10.00
0.140230,5.442686,1.285308,0.40374,10.00
0.140240,5.475221,1.216044,0.40116,10.00
0.140250,5.504174,1.141010,0.39870,10.00
0.140260,5.528921,1.060794,0.39640,10.00
0.140270,5.549789,0.976007,0.39424,10.00
0.140280,5.566606,0.887252,0.39224,10.00
0.140290,5.579226,0.795164,0.39043,10.00
0.140300,5.587822,0.700409,0.38880,10.00
0.140310,5.593168,0.603535,0.38731,10.00
0.140320,5.594050,0.505156,0.38603,10.00
0.140330,5.590441,0.405991,0.38498,10.00
0.140340,5.582345,0.306772,0.38417,10.00
0.140350,5.569624,0.208231,0.38359,10.00
0.140360,5.551829,0.111188,0.38331,10.00
0.140370,5.529771,0.016423,0.38329,10.00
0.140380,5.503593,-0.075350,0.38352,10.00
0.140390,5.473467,-0.163434,0.38400,10.00
0.140400,5.439381,-0.247160,0.38474,10.00
0.140410,5.400920,-0.325780,0.38578,10.00
0.140420,5.359222,-0.398616,0.38706,10.00
0.140430,5.314580,-0.465097,0.38858,10.00
0.140440,5.267671,-0.500000,0.39032,10.00
0.140450,5.220827,-0.500000,0.39218,10.00
0.140460,5.174786,-0.500000,0.39408,10.00
0.140470,5.128955,-0.500000,0.39606,10.00
0.140480,5.083331,-0.500000,0.39812,10.00
0.140490,5.037914,-0.500000,0.40026,10.00
0.140500,4.992699,-0.500000,0.40249,10.00
0.140510,4.947669,-0.500000,0.40479,10.00
0.140520,4.902843,-0.500000,0.40717,10.00
0.140530,4.858313,-0.495632,0.40963,10.00
0.140540,4.814385,-0.483870,0.41216,10.00
0.140550,4.771228,-0.464763,0.41472,10.00
0.140560,4.728687,-0.438338,0.41736,10.00
0.140570,4.687736,-0.404699,0.42000,10.00
0.140580,4.648689,-0.364059,0.42262,10.00
0.140590,4.611847,-0.316683,0.42522,10.00
0.140600,4.577733,-0.262887,0.42777,10.00
0.140610,4.547314,-0.203150,0.43019,10.00
0.140620,4.519893,-0.137958,0.43252,10.00
0.140630,4.495693,-0.067767,0.43474,10.00
0.140640,4.474912,0.006929,0.43684,10.00
0.140650,4.457502,0.085600,0.43880,10.00
0.140660,4.442950,0.167791,0.44067,10.00
0.140670,4.432277,0.252982,0.44236,10.00
0.140680,4.425585,0.340559,0.44388,10.00
0.140690,4.422947,0.429883,0.44520,10.00
0.140700,4.424788,0.520303,0.44632,10.00
0.140710,4.432262,0.610969,0.44714,10.00
0.140720,4.443802,0.701088,0.44773,10.00
0.140730,4.459349,0.789989,0.44809,10.00
0.140740,4.478809,0.877006,0.44822,10.00
0.140750,4.501558,0.961485,0.44812,10.00
0.140760,4.525940,1.043029,0.44792,10.00
0.140770,4.553822,1.121182,0.44748,10.00
0.140780,4.585017,1.195347,0.44682,10.00
0.140790,4.619313,1.264953,0.44594,10.00
0.140800,4.656674,1.329459,0.44484,10.00
0.140810,4.697437,1.388266,0.44348,10.00
0.140820,4.740516,1.440842,0.44192,10.00
0.140830,4.785605,1.486766,0.44017,10.00
0.140840,4.832383,1.525662,0.43824,10.00
0.140850,4.880517,1.557205,0.43614,10.00
0.140860,4.929673,1.581120,0.43389,10.00
0.140870,4.979477,1.597189,0.43151,10.00
0.140880,5.029567,1.605250,0.42901,10.00
0.140890,5.079575,1.605203,0.42640,10.00
0.140900,5.128921,1.597005,0.42372,10.00
0.140910,5.176612,1.580774,0.42103,10.00
0.140920,5.223134,1.556656,0.41830,10.00
0.140930,5.268139,1.524788,0.41555,10.00
0.140940,5.311287,1.485365,0.41280,10.00
0.140950,5.352402,1.438640,0.41008,10.00
0.140960,5.391616,1.384846,0.40735,10.00
0.140970,5.428026,1.324297,0.40469,10.00
0.140980,5.461350,1.257406,0.40211,10.00
0.140990,5.491325,1.184634,0.39963,10.00
0.141000,5.517856,1.106488,0.39727,10.00
0.141010,5.541153,1.023452,0.39501,10.00
0.141020,5.560456,0.936067,0.39290,10.00
0.141030,5.575603,0.844958,0.39097,10.00
0.141040,5.586461,0.750780,0.38922,10.00
0.141050,5.592831,0.654214,0.38768,10.00
0.141060,5.594353,0.556009,0.38637,10.00
0.141070,5.591385,0.456916,0.38529,10.00
0.141080,5.583927,0.357662,0.38444,10.00
0.141090,5.572013,0.258983,0.38383,10.00
0.141100,5.555668,0.161610,0.38347,10.00
0.141110,5.534865,0.066293,0.38337,10.00
0.141120,5.509906,-0.026240,0.38353,10.00
0.141130,5.480954,-0.115288,0.38394,10.00
0.141140,5.448204,-0.200174,0.38460,10.00
0.141150,5.411958,-0.280249,0.38552,10.00
0.141160,5.372701,-0.354932,0.38665,10.00
0.141170,5.330394,-0.423667,0.38803,10.00
0.141180,5.285335,-0.485914,0.38963,10.00
0.141190,5.238760,-0.500000,0.39142,10.00
0.141200,5.192224,-0.500000,0.39330,10.00
0.141210,5.145305,-0.500000,0.39530,10.00
0.141220,5.098599,-0.500000,0.39739,10.00
0.141230,5.052105,-0.500000,0.39955,10.00
0.141240,5.005821,-0.500000,0.40180,10.00
0.141250,4.959830,-0.500000,0.40413,10.00
0.141260,4.914379,-0.500000,0.40653,10.00
0.141270,4.869178,-0.497423,0.40900,10.00
0.141280,4.824499,-0.487461,0.41153,10.00
0.141290,4.780677,-0.470044,0.41412,10.00
0.141300,4.738349,-0.445264,0.41674,10.00
0.141310,4.698737,-0.413411,0.41929,10.00
0.141320,4.660936,-0.374783,0.42183,10.00
0.141330,4.625238,-0.329631,0.42435,10.00
0.141340,4.591922,-0.278255,0.42682,10.00
0.141350,4.561002,-0.221004,0.42922,10.00
0.141360,4.531988,-0.158153,0.43160,10.00
0.141370,4.506102,-0.090060,0.43388,10.00
0.141380,4.483554,-0.017202,0.43605,10.00
0.141390,4.464533,0.059906,0.43809,10.00
0.141400,4.449278,0.140715,0.43997,10.00
0.141410,4.438160,0.224607,0.44168,10.00
0.141420,4.430968,0.310951,0.44321,10.00
0.141430,4.427778,0.399119,0.44455,10.00
0.141440,4.428638,0.488468,0.44569,10.00
0.141450,4.433574,0.578342,0.44663,10.00
0.141460,4.442602,0.668072,0.44734,10.00
0.141470,4.455640,0.756990,0.44783,10.00
0.141480,4.472616,0.844433,0.44810,10.00
0.141490,4.493426,0.929744,0.44814,10.00
0.141500,4.517775,1.012281,0.44794,10.00
0.141510,4.545013,1.091496,0.44756,10.00
0.141520,4.575618,1.166838,0.44695,10.00
0.141530,4.609384,1.237727,0.44611,10.00
0.141540,4.646078,1.303616,0.44506,10.00
0.141550,4.685786,1.363990,0.44379,10.00
0.141560,4.729242,1.418208,0.44223,10.00
0.141570,4.774780,1.465727,0.44048,10.00
0.141580,4.822075,1.506161,0.43855,10.00
0.141590,4.870790,1.539171,0.43644,10.00
0.141600,4.920254,1.564474,0.43418,10.00
0.141610,4.969161,1.581995,0.43186,10.00
0.141620,5.018428,1.591666,0.42942,10.00
0.141630,5.067693,1.593372,0.42688,10.00
0.141640,5.116594,1.587060,0.42426,10.00
0.141650,5.164854,1.572733,0.42157,10.00
0.141660,5.212367,1.550414,0.41881,10.00
0.141670,5.258436,1.520200,0.41603,10.00
0.141680,5.302714,1.482271,0.41324,10.00
0.141690,5.344866,1.436869,0.41047,10.00
0.141700,5.384710,1.384289,0.40774,10.00
0.141710,5.422361,1.324815,0.40503,10.00
0.141720,5.456963,1.258806,0.40240,10.00
0.141730,5.488246,1.186716,0.39986,10.00
0.141740,5.515961,1.109047,0.39744,10.00
0.141750,5.539860,1.026345,0.39515,10.00
0.141760,5.559659,0.939208,0.39302,10.00
0.141770,5.575309,0.848268,0.39107,10.00
0.141780,5.586674,0.754179,0.38929,10.00
0.141790,5.593648,0.657619,0.38772,10.00
0.141800,5.595949,0.559291,0.38636,10.00
0.141810,5.592912,0.460014,0.38528,10.00
0.141820,5.585377,0.360586,0.38443,10.00
0.141830,5.573379,0.261743,0.38382,10.00
0.141840,5.556984,0.164218,0.38346,10.00
0.141850,5.536245,0.068741,0.38336,10.00
0.141860,5.511160,-0.023949,0.38352,10.00
0.141870,5.482075,-0.113137,0.38393,10.00
0.141880,5.449188,-0.198143,0.38460,10.00
0.141890,5.412722,-0.278317,0.38552,10.00
0.141900,5.373206,-0.353040,0.38668,10.00
0.141910,5.331736,-0.421862,0.38801,10.00
0.141920,5.287503,-0.484333,0.38957,10.00
0.141930,5.241687,-0.500000,0.39132,10.00
0.141940,5.196042,-0.500000,0.39316,10.00
0.141950,5.150274,-0.500000,0.39507,10.00
0.141960,5.103388,-0.500000,0.39716,10.00
0.141970,5.056715,-0.500000,0.39932,10.00
0.141980,5.010254,-0.500000,0.40157,10.00
0.141990,4.964004,-0.500000,0.40390,10.00
0.142000,4.918200,-0.500000,0.40632,10.00
0.142010,4.873577,-0.497976,0.40875,10.00
0.142020,4.829440,-0.488792,0.41125,10.00
0.142030,4.786120,-0.472246,0.41380,10.00
0.142040,4.743947,-0.448422,0.41639,10.00
0.142050,4.703099,-0.417459,0.41898,10.00
0.142060,4.663469,-0.379482,0.42161,10.00
0.142070,4.625928,-0.334690,0.42421,10.00
0.142080,4.590768,-0.283381,0.42677,10.00
0.142090,4.558266,-0.225900,0.42927,10.00
0.142100,4.528749,-0.162641,0.43169,10.00
0.142110,4.502666,-0.094078,0.43399,10.00
0.142120,4.479946,-0.020714,0.43617,10.00
0.142130,4.460775,0.056932,0.43822,10.00
0.142140,4.445319,0.138307,0.44012,10.00
0.142150,4.433753,0.222828,0.44186,10.00
0.142160,4.426307,0.309864,0.44341,10.00
0.142170,4.422898,0.398771,0.44478,10.00
0.142180,4.423573,0.488899,0.44594,10.00
0.142190,4.428353,0.579588,0.44689,10.00
0.142200,4.437139,0.670167,0.44762,10.00
0.142210,4.449633,0.760006,0.44815,10.00
0.142220,4.466111,0.848464,0.44846,10.00
0.142230,4.486475,0.934877,0.44853,10.00
0.142240,4.510596,1.018594,0.44837,10.00
0.142250,4.538891,1.098981,0.44798,10.00
0.142260,4.572881,1.175149,0.44721,10.00
0.142270,4.610039,1.246325,0.44620,10.00
0.142280,4.650109,1.311957,0.44498,10.00
0.142290,4.692811,1.371529,0.44353,10.00
0.142300,4.737282,1.424566,0.44188,10.00
0.142310,4.781521,1.470915,0.44018,10.00
0.142320,4.827476,1.510377,0.43830,10.00
0.142330,4.874818,1.542623,0.43625,10.00
0.142340,4.923205,1.567378,0.43405,10.00
0.142350,4.972529,1.584418,0.43172,10.00
0.142360,5.023152,1.593459,0.42920,10.00
0.142370,5.073734,1.594313,0.42658,10.00
0.142380,5.123901,1.586931,0.42388,10.00
0.142390,5.173280,1.571325,0.42112,10.00
0.142400,5.221288,1.547565,0.41831,10.00
0.142410,5.266916,1.515891,0.41553,10.00
0.142420,5.310691,1.476564,0.41275,10.00
0.142430,5.352280,1.429834,0.40999,10.00
0.142440,5.391365,1.376010,0.40728,10.00
0.142450,5.427631,1.315452,0.40462,10.00
0.142460,5.460748,1.248580,0.40205,10.00
0.142470,5.490520,1.175862,0.39958,10.00
0.142480,5.516710,1.097804,0.39723,10.00
0.142490,5.539107,1.014957,0.39502,10.00
0.142500,5.557832,0.927909,0.39297,10.00
0.142510,5.573637,0.837134,0.39101,10.00
0.142520,5.585163,0.743187,0.38923,10.00
0.142530,5.592304,0.646748,0.38765,10.00
0.142540,5.594985,0.548516,0.38629,10.00
0.142550,5.592791,0.449209,0.38514,10.00
0.142560,5.584598,0.349737,0.38433,10.00
0.142570,5.571946,0.250956,0.38376,10.00
0.142580,5.554906,0.153601,0.38343,10.00
0.142590,5.533581,0.058400,0.38336,10.00
0.142600,5.508282,-0.033931,0.38355,10.00
0.142610,5.479687,-0.122776,0.38395,10.00
0.142620,5.447301,-0.207515,0.38459,10.00
0.142630,5.411344,-0.287500,0.38549,10.00
0.142640,5.372065,-0.362112,0.38663,10.00
0.142650,5.329676,-0.430772,0.38801,10.00
0.142660,5.284288,-0.492910,0.38963,10.00
0.142670,5.237682,-0.500000,0.39143,10.00
0.142680,5.191288,-0.500000,0.39331,10.00
0.142690,5.145104,-0.500000,0.39527,10.00
0.142700,5.099126,-0.500000,0.39732,10.00
0.142710,5.053343,-0.500000,0.39945,10.00
0.142720,5.007768,-0.500000,0.40166,10.00
0.142730,4.962400,-0.500000,0.40395,10.00
0.142740,4.917237,-0.500000,0.40633,10.00
0.142750,4.872265,-0.497868,0.40878,10.00
0.142760,4.827589,-0.488481,0.41131,10.00
0.142770,4.783744,-0.471642,0.41389,10.00
0.142780,4.741064,-0.447439,0.41650,10.00
0.142790,4.699873,-0.416013,0.41913,10.00
0.142800,4.660527,-0.377559,0.42175,10.00
0.142810,4.623450,-0.332345,0.42434,10.00
0.142820,4.588770,-0.280685,0.42688,10.00
0.142830,4.556758,-0.222927,0.42935,10.00
0.142840,4.527669,-0.159469,0.43175,10.00
0.142850,4.501891,-0.090750,0.43404,10.00
0.142860,4.480095,-0.017328,0.43618,10.00
0.142870,4.461844,0.060229,0.43818,10.00
0.142880,4.447295,0.141366,0.44004,10.00
0.142890,4.436576,0.225501,0.44173,10.00
0.142900,4.429660,0.312026,0.44324,10.00
0.142910,4.426229,0.400376,0.44460,10.00
0.142920,4.426858,0.489947,0.44575,10.00
0.142930,4.431565,0.580082,0.44670,10.00
0.142940,4.440340,0.670116,0.44743,10.00
0.142950,4.453147,0.759381,0.44794,10.00
0.142960,4.469929,0.847208,0.44822,10.00
0.142970,4.490564,0.932940,0.44827,10.00
0.142980,4.514923,1.015927,0.44809,10.00
0.142990,4.542847,1.095542,0.44768,10.00
0.143000,4.574099,1.171177,0.44704,10.00
0.143010,4.608314,1.242274,0.44618,10.00
0.143020,4.645462,1.308300,0.44511,10.00
0.143030,4.685288,1.368738,0.44382,10.00
0.143040,4.727511,1.423112,0.44233,10.00
0.143050,4.771854,1.470987,0.44064,10.00
0.143060,4.818062,1.511963,0.43877,10.00
0.143070,4.865723,1.545695,0.43672,10.00
0.143080,4.914494,1.571894,0.43452,10.00
0.143090,4.964021,1.590325,0.43218,10.00
0.143100,5.013783,1.600813,0.42972,10.00
0.143110,5.062937,1.603314,0.42720,10.00
0.143120,5.111763,1.597819,0.42459,10.00
0.143130,5.159901,1.584326,0.42191,10.00
0.143140,5.206991,1.562894,0.41919,10.00
0.143150,5.252821,1.533639,0.41643,10.00
0.143160,5.297461,1.496669,0.41364,10.00
0.143170,5.340015,1.452173,0.41086,10.00
0.143180,5.380158,1.400440,0.40812,10.00
0.143190,5.417584,1.341814,0.40543,10.00
0.143200,5.451975,1.276694,0.40281,10.00
0.143210,5.482984,1.205540,0.40030,10.00
0.143220,5.510471,1.128856,0.39790,10.00
0.143230,5.534216,1.047180,0.39563,10.00
0.143240,5.554026,0.961090,0.39352,10.00
0.143250,5.569716,0.871200,0.39157,10.00
0.143260,5.581097,0.778165,0.38981,10.00
0.143270,5.588136,0.682663,0.38824,10.00
0.143280,5.590759,0.585386,0.38689,10.00
0.143290,5.588925,0.487047,0.38576,10.00
0.143300,5.582566,0.388368,0.38485,10.00
0.143310,5.571533,0.290105,0.38420,10.00
0.143320,5.556120,0.193006,0.38380,10.00
0.143330,5.536421,0.097798,0.38364,10.00
0.143340,5.512559,0.005195,0.38374,10.00
0.143350,5.484752,-0.084105,0.38409,10.00
0.143360,5.453367,-0.169452,0.38468,10.00
0.143370,5.418374,-0.250213,0.38551,10.00
0.143380,5.380016,-0.325767,0.38659,10.00
0.143390,5.338559,-0.395526,0.38791,10.00
0.143400,5.294535,-0.458944,0.38945,10.00
0.143410,5.249156,-0.500000,0.39115,10.00
0.143420,5.203503,-0.500000,0.39298,10.00
0.143430,5.158057,-0.500000,0.39488,10.00
0.143440,5.112817,-0.500000,0.39686,10.00
0.143450,5.067523,-0.500000,0.39893,10.00
0.143460,5.021400,-0.500000,0.40114,10.00
0.143470,4.975485,-0.500000,0.40343,10.00
0.143480,4.929779,-0.500000,0.40580,10.00
0.143490,4.884292,-0.499060,0.40826,10.00
0.143500,4.839421,-0.491478,0.41078,10.00
0.143510,4.796098,-0.476493,0.41331,10.00
0.143520,4.753849,-0.454240,0.41588,10.00
0.143530,4.712997,-0.424848,0.41846,10.00
0.143540,4.673854,-0.388497,0.42104,10.00
0.143550,4.636654,-0.345422,0.42360,10.00
0.143560,4.601479,-0.295873,0.42614,10.00
0.143570,4.568881,-0.240161,0.42862,10.00
0.143580,4.539117,-0.178669,0.43103,10.00
0.143590,4.512427,-0.111821,0.43334,10.00
0.143600,4.488990,-0.040084,0.43553,10.00
0.143610,4.468900,0.036050,0.43761,10.00
0.143620,4.452462,0.116053,0.43955,10.00
0.143630,4.439820,0.199351,0.44132,10.00
0.143640,4.431091,0.285344,0.44293,10.00
0.143650,4.426426,0.373409,0.44435,10.00
0.143660,4.426079,0.462873,0.44555,10.00
0.143670,4.429814,0.553058,0.44655,10.00
0.143680,4.437628,0.643301,0.44734,10.00
0.143690,4.449487,0.732934,0.44790,10.00
0.143700,4.465243,0.821287,0.44824,10.00
0.143710,4.484553,0.907741,0.44837,10.00
0.143720,4.507632,0.991671,0.44826,10.00
0.143730,4.534330,1.072442,0.44793,10.00
0.143740,4.564471,1.149438,0.44736,10.00
0.143750,4.597949,1.222071,0.44657,10.00
0.143760,4.634821,1.289731,0.44553,10.00
0.143770,4.674447,1.351860,0.44427,10.00
0.143780,4.716550,1.407969,0.44281,10.00
0.143790,4.760833,1.457611,0.44115,10.00
0.143800,4.806907,1.500382,0.43930,10.00
0.143810,4.854218,1.535967,0.43730,10.00
0.143820,4.902728,1.564087,0.43513,10.00
0.143830,4.952083,1.584495,0.43283,10.00
0.143840,5.001926,1.596999,0.43040,10.00
0.143850,5.051985,1.601464,0.42785,10.00
0.143860,5.102172,1.597770,0.42520,10.00
0.143870,5.151739,1.585871,0.42247,10.00
0.143880,5.200319,1.565812,0.41968,10.00
0.143890,5.247548,1.537697,0.41687,10.00
0.143900,5.293141,1.501694,0.41404,10.00
0.143910,5.336958,1.457992,0.41121,10.00
0.143920,5.378390,1.406854,0.40840,10.00
0.143930,5.417119,1.348617,0.40565,10.00
0.143940,5.452846,1.283677,0.40297,10.00
0.143950,5.485256,1.212479,0.40038,10.00
0.143960,5.513989,1.135533,0.39791,10.00
0.143970,5.538956,1.053390,0.39558,10.00
0.143980,5.559955,0.966632,0.39339,10.00
0.143990,5.576811,0.875876,0.39137,10.00
0.144000,5.589552,0.781773,0.38954,10.00
0.144010,5.598576,0.684919,0.38785,10.00
0.144020,5.603104,0.585961,0.38638,10.00
0.144030,5.603082,0.485620,0.38513,10.00
0.144040,5.598487,0.384633,0.38411,10.00
0.144050,5.588667,0.283742,0.38333,10.00
0.144060,5.571690,0.184016,0.38297,10.00
0.144070,5.550321,0.086412,0.38287,10.00
0.144080,5.524695,-0.008336,0.38303,10.00
0.144090,5.494981,-0.099511,0.38345,10.00
0.144100,5.461647,-0.186420,0.38413,10.00
0.144110,5.425721,-0.268527,0.38499,10.00
0.144120,5.386375,-0.345284,0.38611,10.00
0.144130,5.343886,-0.416095,0.38746,10.00
0.144140,5.298551,-0.480405,0.38905,10.00
0.144150,5.251533,-0.500000,0.39084,10.00
0.144160,5.204951,-0.500000,0.39270,10.00
0.144170,5.158581,-0.500000,0.39465,10.00
0.144180,5.112421,-0.500000,0.39668,10.00
0.144190,5.066471,-0.500000,0.39879,10.00
0.144200,5.020676,-0.500000,0.40098,10.00
0.144210,4.974883,-0.500000,0.40327,10.00
0.144220,4.929296,-0.500000,0.40564,10.00
0.144230,4.883927,-0.499137,0.40809,10.00
0.144240,4.838968,-0.491728,0.41061,10.00
0.144250,4.794786,-0.476834,0.41319,10.00
0.144260,4.751815,-0.454543,0.41579,10.00
0.144270,4.710250,-0.424993,0.41842,10.00
0.144280,4.670407,-0.388366,0.42104,10.00
0.144290,4.632594,-0.344897,0.42364,10.00
0.144300,4.597237,-0.294872,0.42620,10.00
0.144310,4.565008,-0.238691,0.42867,10.00
0.144320,4.535632,-0.176783,0.43107,10.00
0.144330,4.509344,-0.109575,0.43336,10.00
0.144340,4.486358,-0.037540,0.43555,10.00
0.144350,4.466948,0.038816,0.43760,10.00
0.144360,4.451528,0.118907,0.43949,10.00
0.144370,4.439901,0.202133,0.44121,10.00
0.144380,4.432173,0.287893,0.44277,10.00
0.144390,4.428426,0.375565,0.44413,10.00
0.144400,4.428665,0.464508,0.44530,10.00
0.144410,4.432777,0.554093,0.44628,10.00
0.144420,4.440937,0.643673,0.44704,10.00
0.144430,4.453109,0.732584,0.44758,10.00
0.144440,4.469226,0.820163,0.44789,10.00
0.144450,4.488882,0.905755,0.44798,10.00
0.144460,4.511031,0.988863,0.44791,10.00
0.144470,4.536770,1.068960,0.44762,10.00
0.144480,4.565930,1.145434,0.44710,10.00
0.144490,4.598314,1.217701,0.44635,10.00
0.144500,4.633971,1.285202,0.44539,10.00
0.144510,4.673452,1.347284,0.44414,10.00
0.144520,4.715409,1.403371,0.44269,10.00
0.144530,4.759546,1.453016,0.44104,10.00
0.144540,4.805551,1.495818,0.43920,10.00
0.144550,4.853095,1.531423,0.43719,10.00
0.144560,4.901837,1.559530,0.43501,10.00
0.144570,4.951424,1.579888,0.43270,10.00
0.144580,5.001493,1.592309,0.43026,10.00
0.144590,5.051680,1.596656,0.42770,10.00
0.144600,5.101599,1.592855,0.42506,10.00
0.144610,5.150834,1.580899,0.42235,10.00
0.144620,5.199082,1.560838,0.41958,10.00
0.144630,5.245983,1.532778,0.41679,10.00
0.144640,5.291184,1.496884,0.41398,10.00
0.144650,5.334275,1.453380,0.41118,10.00
0.144660,5.374730,1.402582,0.40843,10.00
0.144670,5.412506,1.344847,0.40574,10.00
0.144680,5.447312,1.280567,0.40311,10.00
0.144690,5.478875,1.210184,0.40058,10.00
0.144700,5.506782,1.134185,0.39816,10.00
0.144710,5.530317,1.053184,0.39591,10.00
0.144720,5.549950,0.967807,0.39381,10.00
0.144730,5.565515,0.878662,0.39188,10.00
0.144740,5.576876,0.786391,0.39013,10.00
0.144750,5.583979,0.691659,0.38857,10.00
0.144760,5.586894,0.595131,0.38721,10.00
0.144770,5.585383,0.497498,0.38607,10.00
0.144780,5.579437,0.399475,0.38516,10.00
0.144790,5.569076,0.301786,0.38448,10.00
0.144800,5.554469,0.205157,0.38405,10.00
0.144810,5.536042,0.110254,0.38383,10.00
0.144820,5.513456,0.017751,0.38386,10.00
0.144830,5.486857,-0.071655,0.38415,10.00
0.144840,5.456422,-0.157284,0.38468,10.00
0.144850,5.422368,-0.238484,0.38546,10.00
0.144860,5.384956,-0.314635,0.38649,10.00
0.144870,5.344409,-0.385149,0.38774,10.00
0.144880,5.301014,-0.449476,0.38923,10.00
0.144890,5.255142,-0.500000,0.39094,10.00
0.144900,5.208678,-0.500000,0.39279,10.00
0.144910,5.162273,-0.500000,0.39473,10.00
0.144920,5.116079,-0.500000,0.39676,10.00
0.144930,5.070094,-0.500000,0.39886,10.00
0.144940,5.024317,-0.500000,0.40105,10.00
0.144950,4.978782,-0.500000,0.40332,10.00
0.144960,4.933583,-0.500000,0.40566,10.00
0.144970,4.888596,-0.499323,0.40808,10.00
0.144980,4.843998,-0.492424,0.41057,10.00
0.144990,4.800118,-0.478106,0.41312,10.00
0.145000,4.757348,-0.456437,0.41571,10.00
0.145010,4.716195,-0.427570,0.41830,10.00
0.145020,4.676730,-0.391699,0.42089,10.00
0.145030,4.639257,-0.349055,0.42346,10.00
0.145040,4.604067,-0.299919,0.42600,10.00
0.145050,4.571196,-0.244622,0.42847,10.00
0.145060,4.540184,-0.183424,0.43094,10.00
0.145070,4.512244,-0.116673,0.43331,10.00
0.145080,4.487599,-0.044834,0.43557,10.00
0.145090,4.466451,0.031588,0.43770,10.00
0.145100,4.449025,0.112050,0.43970,10.00
0.145110,4.435606,0.195954,0.44152,10.00
0.145120,4.426133,0.282682,0.44317,10.00
0.145130,4.420700,0.371607,0.44464,10.00
0.145140,4.419372,0.462081,0.44590,10.00
0.145150,4.422332,0.553440,0.44696,10.00
0.145160,4.430032,0.644941,0.44777,10.00
0.145170,4.441836,0.735858,0.44835,10.00
0.145180,4.457680,0.825512,0.44870,10.00
0.145190,4.477469,0.913234,0.44882,10.00
0.145200,4.500927,0.998363,0.44871,10.00
0.145210,4.527442,1.080328,0.44840,10.00
0.145220,4.557456,1.158555,0.44785,10.00
0.145230,4.590767,1.232446,0.44708,10.00
0.145240,4.627148,1.301428,0.44608,10.00
0.145250,4.666590,1.364966,0.44486,10.00
0.145260,4.709540,1.422443,0.44337,10.00
0.145270,4.754724,1.473324,0.44168,10.00
0.145280,4.801823,1.517196,0.43979,10.00
0.145290,4.850499,1.553697,0.43773,10.00
0.145300,4.900429,1.582518,0.43550,10.00
0.145310,4.951333,1.603393,0.43312,10.00
0.145320,5.002730,1.616115,0.43061,10.00
0.145330,5.054247,1.620547,0.42799,10.00
0.145340,5.105503,1.616613,0.42528,10.00
0.145350,5.155774,1.604297,0.42249,10.00
0.145360,5.203654,1.583813,0.41973,10.00
0.145370,5.250171,1.555381,0.41694,10.00
0.145380,5.294974,1.519169,0.41415,10.00
0.145390,5.337724,1.475404,0.41136,10.00
0.145400,5.378090,1.424372,0.40861,10.00
0.145410,5.415743,1.366413,0.40592,10.00
0.145420,5.450417,1.301922,0.40329,10.00
0.145430,5.481840,1.231342,0.40076,10.00
0.145440,5.509764,1.155165,0.39834,10.00
0.145450,5.534162,1.073924,0.39605,10.00
0.145460,5.555424,0.988098,0.39386,10.00
0.145470,5.572583,0.898237,0.39184,10.00
0.145480,5.585492,0.804984,0.39000,10.00
0.145490,5.594034,0.709010,0.38835,10.00
0.145500,5.597930,0.611014,0.38690,10.00
0.145510,5.596545,0.511803,0.38573,10.00
0.145520,5.590650,0.412168,0.38479,10.00
0.145530,5.580267,0.312846,0.38409,10.00
0.145540,5.565451,0.214573,0.38364,10.00
0.145550,5.546550,0.118082,0.38344,10.00
0.145560,5.524464,0.023970,0.38343,10.00
0.145570,5.498288,-0.067138,0.38367,10.00
0.145580,5.468195,-0.154551,0.38416,10.00
0.145590,5.434389,-0.237603,0.38490,10.00
0.145600,5.397067,-0.315656,0.38589,10.00
0.145610,5.356383,-0.388090,0.38714,10.00
0.145620,5.312764,-0.454327,0.38861,10.00
0.145630,5.266667,-0.500000,0.39031,10.00
0.145640,5.220205,-0.500000,0.39214,10.00
0.145650,5.173807,-0.500000,0.39405,10.00
0.145660,5.127036,-0.500000,0.39608,10.00
0.145670,5.080477,-0.500000,0.39819,10.00
0.145680,5.034130,-0.500000,0.40039,10.00
0.145690,4.987993,-0.500000,0.40267,10.00
0.145700,4.942024,-0.500000,0.40502,10.00
0.145710,4.896101,-0.499811,0.40748,10.00
0.145720,4.850516,-0.494319,0.41000,10.00
0.145730,4.805594,-0.481255,0.41259,10.00
0.145740,4.761672,-0.460677,0.41522,10.00
0.145750,4.719177,-0.432700,0.41788,10.00
0.145760,4.678701,-0.397534,0.42052,10.00
0.145770,4.640194,-0.355434,0.42314,10.00
0.145780,4.603955,-0.306675,0.42572,10.00
0.145790,4.570266,-0.251584,0.42825,10.00
0.145800,4.539464,-0.190536,0.43071,10.00
0.145810,4.512006,-0.123987,0.43306,10.00
0.145820,4.487830,-0.052425,0.43529,10.00
0.145830,4.467136,0.023646,0.43741,10.00
0.145840,4.450097,0.103686,0.43937,10.00
0.145850,4.436891,0.187123,0.44119,10.00
0.145860,4.427728,0.273341,0.44282,10.00
0.145870,4.422579,0.361706,0.44427,10.00
0.145880,4.421506,0.451575,0.44552,10.00
0.145890,4.424542,0.542288,0.44656,10.00
0.145900,4.431741,0.633180,0.44739,10.00
0.145910,4.443239,0.723549,0.44798,10.00
0.145920,4.458755,0.812706,0.44835,10.00
0.145930,4.478197,0.899984,0.44848,10.00
0.145940,4.501444,0.984726,0.44839,10.00
0.145950,4.528361,1.066291,0.44805,10.00
0.145960,4.558816,1.144050,0.44748,10.00
0.145970,4.592543,1.217402,0.44668,10.00
0.145980,4.629311,1.285780,0.44566,10.00
0.145990,4.668867,1.348652,0.44442,10.00
0.146000,4.710678,1.405522,0.44297,10.00
0.146010,4.753685,1.456060,0.44139,10.00
0.146020,4.798610,1.499942,0.43961,10.00
0.146030,4.845132,1.536807,0.43767,10.00
0.146040,4.892916,1.566345,0.43556,10.00
0.146050,4.941838,1.588299,0.43331,10.00
0.146060,4.992193,1.602360,0.43087,10.00
0.146070,5.042737,1.608311,0.42832,10.00
0.146080,5.093099,1.606067,0.42567,10.00
0.146090,5.142907,1.595600,0.42295,10.00
0.146100,5.191706,1.576944,0.42017,10.00
0.146110,5.238879,1.550234,0.41738,10.00
0.146120,5.284411,1.515654,0.41457,10.00
0.146130,5.327958,1.473418,0.41176,10.00
0.146140,5.369189,1.423797,0.40899,10.00
0.146150,5.407618,1.367121,0.40626,10.00
0.146160,5.442437,1.303854,0.40365,10.00
0.146170,5.474061,1.234484,0.40112,10.00
0.146180,5.502238,1.159494,0.39871,10.00
0.146190,5.526744,1.079408,0.39642,10.00
0.146200,5.547477,0.994792,0.39428,10.00
0.146210,5.564550,0.906203,0.39227,10.00
0.146220,5.577433,0.814245,0.39045,10.00
0.146230,5.586009,0.719581,0.38881,10.00
0.146240,5.590193,0.622896,0.38738,10.00
0.146250,5.590234,0.524897,0.38617,10.00
0.146260,5.587013,0.426156,0.38511,10.00
0.146270,5.579320,0.327303,0.38428,10.00
0.146280,5.567191,0.229070,0.38369,10.00
0.146290,5.550695,0.132186,0.38335,10.00
0.146300,5.529376,0.037375,0.38326,10.00
0.146310,5.501715,-0.054381,0.38357,10.00
0.146320,5.470121,-0.142210,0.38413,10.00
0.146330,5.434809,-0.225440,0.38495,10.00
0.146340,5.396021,-0.303431,0.38601,10.00
0.146350,5.354735,-0.375578,0.38732,10.00
0.146360,5.313350,-0.441659,0.38869,10.00
0.146370,5.269340,-0.500000,0.39027,10.00
0.146380,5.224520,-0.500000,0.39201,10.00
0.146390,5.179904,-0.500000,0.39383,10.00
0.146400,5.135184,-0.500000,0.39573,10.00
0.146410,5.089450,-0.500000,0.39778,10.00
0.146420,5.043923,-0.500000,0.39992,10.00
0.146430,4.998602,-0.500000,0.40214,10.00
0.146440,4.953487,-0.500000,0.40443,10.00
0.146450,4.908379,-0.500000,0.40681,10.00
0.146460,4.862756,-0.496546,0.40931,10.00
0.146470,4.817703,-0.485527,0.41188,10.00
0.146480,4.773559,-0.466986,0.41450,10.00
0.146490,4.730659,-0.441022,0.41715,10.00
0.146500,4.689425,-0.407789,0.41980,10.00
0.146510,4.650454,-0.367541,0.42243,10.00
0.146520,4.613670,-0.320570,0.42502,10.00
0.146530,4.579360,-0.267189,0.42756,10.00
0.146540,4.547794,-0.207761,0.43003,10.00
0.146550,4.519196,-0.142695,0.43242,10.00
0.146560,4.493722,-0.072432,0.43471,10.00
0.146570,4.471681,0.002544,0.43688,10.00
0.146580,4.453258,0.081701,0.43891,10.00
0.146590,4.438610,0.164474,0.44078,10.00
0.146600,4.427958,0.250268,0.44249,10.00
0.146610,4.421669,0.338421,0.44400,10.00
0.146620,4.419455,0.428263,0.44531,10.00
0.146630,4.421359,0.519137,0.44641,10.00
0.146640,4.427389,0.610375,0.44731,10.00
0.146650,4.437638,0.701302,0.44798,10.00
0.146660,4.452390,0.791189,0.44839,10.00
0.146670,4.471107,0.879328,0.44858,10.00
0.146680,4.493675,0.965057,0.44853,10.00
0.146690,4.519950,1.047727,0.44824,10.00
0.146700,4.549751,1.126710,0.44772,10.00
0.146710,4.582860,1.201404,0.44698,10.00
0.146720,4.619077,1.271235,0.44600,10.00
0.146730,4.658152,1.335661,0.44481,10.00
0.146740,4.699815,1.394175,0.44340,10.00
0.146750,4.743632,1.446312,0.44179,10.00
0.146760,4.788880,1.491719,0.44002,10.00
0.146770,4.835792,1.530069,0.43808,10.00
0.146780,4.884031,1.561041,0.43597,10.00
0.146790,4.933249,1.584365,0.43371,10.00
0.146800,4.983083,1.599830,0.43131,10.00
0.146810,5.033151,1.607281,0.42880,10.00
0.146820,5.083110,1.606622,0.42620,10.00
0.146830,5.132591,1.597817,0.42351,10.00
0.146840,5.181226,1.580886,0.42076,10.00
0.146850,5.228658,1.555912,0.41798,10.00
0.146860,5.274549,1.523036,0.41517,10.00
0.146870,5.318529,1.482456,0.41237,10.00
0.146880,5.360265,1.434432,0.40959,10.00
0.146890,5.399437,1.379281,0.40685,10.00
0.146900,5.435651,1.317374,0.40418,10.00
0.146910,5.468348,1.249177,0.40161,10.00
0.146920,5.497643,1.175193,0.39915,10.00
0.146930,5.523303,1.095939,0.39681,10.00
0.146940,5.545120,1.011973,0.39462,10.00
0.146950,5.563132,0.923893,0.39258,10.00
0.146960,5.577835,0.832223,0.39067,10.00
0.146970,5.588228,0.737554,0.38894,10.00
0.146980,5.594213,0.640571,0.38741,10.00
0.146990,5.595724,0.541978,0.38610,10.00
0.147000,5.592712,0.442499,0.38502,10.00
0.147010,5.585131,0.342871,0.38417,10.00
0.147020,5.573077,0.243837,0.38357,10.00
0.147030,5.556618,0.146133,0.38321,10.00
0.147040,5.535855,0.050489,0.38311,10.00
0.147050,5.510877,-0.042376,0.38327,10.00
0.147060,5.481725,-0.131741,0.38369,10.00
0.147070,5.448762,-0.216911,0.38436,10.00
0.147080,5.412214,-0.297234,0.38528,10.00
0.147090,5.372334,-0.372091,0.38645,10.00
0.147100,5.329231,-0.440899,0.38786,10.00
0.147110,5.282728,-0.500000,0.38954,10.00
0.147120,5.235444,-0.500000,0.39137,10.00
0.147130,5.188375,-0.500000,0.39330,10.00
0.147140,5.141519,-0.500000,0.39530,10.00
0.147150,5.095092,-0.500000,0.39739,10.00
0.147160,5.049741,-0.500000,0.39951,10.00
0.147170,5.004595,-0.500000,0.40170,10.00
0.147180,4.959653,-0.500000,0.40398,10.00
0.147190,4.914916,-0.500000,0.40633,10.00
0.147200,4.870287,-0.497702,0.40877,10.00
0.147210,4.825627,-0.488125,0.41130,10.00
0.147220,4.781807,-0.471097,0.41389,10.00
0.147230,4.739159,-0.446705,0.41650,10.00
0.147240,4.698009,-0.415092,0.41913,10.00
0.147250,4.658633,-0.376455,0.42175,10.00
0.147260,4.621220,-0.331024,0.42436,10.00
0.147270,4.586215,-0.279090,0.42692,10.00
0.147280,4.553895,-0.221003,0.42942,10.00
0.147290,4.524516,-0.157162,0.43184,10.00
0.147300,4.498590,-0.088010,0.43415,10.00
0.147310,4.477156,-0.014165,0.43628,10.00
0.147320,4.459284,0.063759,0.43827,10.00
0.147330,4.445126,0.145207,0.44011,10.00
0.147340,4.434811,0.229594,0.44178,10.00
0.147350,4.428366,0.316309,0.44327,10.00
0.147360,4.425654,0.404755,0.44460,10.00
0.147370,4.427000,0.494308,0.44572,10.00
0.147380,4.432418,0.584312,0.44663,10.00
0.147390,4.441891,0.674100,0.44733,10.00
0.147400,4.455496,0.763006,0.44780,10.00
0.147410,4.473520,0.850308,0.44801,10.00
0.147420,4.495363,0.935310,0.44799,10.00
0.147430,4.520886,1.017372,0.44774,10.00
0.147440,4.549921,1.095868,0.44726,10.00
0.147450,4.582064,1.170199,0.44655,10.00
0.147460,4.616463,1.239893,0.44567,10.00
0.147470,4.653732,1.304478,0.44457,10.00
0.147480,4.693610,1.363448,0.44326,10.00
0.147490,4.735819,1.416337,0.44175,10.00
0.147500,4.780051,1.462721,0.44005,10.00
0.147510,4.825963,1.502226,0.43818,10.00
0.147520,4.873264,1.534525,0.43613,10.00
0.147530,4.921613,1.559343,0.43394,10.00
0.147540,4.970659,1.576454,0.43161,10.00
0.147550,5.019791,1.585693,0.42916,10.00
0.147560,5.067886,1.587070,0.42668,10.00
0.147570,5.115612,1.580618,0.42411,10.00
0.147580,5.162616,1.566342,0.42149,10.00
0.147590,5.208548,1.544306,0.41882,10.00
0.147600,5.253056,1.514632,0.41612,10.00
0.147610,5.295788,1.477504,0.41343,10.00
0.147620,5.336443,1.433158,0.41075,10.00
0.147630,5.374712,1.381884,0.40810,10.00
0.147640,5.410301,1.324027,0.40552,10.00
0.147650,5.442992,1.259978,0.40301,10.00
0.147660,5.472706,1.190153,0.40058,10.00
0.147670,5.498970,1.115016,0.39826,10.00
0.147680,5.521574,1.035098,0.39608,10.00
0.147690,5.540332,0.950965,0.39404,10.00
0.147700,5.555312,0.863217,0.39217,10.00
0.147710,5.567052,0.772376,0.39042,10.00
0.147720,5.574546,0.679027,0.38886,10.00
0.147730,5.577718,0.583847,0.38751,10.00
0.147740,5.576524,0.487531,0.38637,10.00
0.147750,5.570955,0.390787,0.38546,10.00
0.147760,5.561041,0.294326,0.38477,10.00
0.147770,5.546821,0.198862,0.38433,10.00
0.147780,5.528377,0.105108,0.38413,10.00
0.147790,5.505826,0.013767,0.38418,10.00
0.147800,5.479183,-0.074473,0.38447,10.00
0.147810,5.448226,-0.158879,0.38505,10.00
0.147820,5.413700,-0.238762,0.38587,10.00
0.147830,5.375845,-0.313508,0.38694,10.00
0.147840,5.334924,-0.382535,0.38823,10.00
0.147850,5.291141,-0.445305,0.38976,10.00
0.147860,5.244567,-0.500000,0.39152,10.00
0.147870,5.197261,-0.500000,0.39343,10.00
0.147880,5.150170,-0.500000,0.39543,10.00
0.147890,5.103293,-0.500000,0.39752,10.00
0.147900,5.056863,-0.500000,0.39968,10.00
0.147910,5.011583,-0.500000,0.40187,10.00
0.147920,4.966508,-0.500000,0.40414,10.00
0.147930,4.921638,-0.500000,0.40649,10.00
0.147940,4.877001,-0.498091,0.40892,10.00
0.147950,4.832835,-0.489055,0.41141,10.00
0.147960,4.789450,-0.472656,0.41396,10.00
0.147970,4.747204,-0.448976,0.41654,10.00
0.147980,4.706419,-0.418152,0.41913,10.00
0.147990,4.667408,-0.380377,0.42172,10.00
0.148000,4.630309,-0.335893,0.42428,10.00
0.148010,4.594930,-0.284917,0.42685,10.00
0.148020,4.562194,-0.227743,0.42935,10.00
0.148030,4.532360,-0.164761,0.43177,10.00
0.148040,4.505667,-0.096408,0.43409,10.00
0.148050,4.482453,-0.023162,0.43630,10.00
0.148060,4.463272,0.054401,0.43835,10.00
0.148070,4.447800,0.135689,0.44025,10.00
0.148080,4.436174,0.220120,0.44198,10.00
0.148090,4.428503,0.307084,0.44354,10.00
0.148100,4.425056,0.395950,0.44491,10.00
0.148110,4.426442,0.485978,0.44603,10.00
0.148120,4.431921,0.576447,0.44694,10.00
0.148130,4.441477,0.666688,0.44763,10.00
0.148140,4.455061,0.756032,0.44810,10.00
0.148150,4.472506,0.843811,0.44834,10.00
0.148160,4.493432,0.929412,0.44837,10.00
0.148170,4.518073,1.012217,0.44817,10.00
0.148180,4.546268,1.091598,0.44773,10.00
0.148190,4.577829,1.166950,0.44707,10.00
0.148200,4.612691,1.237691,0.44618,10.00
0.148210,4.651062,1.303203,0.44504,10.00
0.148220,4.692074,1.362924,0.44368,10.00
0.148230,4.735441,1.416380,0.44211,10.00
0.148240,4.780856,1.463143,0.44035,10.00
0.148250,4.827684,1.502831,0.43841,10.00
0.148260,4.874657,1.535263,0.43638,10.00
0.148270,4.922688,1.560259,0.43420,10.00
0.148280,4.971426,1.577597,0.43189,10.00
0.148290,5.020518,1.587107,0.42945,10.00
0.148300,5.069600,1.588678,0.42692,10.00
0.148310,5.118303,1.582256,0.42430,10.00
0.148320,5.166277,1.567848,0.42162,10.00
0.148330,5.213163,1.545518,0.41889,10.00
0.148340,5.258611,1.515390,0.41614,10.00
0.148350,5.302130,1.477646,0.41338,10.00
0.148360,5.342956,1.432595,0.41068,10.00
0.148370,5.381361,1.380580,0.40802,10.00
0.148380,5.417050,1.321949,0.40542,10.00
0.148390,5.449746,1.257101,0.40289,10.00
0.148400,5.479418,1.186484,0.40046,10.00
0.148410,5.506501,1.110481,0.39809,10.00
0.148420,5.529877,1.029555,0.39585,10.00
0.148430,5.549354,0.944279,0.39376,10.00
0.148440,5.564770,0.855261,0.39184,10.00
0.148450,5.576132,0.763140,0.39009,10.00
0.148460,5.583762,0.668514,0.38851,10.00
0.148470,5.587010,0.572023,0.38713,10.00
0.148480,5.585831,0.474373,0.38597,10.00
0.148490,5.580213,0.376280,0.38504,10.00
0.148500,5.570053,0.278468,0.38435,10.00
0.148510,5.555040,0.181721,0.38393,10.00
0.148520,5.535753,0.086799,0.38375,10.00
0.148530,5.512313,-0.005584,0.38383,10.00
0.148540,5.484874,-0.094731,0.38416,10.00
0.148550,5.453602,-0.179966,0.38474,10.00
0.148560,5.418664,-0.260630,0.38557,10.00
0.148570,5.380364,-0.336096,0.38665,10.00
0.148580,5.338969,-0.405779,0.38796,10.00
0.148590,5.294771,-0.469133,0.38950,10.00
0.148600,5.248378,-0.500000,0.39125,10.00
0.148610,5.201521,-0.500000,0.39313,10.00
0.148620,5.154876,-0.500000,0.39510,10.00
0.148630,5.108442,-0.500000,0.39715,10.00
0.148640,5.062220,-0.500000,0.39929,10.00
0.148650,5.016282,-0.500000,0.40150,10.00
0.148660,4.970857,-0.500000,0.40378,10.00
0.148670,4.925637,-0.500000,0.40614,10.00
0.148680,4.880643,-0.498598,0.40857,10.00
0.148690,4.836096,-0.490307,0.41108,10.00
0.148700,4.792393,-0.474597,0.41364,10.00
0.148710,4.750059,-0.451577,0.41622,10.00
0.148720,4.709157,-0.421401,0.41881,10.00
0.148730,4.670000,-0.384256,0.42140,10.00
0.148740,4.632891,-0.340381,0.42397,10.00
0.148750,4.597933,-0.290066,0.42650,10.00
0.148760,4.564849,-0.233561,0.42901,10.00
0.148770,4.534639,-0.171195,0.43145,10.00
0.148780,4.507547,-0.103398,0.43378,10.00
0.148790,4.483789,-0.030645,0.43601,10.00
0.148800,4.463592,0.046551,0.43811,10.00
0.148810,4.447206,0.127627,0.44005,10.00
0.148820,4.434665,0.211995,0.44183,10.00
0.148830,4.426084,0.299045,0.44344,10.00
0.148840,4.421551,0.388147,0.44486,10.00
0.148850,4.421117,0.478652,0.44608,10.00
0.148860,4.424799,0.569897,0.44709,10.00
0.148870,4.432609,0.661212,0.44789,10.00
0.148880,4.444512,0.751920,0.44846,10.00
0.148890,4.460445,0.841345,0.44880,10.00
0.148900,4.480399,0.928819,0.44891,10.00
0.148910,4.504511,1.013640,0.44876,10.00
0.148920,4.532274,1.095139,0.44838,10.00
0.148930,4.563503,1.172693,0.44776,10.00
0.148940,4.597988,1.245707,0.44692,10.00
0.148950,4.635557,1.313616,0.44585,10.00
0.148960,4.676146,1.375859,0.44454,10.00
0.148970,4.719208,1.431924,0.44302,10.00
0.148980,4.764440,1.481362,0.44131,10.00
0.148990,4.811519,1.523772,0.43941,10.00
0.149000,4.860008,1.558803,0.43733,10.00
0.149010,4.909257,1.586205,0.43512,10.00
0.149020,4.959313,1.605767,0.43276,10.00
0.149030,5.009811,1.617302,0.43028,10.00
0.149040,5.060382,1.620684,0.42769,10.00
0.149050,5.110490,1.615843,0.42501,10.00
0.149060,5.159278,1.602852,0.42231,10.00
0.149070,5.207035,1.581814,0.41955,10.00
0.149080,5.253405,1.552844,0.41676,10.00
0.149090,5.298037,1.516114,0.41397,10.00
0.149100,5.340661,1.471856,0.41119,10.00
0.149110,5.381147,1.420325,0.40843,10.00
0.149120,5.418920,1.361843,0.40572,10.00
0.149130,5.453689,1.296808,0.40308,10.00
0.149140,5.485181,1.225665,0.40054,10.00
0.149150,5.513267,1.148909,0.39811,10.00
0.149160,5.538076,1.067022,0.39579,10.00
0.149170,5.558930,0.980544,0.39361,10.00
0.149180,5.575655,0.890092,0.39160,10.00
0.149190,5.588107,0.796314,0.38977,10.00
0.149200,5.596202,0.699887,0.38814,10.00
0.149210,5.599940,0.601497,0.38671,10.00
0.149220,5.599161,0.501854,0.38551,10.00
0.149230,5.593847,0.401688,0.38453,10.00
0.149240,5.584016,0.301738,0.38380,10.00
0.149250,5.569522,0.202745,0.38331,10.00
0.149260,5.549865,0.105541,0.38313,10.00
0.149270,5.525955,0.010919,0.38320,10.00
0.149280,5.497947,-0.080408,0.38353,10.00
0.149290,5.466029,-0.167746,0.38412,10.00
0.149300,5.430462,-0.250428,0.38496,10.00
0.149310,5.391624,-0.327839,0.38603,10.00
0.149320,5.349608,-0.399392,0.38735,10.00
0.149330,5.304708,-0.464528,0.38891,10.00
0.149340,5.257559,-0.500000,0.39068,10.00
0.149350,5.210218,-0.500000,0.39257,10.00
0.149360,5.162722,-0.500000,0.39456,10.00
0.149370,5.115441,-0.500000,0.39664,10.00
0.149380,5.068374,-0.500000,0.39880,10.00
0.149390,5.021521,-0.500000,0.40105,10.00
0.149400,4.975003,-0.500000,0.40338,10.00
0.149410,4.929187,-0.500000,0.40576,10.00
0.149420,4.883590,-0.499051,0.40822,10.00
0.149430,4.838412,-0.491439,0.41075,10.00
0.149440,4.793989,-0.476307,0.41334,10.00
0.149450,4.750775,-0.453730,0.41596,10.00
0.149460,4.709450,-0.423892,0.41858,10.00
0.149470,4.669858,-0.387016,0.42119,10.00
0.149480,4.632306,-0.343338,0.42378,10.00
0.149490,4.597084,-0.293147,0.42633,10.00
0.149500,4.564259,-0.236780,0.42882,10.00
0.149510,4.533459,-0.174523,0.43128,10.00
0.149520,4.505777,-0.106738,0.43366,10.00
0.149530,4.481435,-0.033898,0.43592,10.00
0.149540,4.460634,0.043483,0.43805,10.00
0.149550,4.443851,0.124854,0.44003,10.00
0.149560,4.432134,0.209489,0.44178,10.00
0.149570,4.424381,0.296680,0.44335,10.00
0.149580,4.420675,0.385794,0.44473,10.00
0.149590,4.421066,0.476180,0.44591,10.00
0.149600,4.425586,0.567175,0.44688,10.00
0.149610,4.434260,0.658103,0.44763,10.00
0.149620,4.447002,0.748286,0.44816,10.00
0.149630,4.463742,0.837051,0.44845,10.00
0.149640,4.484379,0.923733,0.44852,10.00
0.149650,4.508728,1.007679,0.44834,10.00
0.149660,4.536465,1.088278,0.44795,10.00
0.149670,4.567628,1.164935,0.44733,10.00
0.149680,4.602006,1.237059,0.44648,10.00
0.149690,4.639363,1.304093,0.44541,10.00
0.149700,4.679465,1.365513,0.44412,10.00
0.149710,4.722098,1.420823,0.44262,10.00
0.149720,4.766870,1.469575,0.44092,10.00
0.149730,4.813463,1.511371,0.43904,10.00
0.149740,4.861543,1.545865,0.43698,10.00
0.149750,4.910686,1.572764,0.43477,10.00
0.149760,4.960307,1.591865,0.43243,10.00
0.149770,5.010354,1.603010,0.42997,10.00
0.149780,5.060459,1.606075,0.42741,10.00
0.149790,5.110254,1.600994,0.42475,10.00
0.149800,5.159295,1.587762,0.42203,10.00
0.149810,5.206987,1.566471,0.41927,10.00
0.149820,5.253281,1.537259,0.41649,10.00
0.149830,5.297827,1.500302,0.41370,10.00
0.149840,5.340289,1.455832,0.41093,10.00
0.149850,5.380400,1.404139,0.40819,10.00
0.149860,5.418021,1.345540,0.40549,10.00
0.149870,5.452634,1.280414,0.40286,10.00
0.149880,5.483967,1.209209,0.40033,10.00
0.149890,5.511773,1.132420,0.39791,10.00
0.149900,5.535895,1.050586,0.39563,10.00
0.149910,5.556330,0.964254,0.39348,10.00
0.149920,5.572647,0.874020,0.39149,10.00
0.149930,5.584705,0.780531,0.38969,10.00
0.149940,5.592393,0.684461,0.38809,10.00
0.149950,5.595626,0.586509,0.38669,10.00
0.149960,5.594336,0.487393,0.38552,10.00
0.149970,5.588541,0.387842,0.38458,10.00
0.149980,5.578261,0.288592,0.38388,10.00
0.149990,5.563549,0.190379,0.38343,10.00
0.150000,5.544327,0.093936,0.38322,10.00
0.150010,5.520217,0.000065,0.38332,10.00
0.150020,5.492046,-0.090471,0.38367,10.00
0.150030,5.460002,-0.176985,0.38427,10.00
0.150040,5.424304,-0.258814,0.38513,10.00
0.150050,5.385209,-0.335329,0.38623,10.00
0.150060,5.343025,-0.405941,0.38758,10.00
0.150070,5.298003,-0.470101,0.38915,10.00
0.150080,5.250908,-0.500000,0.39093,10.00
0.150090,5.203808,-0.500000,0.39283,10.00
0.150100,5.157290,-0.500000,0.39480,10.00
0.150110,5.112453,-0.500000,0.39677,10.00
0.150120,5.067819,-0.500000,0.39881,10.00
0.150130,5.023388,-0.500000,0.40094,10.00
0.150140,4.979158,-0.500000,0.40314,10.00
0.150150,4.934778,-0.500000,0.40542,10.00
0.150160,4.889207,-0.499457,0.40787,10.00
0.150170,4.844014,-0.492827,0.41039,10.00
0.150180,4.799532,-0.478682,0.41297,10.00
0.150190,4.756096,-0.457086,0.41559,10.00
0.150200,4.714171,-0.428163,0.41823,10.00
0.150210,4.674476,-0.392153,0.42084,10.00
0.150220,4.636780,-0.349328,0.42342,10.00
0.150230,4.601378,-0.299971,0.42597,10.00
0.150240,4.568546,-0.244414,0.42847,10.00
0.150250,4.538516,-0.183036,0.43088,10.00
0.150260,4.511441,-0.116249,0.43321,10.00
0.150270,4.487656,-0.044510,0.43543,10.00
0.150280,4.467356,0.031676,0.43752,10.00
0.150290,4.450714,0.111766,0.43947,10.00
0.150300,4.437908,0.195187,0.44126,10.00
0.150310,4.429153,0.281322,0.44287,10.00
0.150320,4.424404,0.369537,0.44430,10.00
0.150330,4.423722,0.459189,0.44552,10.00
0.150340,4.427133,0.549620,0.44654,10.00
0.150350,4.434768,0.640164,0.44735,10.00
0.150360,4.446978,0.730089,0.44790,10.00
0.150370,4.463180,0.818683,0.44822,10.00
0.150380,4.483275,0.905283,0.44832,10.00
0.150390,4.507139,0.989236,0.44818,10.00
0.150400,4.534134,1.069906,0.44780,10.00
0.150410,4.562640,1.146910,0.44732,10.00
0.150420,4.594401,1.219815,0.44661,10.00
0.150430,4.629200,1.288058,0.44569,10.00
0.150440,4.666799,1.351108,0.44455,10.00
0.150450,4.707327,1.408473,0.44320,10.00
0.150460,4.751673,1.459507,0.44155,10.00
0.150470,4.797947,1.503671,0.43972,10.00
0.150480,4.845819,1.540604,0.43770,10.00
0.150490,4.894945,1.569992,0.43553,10.00
0.150500,4.944675,1.591579,0.43320,10.00
0.150510,4.993765,1.605304,0.43082,10.00
0.150520,5.043040,1.611121,0.42833,10.00
0.150530,5.092137,1.608945,0.42575,10.00
0.150540,5.140695,1.598748,0.42309,10.00
0.150550,5.188267,1.580565,0.42038,10.00
0.150560,5.234244,1.554529,0.41765,10.00
0.150570,5.278622,1.520818,0.41491,10.00
0.150580,5.321065,1.479641,0.41218,10.00
0.150590,5.361249,1.431265,0.40947,10.00
0.150600,5.398999,1.376008,0.40681,10.00
0.150610,5.434414,1.314182,0.40418,10.00
0.150620,5.466692,1.246166,0.40164,10.00
0.150630,5.495580,1.172431,0.39920,10.00
0.150640,5.520849,1.093494,0.39689,10.00
0.150650,5.542308,1.009911,0.39472,10.00
0.150660,5.559831,0.922269,0.39271,10.00
0.150670,5.573201,0.831190,0.39086,10.00
0.150680,5.582300,0.737331,0.38921,10.00
0.150690,5.587040,0.641370,0.38776,10.00
0.150700,5.587660,0.544008,0.38653,10.00
0.150710,5.585021,0.445815,0.38544,10.00
0.150720,5.577930,0.347418,0.38458,10.00
0.150730,5.566419,0.249544,0.38397,10.00
0.150740,5.550550,0.152920,0.38360,10.00
0.150750,5.530421,0.058269,0.38348,10.00
0.150760,5.506163,-0.033700,0.38361,10.00
0.150770,5.477930,-0.122292,0.38399,10.00
0.150780,5.445915,-0.206833,0.38462,10.00
0.150790,5.410334,-0.286677,0.38550,10.00
0.150800,5.371558,-0.361207,0.38663,10.00
0.150810,5.330223,-0.429903,0.38795,10.00
0.150820,5.286129,-0.492267,0.38950,10.00
0.150830,5.240778,-0.500000,0.39123,10.00
0.150840,5.195632,-0.500000,0.39305,10.00
0.150850,5.150379,-0.500000,0.39494,10.00
0.150860,5.104081,-0.500000,0.39700,10.00
0.150870,5.057993,-0.500000,0.39913,10.00
0.150880,5.012115,-0.500000,0.40135,10.00
0.150890,4.966445,-0.500000,0.40365,10.00
0.150900,4.920970,-0.500000,0.40602,10.00
0.150910,4.875678,-0.498375,0.40849,10.00
0.150920,4.830852,-0.489667,0.41102,10.00
0.150930,4.786828,-0.473486,0.41360,10.00
0.150940,4.743940,-0.449914,0.41622,10.00
0.150950,4.702664,-0.419088,0.41885,10.00
0.150960,4.663766,-0.381271,0.42144,10.00
0.150970,4.626944,-0.336755,0.42401,10.00
0.150980,4.592485,-0.285835,0.42653,10.00
0.150990,4.560658,-0.228857,0.42899,10.00
0.151000,4.531721,-0.166211,0.43137,10.00
0.151010,4.505918,-0.098333,0.43365,10.00
0.151020,4.483443,-0.025701,0.43581,10.00
0.151030,4.464483,0.051171,0.43785,10.00
0.151040,4.449199,0.131736,0.43973,10.00
0.151050,4.437540,0.215416,0.44146,10.00
0.151060,4.429054,0.301697,0.44305,10.00
0.151070,4.424579,0.390014,0.44446,10.00
0.151080,4.424172,0.479723,0.44567,10.00
0.151090,4.427860,0.570166,0.44668,10.00
0.151100,4.435726,0.660676,0.44747,10.00
0.151110,4.448000,0.750541,0.44802,10.00
0.151120,4.464261,0.839064,0.44834,10.00
0.151130,4.484412,0.925580,0.44842,10.00
0.151140,4.508327,1.009439,0.44828,10.00
0.151150,4.535727,1.090004,0.44790,10.00
0.151160,4.566056,1.166722,0.44732,10.00
0.151170,4.599611,1.239044,0.44651,10.00
0.151180,4.636162,1.306411,0.44549,10.00
0.151190,4.675456,1.368297,0.44425,10.00
0.151200,4.717199,1.424216,0.44280,10.00
0.151210,4.761035,1.473730,0.44116,10.00
0.151220,4.806735,1.516446,0.43933,10.00
0.151230,4.853972,1.552012,0.43733,10.00
0.151240,4.902407,1.580125,0.43517,10.00
0.151250,4.951862,1.600540,0.43287,10.00
0.151260,5.002498,1.612979,0.43040,10.00
0.151270,5.053246,1.617252,0.42782,10.00
0.151280,5.103733,1.613285,0.42514,10.00
0.151290,5.153587,1.601064,0.42239,10.00
0.151300,5.202324,1.580634,0.41959,10.00
0.151310,5.249246,1.552158,0.41679,10.00
0.151320,5.294449,1.515841,0.41398,10.00
0.151330,5.337591,1.471910,0.41117,10.00
0.151340,5.378343,1.420649,0.40840,10.00
0.151350,5.416514,1.362400,0.40568,10.00
0.151360,5.452174,1.297499,0.40301,10.00
0.151370,5.484556,1.226350,0.40042,10.00
0.151380,5.513404,1.149449,0.39795,10.00
0.151390,5.538488,1.067334,0.39561,10.00
0.151400,5.559697,0.980586,0.39342,10.00
0.151410,5.577131,0.889777,0.39137,10.00
0.151420,5.590270,0.795529,0.38951,10.00
0.151430,5.598995,0.698521,0.38784,10.00
0.151440,5.603221,0.599456,0.38638,10.00
0.151450,5.602654,0.499058,0.38514,10.00
0.151460,5.596564,0.398178,0.38420,10.00
0.151470,5.585930,0.297637,0.38350,10.00
0.151480,5.570809,0.198180,0.38305,10.00
0.151490,5.551292,0.100551,0.38286,10.00
0.151500,5.527885,0.005480,0.38292,10.00
0.151510,5.501884,-0.086499,0.38315,10.00
0.151520,5.471925,-0.174813,0.38363,10.00
0.151530,5.438211,-0.258789,0.38436,10.00
0.151540,5.400973,-0.337784,0.38534,10.00
0.151550,5.360072,-0.411185,0.38656,10.00
0.151560,5.314606,-0.478229,0.38812,10.00
0.151570,5.267252,-0.500000,0.38989,10.00
0.151580,5.220029,-0.500000,0.39176,10.00
0.151590,5.173020,-0.500000,0.39371,10.00
0.151600,5.126685,-0.500000,0.39574,10.00
0.151610,5.082400,-0.500000,0.39774,10.00
0.151620,5.038317,-0.500000,0.39982,10.00
0.151630,4.994433,-0.500000,0.40197,10.00
0.151640,4.950748,-0.500000,0.40420,10.00
0.151650,4.906954,-0.500000,0.40651,10.00
0.151660,4.862193,-0.496824,0.40898,10.00
0.151670,4.817981,-0.486218,0.41150,10.00
0.151680,4.774652,-0.468221,0.41408,10.00
0.151690,4.732536,-0.442929,0.41668,10.00
0.151700,4.692086,-0.410492,0.41930,10.00
0.151710,4.654007,-0.371176,0.42187,10.00
0.151720,4.618064,-0.325281,0.42441,10.00
0.151730,4.584539,-0.273113,0.42690,10.00
0.151740,4.553696,-0.215024,0.42933,10.00
0.151750,4.525601,-0.151417,0.43167,10.00
0.151760,4.499949,-0.082646,0.43395,10.00
0.151770,4.477664,-0.009138,0.43612,10.00
0.151780,4.458932,0.068586,0.43815,10.00
0.151790,4.443914,0.149974,0.44004,10.00
0.151800,4.432804,0.234441,0.44176,10.00
0.151810,4.425894,0.321347,0.44328,10.00
0.151820,4.423010,0.410040,0.44462,10.00
0.151830,4.424196,0.499872,0.44575,10.00
0.151840,4.429469,0.590184,0.44668,10.00
0.151850,4.438581,0.680308,0.44739,10.00
0.151860,4.450801,0.769687,0.44793,10.00
0.151870,4.466986,0.857729,0.44824,10.00
0.151880,4.487041,0.943774,0.44833,10.00
0.151890,4.510839,1.027175,0.44818,10.00
0.151900,4.538445,1.107298,0.44781,10.00
0.151910,4.570326,1.183428,0.44714,10.00
0.151920,4.605392,1.254910,0.44625,10.00
0.151930,4.643402,1.321188,0.44514,10.00
0.151940,4.684094,1.381745,0.44381,10.00
0.151950,4.727073,1.436101,0.44228,10.00
0.151960,4.771717,1.483873,0.44058,10.00
0.151970,4.818138,1.524707,0.43869,10.00
0.151980,4.866004,1.558262,0.43664,10.00
0.151990,4.914971,1.584253,0.43443,10.00
0.152000,4.964659,1.602447,0.43208,10.00
0.152010,5.014637,1.612678,0.42961,10.00
0.152020,5.064634,1.614837,0.42704,10.00
0.152030,5.114280,1.608864,0.42439,10.00
0.152040,5.163209,1.594761,0.42166,10.00
0.152050,5.210923,1.572590,0.41889,10.00
0.152060,5.256674,1.542534,0.41613,10.00
0.152070,5.300645,1.504818,0.41337,10.00
0.152080,5.342501,1.459681,0.41062,10.00
0.152090,5.381925,1.407416,0.40790,10.00
0.152100,5.418590,1.348374,0.40525,10.00
0.152110,5.452145,1.282967,0.40267,10.00
0.152120,5.482417,1.211653,0.40019,10.00
0.152130,5.509167,1.134927,0.39783,10.00
0.152140,5.532180,1.053331,0.39561,10.00
0.152150,5.551393,0.967442,0.39353,10.00
0.152160,5.567020,0.877813,0.39160,10.00
0.152170,5.578421,0.785047,0.38984,10.00
0.152180,5.585492,0.689815,0.38828,10.00
0.152190,5.588159,0.592808,0.38693,10.00
0.152200,5.586526,0.494735,0.38580,10.00
0.152210,5.581013,0.396247,0.38486,10.00
0.152220,5.571062,0.298024,0.38416,10.00
0.152230,5.556724,0.200795,0.38370,10.00
0.152240,5.538083,0.105284,0.38349,10.00
0.152250,5.515120,0.012207,0.38353,10.00
0.152260,5.487570,-0.077667,0.38386,10.00
0.152270,5.456172,-0.163611,0.38444,10.00
0.152280,5.421140,-0.244970,0.38527,10.00
0.152290,5.382715,-0.321117,0.38635,10.00
0.152300,5.341407,-0.391461,0.38766,10.00
0.152310,5.298230,-0.455567,0.38915,10.00
0.152320,5.252657,-0.500000,0.39085,10.00
0.152330,5.206728,-0.500000,0.39268,10.00
0.152340,5.161007,-0.500000,0.39459,10.00
0.152350,5.115141,-0.500000,0.39658,10.00
0.152360,5.068077,-0.500000,0.39874,10.00
0.152370,5.021227,-0.500000,0.40099,10.00
0.152380,4.974590,-0.500000,0.40332,10.00
0.152390,4.928164,-0.500000,0.40573,10.00
0.152400,4.882132,-0.498969,0.40822,10.00
0.152410,4.837210,-0.491222,0.41074,10.00
0.152420,4.793046,-0.475995,0.41332,10.00
0.152430,4.749976,-0.453362,0.41594,10.00
0.152440,4.708327,-0.423453,0.41857,10.00
0.152450,4.668319,-0.386451,0.42120,10.00
0.152460,4.629966,-0.342547,0.42383,10.00
0.152470,4.593961,-0.291998,0.42643,10.00
0.152480,4.560585,-0.235145,0.42896,10.00
0.152490,4.530104,-0.172375,0.43142,10.00
0.152500,4.502638,-0.104125,0.43378,10.00
0.152510,4.478049,-0.030812,0.43606,10.00
0.152520,4.457024,0.047086,0.43821,10.00
0.152530,4.439742,0.129015,0.44021,10.00
0.152540,4.426351,0.214389,0.44205,10.00
0.152550,4.417089,0.302594,0.44372,10.00
0.152560,4.412392,0.392934,0.44516,10.00
0.152570,4.411858,0.484714,0.44641,10.00
0.152580,4.415513,0.577262,0.44744,10.00
0.152590,4.423356,0.669895,0.44825,10.00
0.152600,4.435353,0.761928,0.44884,10.00
0.152610,4.451442,0.852676,0.44919,10.00
0.152620,4.471524,0.941457,0.44931,10.00
0.152630,4.495473,1.027605,0.44919,10.00
0.152640,4.523136,1.110467,0.44883,10.00
0.152650,4.554458,1.189412,0.44823,10.00
0.152660,4.589618,1.263770,0.44737,10.00
0.152670,4.627851,1.332926,0.44628,10.00
0.152680,4.668895,1.396340,0.44497,10.00
0.152690,4.712461,1.453510,0.44344,10.00
0.152700,4.758550,1.503982,0.44171,10.00
0.152710,4.807748,1.547196,0.43971,10.00
0.152720,4.858476,1.582697,0.43753,10.00
0.152730,4.910366,1.610180,0.43519,10.00
0.152740,4.963044,1.629399,0.43270,10.00
0.152750,5.015975,1.640169,0.43008,10.00
0.152760,5.068324,1.642436,0.42739,10.00
0.152770,5.120307,1.636188,0.42461,10.00
0.152780,5.171538,1.621425,0.42175,10.00
0.152790,5.221637,1.598213,0.41885,10.00
0.152800,5.270432,1.566677,0.41592,10.00
0.152810,5.318167,1.526909,0.41294,10.00
0.152820,5.363661,1.479095,0.40997,10.00
0.152830,5.406567,1.423546,0.40703,10.00
0.152840,5.446555,1.360631,0.40416,10.00
0.152850,5.483192,1.290779,0.40136,10.00
0.152860,5.515817,1.214529,0.39870,10.00
0.152870,5.544674,1.132453,0.39616,10.00
0.152880,5.569531,1.045128,0.39377,10.00
0.152890,5.590184,0.953173,0.39154,10.00
0.152900,5.606139,0.857243,0.38949,10.00
0.152910,5.616293,0.758184,0.38771,10.00
0.152920,5.621842,0.656816,0.38615,10.00
0.152930,5.622720,0.553878,0.38481,10.00
0.152940,5.618899,0.450122,0.38372,10.00
0.152950,5.610555,0.346313,0.38286,10.00
0.152960,5.598234,0.243137,0.38222,10.00
0.152970,5.581323,0.141306,0.38184,10.00
0.152980,5.559922,0.041580,0.38172,10.00
0.152990,5.534169,-0.055291,0.38186,10.00
0.153000,5.504134,-0.148575,0.38227,10.00
0.153010,5.469724,-0.237515,0.38297,10.00
0.153020,5.431570,-0.321399,0.38393,10.00
0.153030,5.389936,-0.399578,0.38515,10.00
0.153040,5.345114,-0.471445,0.38662,10.00
0.153050,5.297924,-0.500000,0.38831,10.00
0.153060,5.250207,-0.500000,0.39014,10.00
0.153070,5.202707,-0.500000,0.39205,10.00
0.153080,5.155422,-0.500000,0.39405,10.00
0.153090,5.108352,-0.500000,0.39613,10.00
0.153100,5.061533,-0.500000,0.39830,10.00
0.153110,5.015077,-0.500000,0.40054,10.00
0.153120,4.968832,-0.500000,0.40286,10.00
0.153130,4.922796,-0.500000,0.40526,10.00
0.153140,4.876982,-0.499002,0.40775,10.00
0.153150,4.831743,-0.491266,0.41030,10.00
0.153160,4.787870,-0.476036,0.41288,10.00
0.153170,4.745087,-0.453434,0.41549,10.00
0.153180,4.703723,-0.423589,0.41811,10.00
0.153190,4.664093,-0.386685,0.42074,10.00
0.153200,4.626664,-0.342960,0.42334,10.00
0.153210,4.592207,-0.292780,0.42586,10.00
0.153220,4.560350,-0.236534,0.42833,10.00
0.153230,4.531346,-0.174609,0.43071,10.00
0.153240,4.505427,-0.107434,0.43299,10.00
0.153250,4.482740,-0.035479,0.43517,10.00
0.153260,4.463276,0.040777,0.43723,10.00
0.153270,4.447465,0.120815,0.43914,10.00
0.153280,4.435447,0.204060,0.44090,10.00
0.153290,4.427334,0.289911,0.44248,10.00
0.153300,4.422998,0.377746,0.44387,10.00
0.153310,4.421864,0.467026,0.44513,10.00
0.153320,4.424811,0.557165,0.44617,10.00
0.153330,4.431843,0.647500,0.44701,10.00
0.153340,4.442931,0.737360,0.44762,10.00
0.153350,4.458100,0.826079,0.44801,10.00
0.153360,4.477506,0.912953,0.44815,10.00
0.153370,4.500699,0.997301,0.44805,10.00
0.153380,4.527530,1.078485,0.44772,10.00
0.153390,4.557822,1.155887,0.44716,10.00
0.153400,4.591381,1.228913,0.44638,10.00
0.153410,4.628006,1.296995,0.44536,10.00
0.153420,4.667407,1.359598,0.44413,10.00
0.153430,4.709309,1.416229,0.44269,10.00
0.153440,4.753417,1.466438,0.44106,10.00
0.153450,4.799477,1.509818,0.43923,10.00
0.153460,4.847338,1.545984,0.43721,10.00
0.153470,4.896418,1.574609,0.43504,10.00
0.153480,4.946362,1.595443,0.43271,10.00
0.153490,4.996808,1.608289,0.43026,10.00
0.153500,5.047393,1.613011,0.42770,10.00
0.153510,5.097762,1.609526,0.42504,10.00
0.153520,5.147520,1.597816,0.42231,10.00
0.153530,5.196298,1.577924,0.41953,10.00
0.153540,5.243732,1.549953,0.41671,10.00
0.153550,5.289578,1.514069,0.41388,10.00
0.153560,5.333829,1.470440,0.41103,10.00
0.153570,5.375694,1.419312,0.40821,10.00
0.153580,5.414853,1.361024,0.40544,10.00
0.153590,5.451004,1.295969,0.40274,10.00
0.153600,5.483845,1.224593,0.40014,10.00
0.153610,5.513060,1.147401,0.39765,10.00
0.153620,5.538494,1.064940,0.39529,10.00
0.153630,5.559941,0.977793,0.39308,10.00
0.153640,5.577224,0.886580,0.39104,10.00
0.153650,5.590186,0.791954,0.38918,10.00
0.153660,5.598686,0.694602,0.38753,10.00
0.153670,5.602672,0.595234,0.38608,10.00
0.153680,5.602094,0.494573,0.38486,10.00
0.153690,5.596934,0.393359,0.38387,10.00
0.153700,5.587285,0.292338,0.38312,10.00
0.153710,5.573433,0.192220,0.38261,10.00
0.153720,5.555143,0.093725,0.38235,10.00
0.153730,5.532528,-0.002407,0.38234,10.00
0.153740,5.505736,-0.095455,0.38259,10.00
0.153750,5.474879,-0.184712,0.38311,10.00
0.153760,5.439972,-0.269468,0.38389,10.00
0.153770,5.401516,-0.349049,0.38493,10.00
0.153780,5.359780,-0.422841,0.38622,10.00
0.153790,5.315056,-0.490265,0.38774,10.00
0.153800,5.268518,-0.500000,0.38945,10.00
0.153810,5.220685,-0.500000,0.39135,10.00
0.153820,5.173070,-0.500000,0.39333,10.00
0.153830,5.125671,-0.500000,0.39539,10.00
0.153840,5.078486,-0.500000,0.39754,10.00
0.153850,5.031948,-0.500000,0.39977,10.00
0.153860,4.987345,-0.500000,0.40197,10.00
0.153870,4.942944,-0.500000,0.40426,10.00
0.153880,4.898745,-0.500000,0.40662,10.00
0.153890,4.854831,-0.495929,0.40906,10.00
0.153900,4.811204,-0.484550,0.41156,10.00
0.153910,4.767315,-0.465771,0.41417,10.00
0.153920,4.724678,-0.439595,0.41682,10.00
0.153930,4.683621,-0.406179,0.41947,10.00
0.153940,4.644458,-0.365734,0.42212,10.00
0.153950,4.607865,-0.318522,0.42473,10.00
0.153960,4.575234,-0.265039,0.42720,10.00
0.153970,4.545338,-0.205766,0.42959,10.00
0.153980,4.518414,-0.141114,0.43190,10.00
0.153990,4.494682,-0.071534,0.43410,10.00
0.154000,4.474069,0.002484,0.43618,10.00
0.154010,4.455945,0.080544,0.43819,10.00
0.154020,4.441545,0.162174,0.44005,10.00
0.154030,4.430997,0.246788,0.44174,10.00
0.154040,4.424403,0.333775,0.44326,10.00
0.154050,4.421955,0.422502,0.44458,10.00
0.154060,4.424048,0.512263,0.44567,10.00
0.154070,4.430216,0.602360,0.44655,10.00
0.154080,4.440437,0.692127,0.44721,10.00
0.154090,4.454660,0.780897,0.44765,10.00
0.154100,4.472933,0.868006,0.44786,10.00
0.154110,4.495530,0.952738,0.44780,10.00
0.154120,4.521789,1.034410,0.44751,10.00
0.154130,4.551535,1.112401,0.44699,10.00
0.154140,4.584571,1.186114,0.44624,10.00
0.154150,4.620352,1.254978,0.44527,10.00
0.154160,4.657680,1.318613,0.44416,10.00
0.154170,4.697575,1.376622,0.44284,10.00
0.154180,4.739756,1.428545,0.44133,10.00
0.154190,4.783926,1.473965,0.43962,10.00
0.154200,4.829979,1.512512,0.43774,10.00
0.154210,4.878204,1.543762,0.43565,10.00
0.154220,4.927422,1.567380,0.43340,10.00
0.154230,4.977275,1.583149,0.43101,10.00
0.154240,5.027399,1.590911,0.42852,10.00
0.154250,5.077155,1.590566,0.42592,10.00
0.154260,5.125361,1.582205,0.42331,10.00
0.154270,5.172753,1.565936,0.42064,10.00
0.154280,5.218979,1.541837,0.41793,10.00
0.154290,5.263691,1.510045,0.41521,10.00
0.154300,5.306661,1.470755,0.41248,10.00
0.154310,5.347890,1.424166,0.40975,10.00
0.154320,5.386625,1.370548,0.40706,10.00
0.154330,5.422568,1.310262,0.40443,10.00
0.154340,5.455441,1.243718,0.40188,10.00
0.154350,5.485091,1.171377,0.39944,10.00
0.154360,5.511597,1.093692,0.39708,10.00
0.154370,5.534325,1.011177,0.39487,10.00
0.154380,5.553088,0.924416,0.39280,10.00
0.154390,5.567729,0.834030,0.39091,10.00
0.154400,5.578144,0.740669,0.38920,10.00
0.154410,5.584316,0.644995,0.38769,10.00
0.154420,5.586072,0.547696,0.38639,10.00
0.154430,5.583378,0.449483,0.38531,10.00
0.154440,5.576232,0.351079,0.38446,10.00
0.154450,5.564614,0.253211,0.38385,10.00
0.154460,5.548438,0.156631,0.38350,10.00
0.154470,5.528005,0.062077,0.38340,10.00
0.154480,5.503447,-0.029742,0.38355,10.00
0.154490,5.474926,-0.118129,0.38395,10.00
0.154500,5.442781,-0.202415,0.38460,10.00
0.154510,5.407676,-0.282024,0.38546,10.00
0.154520,5.369258,-0.356392,0.38657,10.00
0.154530,5.327798,-0.424939,0.38791,10.00
0.154540,5.283586,-0.487128,0.38947,10.00
0.154550,5.237249,-0.500000,0.39122,10.00
0.154560,5.188518,-0.500000,0.39322,10.00
0.154570,5.140009,-0.500000,0.39531,10.00
0.154580,5.091719,-0.500000,0.39749,10.00
0.154590,5.043649,-0.500000,0.39975,10.00
0.154600,4.996287,-0.500000,0.40209,10.00
0.154610,4.951096,-0.500000,0.40440,10.00
0.154620,4.906109,-0.500000,0.40678,10.00
0.154630,4.861398,-0.496417,0.40925,10.00
0.154640,4.817255,-0.485412,0.41177,10.00
0.154650,4.774098,-0.467029,0.41435,10.00
0.154660,4.732513,-0.441407,0.41692,10.00
0.154670,4.692472,-0.408728,0.41951,10.00
0.154680,4.654283,-0.369195,0.42209,10.00
0.154690,4.618242,-0.323069,0.42463,10.00
0.154700,4.584500,-0.270655,0.42713,10.00
0.154710,4.552937,-0.212247,0.42959,10.00
0.154720,4.524322,-0.148206,0.43197,10.00
0.154730,4.498885,-0.078977,0.43425,10.00
0.154740,4.476835,-0.005046,0.43640,10.00
0.154750,4.458379,0.073063,0.43843,10.00
0.154760,4.443747,0.154782,0.44029,10.00
0.154770,4.432973,0.239516,0.44199,10.00
0.154780,4.426161,0.326653,0.44351,10.00
0.154790,4.423383,0.415559,0.44484,10.00
0.154800,4.424652,0.505585,0.44597,10.00
0.154810,4.429887,0.596085,0.44690,10.00
0.154820,4.439201,0.686402,0.44760,10.00
0.154830,4.452551,0.775863,0.44809,10.00
0.154840,4.469859,0.863803,0.44834,10.00
0.154850,4.490946,0.949562,0.44837,10.00
0.154860,4.515451,1.032528,0.44818,10.00
0.154870,4.543519,1.112098,0.44776,10.00
0.154880,4.574963,1.187662,0.44711,10.00
0.154890,4.609570,1.258641,0.44623,10.00
0.154900,4.647181,1.324484,0.44513,10.00
0.154910,4.687774,1.384638,0.44380,10.00
0.154920,4.730745,1.438602,0.44227,10.00
0.154930,4.775790,1.485942,0.44054,10.00
0.154940,4.822590,1.526273,0.43862,10.00
0.154950,4.870802,1.559260,0.43654,10.00
0.154960,4.920062,1.584622,0.43431,10.00
0.154970,4.970036,1.602133,0.43193,10.00
0.154980,5.020359,1.611621,0.42944,10.00
0.154990,5.070663,1.612973,0.42684,10.00
0.155000,5.120613,1.606137,0.42416,10.00
0.155010,5.169943,1.591104,0.42140,10.00
0.155020,5.218144,1.567928,0.41860,10.00
0.155030,5.264857,1.536740,0.41578,10.00
0.155040,5.309728,1.497728,0.41295,10.00
0.155050,5.352539,1.451139,0.41013,10.00
0.155060,5.393324,1.397220,0.40733,10.00
0.155070,5.431286,1.336293,0.40459,10.00
0.155080,5.466129,1.268771,0.40192,10.00
0.155090,5.497582,1.195120,0.39936,10.00
0.155100,5.525213,1.115852,0.39691,10.00
0.155110,5.548253,1.031614,0.39465,10.00
0.155120,5.567247,0.943060,0.39254,10.00
0.155130,5.582034,0.850825,0.39062,10.00
0.155140,5.592485,0.755572,0.38888,10.00
0.155150,5.598431,0.657989,0.38734,10.00
0.155160,5.599602,0.558821,0.38604,10.00
0.155170,5.596243,0.458814,0.38496,10.00
0.155180,5.588356,0.358706,0.38413,10.00
0.155190,5.575978,0.259235,0.38353,10.00
0.155200,5.559290,0.161143,0.38319,10.00
0.155210,5.538731,0.065108,0.38307,10.00
0.155220,5.513980,-0.028185,0.38321,10.00
0.155230,5.485199,-0.118030,0.38360,10.00
0.155240,5.452583,-0.203745,0.38425,10.00
0.155250,5.416459,-0.284673,0.38515,10.00
0.155260,5.377386,-0.360241,0.38627,10.00
0.155270,5.335222,-0.429894,0.38763,10.00
0.155280,5.290262,-0.493087,0.38921,10.00
0.155290,5.244072,-0.500000,0.39098,10.00
0.155300,5.197912,-0.500000,0.39283,10.00
0.155310,5.151250,-0.500000,0.39481,10.00
0.155320,5.104799,-0.500000,0.39686,10.00
0.155330,5.058559,-0.500000,0.39901,10.00
0.155340,5.012529,-0.500000,0.40123,10.00
0.155350,4.966727,-0.500000,0.40353,10.00
0.155360,4.921210,-0.500000,0.40592,10.00
0.155370,4.875921,-0.498468,0.40838,10.00
0.155380,4.831091,-0.489916,0.41091,10.00
0.155390,4.787056,-0.473889,0.41349,10.00
0.155400,4.744291,-0.450470,0.41611,10.00
0.155410,4.703540,-0.419859,0.41871,10.00
0.155420,4.664554,-0.382294,0.42130,10.00
0.155430,4.627632,-0.338016,0.42387,10.00
0.155440,4.593063,-0.287318,0.42640,10.00
0.155450,4.561185,-0.230544,0.42886,10.00
0.155460,4.532454,-0.168115,0.43123,10.00
0.155470,4.506829,-0.100485,0.43350,10.00
0.155480,4.484519,-0.028131,0.43565,10.00
0.155490,4.465709,0.048438,0.43767,10.00
0.155500,4.450473,0.128675,0.43955,10.00
0.155510,4.438679,0.212047,0.44129,10.00
0.155520,4.430793,0.297982,0.44285,10.00
0.155530,4.426897,0.385855,0.44423,10.00
0.155540,4.427044,0.475026,0.44541,10.00
0.155550,4.431101,0.564840,0.44638,10.00
0.155560,4.438603,0.654710,0.44718,10.00
0.155570,4.450137,0.744018,0.44776,10.00
0.155580,4.465638,0.832101,0.44811,10.00
0.155590,4.485017,0.918299,0.44823,10.00
0.155600,4.508048,1.001964,0.44812,10.00
0.155610,4.534267,1.082511,0.44781,10.00
0.155620,4.563923,1.159363,0.44727,10.00
0.155630,4.596817,1.231930,0.44650,10.00
0.155640,4.632725,1.299652,0.44552,10.00
0.155650,4.671722,1.362001,0.44431,10.00
0.155660,4.714508,1.418331,0.44282,10.00
0.155670,4.759478,1.468087,0.44113,10.00
0.155680,4.806313,1.510866,0.43925,10.00
0.155690,4.854678,1.546315,0.43719,10.00
0.155700,4.903796,1.574132,0.43498,10.00
0.155710,4.952033,1.594276,0.43272,10.00
0.155720,5.000755,1.606697,0.43035,10.00
0.155730,5.049606,1.611261,0.42787,10.00
0.155740,5.098227,1.607893,0.42529,10.00
0.155750,5.146533,1.596576,0.42265,10.00
0.155760,5.194986,1.577219,0.41988,10.00
0.155770,5.242122,1.549835,0.41708,10.00
0.155780,5.287586,1.514583,0.41427,10.00
0.155790,5.331036,1.471684,0.41147,10.00
0.155800,5.372166,1.421414,0.40869,10.00
0.155810,5.410741,1.364093,0.40596,10.00
0.155820,5.446357,1.300102,0.40330,10.00
0.155830,5.478736,1.229877,0.40073,10.00
0.155840,5.507624,1.153907,0.39826,10.00
0.155850,5.532571,1.072723,0.39593,10.00
0.155860,5.552718,0.987005,0.39380,10.00
0.155870,5.568777,0.897433,0.39184,10.00
0.155880,5.580609,0.804651,0.39006,10.00
0.155890,5.588107,0.709329,0.38847,10.00
0.155900,5.591449,0.612159,0.38709,10.00
0.155910,5.591354,0.513727,0.38587,10.00
0.155920,5.586775,0.414672,0.38487,10.00
0.155930,5.577722,0.315725,0.38411,10.00
0.155940,5.564240,0.217618,0.38360,10.00
0.155950,5.546333,0.121082,0.38333,10.00
0.155960,5.523884,0.026876,0.38334,10.00
0.155970,5.497343,-0.064265,0.38360,10.00
0.155980,5.466887,-0.151651,0.38411,10.00
0.155990,5.432722,-0.234615,0.38488,10.00
0.156000,5.395442,-0.312520,0.38589,10.00
0.156010,5.356375,-0.384936,0.38705,10.00
0.156020,5.314358,-0.451413,0.38844,10.00
0.156030,5.269795,-0.500000,0.39006,10.00
0.156040,5.224784,-0.500000,0.39181,10.00
0.156050,5.179632,-0.500000,0.39364,10.00
0.156060,5.133306,-0.500000,0.39563,10.00
0.156070,5.087190,-0.500000,0.39771,10.00
0.156080,5.041283,-0.500000,0.39987,10.00
0.156090,4.995585,-0.500000,0.40211,10.00
0.156100,4.950052,-0.500000,0.40443,10.00
0.156110,4.904557,-0.500000,0.40685,10.00
0.156120,4.859347,-0.496146,0.40934,10.00
0.156130,4.814721,-0.484789,0.41189,10.00
0.156140,4.771017,-0.465973,0.41449,10.00
0.156150,4.728614,-0.439800,0.41712,10.00
0.156160,4.687983,-0.406449,0.41975,10.00
0.156170,4.649240,-0.366147,0.42236,10.00
0.156180,4.612685,-0.319156,0.42494,10.00
0.156190,4.578603,-0.265789,0.42747,10.00
0.156200,4.547052,-0.206410,0.42994,10.00
0.156210,4.517659,-0.141325,0.43237,10.00
0.156220,4.491499,-0.070921,0.43470,10.00
0.156230,4.468785,0.004309,0.43690,10.00
0.156240,4.449706,0.083831,0.43897,10.00
0.156250,4.434495,0.167080,0.44089,10.00
0.156260,4.423491,0.253424,0.44262,10.00
0.156270,4.416523,0.342218,0.44417,10.00
0.156280,4.413667,0.432815,0.44552,10.00
0.156290,4.414969,0.524555,0.44667,10.00
0.156300,4.420846,0.616763,0.44760,10.00
0.156310,4.432488,0.708563,0.44821,10.00
0.156320,4.448211,0.799143,0.44859,10.00
0.156330,4.467924,0.887825,0.44873,10.00
0.156340,4.491503,0.973941,0.44864,10.00
0.156350,4.518583,1.056840,0.44831,10.00
0.156360,4.548347,1.135993,0.44779,10.00
0.156370,4.581454,1.210863,0.44705,10.00
0.156380,4.617676,1.280873,0.44607,10.00
0.156390,4.656766,1.345478,0.44488,10.00
0.156400,4.698472,1.404171,0.44347,10.00
0.156410,4.742571,1.456474,0.44186,10.00
0.156420,4.788659,1.501960,0.44005,10.00
0.156430,4.836406,1.540255,0.43806,10.00
0.156440,4.885471,1.571037,0.43591,10.00
0.156450,4.935311,1.594039,0.43361,10.00
0.156460,4.985000,1.609140,0.43122,10.00
0.156470,5.034931,1.616247,0.42871,10.00
0.156480,5.084739,1.615265,0.42611,10.00
0.156490,5.134054,1.606158,0.42343,10.00
0.156500,5.182794,1.588952,0.42069,10.00
0.156510,5.231437,1.563593,0.41784,10.00
0.156520,5.278487,1.530138,0.41497,10.00
0.156530,5.323590,1.488789,0.41210,10.00
0.156540,5.366404,1.439812,0.40925,10.00
0.156550,5.406431,1.383530,0.40645,10.00
0.156560,5.442859,1.320400,0.40375,10.00
0.156570,5.476082,1.250911,0.40115,10.00
0.156580,5.505840,1.175541,0.39865,10.00
0.156590,5.531896,1.094819,0.39627,10.00
0.156600,5.553989,1.009314,0.39404,10.00
0.156610,5.571789,0.919657,0.39199,10.00
0.156620,5.585344,0.826506,0.39011,10.00
0.156630,5.594531,0.730532,0.38843,10.00
0.156640,5.599261,0.632430,0.38696,10.00
0.156650,5.599714,0.532917,0.38570,10.00
0.156660,5.596569,0.432606,0.38461,10.00
0.156670,5.588880,0.332161,0.38377,10.00
0.156680,5.576683,0.232325,0.38316,10.00
0.156690,5.560045,0.133839,0.38281,10.00
0.156700,5.538824,0.037439,0.38271,10.00
0.156710,5.512428,-0.056032,0.38293,10.00
0.156720,5.482009,-0.145789,0.38341,10.00
0.156730,5.447773,-0.231147,0.38415,10.00
0.156740,5.409955,-0.311452,0.38514,10.00
0.156750,5.368850,-0.386083,0.38638,10.00
0.156760,5.324841,-0.454474,0.38785,10.00
0.156770,5.278298,-0.500000,0.38954,10.00
0.156780,5.231418,-0.500000,0.39137,10.00
0.156790,5.184751,-0.500000,0.39328,10.00
0.156800,5.138252,-0.500000,0.39527,10.00
0.156810,5.091793,-0.500000,0.39736,10.00
0.156820,5.045544,-0.500000,0.39952,10.00
0.156830,4.999506,-0.500000,0.40177,10.00
0.156840,4.953676,-0.500000,0.40411,10.00
0.156850,4.908074,-0.500000,0.40652,10.00
0.156860,4.862817,-0.496892,0.40900,10.00
0.156870,4.818111,-0.486276,0.41156,10.00
0.156880,4.774293,-0.468191,0.41416,10.00
0.156890,4.731696,-0.442732,0.41679,10.00
0.156900,4.690741,-0.410051,0.41943,10.00
0.156910,4.652031,-0.370399,0.42203,10.00
0.156920,4.615479,-0.324065,0.42461,10.00
0.156930,4.581369,-0.271357,0.42713,10.00
0.156940,4.549971,-0.212634,0.42960,10.00
0.156950,4.521586,-0.148298,0.43197,10.00
0.156960,4.496596,-0.078824,0.43423,10.00
0.156970,4.475000,-0.004715,0.43637,10.00
0.156980,4.456979,0.073503,0.43837,10.00
0.156990,4.442686,0.155271,0.44022,10.00
0.157000,4.432097,0.240003,0.44191,10.00
0.157010,4.424851,0.327159,0.44345,10.00
0.157020,4.421644,0.416158,0.44481,10.00
0.157030,4.422525,0.506347,0.44596,10.00
0.157040,4.427511,0.597066,0.44690,10.00
0.157050,4.436523,0.687645,0.44763,10.00
0.157060,4.449322,0.777443,0.44815,10.00
0.157070,4.466101,0.865812,0.44843,10.00
0.157080,4.486758,0.952089,0.44849,10.00
0.157090,4.511164,1.035624,0.44832,10.00
0.157100,4.539149,1.115783,0.44791,10.00
0.157110,4.570498,1.191960,0.44727,10.00
0.157120,4.605039,1.263572,0.44641,10.00
0.157130,4.642535,1.330065,0.44532,10.00
0.157140,4.682725,1.390919,0.44402,10.00
0.157150,4.725307,1.445652,0.44251,10.00
0.157160,4.769914,1.493839,0.44082,10.00
0.157170,4.816317,1.535094,0.43894,10.00
0.157180,4.864184,1.569075,0.43689,10.00
0.157190,4.913170,1.595492,0.43468,10.00
0.157200,4.963191,1.614110,0.43233,10.00
0.157210,5.014687,1.624618,0.42979,10.00
0.157220,5.066199,1.626810,0.42714,10.00
0.157230,5.117349,1.620626,0.42441,10.00
0.157240,5.167758,1.606066,0.42160,10.00
0.157250,5.217212,1.583195,0.41875,10.00
0.157260,5.265819,1.552060,0.41583,10.00
0.157270,5.312571,1.512796,0.41290,10.00
0.157280,5.357113,1.465651,0.40999,10.00
0.157290,5.399107,1.410933,0.40712,10.00
0.157300,5.437653,1.349007,0.40430,10.00
0.157310,5.470732,1.280570,0.40171,10.00
0.157320,5.500394,1.206281,0.39923,10.00
0.157330,5.526404,1.126659,0.39687,10.00
0.157340,5.548551,1.042266,0.39465,10.00
0.157350,5.566889,0.953701,0.39259,10.00
0.157360,5.581964,0.861483,0.39065,10.00
0.157370,5.592701,0.766202,0.38890,10.00
0.157380,5.598998,0.668545,0.38734,10.00
0.157390,5.600789,0.569224,0.38601,10.00
0.157400,5.598259,0.468964,0.38490,10.00
0.157410,5.592071,0.368397,0.38397,10.00
0.157420,5.581356,0.268191,0.38329,10.00
0.157430,5.566170,0.169092,0.38285,10.00
0.157440,5.546604,0.071839,0.38267,10.00
0.157450,5.522495,-0.022839,0.38274,10.00
0.157460,5.493142,-0.114090,0.38315,10.00
0.157470,5.459895,-0.201126,0.38381,10.00
0.157480,5.422980,-0.283283,0.38473,10.00
0.157490,5.382653,-0.359926,0.38590,10.00
0.157500,5.339344,-0.430460,0.38731,10.00
0.157510,5.293798,-0.494400,0.38892,10.00
0.157520,5.247070,-0.500000,0.39071,10.00
0.157530,5.200554,-0.500000,0.39258,10.00
0.157540,5.154249,-0.500000,0.39453,10.00
0.157550,5.108222,-0.500000,0.39657,10.00
0.157560,5.062675,-0.500000,0.39866,10.00
0.157570,5.017334,-0.500000,0.40084,10.00
0.157580,4.972200,-0.500000,0.40311,10.00
0.157590,4.927270,-0.500000,0.40545,10.00
0.157600,4.882667,-0.499181,0.40786,10.00
0.157610,4.838911,-0.492003,0.41033,10.00
0.157620,4.795879,-0.477531,0.41284,10.00
0.157630,4.753896,-0.455834,0.41540,10.00
0.157640,4.713282,-0.427035,0.41797,10.00
0.157650,4.674354,-0.391312,0.42054,10.00
0.157660,4.637429,-0.348896,0.42309,10.00
0.157670,4.602773,-0.300070,0.42560,10.00
0.157680,4.570657,-0.245161,0.42805,10.00
0.157690,4.541334,-0.184545,0.43043,10.00
0.157700,4.515098,-0.118642,0.43271,10.00
0.157710,4.492335,-0.047941,0.43487,10.00
0.157720,4.473002,0.027040,0.43690,10.00
0.157730,4.457263,0.105768,0.43879,10.00
0.157740,4.445256,0.187678,0.44053,10.00
0.157750,4.436817,0.272181,0.44209,10.00
0.157760,4.431212,0.358795,0.44354,10.00
0.157770,4.429607,0.446979,0.44480,10.00
0.157780,4.432038,0.536086,0.44586,10.00
0.157790,4.438511,0.625462,0.44671,10.00
0.157800,4.449214,0.714445,0.44734,10.00
0.157810,4.464726,0.802271,0.44769,10.00
0.157820,4.484103,0.888215,0.44782,10.00
0.157830,4.507225,0.971629,0.44771,10.00
0.157840,4.533944,1.051883,0.44738,10.00
0.157850,4.563900,1.128364,0.44681,10.00
0.157860,4.596356,1.200574,0.44607,10.00
0.157870,4.631812,1.268012,0.44510,10.00
0.157880,4.670025,1.330153,0.44393,10.00
0.157890,4.710728,1.386510,0.44254,10.00
0.157900,4.753754,1.436634,0.44096,10.00
0.157910,4.799150,1.480063,0.43917,10.00
0.157920,4.846120,1.516403,0.43720,10.00
0.157930,4.894324,1.545346,0.43507,10.00
0.157940,4.943416,1.566639,0.43279,10.00
0.157950,4.992981,1.580084,0.43039,10.00
0.157960,5.042491,1.585567,0.42789,10.00
0.157970,5.091806,1.583022,0.42529,10.00
0.157980,5.140562,1.572427,0.42263,10.00
0.157990,5.188398,1.553816,0.41990,10.00
0.158000,5.234729,1.527287,0.41715,10.00
0.158010,5.278528,1.493102,0.41444,10.00
0.158020,5.320375,1.451547,0.41173,10.00
0.158030,5.359953,1.402892,0.40906,10.00
0.158040,5.396957,1.347459,0.40643,10.00
0.158050,5.431334,1.285623,0.40387,10.00
0.158060,5.463504,1.217696,0.40134,10.00
0.158070,5.492290,1.144074,0.39892,10.00
0.158080,5.517462,1.065274,0.39662,10.00
0.158090,5.538816,0.981850,0.39446,10.00
0.158100,5.556011,0.894396,0.39246,10.00
0.158110,5.568410,0.803617,0.39067,10.00
0.158120,5.576560,0.710222,0.38908,10.00
0.158130,5.580379,0.614887,0.38768,10.00
0.158140,5.579820,0.518308,0.38651,10.00
0.158150,5.575187,0.421193,0.38556,10.00
0.158160,5.567456,0.324104,0.38475,10.00
0.158170,5.555369,0.227654,0.38419,10.00
0.158180,5.538996,0.132561,0.38387,10.00
0.158190,5.518436,0.039536,0.38379,10.00
0.158200,5.493696,-0.050721,0.38396,10.00
0.158210,5.464567,-0.137469,0.38442,10.00
0.158220,5.431746,-0.220005,0.38512,10.00
0.158230,5.395459,-0.297697,0.38606,10.00
0.158240,5.355958,-0.369945,0.38725,10.00
0.158250,5.313512,-0.436186,0.38866,10.00
0.158260,5.268396,-0.495893,0.39030,10.00
0.158270,5.222241,-0.500000,0.39211,10.00
0.158280,5.176296,-0.500000,0.39400,10.00
0.158290,5.130559,-0.500000,0.39598,10.00
0.158300,5.085045,-0.500000,0.39803,10.00
0.158310,5.039801,-0.500000,0.40016,10.00
0.158320,4.994762,-0.500000,0.40237,10.00
0.158330,4.949927,-0.500000,0.40466,10.00
0.158340,4.905296,-0.500000,0.40703,10.00
0.158350,4.860584,-0.496067,0.40948,10.00
0.158360,4.815004,-0.484596,0.41208,10.00
0.158370,4.770358,-0.465516,0.41473,10.00
0.158380,4.726986,-0.438930,0.41740,10.00
0.158390,4.685218,-0.404996,0.42009,10.00
0.158400,4.645656,-0.363927,0.42276,10.00
0.158410,4.609447,-0.316126,0.42534,10.00
0.158420,4.575744,-0.262004,0.42786,10.00
0.158430,4.544814,-0.201928,0.43030,10.00
0.158440,4.516902,-0.136313,0.43266,10.00
0.158450,4.492204,-0.065617,0.43492,10.00
0.158460,4.470834,0.009677,0.43705,10.00
0.158470,4.453089,0.089045,0.43905,10.00
0.158480,4.439125,0.171920,0.44089,10.00
0.158490,4.429065,0.257706,0.44257,10.00
0.158500,4.423114,0.345782,0.44406,10.00
0.158510,4.421658,0.435456,0.44533,10.00
0.158520,4.424304,0.526037,0.44639,10.00
0.158530,4.431057,0.616859,0.44724,10.00
0.158540,4.441891,0.707251,0.44787,10.00
0.158550,4.456625,0.796539,0.44827,10.00
0.158560,4.474804,0.884116,0.44847,10.00
0.158570,4.496813,0.969364,0.44845,10.00
0.158580,4.522511,1.051638,0.44818,10.00
0.158590,4.551730,1.130315,0.44769,10.00
0.158600,4.584242,1.204790,0.44696,10.00
0.158610,4.619730,1.274507,0.44602,10.00
0.158620,4.658077,1.338933,0.44486,10.00
0.158630,4.699018,1.397564,0.44349,10.00
0.158640,4.742264,1.449933,0.44192,10.00
0.158650,4.787668,1.495621,0.44016,10.00
0.158660,4.835376,1.534177,0.43817,10.00
0.158670,4.884414,1.565227,0.43602,10.00
0.158680,4.934428,1.588502,0.43372,10.00
0.158690,4.985053,1.603787,0.43129,10.00
0.158700,5.035558,1.610928,0.42873,10.00
0.158710,5.084489,1.610002,0.42617,10.00
0.158720,5.132939,1.601092,0.42354,10.00
0.158730,5.180547,1.584221,0.42084,10.00
0.158740,5.226959,1.559471,0.41811,10.00
0.158750,5.271973,1.526985,0.41536,10.00
0.158760,5.315686,1.486891,0.41258,10.00
0.158770,5.357179,1.439400,0.40981,10.00
0.158780,5.396135,1.384823,0.40709,10.00
0.158790,5.432253,1.323527,0.40444,10.00
0.158800,5.465599,1.255931,0.40186,10.00
0.158810,5.496943,1.182335,0.39930,10.00
0.158820,5.524651,1.103141,0.39686,10.00
0.158830,5.548501,1.018906,0.39456,10.00
0.158840,5.568298,0.930227,0.39242,10.00
0.158850,5.583710,0.837736,0.39045,10.00
0.158860,5.594114,0.742178,0.38871,10.00
0.158870,5.600069,0.644297,0.38717,10.00
0.158880,5.601509,0.544805,0.38585,10.00
0.158890,5.598402,0.444431,0.38476,10.00
0.158900,5.590635,0.343912,0.38390,10.00
0.158910,5.577905,0.244046,0.38332,10.00
0.158920,5.560738,0.145612,0.38300,10.00
0.158930,5.539240,0.049348,0.38292,10.00
0.158940,5.513547,-0.044024,0.38311,10.00
0.158950,5.483860,-0.133797,0.38355,10.00
0.158960,5.450469,-0.219303,0.38424,10.00
0.158970,5.413480,-0.299895,0.38518,10.00
0.158980,5.373152,-0.374951,0.38637,10.00
0.158990,5.329766,-0.443886,0.38780,10.00
0.159000,5.283844,-0.500000,0.38946,10.00
0.159010,5.237890,-0.500000,0.39123,10.00
0.159020,5.192143,-0.500000,0.39308,10.00
0.159030,5.146605,-0.500000,0.39501,10.00
0.159040,5.101272,-0.500000,0.39702,10.00
0.159050,5.055893,-0.500000,0.39911,10.00
0.159060,5.009711,-0.500000,0.40135,10.00
0.159070,4.963738,-0.500000,0.40367,10.00
0.159080,4.917973,-0.500000,0.40607,10.00
0.159090,4.872445,-0.498132,0.40855,10.00
0.159100,4.827383,-0.489009,0.41110,10.00
0.159110,4.783072,-0.472366,0.41370,10.00
0.159120,4.739920,-0.448280,0.41634,10.00
0.159130,4.698257,-0.416893,0.41899,10.00
0.159140,4.658401,-0.378399,0.42164,10.00
0.159150,4.620879,-0.333046,0.42426,10.00
0.159160,4.586634,-0.281240,0.42679,10.00
0.159170,4.555062,-0.223402,0.42925,10.00
0.159180,4.526411,-0.159930,0.43162,10.00
0.159190,4.500914,-0.091265,0.43390,10.00
0.159200,4.478669,-0.017889,0.43606,10.00
0.159210,4.459538,0.059731,0.43811,10.00
0.159220,4.444119,0.141077,0.44001,10.00
0.159230,4.432549,0.225566,0.44175,10.00
0.159240,4.424936,0.312587,0.44331,10.00
0.159250,4.421213,0.401509,0.44468,10.00
0.159260,4.420991,0.491754,0.44589,10.00
0.159270,4.424886,0.582707,0.44690,10.00
0.159280,4.432894,0.673697,0.44768,10.00
0.159290,4.444979,0.764051,0.44824,10.00
0.159300,4.461333,0.853095,0.44858,10.00
0.159310,4.482625,0.940039,0.44861,10.00
0.159320,4.507691,1.024144,0.44841,10.00
0.159330,4.536367,1.104773,0.44797,10.00
0.159340,4.568461,1.181309,0.44730,10.00
0.159350,4.603545,1.253164,0.44641,10.00
0.159360,4.640742,1.319882,0.44534,10.00
0.159370,4.680647,1.381011,0.44406,10.00
0.159380,4.722981,1.436069,0.44257,10.00
0.159390,4.767446,1.484614,0.44088,10.00
0.159400,4.814027,1.526254,0.43901,10.00
0.159410,4.863294,1.560497,0.43690,10.00
0.159420,4.913681,1.586954,0.43462,10.00
0.159430,4.964822,1.605386,0.43220,10.00
0.159440,5.016344,1.615615,0.42966,10.00
0.159450,5.067646,1.617521,0.42701,10.00
0.159460,5.117681,1.611155,0.42432,10.00
0.159470,5.166976,1.596592,0.42157,10.00
0.159480,5.215165,1.573897,0.41878,10.00
0.159490,5.261887,1.543194,0.41596,10.00
0.159500,5.306684,1.504668,0.41313,10.00
0.159510,5.348901,1.458615,0.41035,10.00
0.159520,5.388641,1.405370,0.40761,10.00
0.159530,5.425596,1.345288,0.40493,10.00
0.159540,5.459481,1.278779,0.40232,10.00
0.159550,5.490082,1.206302,0.39982,10.00
0.159560,5.517308,1.128336,0.39742,10.00
0.159570,5.540736,1.045413,0.39515,10.00
0.159580,5.560174,0.958122,0.39304,10.00
0.159590,5.575459,0.867085,0.39110,10.00
0.159600,5.586363,0.772957,0.38935,10.00
0.159610,5.592505,0.676463,0.38782,10.00
0.159620,5.594194,0.578335,0.38650,10.00
0.159630,5.591395,0.479292,0.38541,10.00
0.159640,5.584107,0.380062,0.38455,10.00
0.159650,5.572610,0.281378,0.38394,10.00
0.159660,5.557705,0.183854,0.38350,10.00
0.159670,5.538488,0.088139,0.38332,10.00
0.159680,5.515083,-0.005049,0.38339,10.00
0.159690,5.487641,-0.095008,0.38371,10.00
0.159700,5.456345,-0.181054,0.38429,10.00
0.159710,5.421403,-0.262530,0.38512,10.00
0.159720,5.383062,-0.338807,0.38619,10.00
0.159730,5.341590,-0.409295,0.38750,10.00
0.159740,5.297279,-0.473441,0.38904,10.00
0.159750,5.251043,-0.500000,0.39079,10.00
0.159760,5.205103,-0.500000,0.39262,10.00
0.159770,5.159372,-0.500000,0.39453,10.00
0.159780,5.113849,-0.500000,0.39653,10.00
0.159790,5.068532,-0.500000,0.39861,10.00
0.159800,5.023347,-0.500000,0.40076,10.00
0.159810,4.978077,-0.500000,0.40302,10.00
0.159820,4.933012,-0.500000,0.40535,10.00
0.159830,4.888158,-0.499452,0.40777,10.00
0.159840,4.843677,-0.492890,0.41026,10.00
0.159850,4.799604,-0.478924,0.41280,10.00
0.159860,4.755390,-0.457478,0.41546,10.00
0.159870,4.712553,-0.428576,0.41814,10.00
0.159880,4.671422,-0.392396,0.42082,10.00
0.159890,4.632311,-0.349167,0.42349,10.00
0.159900,4.595657,-0.299172,0.42612,10.00
0.159910,4.562140,-0.242812,0.42866,10.00
0.159920,4.531495,-0.180514,0.43112,10.00
0.159930,4.503968,-0.112707,0.43349,10.00
0.159940,4.479781,-0.039867,0.43574,10.00
0.159950,4.459296,0.037493,0.43787,10.00
0.159960,4.443167,0.118746,0.43981,10.00
0.159970,4.430888,0.203257,0.44159,10.00
0.159980,4.422575,0.290418,0.44319,10.00
0.159990,4.418310,0.379595,0.44460,10.00
0.160000,4.418070,0.470139,0.44581,10.00
0.160010,4.421636,0.561424,0.44684,10.00
0.160020,4.429332,0.652805,0.44765,10.00
0.160030,4.441126,0.743604,0.44823,10.00
0.160040,4.456955,0.833146,0.44858,10.00
0.160050,4.476624,0.920760,0.44871,10.00
0.160060,4.499715,1.005835,0.44862,10.00
0.160070,4.526477,1.087759,0.44830,10.00
0.160080,4.556734,1.165908,0.44774,10.00
0.160090,4.590282,1.239684,0.44695,10.00
0.160100,4.627007,1.308516,0.44594,10.00
0.160110,4.666993,1.371815,0.44469,10.00
0.160120,4.709506,1.429044,0.44322,10.00
0.160130,4.754247,1.479748,0.44155,10.00
0.160140,4.800897,1.523517,0.43969,10.00
0.160150,4.849164,1.559990,0.43765,10.00
0.160160,4.898820,1.588838,0.43544,10.00
0.160170,4.949345,1.609796,0.43308,10.00
0.160180,5.000372,1.622665,0.43060,10.00
0.160190,5.051528,1.627308,0.42800,10.00
0.160200,5.102500,1.623647,0.42530,10.00
0.160210,5.153100,1.611634,0.42252,10.00
0.160220,5.202698,1.591295,0.41968,10.00
0.160230,5.250924,1.562734,0.41681,10.00
0.160240,5.297415,1.526121,0.41393,10.00
0.160250,5.341792,1.481684,0.41106,10.00
0.160260,5.383634,1.429724,0.40822,10.00
0.160270,5.422732,1.370595,0.40544,10.00
0.160280,5.458784,1.304697,0.40273,10.00
0.160290,5.491509,1.232482,0.40011,10.00
0.160300,5.520619,1.154451,0.39761,10.00
0.160310,5.545796,1.071166,0.39525,10.00
0.160320,5.566950,0.983224,0.39305,10.00
0.160330,5.583907,0.891252,0.39101,10.00
0.160340,5.596519,0.795910,0.38915,10.00
0.160350,5.604707,0.697886,0.38750,10.00
0.160360,5.608493,0.597874,0.38605,10.00
0.160370,5.607686,0.496593,0.38483,10.00
0.160380,5.602271,0.394787,0.38384,10.00
0.160390,5.592264,0.293205,0.38310,10.00
0.160400,5.577664,0.192602,0.38261,10.00
0.160410,5.558397,0.093752,0.38239,10.00
0.160420,5.534798,-0.002585,0.38243,10.00
0.160430,5.507021,-0.095685,0.38273,10.00
0.160440,5.475251,-0.184840,0.38329,10.00
0.160450,5.439589,-0.269370,0.38410,10.00
0.160460,5.399939,-0.348571,0.38520,10.00
0.160470,5.357037,-0.421790,0.38655,10.00
0.160480,5.311184,-0.488456,0.38814,10.00
0.160490,5.263831,-0.500000,0.38992,10.00
0.160500,5.216974,-0.500000,0.39179,10.00
0.160510,5.171453,-0.500000,0.39367,10.00
0.160520,5.126138,-0.500000,0.39563,10.00
0.160530,5.081028,-0.500000,0.39767,10.00
0.160540,5.036124,-0.500000,0.39979,10.00
0.160550,4.991205,-0.500000,0.40199,10.00
0.160560,4.945620,-0.500000,0.40433,10.00
0.160570,4.900242,-0.500000,0.40674,10.00
0.160580,4.855156,-0.495842,0.40924,10.00
0.160590,4.810668,-0.484192,0.41179,10.00
0.160600,4.767249,-0.465098,0.41440,10.00
0.160610,4.725638,-0.438730,0.41699,10.00
0.160620,4.685606,-0.405288,0.41959,10.00
0.160630,4.647460,-0.364986,0.42218,10.00
0.160640,4.611496,-0.318085,0.42473,10.00
0.160650,4.577951,-0.264899,0.42724,10.00
0.160660,4.546952,-0.205768,0.42968,10.00
0.160670,4.518929,-0.141085,0.43205,10.00
0.160680,4.494108,-0.071301,0.43430,10.00
0.160690,4.472694,0.003095,0.43644,10.00
0.160700,4.454881,0.081573,0.43843,10.00
0.160710,4.440866,0.163568,0.44028,10.00
0.160720,4.430716,0.248484,0.44195,10.00
0.160730,4.424531,0.335708,0.44344,10.00
0.160740,4.422379,0.424604,0.44474,10.00
0.160750,4.424483,0.514523,0.44584,10.00
0.160760,4.431396,0.604716,0.44668,10.00
0.160770,4.442359,0.694456,0.44731,10.00
0.160780,4.457317,0.783076,0.44770,10.00
0.160790,4.476182,0.869914,0.44787,10.00
0.160800,4.498571,0.954316,0.44780,10.00
0.160810,4.523552,1.035772,0.44757,10.00
0.160820,4.552022,1.113747,0.44711,10.00
0.160830,4.583792,1.187646,0.44643,10.00
0.160840,4.618646,1.256899,0.44552,10.00
0.160850,4.656448,1.320969,0.44440,10.00
0.160860,4.697244,1.379304,0.44304,10.00
0.160870,4.740334,1.431408,0.44147,10.00
0.160880,4.785412,1.476861,0.43972,10.00
0.160890,4.832158,1.515292,0.43779,10.00
0.160900,4.880307,1.546379,0.43570,10.00
0.160910,4.929718,1.569820,0.43344,10.00
0.160920,4.979754,1.585377,0.43104,10.00
0.160930,5.030051,1.592893,0.42853,10.00
0.160940,5.080239,1.592271,0.42591,10.00
0.160950,5.129669,1.583472,0.42322,10.00
0.160960,5.177144,1.566651,0.42054,10.00
0.160970,5.223426,1.541982,0.41782,10.00
0.160980,5.268168,1.509604,0.41509,10.00
0.160990,5.311032,1.469717,0.41235,10.00
0.161000,5.351629,1.422577,0.40964,10.00
0.161010,5.389452,1.368526,0.40699,10.00
0.161020,5.424472,1.307948,0.40440,10.00
0.161030,5.456417,1.241258,0.40190,10.00
0.161040,5.485035,1.168916,0.39950,10.00
0.161050,5.510408,1.091429,0.39721,10.00
0.161060,5.533255,1.009194,0.39499,10.00
0.161070,5.552149,0.922695,0.39293,10.00
0.161080,5.566931,0.832550,0.39103,10.00
0.161090,5.577472,0.739407,0.38932,10.00
0.161100,5.583841,0.643940,0.38780,10.00
0.161110,5.586472,0.546762,0.38646,10.00
0.161120,5.584651,0.448529,0.38533,10.00
0.161130,5.578370,0.349963,0.38443,10.00
0.161140,5.567653,0.251792,0.38378,10.00
0.161150,5.552152,0.154743,0.38336,10.00
0.161160,5.530750,0.059738,0.38330,10.00
0.161170,5.505210,-0.032379,0.38350,10.00
0.161180,5.475702,-0.120913,0.38395,10.00
0.161190,5.442425,-0.205187,0.38465,10.00
0.161200,5.405675,-0.284556,0.38560,10.00
0.161210,5.365911,-0.358441,0.38678,10.00
0.161220,5.323138,-0.426287,0.38819,10.00
0.161230,5.277657,-0.487561,0.38983,10.00
0.161240,5.230742,-0.500000,0.39165,10.00
0.161250,5.184017,-0.500000,0.39356,10.00
0.161260,5.137449,-0.500000,0.39556,10.00
0.161270,5.091093,-0.500000,0.39765,10.00
0.161280,5.044947,-0.500000,0.39981,10.00
0.161290,4.999010,-0.500000,0.40206,10.00
0.161300,4.953503,-0.500000,0.40438,10.00
0.161310,4.909083,-0.500000,0.40674,10.00
0.161320,4.864925,-0.496819,0.40916,10.00
0.161330,4.821312,-0.486309,0.41166,10.00
0.161340,4.778572,-0.468512,0.41420,10.00
0.161350,4.736922,-0.443520,0.41676,10.00
0.161360,4.696361,-0.411432,0.41937,10.00
0.161370,4.657629,-0.372413,0.42196,10.00
0.161380,4.621026,-0.326716,0.42453,10.00
0.161390,4.586838,-0.274647,0.42705,10.00
0.161400,4.555308,-0.216557,0.42950,10.00
0.161410,4.526617,-0.152835,0.43188,10.00
0.161420,4.501090,-0.083915,0.43416,10.00
0.161430,4.478937,-0.010282,0.43631,10.00
0.161440,4.460341,0.067543,0.43834,10.00
0.161450,4.445594,0.149006,0.44021,10.00
0.161460,4.435226,0.233456,0.44189,10.00
0.161470,4.428803,0.320242,0.44338,10.00
0.161480,4.426395,0.408732,0.44469,10.00
0.161490,4.428044,0.498279,0.44579,10.00
0.161500,4.433828,0.588224,0.44669,10.00
0.161510,4.443929,0.677872,0.44735,10.00
0.161520,4.458028,0.766534,0.44779,10.00
0.161530,4.476043,0.853548,0.44799,10.00
0.161540,4.497863,0.938261,0.44797,10.00
0.161550,4.522988,1.020032,0.44772,10.00
0.161560,4.550172,1.098415,0.44733,10.00
0.161570,4.580685,1.172927,0.44671,10.00
0.161580,4.614322,1.242997,0.44587,10.00
0.161590,4.650851,1.308080,0.44481,10.00
0.161600,4.690226,1.367670,0.44355,10.00
0.161610,4.732782,1.421196,0.44203,10.00
0.161620,4.777397,1.468163,0.44031,10.00
0.161630,4.823753,1.508189,0.43842,10.00
0.161640,4.871517,1.540941,0.43636,10.00
0.161650,4.920416,1.566138,0.43415,10.00
0.161660,4.970301,1.583518,0.43178,10.00
0.161670,5.020531,1.592891,0.42929,10.00
0.161680,5.070738,1.594143,0.42669,10.00
0.161690,5.120551,1.587224,0.42402,10.00
0.161700,5.169384,1.572140,0.42127,10.00
0.161710,5.216224,1.549065,0.41854,10.00
0.161720,5.261591,1.518198,0.41579,10.00
0.161730,5.305144,1.479726,0.41303,10.00
0.161740,5.346553,1.433894,0.41030,10.00
0.161750,5.385671,1.381003,0.40760,10.00
0.161760,5.422708,1.321324,0.40492,10.00
0.161770,5.456693,1.255208,0.40231,10.00
0.161780,5.487359,1.183111,0.39981,10.00
0.161790,5.514463,1.105535,0.39742,10.00
0.161800,5.537713,1.023026,0.39517,10.00
0.161810,5.556692,0.936204,0.39308,10.00
0.161820,5.571544,0.845715,0.39117,10.00
0.161830,5.582138,0.752208,0.38945,10.00
0.161840,5.588375,0.656360,0.38792,10.00
0.161850,5.590588,0.558868,0.38661,10.00
0.161860,5.589931,0.460253,0.38542,10.00
0.161870,5.584786,0.361109,0.38445,10.00
0.161880,5.575168,0.262169,0.38373,10.00
0.161890,5.561128,0.164164,0.38324,10.00
0.161900,5.542169,0.067826,0.38301,10.00
0.161910,5.516681,-0.025844,0.38318,10.00
0.161920,5.487153,-0.115953,0.38361,10.00
0.161930,5.453783,-0.201816,0.38429,10.00
0.161940,5.416801,-0.282773,0.38522,10.00
0.161950,5.376597,-0.358201,0.38641,10.00
0.161960,5.333857,-0.427577,0.38780,10.00
0.161970,5.288340,-0.490399,0.38941,10.00
0.161980,5.241480,-0.500000,0.39121,10.00
0.161990,5.194832,-0.500000,0.39310,10.00
0.162000,5.148503,-0.500000,0.39507,10.00
0.162010,5.102816,-0.500000,0.39710,10.00
0.162020,5.057335,-0.500000,0.39921,10.00
0.162030,5.012061,-0.500000,0.40139,10.00
0.162040,4.966993,-0.500000,0.40366,10.00
0.162050,4.922135,-0.500000,0.40601,10.00
0.162060,4.877530,-0.498502,0.40843,10.00
0.162070,4.833375,-0.490094,0.41093,10.00
0.162080,4.790003,-0.474325,0.41347,10.00
0.162090,4.747742,-0.451273,0.41605,10.00
0.162100,4.706977,-0.421071,0.41865,10.00
0.162110,4.668212,-0.383937,0.42122,10.00
0.162120,4.631490,-0.340131,0.42377,10.00
0.162130,4.597098,-0.289942,0.42628,10.00
0.162140,4.565304,-0.233711,0.42873,10.00
0.162150,4.536381,-0.171822,0.43110,10.00
0.162160,4.510619,-0.104714,0.43337,10.00
0.162170,4.488150,-0.032864,0.43552,10.00
0.162180,4.469160,0.043221,0.43755,10.00
0.162190,4.453811,0.122998,0.43943,10.00
0.162200,4.442330,0.205896,0.44115,10.00
0.162210,4.435101,0.291272,0.44267,10.00
0.162220,4.431830,0.378476,0.44400,10.00
0.162230,4.432565,0.466872,0.44514,10.00
0.162240,4.437325,0.555810,0.44608,10.00
0.162250,4.445691,0.644634,0.44680,10.00
0.162260,4.456408,0.732882,0.44740,10.00
0.162270,4.471054,0.820028,0.44779,10.00
0.162280,4.489541,0.905419,0.44794,10.00
0.162290,4.511757,0.988414,0.44787,10.00
0.162300,4.537815,1.068385,0.44757,10.00
0.162310,4.568317,1.144599,0.44698,10.00
0.162320,4.602020,1.216387,0.44617,10.00
0.162330,4.638694,1.283196,0.44513,10.00
0.162340,4.678085,1.344503,0.44388,10.00
0.162350,4.719989,1.399824,0.44242,10.00
0.162360,4.764328,1.448685,0.44075,10.00
0.162370,4.810497,1.490664,0.43889,10.00
0.162380,4.858165,1.525415,0.43686,10.00
0.162390,4.906989,1.552642,0.43467,10.00
0.162400,4.956468,1.572104,0.43235,10.00
0.162410,5.005796,1.583687,0.42993,10.00
0.162420,5.055210,1.587311,0.42741,10.00
0.162430,5.104345,1.582907,0.42480,10.00
0.162440,5.152839,1.570466,0.42212,10.00
0.162450,5.200497,1.550037,0.41939,10.00
0.162460,5.247464,1.521649,0.41659,10.00
0.162470,5.292715,1.485415,0.41377,10.00
0.162480,5.335909,1.441564,0.41097,10.00
0.162490,5.376716,1.390378,0.40820,10.00
0.162500,5.414573,1.332198,0.40548,10.00
0.162510,5.448439,1.267539,0.40290,10.00
0.162520,5.479055,1.196926,0.40041,10.00
0.162530,5.506177,1.120850,0.39804,10.00
0.162540,5.529588,1.039846,0.39580,10.00
0.162550,5.549094,0.954488,0.39371,10.00
0.162560,5.564524,0.865385,0.39179,10.00
0.162570,5.575756,0.773178,0.39005,10.00
0.162580,5.582683,0.678534,0.38850,10.00
0.162590,5.585235,0.582140,0.38716,10.00
0.162600,5.583428,0.484701,0.38604,10.00
0.162610,5.577425,0.386905,0.38513,10.00
0.162620,5.567019,0.289455,0.38446,10.00
0.162630,5.552265,0.193074,0.38403,10.00
0.162640,5.533251,0.098482,0.38385,10.00
0.162650,5.510007,0.006389,0.38392,10.00
0.162660,5.482417,-0.082469,0.38426,10.00
0.162670,5.451025,-0.167386,0.38485,10.00
0.162680,5.416045,-0.247715,0.38569,10.00
0.162690,5.377720,-0.322835,0.38677,10.00
0.162700,5.336359,-0.392165,0.38809,10.00
0.162710,5.292388,-0.455181,0.38962,10.00
0.162720,5.246051,-0.500000,0.39138,10.00
0.162730,5.199337,-0.500000,0.39326,10.00
0.162740,5.152836,-0.500000,0.39522,10.00
0.162750,5.106389,-0.500000,0.39727,10.00
0.162760,5.059531,-0.500000,0.39944,10.00
0.162770,5.012886,-0.500000,0.40169,10.00
0.162780,4.966453,-0.500000,0.40403,10.00
0.162790,4.920230,-0.500000,0.40645,10.00
0.162800,4.874492,-0.497916,0.40895,10.00
0.162810,4.830215,-0.488581,0.41145,10.00
0.162820,4.786764,-0.471864,0.41401,10.00
0.162830,4.744468,-0.447852,0.41660,10.00
0.162840,4.703648,-0.416684,0.41920,10.00
0.162850,4.664520,-0.378554,0.42179,10.00
0.162860,4.627090,-0.333662,0.42439,10.00
0.162870,4.592046,-0.282273,0.42694,10.00
0.162880,4.559661,-0.224735,0.42943,10.00
0.162890,4.530192,-0.161442,0.43184,10.00
0.162900,4.503978,-0.092833,0.43415,10.00
0.162910,4.481541,-0.019438,0.43631,10.00
0.162920,4.462653,0.058189,0.43835,10.00
0.162930,4.447476,0.139496,0.44023,10.00
0.162940,4.436143,0.223899,0.44195,10.00
0.162950,4.428717,0.310790,0.44349,10.00
0.162960,4.425148,0.399556,0.44486,10.00
0.162970,4.425659,0.489566,0.44602,10.00
0.162980,4.430269,0.580158,0.44698,10.00
0.162990,4.438969,0.670663,0.44772,10.00
0.163000,4.451738,0.760411,0.44823,10.00
0.163010,4.468566,0.848723,0.44852,10.00
0.163020,4.489269,0.934930,0.44857,10.00
0.163030,4.513716,1.018382,0.44838,10.00
0.163040,4.541750,1.098447,0.44797,10.00
0.163050,4.573189,1.174513,0.44732,10.00
0.163060,4.607843,1.245992,0.44645,10.00
0.163070,4.645445,1.312327,0.44535,10.00
0.163080,4.685734,1.373001,0.44404,10.00
0.163090,4.728427,1.427533,0.44252,10.00
0.163100,4.773133,1.475487,0.44081,10.00
0.163110,4.819268,1.516517,0.43893,10.00
0.163120,4.866858,1.550311,0.43689,10.00
0.163130,4.915562,1.576579,0.43469,10.00
0.163140,4.965027,1.595089,0.43236,10.00
0.163150,5.014788,1.605661,0.42990,10.00
0.163160,5.064177,1.608224,0.42736,10.00
0.163170,5.113239,1.602751,0.42473,10.00
0.163180,5.161610,1.589240,0.42204,10.00
0.163190,5.208932,1.567747,0.41930,10.00
0.163200,5.254922,1.538391,0.41653,10.00
0.163210,5.299449,1.501311,0.41374,10.00
0.163220,5.341886,1.456719,0.41096,10.00
0.163230,5.381909,1.404905,0.40822,10.00
0.163240,5.419211,1.346214,0.40553,10.00
0.163250,5.453670,1.281046,0.40292,10.00
0.163260,5.485510,1.209767,0.40036,10.00
0.163270,5.513815,1.132820,0.39792,10.00
0.163280,5.538359,1.050745,0.39560,10.00
0.163290,5.558942,0.964123,0.39344,10.00
0.163300,5.575210,0.873571,0.39144,10.00
0.163310,5.586481,0.779825,0.38968,10.00
0.163320,5.593377,0.683623,0.38811,10.00
0.163330,5.595827,0.585662,0.38675,10.00
0.163340,5.593790,0.486659,0.38562,10.00
0.163350,5.587414,0.387342,0.38472,10.00
0.163360,5.577183,0.288369,0.38402,10.00
0.163370,5.562534,0.190425,0.38356,10.00
0.163380,5.543552,0.094241,0.38336,10.00
0.163390,5.520357,0.000539,0.38341,10.00
0.163400,5.492933,-0.089977,0.38371,10.00
0.163410,5.460963,-0.176537,0.38431,10.00
0.163420,5.425336,-0.258427,0.38516,10.00
0.163430,5.386297,-0.335016,0.38626,10.00
0.163440,5.344118,-0.405709,0.38760,10.00
0.163450,5.299158,-0.469953,0.38917,10.00
0.163460,5.252359,-0.500000,0.39094,10.00
0.163470,5.205553,-0.500000,0.39281,10.00
0.163480,5.158959,-0.500000,0.39477,10.00
0.163490,5.112576,-0.500000,0.39681,10.00
0.163500,5.066591,-0.500000,0.39893,10.00
0.163510,5.021560,-0.500000,0.40109,10.00
0.163520,4.976734,-0.500000,0.40333,10.00
0.163530,4.932111,-0.500000,0.40564,10.00
0.163540,4.887699,-0.499299,0.40804,10.00
0.163550,4.843581,-0.492404,0.41050,10.00
0.163560,4.799812,-0.478135,0.41305,10.00
0.163570,4.757089,-0.456533,0.41563,10.00
0.163580,4.715737,-0.427718,0.41823,10.00
0.163590,4.676072,-0.391867,0.42083,10.00
0.163600,4.638226,-0.349210,0.42342,10.00
0.163610,4.601971,-0.299942,0.42601,10.00
0.163620,4.568289,-0.244339,0.42854,10.00
0.163630,4.537447,-0.182781,0.43100,10.00
0.163640,4.509689,-0.115691,0.43337,10.00
0.163650,4.485364,-0.043539,0.43563,10.00
0.163660,4.465032,0.033109,0.43772,10.00
0.163670,4.448379,0.113668,0.43968,10.00
0.163680,4.435549,0.197562,0.44147,10.00
0.163690,4.426661,0.284187,0.44309,10.00
0.163700,4.421956,0.372914,0.44453,10.00
0.163710,4.421948,0.463024,0.44573,10.00
0.163720,4.426049,0.553806,0.44672,10.00
0.163730,4.434254,0.644593,0.44749,10.00
0.163740,4.446524,0.734709,0.44804,10.00
0.163750,4.462714,0.823485,0.44836,10.00
0.163760,4.482487,0.910293,0.44847,10.00
0.163770,4.506041,0.994507,0.44834,10.00
0.163780,4.533223,1.075487,0.44799,10.00
0.163790,4.563853,1.152617,0.44740,10.00
0.163800,4.597645,1.225305,0.44658,10.00
0.163810,4.634127,1.293028,0.44556,10.00
0.163820,4.673368,1.355283,0.44433,10.00
0.163830,4.715096,1.411581,0.44289,10.00
0.163840,4.759016,1.461473,0.44125,10.00
0.163850,4.804982,1.504555,0.43942,10.00
0.163860,4.853161,1.540392,0.43738,10.00
0.163870,4.902541,1.568628,0.43517,10.00
0.163880,4.952765,1.589012,0.43282,10.00
0.163890,5.003467,1.601352,0.43035,10.00
0.163900,5.053945,1.605515,0.42776,10.00
0.163910,5.102835,1.601586,0.42516,10.00
0.163920,5.151107,1.589658,0.42250,10.00
0.163930,5.198402,1.569778,0.41978,10.00
0.163940,5.244366,1.542051,0.41703,10.00
0.163950,5.288883,1.506640,0.41428,10.00
0.163960,5.332300,1.463657,0.41147,10.00
0.163970,5.373368,1.413306,0.40869,10.00
0.163980,5.411772,1.355921,0.40597,10.00
0.163990,5.447215,1.291891,0.40331,10.00
0.164000,5.479528,1.221653,0.40075,10.00
0.164010,5.508774,1.145643,0.39827,10.00
0.164020,5.534293,1.064361,0.39592,10.00
0.164030,5.555877,0.978380,0.39371,10.00
0.164040,5.573349,0.888311,0.39167,10.00
0.164050,5.586624,0.794800,0.38981,10.00
0.164060,5.595778,0.698489,0.38812,10.00
0.164070,5.600460,0.600057,0.38665,10.00
0.164080,5.600614,0.500219,0.38539,10.00
0.164090,5.596216,0.399708,0.38437,10.00
0.164100,5.587049,0.299265,0.38358,10.00
0.164110,5.572477,0.199743,0.38311,10.00
0.164120,5.553501,0.101956,0.38288,10.00
0.164130,5.530239,0.006639,0.38291,10.00
0.164140,5.502842,-0.085491,0.38320,10.00
0.164150,5.471501,-0.173735,0.38375,10.00
0.164160,5.436452,-0.257424,0.38455,10.00
0.164170,5.397904,-0.335915,0.38560,10.00
0.164180,5.356126,-0.408602,0.38690,10.00
0.164190,5.311411,-0.474916,0.38843,10.00
0.164200,5.264592,-0.500000,0.39017,10.00
0.164210,5.217431,-0.500000,0.39204,10.00
0.164220,5.170484,-0.500000,0.39399,10.00
0.164230,5.123750,-0.500000,0.39602,10.00
0.164240,5.077229,-0.500000,0.39814,10.00
0.164250,5.031181,-0.500000,0.40034,10.00
0.164260,4.986392,-0.500000,0.40256,10.00
0.164270,4.941806,-0.500000,0.40485,10.00
0.164280,4.897423,-0.499892,0.40722,10.00
0.164290,4.853353,-0.494951,0.40967,10.00
0.164300,4.809593,-0.482682,0.41218,10.00
0.164310,4.765533,-0.462987,0.41481,10.00
0.164320,4.722769,-0.435872,0.41747,10.00
0.164330,4.681628,-0.401500,0.42013,10.00
0.164340,4.642425,-0.360087,0.42278,10.00
0.164350,4.605711,-0.311905,0.42539,10.00
0.164360,4.572506,-0.257393,0.42790,10.00
0.164370,4.542086,-0.197003,0.43033,10.00
0.164380,4.514694,-0.131151,0.43266,10.00
0.164390,4.490553,-0.060297,0.43490,10.00
0.164400,4.469622,0.015060,0.43700,10.00
0.164410,4.451364,0.094499,0.43903,10.00
0.164420,4.436894,0.177531,0.44090,10.00
0.164430,4.426341,0.263558,0.44260,10.00
0.164440,4.419805,0.351958,0.44412,10.00
0.164450,4.417438,0.442089,0.44545,10.00
0.164460,4.419510,0.533254,0.44655,10.00
0.164470,4.425721,0.624758,0.44744,10.00
0.164480,4.436049,0.715925,0.44810,10.00
0.164490,4.450441,0.806077,0.44854,10.00
0.164500,4.468885,0.894541,0.44875,10.00
0.164510,4.491476,0.980618,0.44870,10.00
0.164520,4.517789,1.063636,0.44842,10.00
0.164530,4.547651,1.142962,0.44790,10.00
0.164540,4.580861,1.217991,0.44715,10.00
0.164550,4.616997,1.288142,0.44617,10.00
0.164560,4.655221,1.352966,0.44503,10.00
0.164570,4.696057,1.412018,0.44367,10.00
0.164580,4.739218,1.464830,0.44210,10.00
0.164590,4.784400,1.510977,0.44035,10.00
0.164600,4.831456,1.550082,0.43842,10.00
0.164610,4.880571,1.581734,0.43627,10.00
0.164620,4.930689,1.605603,0.43397,10.00
0.164630,4.981444,1.621470,0.43154,10.00
0.164640,5.032468,1.629176,0.42898,10.00
0.164650,5.083356,1.628620,0.42633,10.00
0.164660,5.133647,1.619776,0.42360,10.00
0.164670,5.183084,1.602676,0.42081,10.00
0.164680,5.231298,1.577403,0.41798,10.00
0.164690,5.277926,1.544100,0.41513,10.00
0.164700,5.322733,1.502971,0.41229,10.00
0.164710,5.365718,1.454225,0.40943,10.00
0.164720,5.406095,1.398145,0.40662,10.00
0.164730,5.443554,1.335109,0.40388,10.00
0.164740,5.477803,1.265545,0.40122,10.00
0.164750,5.508293,1.189935,0.39866,10.00
0.164760,5.533941,1.108942,0.39630,10.00
0.164770,5.555668,1.023227,0.39409,10.00
0.164780,5.573292,0.933401,0.39204,10.00
0.164790,5.586664,0.840107,0.39017,10.00
0.164800,5.595782,0.744017,0.38850,10.00
0.164810,5.600908,0.645771,0.38700,10.00
0.164820,5.601510,0.546046,0.38572,10.00
0.164830,5.597562,0.445575,0.38467,10.00
0.164840,5.589070,0.345095,0.38386,10.00
0.164850,5.576088,0.245351,0.38330,10.00
0.164860,5.558730,0.147080,0.38298,10.00
0.164870,5.537050,0.051010,0.38292,10.00
0.164880,5.511186,-0.042134,0.38312,10.00
0.164890,5.481309,-0.131648,0.38358,10.00
0.164900,5.447479,-0.216850,0.38429,10.00
0.164910,5.409499,-0.297018,0.38529,10.00
0.164920,5.368206,-0.371486,0.38653,10.00
0.164930,5.323892,-0.439674,0.38802,10.00
0.164940,5.276878,-0.500000,0.38973,10.00
0.164950,5.229294,-0.500000,0.39161,10.00
0.164960,5.182992,-0.500000,0.39351,10.00
0.164970,5.136899,-0.500000,0.39549,10.00
0.164980,5.091016,-0.500000,0.39755,10.00
0.164990,5.045341,-0.500000,0.39969,10.00
0.165000,5.000032,-0.500000,0.40191,10.00
0.165010,4.955563,-0.500000,0.40417,10.00
0.165020,4.911295,-0.500000,0.40651,10.00
0.165030,4.867277,-0.497277,0.40892,10.00
0.165040,4.823779,-0.487299,0.41141,10.00
0.165050,4.781174,-0.470053,0.41394,10.00
0.165060,4.739918,-0.445651,0.41648,10.00
0.165070,4.700148,-0.414251,0.41904,10.00
0.165080,4.662170,-0.376051,0.42159,10.00
0.165090,4.626276,-0.331297,0.42411,10.00
0.165100,4.592509,-0.280288,0.42658,10.00
0.165110,4.560424,-0.223255,0.42906,10.00
0.165120,4.531230,-0.160513,0.43145,10.00
0.165130,4.505160,-0.092496,0.43374,10.00
0.165140,4.482427,-0.019683,0.43592,10.00
0.165150,4.463132,0.057414,0.43797,10.00
0.165160,4.447177,0.138286,0.43989,10.00
0.165170,4.435054,0.222382,0.44165,10.00
0.165180,4.426875,0.309095,0.44324,10.00
0.165190,4.422724,0.397798,0.44464,10.00
0.165200,4.422763,0.487842,0.44584,10.00
0.165210,4.427341,0.578515,0.44680,10.00
0.165220,4.436012,0.669114,0.44755,10.00
0.165230,4.448737,0.758966,0.44807,10.00
0.165240,4.465444,0.847401,0.44836,10.00
0.165250,4.485944,0.933758,0.44843,10.00
0.165260,4.509837,1.017427,0.44828,10.00
0.165270,4.537330,1.097805,0.44790,10.00
0.165280,4.568242,1.174279,0.44729,10.00
0.165290,4.602363,1.246260,0.44645,10.00
0.165300,4.639475,1.313192,0.44539,10.00
0.165310,4.679367,1.374544,0.44411,10.00
0.165320,4.721699,1.429828,0.44262,10.00
0.165330,4.766171,1.478602,0.44094,10.00
0.165340,4.812468,1.520471,0.43908,10.00
0.165350,4.860407,1.555086,0.43704,10.00
0.165360,4.910085,1.582083,0.43480,10.00
0.165370,4.960549,1.601173,0.43242,10.00
0.165380,5.011430,1.612172,0.42992,10.00
0.165390,5.062355,1.614957,0.42731,10.00
0.165400,5.113053,1.609463,0.42461,10.00
0.165410,5.163454,1.595638,0.42182,10.00
0.165420,5.212773,1.573506,0.41897,10.00
0.165430,5.260639,1.543189,0.41610,10.00
0.165440,5.306695,1.504867,0.41322,10.00
0.165450,5.350314,1.458782,0.41035,10.00
0.165460,5.390343,1.405366,0.40759,10.00
0.165470,5.427578,1.345065,0.40489,10.00
0.165480,5.461730,1.278290,0.40227,10.00
0.165490,5.492531,1.205500,0.39974,10.00
0.165500,5.520063,1.127202,0.39734,10.00
0.165510,5.545071,1.043792,0.39499,10.00
0.165520,5.566054,0.955754,0.39279,10.00
0.165530,5.582835,0.863717,0.39076,10.00
0.165540,5.595270,0.768341,0.38892,10.00
0.165550,5.603119,0.670313,0.38728,10.00
0.165560,5.605917,0.570409,0.38588,10.00
0.165570,5.604137,0.469398,0.38472,10.00
0.165580,5.597769,0.368022,0.38378,10.00
0.165590,5.586838,0.267031,0.38310,10.00
0.165600,5.571270,0.167173,0.38266,10.00
0.165610,5.550764,0.069258,0.38252,10.00
0.165620,5.525980,-0.025937,0.38263,10.00
0.165630,5.497081,-0.117693,0.38301,10.00
0.165640,5.464260,-0.205313,0.38364,10.00
0.165650,5.427901,-0.288127,0.38453,10.00
0.165660,5.388734,-0.365573,0.38563,10.00
0.165670,5.346390,-0.437103,0.38697,10.00
0.165680,5.301186,-0.500000,0.38855,10.00
0.165690,5.255111,-0.500000,0.39029,10.00
0.165700,5.209103,-0.500000,0.39211,10.00
0.165710,5.162738,-0.500000,0.39405,10.00
0.165720,5.116584,-0.500000,0.39607,10.00
0.165730,5.070638,-0.500000,0.39818,10.00
0.165740,5.024901,-0.500000,0.40036,10.00
0.165750,4.979439,-0.500000,0.40263,10.00
0.165760,4.934447,-0.500000,0.40495,10.00
0.165770,4.889662,-0.499705,0.40736,10.00
0.165780,4.845226,-0.493784,0.40985,10.00
0.165790,4.801461,-0.480464,0.41239,10.00
0.165800,4.758664,-0.459808,0.41497,10.00
0.165810,4.717054,-0.431912,0.41758,10.00
0.165820,4.677092,-0.396935,0.42019,10.00
0.165830,4.639086,-0.355099,0.42279,10.00
0.165840,4.603331,-0.306680,0.42535,10.00
0.165850,4.570161,-0.252002,0.42786,10.00
0.165860,4.539999,-0.191463,0.43028,10.00
0.165870,4.512869,-0.125500,0.43261,10.00
0.165880,4.488993,-0.054573,0.43483,10.00
0.165890,4.468567,0.020818,0.43693,10.00
0.165900,4.451608,0.100136,0.43888,10.00
0.165910,4.437800,0.182890,0.44072,10.00
0.165920,4.427890,0.268535,0.44239,10.00
0.165930,4.421975,0.356449,0.44387,10.00
0.165940,4.420123,0.445994,0.44516,10.00
0.165950,4.422384,0.536514,0.44625,10.00
0.165960,4.428809,0.627336,0.44712,10.00
0.165970,4.439317,0.717786,0.44777,10.00
0.165980,4.453856,0.807190,0.44820,10.00
0.165990,4.472340,0.894879,0.44839,10.00
0.166000,4.494620,0.980196,0.44835,10.00
0.166010,4.520437,1.062514,0.44808,10.00
0.166020,4.549777,1.141219,0.44759,10.00
0.166030,4.582441,1.215709,0.44686,10.00
0.166040,4.618209,1.285409,0.44591,10.00
0.166050,4.656592,1.349778,0.44474,10.00
0.166060,4.696603,1.408427,0.44342,10.00
0.166070,4.738929,1.460968,0.44190,10.00
0.166080,4.783271,1.506981,0.44019,10.00
0.166090,4.829312,1.546090,0.43830,10.00
0.166100,4.877265,1.577968,0.43624,10.00
0.166110,4.928402,1.602081,0.43390,10.00
0.166120,4.980179,1.618033,0.43142,10.00
0.166130,5.032219,1.625663,0.42882,10.00
0.166140,5.084140,1.624871,0.42611,10.00
0.166150,5.135326,1.615618,0.42332,10.00
0.166160,5.184702,1.598040,0.42053,10.00
0.166170,5.232834,1.572298,0.41771,10.00
0.166180,5.279361,1.538540,0.41486,10.00
0.166190,5.323931,1.496972,0.41201,10.00
0.166200,5.366275,1.447862,0.40919,10.00
0.166210,5.406277,1.391499,0.40640,10.00
0.166220,5.443350,1.328241,0.40367,10.00
0.166230,5.477208,1.258520,0.40103,10.00
0.166240,5.507583,1.182817,0.39850,10.00
0.166250,5.534211,1.101662,0.39609,10.00
0.166260,5.556801,1.015638,0.39384,10.00
0.166270,5.575268,0.925365,0.39174,10.00
0.166280,5.589455,0.831488,0.38983,10.00
0.166290,5.599236,0.734683,0.38810,10.00
0.166300,5.604554,0.635652,0.38659,10.00
0.166310,5.605457,0.535098,0.38529,10.00
0.166320,5.601770,0.433746,0.38422,10.00
0.166330,5.593496,0.332341,0.38339,10.00
0.166340,5.580676,0.231634,0.38281,10.00
0.166350,5.563532,0.132374,0.38248,10.00
0.166360,5.542620,0.035231,0.38237,10.00
0.166370,5.517470,-0.059115,0.38252,10.00
0.166380,5.488246,-0.149949,0.38293,10.00
0.166390,5.455146,-0.236582,0.38360,10.00
0.166400,5.418106,-0.318350,0.38452,10.00
0.166410,5.376521,-0.394483,0.38576,10.00
0.166420,5.331840,-0.464296,0.38725,10.00
0.166430,5.284792,-0.500000,0.38896,10.00
0.166440,5.237666,-0.500000,0.39079,10.00
0.166450,5.190842,-0.500000,0.39270,10.00
0.166460,5.144587,-0.500000,0.39467,10.00
0.166470,5.098540,-0.500000,0.39672,10.00
0.166480,5.052703,-0.500000,0.39885,10.00
0.166490,5.007074,-0.500000,0.40107,10.00
0.166500,4.961606,-0.500000,0.40336,10.00
0.166510,4.916161,-0.500000,0.40575,10.00
0.166520,4.870948,-0.498283,0.40822,10.00
0.166530,4.826207,-0.489425,0.41075,10.00
0.166540,4.782274,-0.473097,0.41334,10.00
0.166550,4.739546,-0.449384,0.41597,10.00
0.166560,4.698540,-0.418452,0.41859,10.00
0.166570,4.659314,-0.380515,0.42120,10.00
0.166580,4.622172,-0.335817,0.42379,10.00
0.166590,4.587405,-0.284655,0.42634,10.00
0.166600,4.555249,-0.227375,0.42882,10.00
0.166610,4.525854,-0.164352,0.43124,10.00
0.166620,4.499599,-0.096013,0.43355,10.00
0.166630,4.476697,-0.022837,0.43575,10.00
0.166640,4.457339,0.054660,0.43782,10.00
0.166650,4.441624,0.135926,0.43974,10.00
0.166660,4.429497,0.220408,0.44151,10.00
0.166670,4.421331,0.307519,0.44311,10.00
0.166680,4.417211,0.396627,0.44451,10.00
0.166690,4.417192,0.487081,0.44572,10.00
0.166700,4.421346,0.578218,0.44672,10.00
0.166710,4.429811,0.669344,0.44749,10.00
0.166720,4.442355,0.759767,0.44803,10.00
0.166730,4.458910,0.848812,0.44835,10.00
0.166740,4.479377,0.935814,0.44843,10.00
0.166750,4.503479,1.020116,0.44828,10.00
0.166760,4.530615,1.101150,0.44793,10.00
0.166770,4.561203,1.178348,0.44735,10.00
0.166780,4.595036,1.251116,0.44654,10.00
0.166790,4.631883,1.318892,0.44551,10.00
0.166800,4.671516,1.381148,0.44426,10.00
0.166810,4.713736,1.437379,0.44279,10.00
0.166820,4.758140,1.487130,0.44113,10.00
0.166830,4.804414,1.529998,0.43928,10.00
0.166840,4.852227,1.565628,0.43726,10.00
0.166850,4.901507,1.593718,0.43507,10.00
0.166860,4.952707,1.613890,0.43268,10.00
0.166870,5.004367,1.625864,0.43015,10.00
0.166880,5.056109,1.629508,0.42751,10.00
0.166890,5.107553,1.624753,0.42478,10.00
0.166900,5.158390,1.611587,0.42198,10.00
0.166910,5.208456,1.590030,0.41911,10.00
0.166920,5.257089,1.560174,0.41620,10.00
0.166930,5.303926,1.522195,0.41329,10.00
0.166940,5.348610,1.476333,0.41039,10.00
0.166950,5.390333,1.422885,0.40752,10.00
0.166960,5.427369,1.362434,0.40483,10.00
0.166970,5.461318,1.295541,0.40222,10.00
0.166980,5.491912,1.222667,0.39971,10.00
0.166990,5.518911,1.144322,0.39731,10.00
0.167000,5.542505,1.061055,0.39506,10.00
0.167010,5.563723,0.973260,0.39286,10.00
0.167020,5.580750,0.881432,0.39082,10.00
0.167030,5.593438,0.786229,0.38897,10.00
0.167040,5.601673,0.688337,0.38732,10.00
0.167050,5.605193,0.588468,0.38588,10.00
0.167060,5.603414,0.487437,0.38471,10.00
0.167070,5.597046,0.386043,0.38378,10.00
0.167080,5.586114,0.285035,0.38310,10.00
0.167090,5.570678,0.185163,0.38267,10.00
0.167100,5.550813,0.087171,0.38249,10.00
0.167110,5.526601,-0.008197,0.38257,10.00
0.167120,5.498260,-0.100217,0.38292,10.00
0.167130,5.465980,-0.188191,0.38352,10.00
0.167140,5.429981,-0.271447,0.38438,10.00
0.167150,5.390524,-0.349342,0.38549,10.00
0.167160,5.347917,-0.421278,0.38685,10.00
0.167170,5.302415,-0.486696,0.38843,10.00
0.167180,5.255364,-0.500000,0.39021,10.00
0.167190,5.208517,-0.500000,0.39209,10.00
0.167200,5.162035,-0.500000,0.39404,10.00
0.167210,5.116368,-0.500000,0.39604,10.00
0.167220,5.070909,-0.500000,0.39812,10.00
0.167230,5.025656,-0.500000,0.40028,10.00
0.167240,4.980608,-0.500000,0.40252,10.00
0.167250,4.935500,-0.500000,0.40483,10.00
0.167260,4.889542,-0.499722,0.40730,10.00
0.167270,4.843936,-0.493774,0.40984,10.00
0.167280,4.799014,-0.480240,0.41244,10.00
0.167290,4.755115,-0.459179,0.41509,10.00
0.167300,4.712632,-0.430710,0.41775,10.00
0.167310,4.672065,-0.395034,0.42041,10.00
0.167320,4.633491,-0.352396,0.42305,10.00
0.167330,4.597209,-0.303076,0.42565,10.00
0.167340,4.563504,-0.247407,0.42819,10.00
0.167350,4.532963,-0.185766,0.43066,10.00
0.167360,4.506787,-0.118736,0.43296,10.00
0.167370,4.483905,-0.046887,0.43514,10.00
0.167380,4.464505,0.029272,0.43719,10.00
0.167390,4.448753,0.109200,0.43910,10.00
0.167400,4.436683,0.192323,0.44085,10.00
0.167410,4.428092,0.278093,0.44246,10.00
0.167420,4.423490,0.365921,0.44387,10.00
0.167430,4.422934,0.455168,0.44510,10.00
0.167440,4.426454,0.545180,0.44611,10.00
0.167450,4.433776,0.635293,0.44692,10.00
0.167460,4.444066,0.724970,0.44757,10.00
0.167470,4.458353,0.813630,0.44799,10.00
0.167480,4.476554,0.900612,0.44819,10.00
0.167490,4.498558,0.985262,0.44816,10.00
0.167500,4.524411,1.066940,0.44789,10.00
0.167510,4.554503,1.144935,0.44735,10.00
0.167520,4.587880,1.218589,0.44658,10.00
0.167530,4.624317,1.287334,0.44558,10.00
0.167540,4.663561,1.350634,0.44437,10.00
0.167550,4.705319,1.407991,0.44294,10.00
0.167560,4.749240,1.458959,0.44132,10.00
0.167570,4.795091,1.503131,0.43951,10.00
0.167580,4.842544,1.540146,0.43753,10.00
0.167590,4.891259,1.569690,0.43538,10.00
0.167600,4.940816,1.591506,0.43308,10.00
0.167610,4.990651,1.605423,0.43067,10.00
0.167620,5.040674,1.611318,0.42815,10.00
0.167630,5.090517,1.609106,0.42554,10.00
0.167640,5.139812,1.598759,0.42284,10.00
0.167650,5.188477,1.580312,0.42010,10.00
0.167660,5.236999,1.553721,0.41724,10.00
0.167670,5.283874,1.519047,0.41437,10.00
0.167680,5.328747,1.476506,0.41150,10.00
0.167690,5.371279,1.426370,0.40865,10.00
0.167700,5.410988,1.368970,0.40586,10.00
0.167710,5.447101,1.304768,0.40317,10.00
0.167720,5.479963,1.234255,0.40057,10.00
0.167730,5.509317,1.157918,0.39808,10.00
0.167740,5.534928,1.076291,0.39573,10.00
0.167750,5.556608,0.989953,0.39351,10.00
0.167760,5.574238,0.899506,0.39146,10.00
0.167770,5.587587,0.805593,0.38959,10.00
0.167780,5.596537,0.708890,0.38792,10.00
0.167790,5.600998,0.610099,0.38645,10.00
0.167800,5.600952,0.509939,0.38521,10.00
0.167810,5.596481,0.409129,0.38419,10.00
0.167820,5.587457,0.308399,0.38341,10.00
0.167830,5.573922,0.208497,0.38287,10.00
0.167840,5.555956,0.110164,0.38259,10.00
0.167850,5.533436,0.014138,0.38257,10.00
0.167860,5.505805,-0.078745,0.38286,10.00
0.167870,5.474190,-0.167707,0.38342,10.00
0.167880,5.438804,-0.252067,0.38423,10.00
0.167890,5.399892,-0.331177,0.38530,10.00
0.167900,5.357701,-0.404424,0.38661,10.00
0.167910,5.312454,-0.471224,0.38816,10.00
0.167920,5.265104,-0.500000,0.38993,10.00
0.167930,5.217785,-0.500000,0.39181,10.00
0.167940,5.170680,-0.500000,0.39377,10.00
0.167950,5.124167,-0.500000,0.39581,10.00
0.167960,5.079371,-0.500000,0.39784,10.00
0.167970,5.034778,-0.500000,0.39995,10.00
0.167980,4.990387,-0.500000,0.40213,10.00
0.167990,4.946197,-0.500000,0.40440,10.00
0.168000,4.902290,-0.500000,0.40674,10.00
0.168010,4.858988,-0.496185,0.40914,10.00
0.168020,4.816252,-0.485169,0.41160,10.00
0.168030,4.774405,-0.466996,0.41411,10.00
0.168040,4.733765,-0.441765,0.41664,10.00
0.168050,4.694319,-0.409627,0.41917,10.00
0.168060,4.655406,-0.370627,0.42178,10.00
0.168070,4.618624,-0.324915,0.42436,10.00
0.168080,4.584258,-0.272796,0.42690,10.00
0.168090,4.552579,-0.214623,0.42936,10.00
0.168100,4.523867,-0.150795,0.43175,10.00
0.168110,4.498437,-0.081770,0.43403,10.00
0.168120,4.476385,-0.008042,0.43619,10.00
0.168130,4.457894,0.069868,0.43821,10.00
0.168140,4.443122,0.151404,0.44008,10.00
0.168150,4.432100,0.235980,0.44179,10.00
0.168160,4.424628,0.323034,0.44335,10.00
0.168170,4.421193,0.411967,0.44471,10.00
0.168180,4.421844,0.502129,0.44588,10.00
0.168190,4.426601,0.592860,0.44684,10.00
0.168200,4.435632,0.683488,0.44757,10.00
0.168210,4.449425,0.773256,0.44804,10.00
0.168220,4.467187,0.861437,0.44828,10.00
0.168230,4.488811,0.947368,0.44829,10.00
0.168240,4.514160,1.030401,0.44806,10.00
0.168250,4.543018,1.109905,0.44760,10.00
0.168260,4.575050,1.185296,0.44692,10.00
0.168270,4.610232,1.256009,0.44601,10.00
0.168280,4.648322,1.321495,0.44488,10.00
0.168290,4.689056,1.381241,0.44354,10.00
0.168300,4.732193,1.434774,0.44200,10.00
0.168310,4.777559,1.481644,0.44025,10.00
0.168320,4.824655,1.521453,0.43832,10.00
0.168330,4.873142,1.553870,0.43622,10.00
0.168340,4.922673,1.578615,0.43397,10.00
0.168350,4.972742,1.595464,0.43158,10.00
0.168360,5.022550,1.604320,0.42910,10.00
0.168370,5.072316,1.605123,0.42653,10.00
0.168380,5.121671,1.597824,0.42387,10.00
0.168390,5.170250,1.582433,0.42115,10.00
0.168400,5.217621,1.559023,0.41838,10.00
0.168410,5.263214,1.527758,0.41562,10.00
0.168420,5.306973,1.488852,0.41285,10.00
0.168430,5.348565,1.442552,0.41010,10.00
0.168440,5.387674,1.389162,0.40739,10.00
0.168450,5.424235,1.329040,0.40474,10.00
0.168460,5.458672,1.262481,0.40211,10.00
0.168470,5.489765,1.189867,0.39957,10.00
0.168480,5.517270,1.111705,0.39716,10.00
0.168490,5.540966,1.028544,0.39488,10.00
0.168500,5.560712,0.940972,0.39276,10.00
0.168510,5.576505,0.849590,0.39079,10.00
0.168520,5.587992,0.755035,0.38901,10.00
0.168530,5.595066,0.657992,0.38743,10.00
0.168540,5.597654,0.559164,0.38606,10.00
0.168550,5.595754,0.459276,0.38492,10.00
0.168560,5.589477,0.359040,0.38400,10.00
0.168570,5.578689,0.259184,0.38333,10.00
0.168580,5.563447,0.160451,0.38290,10.00
0.168590,5.543842,0.063575,0.38272,10.00
0.168600,5.520059,-0.030716,0.38280,10.00
0.168610,5.492434,-0.121740,0.38313,10.00
0.168620,5.460910,-0.208825,0.38370,10.00
0.168630,5.425700,-0.291306,0.38453,10.00
0.168640,5.387048,-0.368549,0.38561,10.00
0.168650,5.345245,-0.439955,0.38693,10.00
0.168660,5.300694,-0.500000,0.38848,10.00
0.168670,5.255371,-0.500000,0.39018,10.00
0.168680,5.210253,-0.500000,0.39197,10.00
0.168690,5.165340,-0.500000,0.39383,10.00
0.168700,5.120384,-0.500000,0.39577,10.00
0.168710,5.074645,-0.500000,0.39786,10.00
0.168720,5.029113,-0.500000,0.40002,10.00
0.168730,4.983788,-0.500000,0.40227,10.00
0.168740,4.938669,-0.500000,0.40460,10.00
0.168750,4.893542,-0.499874,0.40700,10.00
0.168760,4.847890,-0.494685,0.40954,10.00
0.168770,4.802886,-0.481905,0.41214,10.00
0.168780,4.758872,-0.461590,0.41478,10.00
0.168790,4.716183,-0.433850,0.41744,10.00
0.168800,4.675173,-0.398855,0.42011,10.00
0.168810,4.636245,-0.356839,0.42276,10.00
0.168820,4.599584,-0.308087,0.42538,10.00
0.168830,4.565478,-0.252925,0.42794,10.00
0.168840,4.534195,-0.191730,0.43043,10.00
0.168850,4.506089,-0.124922,0.43282,10.00
0.168860,4.481697,-0.053020,0.43508,10.00
0.168870,4.460805,0.023439,0.43722,10.00
0.168880,4.443588,0.103909,0.43921,10.00
0.168890,4.430196,0.187817,0.44104,10.00
0.168900,4.420613,0.274557,0.44270,10.00
0.168910,4.414522,0.363569,0.44421,10.00
0.168920,4.412544,0.454248,0.44552,10.00
0.168930,4.414720,0.545931,0.44663,10.00
0.168940,4.421057,0.637945,0.44752,10.00
0.168950,4.431624,0.729608,0.44819,10.00
0.168960,4.446637,0.820196,0.44860,10.00
0.168970,4.465646,0.909002,0.44879,10.00
0.168980,4.488533,0.995360,0.44873,10.00
0.168990,4.515153,1.078616,0.44844,10.00
0.169000,4.545605,1.158136,0.44791,10.00
0.169010,4.580508,1.233179,0.44708,10.00
0.169020,4.618519,1.303077,0.44602,10.00
0.169030,4.659375,1.367284,0.44473,10.00
0.169040,4.702793,1.425294,0.44323,10.00
0.169050,4.748182,1.476645,0.44153,10.00
0.169060,4.794372,1.521058,0.43971,10.00
0.169070,4.842172,1.558259,0.43770,10.00
0.169080,4.891240,1.587933,0.43554,10.00
0.169090,4.941220,1.609822,0.43322,10.00
0.169100,4.991908,1.623721,0.43078,10.00
0.169110,5.043406,1.629410,0.42818,10.00
0.169120,5.094701,1.626751,0.42548,10.00
0.169130,5.145415,1.615720,0.42271,10.00
0.169140,5.195172,1.596355,0.41988,10.00
0.169150,5.243439,1.568754,0.41701,10.00
0.169160,5.289378,1.533155,0.41418,10.00
0.169170,5.333282,1.489831,0.41134,10.00
0.169180,5.374818,1.439063,0.40854,10.00
0.169190,5.413666,1.381185,0.40579,10.00
0.169200,5.449630,1.316591,0.40311,10.00
0.169210,5.482735,1.245672,0.40049,10.00
0.169220,5.512311,1.168887,0.39799,10.00
0.169230,5.538122,1.086775,0.39561,10.00
0.169240,5.559958,0.999914,0.39339,10.00
0.169250,5.577694,0.908923,0.39133,10.00
0.169260,5.591345,0.814427,0.38943,10.00
0.169270,5.600566,0.717089,0.38774,10.00
0.169280,5.605269,0.617615,0.38625,10.00
0.169290,5.605395,0.516729,0.38499,10.00
0.169300,5.600874,0.415171,0.38396,10.00
0.169310,5.591575,0.313713,0.38318,10.00
0.169320,5.577736,0.213121,0.38266,10.00
0.169330,5.559437,0.114144,0.38238,10.00
0.169340,5.536791,0.017524,0.38237,10.00
0.169350,5.509957,-0.076013,0.38262,10.00
0.169360,5.479148,-0.165763,0.38313,10.00
0.169370,5.444525,-0.251045,0.38389,10.00
0.169380,5.406327,-0.331206,0.38490,10.00
0.169390,5.364820,-0.405624,0.38617,10.00
0.169400,5.320158,-0.473720,0.38767,10.00
0.169410,5.272878,-0.500000,0.38942,10.00
0.169420,5.225683,-0.500000,0.39128,10.00
0.169430,5.178702,-0.500000,0.39321,10.00
0.169440,5.131934,-0.500000,0.39523,10.00
0.169450,5.085450,-0.500000,0.39734,10.00
0.169460,5.039461,-0.500000,0.39951,10.00
0.169470,4.993681,-0.500000,0.40175,10.00
0.169480,4.948108,-0.500000,0.40408,10.00
0.169490,4.902742,-0.500000,0.40649,10.00
0.169500,4.857540,-0.496393,0.40898,10.00
0.169510,4.812458,-0.485242,0.41157,10.00
0.169520,4.768293,-0.466552,0.41419,10.00
0.169530,4.725379,-0.440425,0.41685,10.00
0.169540,4.684044,-0.407014,0.41952,10.00
0.169550,4.644573,-0.366531,0.42217,10.00
0.169560,4.607176,-0.319223,0.42481,10.00
0.169570,4.572274,-0.265394,0.42739,10.00
0.169580,4.540141,-0.205411,0.42991,10.00
0.169590,4.511033,-0.139685,0.43234,10.00
0.169600,4.485120,-0.068675,0.43467,10.00
0.169610,4.462417,0.007153,0.43689,10.00
0.169620,4.443376,0.087284,0.43897,10.00
0.169630,4.428161,0.171144,0.44089,10.00
0.169640,4.416908,0.258133,0.44265,10.00
0.169650,4.409905,0.347621,0.44422,10.00
0.169660,4.407773,0.438872,0.44555,10.00
0.169670,4.409822,0.531158,0.44667,10.00
0.169680,4.416060,0.623801,0.44758,10.00
0.169690,4.426468,0.716117,0.44826,10.00
0.169700,4.440984,0.807419,0.44871,10.00
0.169710,4.459504,0.897029,0.44893,10.00
0.169720,4.481944,0.984276,0.44891,10.00
0.169730,4.508161,1.068501,0.44865,10.00
0.169740,4.537983,1.149064,0.44816,10.00
0.169750,4.571225,1.225348,0.44743,10.00
0.169760,4.607705,1.296759,0.44646,10.00
0.169770,4.647114,1.362737,0.44527,10.00
0.169780,4.689177,1.422764,0.44387,10.00
0.169790,4.733600,1.476364,0.44226,10.00
0.169800,4.780151,1.523106,0.44045,10.00
0.169810,4.828748,1.562567,0.43843,10.00
0.169820,4.878709,1.594389,0.43625,10.00
0.169830,4.929672,1.618297,0.43391,10.00
0.169840,4.981267,1.634070,0.43144,10.00
0.169850,5.032834,1.641549,0.42884,10.00
0.169860,5.083145,1.640773,0.42622,10.00
0.169870,5.132968,1.631794,0.42352,10.00
0.169880,5.181935,1.614635,0.42075,10.00
0.169890,5.229681,1.589381,0.41795,10.00
0.169900,5.276030,1.556176,0.41513,10.00
0.169910,5.321180,1.515134,0.41226,10.00
0.169920,5.364054,1.466460,0.40941,10.00
0.169930,5.404325,1.410474,0.40661,10.00
0.169940,5.441682,1.347551,0.40388,10.00
0.169950,5.475653,1.278121,0.40122,10.00
0.169960,5.505424,1.202752,0.39872,10.00
0.169970,5.531492,1.122028,0.39635,10.00
0.169980,5.553646,1.036521,0.39412,10.00
0.169990,5.571705,0.946837,0.39205,10.00
0.170000,5.585978,0.853618,0.39017,10.00
0.170010,5.597729,0.757312,0.38835,10.00
0.170020,5.604986,0.658465,0.38674,10.00
0.170030,5.607672,0.557796,0.38535,10.00
0.170040,5.605746,0.456040,0.38418,10.00
0.170050,5.598997,0.353946,0.38326,10.00
0.170060,5.586844,0.252364,0.38263,10.00
0.170070,5.570172,0.152114,0.38226,10.00
0.170080,5.549080,0.053947,0.38215,10.00
0.170090,5.523704,-0.041401,0.38229,10.00
0.170100,5.494295,-0.133210,0.38270,10.00
0.170110,5.461299,-0.220820,0.38335,10.00
0.170120,5.424607,-0.303590,0.38426,10.00
0.170130,5.384473,-0.380880,0.38541,10.00
0.170140,5.341178,-0.452091,0.38681,10.00
0.170150,5.294926,-0.500000,0.38844,10.00
0.170160,5.247138,-0.500000,0.39028,10.00
0.170170,5.199567,-0.500000,0.39221,10.00
0.170180,5.152213,-0.500000,0.39422,10.00
0.170190,5.105072,-0.500000,0.39631,10.00
0.170200,5.058296,-0.500000,0.39849,10.00
0.170210,5.012329,-0.500000,0.40071,10.00
0.170220,4.966571,-0.500000,0.40301,10.00
0.170230,4.921021,-0.500000,0.40539,10.00
0.170240,4.875693,-0.498831,0.40785,10.00
0.170250,4.830836,-0.490874,0.41039,10.00
0.170260,4.786901,-0.475445,0.41297,10.00
0.170270,4.744067,-0.452634,0.41558,10.00
0.170280,4.702660,-0.422571,0.41822,10.00
0.170290,4.662998,-0.385443,0.42084,10.00
0.170300,4.625390,-0.341486,0.42345,10.00
0.170310,4.590133,-0.290994,0.42602,10.00
0.170320,4.557497,-0.234307,0.42852,10.00
0.170330,4.527742,-0.171813,0.43095,10.00
0.170340,4.501104,-0.103945,0.43328,10.00
0.170350,4.477950,-0.031178,0.43549,10.00
0.170360,4.458914,0.045901,0.43754,10.00
0.170370,4.443565,0.126697,0.43944,10.00
0.170380,4.432038,0.210630,0.44118,10.00
0.170390,4.424444,0.297095,0.44274,10.00
0.170400,4.420454,0.385462,0.44412,10.00
0.170410,4.418907,0.475285,0.44540,10.00
0.170420,4.421470,0.566034,0.44647,10.00
0.170430,4.428149,0.657043,0.44733,10.00
0.170440,4.438918,0.747638,0.44797,10.00
0.170450,4.453719,0.837146,0.44838,10.00
0.170460,4.472460,0.924899,0.44856,10.00
0.170470,4.495034,1.010237,0.44850,10.00
0.170480,4.521296,1.092515,0.44822,10.00
0.170490,4.551075,1.171108,0.44770,10.00
0.170500,4.584189,1.245414,0.44695,10.00
0.170510,4.620474,1.314849,0.44596,10.00
0.170520,4.659598,1.378868,0.44476,10.00
0.170530,4.701291,1.436967,0.44335,10.00
0.170540,4.745258,1.488684,0.44174,10.00
0.170550,4.791258,1.533602,0.43993,10.00
0.170560,4.839176,1.571320,0.43793,10.00
0.170570,4.888382,1.601495,0.43576,10.00
0.170580,4.938523,1.623865,0.43345,10.00
0.170590,4.989234,1.638223,0.43100,10.00
0.170600,5.040449,1.644421,0.42844,10.00
0.170610,5.092702,1.642221,0.42570,10.00
0.170620,5.144386,1.631498,0.42288,10.00
0.170630,5.195117,1.612286,0.42000,10.00
0.170640,5.244518,1.584682,0.41709,10.00
0.170650,5.291815,1.548846,0.41416,10.00
0.170660,5.335456,1.505193,0.41133,10.00
0.170670,5.376714,1.454135,0.40854,10.00
0.170680,5.415275,1.396011,0.40580,10.00
0.170690,5.450841,1.331212,0.40313,10.00
0.170700,5.483507,1.260184,0.40055,10.00
0.170710,5.514131,1.183241,0.39799,10.00
0.170720,5.540973,1.100799,0.39556,10.00
0.170730,5.563816,1.013440,0.39328,10.00
0.170740,5.582473,0.921786,0.39116,10.00
0.170750,5.596491,0.826491,0.38922,10.00
0.170760,5.604867,0.728385,0.38756,10.00
0.170770,5.608697,0.628272,0.38611,10.00
0.170780,5.607930,0.526884,0.38488,10.00
0.170790,5.602549,0.424964,0.38389,10.00
0.170800,5.592680,0.323263,0.38315,10.00
0.170810,5.578704,0.222484,0.38263,10.00
0.170820,5.560260,0.123341,0.38236,10.00
0.170830,5.537464,0.026577,0.38236,10.00
0.170840,5.510463,-0.067080,0.38261,10.00
0.170850,5.479358,-0.156920,0.38313,10.00
0.170860,5.444129,-0.242221,0.38392,10.00
0.170870,5.405330,-0.322302,0.38497,10.00
0.170880,5.363230,-0.396544,0.38626,10.00
0.170890,5.318125,-0.464366,0.38780,10.00
0.170900,5.271112,-0.500000,0.38956,10.00
0.170910,5.225636,-0.500000,0.39133,10.00
0.170920,5.180366,-0.500000,0.39318,10.00
0.170930,5.135301,-0.500000,0.39511,10.00
0.170940,5.090441,-0.500000,0.39712,10.00
0.170950,5.045527,-0.500000,0.39921,10.00
0.170960,4.999785,-0.500000,0.40144,10.00
0.170970,4.954251,-0.500000,0.40376,10.00
0.170980,4.908924,-0.500000,0.40615,10.00
0.170990,4.863849,-0.497344,0.40863,10.00
0.171000,4.819356,-0.487291,0.41117,10.00
0.171010,4.775950,-0.469819,0.41375,10.00
0.171020,4.733732,-0.445039,0.41635,10.00
0.171030,4.693027,-0.413097,0.41897,10.00
0.171040,4.654146,-0.374191,0.42158,10.00
0.171050,4.617333,-0.328576,0.42416,10.00
0.171060,4.582704,-0.276526,0.42671,10.00
0.171070,4.550762,-0.218375,0.42920,10.00
0.171080,4.521760,-0.154524,0.43160,10.00
0.171090,4.495932,-0.085415,0.43390,10.00
0.171100,4.473535,-0.011534,0.43609,10.00
0.171110,4.454900,0.066573,0.43812,10.00
0.171120,4.439995,0.148335,0.44001,10.00
0.171130,4.428953,0.233164,0.44173,10.00
0.171140,4.421879,0.320448,0.44327,10.00
0.171150,4.418760,0.409551,0.44462,10.00
0.171160,4.419380,0.499867,0.44580,10.00
0.171170,4.424112,0.590760,0.44676,10.00
0.171180,4.432947,0.681560,0.44750,10.00
0.171190,4.445843,0.771593,0.44802,10.00
0.171200,4.462797,0.860187,0.44831,10.00
0.171210,4.483911,0.946647,0.44835,10.00
0.171220,4.508778,1.030297,0.44816,10.00
0.171230,4.537237,1.110503,0.44773,10.00
0.171240,4.569096,1.186652,0.44707,10.00
0.171250,4.604074,1.258158,0.44619,10.00
0.171260,4.641725,1.324501,0.44509,10.00
0.171270,4.682063,1.385182,0.44379,10.00
0.171280,4.724806,1.439724,0.44228,10.00
0.171290,4.769652,1.487688,0.44057,10.00
0.171300,4.816442,1.528684,0.43868,10.00
0.171310,4.865315,1.562297,0.43657,10.00
0.171320,4.915282,1.588185,0.43432,10.00
0.171330,4.965981,1.606116,0.43192,10.00
0.171340,5.017042,1.615916,0.42939,10.00
0.171350,5.068064,1.617469,0.42676,10.00
0.171360,5.118585,1.610732,0.42405,10.00
0.171370,5.168346,1.595722,0.42128,10.00
0.171380,5.216976,1.572506,0.41846,10.00
0.171390,5.264111,1.541212,0.41562,10.00
0.171400,5.309303,1.502029,0.41277,10.00
0.171410,5.351931,1.455250,0.40996,10.00
0.171420,5.392044,1.401212,0.40719,10.00
0.171430,5.429334,1.340277,0.40448,10.00
0.171440,5.463512,1.272859,0.40185,10.00
0.171450,5.494150,1.199423,0.39933,10.00
0.171460,5.520528,1.120558,0.39696,10.00
0.171470,5.543074,1.036871,0.39474,10.00
0.171480,5.561603,0.948956,0.39267,10.00
0.171490,5.575960,0.857442,0.39077,10.00
0.171500,5.586230,0.762986,0.38906,10.00
0.171510,5.592955,0.666171,0.38750,10.00
0.171520,5.595207,0.567630,0.38616,10.00
0.171530,5.592948,0.468085,0.38504,10.00
0.171540,5.586173,0.368267,0.38415,10.00
0.171550,5.574926,0.268913,0.38350,10.00
0.171560,5.559319,0.170754,0.38310,10.00
0.171570,5.539378,0.074516,0.38295,10.00
0.171580,5.515231,-0.019078,0.38306,10.00
0.171590,5.487036,-0.109321,0.38342,10.00
0.171600,5.455066,-0.195529,0.38404,10.00
0.171610,5.419791,-0.277081,0.38488,10.00
0.171620,5.381116,-0.353378,0.38597,10.00
0.171630,5.339313,-0.423827,0.38730,10.00
0.171640,5.294675,-0.487877,0.38887,10.00
0.171650,5.248575,-0.500000,0.39062,10.00
0.171660,5.202768,-0.500000,0.39245,10.00
0.171670,5.157169,-0.500000,0.39436,10.00
0.171680,5.111777,-0.500000,0.39635,10.00
0.171690,5.066591,-0.500000,0.39843,10.00
0.171700,5.021375,-0.500000,0.40058,10.00
0.171710,4.975427,-0.500000,0.40288,10.00
0.171720,4.929687,-0.500000,0.40525,10.00
0.171730,4.884163,-0.499332,0.40771,10.00
0.171740,4.839030,-0.492390,0.41024,10.00
0.171750,4.794621,-0.477932,0.41282,10.00
0.171760,4.751271,-0.456026,0.41545,10.00
0.171770,4.709313,-0.426797,0.41809,10.00
0.171780,4.669066,-0.390424,0.42074,10.00
0.171790,4.630841,-0.347138,0.42336,10.00
0.171800,4.594974,-0.297226,0.42595,10.00
0.171810,4.561859,-0.241040,0.42847,10.00
0.171820,4.531605,-0.178978,0.43091,10.00
0.171830,4.504454,-0.111469,0.43326,10.00
0.171840,4.480627,-0.038984,0.43550,10.00
0.171850,4.460355,0.037964,0.43760,10.00
0.171860,4.443912,0.118812,0.43956,10.00
0.171870,4.431304,0.202969,0.44135,10.00
0.171880,4.422648,0.289831,0.44297,10.00
0.171890,4.418031,0.378765,0.44440,10.00
0.171900,4.417289,0.469125,0.44563,10.00
0.171910,4.419790,0.560355,0.44671,10.00
0.171920,4.426428,0.651854,0.44758,10.00
0.171930,4.437179,0.742947,0.44822,10.00
0.171940,4.451988,0.832955,0.44863,10.00
0.171950,4.470882,0.921206,0.44881,10.00
0.171960,4.494088,1.006981,0.44873,10.00
0.171970,4.520998,1.089595,0.44841,10.00
0.171980,4.551432,1.168419,0.44786,10.00
0.171990,4.585187,1.242848,0.44708,10.00
0.172000,4.622311,1.312308,0.44606,10.00
0.172010,4.663376,1.376124,0.44476,10.00
0.172020,4.706983,1.433703,0.44324,10.00
0.172030,4.752824,1.484586,0.44152,10.00
0.172040,4.800573,1.528362,0.43961,10.00
0.172050,4.849773,1.564666,0.43752,10.00
0.172060,4.899728,1.593248,0.43529,10.00
0.172070,4.950537,1.613891,0.43292,10.00
0.172080,5.001831,1.626400,0.43041,10.00
0.172090,5.053235,1.630640,0.42780,10.00
0.172100,5.104135,1.626535,0.42509,10.00
0.172110,5.153448,1.614185,0.42237,10.00
0.172120,5.201756,1.593716,0.41960,10.00
0.172130,5.248698,1.565234,0.41679,10.00
0.172140,5.293920,1.528909,0.41398,10.00
0.172150,5.337253,1.484968,0.41118,10.00
0.172160,5.378888,1.433612,0.40836,10.00
0.172170,5.417807,1.375127,0.40560,10.00
0.172180,5.453712,1.309908,0.40291,10.00
0.172190,5.486321,1.238403,0.40031,10.00
0.172200,5.515556,1.161107,0.39782,10.00
0.172210,5.541709,1.078476,0.39542,10.00
0.172220,5.563862,0.991039,0.39317,10.00
0.172230,5.581831,0.899416,0.39109,10.00
0.172240,5.595462,0.804264,0.38919,10.00
0.172250,5.604698,0.706268,0.38749,10.00
0.172260,5.609641,0.606108,0.38598,10.00
0.172270,5.609974,0.504494,0.38469,10.00
0.172280,5.605674,0.402170,0.38365,10.00
0.172290,5.596749,0.299889,0.38284,10.00
0.172300,5.583073,0.198408,0.38229,10.00
0.172310,5.564223,0.098566,0.38203,10.00
0.172320,5.540992,0.001163,0.38204,10.00
0.172330,5.513531,-0.093067,0.38231,10.00
0.172340,5.482022,-0.183410,0.38285,10.00
0.172350,5.446580,-0.269176,0.38364,10.00
0.172360,5.407150,-0.349659,0.38471,10.00
0.172370,5.364407,-0.424203,0.38604,10.00
0.172380,5.318651,-0.492226,0.38760,10.00
0.172390,5.271542,-0.500000,0.38936,10.00
0.172400,5.224969,-0.500000,0.39120,10.00
0.172410,5.179895,-0.500000,0.39304,10.00
0.172420,5.135026,-0.500000,0.39496,10.00
0.172430,5.090360,-0.500000,0.39697,10.00
0.172440,5.045897,-0.500000,0.39905,10.00
0.172450,5.001282,-0.500000,0.40120,10.00
0.172460,4.955461,-0.500000,0.40353,10.00
0.172470,4.909848,-0.500000,0.40594,10.00
0.172480,4.864483,-0.497605,0.40843,10.00
0.172490,4.819630,-0.487834,0.41098,10.00
0.172500,4.775758,-0.470569,0.41359,10.00
0.172510,4.733587,-0.445960,0.41619,10.00
0.172520,4.692920,-0.414194,0.41881,10.00
0.172530,4.654068,-0.375470,0.42142,10.00
0.172540,4.617334,-0.330039,0.42400,10.00
0.172550,4.582906,-0.278202,0.42653,10.00
0.172560,4.550766,-0.220265,0.42903,10.00
0.172570,4.521559,-0.156594,0.43144,10.00
0.172580,4.495519,-0.087631,0.43375,10.00
0.172590,4.472859,-0.013860,0.43595,10.00
0.172600,4.453794,0.064197,0.43801,10.00
0.172610,4.438569,0.145972,0.43991,10.00
0.172620,4.427210,0.230868,0.44165,10.00
0.172630,4.419826,0.318272,0.44321,10.00
0.172640,4.416494,0.407550,0.44459,10.00
0.172650,4.417286,0.498049,0.44576,10.00
0.172660,4.422289,0.589095,0.44671,10.00
0.172670,4.431398,0.680008,0.44744,10.00
0.172680,4.444571,0.770113,0.44795,10.00
0.172690,4.461735,0.858738,0.44823,10.00
0.172700,4.482770,0.945218,0.44828,10.00
0.172710,4.507491,1.028910,0.44809,10.00
0.172720,4.535807,1.109183,0.44768,10.00
0.172730,4.567529,1.185426,0.44703,10.00
0.172740,4.602442,1.257051,0.44615,10.00
0.172750,4.640258,1.323503,0.44505,10.00
0.172760,4.680565,1.384286,0.44375,10.00
0.172770,4.723281,1.438937,0.44224,10.00
0.172780,4.768105,1.487018,0.44054,10.00
0.172790,4.814720,1.528138,0.43865,10.00
0.172800,4.862831,1.561955,0.43659,10.00
0.172810,4.912213,1.588161,0.43437,10.00
0.172820,4.962348,1.606508,0.43200,10.00
0.172830,5.012868,1.616819,0.42951,10.00
0.172840,5.063406,1.618975,0.42692,10.00
0.172850,5.113568,1.612916,0.42424,10.00
0.172860,5.162926,1.598653,0.42149,10.00
0.172870,5.211190,1.576255,0.41870,10.00
0.172880,5.258000,1.545845,0.41589,10.00
0.172890,5.303005,1.507606,0.41307,10.00
0.172900,5.345947,1.461778,0.41026,10.00
0.172910,5.386752,1.408621,0.40747,10.00
0.172920,5.424768,1.348462,0.40473,10.00
0.172930,5.459701,1.281710,0.40208,10.00
0.172940,5.491278,1.208823,0.39952,10.00
0.172950,5.519297,1.130309,0.39708,10.00
0.172960,5.543676,1.046697,0.39476,10.00
0.172970,5.564025,0.958563,0.39260,10.00
0.172980,5.580174,0.866536,0.39061,10.00
0.172990,5.591984,0.771276,0.38880,10.00
0.173000,5.598970,0.673472,0.38720,10.00
0.173010,5.599933,0.574016,0.38590,10.00
0.173020,5.596354,0.473756,0.38484,10.00
0.173030,5.588238,0.373431,0.38401,10.00
0.173040,5.575623,0.273783,0.38343,10.00
0.173050,5.558682,0.175552,0.38310,10.00
0.173060,5.537829,0.079425,0.38300,10.00
0.173070,5.512782,-0.013910,0.38316,10.00
0.173080,5.483707,-0.103747,0.38357,10.00
0.173090,5.450799,-0.189404,0.38423,10.00
0.173100,5.414364,-0.270223,0.38515,10.00
0.173110,5.374894,-0.345621,0.38629,10.00
0.173120,5.332344,-0.415037,0.38768,10.00
0.173130,5.287013,-0.477926,0.38929,10.00
0.173140,5.239864,-0.500000,0.39110,10.00
0.173150,5.192976,-0.500000,0.39301,10.00
0.173160,5.146862,-0.500000,0.39497,10.00
0.173170,5.100956,-0.500000,0.39701,10.00
0.173180,5.055259,-0.500000,0.39913,10.00
0.173190,5.009769,-0.500000,0.40134,10.00
0.173200,4.964640,-0.500000,0.40362,10.00
0.173210,4.920332,-0.500000,0.40594,10.00
0.173220,4.876248,-0.498474,0.40834,10.00
0.173230,4.832612,-0.490086,0.41081,10.00
0.173240,4.789753,-0.474416,0.41333,10.00
0.173250,4.747845,-0.451543,0.41589,10.00
0.173260,4.706759,-0.421528,0.41850,10.00
0.173270,4.667412,-0.384506,0.42110,10.00
0.173280,4.630109,-0.340718,0.42368,10.00
0.173290,4.595139,-0.290451,0.42622,10.00
0.173300,4.562720,-0.234045,0.42870,10.00
0.173310,4.532933,-0.171859,0.43112,10.00
0.173320,4.506250,-0.104304,0.43344,10.00
0.173330,4.482889,-0.031853,0.43565,10.00
0.173340,4.463043,0.044983,0.43773,10.00
0.173350,4.447075,0.125656,0.43967,10.00
0.173360,4.435709,0.209494,0.44139,10.00
0.173370,4.428269,0.295830,0.44293,10.00
0.173380,4.424833,0.384037,0.44429,10.00
0.173390,4.425451,0.473470,0.44545,10.00
0.173400,4.430059,0.563474,0.44641,10.00
0.173410,4.438400,0.653423,0.44716,10.00
0.173420,4.450768,0.742678,0.44770,10.00
0.173430,4.467095,0.830573,0.44801,10.00
0.173440,4.487283,0.916449,0.44809,10.00
0.173450,4.510981,0.999660,0.44793,10.00
0.173460,4.537365,1.079684,0.44761,10.00
0.173470,4.567161,1.155982,0.44705,10.00
0.173480,4.600168,1.227969,0.44627,10.00
0.173490,4.636161,1.295090,0.44527,10.00
0.173500,4.675129,1.356821,0.44406,10.00
0.173510,4.717514,1.412561,0.44258,10.00
0.173520,4.762060,1.461790,0.44090,10.00
0.173530,4.808450,1.504107,0.43904,10.00
0.173540,4.856353,1.539162,0.43701,10.00
0.173550,4.905569,1.566659,0.43481,10.00
0.173560,4.956170,1.586282,0.43244,10.00
0.173570,5.007212,1.597800,0.42993,10.00
0.173580,5.058321,1.601083,0.42732,10.00
0.173590,5.109121,1.596064,0.42462,10.00
0.173600,5.158852,1.582736,0.42185,10.00
0.173610,5.205995,1.561339,0.41912,10.00
0.173620,5.251740,1.532113,0.41637,10.00
0.173630,5.295742,1.495233,0.41361,10.00
0.173640,5.337668,1.450931,0.41087,10.00
0.173650,5.377251,1.399496,0.40816,10.00
0.173660,5.414349,1.341245,0.40549,10.00
0.173670,5.448458,1.276557,0.40290,10.00
0.173680,5.479313,1.205877,0.40040,10.00
0.173690,5.506669,1.129696,0.39802,10.00
0.173700,5.530542,1.048548,0.39576,10.00
0.173710,5.551439,0.962897,0.39360,10.00
0.173720,5.568244,0.873275,0.39160,10.00
0.173730,5.580814,0.780326,0.38978,10.00
0.173740,5.589035,0.684720,0.38816,10.00
0.173750,5.592849,0.587151,0.38674,10.00
0.173760,5.592282,0.488318,0.38554,10.00
0.173770,5.587216,0.388940,0.38457,10.00
0.173780,5.577666,0.289747,0.38383,10.00
0.173790,5.563682,0.191476,0.38334,10.00
0.173800,5.545242,0.094859,0.38310,10.00
0.173810,5.522157,0.000668,0.38314,10.00
0.173820,5.494986,-0.090352,0.38344,10.00
0.173830,5.463912,-0.177513,0.38399,10.00
0.173840,5.429145,-0.260148,0.38479,10.00
0.173850,5.390839,-0.337623,0.38584,10.00
0.173860,5.349005,-0.409295,0.38715,10.00
0.173870,5.304280,-0.474575,0.38870,10.00
0.173880,5.257576,-0.500000,0.39045,10.00
0.173890,5.210953,-0.500000,0.39231,10.00
0.173900,5.164610,-0.500000,0.39425,10.00
0.173910,5.118749,-0.500000,0.39625,10.00
0.173920,5.073096,-0.500000,0.39833,10.00
0.173930,5.027650,-0.500000,0.40050,10.00
0.173940,4.982411,-0.500000,0.40274,10.00
0.173950,4.937496,-0.500000,0.40507,10.00
0.173960,4.893267,-0.499756,0.40744,10.00
0.173970,4.849373,-0.494148,0.40989,10.00
0.173980,4.806133,-0.481236,0.41239,10.00
0.173990,4.763871,-0.461079,0.41494,10.00
0.174000,4.722464,-0.433787,0.41751,10.00
0.174010,4.680891,-0.399311,0.42019,10.00
0.174020,4.641266,-0.357725,0.42286,10.00
0.174030,4.603894,-0.309300,0.42550,10.00
0.174040,4.569068,-0.254361,0.42809,10.00
0.174050,4.537091,-0.193280,0.43061,10.00
0.174060,4.508304,-0.126493,0.43303,10.00
0.174070,4.482822,-0.054473,0.43534,10.00
0.174080,4.460854,0.022273,0.43753,10.00
0.174090,4.442583,0.103199,0.43957,10.00
0.174100,4.428381,0.187729,0.44146,10.00
0.174110,4.419008,0.275153,0.44312,10.00
0.174120,4.413707,0.364768,0.44459,10.00
0.174130,4.412540,0.455922,0.44587,10.00
0.174140,4.415540,0.547948,0.44693,10.00
0.174150,4.422860,0.640168,0.44778,10.00
0.174160,4.434916,0.731827,0.44836,10.00
0.174170,4.451043,0.822195,0.44872,10.00
0.174180,4.471146,0.910595,0.44883,10.00
0.174190,4.495099,0.996363,0.44871,10.00
0.174200,4.522472,1.078847,0.44835,10.00
0.174210,4.552261,1.157554,0.44783,10.00
0.174220,4.585371,1.231967,0.44708,10.00
0.174230,4.621577,1.301514,0.44610,10.00
0.174240,4.660628,1.365653,0.44490,10.00
0.174250,4.702363,1.423880,0.44349,10.00
0.174260,4.746814,1.475680,0.44185,10.00
0.174270,4.793228,1.520600,0.44001,10.00
0.174280,4.841273,1.558271,0.43800,10.00
0.174290,4.890604,1.588376,0.43583,10.00
0.174300,4.941066,1.610650,0.43350,10.00
0.174310,4.992894,1.624791,0.43099,10.00
0.174320,5.044900,1.630587,0.42836,10.00
0.174330,5.096705,1.627950,0.42564,10.00
0.174340,5.147924,1.616854,0.42283,10.00
0.174350,5.198137,1.597339,0.41997,10.00
0.174360,5.246850,1.569521,0.41709,10.00
0.174370,5.293858,1.533578,0.41419,10.00
0.174380,5.338805,1.489732,0.41129,10.00
0.174390,5.381351,1.438265,0.40843,10.00
0.174400,5.420799,1.379519,0.40561,10.00
0.174410,5.455743,1.314068,0.40296,10.00
0.174420,5.487390,1.242480,0.40041,10.00
0.174430,5.515489,1.165253,0.39797,10.00
0.174440,5.539817,1.082929,0.39567,10.00
0.174450,5.560580,0.996090,0.39351,10.00
0.174460,5.578822,0.905160,0.39142,10.00
0.174470,5.592755,0.810659,0.38951,10.00
0.174480,5.602256,0.713267,0.38780,10.00
0.174490,5.607232,0.613691,0.38629,10.00
0.174500,5.607720,0.512657,0.38501,10.00
0.174510,5.603975,0.410858,0.38394,10.00
0.174520,5.595624,0.309014,0.38311,10.00
0.174530,5.582707,0.207879,0.38253,10.00
0.174540,5.565296,0.108205,0.38220,10.00
0.174550,5.543332,0.010737,0.38214,10.00
0.174560,5.516456,-0.083711,0.38237,10.00
0.174570,5.485517,-0.174370,0.38287,10.00
0.174580,5.450724,-0.260549,0.38363,10.00
0.174590,5.412317,-0.341587,0.38464,10.00
0.174600,5.370306,-0.416857,0.38591,10.00
0.174610,5.324222,-0.485648,0.38748,10.00
0.174620,5.276486,-0.500000,0.38925,10.00
0.174630,5.228954,-0.500000,0.39111,10.00
0.174640,5.181638,-0.500000,0.39306,10.00
0.174650,5.134719,-0.500000,0.39509,10.00
0.174660,5.088748,-0.500000,0.39716,10.00
0.174670,5.042985,-0.500000,0.39931,10.00
0.174680,4.997429,-0.500000,0.40154,10.00
0.174690,4.952080,-0.500000,0.40385,10.00
0.174700,4.907078,-0.500000,0.40624,10.00
0.174710,4.862892,-0.497177,0.40868,10.00
0.174720,4.819233,-0.487041,0.41117,10.00
0.174730,4.776431,-0.469602,0.41372,10.00
0.174740,4.734811,-0.444951,0.41630,10.00
0.174750,4.694266,-0.413235,0.41888,10.00
0.174760,4.653833,-0.374446,0.42157,10.00
0.174770,4.615534,-0.328698,0.42423,10.00
0.174780,4.579667,-0.276294,0.42684,10.00
0.174790,4.546514,-0.217588,0.42940,10.00
0.174800,4.516573,-0.152982,0.43187,10.00
0.174810,4.490790,-0.083039,0.43418,10.00
0.174820,4.468430,-0.008326,0.43637,10.00
0.174830,4.449678,0.070630,0.43842,10.00
0.174840,4.434697,0.153264,0.44032,10.00
0.174850,4.423697,0.238983,0.44206,10.00
0.174860,4.417022,0.327130,0.44359,10.00
0.174870,4.414426,0.417039,0.44493,10.00
0.174880,4.415954,0.508052,0.44606,10.00
0.174890,4.421619,0.599500,0.44699,10.00
0.174900,4.431383,0.690709,0.44769,10.00
0.174910,4.445140,0.781009,0.44817,10.00
0.174920,4.462891,0.869734,0.44841,10.00
0.174930,4.484528,0.956217,0.44843,10.00
0.174940,4.509915,1.039806,0.44821,10.00
0.174950,4.538892,1.119866,0.44775,10.00
0.174960,4.571291,1.195781,0.44706,10.00
0.174970,4.606860,1.266964,0.44614,10.00
0.174980,4.645355,1.332863,0.44500,10.00
0.174990,4.686509,1.392962,0.44365,10.00
0.175000,4.730020,1.446784,0.44209,10.00
0.175010,4.775536,1.493905,0.44033,10.00
0.175020,4.822792,1.533944,0.43840,10.00
0.175030,4.871449,1.566568,0.43629,10.00
0.175040,4.921157,1.591496,0.43403,10.00
0.175050,4.971376,1.608502,0.43164,10.00
0.175060,5.021209,1.617503,0.42916,10.00
0.175070,5.071005,1.618450,0.42659,10.00
0.175080,5.120397,1.611291,0.42393,10.00
0.175090,5.169020,1.596038,0.42121,10.00
0.175100,5.216744,1.572759,0.41845,10.00
0.175110,5.263908,1.541474,0.41560,10.00
0.175120,5.309223,1.502295,0.41275,10.00
0.175130,5.352345,1.455471,0.40992,10.00
0.175140,5.392947,1.401309,0.40713,10.00
0.175150,5.430619,1.340170,0.40439,10.00
0.175160,5.464788,1.272517,0.40176,10.00
0.175170,5.495567,1.198846,0.39923,10.00
0.175180,5.522711,1.119671,0.39683,10.00
0.175190,5.546003,1.035549,0.39456,10.00
0.175200,5.565312,0.947077,0.39245,10.00
0.175210,5.580653,0.854857,0.39049,10.00
0.175220,5.591654,0.759535,0.38873,10.00
0.175230,5.598211,0.661798,0.38717,10.00
0.175240,5.600255,0.562357,0.38582,10.00
0.175250,5.597782,0.461940,0.38470,10.00
0.175260,5.590888,0.361269,0.38381,10.00
0.175270,5.579468,0.261076,0.38316,10.00
0.175280,5.563585,0.162107,0.38276,10.00
0.175290,5.543334,0.065099,0.38262,10.00
0.175300,5.518657,-0.029219,0.38274,10.00
0.175310,5.489161,-0.120045,0.38316,10.00
0.175320,5.455791,-0.206628,0.38384,10.00
0.175330,5.418775,-0.288305,0.38477,10.00
0.175340,5.378369,-0.364446,0.38595,10.00
0.175350,5.334799,-0.434458,0.38737,10.00
0.175360,5.288198,-0.497764,0.38904,10.00
0.175370,5.240583,-0.500000,0.39089,10.00
0.175380,5.193185,-0.500000,0.39282,10.00
0.175390,5.146002,-0.500000,0.39483,10.00
0.175400,5.099146,-0.500000,0.39693,10.00
0.175410,5.052953,-0.500000,0.39908,10.00
0.175420,5.006969,-0.500000,0.40131,10.00
0.175430,4.961194,-0.500000,0.40362,10.00
0.175440,4.915627,-0.500000,0.40602,10.00
0.175450,4.870192,-0.498003,0.40849,10.00
0.175460,4.824826,-0.488693,0.41106,10.00
0.175470,4.780294,-0.471815,0.41368,10.00
0.175480,4.736935,-0.447456,0.41634,10.00
0.175490,4.695078,-0.415756,0.41901,10.00
0.175500,4.655488,-0.376913,0.42167,10.00
0.175510,4.619794,-0.331392,0.42420,10.00
0.175520,4.586499,-0.279637,0.42667,10.00
0.175530,4.555864,-0.222002,0.42909,10.00
0.175540,4.528134,-0.158882,0.43141,10.00
0.175550,4.503163,-0.090716,0.43364,10.00
0.175560,4.480051,-0.017806,0.43584,10.00
0.175570,4.460473,0.059452,0.43791,10.00
0.175580,4.444594,0.140507,0.43984,10.00
0.175590,4.432555,0.224780,0.44160,10.00
0.175600,4.424485,0.311661,0.44318,10.00
0.175610,4.420523,0.400512,0.44458,10.00
0.175620,4.420649,0.490679,0.44577,10.00
0.175630,4.424885,0.581499,0.44676,10.00
0.175640,4.433225,0.672305,0.44753,10.00
0.175650,4.445681,0.762421,0.44807,10.00
0.175660,4.462337,0.851153,0.44837,10.00
0.175670,4.482889,0.937819,0.44844,10.00
0.175680,4.507208,1.021766,0.44828,10.00
0.175690,4.535136,1.102357,0.44788,10.00
0.175700,4.566695,1.178978,0.44725,10.00
0.175710,4.602283,1.250941,0.44634,10.00
0.175720,4.640833,1.317621,0.44521,10.00
0.175730,4.682078,1.378496,0.44386,10.00
0.175740,4.725727,1.433086,0.44230,10.00
0.175750,4.771335,1.480951,0.44055,10.00
0.175760,4.818164,1.521768,0.43864,10.00
0.175770,4.866433,1.555244,0.43657,10.00
0.175780,4.915795,1.581089,0.43434,10.00
0.175790,4.965893,1.599074,0.43196,10.00
0.175800,5.016194,1.609022,0.42947,10.00
0.175810,5.065835,1.610898,0.42692,10.00
0.175820,5.115116,1.604699,0.42428,10.00
0.175830,5.163671,1.590428,0.42157,10.00
0.175840,5.211141,1.568147,0.41882,10.00
0.175850,5.257370,1.537980,0.41604,10.00
0.175860,5.302610,1.500011,0.41321,10.00
0.175870,5.345713,1.454416,0.41039,10.00
0.175880,5.386352,1.401491,0.40761,10.00
0.175890,5.424213,1.341590,0.40488,10.00
0.175900,5.458783,1.275119,0.40224,10.00
0.175910,5.489135,1.202642,0.39974,10.00
0.175920,5.515910,1.124736,0.39737,10.00
0.175930,5.538893,1.041947,0.39513,10.00
0.175940,5.557898,0.954864,0.39304,10.00
0.175950,5.572827,0.864108,0.39113,10.00
0.175960,5.583744,0.770300,0.38938,10.00
0.175970,5.590288,0.674099,0.38784,10.00
0.175980,5.592388,0.576203,0.38651,10.00
0.175990,5.590008,0.477328,0.38540,10.00
0.176000,5.583268,0.378201,0.38452,10.00
0.176010,5.572566,0.279495,0.38385,10.00
0.176020,5.557463,0.181902,0.38343,10.00
0.176030,5.538047,0.086150,0.38326,10.00
0.176040,5.514442,-0.007042,0.38334,10.00
0.176050,5.486601,-0.096971,0.38367,10.00
0.176060,5.454106,-0.182856,0.38431,10.00
0.176070,5.417989,-0.263977,0.38521,10.00
0.176080,5.378500,-0.339708,0.38634,10.00
0.176090,5.335915,-0.409459,0.38772,10.00
0.176100,5.290740,-0.472683,0.38932,10.00
0.176110,5.244404,-0.500000,0.39109,10.00
0.176120,5.198102,-0.500000,0.39295,10.00
0.176130,5.152010,-0.500000,0.39490,10.00
0.176140,5.106127,-0.500000,0.39693,10.00
0.176150,5.060314,-0.500000,0.39904,10.00
0.176160,5.014151,-0.500000,0.40126,10.00
0.176170,4.968198,-0.500000,0.40357,10.00
0.176180,4.922454,-0.500000,0.40596,10.00
0.176190,4.876938,-0.498496,0.40843,10.00
0.176200,4.831670,-0.489961,0.41097,10.00
0.176210,4.786358,-0.473817,0.41362,10.00
0.176220,4.742190,-0.450074,0.41631,10.00
0.176230,4.699505,-0.418871,0.41901,10.00
0.176240,4.658627,-0.380400,0.42170,10.00
0.176250,4.620112,-0.334908,0.42438,10.00
0.176260,4.584970,-0.282811,0.42695,10.00
0.176270,4.552521,-0.224537,0.42946,10.00
0.176280,4.523022,-0.160487,0.43188,10.00
0.176290,4.496709,-0.091105,0.43420,10.00
0.176300,4.473710,-0.016878,0.43641,10.00
0.176310,4.453949,0.061713,0.43850,10.00
0.176320,4.437951,0.144135,0.44045,10.00
0.176330,4.425855,0.229798,0.44223,10.00
0.176340,4.417774,0.318084,0.44383,10.00
0.176350,4.413729,0.408353,0.44523,10.00
0.176360,4.413580,0.499976,0.44646,10.00
0.176370,4.417610,0.592302,0.44747,10.00
0.176380,4.425815,0.684651,0.44826,10.00
0.176390,4.438156,0.776338,0.44882,10.00
0.176400,4.454735,0.866681,0.44915,10.00
0.176410,4.475950,0.954922,0.44920,10.00
0.176420,4.500998,1.040343,0.44902,10.00
0.176430,4.529716,1.122295,0.44859,10.00
0.176440,4.561912,1.200154,0.44793,10.00
0.176450,4.597375,1.273320,0.44704,10.00
0.176460,4.635880,1.341223,0.44592,10.00
0.176470,4.677135,1.403332,0.44458,10.00
0.176480,4.720852,1.459155,0.44303,10.00
0.176490,4.766721,1.508245,0.44128,10.00
0.176500,4.814475,1.550203,0.43934,10.00
0.176510,4.863947,1.584652,0.43721,10.00
0.176520,4.914546,1.611278,0.43492,10.00
0.176530,4.965904,1.629843,0.43249,10.00
0.176540,5.017648,1.640167,0.42993,10.00
0.176550,5.069211,1.642129,0.42726,10.00
0.176560,5.119656,1.635761,0.42456,10.00
0.176570,5.169358,1.621125,0.42179,10.00
0.176580,5.217947,1.598288,0.41897,10.00
0.176590,5.265058,1.567373,0.41612,10.00
0.176600,5.310526,1.528569,0.41327,10.00
0.176610,5.354569,1.482028,0.41039,10.00
0.176620,5.396094,1.427995,0.40754,10.00
0.176630,5.434785,1.366830,0.40475,10.00
0.176640,5.470339,1.298948,0.40205,10.00
0.176650,5.502514,1.224816,0.39944,10.00
0.176660,5.531156,1.144934,0.39694,10.00
0.176670,5.555898,1.059853,0.39458,10.00
0.176680,5.576541,0.970174,0.39238,10.00
0.176690,5.592911,0.876537,0.39035,10.00
0.176700,5.604829,0.779615,0.38851,10.00
0.176710,5.612074,0.680125,0.38688,10.00
0.176720,5.614720,0.578804,0.38548,10.00
0.176730,5.612723,0.476390,0.38430,10.00
0.176740,5.606078,0.373637,0.38337,10.00
0.176750,5.594884,0.271303,0.38268,10.00
0.176760,5.579431,0.170112,0.38223,10.00
0.176770,5.559505,0.070794,0.38204,10.00
0.176780,5.535232,-0.025907,0.38211,10.00
0.176790,5.506770,-0.119260,0.38244,10.00
0.176800,5.474267,-0.208558,0.38304,10.00
0.176810,5.437821,-0.293097,0.38390,10.00
0.176820,5.397850,-0.372213,0.38502,10.00
0.176830,5.354633,-0.445293,0.38639,10.00
0.176840,5.308581,-0.500000,0.38800,10.00
0.176850,5.262025,-0.500000,0.38975,10.00
0.176860,5.215841,-0.500000,0.39158,10.00
0.176870,5.169867,-0.500000,0.39348,10.00
0.176880,5.124101,-0.500000,0.39547,10.00
0.176890,5.078543,-0.500000,0.39754,10.00
0.176900,5.033158,-0.500000,0.39969,10.00
0.176910,4.987845,-0.500000,0.40192,10.00
0.176920,4.942737,-0.500000,0.40424,10.00
0.176930,4.897834,-0.500000,0.40664,10.00
0.176940,4.853224,-0.495759,0.40911,10.00
0.176950,4.809415,-0.484098,0.41165,10.00
0.176960,4.767347,-0.465164,0.41418,10.00
0.176970,4.726523,-0.439125,0.41673,10.00
0.176980,4.687255,-0.406138,0.41929,10.00
0.176990,4.649847,-0.366412,0.42184,10.00
0.177000,4.614244,-0.320206,0.42435,10.00
0.177010,4.579698,-0.267664,0.42690,10.00
0.177020,4.547859,-0.209031,0.42939,10.00
0.177030,4.518982,-0.144711,0.43179,10.00
0.177040,4.493299,-0.075150,0.43409,10.00
0.177050,4.471078,-0.000837,0.43627,10.00
0.177060,4.452677,0.077673,0.43830,10.00
0.177070,4.438023,0.159802,0.44018,10.00
0.177080,4.427247,0.244961,0.44189,10.00
0.177090,4.420451,0.332533,0.44342,10.00
0.177100,4.417849,0.421882,0.44476,10.00
0.177110,4.419898,0.512288,0.44587,10.00
0.177120,4.426051,0.603042,0.44676,10.00
0.177130,4.436287,0.693474,0.44742,10.00
0.177140,4.450556,0.782910,0.44787,10.00
0.177150,4.468791,0.870683,0.44808,10.00
0.177160,4.490934,0.956125,0.44806,10.00
0.177170,4.516775,1.038585,0.44780,10.00
0.177180,4.546143,1.117437,0.44731,10.00
0.177190,4.578843,1.192076,0.44659,10.00
0.177200,4.614588,1.261927,0.44564,10.00
0.177210,4.652935,1.326479,0.44449,10.00
0.177220,4.693882,1.385247,0.44313,10.00
0.177230,4.737141,1.437764,0.44157,10.00
0.177240,4.782406,1.483608,0.43981,10.00
0.177250,4.829559,1.522405,0.43788,10.00
0.177260,4.878873,1.553731,0.43573,10.00
0.177270,4.929173,1.577248,0.43342,10.00
0.177280,4.980094,1.592741,0.43098,10.00
0.177290,5.031264,1.600052,0.42843,10.00
0.177300,5.082162,1.599085,0.42577,10.00
0.177310,5.131976,1.589872,0.42307,10.00
0.177320,5.180923,1.572485,0.42030,10.00
0.177330,5.228638,1.547011,0.41750,10.00
0.177340,5.274764,1.513594,0.41469,10.00
0.177350,5.318712,1.472440,0.41187,10.00
0.177360,5.359431,1.423929,0.40914,10.00
0.177370,5.397573,1.368458,0.40646,10.00
0.177380,5.432845,1.306402,0.40384,10.00
0.177390,5.464971,1.238185,0.40131,10.00
0.177400,5.493876,1.164279,0.39888,10.00
0.177410,5.519855,1.085117,0.39654,10.00
0.177420,5.541994,1.001201,0.39433,10.00
0.177430,5.560109,0.913125,0.39229,10.00
0.177440,5.574047,0.821521,0.39042,10.00
0.177450,5.583570,0.727048,0.38874,10.00
0.177460,5.588244,0.630445,0.38729,10.00
0.177470,5.588473,0.532454,0.38605,10.00
0.177480,5.584235,0.433792,0.38505,10.00
0.177490,5.575537,0.335186,0.38427,10.00
0.177500,5.562533,0.237366,0.38374,10.00
0.177510,5.545619,0.141008,0.38344,10.00
0.177520,5.524465,0.046799,0.38338,10.00
0.177530,5.499209,-0.044554,0.38357,10.00
0.177540,5.470016,-0.132359,0.38401,10.00
0.177550,5.436942,-0.215947,0.38471,10.00
0.177560,5.399789,-0.294610,0.38569,10.00
0.177570,5.359385,-0.367693,0.38691,10.00
0.177580,5.316014,-0.434626,0.38837,10.00
0.177590,5.269983,-0.494883,0.39005,10.00
0.177600,5.222834,-0.500000,0.39190,10.00
0.177610,5.175788,-0.500000,0.39385,10.00
0.177620,5.128955,-0.500000,0.39588,10.00
0.177630,5.082335,-0.500000,0.39799,10.00
0.177640,5.035926,-0.500000,0.40018,10.00
0.177650,4.989861,-0.500000,0.40246,10.00
0.177660,4.944538,-0.500000,0.40479,10.00
0.177670,4.899420,-0.499943,0.40719,10.00
0.177680,4.854612,-0.495187,0.40967,10.00
0.177690,4.810426,-0.482987,0.41222,10.00
0.177700,4.767259,-0.463396,0.41480,10.00
0.177710,4.725632,-0.436551,0.41740,10.00
0.177720,4.685604,-0.402633,0.42000,10.00
0.177730,4.647485,-0.361859,0.42258,10.00
0.177740,4.611569,-0.314495,0.42513,10.00
0.177750,4.578009,-0.260857,0.42764,10.00
0.177760,4.546687,-0.201250,0.43010,10.00
0.177770,4.518366,-0.136042,0.43248,10.00
0.177780,4.493274,-0.065687,0.43475,10.00
0.177790,4.471617,0.009319,0.43690,10.00
0.177800,4.453606,0.088444,0.43891,10.00
0.177810,4.439487,0.171110,0.44076,10.00
0.177820,4.429265,0.256712,0.44244,10.00
0.177830,4.423039,0.344631,0.44394,10.00
0.177840,4.420879,0.434228,0.44524,10.00
0.177850,4.423023,0.524846,0.44634,10.00
0.177860,4.430078,0.615724,0.44718,10.00
0.177870,4.441213,0.706125,0.44780,10.00
0.177880,4.456371,0.795376,0.44818,10.00
0.177890,4.475462,0.882810,0.44834,10.00
0.177900,4.498449,0.967769,0.44826,10.00
0.177910,4.525421,1.049572,0.44793,10.00
0.177920,4.555881,1.127570,0.44737,10.00
0.177930,4.589624,1.201166,0.44658,10.00
0.177940,4.626419,1.269791,0.44556,10.00
0.177950,4.665530,1.332909,0.44432,10.00
0.177960,4.705238,1.390258,0.44300,10.00
0.177970,4.747204,1.441538,0.44148,10.00
0.177980,4.791131,1.486336,0.43977,10.00
0.177990,4.836706,1.524287,0.43789,10.00
0.178000,4.883691,1.555073,0.43584,10.00
0.178010,4.932009,1.578386,0.43363,10.00
0.178020,4.980956,1.593985,0.43129,10.00
0.178030,5.030175,1.601714,0.42882,10.00
0.178040,5.079305,1.601473,0.42627,10.00
0.178050,5.128040,1.593224,0.42363,10.00
0.178060,5.176192,1.576955,0.42092,10.00
0.178070,5.223169,1.552728,0.41816,10.00
0.178080,5.268621,1.520679,0.41539,10.00
0.178090,5.312204,1.481005,0.41262,10.00
0.178100,5.353813,1.433958,0.40987,10.00
0.178110,5.393808,1.379739,0.40710,10.00
0.178120,5.430972,1.318639,0.40440,10.00
0.178130,5.465018,1.251073,0.40177,10.00
0.178140,5.495678,1.177508,0.39925,10.00
0.178150,5.522525,1.098457,0.39685,10.00
0.178160,5.544790,1.014565,0.39463,10.00
0.178170,5.563031,0.926487,0.39258,10.00
0.178180,5.577094,0.834854,0.39069,10.00
0.178190,5.586854,0.740324,0.38900,10.00
0.178200,5.592250,0.643583,0.38751,10.00
0.178210,5.593318,0.545320,0.38622,10.00
0.178220,5.589898,0.446242,0.38516,10.00
0.178230,5.581993,0.347081,0.38434,10.00
0.178240,5.569640,0.248568,0.38376,10.00
0.178250,5.552564,0.151437,0.38343,10.00
0.178260,5.529845,0.056579,0.38343,10.00
0.178270,5.503006,-0.035180,0.38369,10.00
0.178280,5.472227,-0.123145,0.38421,10.00
0.178290,5.437716,-0.206646,0.38498,10.00
0.178300,5.399841,-0.285040,0.38600,10.00
0.178310,5.359261,-0.357784,0.38723,10.00
0.178320,5.315730,-0.424352,0.38870,10.00
0.178330,5.269557,-0.484221,0.39039,10.00
0.178340,5.221860,-0.500000,0.39227,10.00
0.178350,5.174710,-0.500000,0.39424,10.00
0.178360,5.129268,-0.500000,0.39620,10.00
0.178370,5.084032,-0.500000,0.39824,10.00
0.178380,5.039001,-0.500000,0.40036,10.00
0.178390,4.994174,-0.500000,0.40256,10.00
0.178400,4.949175,-0.500000,0.40485,10.00
0.178410,4.902880,-0.499990,0.40730,10.00
0.178420,4.856895,-0.495363,0.40984,10.00
0.178430,4.811536,-0.483108,0.41243,10.00
0.178440,4.767145,-0.463278,0.41508,10.00
0.178450,4.724353,-0.435980,0.41775,10.00
0.178460,4.684363,-0.401520,0.42035,10.00
0.178470,4.646305,-0.360210,0.42293,10.00
0.178480,4.610475,-0.312321,0.42548,10.00
0.178490,4.577152,-0.258174,0.42798,10.00
0.178500,4.546707,-0.198137,0.43041,10.00
0.178510,4.519706,-0.132678,0.43272,10.00
0.178520,4.495934,-0.062288,0.43492,10.00
0.178530,4.475586,0.012537,0.43700,10.00
0.178540,4.458834,0.091265,0.43893,10.00
0.178550,4.445640,0.173333,0.44072,10.00
0.178560,4.435577,0.258239,0.44238,10.00
0.178570,4.429477,0.345427,0.44386,10.00
0.178580,4.427408,0.434262,0.44514,10.00
0.178590,4.429408,0.524096,0.44623,10.00
0.178600,4.435704,0.614267,0.44710,10.00
0.178610,4.446925,0.704003,0.44770,10.00
0.178620,4.462136,0.792568,0.44807,10.00
0.178630,4.481249,0.879299,0.44822,10.00
0.178640,4.504145,0.963544,0.44813,10.00
0.178650,4.530681,1.044664,0.44781,10.00
0.178660,4.560691,1.122041,0.44726,10.00
0.178670,4.593960,1.195081,0.44648,10.00
0.178680,4.630260,1.263218,0.44548,10.00
0.178690,4.669341,1.325923,0.44426,10.00
0.178700,4.710746,1.382702,0.44283,10.00
0.178710,4.753631,1.433193,0.44125,10.00
0.178720,4.798433,1.477046,0.43949,10.00
0.178730,4.844832,1.513903,0.43755,10.00
0.178740,4.892495,1.543453,0.43545,10.00
0.178750,4.940881,1.565439,0.43321,10.00
0.178760,4.989051,1.579752,0.43088,10.00
0.178770,5.037441,1.586310,0.42845,10.00
0.178780,5.085695,1.585023,0.42592,10.00
0.178790,5.133458,1.575858,0.42331,10.00
0.178800,5.180362,1.558843,0.42065,10.00
0.178810,5.226025,1.534066,0.41796,10.00
0.178820,5.270147,1.501675,0.41525,10.00
0.178830,5.312398,1.461869,0.41254,10.00
0.178840,5.352454,1.414903,0.40986,10.00
0.178850,5.390176,1.361087,0.40722,10.00
0.178860,5.425770,1.300704,0.40460,10.00
0.178870,5.458291,1.234113,0.40206,10.00
0.178880,5.487485,1.161774,0.39963,10.00
0.178890,5.513120,1.084191,0.39732,10.00
0.178900,5.534954,1.001912,0.39514,10.00
0.178910,5.552702,0.915538,0.39313,10.00
0.178920,5.566354,0.825699,0.39129,10.00
0.178930,5.575789,0.733040,0.38963,10.00
0.178940,5.580916,0.638233,0.38817,10.00
0.178950,5.581628,0.541968,0.38693,10.00
0.178960,5.577760,0.444974,0.38592,10.00
0.178970,5.569506,0.347979,0.38514,10.00
0.178980,5.556905,0.251702,0.38459,10.00
0.178990,5.540030,0.156858,0.38429,10.00
0.179000,5.519085,0.064158,0.38424,10.00
0.179010,5.494504,-0.025750,0.38441,10.00
0.179020,5.466047,-0.112217,0.38483,10.00
0.179030,5.433906,-0.194587,0.38549,10.00
0.179040,5.398299,-0.272227,0.38640,10.00
0.179050,5.359626,-0.344539,0.38754,10.00
0.179060,5.318606,-0.411031,0.38888,10.00
0.179070,5.274925,-0.471230,0.39044,10.00
0.179080,5.229287,-0.500000,0.39219,10.00
0.179090,5.183638,-0.500000,0.39406,10.00
0.179100,5.137983,-0.500000,0.39600,10.00
0.179110,5.091684,-0.500000,0.39808,10.00
0.179120,5.045595,-0.500000,0.40024,10.00
0.179130,4.999715,-0.500000,0.40248,10.00
0.179140,4.954043,-0.500000,0.40480,10.00
0.179150,4.908632,-0.500000,0.40721,10.00
0.179160,4.863721,-0.496151,0.40967,10.00
0.179170,4.819391,-0.484856,0.41221,10.00
0.179180,4.775977,-0.466161,0.41478,10.00
0.179190,4.733807,-0.440165,0.41739,10.00
0.179200,4.693229,-0.407025,0.42000,10.00
0.179210,4.654629,-0.366960,0.42259,10.00
0.179220,4.618206,-0.320240,0.42516,10.00
0.179230,4.584241,-0.267176,0.42767,10.00
0.179240,4.553002,-0.208130,0.43012,10.00
0.179250,4.524727,-0.143507,0.43248,10.00
0.179260,4.499614,-0.073752,0.43474,10.00
0.179270,4.477908,0.000647,0.43688,10.00
0.179280,4.459790,0.079164,0.43888,10.00
0.179290,4.445416,0.161237,0.44073,10.00
0.179300,4.434912,0.246278,0.44241,10.00
0.179310,4.428371,0.333672,0.44392,10.00
0.179320,4.425874,0.422785,0.44523,10.00
0.179330,4.427463,0.512966,0.44634,10.00
0.179340,4.433151,0.603551,0.44724,10.00
0.179350,4.443014,0.693872,0.44791,10.00
0.179360,4.457292,0.783211,0.44834,10.00
0.179370,4.475515,0.870870,0.44854,10.00
0.179380,4.497572,0.956190,0.44851,10.00
0.179390,4.523320,1.038528,0.44824,10.00
0.179400,4.552480,1.117256,0.44775,10.00
0.179410,4.584522,1.191827,0.44705,10.00
0.179420,4.619675,1.261702,0.44612,10.00
0.179430,4.657699,1.326339,0.44498,10.00
0.179440,4.698328,1.385231,0.44362,10.00
0.179450,4.741647,1.437911,0.44207,10.00
0.179460,4.788450,1.483778,0.44023,10.00
0.179470,4.836924,1.522338,0.43820,10.00
0.179480,4.886721,1.553267,0.43601,10.00
0.179490,4.937481,1.576295,0.43367,10.00
0.179500,4.988530,1.591209,0.43119,10.00
0.179510,5.038585,1.598003,0.42867,10.00
0.179520,5.088500,1.596682,0.42605,10.00
0.179530,5.137907,1.587214,0.42336,10.00
0.179540,5.186438,1.569624,0.42061,10.00
0.179550,5.233754,1.544001,0.41782,10.00
0.179560,5.279564,1.510481,0.41501,10.00
0.179570,5.323435,1.469264,0.41220,10.00
0.179580,5.365032,1.420614,0.40941,10.00
0.179590,5.404039,1.364852,0.40667,10.00
0.179600,5.440131,1.302354,0.40400,10.00
0.179610,5.472961,1.233558,0.40142,10.00
0.179620,5.502360,1.158946,0.39894,10.00
0.179630,5.528094,1.079042,0.39659,10.00
0.179640,5.549954,0.994407,0.39439,10.00
0.179650,5.567711,0.905645,0.39234,10.00
0.179660,5.581060,0.813415,0.39048,10.00
0.179670,5.590086,0.718398,0.38882,10.00
0.179680,5.594699,0.621282,0.38736,10.00
0.179690,5.594845,0.522776,0.38612,10.00
0.179700,5.590317,0.423601,0.38510,10.00
0.179710,5.580576,0.324577,0.38437,10.00
0.179720,5.566409,0.226496,0.38388,10.00
0.179730,5.547900,0.130090,0.38365,10.00
0.179740,5.525163,0.036081,0.38367,10.00
0.179750,5.498364,-0.054822,0.38394,10.00
0.179760,5.467732,-0.141939,0.38446,10.00
0.179770,5.433405,-0.224611,0.38523,10.00
0.179780,5.395619,-0.302201,0.38625,10.00
0.179790,5.354636,-0.374110,0.38751,10.00
0.179800,5.310869,-0.439775,0.38900,10.00
0.179810,5.264996,-0.498737,0.39068,10.00
0.179820,5.218230,-0.500000,0.39253,10.00
0.179830,5.171677,-0.500000,0.39446,10.00
0.179840,5.125334,-0.500000,0.39647,10.00
0.179850,5.079508,-0.500000,0.39857,10.00
0.179860,5.035112,-0.500000,0.40067,10.00
0.179870,4.990917,-0.500000,0.40284,10.00
0.179880,4.946923,-0.500000,0.40510,10.00
0.179890,4.903129,-0.499954,0.40743,10.00
0.179900,4.859362,-0.495385,0.40984,10.00
0.179910,4.815114,-0.483461,0.41238,10.00
0.179920,4.771809,-0.464144,0.41496,10.00
0.179930,4.729776,-0.437539,0.41756,10.00
0.179940,4.689336,-0.403807,0.42017,10.00
0.179950,4.651034,-0.363159,0.42277,10.00
0.179960,4.615865,-0.315974,0.42528,10.00
0.179970,4.583164,-0.262644,0.42774,10.00
0.179980,4.553191,-0.203531,0.43012,10.00
0.179990,4.526184,-0.139045,0.43242,10.00
0.180000,4.501905,-0.069634,0.43461,10.00
0.180010,4.479193,0.004432,0.43680,10.00
0.180020,4.460064,0.082775,0.43885,10.00
0.180030,4.444679,0.164836,0.44075,10.00
0.180040,4.433174,0.250027,0.44248,10.00
0.180050,4.425746,0.337734,0.44404,10.00
0.180060,4.422733,0.427276,0.44538,10.00
0.180070,4.423830,0.517973,0.44652,10.00
0.180080,4.429053,0.609157,0.44745,10.00
0.180090,4.438386,0.700155,0.44816,10.00
0.180100,4.451896,0.790293,0.44864,10.00
0.180110,4.469833,0.878844,0.44887,10.00
0.180120,4.491646,0.965109,0.44886,10.00
0.180130,4.517197,1.048436,0.44862,10.00
0.180140,4.546318,1.128193,0.44814,10.00
0.180150,4.579098,1.203769,0.44743,10.00
0.180160,4.616162,1.274446,0.44642,10.00
0.180170,4.656116,1.339582,0.44518,10.00
0.180180,4.698681,1.398666,0.44373,10.00
0.180190,4.743558,1.451227,0.44208,10.00
0.180200,4.790008,1.496843,0.44023,10.00
0.180210,4.836444,1.535340,0.43831,10.00
0.180220,4.884219,1.566532,0.43622,10.00
0.180230,4.932986,1.590149,0.43398,10.00
0.180240,4.982393,1.605975,0.43161,10.00
0.180250,5.032276,1.613853,0.42912,10.00
0.180260,5.082866,1.613586,0.42649,10.00
0.180270,5.132989,1.605069,0.42377,10.00
0.180280,5.182274,1.588321,0.42099,10.00
0.180290,5.230352,1.563423,0.41817,10.00
0.180300,5.276724,1.530517,0.41533,10.00
0.180310,5.320618,1.489870,0.41252,10.00
0.180320,5.362266,1.441789,0.40974,10.00
0.180330,5.401347,1.386591,0.40700,10.00
0.180340,5.437562,1.324646,0.40433,10.00
0.180350,5.470589,1.256378,0.40174,10.00
0.180360,5.500049,1.182277,0.39927,10.00
0.180370,5.525868,1.102876,0.39692,10.00
0.180380,5.547836,1.018732,0.39471,10.00
0.180390,5.565771,0.930445,0.39267,10.00
0.180400,5.579848,0.838646,0.39079,10.00
0.180410,5.590918,0.743838,0.38903,10.00
0.180420,5.597568,0.646603,0.38746,10.00
0.180430,5.599726,0.547648,0.38611,10.00
0.180440,5.597355,0.447695,0.38499,10.00
0.180450,5.590258,0.347480,0.38410,10.00
0.180460,5.577892,0.247835,0.38350,10.00
0.180470,5.561096,0.149563,0.38315,10.00
0.180480,5.539973,0.053399,0.38306,10.00
0.180490,5.514656,-0.039935,0.38322,10.00
0.180500,5.485292,-0.129733,0.38364,10.00
0.180510,5.452014,-0.215302,0.38432,10.00
0.180520,5.415135,-0.295978,0.38526,10.00
0.180530,5.374911,-0.371139,0.38644,10.00
0.180540,5.331624,-0.440199,0.38786,10.00
0.180550,5.285592,-0.500000,0.38951,10.00
0.180560,5.238716,-0.500000,0.39132,10.00
0.180570,5.192053,-0.500000,0.39321,10.00
0.180580,5.145602,-0.500000,0.39519,10.00
0.180590,5.099362,-0.500000,0.39725,10.00
0.180600,5.053186,-0.500000,0.39939,10.00
0.180610,5.006641,-0.500000,0.40165,10.00
0.180620,4.960307,-0.500000,0.40400,10.00
0.180630,4.914184,-0.500000,0.40642,10.00
0.180640,4.868313,-0.497457,0.40893,10.00
0.180650,4.823077,-0.487439,0.41150,10.00
0.180660,4.779145,-0.469911,0.41410,10.00
0.180670,4.736409,-0.444998,0.41672,10.00
0.180680,4.695194,-0.412847,0.41936,10.00
0.180690,4.655819,-0.373660,0.42199,10.00
0.180700,4.618602,-0.327690,0.42459,10.00
0.180710,4.583884,-0.275250,0.42714,10.00
0.180720,4.551871,-0.216702,0.42963,10.00
0.180730,4.522817,-0.152448,0.43204,10.00
0.180740,4.496955,-0.082933,0.43434,10.00
0.180750,4.474450,-0.008647,0.43652,10.00
0.180760,4.455348,0.069908,0.43858,10.00
0.180770,4.440001,0.152187,0.44049,10.00
0.180780,4.428544,0.237600,0.44223,10.00
0.180790,4.421085,0.325529,0.44379,10.00
0.180800,4.417824,0.415337,0.44516,10.00
0.180810,4.419172,0.506308,0.44630,10.00
0.180820,4.424655,0.597737,0.44722,10.00
0.180830,4.434259,0.688947,0.44793,10.00
0.180840,4.447935,0.779262,0.44841,10.00
0.180850,4.465739,0.868007,0.44865,10.00
0.180860,4.487952,0.954452,0.44863,10.00
0.180870,4.513909,1.037904,0.44838,10.00
0.180880,4.543437,1.117728,0.44788,10.00
0.180890,4.576339,1.193313,0.44716,10.00
0.180900,4.612248,1.264076,0.44621,10.00
0.180910,4.650485,1.329538,0.44507,10.00
0.180920,4.691364,1.389231,0.44371,10.00
0.180930,4.734597,1.442684,0.44216,10.00
0.180940,4.779878,1.489467,0.44041,10.00
0.180950,4.827060,1.529197,0.43848,10.00
0.180960,4.876317,1.561462,0.43633,10.00
0.180970,4.926604,1.585925,0.43403,10.00
0.180980,4.977554,1.602365,0.43160,10.00
0.180990,5.028797,1.610617,0.42904,10.00
0.181000,5.079849,1.610577,0.42638,10.00
0.181010,5.130014,1.602253,0.42367,10.00
0.181020,5.179349,1.585698,0.42089,10.00
0.181030,5.227487,1.560989,0.41807,10.00
0.181040,5.274066,1.528268,0.41524,10.00
0.181050,5.318962,1.487734,0.41240,10.00
0.181060,5.362509,1.439536,0.40952,10.00
0.181070,5.403468,1.383919,0.40669,10.00
0.181080,5.441524,1.321255,0.40392,10.00
0.181090,5.476382,1.251971,0.40123,10.00
0.181100,5.507542,1.176544,0.39865,10.00
0.181110,5.534073,1.095611,0.39625,10.00
0.181120,5.556678,1.009816,0.39399,10.00
0.181130,5.575169,0.919767,0.39189,10.00
0.181140,5.589390,0.826109,0.38998,10.00
0.181150,5.599021,0.729517,0.38825,10.00
0.181160,5.603390,0.630783,0.38679,10.00
0.181170,5.603220,0.530689,0.38554,10.00
0.181180,5.598490,0.429970,0.38453,10.00
0.181190,5.589212,0.329366,0.38376,10.00
0.181200,5.575718,0.229625,0.38324,10.00
0.181210,5.558938,0.131351,0.38289,10.00
0.181220,5.537831,0.035186,0.38280,10.00
0.181230,5.512530,-0.058145,0.38297,10.00
0.181240,5.483204,-0.147938,0.38340,10.00
0.181250,5.450113,-0.233509,0.38408,10.00
0.181260,5.413672,-0.314233,0.38499,10.00
0.181270,5.373880,-0.389509,0.38615,10.00
0.181280,5.331015,-0.458749,0.38755,10.00
0.181290,5.285661,-0.500000,0.38918,10.00
0.181300,5.239962,-0.500000,0.39092,10.00
0.181310,5.193948,-0.500000,0.39278,10.00
0.181320,5.148143,-0.500000,0.39472,10.00
0.181330,5.102546,-0.500000,0.39675,10.00
0.181340,5.057156,-0.500000,0.39885,10.00
0.181350,5.012037,-0.500000,0.40103,10.00
0.181360,4.967384,-0.500000,0.40328,10.00
0.181370,4.922934,-0.500000,0.40560,10.00
0.181380,4.878700,-0.498867,0.40801,10.00
0.181390,4.834888,-0.491114,0.41048,10.00
0.181400,4.791771,-0.476053,0.41301,10.00
0.181410,4.749512,-0.453730,0.41558,10.00
0.181420,4.708653,-0.424256,0.41818,10.00
0.181430,4.669507,-0.387813,0.42077,10.00
0.181440,4.632377,-0.344635,0.42333,10.00
0.181450,4.597594,-0.295007,0.42586,10.00
0.181460,4.565562,-0.239285,0.42832,10.00
0.181470,4.536360,-0.177863,0.43070,10.00
0.181480,4.510222,-0.111168,0.43299,10.00
0.181490,4.487362,-0.039667,0.43517,10.00
0.181500,4.467800,0.036136,0.43721,10.00
0.181510,4.451196,0.115782,0.43916,10.00
0.181520,4.438373,0.198756,0.44095,10.00
0.181530,4.429450,0.284459,0.44256,10.00
0.181540,4.424516,0.372272,0.44400,10.00
0.181550,4.423702,0.461554,0.44523,10.00
0.181560,4.427250,0.551616,0.44625,10.00
0.181570,4.434873,0.641773,0.44705,10.00
0.181580,4.446538,0.731356,0.44762,10.00
0.181590,4.462184,0.819699,0.44798,10.00
0.181600,4.481627,0.906140,0.44810,10.00
0.181610,4.504475,0.990073,0.44801,10.00
0.181620,4.530944,1.070891,0.44770,10.00
0.181630,4.560861,1.147979,0.44715,10.00
0.181640,4.594024,1.220746,0.44637,10.00
0.181650,4.630293,1.288630,0.44538,10.00
0.181660,4.669673,1.351062,0.44414,10.00
0.181670,4.711546,1.407521,0.44270,10.00
0.181680,4.755617,1.457558,0.44106,10.00
0.181690,4.801574,1.500768,0.43923,10.00
0.181700,4.849092,1.536795,0.43723,10.00
0.181710,4.897837,1.565333,0.43507,10.00
0.181720,4.947446,1.586130,0.43276,10.00
0.181730,4.997558,1.598990,0.43032,10.00
0.181740,5.047807,1.603776,0.42777,10.00
0.181750,5.097661,1.600411,0.42513,10.00
0.181760,5.146270,1.588953,0.42246,10.00
0.181770,5.193920,1.569497,0.41974,10.00
0.181780,5.240255,1.542145,0.41698,10.00
0.181790,5.284928,1.507057,0.41421,10.00
0.181800,5.327758,1.464452,0.41145,10.00
0.181810,5.368891,1.414530,0.40868,10.00
0.181820,5.407379,1.357571,0.40596,10.00
0.181830,5.442926,1.293960,0.40331,10.00
0.181840,5.475254,1.224132,0.40075,10.00
0.181850,5.504000,1.148572,0.39829,10.00
0.181860,5.528607,1.067861,0.39600,10.00
0.181870,5.549315,0.982605,0.39385,10.00
0.181880,5.565951,0.893411,0.39186,10.00
0.181890,5.578372,0.800919,0.39006,10.00
0.181900,5.586191,0.705796,0.38844,10.00
0.181910,5.588506,0.608865,0.38711,10.00
0.181920,5.586382,0.510923,0.38600,10.00
0.181930,5.579814,0.412689,0.38511,10.00
0.181940,5.568827,0.314890,0.38447,10.00
0.181950,5.553731,0.218251,0.38406,10.00
0.181960,5.535362,0.123373,0.38385,10.00
0.181970,5.512833,0.030889,0.38388,10.00
0.181980,5.486293,-0.058506,0.38416,10.00
0.181990,5.455917,-0.144133,0.38469,10.00
0.182000,5.421938,-0.225339,0.38547,10.00
0.182010,5.384670,-0.301512,0.38649,10.00
0.182020,5.344265,-0.372070,0.38774,10.00
0.182030,5.301009,-0.436463,0.38922,10.00
0.182040,5.255207,-0.494181,0.39092,10.00
0.182050,5.208402,-0.500000,0.39279,10.00
0.182060,5.162110,-0.500000,0.39473,10.00
0.182070,5.116027,-0.500000,0.39675,10.00
0.182080,5.070153,-0.500000,0.39885,10.00
0.182090,5.024488,-0.500000,0.40103,10.00
0.182100,4.979192,-0.500000,0.40329,10.00
0.182110,4.934750,-0.500000,0.40559,10.00
0.182120,4.890517,-0.499439,0.40797,10.00
0.182130,4.846654,-0.492916,0.41043,10.00
0.182140,4.803485,-0.479096,0.41293,10.00
0.182150,4.761148,-0.458041,0.41548,10.00
0.182160,4.719401,-0.429780,0.41809,10.00
0.182170,4.679319,-0.394425,0.42071,10.00
0.182180,4.641211,-0.352201,0.42331,10.00
0.182190,4.605373,-0.303385,0.42587,10.00
0.182200,4.572113,-0.248304,0.42838,10.00
0.182210,4.541782,-0.187349,0.43080,10.00
0.182220,4.514505,-0.120951,0.43314,10.00
0.182230,4.490501,-0.049572,0.43536,10.00
0.182240,4.469968,0.026284,0.43746,10.00
0.182250,4.452901,0.106078,0.43942,10.00
0.182260,4.438914,0.189325,0.44126,10.00
0.182270,4.428850,0.275484,0.44293,10.00
0.182280,4.422805,0.363931,0.44442,10.00
0.182290,4.420847,0.454023,0.44572,10.00
0.182300,4.423011,0.545102,0.44681,10.00
0.182310,4.429288,0.636499,0.44769,10.00
0.182320,4.439676,0.727540,0.44834,10.00
0.182330,4.454123,0.817549,0.44877,10.00
0.182340,4.472543,0.905853,0.44897,10.00
0.182350,4.494867,0.991790,0.44893,10.00
0.182360,4.521075,1.074689,0.44864,10.00
0.182370,4.550828,1.153907,0.44813,10.00
0.182380,4.583925,1.228837,0.44738,10.00
0.182390,4.620141,1.298902,0.44640,10.00
0.182400,4.659251,1.363557,0.44520,10.00
0.182410,4.701055,1.422282,0.44378,10.00
0.182420,4.745161,1.474603,0.44216,10.00
0.182430,4.791257,1.520099,0.44035,10.00
0.182440,4.839013,1.558397,0.43836,10.00
0.182450,4.887977,1.589174,0.43620,10.00
0.182460,4.937471,1.612216,0.43392,10.00
0.182470,4.987572,1.627346,0.43150,10.00
0.182480,5.037912,1.634410,0.42897,10.00
0.182490,5.088122,1.633313,0.42634,10.00
0.182500,5.137885,1.624021,0.42363,10.00
0.182510,5.186991,1.606532,0.42085,10.00
0.182520,5.234858,1.580916,0.41803,10.00
0.182530,5.281128,1.547320,0.41519,10.00
0.182540,5.325451,1.505950,0.41236,10.00
0.182550,5.367568,1.457072,0.40955,10.00
0.182560,5.407387,1.400970,0.40676,10.00
0.182570,5.444291,1.337997,0.40404,10.00
0.182580,5.477994,1.268583,0.40141,10.00
0.182590,5.508230,1.193208,0.39888,10.00
0.182600,5.535020,1.112398,0.39648,10.00
0.182610,5.558924,1.026598,0.39415,10.00
0.182620,5.578703,0.936333,0.39199,10.00
0.182630,5.594190,0.842247,0.39000,10.00
0.182640,5.605250,0.745016,0.38820,10.00
0.182650,5.611604,0.645345,0.38661,10.00
0.182660,5.612660,0.544041,0.38529,10.00
0.182670,5.609089,0.441904,0.38420,10.00
0.182680,5.600895,0.339684,0.38335,10.00
0.182690,5.588116,0.238138,0.38275,10.00
0.182700,5.570686,0.138022,0.38241,10.00
0.182710,5.548298,0.040150,0.38236,10.00
0.182720,5.521652,-0.054697,0.38257,10.00
0.182730,5.490922,-0.145801,0.38305,10.00
0.182740,5.456317,-0.232468,0.38379,10.00
0.182750,5.418338,-0.314033,0.38478,10.00
0.182760,5.378039,-0.389994,0.38596,10.00
0.182770,5.334641,-0.459843,0.38738,10.00
0.182780,5.288760,-0.500000,0.38902,10.00
0.182790,5.242702,-0.500000,0.39079,10.00
0.182800,5.196769,-0.500000,0.39263,10.00
0.182810,5.150712,-0.500000,0.39458,10.00
0.182820,5.104863,-0.500000,0.39661,10.00
0.182830,5.059222,-0.500000,0.39872,10.00
0.182840,5.013789,-0.500000,0.40091,10.00
0.182850,4.968690,-0.500000,0.40319,10.00
0.182860,4.924310,-0.500000,0.40551,10.00
0.182870,4.880144,-0.499026,0.40790,10.00
0.182880,4.836387,-0.491548,0.41037,10.00
0.182890,4.793366,-0.476772,0.41289,10.00
0.182900,4.751133,-0.454768,0.41545,10.00
0.182910,4.709183,-0.425531,0.41809,10.00
0.182920,4.668946,-0.389150,0.42074,10.00
0.182930,4.630732,-0.345859,0.42336,10.00
0.182940,4.594836,-0.295942,0.42595,10.00
0.182950,4.561630,-0.239735,0.42848,10.00
0.182960,4.531638,-0.177665,0.43091,10.00
0.182970,4.504748,-0.110190,0.43324,10.00
0.182980,4.481177,-0.037781,0.43547,10.00
0.182990,4.461121,0.039050,0.43756,10.00
0.183000,4.444603,0.119756,0.43951,10.00
0.183010,4.431329,0.203831,0.44133,10.00
0.183020,4.422009,0.290715,0.44298,10.00
0.183030,4.416735,0.379781,0.44445,10.00
0.183040,4.415571,0.470378,0.44572,10.00
0.183050,4.418582,0.561843,0.44678,10.00
0.183060,4.425877,0.653487,0.44761,10.00
0.183070,4.437284,0.744619,0.44822,10.00
0.183080,4.452745,0.834562,0.44860,10.00
0.183090,4.472168,0.922643,0.44875,10.00
0.183100,4.495568,1.008198,0.44866,10.00
0.183110,4.523195,1.090517,0.44830,10.00
0.183120,4.554328,1.168928,0.44771,10.00
0.183130,4.588757,1.242830,0.44689,10.00
0.183140,4.626245,1.311651,0.44583,10.00
0.183150,4.666494,1.374854,0.44456,10.00
0.183160,4.709098,1.431962,0.44309,10.00
0.183170,4.753924,1.482532,0.44141,10.00
0.183180,4.800652,1.526155,0.43955,10.00
0.183190,4.848951,1.562471,0.43751,10.00
0.183200,4.898308,1.591173,0.43531,10.00
0.183210,4.947879,1.612086,0.43300,10.00
0.183220,4.997958,1.625066,0.43056,10.00
0.183230,5.048180,1.629976,0.42802,10.00
0.183240,5.098175,1.626737,0.42538,10.00
0.183250,5.147678,1.615328,0.42266,10.00
0.183260,5.196630,1.595742,0.41987,10.00
0.183270,5.244251,1.568047,0.41704,10.00
0.183280,5.290181,1.532405,0.41420,10.00
0.183290,5.334075,1.489038,0.41137,10.00
0.183300,5.375574,1.438225,0.40857,10.00
0.183310,5.414289,1.380316,0.40582,10.00
0.183320,5.450017,1.315710,0.40315,10.00
0.183330,5.482480,1.244849,0.40056,10.00
0.183340,5.511421,1.168225,0.39809,10.00
0.183350,5.536888,1.086375,0.39575,10.00
0.183360,5.559499,0.999743,0.39349,10.00
0.183370,5.577960,0.908857,0.39139,10.00
0.183380,5.592112,0.814367,0.38947,10.00
0.183390,5.601831,0.716954,0.38774,10.00
0.183400,5.606840,0.617322,0.38623,10.00
0.183410,5.606536,0.516286,0.38498,10.00
0.183420,5.601630,0.414645,0.38397,10.00
0.183430,5.592136,0.313148,0.38321,10.00
0.183440,5.578102,0.212547,0.38269,10.00
0.183450,5.559698,0.113592,0.38243,10.00
0.183460,5.537308,0.016980,0.38240,10.00
0.183470,5.510716,-0.076589,0.38264,10.00
0.183480,5.480099,-0.166409,0.38313,10.00
0.183490,5.445664,-0.251793,0.38388,10.00
0.183500,5.407571,-0.332087,0.38489,10.00
0.183510,5.365856,-0.406634,0.38616,10.00
0.183520,5.321118,-0.474825,0.38767,10.00
0.183530,5.274341,-0.500000,0.38939,10.00
0.183540,5.227665,-0.500000,0.39122,10.00
0.183550,5.181146,-0.500000,0.39313,10.00
0.183560,5.134622,-0.500000,0.39513,10.00
0.183570,5.088309,-0.500000,0.39721,10.00
0.183580,5.042207,-0.500000,0.39938,10.00
0.183590,4.996313,-0.500000,0.40163,10.00
0.183600,4.950804,-0.500000,0.40396,10.00
0.183610,4.906204,-0.500000,0.40633,10.00
0.183620,4.861861,-0.497001,0.40877,10.00
0.183630,4.818056,-0.486636,0.41128,10.00
0.183640,4.775120,-0.468943,0.41384,10.00
0.183650,4.733304,-0.444016,0.41642,10.00
0.183660,4.692703,-0.411967,0.41903,10.00
0.183670,4.653930,-0.372972,0.42164,10.00
0.183680,4.617286,-0.327284,0.42421,10.00
0.183690,4.583056,-0.275207,0.42674,10.00
0.183700,4.551623,-0.217094,0.42921,10.00
0.183710,4.523576,-0.153399,0.43156,10.00
0.183720,4.498687,-0.084602,0.43381,10.00
0.183730,4.477159,-0.011187,0.43594,10.00
0.183740,4.459174,0.066327,0.43794,10.00
0.183750,4.444592,0.147386,0.43978,10.00
0.183760,4.432664,0.231550,0.44154,10.00
0.183770,4.424682,0.318306,0.44312,10.00
0.183780,4.420729,0.407024,0.44451,10.00
0.183790,4.420857,0.497056,0.44570,10.00
0.183800,4.425143,0.587743,0.44669,10.00
0.183810,4.433739,0.678390,0.44744,10.00
0.183820,4.446391,0.768307,0.44798,10.00
0.183830,4.463030,0.856825,0.44828,10.00
0.183840,4.483555,0.943279,0.44835,10.00
0.183850,4.507773,1.027019,0.44818,10.00
0.183860,4.535328,1.107440,0.44781,10.00
0.183870,4.566302,1.183952,0.44719,10.00
0.183880,4.600487,1.255966,0.44636,10.00
0.183890,4.637648,1.322925,0.44530,10.00
0.183900,4.677887,1.384305,0.44402,10.00
0.183910,4.721987,1.439452,0.44245,10.00
0.183920,4.768206,1.487806,0.44068,10.00
0.183930,4.816215,1.528976,0.43872,10.00
0.183940,4.865670,1.562616,0.43659,10.00
0.183950,4.915683,1.588439,0.43430,10.00
0.183960,4.964301,1.606469,0.43200,10.00
0.183970,5.013305,1.616701,0.42959,10.00
0.183980,5.062336,1.619019,0.42707,10.00
0.183990,5.111033,1.613363,0.42447,10.00
0.184000,5.159281,1.599734,0.42180,10.00
0.184010,5.207461,1.578070,0.41902,10.00
0.184020,5.254221,1.548411,0.41621,10.00
0.184030,5.299209,1.510934,0.41340,10.00
0.184040,5.342085,1.465874,0.41060,10.00
0.184050,5.382729,1.413526,0.40784,10.00
0.184060,5.421442,1.354139,0.40507,10.00
0.184070,5.457100,1.288049,0.40239,10.00
0.184080,5.489426,1.215710,0.39980,10.00
0.184090,5.518165,1.137625,0.39732,10.00
0.184100,5.542951,1.054342,0.39498,10.00
0.184110,5.563175,0.966515,0.39282,10.00
0.184120,5.579216,0.874814,0.39084,10.00
0.184130,5.590932,0.779897,0.38904,10.00
0.184140,5.598218,0.682451,0.38744,10.00
0.184150,5.601152,0.583183,0.38606,10.00
0.184160,5.600155,0.482744,0.38486,10.00
0.184170,5.594590,0.381821,0.38390,10.00
0.184180,5.584475,0.281158,0.38318,10.00
0.184190,5.569864,0.181501,0.38271,10.00
0.184200,5.550713,0.083595,0.38249,10.00
0.184210,5.526757,-0.011766,0.38256,10.00
0.184220,5.498670,-0.103820,0.38289,10.00
0.184230,5.466640,-0.191869,0.38348,10.00
0.184240,5.430886,-0.275240,0.38433,10.00
0.184250,5.391506,-0.353291,0.38543,10.00
0.184260,5.348332,-0.425346,0.38680,10.00
0.184270,5.302263,-0.490792,0.38842,10.00
0.184280,5.254823,-0.500000,0.39022,10.00
0.184290,5.207599,-0.500000,0.39211,10.00
0.184300,5.160682,-0.500000,0.39409,10.00
0.184310,5.114351,-0.500000,0.39612,10.00
0.184320,5.068230,-0.500000,0.39824,10.00
0.184330,5.022319,-0.500000,0.40044,10.00
0.184340,4.976616,-0.500000,0.40272,10.00
0.184350,4.930804,-0.500000,0.40508,10.00
0.184360,4.883944,-0.499394,0.40760,10.00
0.184370,4.837478,-0.492456,0.41020,10.00
0.184380,4.791748,-0.477787,0.41285,10.00
0.184390,4.747101,-0.455454,0.41555,10.00
0.184400,4.704413,-0.425585,0.41827,10.00
0.184410,4.665616,-0.388621,0.42085,10.00
0.184420,4.628854,-0.344971,0.42341,10.00
0.184430,4.594415,-0.294926,0.42592,10.00
0.184440,4.562569,-0.238823,0.42838,10.00
0.184450,4.533450,-0.177046,0.43076,10.00
0.184460,4.506932,-0.109967,0.43307,10.00
0.184470,4.483713,-0.038015,0.43527,10.00
0.184480,4.463985,0.038300,0.43734,10.00
0.184490,4.447915,0.118435,0.43927,10.00
0.184500,4.435468,0.201818,0.44103,10.00
0.184510,4.426238,0.287930,0.44267,10.00
0.184520,4.421018,0.376204,0.44413,10.00
0.184530,4.419870,0.465998,0.44538,10.00
0.184540,4.422828,0.556653,0.44644,10.00
0.184550,4.430053,0.647503,0.44727,10.00
0.184560,4.441991,0.737798,0.44785,10.00
0.184570,4.457940,0.826814,0.44819,10.00
0.184580,4.477805,0.913885,0.44831,10.00
0.184590,4.501461,0.998355,0.44819,10.00
0.184600,4.528880,1.079585,0.44784,10.00
0.184610,4.560245,1.156896,0.44722,10.00
0.184620,4.594853,1.229656,0.44637,10.00
0.184630,4.632468,1.297300,0.44530,10.00
0.184640,4.672830,1.359301,0.44401,10.00
0.184650,4.715474,1.415170,0.44252,10.00
0.184660,4.759552,1.464548,0.44087,10.00
0.184670,4.805486,1.507094,0.43903,10.00
0.184680,4.852947,1.542456,0.43702,10.00
0.184690,4.901594,1.570335,0.43486,10.00
0.184700,4.951186,1.590485,0.43255,10.00
0.184710,5.001687,1.602662,0.43008,10.00
0.184720,5.052290,1.606698,0.42751,10.00
0.184730,5.102623,1.602522,0.42484,10.00
0.184740,5.152315,1.590120,0.42210,10.00
0.184750,5.200914,1.569540,0.41932,10.00
0.184760,5.247818,1.540930,0.41652,10.00
0.184770,5.292997,1.504487,0.41371,10.00
0.184780,5.336109,1.460437,0.41091,10.00
0.184790,5.376826,1.409068,0.40814,10.00
0.184800,5.414764,1.350720,0.40543,10.00
0.184810,5.449415,1.285823,0.40281,10.00
0.184820,5.480796,1.214848,0.40028,10.00
0.184830,5.508661,1.138286,0.39787,10.00
0.184840,5.532786,1.056676,0.39558,10.00
0.184850,5.553133,0.970594,0.39345,10.00
0.184860,5.570003,0.880580,0.39145,10.00
0.184870,5.582619,0.787226,0.38962,10.00
0.184880,5.590868,0.691207,0.38799,10.00
0.184890,5.594666,0.593219,0.38657,10.00
0.184900,5.593901,0.493977,0.38537,10.00
0.184910,5.588365,0.394241,0.38442,10.00
0.184920,5.578334,0.294765,0.38371,10.00
0.184930,5.563860,0.196288,0.38324,10.00
0.184940,5.545028,0.099544,0.38303,10.00
0.184950,5.521752,0.005258,0.38307,10.00
0.184960,5.493577,-0.085761,0.38341,10.00
0.184970,5.461508,-0.172756,0.38402,10.00
0.184980,5.425761,-0.255064,0.38487,10.00
0.184990,5.386586,-0.332049,0.38598,10.00
0.185000,5.344539,-0.403114,0.38732,10.00
0.185010,5.300769,-0.467840,0.38883,10.00
0.185020,5.254843,-0.500000,0.39055,10.00
0.185030,5.208870,-0.500000,0.39238,10.00
0.185040,5.163106,-0.500000,0.39429,10.00
0.185050,5.117426,-0.500000,0.39628,10.00
0.185060,5.071457,-0.500000,0.39838,10.00
0.185070,5.025697,-0.500000,0.40056,10.00
0.185080,4.980144,-0.500000,0.40283,10.00
0.185090,4.934798,-0.500000,0.40517,10.00
0.185100,4.889579,-0.499598,0.40760,10.00
0.185110,4.844391,-0.493329,0.41012,10.00
0.185120,4.799897,-0.479543,0.41270,10.00
0.185130,4.756435,-0.458303,0.41532,10.00
0.185140,4.714333,-0.429729,0.41796,10.00
0.185150,4.673931,-0.393994,0.42060,10.00
0.185160,4.635590,-0.351335,0.42323,10.00
0.185170,4.599539,-0.302036,0.42581,10.00
0.185180,4.566063,-0.246430,0.42834,10.00
0.185190,4.535424,-0.184894,0.43079,10.00
0.185200,4.507818,-0.117855,0.43315,10.00
0.185210,4.483326,-0.045757,0.43542,10.00
0.185220,4.462341,0.030907,0.43755,10.00
0.185230,4.445043,0.111592,0.43954,10.00
0.185240,4.431579,0.195723,0.44138,10.00
0.185250,4.422173,0.282692,0.44304,10.00
0.185260,4.417214,0.371823,0.44449,10.00
0.185270,4.416365,0.462434,0.44574,10.00
0.185280,4.419656,0.553861,0.44678,10.00
0.185290,4.427086,0.645431,0.44761,10.00
0.185300,4.438602,0.736466,0.44821,10.00
0.185310,4.454076,0.826298,0.44858,10.00
0.185320,4.473506,0.914264,0.44873,10.00
0.185330,4.496774,0.999702,0.44864,10.00
0.185340,4.523728,1.081965,0.44831,10.00
0.185350,4.554226,1.160426,0.44775,10.00
0.185360,4.588171,1.234468,0.44695,10.00
0.185370,4.625186,1.303506,0.44593,10.00
0.185380,4.665017,1.367003,0.44468,10.00
0.185390,4.707385,1.424459,0.44322,10.00
0.185400,4.751930,1.475416,0.44156,10.00
0.185410,4.798148,1.519492,0.43973,10.00
0.185420,4.845961,1.556346,0.43772,10.00
0.185430,4.895025,1.585664,0.43555,10.00
0.185440,4.944986,1.607191,0.43322,10.00
0.185450,4.995316,1.620726,0.43077,10.00
0.185460,5.045161,1.626205,0.42825,10.00
0.185470,5.094809,1.623597,0.42564,10.00
0.185480,5.143892,1.612879,0.42294,10.00
0.185490,5.192046,1.594086,0.42020,10.00
0.185500,5.239494,1.567316,0.41742,10.00
0.185510,5.287618,1.532445,0.41448,10.00
0.185520,5.333722,1.489498,0.41154,10.00
0.185530,5.377454,1.438753,0.40862,10.00
0.185540,5.418480,1.380542,0.40576,10.00
0.185550,5.456185,1.315259,0.40296,10.00
0.185560,5.489379,1.243493,0.40032,10.00
0.185570,5.519004,1.165838,0.39780,10.00
0.185580,5.544824,1.082838,0.39541,10.00
0.185590,5.566629,0.995080,0.39317,10.00
0.185600,5.584167,0.903187,0.39110,10.00
0.185610,5.597076,0.807853,0.38924,10.00
0.185620,5.605525,0.709788,0.38757,10.00
0.185630,5.609428,0.609703,0.38611,10.00
0.185640,5.608735,0.508329,0.38488,10.00
0.185650,5.603521,0.406409,0.38389,10.00
0.185660,5.594083,0.304651,0.38311,10.00
0.185670,5.580091,0.203777,0.38259,10.00
0.185680,5.561629,0.104539,0.38232,10.00
0.185690,5.538809,0.007680,0.38231,10.00
0.185700,5.511701,-0.086070,0.38257,10.00
0.185710,5.480244,-0.175962,0.38310,10.00
0.185720,5.444974,-0.261286,0.38389,10.00
0.185730,5.406133,-0.341386,0.38494,10.00
0.185740,5.363991,-0.415641,0.38624,10.00
0.185750,5.319009,-0.483472,0.38777,10.00
0.185760,5.272973,-0.500000,0.38947,10.00
0.185770,5.227111,-0.500000,0.39126,10.00
0.185780,5.181458,-0.500000,0.39312,10.00
0.185790,5.136011,-0.500000,0.39507,10.00
0.185800,5.090405,-0.500000,0.39710,10.00
0.185810,5.043546,-0.500000,0.39930,10.00
0.185820,4.996898,-0.500000,0.40159,10.00
0.185830,4.950463,-0.500000,0.40395,10.00
0.185840,4.904238,-0.500000,0.40640,10.00
0.185850,4.858426,-0.496590,0.40893,10.00
0.185860,4.813733,-0.485620,0.41149,10.00
0.185870,4.769944,-0.467174,0.41410,10.00
0.185880,4.727392,-0.441353,0.41674,10.00
0.185890,4.686402,-0.408309,0.41938,10.00
0.185900,4.647305,-0.368249,0.42201,10.00
0.185910,4.610456,-0.321444,0.42461,10.00
0.185920,4.576074,-0.268209,0.42717,10.00
0.185930,4.544430,-0.208907,0.42965,10.00
0.185940,4.515776,-0.143945,0.43205,10.00
0.185950,4.490232,-0.073775,0.43434,10.00
0.185960,4.467676,0.001162,0.43654,10.00
0.185970,4.448741,0.080372,0.43861,10.00
0.185980,4.433588,0.163290,0.44052,10.00
0.185990,4.422354,0.249321,0.44226,10.00
0.186000,4.415452,0.337843,0.44383,10.00
0.186010,4.413879,0.428065,0.44512,10.00
0.186020,4.416434,0.519228,0.44620,10.00
0.186030,4.423124,0.610659,0.44707,10.00
0.186040,4.433923,0.701684,0.44772,10.00
0.186050,4.448753,0.791626,0.44814,10.00
0.186060,4.467457,0.879823,0.44833,10.00
0.186070,4.490015,0.965619,0.44829,10.00
0.186080,4.516282,1.048367,0.44801,10.00
0.186090,4.546087,1.127437,0.44750,10.00
0.186100,4.579451,1.202224,0.44675,10.00
0.186110,4.616810,1.272044,0.44573,10.00
0.186120,4.657016,1.336281,0.44448,10.00
0.186130,4.699791,1.394431,0.44302,10.00
0.186140,4.744833,1.446030,0.44135,10.00
0.186150,4.791503,1.490661,0.43949,10.00
0.186160,4.838514,1.528111,0.43754,10.00
0.186170,4.886809,1.558168,0.43542,10.00
0.186180,4.936042,1.580569,0.43315,10.00
0.186190,4.985854,1.595108,0.43075,10.00
0.186200,5.036062,1.601636,0.42824,10.00
0.186210,5.086834,1.599976,0.42559,10.00
0.186220,5.137075,1.590037,0.42285,10.00
0.186230,5.186413,1.571851,0.42006,10.00
0.186240,5.234478,1.545507,0.41723,10.00
0.186250,5.280896,1.511158,0.41439,10.00
0.186260,5.325270,1.469023,0.41155,10.00
0.186270,5.367326,1.419378,0.40874,10.00
0.186280,5.406741,1.362551,0.40597,10.00
0.186290,5.443212,1.298925,0.40328,10.00
0.186300,5.476442,1.228934,0.40067,10.00
0.186310,5.506125,1.153070,0.39817,10.00
0.186320,5.532084,1.071868,0.39580,10.00
0.186330,5.554109,0.985902,0.39358,10.00
0.186340,5.572019,0.895783,0.39152,10.00
0.186350,5.585619,0.802155,0.38964,10.00
0.186360,5.594670,0.705713,0.38796,10.00
0.186370,5.599244,0.607169,0.38649,10.00
0.186380,5.599285,0.507241,0.38525,10.00
0.186390,5.594772,0.406662,0.38423,10.00
0.186400,5.585538,0.306172,0.38345,10.00
0.186410,5.571100,0.206602,0.38297,10.00
0.186420,5.552253,0.108750,0.38274,10.00
0.186430,5.529117,0.013350,0.38277,10.00
0.186440,5.501840,-0.078879,0.38306,10.00
0.186450,5.470994,-0.167238,0.38360,10.00
0.186460,5.437945,-0.251239,0.38430,10.00
0.186470,5.401366,-0.330364,0.38525,10.00
0.186480,5.361509,-0.404001,0.38644,10.00
0.186490,5.318656,-0.471575,0.38786,10.00
0.186500,5.273299,-0.500000,0.38950,10.00
0.186510,5.226469,-0.500000,0.39133,10.00
0.186520,5.179852,-0.500000,0.39325,10.00
0.186530,5.133447,-0.500000,0.39525,10.00
0.186540,5.087252,-0.500000,0.39733,10.00
0.186550,5.041476,-0.500000,0.39949,10.00
0.186560,4.996739,-0.500000,0.40169,10.00
0.186570,4.952205,-0.500000,0.40396,10.00
0.186580,4.907874,-0.500000,0.40631,10.00
0.186590,4.863794,-0.497186,0.40873,10.00
0.186600,4.820190,-0.487080,0.41123,10.00
0.186610,4.777242,-0.469665,0.41378,10.00
0.186620,4.735477,-0.445017,0.41636,10.00
0.186630,4.695213,-0.413282,0.41895,10.00
0.186640,4.656761,-0.374658,0.42153,10.00
0.186650,4.620106,-0.329397,0.42409,10.00
0.186660,4.584607,-0.277648,0.42668,10.00
0.186670,4.551789,-0.219663,0.42920,10.00
0.186680,4.521911,-0.155838,0.43165,10.00
0.186690,4.495213,-0.086617,0.43399,10.00
0.186700,4.472375,-0.012484,0.43622,10.00
0.186710,4.454962,0.065814,0.43820,10.00
0.186720,4.441277,0.147570,0.44002,10.00
0.186730,4.431444,0.232196,0.44168,10.00
0.186740,4.425558,0.319079,0.44315,10.00
0.186750,4.423430,0.407588,0.44444,10.00
0.186760,4.424327,0.497199,0.44559,10.00
0.186770,4.429303,0.587337,0.44653,10.00
0.186780,4.438344,0.677336,0.44725,10.00
0.186790,4.451408,0.766530,0.44775,10.00
0.186800,4.468627,0.854251,0.44802,10.00
0.186810,4.490509,0.939744,0.44801,10.00
0.186820,4.516092,1.022298,0.44777,10.00
0.186830,4.545210,1.101285,0.44729,10.00
0.186840,4.577668,1.176100,0.44659,10.00
0.186850,4.612914,1.246167,0.44566,10.00
0.186860,4.649719,1.311103,0.44459,10.00
0.186870,4.689154,1.370504,0.44331,10.00
0.186880,4.730943,1.423901,0.44183,10.00
0.186890,4.774792,1.470868,0.44016,10.00
0.186900,4.820539,1.511021,0.43831,10.00
0.186910,4.868308,1.543956,0.43626,10.00
0.186920,4.917151,1.569340,0.43405,10.00
0.186930,4.966712,1.586946,0.43170,10.00
0.186940,5.016631,1.596603,0.42924,10.00
0.186950,5.066309,1.598196,0.42667,10.00
0.186960,5.114681,1.591784,0.42407,10.00
0.186970,5.162326,1.577447,0.42141,10.00
0.186980,5.208890,1.555250,0.41871,10.00
0.186990,5.254025,1.525315,0.41598,10.00
0.187000,5.297416,1.487823,0.41325,10.00
0.187010,5.338811,1.442999,0.41053,10.00
0.187020,5.377792,1.391128,0.40785,10.00
0.187030,5.414059,1.332557,0.40522,10.00
0.187040,5.447331,1.267684,0.40267,10.00
0.187050,5.477613,1.196956,0.40022,10.00
0.187060,5.505464,1.120737,0.39781,10.00
0.187070,5.529591,1.039477,0.39554,10.00
0.187080,5.549798,0.953750,0.39341,10.00
0.187090,5.565916,0.864167,0.39145,10.00
0.187100,5.577632,0.771372,0.38967,10.00
0.187110,5.584317,0.676118,0.38813,10.00
0.187120,5.586601,0.579154,0.38680,10.00
0.187130,5.584445,0.481189,0.38569,10.00
0.187140,5.577843,0.382942,0.38482,10.00
0.187150,5.566717,0.285139,0.38418,10.00
0.187160,5.550806,0.188559,0.38381,10.00
0.187170,5.530636,0.093956,0.38369,10.00
0.187180,5.506336,0.002042,0.38382,10.00
0.187190,5.478066,-0.086490,0.38420,10.00
0.187200,5.445945,-0.170965,0.38484,10.00
0.187210,5.409985,-0.250704,0.38574,10.00
0.187220,5.370713,-0.325069,0.38688,10.00
0.187230,5.328406,-0.393482,0.38826,10.00
0.187240,5.283362,-0.455405,0.38986,10.00
0.187250,5.236356,-0.500000,0.39168,10.00
0.187260,5.190407,-0.500000,0.39355,10.00
0.187270,5.144667,-0.500000,0.39549,10.00
0.187280,5.099134,-0.500000,0.39752,10.00
0.187290,5.053808,-0.500000,0.39962,10.00
0.187300,5.008501,-0.500000,0.40181,10.00
0.187310,4.962660,-0.500000,0.40412,10.00
0.187320,4.917026,-0.500000,0.40652,10.00
0.187330,4.871640,-0.497630,0.40899,10.00
0.187340,4.826764,-0.487904,0.41154,10.00
0.187350,4.782887,-0.470696,0.41413,10.00
0.187360,4.740784,-0.446167,0.41672,10.00
0.187370,4.700180,-0.414508,0.41931,10.00
0.187380,4.661387,-0.375917,0.42190,10.00
0.187390,4.624703,-0.330645,0.42447,10.00
0.187400,4.590254,-0.278992,0.42699,10.00
0.187410,4.557826,-0.221231,0.42948,10.00
0.187420,4.528326,-0.157705,0.43189,10.00
0.187430,4.501988,-0.088856,0.43421,10.00
0.187440,4.479027,-0.015166,0.43641,10.00
0.187450,4.459608,0.062845,0.43847,10.00
0.187460,4.443820,0.144632,0.44039,10.00
0.187470,4.431904,0.229617,0.44215,10.00
0.187480,4.423970,0.317188,0.44373,10.00
0.187490,4.420102,0.406708,0.44512,10.00
0.187500,4.420645,0.497525,0.44631,10.00
0.187510,4.426499,0.588830,0.44721,10.00
0.187520,4.436465,0.679854,0.44789,10.00
0.187530,4.450492,0.769921,0.44835,10.00
0.187540,4.468499,0.858359,0.44857,10.00
0.187550,4.490187,0.944503,0.44856,10.00
0.187560,4.514845,1.027795,0.44837,10.00
0.187570,4.543081,1.107664,0.44794,10.00
0.187580,4.574704,1.183501,0.44728,10.00
0.187590,4.609501,1.254722,0.44639,10.00
0.187600,4.647206,1.320775,0.44529,10.00
0.187610,4.687476,1.381156,0.44397,10.00
0.187620,4.730139,1.435398,0.44245,10.00
0.187630,4.774890,1.483064,0.44074,10.00
0.187640,4.821414,1.523768,0.43884,10.00
0.187650,4.869447,1.557171,0.43678,10.00
0.187660,4.918859,1.582953,0.43454,10.00
0.187670,4.969003,1.600858,0.43216,10.00
0.187680,5.019513,1.610713,0.42966,10.00
0.187690,5.070019,1.612402,0.42705,10.00
0.187700,5.120065,1.605870,0.42436,10.00
0.187710,5.169029,1.591161,0.42162,10.00
0.187720,5.216882,1.568369,0.41884,10.00
0.187730,5.263267,1.537620,0.41604,10.00
0.187740,5.307834,1.499098,0.41322,10.00
0.187750,5.350137,1.453049,0.41043,10.00
0.187760,5.389527,1.399826,0.40770,10.00
0.187770,5.426139,1.339821,0.40504,10.00
0.187780,5.459686,1.273440,0.40245,10.00
0.187790,5.489906,1.201144,0.39996,10.00
0.187800,5.516773,1.123434,0.39759,10.00
0.187810,5.540707,1.040757,0.39530,10.00
0.187820,5.560658,0.953628,0.39316,10.00
0.187830,5.576459,0.862669,0.39119,10.00
0.187840,5.587972,0.768534,0.38941,10.00
0.187850,5.595220,0.671902,0.38783,10.00
0.187860,5.598513,0.573414,0.38643,10.00
0.187870,5.597288,0.473748,0.38525,10.00
0.187880,5.591531,0.373634,0.38430,10.00
0.187890,5.581264,0.273812,0.38359,10.00
0.187900,5.566420,0.175023,0.38313,10.00
0.187910,5.546733,0.078059,0.38295,10.00
0.187920,5.522804,-0.016313,0.38303,10.00
0.187930,5.494789,-0.107381,0.38337,10.00
0.187940,5.462876,-0.194453,0.38396,10.00
0.187950,5.427301,-0.276865,0.38481,10.00
0.187960,5.388370,-0.353991,0.38590,10.00
0.187970,5.346274,-0.425239,0.38723,10.00
0.187980,5.301310,-0.490051,0.38879,10.00
0.187990,5.254948,-0.500000,0.39054,10.00
0.188000,5.208478,-0.500000,0.39238,10.00
0.188010,5.160952,-0.500000,0.39438,10.00
0.188020,5.113641,-0.500000,0.39646,10.00
0.188030,5.066545,-0.500000,0.39863,10.00
0.188040,5.019663,-0.500000,0.40088,10.00
0.188050,4.973038,-0.500000,0.40322,10.00
0.188060,4.926804,-0.500000,0.40562,10.00
0.188070,4.880793,-0.498976,0.40811,10.00
0.188080,4.835208,-0.491180,0.41067,10.00
0.188090,4.790391,-0.475794,0.41328,10.00
0.188100,4.746866,-0.452893,0.41593,10.00
0.188110,4.705519,-0.422697,0.41856,10.00
0.188120,4.665922,-0.385453,0.42118,10.00
0.188130,4.628381,-0.341399,0.42377,10.00
0.188140,4.593188,-0.290827,0.42633,10.00
0.188150,4.560592,-0.234079,0.42883,10.00
0.188160,4.530769,-0.171529,0.43125,10.00
0.188170,4.504068,-0.103603,0.43358,10.00
0.188180,4.480705,-0.030775,0.43579,10.00
0.188190,4.460874,0.046439,0.43787,10.00
0.188200,4.444601,0.127491,0.43981,10.00
0.188210,4.431606,0.211868,0.44162,10.00
0.188220,4.422575,0.299007,0.44326,10.00
0.188230,4.417600,0.388278,0.44471,10.00
0.188240,4.416740,0.479029,0.44596,10.00
0.188250,4.420328,0.570596,0.44700,10.00
0.188260,4.429263,0.662159,0.44774,10.00
0.188270,4.442293,0.752941,0.44827,10.00
0.188280,4.459346,0.842267,0.44856,10.00
0.188290,4.480319,0.929466,0.44861,10.00
0.188300,4.504593,1.013882,0.44843,10.00
0.188310,4.530561,1.095107,0.44814,10.00
0.188320,4.559999,1.172679,0.44762,10.00
0.188330,4.592710,1.246005,0.44687,10.00
0.188340,4.628470,1.314519,0.44589,10.00
0.188350,4.667381,1.377688,0.44471,10.00
0.188360,4.710211,1.434847,0.44322,10.00
0.188370,4.755263,1.485430,0.44153,10.00
0.188380,4.802217,1.529026,0.43965,10.00
0.188390,4.850736,1.565276,0.43760,10.00
0.188400,4.900363,1.593873,0.43538,10.00
0.188410,4.950406,1.614616,0.43305,10.00
0.188420,5.000946,1.627348,0.43058,10.00
0.188430,5.051612,1.631931,0.42801,10.00
0.188440,5.102033,1.628287,0.42534,10.00
0.188450,5.151884,1.616401,0.42260,10.00
0.188460,5.200944,1.596293,0.41979,10.00
0.188470,5.248647,1.568053,0.41695,10.00
0.188480,5.294634,1.531846,0.41410,10.00
0.188490,5.338558,1.487899,0.41125,10.00
0.188500,5.380121,1.436496,0.40844,10.00
0.188510,5.419113,1.377961,0.40567,10.00
0.188520,5.455086,1.312677,0.40297,10.00
0.188530,5.487761,1.241093,0.40037,10.00
0.188540,5.516879,1.163706,0.39788,10.00
0.188550,5.542202,1.081057,0.39552,10.00
0.188560,5.563503,0.993734,0.39331,10.00
0.188570,5.580632,0.902361,0.39127,10.00
0.188580,5.593443,0.807593,0.38941,10.00
0.188590,5.601820,0.710115,0.38775,10.00
0.188600,5.605560,0.610632,0.38631,10.00
0.188610,5.604262,0.509929,0.38512,10.00
0.188620,5.598386,0.408782,0.38416,10.00
0.188630,5.587954,0.307937,0.38345,10.00
0.188640,5.573019,0.208142,0.38298,10.00
0.188650,5.553960,0.110143,0.38278,10.00
0.188660,5.531766,0.014533,0.38275,10.00
0.188670,5.505414,-0.078062,0.38299,10.00
0.188680,5.475079,-0.166938,0.38348,10.00
0.188690,5.440967,-0.251421,0.38422,10.00
0.188700,5.403120,-0.330860,0.38522,10.00
0.188710,5.361231,-0.404550,0.38651,10.00
0.188720,5.316361,-0.471854,0.38804,10.00
0.188730,5.269391,-0.500000,0.38978,10.00
0.188740,5.222464,-0.500000,0.39163,10.00
0.188750,5.175736,-0.500000,0.39356,10.00
0.188760,5.129160,-0.500000,0.39557,10.00
0.188770,5.082795,-0.500000,0.39767,10.00
0.188780,5.036640,-0.500000,0.39985,10.00
0.188790,4.990695,-0.500000,0.40212,10.00
0.188800,4.945180,-0.500000,0.40446,10.00
0.188810,4.900758,-0.500000,0.40683,10.00
0.188820,4.856624,-0.495865,0.40927,10.00
0.188830,4.813077,-0.484393,0.41178,10.00
0.188840,4.770447,-0.465632,0.41433,10.00
0.188850,4.728783,-0.439683,0.41690,10.00
0.188860,4.687582,-0.406568,0.41956,10.00
0.188870,4.648262,-0.366408,0.42220,10.00
0.188880,4.611130,-0.319464,0.42481,10.00
0.188890,4.576473,-0.266049,0.42738,10.00
0.188900,4.544616,-0.206524,0.42988,10.00
0.188910,4.515966,-0.141325,0.43227,10.00
0.188920,4.490547,-0.070921,0.43457,10.00
0.188930,4.468569,0.004193,0.43674,10.00
0.188940,4.450214,0.083484,0.43877,10.00
0.188950,4.435668,0.166386,0.44065,10.00
0.188960,4.425145,0.252291,0.44235,10.00
0.188970,4.418633,0.340568,0.44387,10.00
0.188980,4.416207,0.430576,0.44520,10.00
0.188990,4.417907,0.521656,0.44632,10.00
0.189000,4.423667,0.613139,0.44723,10.00
0.189010,4.433236,0.704387,0.44794,10.00
0.189020,4.446881,0.794746,0.44842,10.00
0.189030,4.464524,0.883543,0.44867,10.00
0.189040,4.486057,0.970112,0.44869,10.00
0.189050,4.511576,1.053798,0.44847,10.00
0.189060,4.541609,1.133855,0.44796,10.00
0.189070,4.575022,1.209595,0.44721,10.00
0.189080,4.611589,1.280434,0.44623,10.00
0.189090,4.651057,1.345822,0.44503,10.00
0.189100,4.693147,1.405244,0.44362,10.00
0.189110,4.737546,1.458233,0.44200,10.00
0.189120,4.783962,1.504363,0.44019,10.00
0.189130,4.832065,1.543255,0.43819,10.00
0.189140,4.881509,1.574584,0.43603,10.00
0.189150,4.931802,1.598078,0.43371,10.00
0.189160,4.982176,1.613585,0.43129,10.00
0.189170,5.032804,1.620994,0.42876,10.00
0.189180,5.083316,1.620205,0.42612,10.00
0.189190,5.133339,1.611181,0.42341,10.00
0.189200,5.182652,1.593945,0.42063,10.00
0.189210,5.231338,1.568510,0.41778,10.00
0.189220,5.278428,1.534970,0.41491,10.00
0.189230,5.323567,1.493533,0.41204,10.00
0.189240,5.366411,1.444462,0.40919,10.00
0.189250,5.406376,1.388081,0.40639,10.00
0.189260,5.442384,1.324894,0.40371,10.00
0.189270,5.475188,1.255414,0.40113,10.00
0.189280,5.504532,1.180123,0.39865,10.00
0.189290,5.530179,1.099548,0.39630,10.00
0.189300,5.551978,1.014257,0.39410,10.00
0.189310,5.569906,0.924832,0.39204,10.00
0.189320,5.583597,0.831895,0.39016,10.00
0.189330,5.592930,0.736116,0.38847,10.00
0.189340,5.597813,0.638189,0.38699,10.00
0.189350,5.598150,0.538827,0.38573,10.00
0.189360,5.593796,0.438778,0.38471,10.00
0.189370,5.584922,0.338791,0.38393,10.00
0.189380,5.571570,0.239608,0.38339,10.00
0.189390,5.553818,0.141965,0.38311,10.00
0.189400,5.531831,0.046595,0.38308,10.00
0.189410,5.505915,-0.045812,0.38329,10.00
0.189420,5.476021,-0.134574,0.38375,10.00
0.189430,5.442351,-0.219014,0.38448,10.00
0.189440,5.405135,-0.298486,0.38545,10.00
0.189450,5.364707,-0.372375,0.38666,10.00
0.189460,5.321573,-0.440140,0.38809,10.00
0.189470,5.275750,-0.500000,0.38975,10.00
0.189480,5.229098,-0.500000,0.39157,10.00
0.189490,5.182657,-0.500000,0.39348,10.00
0.189500,5.136339,-0.500000,0.39546,10.00
0.189510,5.089879,-0.500000,0.39755,10.00
0.189520,5.043630,-0.500000,0.39972,10.00
0.189530,4.997591,-0.500000,0.40198,10.00
0.189540,4.951760,-0.500000,0.40431,10.00
0.189550,4.906115,-0.500000,0.40673,10.00
0.189560,4.860659,-0.496427,0.40923,10.00
0.189570,4.815776,-0.485311,0.41180,10.00
0.189580,4.771805,-0.466697,0.41441,10.00
0.189590,4.729081,-0.440684,0.41705,10.00
0.189600,4.687925,-0.407426,0.41970,10.00
0.189610,4.648642,-0.367131,0.42234,10.00
0.189620,4.611551,-0.320059,0.42495,10.00
0.189630,4.576941,-0.266524,0.42751,10.00
0.189640,4.545085,-0.206890,0.43000,10.00
0.189650,4.516226,-0.141567,0.43241,10.00
0.189660,4.490568,-0.071004,0.43472,10.00
0.189670,4.468359,0.004305,0.43690,10.00
0.189680,4.449784,0.083827,0.43894,10.00
0.189690,4.435003,0.166995,0.44083,10.00
0.189700,4.424365,0.253211,0.44256,10.00
0.189710,4.418624,0.341747,0.44404,10.00
0.189720,4.416971,0.431890,0.44533,10.00
0.189730,4.419445,0.522978,0.44641,10.00
0.189740,4.426049,0.614343,0.44728,10.00
0.189750,4.436750,0.705308,0.44792,10.00
0.189760,4.451457,0.795202,0.44834,10.00
0.189770,4.470131,0.883357,0.44853,10.00
0.189780,4.492657,0.969111,0.44849,10.00
0.189790,4.518891,1.051816,0.44820,10.00
0.189800,4.548646,1.130842,0.44769,10.00
0.189810,4.581678,1.205592,0.44695,10.00
0.189820,4.617821,1.275493,0.44598,10.00
0.189830,4.656826,1.340003,0.44479,10.00
0.189840,4.698423,1.398615,0.44339,10.00
0.189850,4.742230,1.450863,0.44178,10.00
0.189860,4.787673,1.496369,0.44001,10.00
0.189870,4.834783,1.534789,0.43806,10.00
0.189880,4.883221,1.565801,0.43594,10.00
0.189890,4.932639,1.589136,0.43367,10.00
0.189900,4.982840,1.604580,0.43127,10.00
0.189910,5.033944,1.611900,0.42871,10.00
0.189920,5.084923,1.610944,0.42605,10.00
0.189930,5.135402,1.601676,0.42331,10.00
0.189940,5.185004,1.584121,0.42050,10.00
0.189950,5.233260,1.558366,0.41766,10.00
0.189960,5.279504,1.524605,0.41483,10.00
0.189970,5.323794,1.483080,0.41200,10.00
0.189980,5.365794,1.434057,0.40919,10.00
0.189990,5.405183,1.377860,0.40643,10.00
0.190000,5.441888,1.314866,0.40374,10.00
0.190010,5.476317,1.245394,0.40107,10.00
0.190020,5.507271,1.169850,0.39851,10.00
0.190030,5.534503,1.088761,0.39608,10.00
0.190040,5.557795,1.002698,0.39378,10.00
0.190050,5.576693,0.912271,0.39165,10.00
0.190060,5.590256,0.818254,0.38976,10.00
0.190070,5.599412,0.721408,0.38807,10.00
0.190080,5.604072,0.622435,0.38659,10.00
0.190090,5.604179,0.522057,0.38533,10.00
0.190100,5.599683,0.421008,0.38430,10.00
0.190110,5.590513,0.320047,0.38352,10.00
0.190120,5.576825,0.219930,0.38299,10.00
0.190130,5.558696,0.121403,0.38272,10.00
0.190140,5.536241,0.025203,0.38270,10.00
0.190150,5.509798,-0.067945,0.38293,10.00
0.190160,5.480128,-0.157430,0.38338,10.00
0.190170,5.446647,-0.242634,0.38408,10.00
0.190180,5.409583,-0.322903,0.38504,10.00
0.190190,5.369195,-0.397618,0.38624,10.00
0.190200,5.325442,-0.466196,0.38768,10.00
0.190210,5.278105,-0.500000,0.38942,10.00
0.190220,5.230720,-0.500000,0.39127,10.00
0.190230,5.183550,-0.500000,0.39321,10.00
0.190240,5.136593,-0.500000,0.39523,10.00
0.190250,5.090037,-0.500000,0.39733,10.00
0.190260,5.044439,-0.500000,0.39947,10.00
0.190270,4.999048,-0.500000,0.40169,10.00
0.190280,4.953863,-0.500000,0.40399,10.00
0.190290,4.908883,-0.500000,0.40637,10.00
0.190300,4.864091,-0.497163,0.40883,10.00
0.190310,4.819562,-0.486903,0.41137,10.00
0.190320,4.775903,-0.469203,0.41395,10.00
0.190330,4.733447,-0.444156,0.41657,10.00
0.190340,4.692516,-0.411909,0.41920,10.00
0.190350,4.653431,-0.372666,0.42182,10.00
0.190360,4.616510,-0.326682,0.42442,10.00
0.190370,4.582019,-0.274266,0.42696,10.00
0.190380,4.550230,-0.215772,0.42944,10.00
0.190390,4.521395,-0.151604,0.43183,10.00
0.190400,4.495865,-0.082206,0.43413,10.00
0.190410,4.474198,-0.008124,0.43627,10.00
0.190420,4.456105,0.070081,0.43828,10.00
0.190430,4.441742,0.151851,0.44014,10.00
0.190440,4.431237,0.236597,0.44183,10.00
0.190450,4.424907,0.323707,0.44334,10.00
0.190460,4.423465,0.412444,0.44460,10.00
0.190470,4.426083,0.502089,0.44566,10.00
0.190480,4.432766,0.591982,0.44651,10.00
0.190490,4.443488,0.681460,0.44714,10.00
0.190500,4.458086,0.769855,0.44755,10.00
0.190510,4.476152,0.856559,0.44775,10.00
0.190520,4.498010,0.940956,0.44773,10.00
0.190530,4.523520,1.022407,0.44747,10.00
0.190540,4.552515,1.100294,0.44699,10.00
0.190550,4.584674,1.174021,0.44628,10.00
0.190560,4.619400,1.243080,0.44537,10.00
0.190570,4.656964,1.306975,0.44425,10.00
0.190580,4.697103,1.365207,0.44293,10.00
0.190590,4.739537,1.417313,0.44140,10.00
0.190600,4.783855,1.462875,0.43968,10.00
0.190610,4.829407,1.501575,0.43781,10.00
0.190620,4.876314,1.533125,0.43579,10.00
0.190630,4.924239,1.557255,0.43361,10.00
0.190640,4.972834,1.573745,0.43130,10.00
0.190650,5.021784,1.582433,0.42887,10.00
0.190660,5.070847,1.583195,0.42633,10.00
0.190670,5.119504,1.575971,0.42371,10.00
0.190680,5.167395,1.560771,0.42103,10.00
0.190690,5.214163,1.537666,0.41831,10.00
0.190700,5.259527,1.506786,0.41556,10.00
0.190710,5.303349,1.468285,0.41279,10.00
0.190720,5.345023,1.422385,0.41005,10.00
0.190730,5.384231,1.369387,0.40734,10.00
0.190740,5.420671,1.309647,0.40469,10.00
0.190750,5.453818,1.243571,0.40212,10.00
0.190760,5.482691,1.171730,0.39971,10.00
0.190770,5.508030,1.094706,0.39742,10.00
0.190780,5.529630,1.013040,0.39527,10.00
0.190790,5.547315,0.927313,0.39327,10.00
0.190800,5.560960,0.838138,0.39144,10.00
0.190810,5.570523,0.746144,0.38979,10.00
0.190820,5.575807,0.651989,0.38834,10.00
0.190830,5.576753,0.556359,0.38710,10.00
0.190840,5.573332,0.459953,0.38607,10.00
0.190850,5.565577,0.363481,0.38528,10.00
0.190860,5.553608,0.267644,0.38471,10.00
0.190870,5.537380,0.173144,0.38438,10.00
0.190880,5.516990,0.080688,0.38430,10.00
0.190890,5.492571,-0.009029,0.38447,10.00
0.190900,5.464364,-0.095328,0.38488,10.00
0.190910,5.432805,-0.177592,0.38552,10.00
0.190920,5.397782,-0.255218,0.38640,10.00
0.190930,5.359535,-0.327607,0.38752,10.00
0.190940,5.318334,-0.394196,0.38886,10.00
0.190950,5.274629,-0.454460,0.39043,10.00
0.190960,5.229280,-0.500000,0.39216,10.00
0.190970,5.183481,-0.500000,0.39403,10.00
0.190980,5.137890,-0.500000,0.39598,10.00
0.190990,5.092506,-0.500000,0.39802,10.00
0.191000,5.047231,-0.500000,0.40013,10.00
0.191010,5.001779,-0.500000,0.40234,10.00
0.191020,4.956533,-0.500000,0.40464,10.00
0.191030,4.911492,-0.500000,0.40702,10.00
0.191040,4.866719,-0.496676,0.40947,10.00
0.191050,4.822410,-0.485932,0.41199,10.00
0.191060,4.778625,-0.467764,0.41458,10.00
0.191070,4.736063,-0.442239,0.41720,10.00
0.191080,4.695050,-0.409508,0.41983,10.00
0.191090,4.655899,-0.369776,0.42245,10.00
0.191100,4.619000,-0.323302,0.42504,10.00
0.191110,4.584899,-0.270436,0.42756,10.00
0.191120,4.553516,-0.211566,0.43001,10.00
0.191130,4.525101,-0.147096,0.43238,10.00
0.191140,4.499882,-0.077475,0.43464,10.00
0.191150,4.478160,-0.003193,0.43679,10.00
0.191160,4.460402,0.075179,0.43877,10.00
0.191170,4.446378,0.157051,0.44060,10.00
0.191180,4.436214,0.241833,0.44226,10.00
0.191190,4.430008,0.328913,0.44375,10.00
0.191200,4.427761,0.417657,0.44504,10.00
0.191210,4.429311,0.507449,0.44615,10.00
0.191220,4.434941,0.597651,0.44704,10.00
0.191230,4.444634,0.687596,0.44772,10.00
0.191240,4.458341,0.776616,0.44818,10.00
0.191250,4.476024,0.864047,0.44840,10.00
0.191260,4.497692,0.949213,0.44839,10.00
0.191270,4.523048,1.031460,0.44814,10.00
0.191280,4.551927,1.110161,0.44767,10.00
0.191290,4.584134,1.184715,0.44696,10.00
0.191300,4.619414,1.254548,0.44603,10.00
0.191310,4.657409,1.319135,0.44489,10.00
0.191320,4.698008,1.377984,0.44353,10.00
0.191330,4.740926,1.430626,0.44198,10.00
0.191340,4.785858,1.476640,0.44023,10.00
0.191350,4.832526,1.515650,0.43831,10.00
0.191360,4.880720,1.547309,0.43621,10.00
0.191370,4.929924,1.571331,0.43396,10.00
0.191380,4.979782,1.587497,0.43157,10.00
0.191390,5.029929,1.595647,0.42906,10.00
0.191400,5.080118,1.595677,0.42646,10.00
0.191410,5.130338,1.587486,0.42374,10.00
0.191420,5.179733,1.571053,0.42096,10.00
0.191430,5.227937,1.546456,0.41814,10.00
0.191440,5.274586,1.513833,0.41530,10.00
0.191450,5.318963,1.473384,0.41245,10.00
0.191460,5.359638,1.425544,0.40973,10.00
0.191470,5.397768,1.370745,0.40704,10.00
0.191480,5.433057,1.309357,0.40442,10.00
0.191490,5.465231,1.241800,0.40189,10.00
0.191500,5.494445,1.168540,0.39946,10.00
0.191510,5.521687,1.089894,0.39705,10.00
0.191520,5.545099,1.006284,0.39478,10.00
0.191530,5.564491,0.918303,0.39266,10.00
0.191540,5.579698,0.826579,0.39072,10.00
0.191550,5.590450,0.731770,0.38896,10.00
0.191560,5.596234,0.634631,0.38744,10.00
0.191570,5.597539,0.535910,0.38614,10.00
0.191580,5.594333,0.436332,0.38506,10.00
0.191590,5.586617,0.336629,0.38422,10.00
0.191600,5.574330,0.237538,0.38362,10.00
0.191610,5.557254,0.139842,0.38329,10.00
0.191620,5.535879,0.044303,0.38322,10.00
0.191630,5.510343,-0.048362,0.38340,10.00
0.191640,5.480812,-0.137449,0.38384,10.00
0.191650,5.447481,-0.222283,0.38454,10.00
0.191660,5.410560,-0.302208,0.38548,10.00
0.191670,5.370328,-0.376607,0.38667,10.00
0.191680,5.327067,-0.444900,0.38810,10.00
0.191690,5.281142,-0.500000,0.38975,10.00
0.191700,5.234339,-0.500000,0.39156,10.00
0.191710,5.186823,-0.500000,0.39351,10.00
0.191720,5.139523,-0.500000,0.39554,10.00
0.191730,5.092437,-0.500000,0.39765,10.00
0.191740,5.045564,-0.500000,0.39985,10.00
0.191750,4.998996,-0.500000,0.40213,10.00
0.191760,4.953006,-0.500000,0.40447,10.00
0.191770,4.907225,-0.500000,0.40690,10.00
0.191780,4.861723,-0.496335,0.40940,10.00
0.191790,4.816800,-0.485125,0.41196,10.00
0.191800,4.773021,-0.466412,0.41457,10.00
0.191810,4.731394,-0.440407,0.41716,10.00
0.191820,4.691328,-0.407338,0.41975,10.00
0.191830,4.653133,-0.367413,0.42233,10.00
0.191840,4.617103,-0.320892,0.42487,10.00
0.191850,4.583668,-0.268086,0.42737,10.00
0.191860,4.553533,-0.209425,0.42976,10.00
0.191870,4.526345,-0.145362,0.43207,10.00
0.191880,4.502325,-0.076343,0.43427,10.00
0.191890,4.481668,-0.002855,0.43635,10.00
0.191900,4.464115,0.074583,0.43829,10.00
0.191910,4.448522,0.155624,0.44019,10.00
0.191920,4.436766,0.239828,0.44193,10.00
0.191930,4.428955,0.326585,0.44350,10.00
0.191940,4.425171,0.415268,0.44487,10.00
0.191950,4.425628,0.505228,0.44605,10.00
0.191960,4.430835,0.595726,0.44697,10.00
0.191970,4.440122,0.686043,0.44768,10.00
0.191980,4.453445,0.775508,0.44816,10.00
0.191990,4.470726,0.863453,0.44842,10.00
0.192000,4.492109,0.949218,0.44844,10.00
0.192010,4.518188,1.032039,0.44817,10.00
0.192020,4.547809,1.111207,0.44767,10.00
0.192030,4.580773,1.186115,0.44693,10.00
0.192040,4.616858,1.256187,0.44596,10.00
0.192050,4.655457,1.320878,0.44478,10.00
0.192060,4.695242,1.379851,0.44347,10.00
0.192070,4.737358,1.432753,0.44197,10.00
0.192080,4.781508,1.479161,0.44027,10.00
0.192090,4.827377,1.518697,0.43839,10.00
0.192100,4.874847,1.551031,0.43635,10.00
0.192110,4.924201,1.575784,0.43410,10.00
0.192120,4.974242,1.592666,0.43172,10.00
0.192130,5.024602,1.601510,0.42921,10.00
0.192140,5.074914,1.602207,0.42660,10.00
0.192150,5.124813,1.594710,0.42391,10.00
0.192160,5.173949,1.579027,0.42116,10.00
0.192170,5.221929,1.555229,0.41836,10.00
0.192180,5.268394,1.523449,0.41554,10.00
0.192190,5.312993,1.483880,0.41272,10.00
0.192200,5.355346,1.436775,0.40991,10.00
0.192210,5.395003,1.382463,0.40716,10.00
0.192220,5.431828,1.321320,0.40447,10.00
0.192230,5.465535,1.253765,0.40186,10.00
0.192240,5.495861,1.180263,0.39935,10.00
0.192250,5.522467,1.101327,0.39697,10.00
0.192260,5.544851,1.017559,0.39475,10.00
0.192270,5.563215,0.929586,0.39268,10.00
0.192280,5.577405,0.838036,0.39079,10.00
0.192290,5.587295,0.743568,0.38909,10.00
0.192300,5.593089,0.646867,0.38759,10.00
0.192310,5.595612,0.548492,0.38623,10.00
0.192320,5.593630,0.449067,0.38509,10.00
0.192330,5.587134,0.349323,0.38419,10.00
0.192340,5.576151,0.249995,0.38353,10.00
0.192350,5.560430,0.151822,0.38312,10.00
0.192360,5.539143,0.055685,0.38303,10.00
0.192370,5.513666,-0.037593,0.38321,10.00
0.192380,5.484167,-0.127308,0.38364,10.00
0.192390,5.450845,-0.212777,0.38432,10.00
0.192400,5.413829,-0.293344,0.38526,10.00
0.192410,5.373088,-0.368342,0.38647,10.00
0.192420,5.329296,-0.437153,0.38792,10.00
0.192430,5.282761,-0.499237,0.38960,10.00
0.192440,5.235303,-0.500000,0.39145,10.00
0.192450,5.188224,-0.500000,0.39338,10.00
0.192460,5.142014,-0.500000,0.39535,10.00
0.192470,5.096014,-0.500000,0.39741,10.00
0.192480,5.050222,-0.500000,0.39954,10.00
0.192490,5.004638,-0.500000,0.40176,10.00
0.192500,4.959169,-0.500000,0.40406,10.00
0.192510,4.913536,-0.500000,0.40646,10.00
0.192520,4.868156,-0.497404,0.40894,10.00
0.192530,4.823300,-0.487391,0.41149,10.00
0.192540,4.779305,-0.469892,0.41409,10.00
0.192550,4.736638,-0.445000,0.41672,10.00
0.192560,4.696019,-0.412923,0.41932,10.00
0.192570,4.657229,-0.373906,0.42192,10.00
0.192580,4.620568,-0.328201,0.42449,10.00
0.192590,4.586323,-0.276113,0.42702,10.00
0.192600,4.554727,-0.217994,0.42948,10.00
0.192610,4.525932,-0.154228,0.43186,10.00
0.192620,4.500304,-0.085247,0.43414,10.00
0.192630,4.478053,-0.011535,0.43631,10.00
0.192640,4.459364,0.066386,0.43834,10.00
0.192650,4.444397,0.147961,0.44022,10.00
0.192660,4.433284,0.232604,0.44193,10.00
0.192670,4.426132,0.319704,0.44347,10.00
0.192680,4.423016,0.408627,0.44482,10.00
0.192690,4.423983,0.498725,0.44597,10.00
0.192700,4.429192,0.589336,0.44690,10.00
0.192710,4.439054,0.679722,0.44758,10.00
0.192720,4.452950,0.769167,0.44804,10.00
0.192730,4.470799,0.857001,0.44827,10.00
0.192740,4.492493,0.942567,0.44826,10.00
0.192750,4.517807,1.025217,0.44802,10.00
0.192760,4.546312,1.104367,0.44758,10.00
0.192770,4.578170,1.179439,0.44690,10.00
0.192780,4.613165,1.249855,0.44600,10.00
0.192790,4.651056,1.315070,0.44487,10.00
0.192800,4.691289,1.374572,0.44354,10.00
0.192810,4.732715,1.428031,0.44207,10.00
0.192820,4.776206,1.475112,0.44042,10.00
0.192830,4.821453,1.515432,0.43858,10.00
0.192840,4.868132,1.548658,0.43658,10.00
0.192850,4.916192,1.574506,0.43443,10.00
0.192860,4.966136,1.592608,0.43207,10.00
0.192870,5.016457,1.602696,0.42958,10.00
0.192880,5.066786,1.604654,0.42699,10.00
0.192890,5.116753,1.598423,0.42431,10.00
0.192900,5.165900,1.584008,0.42157,10.00
0.192910,5.213601,1.561514,0.41880,10.00
0.192920,5.259848,1.531091,0.41601,10.00
0.192930,5.304293,1.492925,0.41321,10.00
0.192940,5.346600,1.447256,0.41043,10.00
0.192950,5.386586,1.394383,0.40769,10.00
0.192960,5.424365,1.334591,0.40496,10.00
0.192970,5.459079,1.268242,0.40232,10.00
0.192980,5.490458,1.195791,0.39977,10.00
0.192990,5.518253,1.117744,0.39734,10.00
0.193000,5.542062,1.034648,0.39505,10.00
0.193010,5.561156,0.947178,0.39295,10.00
0.193020,5.576092,0.856016,0.39103,10.00
0.193030,5.586739,0.761818,0.38929,10.00
0.193040,5.592996,0.665264,0.38775,10.00
0.193050,5.594845,0.567058,0.38643,10.00
0.193060,5.592392,0.467895,0.38532,10.00
0.193070,5.585441,0.368488,0.38444,10.00
0.193080,5.574022,0.269572,0.38381,10.00
0.193090,5.558197,0.171881,0.38342,10.00
0.193100,5.538040,0.076146,0.38328,10.00
0.193110,5.513613,-0.016905,0.38341,10.00
0.193120,5.485164,-0.106561,0.38378,10.00
0.193130,5.452885,-0.192140,0.38441,10.00
0.193140,5.416997,-0.272988,0.38530,10.00
0.193150,5.378090,-0.348483,0.38642,10.00
0.193160,5.337464,-0.418201,0.38770,10.00
0.193170,5.294026,-0.481709,0.38920,10.00
0.193180,5.248885,-0.500000,0.39090,10.00
0.193190,5.203891,-0.500000,0.39269,10.00
0.193200,5.158860,-0.500000,0.39456,10.00
0.193210,5.113073,-0.500000,0.39657,10.00
0.193220,5.067494,-0.500000,0.39866,10.00
0.193230,5.022121,-0.500000,0.40084,10.00
0.193240,4.976954,-0.500000,0.40309,10.00
0.193250,4.931925,-0.500000,0.40542,10.00
0.193260,4.886837,-0.499364,0.40785,10.00
0.193270,4.842134,-0.492553,0.41035,10.00
0.193280,4.798146,-0.478301,0.41291,10.00
0.193290,4.755205,-0.456676,0.41551,10.00
0.193300,4.713734,-0.427800,0.41813,10.00
0.193310,4.674335,-0.391895,0.42072,10.00
0.193320,4.636929,-0.349222,0.42329,10.00
0.193330,4.601807,-0.300062,0.42583,10.00
0.193340,4.569243,-0.244745,0.42830,10.00
0.193350,4.539400,-0.183651,0.43071,10.00
0.193360,4.512228,-0.117155,0.43304,10.00
0.193370,4.488333,-0.045691,0.43526,10.00
0.193380,4.467912,0.030237,0.43736,10.00
0.193390,4.451138,0.110089,0.43931,10.00
0.193400,4.438206,0.193295,0.44111,10.00
0.193410,4.429383,0.279230,0.44272,10.00
0.193420,4.424559,0.367257,0.44415,10.00
0.193430,4.423792,0.456734,0.44538,10.00
0.193440,4.427112,0.547005,0.44641,10.00
0.193450,4.434286,0.637405,0.44722,10.00
0.193460,4.444592,0.727377,0.44787,10.00
0.193470,4.458907,0.816327,0.44829,10.00
0.193480,4.477150,0.903591,0.44848,10.00
0.193490,4.499208,0.988511,0.44845,10.00
0.193500,4.524940,1.070448,0.44818,10.00
0.193510,4.554182,1.148777,0.44768,10.00
0.193520,4.586732,1.222899,0.44695,10.00
0.193530,4.622369,1.292243,0.44600,10.00
0.193540,4.660848,1.356269,0.44482,10.00
0.193550,4.702227,1.414474,0.44344,10.00
0.193560,4.747192,1.466240,0.44177,10.00
0.193570,4.794114,1.511044,0.43992,10.00
0.193580,4.842657,1.548516,0.43788,10.00
0.193590,4.892472,1.578341,0.43567,10.00
0.193600,4.942893,1.600256,0.43332,10.00
0.193610,4.992637,1.614207,0.43091,10.00
0.193620,5.042570,1.620145,0.42839,10.00
0.193630,5.092325,1.617985,0.42577,10.00
0.193640,5.141535,1.607700,0.42308,10.00
0.193650,5.190007,1.589323,0.42033,10.00
0.193660,5.237891,1.562865,0.41751,10.00
0.193670,5.284140,1.528423,0.41466,10.00
0.193680,5.328403,1.486210,0.41182,10.00
0.193690,5.370345,1.436498,0.40901,10.00
0.193700,5.409803,1.379615,0.40625,10.00
0.193710,5.446947,1.315868,0.40351,10.00
0.193720,5.480852,1.245641,0.40086,10.00
0.193730,5.511252,1.169421,0.39832,10.00
0.193740,5.537905,1.087740,0.39590,10.00
0.193750,5.560433,1.001173,0.39363,10.00
0.193760,5.578167,0.910414,0.39157,10.00
0.193770,5.591605,0.816166,0.38968,10.00
0.193780,5.600626,0.719107,0.38800,10.00
0.193790,5.605143,0.619940,0.38652,10.00
0.193800,5.604962,0.519390,0.38526,10.00
0.193810,5.599652,0.418260,0.38428,10.00
0.193820,5.589780,0.317339,0.38353,10.00
0.193830,5.575397,0.217375,0.38304,10.00
0.193840,5.556587,0.119113,0.38280,10.00
0.193850,5.533880,0.023291,0.38282,10.00
0.193860,5.508646,-0.069569,0.38299,10.00
0.193870,5.479406,-0.158895,0.38342,10.00
0.193880,5.446360,-0.244008,0.38410,10.00
0.193890,5.409731,-0.324255,0.38503,10.00
0.193900,5.369539,-0.399018,0.38621,10.00
0.193910,5.325358,-0.467600,0.38769,10.00
0.193920,5.278927,-0.500000,0.38938,10.00
0.193930,5.232468,-0.500000,0.39119,10.00
0.193940,5.186220,-0.500000,0.39307,10.00
0.193950,5.140271,-0.500000,0.39504,10.00
0.193960,5.094884,-0.500000,0.39707,10.00
0.193970,5.049703,-0.500000,0.39918,10.00
0.193980,5.004726,-0.500000,0.40136,10.00
0.193990,4.959954,-0.500000,0.40363,10.00
0.194000,4.915289,-0.500000,0.40598,10.00
0.194010,4.870471,-0.498052,0.40843,10.00
0.194020,4.826135,-0.488927,0.41094,10.00
0.194030,4.782617,-0.472401,0.41351,10.00
0.194040,4.740246,-0.448556,0.41611,10.00
0.194050,4.699284,-0.417533,0.41873,10.00
0.194060,4.659865,-0.379494,0.42135,10.00
0.194070,4.622537,-0.334666,0.42395,10.00
0.194080,4.587591,-0.283347,0.42650,10.00
0.194090,4.555300,-0.225882,0.42900,10.00
0.194100,4.525829,-0.162666,0.43141,10.00
0.194110,4.499139,-0.094094,0.43375,10.00
0.194120,4.475817,-0.020615,0.43597,10.00
0.194130,4.456056,0.057250,0.43806,10.00
0.194140,4.440024,0.138949,0.44000,10.00
0.194150,4.427956,0.223894,0.44177,10.00
0.194160,4.420242,0.311428,0.44335,10.00
0.194170,4.416590,0.400886,0.44474,10.00
0.194180,4.417051,0.491615,0.44592,10.00
0.194190,4.421644,0.582950,0.44690,10.00
0.194200,4.430376,0.674215,0.44765,10.00
0.194210,4.443246,0.764728,0.44818,10.00
0.194220,4.460127,0.853810,0.44848,10.00
0.194230,4.480920,0.940792,0.44854,10.00
0.194240,4.505491,1.025019,0.44837,10.00
0.194250,4.533879,1.105853,0.44796,10.00
0.194260,4.566480,1.182581,0.44727,10.00
0.194270,4.602286,1.254550,0.44635,10.00
0.194280,4.641053,1.321202,0.44521,10.00
0.194290,4.682511,1.382014,0.44384,10.00
0.194300,4.726114,1.436506,0.44227,10.00
0.194310,4.770794,1.484363,0.44057,10.00
0.194320,4.817256,1.525277,0.43869,10.00
0.194330,4.865165,1.558908,0.43663,10.00
0.194340,4.914178,1.584969,0.43442,10.00
0.194350,4.964055,1.603226,0.43207,10.00
0.194360,5.014781,1.613447,0.42957,10.00
0.194370,5.065518,1.615477,0.42696,10.00
0.194380,5.115892,1.609256,0.42426,10.00
0.194390,5.165530,1.594787,0.42150,10.00
0.194400,5.213906,1.572134,0.41869,10.00
0.194410,5.260192,1.541496,0.41590,10.00
0.194420,5.304665,1.503109,0.41310,10.00
0.194430,5.346990,1.457216,0.41032,10.00
0.194440,5.386842,1.404117,0.40757,10.00
0.194450,5.424130,1.344166,0.40488,10.00
0.194460,5.459197,1.277670,0.40222,10.00
0.194470,5.490919,1.205018,0.39966,10.00
0.194480,5.519044,1.126714,0.39721,10.00
0.194490,5.543348,1.043310,0.39490,10.00
0.194500,5.563378,0.955394,0.39274,10.00
0.194510,5.578209,0.863717,0.39081,10.00
0.194520,5.588728,0.769020,0.38908,10.00
0.194530,5.594836,0.671987,0.38755,10.00
0.194540,5.596468,0.573325,0.38623,10.00
0.194550,5.593801,0.473755,0.38514,10.00
0.194560,5.587473,0.373906,0.38422,10.00
0.194570,5.576651,0.274448,0.38355,10.00
0.194580,5.561394,0.176118,0.38313,10.00
0.194590,5.541793,0.079651,0.38296,10.00
0.194600,5.517864,-0.014230,0.38304,10.00
0.194610,5.489444,-0.104766,0.38341,10.00
0.194620,5.457153,-0.191232,0.38403,10.00
0.194630,5.421212,-0.272969,0.38491,10.00
0.194640,5.381869,-0.349346,0.38603,10.00
0.194650,5.339408,-0.419771,0.38740,10.00
0.194660,5.294156,-0.483694,0.38899,10.00
0.194670,5.247273,-0.500000,0.39078,10.00
0.194680,5.200564,-0.500000,0.39266,10.00
0.194690,5.154067,-0.500000,0.39462,10.00
0.194700,5.108059,-0.500000,0.39666,10.00
0.194710,5.063371,-0.500000,0.39872,10.00
0.194720,5.018885,-0.500000,0.40086,10.00
0.194730,4.974601,-0.500000,0.40307,10.00
0.194740,4.930519,-0.500000,0.40536,10.00
0.194750,4.886635,-0.499395,0.40773,10.00
0.194760,4.843091,-0.492793,0.41018,10.00
0.194770,4.800243,-0.478936,0.41268,10.00
0.194780,4.758414,-0.457889,0.41521,10.00
0.194790,4.717923,-0.429770,0.41777,10.00
0.194800,4.678971,-0.394753,0.42032,10.00
0.194810,4.641536,-0.353007,0.42289,10.00
0.194820,4.606342,-0.304774,0.42542,10.00
0.194830,4.573665,-0.250377,0.42789,10.00
0.194840,4.543764,-0.190187,0.43029,10.00
0.194850,4.516858,-0.124620,0.43260,10.00
0.194860,4.493102,-0.054125,0.43481,10.00
0.194870,4.472776,0.020808,0.43689,10.00
0.194880,4.456050,0.099647,0.43883,10.00
0.194890,4.443071,0.181827,0.44062,10.00
0.194900,4.433903,0.266758,0.44223,10.00
0.194910,4.428482,0.353848,0.44368,10.00
0.194920,4.427080,0.442482,0.44494,10.00
0.194930,4.429734,0.532009,0.44599,10.00
0.194940,4.436446,0.621772,0.44683,10.00
0.194950,4.447015,0.711106,0.44745,10.00
0.194960,4.460862,0.799430,0.44789,10.00
0.194970,4.478613,0.886143,0.44811,10.00
0.194980,4.500158,0.970593,0.44810,10.00
0.194990,4.525360,1.052141,0.44785,10.00
0.195000,4.554020,1.130169,0.44738,10.00
0.195010,4.585849,1.204096,0.44669,10.00
0.195020,4.620762,1.273363,0.44577,10.00
0.195030,4.658519,1.337432,0.44464,10.00
0.195040,4.698859,1.395800,0.44330,10.00
0.195050,4.741727,1.448007,0.44176,10.00
0.195060,4.787503,1.493520,0.43997,10.00
0.195070,4.834944,1.531895,0.43800,10.00
0.195080,4.883708,1.562809,0.43586,10.00
0.195090,4.933444,1.585994,0.43358,10.00
0.195100,4.983900,1.601237,0.43116,10.00
0.195110,5.035035,1.608330,0.42859,10.00
0.195120,5.086035,1.607142,0.42593,10.00
0.195130,5.136522,1.597639,0.42318,10.00
0.195140,5.186124,1.579846,0.42038,10.00
0.195150,5.234075,1.553851,0.41754,10.00
0.195160,5.278842,1.519994,0.41478,10.00
0.195170,5.321663,1.478610,0.41202,10.00
0.195180,5.362213,1.429966,0.40930,10.00
0.195190,5.400182,1.374384,0.40662,10.00
0.195200,5.435380,1.312238,0.40400,10.00
0.195210,5.467843,1.243904,0.40145,10.00
0.195220,5.496899,1.169823,0.39900,10.00
0.195230,5.522317,1.090511,0.39668,10.00
0.195240,5.543893,1.006530,0.39450,10.00
0.195250,5.561413,0.918475,0.39248,10.00
0.195260,5.574625,0.826994,0.39064,10.00
0.195270,5.583549,0.732758,0.38899,10.00
0.195280,5.588098,0.636448,0.38755,10.00
0.195290,5.588217,0.538768,0.38632,10.00
0.195300,5.584462,0.440433,0.38532,10.00
0.195310,5.578568,0.341888,0.38441,10.00
0.195320,5.568237,0.243675,0.38373,10.00
0.195330,5.553522,0.146523,0.38330,10.00
0.195340,5.534512,0.051156,0.38311,10.00
0.195350,5.510706,-0.041709,0.38318,10.00
0.195360,5.480407,-0.131075,0.38366,10.00
0.195370,5.446307,-0.216061,0.38439,10.00
0.195380,5.408641,-0.296014,0.38538,10.00
0.195390,5.367670,-0.370318,0.38661,10.00
0.195400,5.324132,-0.438391,0.38808,10.00
0.195410,5.279680,-0.499916,0.38966,10.00
0.195420,5.234334,-0.500000,0.39141,10.00
0.195430,5.189194,-0.500000,0.39324,10.00
0.195440,5.144258,-0.500000,0.39514,10.00
0.195450,5.099196,-0.500000,0.39713,10.00
0.195460,5.053019,-0.500000,0.39928,10.00
0.195470,5.007051,-0.500000,0.40151,10.00
0.195480,4.961292,-0.500000,0.40382,10.00
0.195490,4.915740,-0.500000,0.40621,10.00
0.195500,4.870429,-0.497824,0.40869,10.00
0.195510,4.825608,-0.488346,0.41123,10.00
0.195520,4.781625,-0.471389,0.41382,10.00
0.195530,4.738812,-0.447042,0.41645,10.00
0.195540,4.697497,-0.415446,0.41909,10.00
0.195550,4.657849,-0.376798,0.42172,10.00
0.195560,4.619735,-0.331278,0.42436,10.00
0.195570,4.584042,-0.279139,0.42696,10.00
0.195580,4.551048,-0.220734,0.42950,10.00
0.195590,4.521015,-0.156464,0.43195,10.00
0.195600,4.494364,-0.086774,0.43431,10.00
0.195610,4.471848,-0.012239,0.43650,10.00
0.195620,4.452934,0.066556,0.43855,10.00
0.195630,4.437784,0.149049,0.44045,10.00
0.195640,4.426532,0.234647,0.44219,10.00
0.195650,4.419470,0.322733,0.44375,10.00
0.195660,4.417227,0.412577,0.44506,10.00
0.195670,4.419101,0.503464,0.44617,10.00
0.195680,4.425103,0.594724,0.44707,10.00
0.195690,4.435213,0.685683,0.44775,10.00
0.195700,4.449282,0.775666,0.44820,10.00
0.195710,4.466938,0.864048,0.44845,10.00
0.195720,4.488465,0.950196,0.44846,10.00
0.195730,4.513727,1.033460,0.44823,10.00
0.195740,4.542559,1.113209,0.44778,10.00
0.195750,4.574804,1.188832,0.44709,10.00
0.195760,4.610346,1.259731,0.44617,10.00
0.195770,4.648802,1.325344,0.44502,10.00
0.195780,4.689905,1.385156,0.44366,10.00
0.195790,4.733365,1.438695,0.44210,10.00
0.195800,4.778810,1.485530,0.44034,10.00
0.195810,4.825719,1.525310,0.43841,10.00
0.195820,4.874020,1.557725,0.43632,10.00
0.195830,4.923366,1.582496,0.43407,10.00
0.195840,4.973398,1.599398,0.43169,10.00
0.195850,5.023858,1.608265,0.42919,10.00
0.195860,5.074698,1.608938,0.42656,10.00
0.195870,5.125112,1.601332,0.42384,10.00
0.195880,5.174727,1.585461,0.42106,10.00
0.195890,5.223173,1.561398,0.41824,10.00
0.195900,5.270009,1.529279,0.41539,10.00
0.195910,5.314643,1.489336,0.41256,10.00
0.195920,5.357056,1.441850,0.40975,10.00
0.195930,5.396924,1.387132,0.40699,10.00
0.195940,5.433940,1.325550,0.40428,10.00
0.195950,5.467765,1.257522,0.40166,10.00
0.195960,5.497981,1.183544,0.39915,10.00
0.195970,5.524553,1.104148,0.39677,10.00
0.195980,5.547268,1.019893,0.39453,10.00
0.195990,5.565939,0.931378,0.39244,10.00
0.196000,5.580459,0.839236,0.39053,10.00
0.196010,5.590855,0.744104,0.38880,10.00
0.196020,5.596822,0.646654,0.38727,10.00
0.196030,5.598294,0.547596,0.38595,10.00
0.196040,5.595238,0.447655,0.38487,10.00
0.196050,5.587855,0.347565,0.38402,10.00
0.196060,5.576773,0.247970,0.38336,10.00
0.196070,5.561252,0.149546,0.38295,10.00
0.196080,5.541385,0.053027,0.38279,10.00
0.196090,5.517297,-0.040862,0.38289,10.00
0.196100,5.488899,-0.131412,0.38324,10.00
0.196110,5.455637,-0.217817,0.38392,10.00
0.196120,5.418737,-0.299333,0.38485,10.00
0.196130,5.378454,-0.375334,0.38602,10.00
0.196140,5.335069,-0.445226,0.38744,10.00
0.196150,5.289137,-0.500000,0.38909,10.00
0.196160,5.243275,-0.500000,0.39084,10.00
0.196170,5.197621,-0.500000,0.39267,10.00
0.196180,5.152174,-0.500000,0.39459,10.00
0.196190,5.106933,-0.500000,0.39659,10.00
0.196200,5.061788,-0.500000,0.39866,10.00
0.196210,5.016408,-0.500000,0.40085,10.00
0.196220,4.971234,-0.500000,0.40311,10.00
0.196230,4.926265,-0.500000,0.40545,10.00
0.196240,4.881510,-0.499133,0.40788,10.00
0.196250,4.837087,-0.491778,0.41037,10.00
0.196260,4.793104,-0.476995,0.41294,10.00
0.196270,4.750193,-0.454832,0.41555,10.00
0.196280,4.708680,-0.425414,0.41817,10.00
0.196290,4.668883,-0.388923,0.42079,10.00
0.196300,4.631271,-0.345591,0.42340,10.00
0.196310,4.596614,-0.295783,0.42592,10.00
0.196320,4.564541,-0.239886,0.42838,10.00
0.196330,4.535306,-0.178282,0.43077,10.00
0.196340,4.509145,-0.111398,0.43306,10.00
0.196350,4.486035,-0.039703,0.43524,10.00
0.196360,4.465468,0.036410,0.43735,10.00
0.196370,4.448557,0.116475,0.43931,10.00
0.196380,4.435449,0.199919,0.44112,10.00
0.196390,4.426265,0.286143,0.44276,10.00
0.196400,4.421313,0.374520,0.44421,10.00
0.196410,4.421302,0.464303,0.44541,10.00
0.196420,4.425385,0.554763,0.44640,10.00
0.196430,4.433557,0.645233,0.44717,10.00
0.196440,4.445781,0.735044,0.44773,10.00
0.196450,4.461818,0.823525,0.44805,10.00
0.196460,4.481057,0.910097,0.44819,10.00
0.196470,4.504070,0.994165,0.44810,10.00
0.196480,4.530710,1.075091,0.44777,10.00
0.196490,4.560801,1.152260,0.44722,10.00
0.196500,4.593828,1.225080,0.44643,10.00
0.196510,4.628635,1.293139,0.44551,10.00
0.196520,4.666233,1.356007,0.44437,10.00
0.196530,4.706359,1.413192,0.44302,10.00
0.196540,4.748732,1.464240,0.44148,10.00
0.196550,4.793420,1.508739,0.43975,10.00
0.196560,4.841199,1.546150,0.43775,10.00
0.196570,4.890256,1.576038,0.43558,10.00
0.196580,4.940235,1.598143,0.43327,10.00
0.196590,4.990773,1.612259,0.43083,10.00
0.196600,5.041727,1.618240,0.42827,10.00
0.196610,5.093398,1.615890,0.42556,10.00
0.196620,5.144498,1.605108,0.42277,10.00
0.196630,5.194648,1.585931,0.41992,10.00
0.196640,5.243474,1.558455,0.41704,10.00
0.196650,5.290350,1.522840,0.41414,10.00
0.196660,5.334148,1.479432,0.41131,10.00
0.196670,5.375574,1.428594,0.40851,10.00
0.196680,5.414311,1.370664,0.40576,10.00
0.196690,5.450059,1.306034,0.40309,10.00
0.196700,5.482412,1.235145,0.40050,10.00
0.196710,5.510729,1.158553,0.39806,10.00
0.196720,5.535300,1.076835,0.39575,10.00
0.196730,5.555926,0.990570,0.39360,10.00
0.196740,5.572434,0.900373,0.39160,10.00
0.196750,5.584900,0.806890,0.38979,10.00
0.196760,5.593857,0.710691,0.38812,10.00
0.196770,5.598348,0.612406,0.38666,10.00
0.196780,5.598320,0.512750,0.38542,10.00
0.196790,5.593750,0.412454,0.38441,10.00
0.196800,5.584446,0.312256,0.38364,10.00
0.196810,5.569851,0.212998,0.38316,10.00
0.196820,5.550863,0.115484,0.38295,10.00
0.196830,5.527601,0.020445,0.38298,10.00
0.196840,5.500217,-0.071403,0.38328,10.00
0.196850,5.468901,-0.159363,0.38383,10.00
0.196860,5.433890,-0.242767,0.38463,10.00
0.196870,5.395393,-0.320976,0.38569,10.00
0.196880,5.353678,-0.393385,0.38698,10.00
0.196890,5.309038,-0.459428,0.38851,10.00
0.196900,5.261985,-0.500000,0.39027,10.00
0.196910,5.214543,-0.500000,0.39216,10.00
0.196920,5.167315,-0.500000,0.39413,10.00
0.196930,5.120303,-0.500000,0.39618,10.00
0.196940,5.073503,-0.500000,0.39832,10.00
0.196950,5.027048,-0.500000,0.40055,10.00
0.196960,4.981333,-0.500000,0.40282,10.00
0.196970,4.935825,-0.500000,0.40517,10.00
0.196980,4.890527,-0.499635,0.40760,10.00
0.196990,4.845588,-0.493480,0.41011,10.00
0.197000,4.801263,-0.479850,0.41267,10.00
0.197010,4.757669,-0.458771,0.41529,10.00
0.197020,4.715430,-0.430340,0.41794,10.00
0.197030,4.674869,-0.394727,0.42059,10.00
0.197040,4.636298,-0.352160,0.42322,10.00
0.197050,4.600139,-0.302918,0.42581,10.00
0.197060,4.567041,-0.247391,0.42832,10.00
0.197070,4.536774,-0.185998,0.43076,10.00
0.197080,4.509580,-0.119162,0.43310,10.00
0.197090,4.485679,-0.047351,0.43533,10.00
0.197100,4.465119,0.028928,0.43743,10.00
0.197110,4.447632,0.109206,0.43942,10.00
0.197120,4.433963,0.192955,0.44126,10.00
0.197130,4.424236,0.279574,0.44293,10.00
0.197140,4.418546,0.368435,0.44441,10.00
0.197150,4.417188,0.458891,0.44570,10.00
0.197160,4.420877,0.550170,0.44672,10.00
0.197170,4.428695,0.641527,0.44752,10.00
0.197180,4.440609,0.732285,0.44810,10.00
0.197190,4.456554,0.821768,0.44845,10.00
0.197200,4.476296,0.909305,0.44856,10.00
0.197210,4.499292,0.994307,0.44848,10.00
0.197220,4.525958,1.076174,0.44816,10.00
0.197230,4.556117,1.154284,0.44761,10.00
0.197240,4.589567,1.228038,0.44684,10.00
0.197250,4.625990,1.296865,0.44583,10.00
0.197260,4.664866,1.360275,0.44463,10.00
0.197270,4.706285,1.417796,0.44322,10.00
0.197280,4.749954,1.468971,0.44161,10.00
0.197290,4.795565,1.513389,0.43982,10.00
0.197300,4.842813,1.550683,0.43784,10.00
0.197310,4.891429,1.580530,0.43570,10.00
0.197320,4.940969,1.602661,0.43341,10.00
0.197330,4.991073,1.616871,0.43098,10.00
0.197340,5.041375,1.623014,0.42845,10.00
0.197350,5.091579,1.621001,0.42581,10.00
0.197360,5.141531,1.610769,0.42308,10.00
0.197370,5.190568,1.592326,0.42030,10.00
0.197380,5.238325,1.565766,0.41748,10.00
0.197390,5.284442,1.531242,0.41464,10.00
0.197400,5.328366,1.488969,0.41181,10.00
0.197410,5.369149,1.439317,0.40905,10.00
0.197420,5.407303,1.382680,0.40635,10.00
0.197430,5.442532,1.319443,0.40372,10.00
0.197440,5.474563,1.250037,0.40117,10.00
0.197450,5.503414,1.174944,0.39873,10.00
0.197460,5.529666,1.094560,0.39635,10.00
0.197470,5.552019,1.009363,0.39412,10.00
0.197480,5.570287,0.919960,0.39204,10.00
0.197490,5.584317,0.826990,0.39015,10.00
0.197500,5.593898,0.731123,0.38844,10.00
0.197510,5.598683,0.633093,0.38697,10.00
0.197520,5.598956,0.533644,0.38571,10.00
0.197530,5.594695,0.433503,0.38468,10.00
0.197540,5.585907,0.333409,0.38389,10.00
0.197550,5.572850,0.234102,0.38335,10.00
0.197560,5.556229,0.136219,0.38300,10.00
0.197570,5.535297,0.040425,0.38291,10.00
0.197580,5.510187,-0.052561,0.38307,10.00
0.197590,5.481066,-0.142036,0.38349,10.00
0.197600,5.448082,-0.227320,0.38417,10.00
0.197610,5.411323,-0.307736,0.38510,10.00
0.197620,5.371230,-0.382648,0.38628,10.00
0.197630,5.328083,-0.451475,0.38770,10.00
0.197640,5.282328,-0.500000,0.38935,10.00
0.197650,5.236098,-0.500000,0.39113,10.00
0.197660,5.189835,-0.500000,0.39301,10.00
0.197670,5.143782,-0.500000,0.39498,10.00
0.197680,5.097938,-0.500000,0.39702,10.00
0.197690,5.052302,-0.500000,0.39914,10.00
0.197700,5.006804,-0.500000,0.40135,10.00
0.197710,4.961231,-0.500000,0.40365,10.00
0.197720,4.915866,-0.500000,0.40604,10.00
0.197730,4.870738,-0.498017,0.40850,10.00
0.197740,4.826097,-0.488807,0.41103,10.00
0.197750,4.782169,-0.472146,0.41362,10.00
0.197760,4.738958,-0.448066,0.41626,10.00
0.197770,4.697234,-0.416672,0.41892,10.00
0.197780,4.657319,-0.378160,0.42157,10.00
0.197790,4.619521,-0.332777,0.42420,10.00
0.197800,4.584600,-0.280824,0.42678,10.00
0.197810,4.554222,-0.222878,0.42919,10.00
0.197820,4.526761,-0.159486,0.43150,10.00
0.197830,4.502438,-0.091090,0.43372,10.00
0.197840,4.481454,-0.018172,0.43581,10.00
0.197850,4.463668,0.058751,0.43778,10.00
0.197860,4.448286,0.139284,0.43967,10.00
0.197870,4.436715,0.222950,0.44140,10.00
0.197880,4.429064,0.309145,0.44295,10.00
0.197890,4.425413,0.397243,0.44432,10.00
0.197900,4.425923,0.486602,0.44549,10.00
0.197910,4.430946,0.576511,0.44643,10.00
0.197920,4.440024,0.666273,0.44714,10.00
0.197930,4.453114,0.755220,0.44764,10.00
0.197940,4.470142,0.842690,0.44791,10.00
0.197950,4.490817,0.928026,0.44795,10.00
0.197960,4.514443,1.010675,0.44780,10.00
0.197970,4.541625,1.090072,0.44743,10.00
0.197980,4.572184,1.165611,0.44683,10.00
0.197990,4.605913,1.236712,0.44600,10.00
0.198000,4.642665,1.302825,0.44495,10.00
0.198010,4.682435,1.363393,0.44367,10.00
0.198020,4.724610,1.417911,0.44219,10.00
0.198030,4.768892,1.465943,0.44051,10.00
0.198040,4.814966,1.507098,0.43865,10.00
0.198050,4.862604,1.541036,0.43662,10.00
0.198060,4.911763,1.567419,0.43441,10.00
0.198070,4.961684,1.585978,0.43205,10.00
0.198080,5.012003,1.596534,0.42958,10.00
0.198090,5.062352,1.598968,0.42699,10.00
0.198100,5.112498,1.593217,0.42432,10.00
0.198110,5.162479,1.579215,0.42155,10.00
0.198120,5.211373,1.556978,0.41873,10.00
0.198130,5.258816,1.526626,0.41588,10.00
0.198140,5.304449,1.488342,0.41302,10.00
0.198150,5.347799,1.442366,0.41018,10.00
0.198160,5.388155,1.389061,0.40741,10.00
0.198170,5.425719,1.328824,0.40470,10.00
0.198180,5.460201,1.262063,0.40206,10.00
0.198190,5.491330,1.189238,0.39952,10.00
0.198200,5.518633,1.110858,0.39710,10.00
0.198210,5.541216,1.027581,0.39488,10.00
0.198220,5.559800,0.940071,0.39281,10.00
0.198230,5.574229,0.848954,0.39092,10.00
0.198240,5.584375,0.754886,0.38921,10.00
0.198250,5.590478,0.658547,0.38770,10.00
0.198260,5.593472,0.560477,0.38632,10.00
0.198270,5.591969,0.461285,0.38517,10.00
0.198280,5.585958,0.361700,0.38424,10.00
0.198290,5.575464,0.262455,0.38356,10.00
0.198300,5.560181,0.164288,0.38312,10.00
0.198310,5.539132,0.068104,0.38303,10.00
0.198320,5.513888,-0.025259,0.38319,10.00
0.198330,5.484616,-0.115096,0.38361,10.00
0.198340,5.451513,-0.200723,0.38428,10.00
0.198350,5.414841,-0.281484,0.38521,10.00
0.198360,5.374958,-0.356772,0.38637,10.00
0.198370,5.332002,-0.426013,0.38778,10.00
0.198380,5.286278,-0.488664,0.38941,10.00
0.198390,5.239135,-0.500000,0.39123,10.00
0.198400,5.192007,-0.500000,0.39313,10.00
0.198410,5.144298,-0.500000,0.39518,10.00
0.198420,5.096806,-0.500000,0.39730,10.00
0.198430,5.049529,-0.500000,0.39951,10.00
0.198440,5.002467,-0.500000,0.40181,10.00
0.198450,4.955858,-0.500000,0.40418,10.00
0.198460,4.910416,-0.500000,0.40658,10.00
0.198470,4.865233,-0.497047,0.40906,10.00
0.198480,4.820593,-0.486613,0.41160,10.00
0.198490,4.776833,-0.468726,0.41420,10.00
0.198500,4.734280,-0.443479,0.41682,10.00
0.198510,4.693250,-0.411019,0.41945,10.00
0.198520,4.654071,-0.371550,0.42207,10.00
0.198530,4.617046,-0.325328,0.42467,10.00
0.198540,4.582462,-0.272660,0.42722,10.00
0.198550,4.550801,-0.213903,0.42970,10.00
0.198560,4.522936,-0.149561,0.43205,10.00
0.198570,4.498257,-0.080150,0.43429,10.00
0.198580,4.476965,-0.006157,0.43641,10.00
0.198590,4.459240,0.071893,0.43839,10.00
0.198600,4.445060,0.153442,0.44022,10.00
0.198610,4.434035,0.237988,0.44193,10.00
0.198620,4.426964,0.324976,0.44346,10.00
0.198630,4.423925,0.413773,0.44481,10.00
0.198640,4.424962,0.503732,0.44595,10.00
0.198650,4.430232,0.594191,0.44688,10.00
0.198660,4.440141,0.684415,0.44756,10.00
0.198670,4.454075,0.773688,0.44801,10.00
0.198680,4.471954,0.861344,0.44823,10.00
0.198690,4.493670,0.946725,0.44822,10.00
0.198700,4.519244,1.029186,0.44798,10.00
0.198710,4.548982,1.108024,0.44747,10.00
0.198720,4.582048,1.182584,0.44672,10.00
0.198730,4.618216,1.252290,0.44575,10.00
0.198740,4.657239,1.316602,0.44456,10.00
0.198750,4.698536,1.375014,0.44316,10.00
0.198760,4.740903,1.427209,0.44163,10.00
0.198770,4.785269,1.472866,0.43991,10.00
0.198780,4.831319,1.511614,0.43802,10.00
0.198790,4.878722,1.543128,0.43596,10.00
0.198800,4.927132,1.567137,0.43375,10.00
0.198810,4.976185,1.583425,0.43141,10.00
0.198820,5.025540,1.591831,0.42895,10.00
0.198830,5.074836,1.592253,0.42640,10.00
0.198840,5.123708,1.584644,0.42376,10.00
0.198850,5.171857,1.569018,0.42106,10.00
0.198860,5.219110,1.545420,0.41830,10.00
0.198870,5.264863,1.513960,0.41552,10.00
0.198880,5.308772,1.474831,0.41274,10.00
0.198890,5.350503,1.428282,0.40998,10.00
0.198900,5.389675,1.374618,0.40726,10.00
0.198910,5.425800,1.314230,0.40462,10.00
0.198920,5.458848,1.247548,0.40205,10.00
0.198930,5.488561,1.175033,0.39959,10.00
0.198940,5.514701,1.097192,0.39725,10.00
0.198950,5.537023,1.014572,0.39505,10.00
0.198960,5.555239,0.927777,0.39300,10.00
0.198970,5.569335,0.837439,0.39114,10.00
0.198980,5.579187,0.744208,0.38945,10.00
0.198990,5.584701,0.648760,0.38797,10.00
0.199000,5.586087,0.551787,0.38670,10.00
0.199010,5.584121,0.453871,0.38558,10.00
0.199020,5.577710,0.355644,0.38469,10.00
0.199030,5.566880,0.257831,0.38404,10.00
0.199040,5.551690,0.161158,0.38364,10.00
0.199050,5.532037,0.066346,0.38348,10.00
0.199060,5.507473,-0.025799,0.38362,10.00
0.199070,5.478930,-0.114520,0.38402,10.00
0.199080,5.446601,-0.199143,0.38466,10.00
0.199090,5.410706,-0.279018,0.38556,10.00
0.199100,5.371449,-0.353531,0.38670,10.00
0.199110,5.328974,-0.422081,0.38808,10.00
0.199120,5.283757,-0.484114,0.38970,10.00
0.199130,5.236962,-0.500000,0.39150,10.00
0.199140,5.190342,-0.500000,0.39340,10.00
0.199150,5.143979,-0.500000,0.39538,10.00
0.199160,5.098014,-0.500000,0.39742,10.00
0.199170,5.052258,-0.500000,0.39956,10.00
0.199180,5.006709,-0.500000,0.40177,10.00
0.199190,4.961366,-0.500000,0.40406,10.00
0.199200,4.916360,-0.500000,0.40643,10.00
0.199210,4.872115,-0.497745,0.40885,10.00
0.199220,4.828365,-0.488326,0.41133,10.00
0.199230,4.785440,-0.471605,0.41387,10.00
0.199240,4.743665,-0.447670,0.41643,10.00
0.199250,4.703114,-0.416659,0.41901,10.00
0.199260,4.663364,-0.378648,0.42164,10.00
0.199270,4.625706,-0.333804,0.42425,10.00
0.199280,4.590433,-0.282423,0.42682,10.00
0.199290,4.557821,-0.224852,0.42932,10.00
0.199300,4.528229,-0.161486,0.43174,10.00
0.199310,4.502197,-0.092813,0.43404,10.00
0.199320,4.479530,-0.019346,0.43622,10.00
0.199330,4.460419,0.058394,0.43827,10.00
0.199340,4.445024,0.139854,0.44017,10.00
0.199350,4.433700,0.224450,0.44191,10.00
0.199360,4.427199,0.311466,0.44341,10.00
0.199370,4.424726,0.400200,0.44472,10.00
0.199380,4.426320,0.490004,0.44583,10.00
0.199390,4.431996,0.580217,0.44673,10.00
0.199400,4.441635,0.670173,0.44742,10.00
0.199410,4.454890,0.759253,0.44790,10.00
0.199420,4.472089,0.846823,0.44816,10.00
0.199430,4.493126,0.932226,0.44818,10.00
0.199440,4.517868,1.014819,0.44798,10.00
0.199450,4.546153,1.093974,0.44754,10.00
0.199460,4.577789,1.169087,0.44687,10.00
0.199470,4.612566,1.239581,0.44598,10.00
0.199480,4.650245,1.304908,0.44487,10.00
0.199490,4.690564,1.364558,0.44355,10.00
0.199500,4.733035,1.418057,0.44202,10.00
0.199510,4.776741,1.465078,0.44036,10.00
0.199520,4.822199,1.505304,0.43851,10.00
0.199530,4.869083,1.538400,0.43650,10.00
0.199540,4.917054,1.564084,0.43433,10.00
0.199550,4.965813,1.582126,0.43203,10.00
0.199560,5.015142,1.592330,0.42959,10.00
0.199570,5.064493,1.594564,0.42705,10.00
0.199580,5.113504,1.588769,0.42443,10.00
0.199590,5.161810,1.574946,0.42174,10.00
0.199600,5.209120,1.553154,0.41901,10.00
0.199610,5.255279,1.523480,0.41623,10.00
0.199620,5.299671,1.486081,0.41344,10.00
0.199630,5.341959,1.441194,0.41067,10.00
0.199640,5.381822,1.389110,0.40794,10.00
0.199650,5.418978,1.330177,0.40526,10.00
0.199660,5.453215,1.264784,0.40265,10.00
0.199670,5.484164,1.193372,0.40014,10.00
0.199680,5.511579,1.116438,0.39774,10.00
0.199690,5.535243,1.034524,0.39547,10.00
0.199700,5.554851,0.948208,0.39336,10.00
0.199710,5.569914,0.858159,0.39144,10.00
0.199720,5.580738,0.765060,0.38971,10.00
0.199730,5.587222,0.669584,0.38817,10.00
0.199740,5.589296,0.572423,0.38685,10.00
0.199750,5.586849,0.474290,0.38575,10.00
0.199760,5.579657,0.375942,0.38489,10.00
0.199770,5.568047,0.278127,0.38428,10.00
0.199780,5.552084,0.181575,0.38391,10.00
0.199790,5.531864,0.087005,0.38379,10.00
0.199800,5.507711,-0.004872,0.38392,10.00
0.199810,5.480366,-0.093455,0.38426,10.00
0.199820,5.449230,-0.178134,0.38484,10.00
0.199830,5.414515,-0.258263,0.38567,10.00
0.199840,5.376461,-0.333224,0.38674,10.00
0.199850,5.335157,-0.402435,0.38805,10.00
0.199860,5.290373,-0.465270,0.38962,10.00
0.199870,5.243416,-0.500000,0.39141,10.00
0.199880,5.196357,-0.500000,0.39332,10.00
0.199890,5.149511,-0.500000,0.39531,10.00
0.199900,5.102985,-0.500000,0.39738,10.00
0.199910,5.057101,-0.500000,0.39951,10.00
0.199920,5.011426,-0.500000,0.40172,10.00
0.199930,4.965957,-0.500000,0.40401,10.00
0.199940,4.920695,-0.500000,0.40638,10.00
0.199950,4.875601,-0.498093,0.40882,10.00
0.199960,4.830724,-0.488968,0.41136,10.00
0.199970,4.786669,-0.472366,0.41395,10.00
0.199980,4.743768,-0.448371,0.41656,10.00
0.199990,4.702350,-0.417123,0.41920,10.00
