time_s,Vout_V,iL_A,duty,Rload_ohm
0.000000,5.000364,0.500000,0.41875,10.00
0.000010,5.002143,0.498452,0.41691,10.00
0.000020,5.003795,0.495283,0.41604,10.00
0.000030,5.005273,0.491355,0.41572,10.00
0.000040,5.006558,0.487161,0.41571,10.00
0.000050,5.007383,0.482984,0.41586,10.00
0.000060,5.006995,0.480099,0.41743,10.00
0.000070,5.006519,0.478640,0.41834,10.00
0.000080,5.006004,0.478022,0.41885,10.00
0.000090,5.005477,0.477903,0.41914,10.00
0.000100,5.004650,0.478076,0.41929,10.00
0.000110,5.002645,0.479724,0.42091,10.00
0.000120,5.000768,0.482835,0.42167,10.00
0.000130,4.999062,0.486641,0.42194,10.00
0.000140,4.997544,0.490697,0.42193,10.00
0.000150,4.996341,0.494749,0.42177,10.00
0.000160,4.995805,0.498130,0.42091,10.00
0.000170,4.995403,0.500740,0.42035,10.00
0.000180,4.995106,0.502834,0.41996,10.00
0.000190,4.994896,0.504566,0.41969,10.00
0.000200,4.994900,0.506030,0.41948,10.00
0.000210,4.995525,0.506673,0.41860,10.00
0.000220,4.996153,0.506507,0.41812,10.00
0.000230,4.996757,0.505897,0.41789,10.00
0.000240,4.997323,0.505057,0.41779,10.00
0.000250,4.997881,0.504111,0.41777,10.00
0.000260,4.998527,0.502986,0.41763,10.00
0.000270,4.999115,0.501716,0.41759,10.00
0.000280,4.999641,0.500407,0.41762,10.00
0.000290,5.000106,0.499118,0.41769,10.00
0.000300,5.000474,0.497885,0.41777,10.00
0.000310,5.000636,0.496886,0.41806,10.00
0.000320,5.000760,0.496138,0.41824,10.00
0.000330,5.000854,0.495554,0.41836,10.00
0.000340,5.000924,0.495080,0.41844,10.00
0.000350,5.000842,0.494685,0.41850,10.00
0.000360,5.000229,0.494913,0.41922,10.00
0.000370,4.999647,0.495777,0.41957,10.00
0.000380,4.999117,0.496956,0.41972,10.00
0.000390,4.998647,0.498264,0.41975,10.00
0.000400,4.998083,0.499596,0.41971,10.00
0.000410,4.996973,0.501555,0.42043,10.00
0.000420,4.995975,0.504142,0.42072,10.00
0.000430,4.995107,0.506970,0.42077,10.00
0.000440,4.994372,0.509819,0.42068,10.00
0.000450,4.993946,0.512568,0.42053,10.00
0.000460,4.994341,0.514388,0.41944,10.00
0.000470,4.994788,0.515212,0.41882,10.00
0.000480,4.995253,0.515451,0.41847,10.00
0.000490,4.995717,0.515351,0.41829,10.00
0.000500,4.996218,0.515053,0.41819,10.00
0.000510,4.996890,0.514437,0.41791,10.00
0.000520,4.997523,0.513543,0.41779,10.00
0.000530,4.998108,0.512518,0.41776,10.00
0.000540,4.998643,0.511448,0.41778,10.00
0.000550,4.999288,0.510381,0.41783,10.00
0.000560,5.000512,0.508661,0.41708,10.00
0.000570,5.001631,0.506269,0.41677,10.00
0.000580,5.002628,0.503596,0.41670,10.00
0.000590,5.003497,0.500864,0.41677,10.00
0.000600,5.003919,0.498201,0.41691,10.00
0.000610,5.002974,0.497037,0.41869,10.00
0.000620,5.002028,0.497471,0.41965,10.00
0.000630,5.001130,0.498761,0.42011,10.00
0.000640,5.000308,0.500474,0.42030,10.00
0.000650,4.999901,0.502359,0.42033,10.00
0.000660,5.000860,0.502875,0.41862,10.00
0.000670,5.001794,0.501878,0.41773,10.00
0.000680,5.002654,0.500099,0.41731,10.00
0.000690,5.003419,0.497962,0.41717,10.00
0.000700,5.003899,0.495712,0.41718,10.00
0.000710,5.003570,0.494257,0.41819,10.00
0.000720,5.003203,0.493710,0.41875,10.00
0.000730,5.002828,0.493682,0.41906,10.00
0.000740,5.002462,0.493944,0.41922,10.00
0.000750,5.002208,0.494362,0.41929,10.00
0.000760,5.002342,0.494458,0.41884,10.00
0.000770,5.002468,0.494167,0.41860,10.00
0.000780,5.002575,0.493684,0.41850,10.00
0.000790,5.002656,0.493122,0.41846,10.00
0.000800,5.002520,0.492543,0.41847,10.00
0.000810,5.001608,0.492804,0.41946,10.00
0.000820,5.000739,0.493959,0.41996,10.00
0.000830,4.999940,0.495563,0.42016,10.00
0.000840,4.999224,0.497358,0.42021,10.00
0.000850,4.998717,0.499195,0.42016,10.00
0.000860,4.998781,0.500461,0.41944,10.00
0.000870,4.998882,0.501086,0.41903,10.00
0.000880,4.999001,0.501339,0.41879,10.00
0.000890,4.999125,0.501380,0.41867,10.00
0.000900,4.999069,0.501302,0.41860,10.00
0.000910,4.998320,0.501914,0.41946,10.00
0.000920,4.997624,0.503281,0.41987,10.00
0.000930,4.997004,0.505005,0.42003,10.00
0.000940,4.996469,0.506856,0.42005,10.00
0.000950,4.996210,0.508703,0.41998,10.00
0.000960,4.996772,0.509668,0.41892,10.00
0.000970,4.997347,0.509675,0.41835,10.00
0.000980,4.997904,0.509154,0.41805,10.00
0.000990,4.998427,0.508358,0.41792,10.00
0.001000,4.998848,0.507432,0.41789,10.00
0.001010,4.998991,0.506717,0.41821,10.00
0.001020,4.999109,0.506274,0.41839,10.00
0.001030,4.999210,0.505987,0.41851,10.00
0.001040,4.999301,0.505792,0.41857,10.00
0.001050,4.999374,0.505649,0.41861,10.00
0.001060,4.999403,0.505579,0.41869,10.00
0.001070,4.999431,0.505569,0.41873,10.00
0.001080,4.999459,0.505589,0.41875,10.00
0.001090,4.999488,0.505623,0.41876,10.00
0.001100,4.999893,0.505659,0.41876,10.00
0.001110,5.001756,0.504100,0.41687,10.00
0.001120,5.003490,0.500867,0.41597,10.00
0.001130,5.005046,0.496846,0.41564,10.00
0.001140,5.006403,0.492546,0.41563,10.00
0.001150,5.007288,0.488257,0.41578,10.00
0.001160,5.006922,0.485292,0.41740,10.00
0.001170,5.006466,0.483790,0.41833,10.00
0.001180,5.005969,0.483151,0.41886,10.00
0.001190,5.005461,0.483019,0.41915,10.00
0.001200,5.004955,0.483185,0.41931,10.00
0.001210,5.004456,0.483532,0.41939,10.00
0.001220,5.003979,0.483986,0.41943,10.00
0.001230,5.003526,0.484498,0.41942,10.00
0.001240,5.003099,0.485036,0.41941,10.00
0.001250,5.002725,0.485584,0.41938,10.00
0.001260,5.002480,0.486018,0.41921,10.00
0.001270,5.002252,0.486324,0.41911,10.00
0.001280,5.002037,0.486562,0.41905,10.00
0.001290,5.001832,0.486763,0.41901,10.00
0.001300,5.001562,0.486946,0.41898,10.00
0.001310,5.001005,0.487444,0.41935,10.00
0.001320,5.000483,0.488277,0.41951,10.00
0.001330,5.000007,0.489268,0.41957,10.00
0.001340,4.999579,0.490314,0.41956,10.00
0.001350,4.999078,0.491357,0.41951,10.00
0.001360,4.998146,0.492888,0.42007,10.00
0.001370,4.997303,0.494912,0.42030,10.00
0.001380,4.996562,0.497132,0.42034,10.00
0.001390,4.995926,0.499374,0.42027,10.00
0.001400,4.995482,0.501545,0.42015,10.00
0.001410,4.995480,0.503214,0.41956,10.00
0.001420,4.995539,0.504339,0.41920,10.00
0.001430,4.995638,0.505120,0.41897,10.00
0.001440,4.995766,0.505675,0.41882,10.00
0.001450,4.995978,0.506078,0.41873,10.00
0.001460,4.996452,0.506102,0.41834,10.00
0.001470,4.996914,0.505763,0.41814,10.00
0.001480,4.997353,0.505228,0.41806,10.00
0.001490,4.997763,0.504597,0.41803,10.00
0.001500,4.998089,0.503928,0.41804,10.00
0.001510,4.998185,0.503473,0.41833,10.00
0.001520,4.998266,0.503260,0.41850,10.00
0.001530,4.998341,0.503181,0.41859,10.00
0.001540,4.998414,0.503171,0.41864,10.00
0.001550,4.998377,0.503193,0.41866,10.00
0.001560,4.997910,0.503697,0.41923,10.00
0.001570,4.997484,0.504694,0.41950,10.00
0.001580,4.997111,0.505916,0.41960,10.00
0.001590,4.996798,0.507210,0.41960,10.00
0.001600,4.996716,0.508488,0.41955,10.00
0.001610,4.997360,0.508975,0.41861,10.00
0.001620,4.997997,0.508611,0.41811,10.00
0.001630,4.998601,0.507792,0.41788,10.00
0.001640,4.999159,0.506746,0.41778,10.00
0.001650,4.999576,0.505610,0.41778,10.00
0.001660,4.999596,0.504833,0.41826,10.00
0.001670,4.999593,0.504477,0.41854,10.00
0.001680,4.999580,0.504358,0.41869,10.00
0.001690,4.999567,0.504369,0.41877,10.00
0.001700,4.999636,0.504446,0.41881,10.00
0.001710,5.000021,0.504213,0.41842,10.00
0.001720,5.000384,0.503633,0.41823,10.00
0.001730,5.000714,0.502884,0.41816,10.00
0.001740,5.001006,0.502070,0.41815,10.00
0.001750,5.001322,0.501248,0.41818,10.00
0.001760,5.001843,0.500186,0.41791,10.00
0.001770,5.002307,0.498890,0.41781,10.00
0.001780,5.002708,0.497516,0.41781,10.00
0.001790,5.003044,0.496152,0.41786,10.00
0.001800,5.003347,0.494848,0.41794,10.00
0.001810,5.003701,0.493509,0.41789,10.00
0.001820,5.003992,0.492142,0.41791,10.00
0.001830,5.004220,0.490816,0.41798,10.00
0.001840,5.004390,0.489571,0.41806,10.00
0.001850,5.004375,0.488423,0.41816,10.00
0.001860,5.003806,0.487934,0.41890,10.00
0.001870,5.003237,0.488128,0.41930,10.00
0.001880,5.002691,0.488697,0.41949,10.00
0.001890,5.002179,0.489460,0.41957,10.00
0.001900,5.001798,0.490310,0.41958,10.00
0.001910,5.001813,0.490797,0.41910,10.00
0.001920,5.001839,0.490868,0.41883,10.00
0.001930,5.001860,0.490718,0.41869,10.00
0.001940,5.001872,0.490461,0.41863,10.00
0.001950,5.001583,0.490162,0.41861,10.00
0.001960,5.000158,0.491084,0.42007,10.00
0.001970,4.998820,0.493305,0.42077,10.00
0.001980,4.997607,0.496153,0.42104,10.00
0.001990,4.996537,0.499241,0.42107,10.00
0.002000,4.995797,0.502346,0.42097,10.00
0.002010,4.995917,0.504562,0.41987,10.00
0.002020,4.996108,0.505784,0.41923,10.00
0.002030,4.996336,0.506417,0.41885,10.00
0.002040,4.996582,0.506699,0.41864,10.00
0.002050,4.996661,0.506771,0.41852,10.00
0.002060,4.996070,0.507449,0.41932,10.00
0.002070,4.995533,0.508816,0.41970,10.00
0.002080,4.995070,0.510497,0.41984,10.00
0.002090,4.994688,0.512277,0.41985,10.00
0.002100,4.994927,0.514033,0.41978,10.00
0.002110,4.997336,0.513411,0.41697,10.00
0.002120,4.999632,0.510271,0.41556,10.00
0.002130,5.001737,0.505868,0.41497,10.00
0.002140,5.003616,0.500932,0.41484,10.00
0.002150,5.004708,0.495880,0.41496,10.00
0.002160,5.003423,0.493293,0.41799,10.00
0.002170,5.002105,0.493407,0.41963,10.00
0.002180,5.000842,0.494985,0.42046,10.00
0.002190,4.999678,0.497307,0.42081,10.00
0.002200,4.998950,0.499953,0.42091,10.00
0.002210,4.999572,0.501344,0.41927,10.00
0.002220,5.000212,0.501281,0.41838,10.00
0.002230,5.000824,0.500434,0.41793,10.00
0.002240,5.001382,0.499192,0.41774,10.00
0.002250,5.001763,0.497782,0.41769,10.00
0.002260,5.001634,0.496816,0.41829,10.00
0.002270,5.001478,0.496389,0.41863,10.00
0.002280,5.001312,0.496272,0.41882,10.00
0.002290,5.001147,0.496332,0.41892,10.00
0.002300,5.000886,0.496488,0.41897,10.00
0.002310,5.000241,0.497127,0.41950,10.00
0.002320,4.999641,0.498240,0.41975,10.00
0.002330,4.999101,0.499573,0.41983,10.00
0.002340,4.998627,0.500977,0.41982,10.00
0.002350,4.998536,0.502370,0.41976,10.00
0.002360,4.999744,0.502353,0.41808,10.00
0.002370,5.000902,0.500838,0.41722,10.00
0.002380,5.001963,0.498565,0.41685,10.00
0.002390,5.002906,0.495964,0.41674,10.00
0.002400,5.003641,0.493279,0.41679,10.00
0.002410,5.003926,0.491005,0.41734,10.00
0.002420,5.004122,0.489234,0.41770,10.00
0.002430,5.004246,0.487806,0.41796,10.00
0.002440,5.004312,0.486627,0.41814,10.00
0.002450,5.004131,0.485635,0.41828,10.00
0.002460,5.003141,0.485634,0.41939,10.00
0.002470,5.002185,0.486636,0.41995,10.00
0.002480,5.001294,0.488157,0.42020,10.00
0.002490,5.000483,0.489914,0.42027,10.00
0.002500,4.999917,0.491745,0.42023,10.00
0.002510,5.000057,0.492878,0.41934,10.00
0.002520,5.000224,0.493230,0.41885,10.00
0.002530,5.000394,0.493151,0.41859,10.00
0.002540,5.000553,0.492843,0.41846,10.00
0.002550,5.000861,0.492425,0.41841,10.00
0.002560,5.001796,0.491254,0.41755,10.00
0.002570,5.002653,0.489338,0.41716,10.00
0.002580,5.003408,0.487090,0.41704,10.00
0.002590,5.004054,0.484751,0.41707,10.00
0.002600,5.004389,0.482453,0.41717,10.00
0.002610,5.003829,0.481138,0.41834,10.00
0.002620,5.003242,0.480882,0.41898,10.00
0.002630,5.002663,0.481221,0.41932,10.00
0.002640,5.002112,0.481881,0.41948,10.00
0.002650,5.001729,0.482704,0.41954,10.00
0.002660,5.001894,0.483042,0.41888,10.00
0.002670,5.002056,0.482814,0.41853,10.00
0.002680,5.002199,0.482297,0.41837,10.00
0.002690,5.002314,0.481651,0.41831,10.00
0.002700,5.002322,0.480967,0.41830,10.00
0.002710,5.002003,0.480620,0.41871,10.00
0.002720,5.001681,0.480651,0.41893,10.00
0.002730,5.001368,0.480894,0.41904,10.00
0.002740,5.001070,0.481253,0.41909,10.00
0.002750,5.000429,0.481669,0.41910,10.00
0.002760,4.998391,0.483659,0.42093,10.00
0.002770,4.996501,0.487275,0.42179,10.00
0.002780,4.994806,0.491643,0.42208,10.00
0.002790,4.993325,0.496262,0.42206,10.00
0.002800,4.992499,0.500845,0.42188,10.00
0.002810,4.993586,0.503370,0.41940,10.00
0.002820,4.994718,0.503668,0.41804,10.00
0.002830,4.995822,0.502736,0.41734,10.00
0.002840,4.996859,0.501156,0.41702,10.00
0.002850,4.997472,0.499270,0.41692,10.00
0.002860,4.996676,0.498715,0.41865,10.00
0.002870,4.995902,0.499670,0.41955,10.00
0.002880,4.995198,0.501400,0.41997,10.00
0.002890,4.994587,0.503477,0.42011,10.00
0.002900,4.994453,0.505657,0.42010,10.00
0.002910,4.995892,0.506194,0.41811,10.00
0.002920,4.997295,0.504936,0.41708,10.00
0.002930,4.998607,0.502741,0.41660,10.00
0.002940,4.999800,0.500105,0.41644,10.00
0.002950,5.000713,0.497317,0.41646,10.00
0.002960,5.000910,0.495181,0.41734,10.00
0.002970,5.001032,0.493817,0.41786,10.00
0.002980,5.001105,0.492919,0.41818,10.00
0.002990,5.001145,0.492307,0.41837,10.00
0.003000,5.001214,0.491873,0.41850,10.00
0.003010,5.001468,0.491333,0.41831,10.00
0.003020,5.001691,0.490639,0.41824,10.00
0.003030,5.001880,0.489891,0.41823,10.00
0.003040,5.002035,0.489143,0.41826,10.00
0.003050,5.002181,0.488427,0.41830,10.00
0.003060,5.002399,0.487647,0.41821,10.00
0.003070,5.002578,0.486806,0.41820,10.00
0.003080,5.002718,0.485968,0.41823,10.00
0.003090,5.002821,0.485169,0.41827,10.00
0.003100,5.002681,0.484427,0.41833,10.00
0.003110,5.001706,0.484629,0.41943,10.00
0.003120,5.000774,0.485821,0.41998,10.00
0.003130,4.999915,0.487511,0.42021,10.00
0.003140,4.999143,0.489417,0.42027,10.00
0.003150,4.998628,0.491375,0.42022,10.00
0.003160,4.998849,0.492588,0.41929,10.00
0.003170,4.999100,0.492972,0.41877,10.00
0.003180,4.999354,0.492894,0.41849,10.00
0.003190,4.999596,0.492566,0.41835,10.00
0.003200,4.999937,0.492113,0.41830,10.00
0.003210,5.000721,0.491100,0.41768,10.00
0.003220,5.001439,0.489542,0.41741,10.00
0.003230,5.002076,0.487748,0.41733,10.00
0.003240,5.002626,0.485891,0.41736,10.00
0.003250,5.002844,0.484072,0.41744,10.00
0.003260,5.002020,0.483394,0.41880,10.00
0.003270,5.001206,0.483932,0.41952,10.00
0.003280,5.000439,0.485116,0.41986,10.00
0.003290,4.999738,0.486614,0.41999,10.00
0.003300,4.999257,0.488232,0.42000,10.00
0.003310,4.999418,0.489244,0.41921,10.00
0.003320,4.999604,0.489558,0.41877,10.00
0.003330,4.999792,0.489484,0.41854,10.00
0.003340,4.999969,0.489203,0.41842,10.00
0.003350,4.999832,0.488821,0.41837,10.00
0.003360,4.998515,0.489668,0.41987,10.00
0.003370,4.997282,0.491836,0.42060,10.00
0.003380,4.996172,0.494641,0.42088,10.00
0.003390,4.995202,0.497687,0.42092,10.00
0.003400,4.994378,0.500749,0.42082,10.00
0.003410,4.993702,0.503691,0.42064,10.00
0.003420,4.993158,0.506447,0.42044,10.00
0.003430,4.992735,0.508990,0.42023,10.00
0.003440,4.992424,0.511310,0.42003,10.00
0.003450,4.992089,0.513408,0.41983,10.00
0.003460,4.991360,0.515820,0.42028,10.00
0.003470,4.990755,0.518580,0.42041,10.00
0.003480,4.990281,0.521406,0.42037,10.00
0.003490,4.989934,0.524142,0.42024,10.00
0.003500,4.989840,0.526703,0.42007,10.00
0.003510,4.990365,0.528494,0.41922,10.00
0.003520,4.990945,0.529473,0.41872,10.00
0.003530,4.991552,0.529947,0.41843,10.00
0.003540,4.992169,0.530101,0.41826,10.00
0.003550,4.993041,0.530046,0.41816,10.00
0.003560,4.994908,0.528754,0.41681,10.00
0.003570,4.996671,0.526218,0.41617,10.00
0.003580,4.998292,0.523075,0.41595,10.00
0.003590,4.999757,0.519697,0.41595,10.00
0.003600,5.000974,0.516295,0.41607,10.00
0.003610,5.001700,0.513355,0.41670,10.00
0.003620,5.002306,0.510960,0.41713,10.00
0.003630,5.002810,0.508939,0.41743,10.00
0.003640,5.003228,0.507192,0.41766,10.00
0.003650,5.003691,0.505655,0.41785,10.00
0.003660,5.004554,0.503780,0.41739,10.00
0.003670,5.005315,0.501515,0.41723,10.00
0.003680,5.005967,0.499127,0.41724,10.00
0.003690,5.006507,0.496766,0.41733,10.00
0.003700,5.006647,0.494514,0.41747,10.00
0.003710,5.005547,0.493662,0.41911,10.00
0.003720,5.004456,0.494286,0.41997,10.00
0.003730,5.003422,0.495701,0.42038,10.00
0.003740,5.002469,0.497505,0.42054,10.00
0.003750,5.001692,0.499465,0.42055,10.00
0.003760,5.001344,0.501082,0.42004,10.00
0.003770,5.001058,0.502263,0.41973,10.00
0.003780,5.000818,0.503170,0.41952,10.00
0.003790,5.000616,0.503900,0.41938,10.00
0.003800,5.000788,0.504508,0.41928,10.00
0.003810,5.002320,0.503571,0.41748,10.00
0.003820,5.003755,0.501040,0.41660,10.00
0.003830,5.005046,0.497741,0.41625,10.00
0.003840,5.006171,0.494148,0.41620,10.00
0.003850,5.006930,0.490534,0.41631,10.00
0.003860,5.006754,0.487889,0.41750,10.00
0.003870,5.006491,0.486334,0.41821,10.00
0.003880,5.006178,0.485440,0.41863,10.00
0.003890,5.005837,0.484953,0.41887,10.00
0.003900,5.005434,0.484721,0.41902,10.00
0.003910,5.004834,0.484863,0.41935,10.00
0.003920,5.004253,0.485332,0.41952,10.00
0.003930,5.003701,0.485976,0.41958,10.00
0.003940,5.003184,0.486708,0.41959,10.00
0.003950,5.002551,0.487474,0.41957,10.00
0.003960,5.001360,0.488893,0.42030,10.00
0.003970,5.000260,0.490977,0.42062,10.00
0.003980,4.999268,0.493354,0.42070,10.00
0.003990,4.998391,0.495810,0.42066,10.00
0.004000,4.997792,0.498225,0.42054,10.00
0.004010,4.997941,0.499834,0.41956,10.00
0.004020,4.998136,0.500570,0.41900,10.00
0.004030,4.998350,0.500805,0.41869,10.00
0.004040,4.998564,0.500756,0.41852,10.00
0.004050,4.998744,0.500551,0.41844,10.00
0.004060,4.998806,0.500380,0.41854,10.00
0.004070,4.998863,0.500294,0.41860,10.00
0.004080,4.998916,0.500252,0.41863,10.00
0.004090,4.998968,0.500233,0.41865,10.00
0.004100,4.999186,0.500224,0.41866,10.00
0.004110,5.000050,0.499511,0.41783,10.00
0.004120,5.000855,0.498057,0.41743,10.00
0.004130,5.001581,0.496252,0.41729,10.00
0.004140,5.002217,0.494324,0.41728,10.00
0.004150,5.002497,0.492399,0.41736,10.00
0.004160,5.001658,0.491677,0.41880,10.00
0.004170,5.000828,0.492250,0.41957,10.00
0.004180,5.000049,0.493507,0.41993,10.00
0.004190,4.999339,0.495094,0.42007,10.00
0.004200,4.998857,0.496806,0.42008,10.00
0.004210,4.999032,0.497897,0.41927,10.00
0.004220,4.999234,0.498272,0.41882,10.00
0.004230,4.999440,0.498245,0.41858,10.00
0.004240,4.999638,0.498001,0.41846,10.00
0.004250,4.999778,0.497646,0.41840,10.00
0.004260,4.999735,0.497423,0.41861,10.00
0.004270,4.999688,0.497376,0.41872,10.00
0.004280,4.999641,0.497426,0.41877,10.00
0.004290,4.999598,0.497526,0.41880,10.00
0.004300,4.999471,0.497649,0.41881,10.00
0.004310,4.998996,0.498165,0.41927,10.00
0.004320,4.998560,0.499084,0.41948,10.00
0.004330,4.998172,0.500186,0.41955,10.00
0.004340,4.997838,0.501345,0.41955,10.00
0.004350,4.997772,0.502491,0.41950,10.00
0.004360,4.998590,0.502673,0.41835,10.00
0.004370,4.999382,0.501830,0.41776,10.00
0.004380,5.000117,0.500457,0.41750,10.00
0.004390,5.000779,0.498844,0.41741,10.00
0.004400,5.001440,0.497156,0.41743,10.00
0.004410,5.002328,0.495153,0.41711,10.00
0.004420,5.003113,0.492872,0.41703,10.00
0.004430,5.003788,0.490526,0.41707,10.00
0.004440,5.004355,0.488235,0.41718,10.00
0.004450,5.004717,0.486063,0.41733,10.00
0.004460,5.004588,0.484476,0.41800,10.00
0.004470,5.004405,0.483507,0.41840,10.00
0.004480,5.004190,0.482921,0.41864,10.00
0.004490,5.003957,0.482576,0.41878,10.00
0.004500,5.003740,0.482387,0.41887,10.00
0.004510,5.003622,0.482189,0.41879,10.00
0.004520,5.003495,0.481944,0.41876,10.00
0.004530,5.003357,0.481695,0.41875,10.00
0.004540,5.003209,0.481466,0.41876,10.00
0.004550,5.003014,0.481267,0.41877,10.00
0.004560,5.002665,0.481264,0.41898,10.00
0.004570,5.002323,0.481465,0.41909,10.00
0.004580,5.001996,0.481781,0.41913,10.00
0.004590,5.001686,0.482157,0.41915,10.00
0.004600,5.001546,0.482562,0.41914,10.00
0.004610,5.002010,0.482338,0.41836,10.00
0.004620,5.002443,0.481443,0.41798,10.00
0.004630,5.002823,0.480225,0.41782,10.00
0.004640,5.003142,0.478886,0.41779,10.00
0.004650,5.003075,0.477537,0.41783,10.00
0.004660,5.001689,0.477620,0.41953,10.00
0.004670,5.000357,0.479230,0.42039,10.00
0.004680,4.999129,0.481619,0.42077,10.00
0.004690,4.998025,0.484351,0.42087,10.00
0.004700,4.997138,0.487177,0.42082,10.00
0.004710,4.996717,0.489589,0.42025,10.00
0.004720,4.996393,0.491493,0.41987,10.00
0.004730,4.996147,0.493051,0.41961,10.00
0.004740,4.995965,0.494360,0.41941,10.00
0.004750,4.995782,0.495482,0.41927,10.00
0.004760,4.995426,0.496695,0.41943,10.00
0.004770,4.995131,0.498036,0.41947,10.00
0.004780,4.994899,0.499389,0.41944,10.00
0.004790,4.994727,0.500688,0.41937,10.00
0.004800,4.994784,0.501902,0.41929,10.00
0.004810,4.995558,0.502285,0.41834,10.00
0.004820,4.996321,0.501800,0.41784,10.00
0.004830,4.997044,0.500849,0.41760,10.00
0.004840,4.997714,0.499669,0.41752,10.00
0.004850,4.998079,0.498397,0.41752,10.00
0.004860,4.997429,0.498156,0.41881,10.00
0.004870,4.996805,0.499039,0.41947,10.00
0.004880,4.996240,0.500492,0.41977,10.00
0.004890,4.995752,0.502193,0.41987,10.00
0.004900,4.995401,0.503959,0.41985,10.00
0.004910,4.995349,0.505448,0.41949,10.00
0.004920,4.995356,0.506593,0.41925,10.00
0.004930,4.995407,0.507499,0.41909,10.00
0.004940,4.995494,0.508230,0.41897,10.00
0.004950,4.995350,0.508826,0.41888,10.00
0.004960,4.994212,0.510425,0.42013,10.00
0.004970,4.993184,0.513099,0.42070,10.00
0.004980,4.992297,0.516242,0.42088,10.00
0.004990,4.991561,0.519508,0.42085,10.00
0.005000,4.991167,0.522704,0.42071,10.00
0.005010,4.991666,0.524904,0.41954,10.00
0.005020,4.992232,0.526017,0.41887,10.00
0.005030,4.992826,0.526477,0.41848,10.00
0.005040,4.993427,0.526541,0.41826,10.00
0.005050,4.994188,0.526363,0.41814,10.00
0.005060,4.995586,0.525324,0.41725,10.00
0.005070,4.996905,0.523447,0.41683,10.00
0.005080,4.998121,0.521164,0.41668,10.00
0.005090,4.999223,0.518724,0.41670,10.00
0.005100,5.000381,0.516273,0.41679,10.00
0.005110,5.002100,0.513154,0.41606,10.00
0.005120,5.003649,0.509379,0.41581,10.00
0.005130,5.005012,0.505378,0.41582,10.00
0.005140,5.006188,0.501400,0.41598,10.00
0.005150,5.007011,0.497579,0.41621,10.00
0.005160,5.006997,0.494716,0.41734,10.00
0.005170,5.006883,0.492879,0.41802,10.00
0.005180,5.006705,0.491676,0.41843,10.00
0.005190,5.006485,0.490875,0.41869,10.00
0.005200,5.006162,0.490335,0.41885,10.00
0.005210,5.005533,0.490287,0.41933,10.00
0.005220,5.004918,0.490694,0.41957,10.00
0.005230,5.004332,0.491347,0.41968,10.00
0.005240,5.003782,0.492124,0.41971,10.00
0.005250,5.003287,0.492953,0.41970,10.00
0.005260,5.002898,0.493721,0.41958,10.00
0.005270,5.002543,0.494400,0.41949,10.00
0.005280,5.002219,0.495016,0.41941,10.00
0.005290,5.001922,0.495583,0.41935,10.00
0.005300,5.001740,0.496111,0.41930,10.00
0.005310,5.001924,0.496230,0.41881,10.00
0.005320,5.002101,0.495926,0.41856,10.00
0.005330,5.002256,0.495409,0.41844,10.00
0.005340,5.002385,0.494801,0.41840,10.00
0.005350,5.002391,0.494170,0.41841,10.00
0.005360,5.002003,0.493956,0.41891,10.00
0.005370,5.001620,0.494197,0.41917,10.00
0.005380,5.001257,0.494682,0.41929,10.00
0.005390,5.000922,0.495286,0.41934,10.00
0.005400,5.000721,0.495939,0.41934,10.00
0.005410,5.000954,0.496157,0.41879,10.00
0.005420,5.001183,0.495896,0.41850,10.00
0.005430,5.001391,0.495388,0.41837,10.00
0.005440,5.001572,0.494768,0.41832,10.00
0.005450,5.001540,0.494114,0.41832,10.00
0.005460,5.000766,0.494246,0.41927,10.00
0.005470,5.000026,0.495226,0.41974,10.00
0.005480,4.999348,0.496632,0.41995,10.00
0.005490,4.998741,0.498222,0.42000,10.00
0.005500,4.998169,0.499855,0.41996,10.00
0.005510,4.997506,0.501633,0.42010,10.00
0.005520,4.996930,0.503524,0.42010,10.00
0.005530,4.996443,0.505402,0.42003,10.00
0.005540,4.996041,0.507201,0.41992,10.00
0.005550,4.996149,0.508885,0.41979,10.00
0.005560,4.998002,0.508609,0.41750,10.00
0.005570,4.999773,0.506283,0.41634,10.00
0.005580,5.001400,0.502924,0.41585,10.00
0.005590,5.002853,0.499119,0.41572,10.00
0.005600,5.003852,0.495207,0.41581,10.00
0.005610,5.003613,0.492535,0.41737,10.00
0.005620,5.003295,0.491261,0.41826,10.00
0.005630,5.002944,0.490795,0.41876,10.00
0.005640,5.002587,0.490792,0.41904,10.00
0.005650,5.002469,0.491049,0.41918,10.00
0.005660,5.003264,0.490465,0.41808,10.00
0.005670,5.004000,0.488926,0.41754,10.00
0.005680,5.004649,0.486934,0.41733,10.00
0.005690,5.005200,0.484778,0.41730,10.00
0.005700,5.005446,0.482622,0.41737,10.00
0.005710,5.004799,0.481427,0.41852,10.00
0.005720,5.004131,0.481282,0.41915,10.00
0.005730,5.003476,0.481724,0.41948,10.00
0.005740,5.002854,0.482482,0.41963,10.00
0.005750,5.001952,0.483399,0.41967,10.00
0.005760,4.999839,0.485754,0.42129,10.00
0.005770,4.997887,0.489557,0.42203,10.00
0.005780,4.996135,0.494015,0.42225,10.00
0.005790,4.994601,0.498670,0.42220,10.00
0.005800,4.993587,0.503262,0.42199,10.00
0.005810,4.993961,0.506359,0.42018,10.00
0.005820,4.994427,0.507827,0.41915,10.00
0.005830,4.994930,0.508347,0.41856,10.00
0.005840,4.995438,0.508322,0.41825,10.00
0.005850,4.995970,0.507988,0.41809,10.00
0.005860,4.996619,0.507333,0.41784,10.00
0.005870,4.997229,0.506431,0.41773,10.00
0.005880,4.997791,0.505417,0.41772,10.00
0.005890,4.998304,0.504367,0.41774,10.00
0.005900,4.998671,0.503329,0.41780,10.00
0.005910,4.998615,0.502734,0.41835,10.00
0.005920,4.998547,0.502618,0.41865,10.00
0.005930,4.998482,0.502758,0.41881,10.00
0.005940,4.998427,0.503028,0.41888,10.00
0.005950,4.998455,0.503354,0.41891,10.00
0.005960,4.998768,0.503399,0.41856,10.00
0.005970,4.999072,0.503126,0.41838,10.00
0.005980,4.999357,0.502686,0.41830,10.00
0.005990,4.999619,0.502168,0.41828,10.00
0.006000,4.999626,0.501622,0.41828,10.00
0.006010,4.998717,0.502053,0.41946,10.00
0.006020,4.997862,0.503521,0.42005,10.00
0.006030,4.997093,0.505495,0.42028,10.00
0.006040,4.996423,0.507668,0.42033,10.00
0.006050,4.995945,0.509863,0.42027,10.00
0.006060,4.995911,0.511608,0.41970,10.00
0.006070,4.995941,0.512832,0.41935,10.00
0.006080,4.996017,0.513719,0.41913,10.00
0.006090,4.996126,0.514380,0.41898,10.00
0.006100,4.996459,0.514882,0.41887,10.00
0.006110,4.997581,0.514425,0.41780,10.00
0.006120,4.998649,0.512995,0.41727,10.00
0.006130,4.999632,0.511080,0.41706,10.00
0.006140,5.000518,0.508960,0.41702,10.00
0.006150,5.001071,0.506800,0.41708,10.00
0.006160,5.000623,0.505675,0.41836,10.00
0.006170,5.000160,0.505680,0.41906,10.00
0.006180,4.999718,0.506295,0.41940,10.00
0.006190,4.999314,0.507216,0.41956,10.00
0.006200,4.999120,0.508269,0.41960,10.00
0.006210,4.999607,0.508663,0.41876,10.00
0.006220,5.000088,0.508309,0.41832,10.00
0.006230,5.000539,0.507560,0.41811,10.00
0.006240,5.000948,0.506621,0.41803,10.00
0.006250,5.001240,0.505611,0.41803,10.00
0.006260,5.001211,0.504896,0.41842,10.00
0.006270,5.001160,0.504529,0.41864,10.00
0.006280,5.001099,0.504363,0.41877,10.00
0.006290,5.001034,0.504313,0.41884,10.00
0.006300,5.001032,0.504329,0.41888,10.00
0.006310,5.001277,0.504112,0.41858,10.00
0.006320,5.001503,0.503634,0.41843,10.00
0.006330,5.001704,0.503032,0.41838,10.00
0.006340,5.001874,0.502388,0.41837,10.00
0.006350,5.002049,0.501745,0.41839,10.00
0.006360,5.002329,0.500983,0.41826,10.00
0.006370,5.002570,0.500108,0.41821,10.00
0.006380,5.002769,0.499208,0.41823,10.00
0.006390,5.002927,0.498330,0.41827,10.00
0.006400,5.002924,0.497503,0.41832,10.00
0.006410,5.002413,0.497256,0.41900,10.00
0.006420,5.001910,0.497617,0.41935,10.00
0.006430,5.001436,0.498302,0.41951,10.00
0.006440,5.001000,0.499144,0.41957,10.00
0.006450,5.000814,0.500045,0.41956,10.00
0.006460,5.001482,0.500064,0.41848,10.00
0.006470,5.002118,0.499128,0.41793,10.00
0.006480,5.002696,0.497713,0.41768,10.00
0.006490,5.003200,0.496094,0.41761,10.00
0.006500,5.003347,0.494428,0.41764,10.00
0.006510,5.002330,0.493992,0.41913,10.00
0.006520,5.001337,0.494890,0.41990,10.00
0.006530,5.000410,0.496484,0.42026,10.00
0.006540,4.999570,0.498406,0.42038,10.00
0.006550,4.998942,0.500439,0.42037,10.00
0.006560,4.998866,0.501963,0.41969,10.00
0.006570,4.998843,0.502886,0.41929,10.00
0.006580,4.998851,0.503449,0.41905,10.00
0.006590,4.998879,0.503797,0.41891,10.00
0.006600,4.999059,0.504012,0.41882,10.00
0.006610,4.999795,0.503545,0.41806,10.00
0.006620,5.000486,0.502399,0.41769,10.00
0.006630,5.001112,0.500924,0.41755,10.00
0.006640,5.001665,0.499323,0.41753,10.00
0.006650,5.001750,0.497713,0.41758,10.00
0.006660,5.000238,0.497824,0.41965,10.00
0.006670,4.998792,0.499768,0.42069,10.00
0.006680,4.997469,0.502636,0.42115,10.00
0.006690,4.996294,0.505903,0.42127,10.00
0.006700,4.995422,0.509266,0.42120,10.00
0.006710,4.995276,0.511932,0.42030,10.00
0.006720,4.995227,0.513779,0.41974,10.00
0.006730,4.995247,0.515107,0.41939,10.00
0.006740,4.995317,0.516094,0.41916,10.00
0.006750,4.995651,0.516847,0.41900,10.00
0.006760,4.996891,0.516474,0.41775,10.00
0.006770,4.998075,0.514972,0.41713,10.00
0.006780,4.999169,0.512899,0.41688,10.00
0.006790,5.000156,0.510582,0.41682,10.00
0.006800,5.001097,0.508209,0.41689,10.00
0.006810,5.002184,0.505603,0.41667,10.00
0.006820,5.003142,0.502812,0.41667,10.00
0.006830,5.003969,0.500020,0.41677,10.00
0.006840,5.004668,0.497332,0.41693,10.00
0.006850,5.005153,0.494802,0.41711,10.00
0.006860,5.005166,0.492851,0.41777,10.00
0.006870,5.005108,0.491507,0.41817,10.00
0.006880,5.005001,0.490551,0.41843,10.00
0.006890,5.004858,0.489854,0.41860,10.00
0.006900,5.004589,0.489335,0.41872,10.00
0.006910,5.003909,0.489373,0.41930,10.00
0.006920,5.003251,0.489957,0.41960,10.00
0.006930,5.002630,0.490829,0.41973,10.00
0.006940,5.002055,0.491837,0.41976,10.00
0.006950,5.001653,0.492893,0.41974,10.00
0.006960,5.001774,0.493428,0.41907,10.00
0.006970,5.001902,0.493389,0.41872,10.00
0.006980,5.002019,0.493048,0.41854,10.00
0.006990,5.002115,0.492563,0.41846,10.00
0.007000,5.002064,0.492024,0.41844,10.00
0.007010,5.001504,0.492011,0.41908,10.00
0.007020,5.000963,0.492575,0.41941,10.00
0.007030,5.000459,0.493439,0.41955,10.00
0.007040,5.000001,0.494440,0.41959,10.00
0.007050,4.999705,0.495483,0.41957,10.00
0.007060,4.999903,0.496030,0.41895,10.00
0.007070,5.000109,0.496028,0.41861,10.00
0.007080,5.000305,0.495730,0.41844,10.00
0.007090,5.000482,0.495286,0.41837,10.00
0.007100,5.000725,0.494779,0.41835,10.00
0.007110,5.001286,0.493884,0.41791,10.00
0.007120,5.001793,0.492611,0.41773,10.00
0.007130,5.002235,0.491182,0.41768,10.00
0.007140,5.002610,0.489725,0.41771,10.00
0.007150,5.002682,0.488312,0.41779,10.00
0.007160,5.001775,0.487982,0.41907,10.00
0.007170,5.000891,0.488800,0.41973,10.00
0.007180,5.000066,0.490219,0.42003,10.00
0.007190,4.999317,0.491918,0.42014,10.00
0.007200,4.998846,0.493713,0.42012,10.00
0.007210,4.999215,0.494673,0.41907,10.00
0.007220,4.999598,0.494700,0.41850,10.00
0.007230,4.999966,0.494223,0.41821,10.00
0.007240,5.000302,0.493491,0.41808,10.00
0.007250,5.000476,0.492648,0.41805,10.00
0.007260,5.000122,0.492309,0.41869,10.00
0.007270,4.999772,0.492545,0.41903,10.00
0.007280,4.999443,0.493085,0.41920,10.00
0.007290,4.999145,0.493774,0.41926,10.00
0.007300,4.998692,0.494519,0.41926,10.00
0.007310,4.997539,0.496072,0.42019,10.00
0.007320,4.996486,0.498442,0.42061,10.00
0.007330,4.995557,0.501167,0.42072,10.00
0.007340,4.994758,0.503981,0.42068,10.00
0.007350,4.993979,0.506735,0.42055,10.00
0.007360,4.992889,0.509823,0.42094,10.00
0.007370,4.991955,0.513225,0.42102,10.00
0.007380,4.991181,0.516659,0.42093,10.00
0.007390,4.990564,0.519970,0.42075,10.00
0.007400,4.990569,0.523073,0.42053,10.00
0.007410,4.992558,0.523908,0.41790,10.00
0.007420,4.994506,0.522366,0.41654,10.00
0.007430,4.996339,0.519567,0.41590,10.00
0.007440,4.998018,0.516168,0.41568,10.00
0.007450,4.999332,0.512548,0.41570,10.00
0.007460,4.999715,0.509755,0.41683,10.00
0.007470,4.999999,0.507949,0.41751,10.00
0.007480,5.000216,0.506736,0.41793,10.00
0.007490,5.000387,0.505882,0.41818,10.00
0.007500,5.000906,0.505250,0.41834,10.00
0.007510,5.002879,0.503139,0.41653,10.00
0.007520,5.004699,0.499428,0.41569,10.00
0.007530,5.006321,0.494986,0.41540,10.00
0.007540,5.007726,0.490313,0.41543,10.00
0.007550,5.008482,0.485693,0.41562,10.00
0.007560,5.007349,0.483118,0.41808,10.00
0.007570,5.006170,0.482754,0.41942,10.00
0.007580,5.005015,0.483619,0.42011,10.00
0.007590,5.003925,0.485136,0.42044,10.00
0.007600,5.002905,0.486970,0.42054,10.00
0.007610,5.001928,0.488978,0.42059,10.00
0.007620,5.001049,0.491050,0.42054,10.00
0.007630,5.000267,0.493093,0.42043,10.00
0.007640,4.999580,0.495054,0.42030,10.00
0.007650,4.998736,0.496905,0.42016,10.00
0.007660,4.997021,0.499679,0.42126,10.00
0.007670,4.995469,0.503417,0.42171,10.00
0.007680,4.994105,0.507542,0.42180,10.00
0.007690,4.992937,0.511720,0.42168,10.00
0.007700,4.992366,0.515767,0.42146,10.00
0.007710,4.993554,0.517859,0.41915,10.00
0.007720,4.994771,0.517866,0.41790,10.00
0.007730,4.995948,0.516726,0.41726,10.00
0.007740,4.997051,0.514989,0.41698,10.00
0.007750,4.998112,0.512976,0.41690,10.00
0.007760,4.999268,0.510658,0.41668,10.00
0.007770,5.000308,0.508132,0.41666,10.00
0.007780,5.001228,0.505575,0.41675,10.00
0.007790,5.002028,0.503090,0.41689,10.00
0.007800,5.002956,0.500729,0.41705,10.00
0.007810,5.004710,0.497500,0.41601,10.00
0.007820,5.006283,0.493369,0.41561,10.00
0.007830,5.007651,0.488903,0.41557,10.00
0.007840,5.008808,0.484428,0.41571,10.00
0.007850,5.009242,0.480124,0.41596,10.00
0.007860,5.007461,0.478297,0.41888,10.00
0.007870,5.005682,0.479097,0.42043,10.00
0.007880,5.003989,0.481312,0.42118,10.00
0.007890,5.002426,0.484233,0.42148,10.00
0.007900,5.001369,0.487450,0.42153,10.00
0.007910,5.001856,0.489204,0.41962,10.00
0.007920,5.002371,0.489293,0.41859,10.00
0.007930,5.002861,0.488485,0.41807,10.00
0.007940,5.003300,0.487231,0.41783,10.00
0.007950,5.003318,0.485788,0.41776,10.00
0.007960,5.001887,0.485816,0.41958,10.00
0.007970,5.000511,0.487467,0.42049,10.00
0.007980,4.999241,0.489946,0.42090,10.00
0.007990,4.998100,0.492792,0.42101,10.00
0.008000,4.997306,0.495738,0.42096,10.00
0.008010,4.997460,0.497747,0.41977,10.00
0.008020,4.997674,0.498694,0.41909,10.00
0.008030,4.997912,0.499029,0.41870,10.00
0.008040,4.998154,0.499017,0.41850,10.00
0.008050,4.998358,0.498814,0.41839,10.00
0.008060,4.998425,0.498643,0.41851,10.00
0.008070,4.998488,0.498565,0.41857,10.00
0.008080,4.998548,0.498536,0.41861,10.00
0.008090,4.998607,0.498531,0.41863,10.00
0.008100,4.998602,0.498536,0.41864,10.00
0.008110,4.998350,0.498815,0.41896,10.00
0.008120,4.998119,0.499374,0.41912,10.00
0.008130,4.997920,0.500062,0.41918,10.00
0.008140,4.997753,0.500792,0.41918,10.00
0.008150,4.997578,0.501513,0.41915,10.00
0.008160,4.997267,0.502381,0.41933,10.00
0.008170,4.997003,0.503392,0.41938,10.00
0.008180,4.996786,0.504437,0.41937,10.00
0.008190,4.996617,0.505455,0.41933,10.00
0.008200,4.996494,0.506416,0.41926,10.00
0.008210,4.996411,0.507303,0.41920,10.00
0.008220,4.996366,0.508110,0.41913,10.00
0.008230,4.996357,0.508836,0.41906,10.00
0.008240,4.996378,0.509480,0.41900,10.00
0.008250,4.996532,0.510048,0.41894,10.00
0.008260,4.997122,0.510091,0.41835,10.00
0.008270,4.997696,0.509593,0.41805,10.00
0.008280,4.998236,0.508811,0.41792,10.00
0.008290,4.998734,0.507893,0.41788,10.00
0.008300,4.999275,0.506926,0.41789,10.00
0.008310,5.000114,0.505585,0.41749,10.00
0.008320,5.000878,0.503878,0.41734,10.00
0.008330,5.001557,0.502032,0.41732,10.00
0.008340,5.002148,0.500175,0.41739,10.00
0.008350,5.002497,0.498379,0.41749,10.00
0.008360,5.002153,0.497350,0.41840,10.00
0.008370,5.001788,0.497139,0.41891,10.00
0.008380,5.001429,0.497383,0.41917,10.00
0.008390,5.001090,0.497868,0.41929,10.00
0.008400,5.000961,0.498470,0.41934,10.00
0.008410,5.001575,0.498338,0.41841,10.00
0.008420,5.002157,0.497393,0.41795,10.00
0.008430,5.002681,0.496046,0.41775,10.00
0.008440,5.003137,0.494533,0.41770,10.00
0.008450,5.003315,0.492991,0.41773,10.00
0.008460,5.002622,0.492369,0.41885,10.00
0.008470,5.001934,0.492748,0.41943,10.00
0.008480,5.001283,0.493664,0.41972,10.00
0.008490,5.000683,0.494844,0.41983,10.00
0.008500,5.000124,0.496131,0.41984,10.00
0.008510,4.999548,0.497518,0.41990,10.00
0.008520,4.999040,0.498958,0.41987,10.00
0.008530,4.998599,0.500377,0.41981,10.00
0.008540,4.998223,0.501733,0.41972,10.00
0.008550,4.997941,0.503004,0.41962,10.00
0.008560,4.997843,0.504042,0.41936,10.00
0.008570,4.997786,0.504835,0.41918,10.00
0.008580,4.997761,0.505463,0.41906,10.00
0.008590,4.997761,0.505972,0.41898,10.00
0.008600,4.997829,0.506394,0.41892,10.00
0.008610,4.998105,0.506539,0.41862,10.00
0.008620,4.998377,0.506411,0.41847,10.00
0.008630,4.998638,0.506134,0.41839,10.00
0.008640,4.998883,0.505779,0.41837,10.00
0.008650,4.999117,0.505391,0.41837,10.00
0.008660,4.999363,0.504959,0.41834,10.00
0.008670,4.999587,0.504498,0.41834,10.00
0.008680,4.999788,0.504034,0.41836,10.00
0.008690,4.999968,0.503582,0.41839,10.00
0.008700,5.000326,0.503151,0.41842,10.00
0.008710,5.001434,0.501900,0.41745,10.00
0.008720,5.002456,0.499793,0.41701,10.00
0.008730,5.003366,0.497299,0.41686,10.00
0.008740,5.004154,0.494688,0.41688,10.00
0.008750,5.004545,0.492113,0.41700,10.00
0.008760,5.003748,0.490829,0.41854,10.00
0.008770,5.002936,0.490936,0.41938,10.00
0.008780,5.002155,0.491801,0.41980,10.00
0.008790,5.001429,0.493054,0.41998,10.00
0.008800,5.000805,0.494482,0.42002,10.00
0.008810,5.000392,0.495804,0.41980,10.00
0.008820,5.000036,0.496943,0.41964,10.00
0.008830,4.999730,0.497946,0.41952,10.00
0.008840,4.999467,0.498841,0.41942,10.00
0.008850,4.999659,0.499647,0.41933,10.00
0.008860,5.001501,0.498609,0.41716,10.00
0.008870,5.003231,0.495654,0.41610,10.00
0.008880,5.004792,0.491769,0.41568,10.00
0.008890,5.006157,0.487524,0.41561,10.00
0.008900,5.006683,0.483246,0.41574,10.00
0.008910,5.004524,0.481837,0.41920,10.00
0.008920,5.002402,0.483521,0.42101,10.00
0.008930,5.000415,0.486833,0.42186,10.00
0.008940,4.998610,0.490919,0.42217,10.00
0.008950,4.997044,0.495288,0.42217,10.00
0.008960,4.995824,0.499504,0.42182,10.00
0.008970,4.994792,0.503404,0.42149,10.00
0.008980,4.993933,0.506989,0.42117,10.00
0.008990,4.993232,0.510266,0.42087,10.00
0.009000,4.992880,0.513248,0.42059,10.00
0.009010,4.993458,0.515074,0.41930,10.00
0.009020,4.994082,0.515718,0.41857,10.00
0.009030,4.994713,0.515682,0.41818,10.00
0.009040,4.995327,0.515261,0.41798,10.00
0.009050,4.995817,0.514630,0.41789,10.00
0.009060,4.995897,0.514304,0.41836,10.00
0.009070,4.995972,0.514361,0.41860,10.00
0.009080,4.996056,0.514611,0.41873,10.00
0.009090,4.996153,0.514941,0.41878,10.00
0.009100,4.996194,0.515291,0.41879,10.00
0.009110,4.995970,0.515931,0.41914,10.00
0.009120,4.995785,0.516857,0.41930,10.00
0.009130,4.995646,0.517893,0.41934,10.00
0.009140,4.995556,0.518937,0.41932,10.00
0.009150,4.995798,0.519934,0.41927,10.00
0.009160,4.997197,0.519637,0.41776,10.00
0.009170,4.998537,0.517975,0.41700,10.00
0.009180,4.999774,0.515622,0.41668,10.00
0.009190,5.000890,0.512969,0.41660,10.00
0.009200,5.001589,0.510240,0.41667,10.00
0.009210,5.001036,0.508792,0.41826,10.00
0.009220,5.000462,0.508753,0.41912,10.00
0.009230,4.999911,0.509476,0.41956,10.00
0.009240,4.999407,0.510585,0.41975,10.00
0.009250,4.999265,0.511861,0.41981,10.00
0.009260,5.000369,0.511883,0.41825,10.00
0.009270,5.001427,0.510522,0.41746,10.00
0.009280,5.002398,0.508458,0.41711,10.00
0.009290,5.003262,0.506086,0.41701,10.00
0.009300,5.003841,0.503634,0.41705,10.00
0.009310,5.003644,0.501955,0.41802,10.00
0.009320,5.003397,0.501151,0.41858,10.00
0.009330,5.003129,0.500857,0.41889,10.00
0.009340,5.002858,0.500856,0.41906,10.00
0.009350,5.002612,0.501021,0.41915,10.00
0.009360,5.002448,0.501199,0.41910,10.00
0.009370,5.002292,0.501342,0.41906,10.00
0.009380,5.002143,0.501467,0.41904,10.00
0.009390,5.002000,0.501584,0.41902,10.00
0.009400,5.001845,0.501697,0.41901,10.00
0.009410,5.001631,0.501882,0.41908,10.00
0.009420,5.001429,0.502143,0.41911,10.00
0.009430,5.001240,0.502439,0.41912,10.00
0.009440,5.001066,0.502748,0.41911,10.00
0.009450,5.000926,0.503057,0.41910,10.00
0.009460,5.000872,0.503278,0.41898,10.00
0.009470,5.000825,0.503403,0.41892,10.00
0.009480,5.000783,0.503475,0.41888,10.00
0.009490,5.000744,0.503517,0.41886,10.00
0.009500,5.000760,0.503544,0.41884,10.00
0.009510,5.000985,0.503334,0.41856,10.00
0.009520,5.001193,0.502883,0.41843,10.00
0.009530,5.001376,0.502319,0.41838,10.00
0.009540,5.001531,0.501717,0.41838,10.00
0.009550,5.001839,0.501118,0.41840,10.00
0.009560,5.002826,0.499775,0.41752,10.00
0.009570,5.003725,0.497662,0.41712,10.00
0.009580,5.004513,0.495215,0.41700,10.00
0.009590,5.005184,0.492682,0.41704,10.00
0.009600,5.005517,0.490203,0.41715,10.00
0.009610,5.004880,0.488793,0.41842,10.00
0.009620,5.004215,0.488535,0.41912,10.00
0.009630,5.003561,0.488924,0.41948,10.00
0.009640,5.002938,0.489662,0.41965,10.00
0.009650,5.002520,0.490576,0.41971,10.00
0.009660,5.002788,0.490865,0.41888,10.00
0.009670,5.003048,0.490438,0.41845,10.00
0.009680,5.003275,0.489647,0.41825,10.00
0.009690,5.003461,0.488700,0.41817,10.00
0.009700,5.003566,0.487711,0.41818,10.00
0.009710,5.003486,0.486900,0.41840,10.00
0.009720,5.003376,0.486308,0.41854,10.00
0.009730,5.003243,0.485868,0.41864,10.00
0.009740,5.003095,0.485537,0.41871,10.00
0.009750,5.002784,0.485290,0.41875,10.00
0.009760,5.001882,0.485746,0.41955,10.00
0.009770,5.001025,0.486925,0.41993,10.00
0.009780,5.000237,0.488461,0.42008,10.00
0.009790,4.999526,0.490145,0.42010,10.00
0.009800,4.999090,0.491855,0.42005,10.00
0.009810,4.999486,0.492697,0.41898,10.00
0.009820,4.999892,0.492596,0.41841,10.00
0.009830,5.000276,0.491991,0.41812,10.00
0.009840,5.000624,0.491137,0.41800,10.00
0.009850,5.000684,0.490181,0.41797,10.00
0.009860,4.999750,0.490246,0.41923,10.00
0.009870,4.998856,0.491426,0.41986,10.00
0.009880,4.998037,0.493171,0.42014,10.00
0.009890,4.997308,0.495160,0.42021,10.00
0.009900,4.996651,0.497210,0.42017,10.00
0.009910,4.995995,0.499320,0.42020,10.00
0.009920,4.995439,0.501438,0.42013,10.00
0.009930,4.994980,0.503477,0.42001,10.00
0.009940,4.994612,0.505394,0.41988,10.00
0.009950,4.994467,0.507164,0.41973,10.00
0.009960,4.994940,0.508191,0.41889,10.00
0.009970,4.995434,0.508446,0.41843,10.00
0.009980,4.995925,0.508261,0.41818,10.00
0.009990,4.996398,0.507832,0.41806,10.00
0.010000,4.996551,0.507274,0.41802,10.00
0.010010,4.995532,0.507907,0.41950,10.00
0.010020,4.994584,0.509828,0.42023,10.00
0.010030,4.993745,0.512366,0.42052,10.00
0.010040,4.993034,0.515134,0.42057,10.00
0.010050,4.992741,0.517913,0.42049,10.00
0.010060,4.993700,0.519349,0.41888,10.00
0.010070,4.994677,0.519320,0.41801,10.00
0.010080,4.995625,0.518482,0.41757,10.00
0.010090,4.996518,0.517217,0.41737,10.00
0.010100,4.997425,0.515749,0.41732,10.00
0.010110,4.998581,0.513859,0.41693,10.00
0.010120,4.999635,0.511605,0.41681,10.00
0.010130,5.000578,0.509224,0.41683,10.00
0.010140,5.001409,0.506853,0.41693,10.00
0.010150,5.001923,0.504569,0.41707,10.00
0.010160,5.001528,0.503292,0.41828,10.00
0.010170,5.001109,0.503083,0.41893,10.00
0.010180,5.000699,0.503462,0.41928,10.00
0.010190,5.000317,0.504147,0.41943,10.00
0.010200,4.999989,0.504973,0.41949,10.00
0.010210,4.999768,0.505776,0.41940,10.00
0.010220,4.999581,0.506497,0.41932,10.00
0.010230,4.999427,0.507148,0.41925,10.00
0.010240,4.999300,0.507735,0.41919,10.00
0.010250,4.999185,0.508265,0.41914,10.00
0.010260,4.999037,0.508803,0.41917,10.00
0.010270,4.998914,0.509356,0.41916,10.00
0.010280,4.998816,0.509895,0.41913,10.00
0.010290,4.998743,0.510401,0.41910,10.00
0.010300,4.998986,0.510868,0.41906,10.00
0.010310,5.000395,0.510038,0.41754,10.00
0.010320,5.001720,0.507853,0.41680,10.00
0.010330,5.002919,0.505010,0.41650,10.00
0.010340,5.003977,0.501912,0.41646,10.00
0.010350,5.004806,0.498789,0.41656,10.00
0.010360,5.005176,0.496116,0.41714,10.00
0.010370,5.005438,0.493977,0.41754,10.00
0.010380,5.005612,0.492215,0.41782,10.00
0.010390,5.005713,0.490731,0.41803,10.00
0.010400,5.005530,0.489465,0.41820,10.00
0.010410,5.004427,0.489326,0.41945,10.00
0.010420,5.003356,0.490331,0.42010,10.00
0.010430,5.002353,0.491933,0.42039,10.00
0.010440,5.001436,0.493812,0.42047,10.00
0.010450,5.000847,0.495786,0.42045,10.00
0.010460,5.001265,0.496747,0.41917,10.00
0.010470,5.001692,0.496590,0.41849,10.00
0.010480,5.002093,0.495839,0.41815,10.00
0.010490,5.002449,0.494799,0.41801,10.00
0.010500,5.002699,0.493645,0.41797,10.00
0.010510,5.002691,0.492702,0.41827,10.00
0.010520,5.002647,0.492036,0.41845,10.00
0.010530,5.002579,0.491550,0.41857,10.00
0.010540,5.002493,0.491189,0.41865,10.00
0.010550,5.002529,0.490916,0.41871,10.00
0.010560,5.003089,0.490126,0.41806,10.00
0.010570,5.003593,0.488778,0.41776,10.00
0.010580,5.004027,0.487185,0.41766,10.00
0.010590,5.004384,0.485528,0.41767,10.00
0.010600,5.004398,0.483906,0.41774,10.00
0.010610,5.003301,0.483511,0.41919,10.00
0.010620,5.002229,0.484421,0.41994,10.00
0.010630,5.001224,0.486019,0.42029,10.00
0.010640,5.000306,0.487942,0.42040,10.00
0.010650,4.999670,0.489983,0.42039,10.00
0.010660,4.999860,0.491223,0.41936,10.00
0.010670,5.000078,0.491559,0.41879,10.00
0.010680,5.000296,0.491398,0.41849,10.00
0.010690,5.000498,0.490977,0.41835,10.00
0.010700,5.000510,0.490433,0.41829,10.00
0.010710,4.999850,0.490551,0.41912,10.00
0.010720,4.999221,0.491410,0.41954,10.00
0.010730,4.998644,0.492640,0.41971,10.00
0.010740,4.998131,0.494030,0.41976,10.00
0.010750,4.997947,0.495457,0.41973,10.00
0.010760,4.998849,0.495735,0.41834,10.00
0.010770,4.999724,0.494775,0.41762,10.00
0.010780,5.000532,0.493178,0.41729,10.00
0.010790,5.001255,0.491294,0.41719,10.00
0.010800,5.001708,0.489321,0.41721,10.00
0.010810,5.001370,0.488138,0.41820,10.00
0.010820,5.001007,0.487842,0.41875,10.00
0.010830,5.000647,0.488041,0.41904,10.00
0.010840,5.000305,0.488506,0.41918,10.00
0.010850,4.999985,0.489104,0.41923,10.00
0.010860,4.999679,0.489774,0.41926,10.00
0.010870,4.999407,0.490473,0.41925,10.00
0.010880,4.999167,0.491164,0.41922,10.00
0.010890,4.998958,0.491828,0.41917,10.00
0.010900,4.998878,0.492455,0.41913,10.00
0.010910,4.999210,0.492620,0.41858,10.00
0.010920,4.999533,0.492303,0.41830,10.00
0.010930,4.999833,0.491735,0.41817,10.00
0.010940,5.000103,0.491052,0.41813,10.00
0.010950,5.000230,0.490332,0.41813,10.00
0.010960,4.999901,0.490081,0.41871,10.00
0.010970,4.999577,0.490345,0.41901,10.00
0.010980,4.999274,0.490880,0.41916,10.00
0.010990,4.999002,0.491544,0.41921,10.00
0.011000,4.998854,0.492254,0.41921,10.00
0.011010,4.999099,0.492572,0.41872,10.00
0.011020,4.999344,0.492452,0.41846,10.00
0.011030,4.999576,0.492100,0.41833,10.00
0.011040,4.999787,0.491634,0.41828,10.00
0.011050,4.999880,0.491122,0.41828,10.00
0.011060,4.999579,0.491009,0.41877,10.00
0.011070,4.999288,0.491333,0.41903,10.00
0.011080,4.999020,0.491884,0.41914,10.00
0.011090,4.998781,0.492538,0.41918,10.00
0.011100,4.998545,0.493224,0.41918,10.00
0.011110,4.998232,0.494021,0.41929,10.00
0.011120,4.997959,0.494914,0.41932,10.00
0.011130,4.997729,0.495823,0.41930,10.00
0.011140,4.997540,0.496706,0.41925,10.00
0.011150,4.997336,0.497539,0.41920,10.00
0.011160,4.996950,0.498547,0.41942,10.00
0.011170,4.996618,0.499737,0.41949,10.00
0.011180,4.996344,0.500976,0.41948,10.00
0.011190,4.996126,0.502190,0.41943,10.00
0.011200,4.995765,0.503338,0.41936,10.00
0.011210,4.994686,0.505240,0.42027,10.00
0.011220,4.993723,0.507926,0.42066,10.00
0.011230,4.992895,0.510929,0.42076,10.00
0.011240,4.992210,0.513979,0.42069,10.00
0.011250,4.991793,0.516930,0.42054,10.00
0.011260,4.992013,0.519148,0.41969,10.00
0.011270,4.992310,0.520571,0.41918,10.00
0.011280,4.992656,0.521488,0.41886,10.00
0.011290,4.993032,0.522076,0.41866,10.00
0.011300,4.993259,0.522441,0.41853,10.00
0.011310,4.992848,0.523360,0.41930,10.00
0.011320,4.992499,0.524908,0.41965,10.00
0.011330,4.992230,0.526718,0.41976,10.00
0.011340,4.992046,0.528580,0.41975,10.00
0.011350,4.992441,0.530380,0.41967,10.00
0.011360,4.994838,0.529952,0.41706,10.00
0.011370,4.997135,0.527168,0.41575,10.00
0.011380,4.999260,0.523186,0.41519,10.00
0.011390,5.001179,0.518680,0.41506,10.00
0.011400,5.002620,0.514036,0.41516,10.00
0.011410,5.002839,0.510577,0.41670,10.00
0.011420,5.002939,0.508474,0.41760,10.00
0.011430,5.002967,0.507179,0.41814,10.00
0.011440,5.002949,0.506368,0.41847,10.00
0.011450,5.002935,0.505852,0.41866,10.00
0.011460,5.003022,0.505386,0.41862,10.00
0.011470,5.003087,0.504896,0.41862,10.00
0.011480,5.003130,0.504415,0.41864,10.00
0.011490,5.003152,0.503961,0.41866,10.00
0.011500,5.003118,0.503543,0.41869,10.00
0.011510,5.002930,0.503315,0.41890,10.00
0.011520,5.002738,0.503284,0.41902,10.00
0.011530,5.002549,0.503366,0.41907,10.00
0.011540,5.002366,0.503511,0.41910,10.00
0.011550,5.002415,0.503691,0.41911,10.00
0.011560,5.003339,0.502940,0.41798,10.00
0.011570,5.004196,0.501203,0.41744,10.00
0.011580,5.004956,0.499001,0.41723,10.00
0.011590,5.005607,0.496633,0.41721,10.00
0.011600,5.006053,0.494270,0.41729,10.00
0.011610,5.006022,0.492408,0.41790,10.00
0.011620,5.005924,0.491116,0.41828,10.00
0.011630,5.005778,0.490192,0.41852,10.00
0.011640,5.005598,0.489517,0.41868,10.00
0.011650,5.005373,0.489015,0.41879,10.00
0.011660,5.005051,0.488727,0.41896,10.00
0.011670,5.004722,0.488627,0.41907,10.00
0.011680,5.004394,0.488647,0.41912,10.00
0.011690,5.004070,0.488747,0.41915,10.00
0.011700,5.003625,0.488900,0.41916,10.00
0.011710,5.002687,0.489639,0.41982,10.00
0.011720,5.001804,0.490980,0.42012,10.00
0.011730,5.000994,0.492608,0.42022,10.00
0.011740,5.000266,0.494343,0.42022,10.00
0.011750,4.999827,0.496080,0.42015,10.00
0.011760,5.000276,0.496879,0.41900,10.00
0.011770,5.000730,0.496665,0.41838,10.00
0.011780,5.001155,0.495914,0.41808,10.00
0.011790,5.001537,0.494902,0.41796,10.00
0.011800,5.001755,0.493789,0.41793,10.00
0.011810,5.001478,0.493148,0.41854,10.00
0.011820,5.001189,0.493052,0.41887,10.00
0.011830,5.000906,0.493260,0.41904,10.00
0.011840,5.000638,0.493629,0.41912,10.00
0.011850,5.000730,0.494078,0.41915,10.00
0.011860,5.002166,0.493113,0.41743,10.00
0.011870,5.003506,0.490640,0.41660,10.00
0.011880,5.004706,0.487444,0.41627,10.00
0.011890,5.005747,0.483979,0.41623,10.00
0.011900,5.006284,0.480504,0.41634,10.00
0.011910,5.005339,0.478611,0.41825,10.00
0.011920,5.004362,0.478442,0.41930,10.00
0.011930,5.003411,0.479229,0.41983,10.00
0.011940,5.002514,0.480522,0.42008,10.00
0.011950,5.001741,0.482057,0.42015,10.00
0.011960,5.001255,0.483451,0.41986,10.00
0.011970,5.000828,0.484606,0.41966,10.00
0.011980,5.000450,0.485599,0.41952,10.00
0.011990,5.000115,0.486477,0.41941,10.00
0.012000,4.999657,0.487267,0.41932,10.00
0.012010,4.998599,0.488681,0.42007,10.00
0.012020,4.997630,0.490761,0.42040,10.00
0.012030,4.996769,0.493129,0.42048,10.00
0.012040,4.996021,0.495568,0.42044,10.00
0.012050,4.995601,0.497955,0.42032,10.00
0.012060,4.996123,0.499311,0.41909,10.00
0.012070,4.996672,0.499558,0.41841,10.00
0.012080,4.997211,0.499190,0.41806,10.00
0.012090,4.997721,0.498494,0.41790,10.00
0.012100,4.998004,0.497638,0.41784,10.00
0.012110,4.997508,0.497524,0.41880,10.00
0.012120,4.997034,0.498247,0.41929,10.00
0.012130,4.996607,0.499391,0.41951,10.00
0.012140,4.996239,0.500715,0.41958,10.00
0.012150,4.995919,0.502083,0.41956,10.00
0.012160,4.995596,0.503489,0.41958,10.00
0.012170,4.995338,0.504895,0.41954,10.00
0.012180,4.995144,0.506240,0.41947,10.00
0.012190,4.995009,0.507492,0.41938,10.00
0.012200,4.995161,0.508638,0.41928,10.00
0.012210,4.996267,0.508683,0.41802,10.00
0.012220,4.997335,0.507582,0.41737,10.00
0.012230,4.998331,0.505888,0.41709,10.00
0.012240,4.999238,0.503923,0.41701,10.00
0.012250,4.999923,0.501873,0.41704,10.00
0.012260,5.000023,0.500378,0.41777,10.00
0.012270,5.000074,0.499523,0.41819,10.00
0.012280,5.000097,0.499041,0.41844,10.00
0.012290,5.000104,0.498777,0.41859,10.00
0.012300,5.000026,0.498639,0.41867,10.00
0.012310,4.999643,0.498903,0.41910,10.00
0.012320,4.999286,0.499551,0.41932,10.00
0.012330,4.998966,0.500383,0.41940,10.00
0.012340,4.998686,0.501284,0.41941,10.00
0.012350,4.998354,0.502187,0.41938,10.00
0.012360,4.997692,0.503461,0.41981,10.00
0.012370,4.997103,0.505106,0.41998,10.00
0.012380,4.996595,0.506887,0.42000,10.00
0.012390,4.996170,0.508672,0.41994,10.00
0.012400,4.996004,0.510386,0.41984,10.00
0.012410,4.996601,0.511238,0.41884,10.00
0.012420,4.997207,0.511176,0.41829,10.00
0.012430,4.997793,0.510610,0.41802,10.00
0.012440,4.998342,0.509782,0.41790,10.00
0.012450,4.998824,0.508831,0.41787,10.00
0.012460,4.999166,0.507941,0.41801,10.00
0.012470,4.999470,0.507164,0.41811,10.00
0.012480,4.999739,0.506470,0.41820,10.00
0.012490,4.999977,0.505841,0.41826,10.00
0.012500,5.000284,0.505265,0.41832,10.00
0.012510,5.000944,0.504323,0.41788,10.00
0.012520,5.001546,0.502990,0.41769,10.00
0.012530,5.002080,0.501492,0.41765,10.00
0.012540,5.002542,0.499959,0.41768,10.00
0.012550,5.002915,0.498464,0.41776,10.00
0.012560,5.003154,0.497121,0.41794,10.00
0.012570,5.003335,0.495953,0.41809,10.00
0.012580,5.003467,0.494928,0.41820,10.00
0.012590,5.003555,0.494023,0.41830,10.00
0.012600,5.003352,0.493225,0.41839,10.00
0.012610,5.002134,0.493594,0.41974,10.00
0.012620,5.000973,0.495172,0.42041,10.00
0.012630,4.999908,0.497355,0.42069,10.00
0.012640,4.998955,0.499792,0.42074,10.00
0.012650,4.998104,0.502283,0.42068,10.00
0.012660,4.997311,0.504776,0.42063,10.00
0.012670,4.996635,0.507213,0.42050,10.00
0.012680,4.996068,0.509527,0.42035,10.00
0.012690,4.995605,0.511685,0.42018,10.00
0.012700,4.995340,0.513672,0.42001,10.00
0.012710,4.995560,0.515048,0.41933,10.00
0.012720,4.995824,0.515797,0.41893,10.00
0.012730,4.996109,0.516165,0.41870,10.00
0.012740,4.996403,0.516301,0.41857,10.00
0.012750,4.996611,0.516294,0.41850,10.00
0.012760,4.996479,0.516563,0.41889,10.00
0.012770,4.996369,0.517159,0.41908,10.00
0.012780,4.996292,0.517898,0.41916,10.00
0.012790,4.996250,0.518676,0.41916,10.00
0.012800,4.996554,0.519433,0.41913,10.00
0.012810,4.998106,0.518812,0.41751,10.00
0.012820,4.999579,0.516736,0.41672,10.00
0.012830,5.000929,0.513935,0.41639,10.00
0.012840,5.002137,0.510834,0.41633,10.00
0.012850,5.002805,0.507677,0.41642,10.00
0.012860,5.001800,0.506271,0.41856,10.00
0.012870,5.000791,0.506767,0.41970,10.00
0.012880,4.999839,0.508276,0.42026,10.00
0.012890,4.998976,0.510281,0.42049,10.00
0.012900,4.998811,0.512482,0.42052,10.00
0.012910,5.001081,0.512159,0.41743,10.00
0.012920,5.003245,0.509100,0.41588,10.00
0.012930,5.005219,0.504667,0.41521,10.00
0.012940,5.006964,0.499651,0.41504,10.00
0.012950,5.008011,0.494505,0.41514,10.00
0.012960,5.007035,0.491436,0.41771,10.00
0.012970,5.005992,0.490673,0.41913,10.00
0.012980,5.004957,0.491202,0.41988,10.00
0.012990,5.003971,0.492427,0.42024,10.00
0.013000,5.003237,0.494001,0.42037,10.00
0.013010,5.003288,0.494949,0.41947,10.00
0.013020,5.003360,0.495118,0.41897,10.00
0.013030,5.003426,0.494871,0.41872,10.00
0.013040,5.003475,0.494417,0.41860,10.00
0.013050,5.003582,0.493877,0.41855,10.00
0.013060,5.003978,0.492975,0.41814,10.00
0.013070,5.004322,0.491733,0.41797,10.00
0.013080,5.004604,0.490362,0.41793,10.00
0.013090,5.004822,0.488982,0.41797,10.00
0.013100,5.005216,0.487659,0.41804,10.00
0.013110,5.006482,0.485410,0.41692,10.00
0.013120,5.007612,0.482205,0.41644,10.00
0.013130,5.008579,0.478614,0.41632,10.00
0.013140,5.009377,0.474962,0.41640,10.00
0.013150,5.009744,0.471430,0.41658,10.00
0.013160,5.008929,0.469237,0.41814,10.00
0.013170,5.008059,0.468481,0.41901,10.00
0.013180,5.007184,0.468557,0.41949,10.00
0.013190,5.006330,0.469109,0.41973,10.00
0.013200,5.005382,0.469925,0.41984,10.00
0.013210,5.003967,0.471439,0.42052,10.00
0.013220,5.002646,0.473603,0.42082,10.00
0.013230,5.001438,0.476060,0.42089,10.00
0.013240,5.000350,0.478606,0.42083,10.00
0.013250,4.999299,0.481122,0.42070,10.00
0.013260,4.998041,0.483896,0.42097,10.00
0.013270,4.996921,0.486910,0.42100,10.00
0.013280,4.995945,0.489950,0.42090,10.00
0.013290,4.995108,0.492895,0.42073,10.00
0.013300,4.994466,0.495681,0.42054,10.00
0.013310,4.994185,0.498017,0.42002,10.00
0.013320,4.993997,0.499877,0.41967,10.00
0.013330,4.993886,0.501403,0.41943,10.00
0.013340,4.993837,0.502682,0.41924,10.00
0.013350,4.993971,0.503769,0.41910,10.00
0.013360,4.994658,0.504143,0.41833,10.00
0.013370,4.995338,0.503803,0.41792,10.00
0.013380,4.995988,0.503076,0.41773,10.00
0.013390,4.996596,0.502152,0.41766,10.00
0.013400,4.996855,0.501144,0.41766,10.00
0.013410,4.995889,0.501401,0.41922,10.00
0.013420,4.994980,0.503021,0.42000,10.00
0.013430,4.994168,0.505310,0.42034,10.00
0.013440,4.993473,0.507869,0.42042,10.00
0.013450,4.992885,0.510470,0.42036,10.00
0.013460,4.992366,0.513039,0.42030,10.00
0.013470,4.991964,0.515513,0.42016,10.00
0.013480,4.991671,0.517828,0.42000,10.00
0.013490,4.991480,0.519953,0.41983,10.00
0.013500,4.991359,0.521877,0.41966,10.00
0.013510,4.991234,0.523693,0.41961,10.00
0.013520,4.991191,0.525411,0.41951,10.00
0.013530,4.991221,0.526990,0.41939,10.00
0.013540,4.991319,0.528409,0.41927,10.00
0.013550,4.991795,0.529666,0.41915,10.00
0.013560,4.993561,0.529406,0.41743,10.00
0.013570,4.995261,0.527575,0.41657,10.00
0.013580,4.996846,0.524935,0.41620,10.00
0.013590,4.998293,0.521929,0.41611,10.00
0.013600,4.999405,0.518814,0.41618,10.00
0.013610,4.999636,0.516541,0.41728,10.00
0.013620,4.999791,0.515227,0.41793,10.00
0.013630,4.999903,0.514472,0.41830,10.00
0.013640,4.999988,0.514038,0.41852,10.00
0.013650,5.000170,0.513789,0.41865,10.00
0.013660,5.000771,0.513175,0.41816,10.00
0.013670,5.001329,0.512127,0.41794,10.00
0.013680,5.001831,0.510879,0.41787,10.00
0.013690,5.002271,0.509565,0.41787,10.00
0.013700,5.002575,0.508263,0.41793,10.00
0.013710,5.002523,0.507337,0.41839,10.00
0.013720,5.002442,0.506825,0.41866,10.00
0.013730,5.002344,0.506558,0.41881,10.00
0.013740,5.002240,0.506436,0.41890,10.00
0.013750,5.002218,0.506401,0.41895,10.00
0.013760,5.002529,0.506055,0.41854,10.00
0.013770,5.002813,0.505358,0.41835,10.00
0.013780,5.003058,0.504502,0.41828,10.00
0.013790,5.003262,0.503593,0.41827,10.00
0.013800,5.003608,0.502695,0.41831,10.00
0.013810,5.004627,0.501059,0.41743,10.00
0.013820,5.005544,0.498666,0.41705,10.00
0.013830,5.006339,0.495958,0.41695,10.00
0.013840,5.007005,0.493188,0.41700,10.00
0.013850,5.007026,0.490496,0.41713,10.00
0.013860,5.004908,0.490166,0.41992,10.00
0.013870,5.002858,0.492338,0.42135,10.00
0.013880,5.000954,0.495802,0.42199,10.00
0.013890,4.999235,0.499853,0.42219,10.00
0.013900,4.997794,0.504086,0.42213,10.00
0.013910,4.996871,0.507920,0.42153,10.00
0.013920,4.996111,0.511214,0.42107,10.00
0.013930,4.995492,0.514092,0.42072,10.00
0.013940,4.994997,0.516635,0.42043,10.00
0.013950,4.995160,0.518896,0.42018,10.00
0.013960,4.997552,0.518579,0.41720,10.00
0.013970,4.999840,0.515601,0.41570,10.00
0.013980,5.001943,0.511280,0.41506,10.00
0.013990,5.003822,0.506379,0.41489,10.00
0.014000,5.005317,0.501336,0.41500,10.00
0.014010,5.006000,0.497030,0.41599,10.00
0.014020,5.006511,0.493626,0.41666,10.00
0.014030,5.006883,0.490842,0.41713,10.00
0.014040,5.007139,0.488508,0.41748,10.00
0.014050,5.007010,0.486517,0.41774,10.00
0.014060,5.005675,0.486028,0.41941,10.00
0.014070,5.004368,0.487054,0.42028,10.00
0.014080,5.003138,0.488881,0.42068,10.00
0.014090,5.002007,0.491091,0.42081,10.00
0.014100,5.001100,0.493445,0.42080,10.00
0.014110,5.000745,0.495320,0.42013,10.00
0.014120,5.000461,0.496618,0.41972,10.00
0.014130,5.000226,0.497562,0.41946,10.00
0.014140,5.000028,0.498286,0.41930,10.00
0.014150,5.000167,0.498869,0.41918,10.00
0.014160,5.001525,0.498050,0.41756,10.00
0.014170,5.002796,0.495798,0.41676,10.00
0.014180,5.003939,0.492855,0.41645,10.00
0.014190,5.004934,0.489649,0.41640,10.00
0.014200,5.005714,0.486424,0.41650,10.00
0.014210,5.006098,0.483587,0.41700,10.00
0.014220,5.006365,0.481224,0.41736,10.00
0.014230,5.006534,0.479219,0.41764,10.00
0.014240,5.006619,0.477497,0.41786,10.00
0.014250,5.006578,0.476009,0.41803,10.00
0.014260,5.006270,0.474947,0.41845,10.00
0.014270,5.005927,0.474297,0.41871,10.00
0.014280,5.005563,0.473915,0.41886,10.00
0.014290,5.005189,0.473712,0.41896,10.00
0.014300,5.004437,0.473634,0.41902,10.00
0.014310,5.002231,0.475239,0.42094,10.00
0.014320,5.000158,0.478577,0.42186,10.00
0.014330,4.998272,0.482748,0.42219,10.00
0.014340,4.996594,0.487233,0.42221,10.00
0.014350,4.995314,0.491733,0.42205,10.00
0.014360,4.994966,0.495289,0.42085,10.00
0.014370,4.994751,0.497774,0.42011,10.00
0.014380,4.994630,0.499586,0.41964,10.00
0.014390,4.994579,0.500959,0.41933,10.00
0.014400,4.994219,0.502036,0.41912,10.00
0.014410,4.992493,0.504446,0.42081,10.00
0.014420,4.990927,0.508313,0.42157,10.00
0.014430,4.989563,0.512816,0.42181,10.00
0.014440,4.988416,0.517482,0.42175,10.00
0.014450,4.988016,0.522048,0.42155,10.00
0.014460,4.989897,0.524100,0.41857,10.00
0.014470,4.991783,0.523460,0.41699,10.00
0.014480,4.993588,0.521358,0.41620,10.00
0.014490,4.995267,0.518512,0.41589,10.00
0.014500,4.996786,0.515343,0.41583,10.00
0.014510,4.998097,0.512150,0.41599,10.00
0.014520,4.999261,0.509075,0.41620,10.00
0.014530,5.000283,0.506162,0.41642,10.00
0.014540,5.001174,0.503432,0.41664,10.00
0.014550,5.001630,0.500894,0.41685,10.00
0.014560,5.000756,0.499879,0.41864,10.00
0.014570,4.999886,0.500445,0.41958,10.00
0.014580,4.999071,0.501847,0.42004,10.00
0.014590,4.998336,0.503652,0.42022,10.00
0.014600,4.997828,0.505608,0.42024,10.00
0.014610,4.997949,0.506986,0.41948,10.00
0.014620,4.998113,0.507680,0.41904,10.00
0.014630,4.998295,0.507973,0.41879,10.00
0.014640,4.998483,0.508033,0.41865,10.00
0.014650,4.998622,0.507958,0.41858,10.00
0.014660,4.998568,0.508010,0.41878,10.00
0.014670,4.998522,0.508233,0.41888,10.00
0.014680,4.998489,0.508535,0.41893,10.00
0.014690,4.998471,0.508863,0.41893,10.00
0.014700,4.998350,0.509187,0.41893,10.00
0.014710,4.997789,0.509990,0.41950,10.00
0.014720,4.997282,0.511287,0.41976,10.00
0.014730,4.996842,0.512797,0.41984,10.00
0.014740,4.996475,0.514361,0.41982,10.00
0.014750,4.996467,0.515889,0.41975,10.00
0.014760,4.997643,0.516110,0.41821,10.00
0.014770,4.998784,0.514945,0.41741,10.00
0.014780,4.999845,0.513061,0.41706,10.00
0.014790,5.000805,0.510846,0.41695,10.00
0.014800,5.001383,0.508526,0.41697,10.00
0.014810,5.000780,0.507399,0.41846,10.00
0.014820,5.000168,0.507591,0.41926,10.00
0.014830,4.999588,0.508488,0.41966,10.00
0.014840,4.999062,0.509734,0.41983,10.00
0.014850,4.998626,0.511122,0.41986,10.00
0.014860,4.998362,0.512419,0.41969,10.00
0.014870,4.998154,0.513553,0.41955,10.00
0.014880,4.997994,0.514553,0.41944,10.00
0.014890,4.997877,0.515438,0.41934,10.00
0.014900,4.998119,0.516222,0.41926,10.00
0.014910,4.999644,0.515549,0.41756,10.00
0.014920,5.001087,0.513364,0.41673,10.00
0.014930,5.002401,0.510432,0.41639,10.00
0.014940,5.003567,0.507199,0.41633,10.00
0.014950,5.004522,0.503917,0.41642,10.00
0.014960,5.005101,0.500974,0.41688,10.00
0.014970,5.005556,0.498459,0.41723,10.00
0.014980,5.005905,0.496274,0.41750,10.00
0.014990,5.006160,0.494357,0.41772,10.00
0.015000,5.006122,0.492666,0.41791,10.00
0.015010,5.005189,0.492073,0.41913,10.00
0.015020,5.004267,0.492597,0.41978,10.00
0.015030,5.003390,0.493721,0.42009,10.00
0.015040,5.002578,0.495144,0.42020,10.00
0.015050,5.001986,0.496689,0.42020,10.00
0.015060,5.002050,0.497621,0.41940,10.00
0.015070,5.002135,0.497851,0.41895,10.00
0.015080,5.002219,0.497701,0.41872,10.00
0.015090,5.002289,0.497357,0.41860,10.00
0.015100,5.002307,0.496928,0.41856,10.00
0.015110,5.002170,0.496621,0.41873,10.00
0.015120,5.002024,0.496477,0.41883,10.00
0.015130,5.001876,0.496434,0.41888,10.00
0.015140,5.001728,0.496454,0.41891,10.00
0.015150,5.001463,0.496513,0.41893,10.00
0.015160,5.000737,0.497105,0.41954,10.00
0.015170,5.000058,0.498246,0.41982,10.00
0.015180,4.999442,0.499647,0.41993,10.00
0.015190,4.998895,0.501142,0.41993,10.00
0.015200,4.998379,0.502636,0.41987,10.00
0.015210,4.997775,0.504247,0.41998,10.00
0.015220,4.997250,0.505953,0.41998,10.00
0.015230,4.996805,0.507647,0.41991,10.00
0.015240,4.996437,0.509269,0.41982,10.00
0.015250,4.996302,0.510787,0.41970,10.00
0.015260,4.996857,0.511505,0.41878,10.00
0.015270,4.997417,0.511386,0.41828,10.00
0.015280,4.997956,0.510809,0.41803,10.00
0.015290,4.998460,0.509997,0.41793,10.00
0.015300,4.999031,0.509079,0.41791,10.00
0.015310,4.999987,0.507660,0.41737,10.00
0.015320,5.000861,0.505760,0.41716,10.00
0.015330,5.001638,0.503666,0.41712,10.00
0.015340,5.002315,0.501540,0.41718,10.00
0.015350,5.003063,0.499473,0.41729,10.00
0.015360,5.004379,0.496795,0.41657,10.00
0.015370,5.005548,0.493494,0.41631,10.00
0.015380,5.006556,0.489984,0.41630,10.00
0.015390,5.007399,0.486498,0.41643,10.00
0.015400,5.007981,0.483164,0.41663,10.00
0.015410,5.008011,0.480490,0.41739,10.00
0.015420,5.007940,0.478528,0.41787,10.00
0.015430,5.007794,0.477044,0.41820,10.00
0.015440,5.007591,0.475894,0.41842,10.00
0.015450,5.007092,0.474991,0.41858,10.00
0.015460,5.005580,0.475347,0.41997,10.00
0.015470,5.004129,0.476975,0.42066,10.00
0.015480,5.002778,0.479254,0.42095,10.00
0.015490,5.001545,0.481824,0.42101,10.00
0.015500,5.000292,0.484474,0.42095,10.00
0.015510,4.998600,0.487704,0.42154,10.00
0.015520,4.997078,0.491474,0.42173,10.00
0.015530,4.995740,0.495406,0.42168,10.00
0.015540,4.994586,0.499287,0.42150,10.00
0.015550,4.993688,0.502999,0.42126,10.00
0.015560,4.993265,0.506140,0.42060,10.00
0.015570,4.992969,0.508668,0.42014,10.00
0.015580,4.992777,0.510759,0.41982,10.00
0.015590,4.992671,0.512525,0.41957,10.00
0.015600,4.992791,0.514034,0.41938,10.00
0.015610,4.993562,0.514687,0.41845,10.00
0.015620,4.994335,0.514486,0.41796,10.00
0.015630,4.995082,0.513811,0.41772,10.00
0.015640,4.995786,0.512887,0.41762,10.00
0.015650,4.996713,0.511844,0.41760,10.00
0.015660,4.998639,0.509611,0.41627,10.00
0.015670,5.000420,0.506177,0.41568,10.00
0.015680,5.002020,0.502208,0.41551,10.00
0.015690,5.003428,0.498086,0.41557,10.00
0.015700,5.004326,0.494028,0.41576,10.00
0.015710,5.003802,0.491507,0.41762,10.00
0.015720,5.003215,0.490646,0.41866,10.00
0.015730,5.002619,0.490724,0.41922,10.00
0.015740,5.002044,0.491316,0.41950,10.00
0.015750,5.001490,0.492174,0.41962,10.00
0.015760,5.000912,0.493228,0.41974,10.00
0.015770,5.000389,0.494397,0.41976,10.00
0.015780,4.999922,0.495591,0.41972,10.00
0.015790,4.999511,0.496760,0.41966,10.00
0.015800,4.999024,0.497877,0.41959,10.00
0.015810,4.998081,0.499480,0.42016,10.00
0.015820,4.997231,0.501588,0.42039,10.00
0.015830,4.996486,0.503891,0.42043,10.00
0.015840,4.995851,0.506214,0.42036,10.00
0.015850,4.995442,0.508458,0.42023,10.00
0.015860,4.995604,0.510055,0.41947,10.00
0.015870,4.995818,0.510957,0.41903,10.00
0.015880,4.996060,0.511440,0.41876,10.00
0.015890,4.996315,0.511665,0.41861,10.00
0.015900,4.996715,0.511732,0.41853,10.00
0.015910,4.997658,0.511104,0.41777,10.00
0.015920,4.998548,0.509787,0.41741,10.00
0.015930,4.999365,0.508136,0.41728,10.00
0.015940,5.000098,0.506354,0.41727,10.00
0.015950,5.000576,0.504561,0.41734,10.00
0.015960,5.000302,0.503552,0.41831,10.00
0.015970,5.000008,0.503397,0.41884,10.00
0.015980,4.999723,0.503709,0.41911,10.00
0.015990,4.999460,0.504261,0.41924,10.00
0.016000,4.999471,0.504922,0.41928,10.00
0.016010,5.000465,0.504577,0.41804,10.00
0.016020,5.001407,0.503134,0.41743,10.00
0.016030,5.002262,0.501149,0.41717,10.00
0.016040,5.003017,0.498941,0.41712,10.00
0.016050,5.003506,0.496695,0.41717,10.00
0.016060,5.003268,0.495195,0.41810,10.00
0.016070,5.002987,0.494529,0.41862,10.00
0.016080,5.002691,0.494345,0.41892,10.00
0.016090,5.002397,0.494437,0.41907,10.00
0.016100,5.002091,0.494682,0.41915,10.00
0.016110,5.001716,0.495101,0.41929,10.00
0.016120,5.001365,0.495656,0.41934,10.00
0.016130,5.001044,0.496270,0.41935,10.00
0.016140,5.000752,0.496900,0.41933,10.00
0.016150,5.000179,0.497520,0.41929,10.00
0.016160,4.998425,0.499439,0.42082,10.00
0.016170,4.996806,0.502713,0.42153,10.00
0.016180,4.995362,0.506600,0.42176,10.00
0.016190,4.994107,0.510678,0.42172,10.00
0.016200,4.993231,0.514705,0.42155,10.00
0.016210,4.993272,0.517745,0.42036,10.00
0.016220,4.993419,0.519694,0.41963,10.00
0.016230,4.993635,0.520964,0.41919,10.00
0.016240,4.993894,0.521804,0.41892,10.00
0.016250,4.994351,0.522362,0.41874,10.00
0.016260,4.995481,0.522011,0.41778,10.00
0.016270,4.996564,0.520775,0.41731,10.00
0.016280,4.997572,0.519087,0.41711,10.00
0.016290,4.998494,0.517200,0.41708,10.00
0.016300,4.999373,0.515259,0.41713,10.00
0.016310,5.000355,0.513137,0.41698,10.00
0.016320,5.001231,0.510870,0.41698,10.00
0.016330,5.002000,0.508600,0.41707,10.00
0.016340,5.002665,0.506407,0.41720,10.00
0.016350,5.003108,0.504335,0.41735,10.00
0.016360,5.002987,0.502921,0.41812,10.00
0.016370,5.002821,0.502197,0.41856,10.00
0.016380,5.002636,0.501879,0.41881,10.00
0.016390,5.002444,0.501797,0.41895,10.00
0.016400,5.002248,0.501851,0.41903,10.00
0.016410,5.002043,0.502001,0.41908,10.00
0.016420,5.001846,0.502212,0.41911,10.00
0.016430,5.001661,0.502453,0.41911,10.00
0.016440,5.001489,0.502708,0.41910,10.00
0.016450,5.001043,0.502964,0.41909,10.00
0.016460,4.999501,0.504430,0.42051,10.00
0.016470,4.998070,0.507157,0.42118,10.00
0.016480,4.996787,0.510470,0.42141,10.00
0.016490,4.995666,0.513979,0.42140,10.00
0.016500,4.994974,0.517463,0.42126,10.00
0.016510,4.995471,0.519673,0.41972,10.00
0.016520,4.996026,0.520493,0.41885,10.00
0.016530,4.996592,0.520519,0.41838,10.00
0.016540,4.997144,0.520100,0.41814,10.00
0.016550,4.997716,0.519444,0.41803,10.00
0.016560,4.998445,0.518460,0.41775,10.00
0.016570,4.999117,0.517210,0.41764,10.00
0.016580,4.999727,0.515851,0.41764,10.00
0.016590,5.000271,0.514476,0.41769,10.00
0.016600,5.000891,0.513134,0.41776,10.00
0.016610,5.001993,0.511260,0.41714,10.00
0.016620,5.002989,0.508841,0.41690,10.00
0.016630,5.003863,0.506214,0.41687,10.00
0.016640,5.004614,0.503571,0.41696,10.00
0.016650,5.005081,0.501020,0.41710,10.00
0.016660,5.004800,0.499309,0.41809,10.00
0.016670,5.004469,0.498499,0.41866,10.00
0.016680,5.004118,0.498217,0.41898,10.00
0.016690,5.003765,0.498241,0.41915,10.00
0.016700,5.003294,0.498442,0.41924,10.00
0.016710,5.002349,0.499275,0.41991,10.00
0.016720,5.001464,0.500720,0.42022,10.00
0.016730,5.000658,0.502453,0.42032,10.00
0.016740,4.999937,0.504285,0.42031,10.00
0.016750,4.999445,0.506111,0.42023,10.00
0.016760,4.999590,0.507265,0.41940,10.00
0.016770,4.999765,0.507687,0.41894,10.00
0.016780,4.999947,0.507699,0.41869,10.00
0.016790,5.000121,0.507487,0.41856,10.00
0.016800,5.000072,0.507160,0.41851,10.00
0.016810,4.999187,0.507679,0.41955,10.00
0.016820,4.998357,0.509120,0.42006,10.00
0.016830,4.997609,0.511007,0.42026,10.00
0.016840,4.996956,0.513065,0.42030,10.00
0.016850,4.996710,0.515138,0.42023,10.00
0.016860,4.997765,0.515819,0.41855,10.00
0.016870,4.998801,0.515000,0.41768,10.00
0.016880,4.999772,0.513391,0.41726,10.00
0.016890,5.000654,0.511406,0.41712,10.00
0.016900,5.001174,0.509284,0.41712,10.00
0.016910,5.000566,0.508285,0.41853,10.00
0.016920,4.999953,0.508537,0.41928,10.00
0.016930,4.999373,0.509457,0.41966,10.00
0.016940,4.998848,0.510705,0.41981,10.00
0.016950,4.998733,0.512085,0.41984,10.00
0.016960,5.000035,0.512006,0.41805,10.00
0.016970,5.001280,0.510338,0.41714,10.00
0.016980,5.002420,0.507867,0.41675,10.00
0.016990,5.003431,0.505050,0.41664,10.00
0.017000,5.004104,0.502149,0.41670,10.00
0.017010,5.003848,0.500178,0.41786,10.00
0.017020,5.003535,0.499260,0.41853,10.00
0.017030,5.003199,0.498953,0.41891,10.00
0.017040,5.002862,0.498997,0.41911,10.00
0.017050,5.002689,0.499238,0.41921,10.00
0.017060,5.003139,0.498922,0.41846,10.00
0.017070,5.003554,0.497966,0.41810,10.00
0.017080,5.003914,0.496706,0.41795,10.00
0.017090,5.004212,0.495336,0.41793,10.00
0.017100,5.004454,0.493966,0.41797,10.00
0.017110,5.004668,0.492621,0.41800,10.00
0.017120,5.004821,0.491330,0.41806,10.00
0.017130,5.004916,0.490128,0.41815,10.00
0.017140,5.004960,0.489030,0.41824,10.00
0.017150,5.005144,0.488044,0.41833,10.00
0.017160,5.006015,0.486371,0.41747,10.00
0.017170,5.006784,0.483971,0.41710,10.00
0.017180,5.007431,0.481281,0.41700,10.00
0.017190,5.007951,0.478550,0.41706,10.00
0.017200,5.008171,0.475914,0.41720,10.00
0.017210,5.007582,0.474204,0.41826,10.00
0.017220,5.006947,0.473490,0.41887,10.00
0.017230,5.006300,0.473365,0.41921,10.00
0.017240,5.005660,0.473587,0.41939,10.00
0.017250,5.005027,0.474013,0.41948,10.00
0.017260,5.004374,0.474608,0.41956,10.00
0.017270,5.003754,0.475321,0.41959,10.00
0.017280,5.003171,0.476092,0.41958,10.00
0.017290,5.002626,0.476886,0.41954,10.00
0.017300,5.001901,0.477679,0.41950,10.00
0.017310,5.000361,0.479391,0.42055,10.00
0.017320,4.998934,0.482059,0.42103,10.00
0.017330,4.997647,0.485157,0.42117,10.00
0.017340,4.996511,0.488386,0.42112,10.00
0.017350,4.995594,0.491572,0.42097,10.00
0.017360,4.995085,0.494335,0.42044,10.00
0.017370,4.994689,0.496612,0.42006,10.00
0.017380,4.994389,0.498537,0.41979,10.00
0.017390,4.994170,0.500197,0.41957,10.00
0.017400,4.994104,0.501643,0.41940,10.00
0.017410,4.994425,0.502556,0.41884,10.00
0.017420,4.994770,0.502944,0.41852,10.00
0.017430,4.995121,0.503021,0.41834,10.00
0.017440,4.995470,0.502916,0.41825,10.00
0.017450,4.995783,0.502704,0.41820,10.00
0.017460,4.995984,0.502539,0.41832,10.00
0.017470,4.996179,0.502454,0.41838,10.00
0.017480,4.996370,0.502405,0.41842,10.00
0.017490,4.996558,0.502369,0.41844,10.00
0.017500,4.996602,0.502330,0.41845,10.00
0.017510,4.996094,0.502885,0.41917,10.00
0.017520,4.995632,0.504058,0.41952,10.00
0.017530,4.995234,0.505514,0.41964,10.00
0.017540,4.994907,0.507062,0.41965,10.00
0.017550,4.994687,0.508593,0.41960,10.00
0.017560,4.994676,0.509894,0.41933,10.00
0.017570,4.994716,0.510930,0.41914,10.00
0.017580,4.994797,0.511770,0.41901,10.00
0.017590,4.994912,0.512460,0.41891,10.00
0.017600,4.995165,0.513030,0.41883,10.00
0.017610,4.995871,0.513028,0.41821,10.00
0.017620,4.996556,0.512448,0.41789,10.00
0.017630,4.997203,0.511562,0.41775,10.00
0.017640,4.997803,0.510528,0.41771,10.00
0.017650,4.998240,0.509442,0.41773,10.00
0.017660,4.998195,0.508826,0.41834,10.00
0.017670,4.998138,0.508735,0.41867,10.00
0.017680,4.998085,0.508922,0.41884,10.00
0.017690,4.998045,0.509247,0.41892,10.00
0.017700,4.998279,0.509627,0.41895,10.00
0.017710,4.999535,0.508918,0.41765,10.00
0.017720,5.000719,0.507044,0.41701,10.00
0.017730,5.001795,0.504602,0.41676,10.00
0.017740,5.002749,0.501937,0.41672,10.00
0.017750,5.003325,0.499246,0.41681,10.00
0.017760,5.002801,0.497707,0.41822,10.00
0.017770,5.002248,0.497429,0.41899,10.00
0.017780,5.001704,0.497850,0.41940,10.00
0.017790,5.001193,0.498638,0.41959,10.00
0.017800,5.000834,0.499603,0.41965,10.00
0.017810,5.000944,0.500171,0.41910,10.00
0.017820,5.001066,0.500257,0.41880,10.00
0.017830,5.001183,0.500083,0.41864,10.00
0.017840,5.001288,0.499776,0.41857,10.00
0.017850,5.001433,0.499411,0.41855,10.00
0.017860,5.001778,0.498791,0.41827,10.00
0.017870,5.002087,0.497930,0.41815,10.00
0.017880,5.002352,0.496972,0.41812,10.00
0.017890,5.002571,0.496002,0.41814,10.00
0.017900,5.002752,0.495063,0.41819,10.00
0.017910,5.002912,0.494160,0.41823,10.00
0.017920,5.003031,0.493302,0.41828,10.00
0.017930,5.003112,0.492506,0.41834,10.00
0.017940,5.003159,0.491781,0.41840,10.00
0.017950,5.003003,0.491129,0.41846,10.00
0.017960,5.002153,0.491277,0.41938,10.00
0.017970,5.001338,0.492258,0.41984,10.00
0.017980,5.000583,0.493662,0.42004,10.00
0.017990,4.999902,0.495252,0.42009,10.00
0.018000,4.999487,0.496890,0.42005,10.00
0.018010,4.999887,0.497690,0.41901,10.00
0.018020,5.000295,0.497573,0.41845,10.00
0.018030,5.000682,0.496964,0.41818,10.00
0.018040,5.001032,0.496113,0.41806,10.00
0.018050,5.001210,0.495162,0.41803,10.00
0.018060,5.000844,0.494740,0.41870,10.00
0.018070,5.000479,0.494917,0.41906,10.00
0.018080,5.000132,0.495416,0.41923,10.00
0.018090,4.999815,0.496074,0.41930,10.00
0.018100,4.999220,0.496796,0.41931,10.00
0.018110,4.997449,0.498853,0.42086,10.00
0.018120,4.995821,0.502275,0.42157,10.00
0.018130,4.994373,0.506312,0.42179,10.00
0.018140,4.993122,0.510530,0.42176,10.00
0.018150,4.992212,0.514685,0.42157,10.00
0.018160,4.992059,0.518024,0.42059,10.00
0.018170,4.992031,0.520447,0.41996,10.00
0.018180,4.992096,0.522268,0.41954,10.00
0.018190,4.992232,0.523677,0.41926,10.00
0.018200,4.992630,0.524791,0.41906,10.00
0.018210,4.993879,0.524797,0.41787,10.00
0.018220,4.995090,0.523703,0.41726,10.00
0.018230,4.996229,0.522030,0.41699,10.00
0.018240,4.997279,0.520085,0.41692,10.00
0.018250,4.998109,0.518045,0.41696,10.00
0.018260,4.998362,0.516538,0.41767,10.00
0.018270,4.998562,0.515647,0.41810,10.00
0.018280,4.998732,0.515110,0.41834,10.00
0.018290,4.998883,0.514776,0.41848,10.00
0.018300,4.998957,0.514556,0.41857,10.00
0.018310,4.998773,0.514670,0.41894,10.00
0.018320,4.998604,0.515103,0.41913,10.00
0.018330,4.998461,0.515686,0.41920,10.00
0.018340,4.998346,0.516322,0.41922,10.00
0.018350,4.998531,0.516958,0.41920,10.00
0.018360,4.999796,0.516414,0.41780,10.00
0.018370,5.000993,0.514620,0.41711,10.00
0.018380,5.002084,0.512209,0.41683,10.00
0.018390,5.003054,0.509547,0.41678,10.00
0.018400,5.003779,0.506843,0.41685,10.00
0.018410,5.003923,0.504714,0.41759,10.00
0.018420,5.003989,0.503247,0.41804,10.00
0.018430,5.004001,0.502196,0.41832,10.00
0.018440,5.003972,0.501416,0.41851,10.00
0.018450,5.003929,0.500819,0.41863,10.00
0.018460,5.003924,0.500283,0.41864,10.00
0.018470,5.003895,0.499772,0.41866,10.00
0.018480,5.003845,0.499303,0.41869,10.00
0.018490,5.003774,0.498882,0.41873,10.00
0.018500,5.003487,0.498512,0.41876,10.00
0.018510,5.002407,0.499043,0.41980,10.00
0.018520,5.001384,0.500512,0.42031,10.00
0.018530,5.000446,0.502444,0.42051,10.00
0.018540,4.999606,0.504563,0.42054,10.00
0.018550,4.999122,0.506712,0.42047,10.00
0.018560,4.999730,0.507716,0.41907,10.00
0.018570,5.000345,0.507475,0.41832,10.00
0.018580,5.000926,0.506569,0.41795,10.00
0.018590,5.001453,0.505335,0.41779,10.00
0.018600,5.001944,0.503968,0.41776,10.00
0.018610,5.002469,0.502470,0.41767,10.00
0.018620,5.002921,0.500900,0.41768,10.00
0.018630,5.003300,0.499350,0.41775,10.00
0.018640,5.003610,0.497874,0.41784,10.00
0.018650,5.003960,0.496497,0.41794,10.00
0.018660,5.004666,0.494775,0.41751,10.00
0.018670,5.005280,0.492692,0.41735,10.00
0.018680,5.005793,0.490500,0.41736,10.00
0.018690,5.006205,0.488339,0.41744,10.00
0.018700,5.006219,0.486288,0.41757,10.00
0.018710,5.004974,0.485664,0.41923,10.00
0.018720,5.003751,0.486544,0.42010,10.00
0.018730,5.002598,0.488223,0.42050,10.00
0.018740,5.001537,0.490289,0.42065,10.00
0.018750,5.000825,0.492504,0.42064,10.00
0.018760,5.001175,0.493683,0.41932,10.00
0.018770,5.001542,0.493703,0.41860,10.00
0.018780,5.001891,0.493100,0.41824,10.00
0.018790,5.002201,0.492189,0.41808,10.00
0.018800,5.002417,0.491150,0.41803,10.00
0.018810,5.002395,0.490292,0.41829,10.00
0.018820,5.002341,0.489682,0.41846,10.00
0.018830,5.002265,0.489237,0.41857,10.00
0.018840,5.002172,0.488905,0.41864,10.00
0.018850,5.001856,0.488656,0.41869,10.00
0.018860,5.000709,0.489367,0.41979,10.00
0.018870,4.999629,0.491068,0.42033,10.00
0.018880,4.998645,0.493250,0.42053,10.00
0.018890,4.997771,0.495620,0.42056,10.00
0.018900,4.996975,0.498008,0.42048,10.00
0.018910,4.996158,0.500465,0.42052,10.00
0.018920,4.995458,0.502946,0.42044,10.00
0.018930,4.994871,0.505347,0.42031,10.00
0.018940,4.994392,0.507610,0.42015,10.00
0.018950,4.994319,0.509708,0.41999,10.00
0.018960,4.995529,0.510328,0.41828,10.00
0.018970,4.996716,0.509408,0.41738,10.00
0.018980,4.997832,0.507675,0.41697,10.00
0.018990,4.998852,0.505553,0.41682,10.00
0.019000,4.999696,0.503287,0.41683,10.00
0.019010,5.000157,0.501321,0.41728,10.00
0.019020,5.000538,0.499745,0.41758,10.00
0.019030,5.000853,0.498436,0.41779,10.00
0.019040,5.001113,0.497318,0.41795,10.00
0.019050,5.001426,0.496344,0.41807,10.00
0.019060,5.002087,0.495058,0.41767,10.00
0.019070,5.002676,0.493421,0.41751,10.00
0.019080,5.003185,0.491658,0.41749,10.00
0.019090,5.003610,0.489896,0.41755,10.00
0.019100,5.003872,0.488206,0.41765,10.00
0.019110,5.003731,0.486982,0.41819,10.00
0.019120,5.003550,0.486259,0.41851,10.00
0.019130,5.003346,0.485844,0.41870,10.00
0.019140,5.003129,0.485622,0.41882,10.00
0.019150,5.003028,0.485524,0.41889,10.00
0.019160,5.003397,0.484992,0.41831,10.00
0.019170,5.003726,0.483976,0.41804,10.00
0.019180,5.004001,0.482747,0.41795,10.00
0.019190,5.004217,0.481457,0.41795,10.00
0.019200,5.004064,0.480195,0.41800,10.00
0.019210,5.002648,0.480326,0.41964,10.00
0.019220,5.001287,0.481935,0.42047,10.00
0.019230,5.000029,0.484299,0.42083,10.00
0.019240,4.998893,0.486997,0.42092,10.00
0.019250,4.998184,0.489786,0.42087,10.00
0.019260,4.998754,0.491272,0.41924,10.00
0.019270,4.999347,0.491321,0.41836,10.00
0.019280,4.999917,0.490591,0.41792,10.00
0.019290,5.000439,0.489467,0.41772,10.00
0.019300,5.000746,0.488170,0.41766,10.00
0.019310,5.000382,0.487495,0.41847,10.00
0.019320,5.000010,0.487545,0.41891,10.00
0.019330,4.999653,0.487988,0.41913,10.00
0.019340,4.999324,0.488632,0.41923,10.00
0.019350,4.998892,0.489363,0.41925,10.00
0.019360,4.997961,0.490702,0.41993,10.00
0.019370,4.997114,0.492639,0.42022,10.00
0.019380,4.996365,0.494828,0.42030,10.00
0.019390,4.995722,0.497073,0.42025,10.00
0.019400,4.995289,0.499264,0.42014,10.00
0.019410,4.995371,0.500884,0.41947,10.00
0.019420,4.995508,0.501882,0.41906,10.00
0.019430,4.995678,0.502499,0.41882,10.00
0.019440,4.995869,0.502876,0.41867,10.00
0.019450,4.996196,0.503099,0.41858,10.00
0.019460,4.997018,0.502687,0.41789,10.00
0.019470,4.997799,0.501645,0.41756,10.00
0.019480,4.998520,0.500292,0.41743,10.00
0.019490,4.999172,0.498810,0.41741,10.00
0.019500,4.999635,0.497306,0.41746,10.00
0.019510,4.999570,0.496339,0.41814,10.00
0.019520,4.999479,0.495967,0.41852,10.00
0.019530,4.999382,0.495928,0.41873,10.00
0.019540,4.999288,0.496068,0.41883,10.00
0.019550,4.999172,0.496300,0.41888,10.00
0.019560,4.998946,0.496705,0.41906,10.00
0.019570,4.998743,0.497261,0.41913,10.00
0.019580,4.998568,0.497877,0.41915,10.00
0.019590,4.998423,0.498501,0.41913,10.00
0.019600,4.998315,0.499104,0.41910,10.00
0.019610,4.998271,0.499630,0.41901,10.00
0.019620,4.998248,0.500070,0.41895,10.00
0.019630,4.998243,0.500443,0.41890,10.00
0.019640,4.998254,0.500763,0.41886,10.00
0.019650,4.998429,0.501037,0.41882,10.00
0.019660,4.999204,0.500627,0.41803,10.00
0.019670,4.999937,0.499509,0.41765,10.00
0.019680,5.000604,0.498043,0.41749,10.00
0.019690,5.001198,0.496438,0.41747,10.00
0.019700,5.001849,0.494816,0.41752,10.00
0.019710,5.002944,0.492674,0.41694,10.00
0.019720,5.003921,0.490024,0.41672,10.00
0.019730,5.004768,0.487198,0.41671,10.00
0.019740,5.005482,0.484386,0.41682,10.00
0.019750,5.005816,0.481692,0.41698,10.00
0.019760,5.005045,0.480248,0.41844,10.00
0.019770,5.004250,0.480130,0.41924,10.00
0.019780,5.003476,0.480748,0.41965,10.00
0.019790,5.002744,0.481757,0.41984,10.00
0.019800,5.001865,0.482955,0.41989,10.00
0.019810,5.000258,0.485085,0.42090,10.00
0.019820,4.998782,0.488119,0.42133,10.00
0.019830,4.997463,0.491541,0.42143,10.00
0.019840,4.996308,0.495053,0.42135,10.00
0.019850,4.995337,0.498487,0.42118,10.00
0.019860,4.994608,0.501660,0.42085,10.00
0.019870,4.994017,0.504520,0.42056,10.00
0.019880,4.993551,0.507098,0.42031,10.00
0.019890,4.993197,0.509419,0.42008,10.00
0.019900,4.993264,0.511501,0.41987,10.00
0.019910,4.994667,0.511999,0.41807,10.00
0.019920,4.996039,0.510865,0.41713,10.00
0.019930,4.997327,0.508872,0.41670,10.00
0.019940,4.998507,0.506470,0.41656,10.00
0.019950,4.999510,0.503920,0.41658,10.00
0.019960,5.000172,0.501614,0.41697,10.00
0.019970,5.000736,0.499647,0.41726,10.00
0.019980,5.001214,0.497929,0.41748,10.00
0.019990,5.001619,0.496405,0.41765,10.00
0.020000,5.001755,0.495042,0.41780,10.00
0.020010,5.001046,0.494674,0.41895,10.00
0.020020,5.000354,0.495326,0.41954,10.00
0.020030,4.999710,0.496508,0.41982,10.00
0.020040,4.999131,0.497937,0.41991,10.00
0.020050,4.998577,0.499449,0.41991,10.00
0.020060,4.997921,0.501140,0.42007,10.00
0.020070,4.997349,0.502967,0.42009,10.00
0.020080,4.996863,0.504799,0.42003,10.00
0.020090,4.996461,0.506561,0.41992,10.00
0.020100,4.996132,0.508216,0.41980,10.00
0.020110,4.995853,0.509767,0.41971,10.00
0.020120,4.995643,0.511211,0.41960,10.00
0.020130,4.995497,0.512533,0.41949,10.00
0.020140,4.995408,0.513729,0.41938,10.00
0.020150,4.995608,0.514800,0.41928,10.00
0.020160,4.996779,0.514738,0.41798,10.00
0.020170,4.997909,0.513502,0.41733,10.00
0.020180,4.998958,0.511662,0.41704,10.00
0.020190,4.999912,0.509550,0.41696,10.00
0.020200,5.000579,0.507356,0.41700,10.00
0.020210,5.000430,0.505971,0.41803,10.00
0.020220,5.000246,0.505490,0.41861,10.00
0.020230,5.000056,0.505513,0.41891,10.00
0.020240,4.999875,0.505805,0.41907,10.00
0.020250,4.999760,0.506231,0.41913,10.00
0.020260,4.999849,0.506510,0.41891,10.00
0.020270,4.999945,0.506589,0.41879,10.00
0.020280,5.000041,0.506554,0.41872,10.00
0.020290,5.000133,0.506457,0.41869,10.00
0.020300,5.000411,0.506326,0.41868,10.00
0.020310,5.001426,0.505364,0.41771,10.00
0.020320,5.002368,0.503545,0.41725,10.00
0.020330,5.003211,0.501326,0.41709,10.00
0.020340,5.003945,0.498973,0.41709,10.00
0.020350,5.004351,0.496634,0.41718,10.00
0.020360,5.003802,0.495322,0.41842,10.00
0.020370,5.003229,0.495122,0.41910,10.00
0.020380,5.002667,0.495540,0.41945,10.00
0.020390,5.002136,0.496286,0.41961,10.00
0.020400,5.001732,0.497190,0.41967,10.00
0.020410,5.001706,0.497790,0.41923,10.00
0.020420,5.001696,0.498013,0.41898,10.00
0.020430,5.001690,0.498029,0.41885,10.00
0.020440,5.001681,0.497937,0.41878,10.00
0.020450,5.001308,0.497793,0.41875,10.00
0.020460,4.999529,0.499161,0.42056,10.00
0.020470,4.997868,0.502130,0.42142,10.00
0.020480,4.996372,0.505860,0.42174,10.00
0.020490,4.995061,0.509867,0.42176,10.00
0.020500,4.994278,0.513874,0.42162,10.00
0.020510,4.994999,0.516283,0.41968,10.00
0.020520,4.995776,0.516945,0.41860,10.00
0.020530,4.996550,0.516626,0.41803,10.00
0.020540,4.997291,0.515771,0.41775,10.00
0.020550,4.998014,0.514646,0.41764,10.00
0.020560,4.998807,0.513261,0.41746,10.00
0.020570,4.999529,0.511700,0.41742,10.00
0.020580,5.000175,0.510091,0.41746,10.00
0.020590,5.000745,0.508507,0.41754,10.00
0.020600,5.001357,0.506990,0.41764,10.00
0.020610,5.002348,0.505071,0.41717,10.00
0.020620,5.003235,0.502737,0.41700,10.00
0.020630,5.004007,0.500265,0.41700,10.00
0.020640,5.004664,0.497810,0.41710,10.00
0.020650,5.004974,0.495459,0.41724,10.00
0.020660,5.004270,0.494252,0.41859,10.00
0.020670,5.003549,0.494258,0.41932,10.00
0.020680,5.002851,0.494930,0.41969,10.00
0.020690,5.002198,0.495949,0.41985,10.00
0.020700,5.001718,0.497129,0.41989,10.00
0.020710,5.001765,0.497849,0.41926,10.00
0.020720,5.001828,0.498024,0.41892,10.00
0.020730,5.001890,0.497904,0.41873,10.00
0.020740,5.001942,0.497634,0.41865,10.00
0.020750,5.001848,0.497298,0.41861,10.00
0.020760,5.001223,0.497505,0.41927,10.00
0.020770,5.000628,0.498308,0.41960,10.00
0.020780,5.000082,0.499409,0.41974,10.00
0.020790,4.999592,0.500636,0.41977,10.00
0.020800,4.999018,0.501889,0.41973,10.00
0.020810,4.997947,0.503720,0.42039,10.00
0.020820,4.996981,0.506125,0.42065,10.00
0.020830,4.996136,0.508753,0.42069,10.00
0.020840,4.995415,0.511402,0.42061,10.00
0.020850,4.994966,0.513960,0.42047,10.00
0.020860,4.995223,0.515722,0.41953,10.00
0.020870,4.995533,0.516628,0.41899,10.00
0.020880,4.995868,0.517027,0.41868,10.00
0.020890,4.996210,0.517122,0.41851,10.00
0.020900,4.996398,0.517037,0.41841,10.00
0.020910,4.995983,0.517493,0.41914,10.00
0.020920,4.995609,0.518566,0.41949,10.00
0.020930,4.995294,0.519920,0.41962,10.00
0.020940,4.995045,0.521365,0.41964,10.00
0.020950,4.995095,0.522793,0.41959,10.00
0.020960,4.996114,0.523155,0.41833,10.00
0.020970,4.997111,0.522376,0.41768,10.00
0.020980,4.998050,0.520993,0.41738,10.00
0.020990,4.998914,0.519318,0.41728,10.00
0.021000,4.999589,0.517534,0.41729,10.00
0.021010,4.999769,0.516194,0.41789,10.00
0.021020,4.999904,0.515376,0.41825,10.00
0.021030,5.000009,0.514865,0.41846,10.00
0.021040,5.000097,0.514533,0.41858,10.00
0.021050,5.000291,0.514306,0.41866,10.00
0.021060,5.000941,0.513633,0.41810,10.00
0.021070,5.001542,0.512464,0.41784,10.00
0.021080,5.002081,0.511068,0.41776,10.00
0.021090,5.002552,0.509598,0.41777,10.00
0.021100,5.002890,0.508141,0.41783,10.00
0.021110,5.002918,0.507015,0.41823,10.00
0.021120,5.002905,0.506257,0.41848,10.00
0.021130,5.002864,0.505730,0.41863,10.00
0.021140,5.002804,0.505353,0.41873,10.00
0.021150,5.002829,0.505075,0.41880,10.00
0.021160,5.003231,0.504444,0.41834,10.00
0.021170,5.003591,0.503421,0.41813,10.00
0.021180,5.003898,0.502230,0.41806,10.00
0.021190,5.004147,0.500997,0.41807,10.00
0.021200,5.004402,0.499795,0.41813,10.00
0.021210,5.004844,0.498399,0.41789,10.00
0.021220,5.005215,0.496816,0.41782,10.00
0.021230,5.005510,0.495200,0.41785,10.00
0.021240,5.005733,0.493636,0.41792,10.00
0.021250,5.005814,0.492171,0.41802,10.00
0.021260,5.005556,0.491128,0.41849,10.00
0.021270,5.005264,0.490531,0.41877,10.00
0.021280,5.004955,0.490213,0.41893,10.00
0.021290,5.004637,0.490072,0.41903,10.00
0.021300,5.004330,0.490049,0.41908,10.00
0.021310,5.004071,0.490055,0.41906,10.00
0.021320,5.003813,0.490064,0.41904,10.00
0.021330,5.003558,0.490088,0.41904,10.00
0.021340,5.003305,0.490134,0.41903,10.00
0.021350,5.002909,0.490202,0.41903,10.00
0.021360,5.001944,0.490918,0.41977,10.00
0.021370,5.001036,0.492312,0.42012,10.00
0.021380,5.000206,0.494031,0.42025,10.00
0.021390,4.999461,0.495873,0.42025,10.00
0.021400,4.998737,0.497722,0.42018,10.00
0.021410,4.997844,0.499792,0.42040,10.00
0.021420,4.997054,0.502060,0.42044,10.00
0.021430,4.996372,0.504355,0.42037,10.00
0.021440,4.995796,0.506577,0.42025,10.00
0.021450,4.995541,0.508676,0.42010,10.00
0.021460,4.996241,0.509684,0.41883,10.00
0.021470,4.996949,0.509546,0.41815,10.00
0.021480,4.997630,0.508784,0.41781,10.00
0.021490,4.998263,0.507703,0.41766,10.00
0.021500,4.998844,0.506480,0.41763,10.00
0.021510,4.999379,0.505202,0.41764,10.00
0.021520,4.999854,0.503927,0.41770,10.00
0.021530,5.000270,0.502696,0.41777,10.00
0.021540,5.000630,0.501531,0.41786,10.00
0.021550,5.001059,0.500443,0.41795,10.00
0.021560,5.001910,0.498921,0.41742,10.00
0.021570,5.002675,0.496941,0.41721,10.00
0.021580,5.003340,0.494789,0.41718,10.00
0.021590,5.003904,0.492627,0.41725,10.00
0.021600,5.003888,0.490544,0.41737,10.00
0.021610,5.001902,0.490639,0.41995,10.00
0.021620,4.999998,0.493032,0.42125,10.00
0.021630,4.998246,0.496592,0.42182,10.00
0.021640,4.996679,0.500661,0.42197,10.00
0.021650,4.995647,0.504864,0.42189,10.00
0.021660,4.996134,0.507539,0.41998,10.00
0.021670,4.996689,0.508505,0.41891,10.00
0.021680,4.997257,0.508503,0.41832,10.00
0.021690,4.997807,0.507969,0.41803,10.00
0.021700,4.998432,0.507159,0.41790,10.00
0.021710,4.999444,0.505752,0.41731,10.00
0.021720,5.000371,0.503811,0.41706,10.00
0.021730,5.001199,0.501648,0.41701,10.00
0.021740,5.001924,0.499440,0.41707,10.00
0.021750,5.002262,0.497287,0.41718,10.00
0.021760,5.001395,0.496454,0.41876,10.00
0.021770,5.000535,0.497027,0.41959,10.00
0.021780,4.999727,0.498344,0.41999,10.00
0.021790,4.998994,0.500020,0.42014,10.00
0.021800,4.998484,0.501833,0.42016,10.00
0.021810,4.998603,0.503061,0.41939,10.00
0.021820,4.998757,0.503606,0.41895,10.00
0.021830,4.998924,0.503759,0.41871,10.00
0.021840,4.999091,0.503693,0.41858,10.00
0.021850,4.999235,0.503507,0.41852,10.00
0.021860,4.999306,0.503328,0.41857,10.00
0.021870,4.999370,0.503194,0.41861,10.00
0.021880,4.999429,0.503086,0.41863,10.00
0.021890,4.999483,0.502994,0.41865,10.00
0.021900,4.999410,0.502914,0.41866,10.00
0.021910,4.998856,0.503362,0.41929,10.00
0.021920,4.998342,0.504363,0.41959,10.00
0.021930,4.997883,0.505623,0.41970,10.00
0.021940,4.997486,0.506977,0.41971,10.00
0.021950,4.997235,0.508328,0.41966,10.00
0.021960,4.997366,0.509274,0.41917,10.00
0.021970,4.997525,0.509770,0.41889,10.00
0.021980,4.997699,0.509998,0.41872,10.00
0.021990,4.997878,0.510067,0.41863,10.00
0.022000,4.998365,0.510038,0.41858,10.00
0.022010,5.000051,0.508636,0.41699,10.00
0.022020,5.001624,0.505822,0.41624,10.00
0.022030,5.003041,0.502342,0.41597,10.00
0.022040,5.004287,0.498624,0.41596,10.00
0.022050,5.005047,0.494914,0.41610,10.00
0.022060,5.004425,0.492672,0.41789,10.00
0.022070,5.003752,0.492032,0.41888,10.00
0.022080,5.003079,0.492293,0.41941,10.00
0.022090,5.002435,0.493044,0.41967,10.00
0.022100,5.001929,0.494042,0.41977,10.00
0.022110,5.001837,0.494751,0.41931,10.00
0.022120,5.001766,0.495072,0.41906,10.00
0.022130,5.001704,0.495179,0.41891,10.00
0.022140,5.001643,0.495172,0.41884,10.00
0.022150,5.001530,0.495111,0.41880,10.00
0.022160,5.001214,0.495245,0.41904,10.00
0.022170,5.000912,0.495605,0.41916,10.00
0.022180,5.000632,0.496079,0.41921,10.00
0.022190,5.000375,0.496603,0.41921,10.00
0.022200,5.000328,0.497138,0.41920,10.00
0.022210,5.001020,0.496882,0.41824,10.00
0.022220,5.001673,0.495786,0.41777,10.00
0.022230,5.002260,0.494279,0.41757,10.00
0.022240,5.002772,0.492608,0.41753,10.00
0.022250,5.003245,0.490912,0.41757,10.00
0.022260,5.003802,0.489096,0.41745,10.00
0.022270,5.004271,0.487192,0.41746,10.00
0.022280,5.004652,0.485319,0.41754,10.00
0.022290,5.004949,0.483542,0.41765,10.00
0.022300,5.005077,0.481894,0.41778,10.00
0.022310,5.004778,0.480775,0.41836,10.00
0.022320,5.004446,0.480209,0.41871,10.00
0.022330,5.004099,0.479978,0.41890,10.00
0.022340,5.003750,0.479952,0.41901,10.00
0.022350,5.003356,0.480053,0.41907,10.00
0.022360,5.002784,0.480440,0.41934,10.00
0.022370,5.002239,0.481092,0.41947,10.00
0.022380,5.001730,0.481877,0.41951,10.00
0.022390,5.001261,0.482718,0.41950,10.00
0.022400,5.001103,0.483569,0.41946,10.00
0.022410,5.002035,0.483255,0.41805,10.00
0.022420,5.002913,0.481708,0.41735,10.00
0.022430,5.003698,0.479557,0.41705,10.00
0.022440,5.004374,0.477168,0.41699,10.00
0.022450,5.004579,0.474745,0.41705,10.00
0.022460,5.003273,0.473936,0.41899,10.00
0.022470,5.001989,0.474871,0.42000,10.00
0.022480,5.000780,0.476732,0.42048,10.00
0.022490,4.999674,0.479040,0.42066,10.00
0.022500,4.998528,0.481517,0.42066,10.00
0.022510,4.996891,0.484670,0.42136,10.00
0.022520,4.995424,0.488440,0.42159,10.00
0.022530,4.994141,0.492410,0.42157,10.00
0.022540,4.993043,0.496342,0.42140,10.00
0.022550,4.992155,0.500107,0.42117,10.00
0.022560,4.991555,0.503505,0.42075,10.00
0.022570,4.991100,0.506498,0.42041,10.00
0.022580,4.990773,0.509149,0.42013,10.00
0.022590,4.990560,0.511498,0.41988,10.00
0.022600,4.990552,0.513580,0.41966,10.00
0.022610,4.991038,0.514973,0.41894,10.00
0.022620,4.991566,0.515679,0.41852,10.00
0.022630,4.992111,0.515963,0.41828,10.00
0.022640,4.992659,0.515984,0.41815,10.00
0.022650,4.993380,0.515839,0.41808,10.00
0.022660,4.994785,0.514823,0.41714,10.00
0.022670,4.996112,0.512939,0.41670,10.00
0.022680,4.997335,0.510633,0.41655,10.00
0.022690,4.998443,0.508164,0.41656,10.00
0.022700,4.999242,0.505684,0.41666,10.00
0.022710,4.999184,0.504086,0.41777,10.00
0.022720,4.999083,0.503455,0.41839,10.00
0.022730,4.998969,0.503364,0.41873,10.00
0.022740,4.998860,0.503564,0.41890,10.00
0.022750,4.998530,0.503908,0.41898,10.00
0.022760,4.997307,0.505312,0.42019,10.00
0.022770,4.996184,0.507775,0.42075,10.00
0.022780,4.995192,0.510715,0.42094,10.00
0.022790,4.994343,0.513800,0.42092,10.00
0.022800,4.993876,0.516840,0.42079,10.00
0.022810,4.994473,0.518720,0.41941,10.00
0.022820,4.995115,0.519338,0.41863,10.00
0.022830,4.995762,0.519235,0.41821,10.00
0.022840,4.996389,0.518728,0.41800,10.00
0.022850,4.997211,0.518004,0.41791,10.00
0.022860,4.998882,0.516203,0.41674,10.00
0.022870,5.000432,0.513345,0.41622,10.00
0.022880,5.001830,0.510006,0.41606,10.00
0.022890,5.003066,0.506520,0.41611,10.00
0.022900,5.003953,0.503075,0.41626,10.00
0.022910,5.003959,0.500568,0.41741,10.00
0.022920,5.003880,0.499089,0.41809,10.00
0.022930,5.003753,0.498226,0.41849,10.00
0.022940,5.003599,0.497733,0.41872,10.00
0.022950,5.003596,0.497467,0.41886,10.00
0.022960,5.004240,0.496625,0.41809,10.00
0.022970,5.004822,0.495125,0.41774,10.00
0.022980,5.005325,0.493331,0.41762,10.00
0.022990,5.005742,0.491452,0.41762,10.00
0.023000,5.005779,0.489606,0.41770,10.00
0.023010,5.004592,0.489105,0.41929,10.00
0.023020,5.003431,0.490038,0.42011,10.00
0.023030,5.002339,0.491728,0.42050,10.00
0.023040,5.001341,0.493779,0.42063,10.00
0.023050,5.000479,0.495961,0.42061,10.00
0.023060,4.999859,0.497993,0.42035,10.00
0.023070,4.999328,0.499793,0.42013,10.00
0.023080,4.998876,0.501405,0.41996,10.00
0.023090,4.998494,0.502860,0.41980,10.00
0.023100,4.998278,0.504175,0.41967,10.00
0.023110,4.998519,0.504930,0.41904,10.00
0.023120,4.998775,0.505115,0.41869,10.00
0.023130,4.999030,0.504981,0.41850,10.00
0.023140,4.999272,0.504675,0.41841,10.00
0.023150,4.999658,0.504283,0.41838,10.00
0.023160,5.000650,0.503169,0.41756,10.00
0.023170,5.001565,0.501332,0.41719,10.00
0.023180,5.002382,0.499168,0.41707,10.00
0.023190,5.003095,0.496906,0.41710,10.00
0.023200,5.003537,0.494674,0.41720,10.00
0.023210,5.003237,0.493245,0.41816,10.00
0.023220,5.002899,0.492688,0.41871,10.00
0.023230,5.002552,0.492631,0.41901,10.00
0.023240,5.002212,0.492855,0.41916,10.00
0.023250,5.001715,0.493231,0.41923,10.00
0.023260,5.000568,0.494418,0.42012,10.00
0.023270,4.999504,0.496405,0.42053,10.00
0.023280,4.998546,0.498759,0.42066,10.00
0.023290,4.997703,0.501229,0.42064,10.00
0.023300,4.997063,0.503674,0.42053,10.00
0.023310,4.996873,0.505645,0.41995,10.00
0.023320,4.996758,0.507082,0.41957,10.00
0.023330,4.996698,0.508173,0.41933,10.00
0.023340,4.996682,0.509030,0.41916,10.00
0.023350,4.996689,0.509721,0.41904,10.00
0.023360,4.996683,0.510334,0.41901,10.00
0.023370,4.996703,0.510897,0.41897,10.00
0.023380,4.996746,0.511404,0.41893,10.00
0.023390,4.996811,0.511853,0.41889,10.00
0.023400,4.997066,0.512243,0.41885,10.00
0.023410,4.998002,0.511849,0.41795,10.00
0.023420,4.998891,0.510641,0.41751,10.00
0.023430,4.999710,0.509027,0.41733,10.00
0.023440,5.000446,0.507244,0.41730,10.00
0.023450,5.000943,0.505429,0.41735,10.00
0.023460,5.000752,0.504316,0.41823,10.00
0.023470,5.000534,0.503980,0.41871,10.00
0.023480,5.000314,0.504075,0.41897,10.00
0.023490,5.000107,0.504400,0.41910,10.00
0.023500,4.999980,0.504837,0.41915,10.00
0.023510,5.000112,0.505060,0.41885,10.00
0.023520,5.000247,0.505017,0.41869,10.00
0.023530,5.000374,0.504830,0.41861,10.00
0.023540,5.000490,0.504573,0.41858,10.00
0.023550,5.000305,0.504285,0.41857,10.00
0.023560,4.998982,0.505220,0.42004,10.00
0.023570,4.997746,0.507449,0.42074,10.00
0.023580,4.996635,0.510296,0.42102,10.00
0.023590,4.995666,0.513371,0.42104,10.00
0.023600,4.995286,0.516453,0.42094,10.00
0.023610,4.996779,0.517525,0.41852,10.00
0.023620,4.998249,0.516434,0.41726,10.00
0.023630,4.999629,0.514200,0.41665,10.00
0.023640,5.000885,0.511418,0.41643,10.00
0.023650,5.001862,0.508431,0.41643,10.00
0.023660,5.002149,0.506037,0.41725,10.00
0.023670,5.002347,0.504372,0.41776,10.00
0.023680,5.002482,0.503163,0.41808,10.00
0.023690,5.002569,0.502247,0.41828,10.00
0.023700,5.002441,0.501526,0.41843,10.00
0.023710,5.001587,0.501704,0.41943,10.00
0.023720,5.000770,0.502780,0.41993,10.00
0.023730,5.000020,0.504309,0.42015,10.00
0.023740,4.999349,0.506031,0.42019,10.00
0.023750,4.998932,0.507797,0.42015,10.00
0.023760,4.999265,0.508793,0.41920,10.00
0.023770,4.999616,0.508939,0.41868,10.00
0.023780,4.999959,0.508618,0.41841,10.00
0.023790,5.000279,0.508053,0.41828,10.00
0.023800,5.000415,0.507373,0.41824,10.00
0.023810,4.999922,0.507307,0.41901,10.00
0.023820,4.999448,0.507925,0.41941,10.00
0.023830,4.999015,0.508891,0.41959,10.00
0.023840,4.998633,0.510009,0.41964,10.00
0.023850,4.998755,0.511166,0.41962,10.00
0.023860,5.000686,0.510380,0.41729,10.00
0.023870,5.002512,0.507526,0.41614,10.00
0.023880,5.004169,0.503654,0.41566,10.00
0.023890,5.005630,0.499371,0.41557,10.00
0.023900,5.006603,0.495022,0.41569,10.00
0.023910,5.006275,0.492010,0.41734,10.00
0.023920,5.005855,0.490494,0.41830,10.00
0.023930,5.005393,0.489857,0.41884,10.00
0.023940,5.004920,0.489733,0.41914,10.00
0.023950,5.004620,0.489908,0.41930,10.00
0.023960,5.004993,0.489535,0.41852,10.00
0.023970,5.005327,0.488505,0.41815,10.00
0.023980,5.005604,0.487171,0.41799,10.00
0.023990,5.005816,0.485736,0.41797,10.00
0.024000,5.005793,0.484313,0.41801,10.00
0.024010,5.005052,0.483682,0.41894,10.00
0.024020,5.004311,0.483907,0.41944,10.00
0.024030,5.003597,0.484605,0.41968,10.00
0.024040,5.002925,0.485549,0.41978,10.00
0.024050,5.002432,0.486607,0.41980,10.00
0.024060,5.002496,0.487151,0.41911,10.00
0.024070,5.002567,0.487110,0.41874,10.00
0.024080,5.002627,0.486765,0.41856,10.00
0.024090,5.002666,0.486278,0.41848,10.00
0.024100,5.002342,0.485742,0.41846,10.00
0.024110,5.000671,0.486656,0.42019,10.00
0.024120,4.999095,0.489114,0.42103,10.00
0.024130,4.997661,0.492328,0.42137,10.00
0.024140,4.996388,0.495841,0.42142,10.00
0.024150,4.995211,0.499391,0.42131,10.00
0.024160,4.993921,0.503135,0.42147,10.00
0.024170,4.992812,0.507008,0.42142,10.00
0.024180,4.991881,0.510801,0.42124,10.00
0.024190,4.991122,0.514403,0.42100,10.00
0.024200,4.990862,0.517755,0.42074,10.00
0.024210,4.992069,0.519390,0.41877,10.00
0.024220,4.993292,0.519234,0.41771,10.00
0.024230,4.994473,0.518093,0.41718,10.00
0.024240,4.995581,0.516438,0.41695,10.00
0.024250,4.996669,0.514545,0.41689,10.00
0.024260,4.997921,0.512293,0.41660,10.00
0.024270,4.999056,0.509761,0.41654,10.00
0.024280,5.000069,0.507157,0.41661,10.00
0.024290,5.000960,0.504600,0.41674,10.00
0.024300,5.001597,0.502154,0.41690,10.00
0.024310,5.001592,0.500436,0.41777,10.00
0.024320,5.001532,0.499488,0.41827,10.00
0.024330,5.001442,0.498993,0.41856,10.00
0.024340,5.001338,0.498764,0.41873,10.00
0.024350,5.001094,0.498690,0.41882,10.00
0.024360,5.000321,0.499283,0.41956,10.00
0.024370,4.999598,0.500532,0.41991,10.00
0.024380,4.998945,0.502093,0.42004,10.00
0.024390,4.998369,0.503768,0.42004,10.00
0.024400,4.997714,0.505444,0.41998,10.00
0.024410,4.996523,0.507729,0.42068,10.00
0.024420,4.995460,0.510620,0.42095,10.00
0.024430,4.994539,0.513730,0.42098,10.00
0.024440,4.993764,0.516837,0.42087,10.00
0.024450,4.993671,0.519819,0.42070,10.00
0.024460,4.995814,0.520310,0.41776,10.00
0.024470,4.997893,0.518174,0.41626,10.00
0.024480,4.999824,0.514677,0.41557,10.00
0.024490,5.001570,0.510556,0.41536,10.00
0.024500,5.002795,0.506237,0.41541,10.00
0.024510,5.002578,0.503318,0.41720,10.00
0.024520,5.002276,0.501994,0.41823,10.00
0.024530,5.001942,0.501584,0.41879,10.00
0.024540,5.001606,0.501687,0.41910,10.00
0.024550,5.001130,0.502067,0.41925,10.00
0.024560,5.000076,0.503246,0.42009,10.00
0.024570,4.999102,0.505175,0.42047,10.00
0.024580,4.998230,0.507441,0.42059,10.00
0.024590,4.997469,0.509809,0.42057,10.00
0.024600,4.997187,0.512144,0.42046,10.00
0.024610,4.998450,0.512799,0.41845,10.00
0.024620,4.999684,0.511663,0.41741,10.00
0.024630,5.000834,0.509593,0.41692,10.00
0.024640,5.001871,0.507086,0.41675,10.00
0.024650,5.002742,0.504430,0.41676,10.00
0.024660,5.003322,0.501969,0.41708,10.00
0.024670,5.003796,0.499803,0.41734,10.00
0.024680,5.004177,0.497879,0.41755,10.00
0.024690,5.004475,0.496162,0.41774,10.00
0.024700,5.004391,0.494627,0.41789,10.00
0.024710,5.003046,0.494563,0.41958,10.00
0.024720,5.001750,0.496016,0.42044,10.00
0.024730,5.000548,0.498247,0.42083,10.00
0.024740,4.999464,0.500827,0.42093,10.00
0.024750,4.998571,0.503510,0.42089,10.00
0.024760,4.998058,0.505875,0.42043,10.00
0.024770,4.997644,0.507833,0.42011,10.00
0.024780,4.997312,0.509496,0.41987,10.00
0.024790,4.997051,0.510938,0.41969,10.00
0.024800,4.997053,0.512201,0.41954,10.00
0.024810,4.997893,0.512459,0.41840,10.00
0.024820,4.998710,0.511691,0.41781,10.00
0.024830,4.999472,0.510388,0.41754,10.00
0.024840,5.000164,0.508837,0.41745,10.00
0.024850,5.000772,0.507201,0.41747,10.00
0.024860,5.001272,0.505609,0.41758,10.00
0.024870,5.001699,0.504116,0.41769,10.00
0.024880,5.002060,0.502730,0.41781,10.00
0.024890,5.002359,0.501454,0.41792,10.00
0.024900,5.002720,0.500286,0.41803,10.00
0.024910,5.003487,0.498722,0.41753,10.00
0.024920,5.004168,0.496734,0.41734,10.00
0.024930,5.004750,0.494595,0.41732,10.00
0.024940,5.005232,0.492460,0.41739,10.00
0.024950,5.005539,0.490415,0.41751,10.00
0.024960,5.005454,0.488834,0.41804,10.00
0.024970,5.005312,0.487754,0.41837,10.00
0.024980,5.005131,0.486999,0.41858,10.00
0.024990,5.004923,0.486463,0.41872,10.00
0.025000,5.004667,0.486080,0.41881,10.00
0.025010,5.004284,0.485932,0.41902,10.00
0.025020,5.003903,0.486000,0.41913,10.00
0.025030,5.003531,0.486197,0.41919,10.00
0.025040,5.003171,0.486470,0.41921,10.00
0.025050,5.002631,0.486789,0.41921,10.00
0.025060,5.001345,0.487968,0.42019,10.00
0.025070,5.000145,0.490032,0.42064,10.00
0.025080,4.999057,0.492511,0.42080,10.00
0.025090,4.998090,0.495132,0.42078,10.00
0.025100,4.997350,0.497740,0.42067,10.00
0.025110,4.997128,0.499813,0.42000,10.00
0.025120,4.996984,0.501283,0.41958,10.00
0.025130,4.996897,0.502372,0.41931,10.00
0.025140,4.996852,0.503210,0.41913,10.00
0.025150,4.996717,0.503877,0.41901,10.00
0.025160,4.996129,0.504946,0.41955,10.00
0.025170,4.995607,0.506470,0.41978,10.00
0.025180,4.995161,0.508179,0.41984,10.00
0.025190,4.994796,0.509916,0.41980,10.00
0.025200,4.994992,0.511596,0.41971,10.00
0.025210,4.997134,0.511125,0.41718,10.00
0.025220,4.999178,0.508385,0.41591,10.00
0.025230,5.001055,0.504504,0.41537,10.00
0.025240,5.002732,0.500139,0.41524,10.00
0.025250,5.004058,0.495663,0.41535,10.00
0.025260,5.004626,0.491891,0.41628,10.00
0.025270,5.005046,0.488966,0.41690,10.00
0.025280,5.005347,0.486613,0.41733,10.00
0.025290,5.005551,0.484665,0.41764,10.00
0.025300,5.005481,0.483020,0.41787,10.00
0.025310,5.004590,0.482437,0.41903,10.00
0.025320,5.003706,0.482913,0.41964,10.00
0.025330,5.002866,0.483959,0.41993,10.00
0.025340,5.002085,0.485292,0.42004,10.00
0.025350,5.001266,0.486744,0.42005,10.00
0.025360,5.000103,0.488673,0.42053,10.00
0.025370,4.999046,0.491044,0.42071,10.00
0.025380,4.998107,0.493577,0.42070,10.00
0.025390,4.997288,0.496109,0.42061,10.00
0.025400,4.996465,0.498551,0.42046,10.00
0.025410,4.995288,0.501364,0.42090,10.00
0.025420,4.994256,0.504548,0.42101,10.00
0.025430,4.993375,0.507810,0.42095,10.00
0.025440,4.992645,0.510988,0.42079,10.00
0.025450,4.992058,0.513993,0.42059,10.00
0.025460,4.991609,0.516777,0.42037,10.00
0.025470,4.991282,0.519320,0.42014,10.00
0.025480,4.991064,0.521621,0.41993,10.00
0.025490,4.990946,0.523686,0.41974,10.00
0.025500,4.991081,0.525526,0.41956,10.00
0.025510,4.991936,0.526449,0.41856,10.00
0.025520,4.992802,0.526437,0.41802,10.00
0.025530,4.993648,0.525893,0.41774,10.00
0.025540,4.994457,0.525058,0.41762,10.00
0.025550,4.995522,0.524071,0.41759,10.00
0.025560,4.997713,0.521729,0.41608,10.00
0.025570,4.999747,0.518023,0.41540,10.00
0.025580,5.001585,0.513696,0.41520,10.00
0.025590,5.003212,0.509178,0.41526,10.00
0.025600,5.004161,0.504712,0.41546,10.00
0.025610,5.003093,0.502418,0.41809,10.00
0.025620,5.001993,0.502460,0.41951,10.00
0.025630,5.000938,0.503767,0.42023,10.00
0.025640,4.999966,0.505717,0.42054,10.00
0.025650,4.999262,0.507949,0.42062,10.00
0.025660,4.999315,0.509544,0.41974,10.00
0.025670,4.999417,0.510353,0.41923,10.00
0.025680,4.999542,0.510705,0.41894,10.00
0.025690,4.999674,0.510795,0.41878,10.00
0.025700,4.999954,0.510735,0.41869,10.00
0.025710,5.000803,0.509965,0.41790,10.00
0.025720,5.001593,0.508492,0.41753,10.00
0.025730,5.002303,0.506692,0.41740,10.00
0.025740,5.002924,0.504778,0.41740,10.00
0.025750,5.003305,0.502873,0.41747,10.00
0.025760,5.003017,0.501682,0.41834,10.00
0.025770,5.002699,0.501271,0.41883,10.00
0.025780,5.002377,0.501302,0.41909,10.00
0.025790,5.002065,0.501578,0.41922,10.00
0.025800,5.002171,0.501982,0.41927,10.00
0.025810,5.003860,0.500739,0.41726,10.00
0.025820,5.005432,0.497732,0.41629,10.00
0.025830,5.006835,0.493884,0.41591,10.00
0.025840,5.008047,0.489730,0.41587,10.00
0.025850,5.008701,0.485572,0.41601,10.00
0.025860,5.007750,0.483126,0.41807,10.00
0.025870,5.006747,0.482554,0.41922,10.00
0.025880,5.005754,0.483037,0.41982,10.00
0.025890,5.004804,0.484095,0.42011,10.00
0.025900,5.003887,0.485445,0.42021,10.00
0.025910,5.002931,0.487043,0.42036,10.00
0.025920,5.002056,0.488798,0.42037,10.00
0.025930,5.001266,0.490589,0.42032,10.00
0.025940,5.000560,0.492345,0.42022,10.00
0.025950,5.000320,0.494030,0.42010,10.00
0.025960,5.001653,0.493984,0.41804,10.00
0.025970,5.002924,0.492123,0.41700,10.00
0.025980,5.004078,0.489352,0.41654,10.00
0.025990,5.005088,0.486194,0.41641,10.00
0.026000,5.005665,0.482951,0.41647,10.00
0.026010,5.004989,0.480996,0.41806,10.00
0.026020,5.004270,0.480477,0.41894,10.00
0.026030,5.003554,0.480768,0.41941,10.00
0.026040,5.002868,0.481504,0.41963,10.00
0.026050,5.002428,0.482468,0.41972,10.00
0.026060,5.002829,0.482670,0.41871,10.00
0.026070,5.003211,0.481996,0.41819,10.00
0.026080,5.003548,0.480885,0.41795,10.00
0.026090,5.003827,0.479589,0.41787,10.00
0.026100,5.003790,0.478251,0.41789,10.00
0.026110,5.002700,0.478038,0.41923,10.00
0.026120,5.001641,0.479043,0.41992,10.00
0.026130,5.000652,0.480683,0.42024,10.00
0.026140,4.999750,0.482620,0.42034,10.00
0.026150,4.998776,0.484657,0.42031,10.00
0.026160,4.997247,0.487396,0.42107,10.00
0.026170,4.995869,0.490805,0.42135,10.00
0.026180,4.994660,0.494457,0.42136,10.00
0.026190,4.993623,0.498107,0.42123,10.00
0.026200,4.993111,0.501618,0.42103,10.00
0.026210,4.994151,0.503393,0.41898,10.00
0.026220,4.995213,0.503327,0.41787,10.00
0.026230,4.996237,0.502253,0.41731,10.00
0.026240,4.997193,0.500661,0.41707,10.00
0.026250,4.997964,0.498833,0.41701,10.00
0.026260,4.998256,0.497361,0.41755,10.00
0.026270,4.998492,0.496360,0.41789,10.00
0.026280,4.998691,0.495644,0.41809,10.00
0.026290,4.998861,0.495103,0.41823,10.00
0.026300,4.998887,0.494673,0.41831,10.00
0.026310,4.998420,0.494836,0.41899,10.00
0.026320,4.997980,0.495592,0.41933,10.00
0.026330,4.997586,0.496640,0.41947,10.00
0.026340,4.997244,0.497806,0.41950,10.00
0.026350,4.996982,0.498989,0.41947,10.00
0.026360,4.996870,0.500028,0.41929,10.00
0.026370,4.996801,0.500891,0.41916,10.00
0.026380,4.996768,0.501620,0.41906,10.00
0.026390,4.996764,0.502242,0.41898,10.00
0.026400,4.996891,0.502777,0.41891,10.00
0.026410,4.997442,0.502796,0.41834,10.00
0.026420,4.997977,0.502288,0.41804,10.00
0.026430,4.998478,0.501505,0.41791,10.00
0.026440,4.998937,0.500595,0.41788,10.00
0.026450,4.999477,0.499642,0.41789,10.00
0.026460,5.000465,0.498157,0.41730,10.00
0.026470,5.001364,0.496144,0.41705,10.00
0.026480,5.002161,0.493915,0.41701,10.00
0.026490,5.002852,0.491650,0.41707,10.00
0.026500,5.003143,0.489449,0.41719,10.00
0.026510,5.002184,0.488627,0.41882,10.00
0.026520,5.001235,0.489268,0.41969,10.00
0.026530,5.000342,0.490684,0.42010,10.00
0.026540,4.999528,0.492476,0.42025,10.00
0.026550,4.999273,0.494410,0.42027,10.00
0.026560,5.000935,0.494359,0.41783,10.00
0.026570,5.002523,0.492155,0.41660,10.00
0.026580,5.003971,0.488867,0.41606,10.00
0.026590,5.005250,0.485115,0.41591,10.00
0.026600,5.006003,0.481252,0.41598,10.00
0.026610,5.005238,0.478946,0.41790,10.00
0.026620,5.004422,0.478372,0.41897,10.00
0.026630,5.003613,0.478771,0.41953,10.00
0.026640,5.002840,0.479696,0.41980,10.00
0.026650,5.002027,0.480888,0.41990,10.00
0.026660,5.000910,0.482593,0.42039,10.00
0.026670,4.999888,0.484742,0.42057,10.00
0.026680,4.998974,0.487063,0.42058,10.00
0.026690,4.998170,0.489399,0.42050,10.00
0.026700,4.997623,0.491663,0.42036,10.00
0.026710,4.997760,0.493171,0.41946,10.00
0.026720,4.997942,0.493871,0.41894,10.00
0.026730,4.998140,0.494104,0.41865,10.00
0.026740,4.998341,0.494074,0.41850,10.00
0.026750,4.998403,0.493899,0.41842,10.00
0.026760,4.997938,0.494211,0.41906,10.00
0.026770,4.997506,0.495077,0.41937,10.00
0.026780,4.997124,0.496208,0.41949,10.00
0.026790,4.996797,0.497437,0.41951,10.00
0.026800,4.996681,0.498669,0.41947,10.00
0.026810,4.997211,0.499206,0.41864,10.00
0.026820,4.997742,0.498989,0.41820,10.00
0.026830,4.998248,0.498364,0.41798,10.00
0.026840,4.998717,0.497534,0.41789,10.00
0.026850,4.999113,0.496618,0.41788,10.00
0.026860,4.999340,0.495817,0.41807,10.00
0.026870,4.999535,0.495176,0.41820,10.00
0.026880,4.999703,0.494643,0.41828,10.00
0.026890,4.999848,0.494184,0.41835,10.00
0.026900,4.999711,0.493781,0.41840,10.00
0.026910,4.998540,0.494535,0.41976,10.00
0.026920,4.997443,0.496490,0.42042,10.00
0.026930,4.996458,0.499022,0.42068,10.00
0.026940,4.995599,0.501772,0.42072,10.00
0.026950,4.995236,0.504534,0.42063,10.00
0.026960,4.996429,0.505633,0.41863,10.00
0.026970,4.997613,0.504935,0.41757,10.00
0.026980,4.998732,0.503279,0.41706,10.00
0.026990,4.999756,0.501154,0.41686,10.00
0.027000,5.000613,0.498844,0.41684,10.00
0.027010,5.001124,0.496769,0.41722,10.00
0.027020,5.001548,0.495034,0.41750,10.00
0.027030,5.001898,0.493543,0.41770,10.00
0.027040,5.002184,0.492239,0.41786,10.00
0.027050,5.002411,0.491086,0.41800,10.00
0.027060,5.002577,0.490072,0.41812,10.00
0.027070,5.002700,0.489180,0.41822,10.00
0.027080,5.002785,0.488392,0.41831,10.00
0.027090,5.002837,0.487696,0.41838,10.00
0.027100,5.002695,0.487081,0.41845,10.00
0.027110,5.001890,0.487237,0.41933,10.00
0.027120,5.001119,0.488190,0.41977,10.00
0.027130,5.000407,0.489546,0.41996,10.00
0.027140,4.999765,0.491078,0.42001,10.00
0.027150,4.999194,0.492654,0.41997,10.00
0.027160,4.998683,0.494214,0.41991,10.00
0.027170,4.998244,0.495719,0.41982,10.00
0.027180,4.997872,0.497138,0.41972,10.00
0.027190,4.997564,0.498458,0.41961,10.00
0.027200,4.997418,0.499673,0.41950,10.00
0.027210,4.997729,0.500342,0.41888,10.00
0.027220,4.998051,0.500446,0.41854,10.00
0.027230,4.998368,0.500235,0.41836,10.00
0.027240,4.998668,0.499855,0.41828,10.00
0.027250,4.998922,0.499391,0.41825,10.00
0.027260,4.999049,0.499005,0.41839,10.00
0.027270,4.999161,0.498732,0.41847,10.00
0.027280,4.999262,0.498526,0.41853,10.00
0.027290,4.999354,0.498360,0.41856,10.00
0.027300,4.999309,0.498218,0.41858,10.00
0.027310,4.998751,0.498646,0.41926,10.00
0.027320,4.998233,0.499665,0.41958,10.00
0.027330,4.997771,0.500963,0.41971,10.00
0.027340,4.997374,0.502362,0.41972,10.00
0.027350,4.997296,0.503760,0.41967,10.00
0.027360,4.998273,0.504017,0.41831,10.00
0.027370,4.999221,0.503054,0.41761,10.00
0.027380,5.000102,0.501458,0.41729,10.00
0.027390,5.000897,0.499572,0.41719,10.00
0.027400,5.001382,0.497591,0.41721,10.00
0.027410,5.000924,0.496560,0.41840,10.00
0.027420,5.000453,0.496582,0.41904,10.00
0.027430,5.000001,0.497174,0.41936,10.00
0.027440,4.999587,0.498054,0.41950,10.00
0.027450,4.999279,0.499059,0.41954,10.00
0.027460,4.999255,0.499836,0.41922,10.00
0.027470,4.999258,0.500322,0.41902,10.00
0.027480,4.999278,0.500630,0.41891,10.00
0.027490,4.999308,0.500829,0.41883,10.00
0.027500,4.999249,0.500958,0.41879,10.00
0.027510,4.998819,0.501452,0.41925,10.00
0.027520,4.998426,0.502345,0.41946,10.00
0.027530,4.998080,0.503418,0.41953,10.00
0.027540,4.997787,0.504546,0.41953,10.00
0.027550,4.997895,0.505658,0.41948,10.00
0.027560,4.999413,0.505227,0.41765,10.00
0.027570,5.000857,0.503165,0.41674,10.00
0.027580,5.002176,0.500289,0.41636,10.00
0.027590,5.003347,0.497072,0.41627,10.00
0.027600,5.004086,0.493787,0.41635,10.00
0.027610,5.003588,0.491773,0.41792,10.00
0.027620,5.003041,0.491169,0.41880,10.00
0.027630,5.002493,0.491357,0.41927,10.00
0.027640,5.001968,0.491974,0.41950,10.00
0.027650,5.001433,0.492809,0.41959,10.00
0.027660,5.000753,0.493943,0.41985,10.00
0.027670,5.000135,0.495315,0.41994,10.00
0.027680,4.999584,0.496770,0.41993,10.00
0.027690,4.999103,0.498221,0.41987,10.00
0.027700,4.998486,0.499617,0.41978,10.00
0.027710,4.997147,0.501793,0.42071,10.00
0.027720,4.995937,0.504776,0.42109,10.00
0.027730,4.994878,0.508083,0.42117,10.00
0.027740,4.993976,0.511439,0.42108,10.00
0.027750,4.993688,0.514690,0.42091,10.00
0.027760,4.995338,0.515795,0.41837,10.00
0.027770,4.996964,0.514620,0.41704,10.00
0.027780,4.998493,0.512240,0.41641,10.00
0.027790,4.999889,0.509277,0.41618,10.00
0.027800,5.001034,0.506095,0.41618,10.00
0.027810,5.001622,0.503345,0.41682,10.00
0.027820,5.002099,0.501162,0.41725,10.00
0.027830,5.002486,0.499364,0.41755,10.00
0.027840,5.002797,0.497839,0.41778,10.00
0.027850,5.002885,0.496519,0.41795,10.00
0.027860,5.002300,0.496036,0.41888,10.00
0.027870,5.001721,0.496395,0.41938,10.00
0.027880,5.001173,0.497201,0.41961,10.00
0.027890,5.000672,0.498226,0.41970,10.00
0.027900,5.000396,0.499335,0.41971,10.00
0.027910,5.000852,0.499711,0.41879,10.00
0.027920,5.001299,0.499276,0.41831,10.00
0.027930,5.001712,0.498420,0.41808,10.00
0.027940,5.002078,0.497368,0.41800,10.00
0.027950,5.002340,0.496250,0.41799,10.00
0.027960,5.002343,0.495367,0.41830,10.00
0.027970,5.002314,0.494769,0.41850,10.00
0.027980,5.002263,0.494353,0.41862,10.00
0.027990,5.002197,0.494054,0.41869,10.00
0.028000,5.002057,0.493837,0.41874,10.00
0.028010,5.001658,0.493949,0.41910,10.00
0.028020,5.001277,0.494390,0.41928,10.00
0.028030,5.000922,0.494998,0.41935,10.00
0.028040,5.000598,0.495680,0.41937,10.00
0.028050,5.000263,0.496380,0.41935,10.00
0.028060,4.999785,0.497261,0.41954,10.00
0.028070,4.999354,0.498315,0.41960,10.00
0.028080,4.998974,0.499425,0.41960,10.00
0.028090,4.998647,0.500525,0.41955,10.00
0.028100,4.998526,0.501580,0.41948,10.00
0.028110,4.999061,0.501906,0.41862,10.00
0.028120,4.999584,0.501461,0.41817,10.00
0.028130,5.000074,0.500614,0.41796,10.00
0.028140,5.000517,0.499575,0.41789,10.00
0.028150,5.000782,0.498470,0.41789,10.00
0.028160,5.000501,0.497907,0.41857,10.00
0.028170,5.000214,0.497950,0.41894,10.00
0.028180,4.999940,0.498321,0.41912,10.00
0.028190,4.999689,0.498857,0.41920,10.00
0.028200,4.999557,0.499462,0.41922,10.00
0.028210,4.999811,0.499695,0.41875,10.00
0.028220,5.000061,0.499505,0.41850,10.00
0.028230,5.000295,0.499093,0.41838,10.00
0.028240,5.000506,0.498575,0.41833,10.00
0.028250,5.000691,0.498019,0.41833,10.00
0.028260,5.000847,0.497464,0.41835,10.00
0.028270,5.000978,0.496934,0.41839,10.00
0.028280,5.001085,0.496436,0.41842,10.00
0.028290,5.001170,0.495977,0.41846,10.00
0.028300,5.001408,0.495557,0.41850,10.00
0.028310,5.002301,0.494439,0.41766,10.00
0.028320,5.003118,0.492589,0.41728,10.00
0.028330,5.003837,0.490413,0.41715,10.00
0.028340,5.004451,0.488145,0.41717,10.00
0.028350,5.004620,0.485917,0.41727,10.00
0.028360,5.003366,0.485249,0.41913,10.00
0.028370,5.002136,0.486243,0.42009,10.00
0.028380,5.000982,0.488113,0.42054,10.00
0.028390,4.999932,0.490400,0.42070,10.00
0.028400,4.998852,0.492838,0.42070,10.00
0.028410,4.997334,0.495881,0.42132,10.00
0.028420,4.995978,0.499473,0.42152,10.00
0.028430,4.994796,0.503232,0.42148,10.00
0.028440,4.993790,0.506941,0.42132,10.00
0.028450,4.992915,0.510482,0.42110,10.00
0.028460,4.992057,0.513948,0.42103,10.00
0.028470,4.991357,0.517319,0.42086,10.00
0.028480,4.990809,0.520499,0.42065,10.00
0.028490,4.990401,0.523441,0.42042,10.00
0.028500,4.990389,0.526124,0.42019,10.00
0.028510,4.991534,0.527407,0.41861,10.00
0.028520,4.992689,0.527242,0.41776,10.00
0.028530,4.993808,0.526274,0.41734,10.00
0.028540,4.994866,0.524880,0.41716,10.00
0.028550,4.996379,0.523281,0.41712,10.00
0.028560,4.999878,0.519349,0.41448,10.00
0.028570,5.003112,0.513054,0.41328,10.00
0.028580,5.006014,0.505695,0.41292,10.00
0.028590,5.008558,0.498017,0.41302,10.00
0.028600,5.010176,0.490446,0.41336,10.00
0.028610,5.009244,0.485626,0.41668,10.00
0.028620,5.008184,0.483793,0.41855,10.00
0.028630,5.007095,0.483661,0.41957,10.00
0.028640,5.006034,0.484476,0.42010,10.00
0.028650,5.005081,0.485795,0.42033,10.00
0.028660,5.004405,0.487135,0.42014,10.00
0.028670,5.003789,0.488336,0.41999,10.00
0.028680,5.003226,0.489433,0.41987,10.00
0.028690,5.002714,0.490449,0.41977,10.00
0.028700,5.002202,0.491396,0.41968,10.00
0.028710,5.001552,0.492481,0.41983,10.00
0.028720,5.000958,0.493717,0.41987,10.00
0.028730,5.000425,0.494999,0.41984,10.00
0.028740,4.999952,0.496265,0.41978,10.00
0.028750,4.999204,0.497481,0.41970,10.00
0.028760,4.997218,0.500045,0.42129,10.00
0.028770,4.995398,0.504015,0.42200,10.00
0.028780,4.993786,0.508600,0.42221,10.00
0.028790,4.992394,0.513347,0.42214,10.00
0.028800,4.991567,0.518001,0.42192,10.00
0.028810,4.992291,0.520957,0.41989,10.00
0.028820,4.993091,0.522074,0.41875,10.00
0.028830,4.993908,0.522136,0.41813,10.00
0.028840,4.994706,0.521604,0.41781,10.00
0.028850,4.995398,0.520749,0.41766,10.00
0.028860,4.995772,0.520026,0.41797,10.00
0.028870,4.996119,0.519543,0.41815,10.00
0.028880,4.996446,0.519191,0.41826,10.00
0.028890,4.996758,0.518907,0.41833,10.00
0.028900,4.997117,0.518656,0.41838,10.00
0.028910,4.997701,0.518160,0.41810,10.00
0.028920,4.998252,0.517396,0.41797,10.00
0.028930,4.998762,0.516503,0.41794,10.00
0.028940,4.999227,0.515562,0.41796,10.00
0.028950,4.999881,0.514621,0.41800,10.00
0.028960,5.001398,0.512714,0.41688,10.00
0.028970,5.002792,0.509809,0.41638,10.00
0.028980,5.004035,0.506466,0.41624,10.00
0.028990,5.005116,0.503005,0.41629,10.00
0.029000,5.005692,0.499608,0.41645,10.00
0.029010,5.004774,0.497840,0.41840,10.00
0.029020,5.003832,0.497821,0.41946,10.00
0.029030,5.002921,0.498758,0.42000,10.00
0.029040,5.002072,0.500190,0.42023,10.00
0.029050,5.001369,0.501848,0.42030,10.00
0.029060,5.001025,0.503272,0.41991,10.00
0.029070,5.000737,0.504361,0.41966,10.00
0.029080,5.000493,0.505233,0.41949,10.00
0.029090,5.000286,0.505958,0.41937,10.00
0.029100,5.000160,0.506581,0.41928,10.00
0.029110,5.000254,0.506914,0.41896,10.00
0.029120,5.000355,0.506963,0.41878,10.00
0.029130,5.000453,0.506857,0.41869,10.00
0.029140,5.000543,0.506671,0.41865,10.00
0.029150,5.000716,0.506447,0.41864,10.00
0.029160,5.001239,0.505817,0.41817,10.00
0.029170,5.001719,0.504776,0.41795,10.00
0.029180,5.002144,0.503551,0.41789,10.00
0.029190,5.002509,0.502272,0.41790,10.00
0.029200,5.002756,0.501014,0.41795,10.00
0.029210,5.002713,0.500071,0.41833,10.00
0.029220,5.002638,0.499474,0.41856,10.00
0.029230,5.002542,0.499094,0.41870,10.00
0.029240,5.002434,0.498850,0.41878,10.00
0.029250,5.002382,0.498695,0.41883,10.00
0.029260,5.002576,0.498327,0.41854,10.00
0.029270,5.002745,0.497715,0.41841,10.00
0.029280,5.002883,0.496999,0.41836,10.00
0.029290,5.002986,0.496261,0.41837,10.00
0.029300,5.003148,0.495544,0.41840,10.00
0.029310,5.003634,0.494484,0.41798,10.00
0.029320,5.004059,0.493073,0.41781,10.00
0.029330,5.004414,0.491532,0.41778,10.00
0.029340,5.004697,0.489988,0.41782,10.00
0.029350,5.004848,0.488509,0.41791,10.00
0.029360,5.004691,0.487396,0.41832,10.00
0.029370,5.004495,0.486680,0.41858,10.00
0.029380,5.004275,0.486217,0.41873,10.00
0.029390,5.004040,0.485923,0.41883,10.00
0.029400,5.003708,0.485746,0.41889,10.00
0.029410,5.003029,0.486026,0.41938,10.00
0.029420,5.002380,0.486759,0.41961,10.00
0.029430,5.001774,0.487724,0.41971,10.00
0.029440,5.001217,0.488791,0.41972,10.00
0.029450,5.000568,0.489884,0.41968,10.00
0.029460,4.999404,0.491580,0.42036,10.00
0.029470,4.998342,0.493882,0.42064,10.00
0.029480,4.997396,0.496433,0.42069,10.00
0.029490,4.996572,0.499030,0.42062,10.00
0.029500,4.996073,0.501558,0.42049,10.00
0.029510,4.996490,0.503078,0.41929,10.00
0.029520,4.996942,0.503519,0.41862,10.00
0.029530,4.997394,0.503353,0.41826,10.00
0.029540,4.997827,0.502857,0.41809,10.00
0.029550,4.998078,0.502195,0.41802,10.00
0.029560,4.997698,0.502112,0.41878,10.00
0.029570,4.997336,0.502692,0.41917,10.00
0.029580,4.997012,0.503606,0.41935,10.00
0.029590,4.996736,0.504662,0.41940,10.00
0.029600,4.996562,0.505750,0.41939,10.00
0.029610,4.996644,0.506585,0.41907,10.00
0.029620,4.996755,0.507124,0.41888,10.00
0.029630,4.996885,0.507474,0.41876,10.00
0.029640,4.997026,0.507702,0.41869,10.00
0.029650,4.997323,0.507846,0.41864,10.00
0.029660,4.998204,0.507298,0.41786,10.00
0.029670,4.999035,0.506044,0.41749,10.00
0.029680,4.999795,0.504446,0.41734,10.00
0.029690,5.000475,0.502713,0.41733,10.00
0.029700,5.000855,0.500966,0.41739,10.00
0.029710,5.000307,0.500199,0.41859,10.00
0.029720,4.999759,0.500491,0.41922,10.00
0.029730,4.999243,0.501345,0.41953,10.00
0.029740,4.998776,0.502474,0.41966,10.00
0.029750,4.998521,0.503710,0.41968,10.00
0.029760,4.998931,0.504295,0.41885,10.00
0.029770,4.999344,0.504145,0.41841,10.00
0.029780,4.999737,0.503601,0.41820,10.00
0.029790,5.000097,0.502859,0.41811,10.00
0.029800,5.000670,0.502035,0.41809,10.00
0.029810,5.002176,0.500131,0.41685,10.00
0.029820,5.003556,0.497133,0.41629,10.00
0.029830,5.004779,0.493655,0.41613,10.00
0.029840,5.005834,0.490046,0.41618,10.00
0.029850,5.006539,0.486504,0.41634,10.00
0.029860,5.006374,0.483915,0.41748,10.00
0.029870,5.006122,0.482370,0.41816,10.00
0.029880,5.005820,0.481462,0.41856,10.00
0.029890,5.005489,0.480948,0.41880,10.00
0.029900,5.005230,0.480685,0.41895,10.00
0.029910,5.005301,0.480218,0.41860,10.00
0.029920,5.005341,0.479476,0.41844,10.00
0.029930,5.005344,0.478630,0.41839,10.00
0.029940,5.005309,0.477775,0.41840,10.00
0.029950,5.005161,0.476963,0.41844,10.00
0.029960,5.004690,0.476538,0.41886,10.00
0.029970,5.004213,0.476527,0.41910,10.00
0.029980,5.003746,0.476757,0.41922,10.00
0.029990,5.003294,0.477126,0.41928,10.00
0.030000,5.002731,0.477572,0.41929,10.00
0.030010,5.001673,0.478627,0.41996,10.00
0.030020,5.000686,0.480292,0.42026,10.00
0.030030,4.999788,0.482240,0.42034,10.00
0.030040,4.998985,0.484280,0.42032,10.00
0.030050,4.998409,0.486304,0.42023,10.00
0.030060,4.998435,0.487694,0.41944,10.00
0.030070,4.998504,0.488393,0.41899,10.00
0.030080,4.998592,0.488692,0.41874,10.00
0.030090,4.998687,0.488766,0.41860,10.00
0.030100,4.998597,0.488714,0.41853,10.00
0.030110,4.997781,0.489385,0.41943,10.00
0.030120,4.997023,0.490848,0.41986,10.00
0.030130,4.996346,0.492686,0.42002,10.00
0.030140,4.995759,0.494658,0.42004,10.00
0.030150,4.995136,0.496627,0.41997,10.00
0.030160,4.994099,0.499069,0.42051,10.00
0.030170,4.993191,0.501968,0.42070,10.00
0.030180,4.992423,0.505001,0.42068,10.00
0.030190,4.991795,0.507983,0.42055,10.00
0.030200,4.991537,0.510815,0.42037,10.00
0.030210,4.992319,0.512444,0.41899,10.00
0.030220,4.993135,0.512802,0.41822,10.00
0.030230,4.993942,0.512438,0.41782,10.00
0.030240,4.994717,0.511677,0.41762,10.00
0.030250,4.995338,0.510708,0.41755,10.00
0.030260,4.995479,0.510113,0.41811,10.00
0.030270,4.995606,0.509981,0.41842,10.00
0.030280,4.995733,0.510088,0.41857,10.00
0.030290,4.995868,0.510307,0.41865,10.00
0.030300,4.996185,0.510564,0.41868,10.00
0.030310,4.997181,0.510089,0.41781,10.00
0.030320,4.998127,0.508828,0.41739,10.00
0.030330,4.999000,0.507173,0.41723,10.00
0.030340,4.999789,0.505357,0.41721,10.00
0.030350,5.000354,0.503509,0.41726,10.00
0.030360,5.000300,0.502289,0.41805,10.00
0.030370,5.000211,0.501764,0.41850,10.00
0.030380,5.000110,0.501632,0.41875,10.00
0.030390,5.000009,0.501715,0.41888,10.00
0.030400,5.000065,0.501910,0.41894,10.00
0.030410,5.000709,0.501526,0.41821,10.00
0.030420,5.001314,0.500499,0.41786,10.00
0.030430,5.001860,0.499160,0.41772,10.00
0.030440,5.002338,0.497701,0.41770,10.00
0.030450,5.002601,0.496232,0.41774,10.00
0.030460,5.002221,0.495440,0.41857,10.00
0.030470,5.001829,0.495389,0.41902,10.00
0.030480,5.001449,0.495745,0.41925,10.00
0.030490,5.001092,0.496313,0.41935,10.00
0.030500,5.000759,0.496979,0.41938,10.00
0.030510,5.000430,0.497710,0.41941,10.00
0.030520,5.000138,0.498468,0.41939,10.00
0.030530,4.999880,0.499215,0.41935,10.00
0.030540,4.999657,0.499931,0.41931,10.00
0.030550,4.999570,0.500605,0.41926,10.00
0.030560,4.999917,0.500789,0.41868,10.00
0.030570,5.000256,0.500460,0.41838,10.00
0.030580,5.000570,0.499866,0.41824,10.00
0.030590,5.000853,0.499148,0.41819,10.00
0.030600,5.001178,0.498389,0.41820,10.00
0.030610,5.001771,0.497302,0.41783,10.00
0.030620,5.002303,0.495899,0.41769,10.00
0.030630,5.002765,0.494378,0.41767,10.00
0.030640,5.003156,0.492850,0.41772,10.00
0.030650,5.003319,0.491381,0.41780,10.00
0.030660,5.002800,0.490674,0.41870,10.00
0.030670,5.002276,0.490779,0.41918,10.00
0.030680,5.001771,0.491327,0.41942,10.00
0.030690,5.001301,0.492102,0.41953,10.00
0.030700,5.000767,0.492980,0.41955,10.00
0.030710,4.999870,0.494330,0.42005,10.00
0.030720,4.999052,0.496133,0.42026,10.00
0.030730,4.998326,0.498118,0.42029,10.00
0.030740,4.997693,0.500132,0.42023,10.00
0.030750,4.997401,0.502087,0.42013,10.00
0.030760,4.998157,0.502887,0.41875,10.00
0.030770,4.998910,0.502459,0.41802,10.00
0.030780,4.999621,0.501377,0.41767,10.00
0.030790,5.000270,0.499976,0.41753,10.00
0.030800,5.000746,0.498448,0.41752,10.00
0.030810,5.000752,0.497340,0.41808,10.00
0.030820,5.000722,0.496733,0.41841,10.00
0.030830,5.000674,0.496421,0.41860,10.00
0.030840,5.000616,0.496280,0.41871,10.00
0.030850,5.000520,0.496238,0.41877,10.00
0.030860,5.000287,0.496404,0.41898,10.00
0.030870,5.000067,0.496760,0.41908,10.00
0.030880,4.999868,0.497206,0.41912,10.00
0.030890,4.999691,0.497687,0.41912,10.00
0.030900,4.999750,0.498169,0.41910,10.00
0.030910,5.000665,0.497724,0.41800,10.00
0.030920,5.001527,0.496298,0.41745,10.00
0.030930,5.002306,0.494394,0.41723,10.00
0.030940,5.002988,0.492302,0.41719,10.00
0.030950,5.003421,0.490186,0.41725,10.00
0.030960,5.003170,0.488781,0.41812,10.00
0.030970,5.002880,0.488167,0.41862,10.00
0.030980,5.002576,0.488011,0.41890,10.00
0.030990,5.002274,0.488116,0.41904,10.00
0.031000,5.001928,0.488369,0.41911,10.00
0.031010,5.001383,0.488934,0.41942,10.00
0.031020,5.000874,0.489782,0.41955,10.00
0.031030,5.000411,0.490759,0.41959,10.00
0.031040,4.999995,0.491776,0.41957,10.00
0.031050,4.999733,0.492783,0.41952,10.00
0.031060,4.999931,0.493299,0.41892,10.00
0.031070,5.000137,0.493287,0.41860,10.00
0.031080,5.000332,0.492991,0.41844,10.00
0.031090,5.000509,0.492555,0.41837,10.00
0.031100,5.000465,0.492058,0.41835,10.00
0.031110,4.999623,0.492396,0.41936,10.00
0.031120,4.998827,0.493634,0.41986,10.00
0.031130,4.998104,0.495315,0.42007,10.00
0.031140,4.997467,0.497175,0.42011,10.00
0.031150,4.997096,0.499065,0.42006,10.00
0.031160,4.997506,0.500140,0.41906,10.00
0.031170,4.997938,0.500318,0.41851,10.00
0.031180,4.998360,0.500000,0.41823,10.00
0.031190,4.998759,0.499419,0.41810,10.00
0.031200,4.999174,0.498710,0.41805,10.00
0.031210,4.999744,0.497747,0.41781,10.00
0.031220,5.000262,0.496563,0.41772,10.00
0.031230,5.000721,0.495300,0.41772,10.00
0.031240,5.001120,0.494039,0.41777,10.00
0.031250,5.001393,0.492824,0.41785,10.00
0.031260,5.001344,0.491972,0.41828,10.00
0.031270,5.001267,0.491508,0.41853,10.00
0.031280,5.001177,0.491273,0.41867,10.00
0.031290,5.001081,0.491175,0.41876,10.00
0.031300,5.000901,0.491159,0.41880,10.00
0.031310,5.000407,0.491536,0.41924,10.00
0.031320,4.999944,0.492304,0.41944,10.00
0.031330,4.999523,0.493259,0.41952,10.00
0.031340,4.999150,0.494282,0.41952,10.00
0.031350,4.998798,0.495308,0.41948,10.00
0.031360,4.998386,0.496413,0.41956,10.00
0.031370,4.998029,0.497585,0.41956,10.00
0.031380,4.997726,0.498747,0.41952,10.00
0.031390,4.997476,0.499860,0.41945,10.00
0.031400,4.997362,0.500902,0.41937,10.00
0.031410,4.997625,0.501498,0.41886,10.00
0.031420,4.997901,0.501630,0.41858,10.00
0.031430,4.998174,0.501498,0.41843,10.00
0.031440,4.998435,0.501223,0.41836,10.00
0.031450,4.998937,0.500873,0.41833,10.00
0.031460,5.000418,0.499399,0.41704,10.00
0.031470,5.001791,0.496775,0.41644,10.00
0.031480,5.003023,0.493620,0.41623,10.00
0.031490,5.004101,0.490290,0.41625,10.00
0.031500,5.004890,0.486990,0.41639,10.00
0.031510,5.005015,0.484393,0.41725,10.00
0.031520,5.005045,0.482584,0.41779,10.00
0.031530,5.005006,0.481278,0.41813,10.00
0.031540,5.004918,0.480304,0.41836,10.00
0.031550,5.004661,0.479559,0.41851,10.00
0.031560,5.003862,0.479541,0.41928,10.00
0.031570,5.003086,0.480237,0.41968,10.00
0.031580,5.002356,0.481307,0.41985,10.00
0.031590,5.001684,0.482555,0.41990,10.00
0.031600,5.000806,0.483864,0.41988,10.00
0.031610,4.998950,0.486308,0.42117,10.00
0.031620,4.997248,0.489900,0.42173,10.00
0.031630,4.995732,0.493989,0.42188,10.00
0.031640,4.994413,0.498200,0.42179,10.00
0.031650,4.993762,0.502323,0.42159,10.00
0.031660,4.995139,0.504226,0.41894,10.00
0.031670,4.996527,0.503758,0.41753,10.00
0.031680,4.997850,0.502012,0.41683,10.00
0.031690,4.999068,0.499625,0.41654,10.00
0.031700,4.999992,0.496968,0.41648,10.00
0.031710,5.000120,0.494984,0.41742,10.00
0.031720,5.000182,0.493827,0.41797,10.00
0.031730,5.000205,0.493158,0.41830,10.00
0.031740,5.000206,0.492776,0.41849,10.00
0.031750,5.000382,0.492563,0.41860,10.00
0.031760,5.001283,0.491650,0.41771,10.00
0.031770,5.002115,0.489959,0.41730,10.00
0.031780,5.002855,0.487910,0.41716,10.00
0.031790,5.003495,0.485745,0.41716,10.00
0.031800,5.003578,0.483600,0.41725,10.00
0.031810,5.001784,0.483497,0.41968,10.00
0.031820,5.000058,0.485566,0.42092,10.00
0.031830,4.998467,0.488742,0.42147,10.00
0.031840,4.997042,0.492410,0.42163,10.00
0.031850,4.995784,0.496215,0.42157,10.00
0.031860,4.994663,0.500001,0.42145,10.00
0.031870,4.993715,0.503659,0.42124,10.00
0.031880,4.992932,0.507107,0.42099,10.00
0.031890,4.992303,0.510307,0.42074,10.00
0.031900,4.991698,0.513240,0.42048,10.00
0.031910,4.990771,0.516400,0.42083,10.00
0.031920,4.990000,0.519816,0.42088,10.00
0.031930,4.989387,0.523223,0.42077,10.00
0.031940,4.988929,0.526478,0.42059,10.00
0.031950,4.989050,0.529505,0.42036,10.00
0.031960,4.991003,0.530411,0.41793,10.00
0.031970,4.992923,0.529097,0.41666,10.00
0.031980,4.994739,0.526599,0.41606,10.00
0.031990,4.996417,0.523521,0.41585,10.00
0.032000,4.997973,0.520215,0.41586,10.00
0.032010,4.999499,0.516742,0.41582,10.00
0.032020,5.000859,0.513212,0.41593,10.00
0.032030,5.002054,0.509765,0.41612,10.00
0.032040,5.003092,0.506478,0.41635,10.00
0.032050,5.003826,0.503393,0.41659,10.00
0.032060,5.003817,0.501188,0.41761,10.00
0.032070,5.003735,0.499900,0.41821,10.00
0.032080,5.003611,0.499158,0.41856,10.00
0.032090,5.003463,0.498745,0.41877,10.00
0.032100,5.003512,0.498531,0.41889,10.00
0.032110,5.004367,0.497551,0.41791,10.00
0.032120,5.005148,0.495718,0.41745,10.00
0.032130,5.005831,0.493498,0.41728,10.00
0.032140,5.006406,0.491157,0.41728,10.00
0.032150,5.006504,0.488846,0.41738,10.00
0.032160,5.005060,0.488220,0.41937,10.00
0.032170,5.003648,0.489394,0.42041,10.00
0.032180,5.002323,0.491514,0.42089,10.00
0.032190,5.001114,0.494083,0.42106,10.00
0.032200,5.000236,0.496812,0.42104,10.00
0.032210,5.000277,0.498672,0.41991,10.00
0.032220,5.000374,0.499532,0.41926,10.00
0.032230,5.000492,0.499821,0.41890,10.00
0.032240,5.000613,0.499793,0.41870,10.00
0.032250,5.000742,0.499595,0.41861,10.00
0.032260,5.000912,0.499255,0.41849,10.00
0.032270,5.001063,0.498819,0.41845,10.00
0.032280,5.001193,0.498347,0.41844,10.00
0.032290,5.001300,0.497876,0.41846,10.00
0.032300,5.001495,0.497424,0.41849,10.00
0.032310,5.002095,0.496536,0.41797,10.00
0.032320,5.002638,0.495197,0.41774,10.00
0.032330,5.003111,0.493665,0.41767,10.00
0.032340,5.003512,0.492089,0.41770,10.00
0.032350,5.003493,0.490552,0.41777,10.00
0.032360,5.002058,0.490575,0.41962,10.00
0.032370,5.000678,0.492248,0.42055,10.00
0.032380,4.999406,0.494761,0.42096,10.00
0.032390,4.998266,0.497645,0.42108,10.00
0.032400,4.997618,0.500629,0.42102,10.00
0.032410,4.998486,0.502054,0.41909,10.00
0.032420,4.999365,0.501767,0.41806,10.00
0.032430,5.000199,0.500560,0.41755,10.00
0.032440,5.000961,0.498896,0.41734,10.00
0.032450,5.001604,0.497042,0.41729,10.00
0.032460,5.002029,0.495295,0.41751,10.00
0.032470,5.002378,0.493748,0.41769,10.00
0.032480,5.002659,0.492367,0.41784,10.00
0.032490,5.002881,0.491132,0.41797,10.00
0.032500,5.002864,0.490025,0.41808,10.00
0.032510,5.002081,0.489821,0.41911,10.00
0.032520,5.001320,0.490546,0.41964,10.00
0.032530,5.000610,0.491756,0.41989,10.00
0.032540,4.999964,0.493192,0.41996,10.00
0.032550,4.999530,0.494702,0.41995,10.00
0.032560,4.999719,0.495600,0.41917,10.00
0.032570,4.999927,0.495809,0.41874,10.00
0.032580,5.000133,0.495639,0.41851,10.00
0.032590,5.000324,0.495271,0.41841,10.00
0.032600,5.000375,0.494810,0.41837,10.00
0.032610,4.999936,0.494828,0.41897,10.00
0.032620,4.999516,0.495381,0.41928,10.00
0.032630,4.999130,0.496206,0.41941,10.00
0.032640,4.998788,0.497148,0.41945,10.00
0.032650,4.998569,0.498120,0.41943,10.00
0.032660,4.998700,0.498739,0.41899,10.00
0.032670,4.998847,0.498961,0.41874,10.00
0.032680,4.998997,0.498959,0.41861,10.00
0.032690,4.999142,0.498832,0.41854,10.00
0.032700,4.999260,0.498639,0.41851,10.00
0.032710,4.999291,0.498499,0.41860,10.00
0.032720,4.999318,0.498436,0.41865,10.00
0.032730,4.999343,0.498414,0.41868,10.00
0.032740,4.999367,0.498413,0.41869,10.00
0.032750,4.999249,0.498423,0.41870,10.00
0.032760,4.998575,0.499044,0.41943,10.00
0.032770,4.997951,0.500303,0.41977,10.00
0.032780,4.997395,0.501858,0.41990,10.00
0.032790,4.996917,0.503514,0.41990,10.00
0.032800,4.996771,0.505161,0.41984,10.00
0.032810,4.997694,0.505648,0.41846,10.00
0.032820,4.998598,0.504895,0.41773,10.00
0.032830,4.999445,0.503489,0.41740,10.00
0.032840,5.000215,0.501775,0.41728,10.00
0.032850,5.000770,0.499950,0.41728,10.00
0.032860,5.000729,0.498685,0.41802,10.00
0.032870,5.000650,0.498067,0.41844,10.00
0.032880,5.000555,0.497823,0.41867,10.00
0.032890,5.000455,0.497789,0.41880,10.00
0.032900,5.000552,0.497873,0.41887,10.00
0.032910,5.001415,0.497187,0.41791,10.00
0.032920,5.002218,0.495660,0.41746,10.00
0.032930,5.002935,0.493736,0.41728,10.00
0.032940,5.003558,0.491669,0.41727,10.00
0.032950,5.003789,0.489605,0.41734,10.00
0.032960,5.002780,0.488877,0.41894,10.00
0.032970,5.001785,0.489587,0.41979,10.00
0.032980,5.000848,0.491058,0.42019,10.00
0.032990,4.999994,0.492895,0.42033,10.00
0.033000,4.999279,0.494871,0.42034,10.00
0.033010,4.998843,0.496653,0.42002,10.00
0.033020,4.998482,0.498157,0.41980,10.00
0.033030,4.998185,0.499457,0.41963,10.00
0.033040,4.997943,0.500599,0.41949,10.00
0.033050,4.997615,0.501611,0.41938,10.00
0.033060,4.996802,0.503091,0.41997,10.00
0.033070,4.996074,0.505080,0.42021,10.00
0.033080,4.995446,0.507267,0.42026,10.00
0.033090,4.994922,0.509473,0.42019,10.00
0.033100,4.994620,0.511600,0.42008,10.00
0.033110,4.994891,0.513074,0.41932,10.00
0.033120,4.995208,0.513845,0.41887,10.00
0.033130,4.995545,0.514193,0.41862,10.00
0.033140,4.995889,0.514286,0.41848,10.00
0.033150,4.996146,0.514222,0.41840,10.00
0.033160,4.996062,0.514426,0.41879,10.00
0.033170,4.995998,0.514952,0.41898,10.00
0.033180,4.995962,0.515619,0.41906,10.00
0.033190,4.995958,0.516326,0.41907,10.00
0.033200,4.996209,0.517016,0.41905,10.00
0.033210,4.997363,0.516703,0.41788,10.00
0.033220,4.998466,0.515329,0.41729,10.00
0.033230,4.999486,0.513419,0.41705,10.00
0.033240,5.000407,0.511275,0.41700,10.00
0.033250,5.001249,0.509075,0.41705,10.00
0.033260,5.002079,0.506817,0.41704,10.00
0.033270,5.002803,0.504552,0.41712,10.00
0.033280,5.003423,0.502363,0.41725,10.00
0.033290,5.003943,0.500296,0.41740,10.00
0.033300,5.004387,0.498373,0.41755,10.00
0.033310,5.004806,0.496538,0.41762,10.00
0.033320,5.005142,0.494789,0.41773,10.00
0.033330,5.005400,0.493159,0.41785,10.00
0.033340,5.005586,0.491662,0.41798,10.00
0.033350,5.005796,0.490304,0.41810,10.00
0.033360,5.006291,0.488707,0.41777,10.00
0.033370,5.006703,0.486848,0.41766,10.00
0.033380,5.007027,0.484930,0.41768,10.00
0.033390,5.007264,0.483066,0.41776,10.00
0.033400,5.007013,0.481316,0.41788,10.00
0.033410,5.005109,0.481434,0.42005,10.00
0.033420,5.003278,0.483513,0.42115,10.00
0.033430,5.001579,0.486595,0.42163,10.00
0.033440,5.000041,0.490126,0.42175,10.00
0.033450,4.999038,0.493785,0.42168,10.00
0.033460,4.999623,0.495840,0.41967,10.00
0.033470,5.000247,0.496119,0.41857,10.00
0.033480,5.000851,0.495429,0.41800,10.00
0.033490,5.001407,0.494242,0.41774,10.00
0.033500,5.002035,0.492830,0.41766,10.00
0.033510,5.003121,0.490775,0.41698,10.00
0.033520,5.004091,0.488139,0.41672,10.00
0.033530,5.004930,0.485289,0.41669,10.00
0.033540,5.005636,0.482435,0.41679,10.00
0.033550,5.006022,0.479694,0.41694,10.00
0.033560,5.005549,0.477932,0.41809,10.00
0.033570,5.005029,0.477216,0.41873,10.00
0.033580,5.004497,0.477108,0.41909,10.00
0.033590,5.003972,0.477351,0.41928,10.00
0.033600,5.003356,0.477791,0.41937,10.00
0.033610,5.002338,0.478808,0.41995,10.00
0.033620,5.001386,0.480368,0.42021,10.00
0.033630,5.000517,0.482179,0.42028,10.00
0.033640,4.999737,0.484071,0.42025,10.00
0.033650,4.998902,0.485948,0.42017,10.00
0.033660,4.997598,0.488365,0.42078,10.00
0.033670,4.996426,0.491321,0.42099,10.00
0.033680,4.995399,0.494462,0.42099,10.00
0.033690,4.994519,0.497590,0.42087,10.00
0.033700,4.993823,0.500592,0.42069,10.00
0.033710,4.993419,0.503237,0.42028,10.00
0.033720,4.993126,0.505489,0.41997,10.00
0.033730,4.992928,0.507435,0.41972,10.00
0.033740,4.992812,0.509129,0.41953,10.00
0.033750,4.993086,0.510610,0.41936,10.00
0.033760,4.994658,0.510551,0.41761,10.00
0.033770,4.996174,0.508911,0.41673,10.00
0.033780,4.997584,0.506456,0.41634,10.00
0.033790,4.998866,0.503635,0.41624,10.00
0.033800,4.999964,0.500704,0.41629,10.00
0.033810,5.000746,0.498006,0.41666,10.00
0.033820,5.001411,0.495632,0.41696,10.00
0.033830,5.001973,0.493516,0.41719,10.00
0.033840,5.002442,0.491615,0.41739,10.00
0.033850,5.002814,0.489903,0.41757,10.00
0.033860,5.003057,0.488417,0.41780,10.00
0.033870,5.003237,0.487148,0.41797,10.00
0.033880,5.003363,0.486047,0.41810,10.00
0.033890,5.003442,0.485086,0.41822,10.00
0.033900,5.003202,0.484244,0.41831,10.00
0.033910,5.001841,0.484696,0.41980,10.00
0.033920,5.000545,0.486484,0.42054,10.00
0.033930,4.999357,0.488940,0.42085,10.00
0.033940,4.998294,0.491676,0.42091,10.00
0.033950,4.997620,0.494469,0.42084,10.00
0.033960,4.998078,0.496096,0.41939,10.00
0.033970,4.998571,0.496438,0.41860,10.00
0.033980,4.999056,0.496070,0.41818,10.00
0.033990,4.999511,0.495327,0.41798,10.00
0.034000,5.000034,0.494406,0.41791,10.00
0.034010,5.000935,0.492955,0.41736,10.00
0.034020,5.001752,0.491017,0.41714,10.00
0.034030,5.002471,0.488886,0.41710,10.00
0.034040,5.003089,0.486730,0.41716,10.00
0.034050,5.003634,0.484642,0.41728,10.00
0.034060,5.004189,0.482560,0.41728,10.00
0.034070,5.004648,0.480503,0.41736,10.00
0.034080,5.005013,0.478545,0.41748,10.00
0.034090,5.005292,0.476722,0.41762,10.00
0.034100,5.005311,0.475051,0.41776,10.00
0.034110,5.004559,0.474303,0.41881,10.00
0.034120,5.003805,0.474510,0.41936,10.00
0.034130,5.003079,0.475242,0.41964,10.00
0.034140,5.002398,0.476248,0.41976,10.00
0.034150,5.001486,0.477379,0.41978,10.00
0.034160,4.999527,0.479756,0.42118,10.00
0.034170,4.997722,0.483384,0.42180,10.00
0.034180,4.996108,0.487566,0.42197,10.00
0.034190,4.994695,0.491900,0.42190,10.00
0.034200,4.993610,0.496160,0.42170,10.00
0.034210,4.993208,0.499685,0.42080,10.00
0.034220,4.992945,0.502386,0.42021,10.00
0.034230,4.992789,0.504531,0.41981,10.00
0.034240,4.992720,0.506284,0.41952,10.00
0.034250,4.992817,0.507743,0.41931,10.00
0.034260,4.993340,0.508573,0.41867,10.00
0.034270,4.993880,0.508796,0.41831,10.00
0.034280,4.994418,0.508665,0.41812,10.00
0.034290,4.994942,0.508327,0.41803,10.00
0.034300,4.995686,0.507873,0.41799,10.00
0.034310,4.997346,0.506325,0.41677,10.00
0.034320,4.998895,0.503670,0.41621,10.00
0.034330,5.000301,0.500498,0.41602,10.00
0.034340,5.001551,0.497151,0.41605,10.00
0.034350,5.002330,0.493824,0.41619,10.00
0.034360,5.001732,0.491962,0.41797,10.00
0.034370,5.001100,0.491687,0.41895,10.00
0.034380,5.000483,0.492281,0.41946,10.00
0.034390,4.999910,0.493328,0.41969,10.00
0.034400,4.999452,0.494584,0.41977,10.00
0.034410,4.999288,0.495657,0.41946,10.00
0.034420,4.999166,0.496453,0.41926,10.00
0.034430,4.999075,0.497071,0.41913,10.00
0.034440,4.999010,0.497568,0.41904,10.00
0.034450,4.999291,0.497980,0.41897,10.00
0.034460,5.000863,0.496934,0.41727,10.00
0.034470,5.002336,0.494381,0.41645,10.00
0.034480,5.003665,0.491103,0.41613,10.00
0.034490,5.004830,0.487551,0.41609,10.00
0.034500,5.005565,0.483983,0.41621,10.00
0.034510,5.005116,0.481660,0.41773,10.00
0.034520,5.004604,0.480710,0.41859,10.00
0.034530,5.004074,0.480549,0.41907,10.00
0.034540,5.003552,0.480835,0.41931,10.00
0.034550,5.003034,0.481364,0.41943,10.00
0.034560,5.002477,0.482096,0.41956,10.00
0.034570,5.001960,0.482963,0.41960,10.00
0.034580,5.001486,0.483883,0.41959,10.00
0.034590,5.001056,0.484806,0.41955,10.00
0.034600,5.000909,0.485706,0.41949,10.00
0.034610,5.001735,0.485548,0.41822,10.00
0.034620,5.002516,0.484277,0.41758,10.00
0.034630,5.003221,0.482456,0.41731,10.00
0.034640,5.003832,0.480407,0.41724,10.00
0.034650,5.003930,0.478318,0.41729,10.00
0.034660,5.002317,0.478060,0.41949,10.00
0.034670,5.000757,0.479770,0.42061,10.00
0.034680,4.999312,0.482494,0.42112,10.00
0.034690,4.998011,0.485677,0.42127,10.00
0.034700,4.997049,0.488999,0.42123,10.00
0.034710,4.996959,0.491495,0.42015,10.00
0.034720,4.996955,0.493028,0.41951,10.00
0.034730,4.997004,0.493982,0.41913,10.00
0.034740,4.997085,0.494582,0.41890,10.00
0.034750,4.996997,0.494963,0.41876,10.00
0.034760,4.996181,0.496016,0.41963,10.00
0.034770,4.995439,0.497825,0.42003,10.00
0.034780,4.994793,0.499971,0.42017,10.00
0.034790,4.994250,0.502212,0.42015,10.00
0.034800,4.993926,0.504413,0.42006,10.00
0.034810,4.994146,0.506012,0.41935,10.00
0.034820,4.994419,0.506948,0.41893,10.00
0.034830,4.994721,0.507477,0.41868,10.00
0.034840,4.995039,0.507751,0.41853,10.00
0.034850,4.995372,0.507860,0.41844,10.00
0.034860,4.995742,0.507820,0.41834,10.00
0.034870,4.996105,0.507665,0.41829,10.00
0.034880,4.996458,0.507438,0.41827,10.00
0.034890,4.996797,0.507167,0.41827,10.00
0.034900,4.997350,0.506868,0.41828,10.00
0.034910,4.998775,0.505582,0.41714,10.00
0.034920,5.000106,0.503270,0.41661,10.00
0.034930,5.001310,0.500477,0.41643,10.00
0.034940,5.002378,0.497518,0.41644,10.00
0.034950,5.002997,0.494572,0.41656,10.00
0.034960,5.002280,0.493054,0.41830,10.00
0.034970,5.001542,0.493077,0.41923,10.00
0.034980,5.000833,0.493936,0.41971,10.00
0.034990,5.000180,0.495222,0.41991,10.00
0.035000,4.999774,0.496694,0.41997,10.00
0.035010,5.000145,0.497444,0.41902,10.00
0.035020,5.000524,0.497360,0.41852,10.00
0.035030,5.000884,0.496826,0.41826,10.00
0.035040,5.001212,0.496069,0.41815,10.00
0.035050,5.001355,0.495217,0.41813,10.00
0.035060,5.000889,0.494967,0.41888,10.00
0.035070,5.000433,0.495391,0.41928,10.00
0.035080,5.000010,0.496164,0.41946,10.00
0.035090,4.999628,0.497101,0.41952,10.00
0.035100,4.999482,0.498092,0.41952,10.00
0.035110,5.000124,0.498267,0.41852,10.00
0.035120,5.000744,0.497554,0.41800,10.00
0.035130,5.001316,0.496385,0.41777,10.00
0.035140,5.001825,0.495010,0.41769,10.00
0.035150,5.002122,0.493575,0.41771,10.00
0.035160,5.001781,0.492783,0.41851,10.00
0.035170,5.001427,0.492710,0.41895,10.00
0.035180,5.001083,0.493031,0.41917,10.00
0.035190,5.000762,0.493558,0.41927,10.00
0.035200,5.000205,0.494181,0.41931,10.00
0.035210,4.998653,0.495957,0.42063,10.00
0.035220,4.997224,0.498904,0.42123,10.00
0.035230,4.995951,0.502377,0.42142,10.00
0.035240,4.994847,0.506006,0.42139,10.00
0.035250,4.994413,0.509583,0.42123,10.00
0.035260,4.996096,0.510855,0.41848,10.00
0.035270,4.997757,0.509663,0.41703,10.00
0.035280,4.999317,0.507168,0.41634,10.00
0.035290,5.000738,0.504046,0.41609,10.00
0.035300,5.001798,0.500687,0.41608,10.00
0.035310,5.001895,0.498195,0.41724,10.00
0.035320,5.001909,0.496734,0.41793,10.00
0.035330,5.001875,0.495884,0.41833,10.00
0.035340,5.001812,0.495398,0.41857,10.00
0.035350,5.001626,0.495128,0.41870,10.00
0.035360,5.001007,0.495453,0.41933,10.00
0.035370,5.000422,0.496343,0.41964,10.00
0.035380,4.999889,0.497509,0.41976,10.00
0.035390,4.999414,0.498785,0.41978,10.00
0.035400,4.999154,0.500076,0.41974,10.00
0.035410,4.999550,0.500674,0.41890,10.00
0.035420,4.999949,0.500520,0.41844,10.00
0.035430,5.000328,0.499963,0.41822,10.00
0.035440,5.000674,0.499206,0.41813,10.00
0.035450,5.000764,0.498367,0.41811,10.00
0.035460,4.999970,0.498436,0.41923,10.00
0.035470,4.999212,0.499495,0.41979,10.00
0.035480,4.998521,0.501051,0.42004,10.00
0.035490,4.997910,0.502818,0.42010,10.00
0.035500,4.997674,0.504634,0.42007,10.00
0.035510,4.998658,0.505166,0.41851,10.00
0.035520,4.999620,0.504305,0.41769,10.00
0.035530,5.000517,0.502716,0.41731,10.00
0.035540,5.001328,0.500786,0.41718,10.00
0.035550,5.001959,0.498738,0.41719,10.00
0.035560,5.002169,0.497054,0.41769,10.00
0.035570,5.002315,0.495823,0.41801,10.00
0.035580,5.002412,0.494883,0.41822,10.00
0.035590,5.002472,0.494139,0.41836,10.00
0.035600,5.002409,0.493532,0.41846,10.00
0.035610,5.001963,0.493419,0.41900,10.00
0.035620,5.001529,0.493796,0.41928,10.00
0.035630,5.001121,0.494429,0.41941,10.00
0.035640,5.000747,0.495184,0.41945,10.00
0.035650,5.000403,0.495982,0.41944,10.00
0.035660,5.000068,0.496809,0.41944,10.00
0.035670,4.999772,0.497642,0.41941,10.00
0.035680,4.999515,0.498449,0.41937,10.00
0.035690,4.999294,0.499214,0.41931,10.00
0.035700,4.999378,0.499929,0.41926,10.00
0.035710,5.000542,0.499441,0.41784,10.00
0.035720,5.001641,0.497697,0.41714,10.00
0.035730,5.002638,0.495335,0.41685,10.00
0.035740,5.003516,0.492725,0.41679,10.00
0.035750,5.004007,0.490078,0.41686,10.00
0.035760,5.003354,0.488630,0.41833,10.00
0.035770,5.002676,0.488497,0.41913,10.00
0.035780,5.002017,0.489089,0.41954,10.00
0.035790,5.001399,0.490060,0.41972,10.00
0.035800,5.001027,0.491210,0.41978,10.00
0.035810,5.001468,0.491595,0.41879,10.00
0.035820,5.001898,0.491112,0.41827,10.00
0.035830,5.002291,0.490180,0.41803,10.00
0.035840,5.002633,0.489045,0.41794,10.00
0.035850,5.003002,0.487847,0.41794,10.00
0.035860,5.003631,0.486319,0.41757,10.00
0.035870,5.004179,0.484487,0.41745,10.00
0.035880,5.004638,0.482566,0.41746,10.00
0.035890,5.005009,0.480677,0.41753,10.00
0.035900,5.005185,0.478885,0.41765,10.00
0.035910,5.004855,0.477691,0.41833,10.00
0.035920,5.004490,0.477131,0.41872,10.00
0.035930,5.004113,0.476949,0.41894,10.00
0.035940,5.003736,0.476994,0.41906,10.00
0.035950,5.003147,0.477175,0.41912,10.00
0.035960,5.001717,0.478372,0.42026,10.00
0.035970,5.000377,0.480595,0.42079,10.00
0.035980,4.999159,0.483304,0.42098,10.00
0.035990,4.998075,0.486188,0.42097,10.00
0.036000,4.997436,0.489069,0.42085,10.00
0.036010,4.998128,0.490534,0.41913,10.00
0.036020,4.998839,0.490469,0.41820,10.00
0.036030,4.999520,0.489577,0.41773,10.00
0.036040,5.000144,0.488269,0.41753,10.00
0.036050,5.000504,0.486781,0.41748,10.00
0.036060,5.000029,0.486085,0.41850,10.00
0.036070,4.999552,0.486298,0.41904,10.00
0.036080,4.999100,0.486996,0.41931,10.00
0.036090,4.998689,0.487933,0.41942,10.00
0.036100,4.998250,0.488968,0.41944,10.00
0.036110,4.997566,0.490340,0.41980,10.00
0.036120,4.996956,0.492020,0.41993,10.00
0.036130,4.996428,0.493804,0.41993,10.00
0.036140,4.995984,0.495575,0.41986,10.00
0.036150,4.995663,0.497271,0.41976,10.00
0.036160,4.995585,0.498675,0.41942,10.00
0.036170,4.995561,0.499762,0.41920,10.00
0.036180,4.995581,0.500631,0.41905,10.00
0.036190,4.995635,0.501338,0.41893,10.00
0.036200,4.995817,0.501922,0.41885,10.00
0.036210,4.996407,0.501985,0.41828,10.00
0.036220,4.996982,0.501524,0.41799,10.00
0.036230,4.997526,0.500786,0.41786,10.00
0.036240,4.998029,0.499913,0.41783,10.00
0.036250,4.998384,0.498991,0.41784,10.00
0.036260,4.998284,0.498516,0.41841,10.00
0.036270,4.998177,0.498537,0.41872,10.00
0.036280,4.998079,0.498819,0.41888,10.00
0.036290,4.997999,0.499228,0.41894,10.00
0.036300,4.997894,0.499684,0.41896,10.00
0.036310,4.997634,0.500335,0.41918,10.00
0.036320,4.997411,0.501168,0.41927,10.00
0.036330,4.997228,0.502061,0.41928,10.00
0.036340,4.997087,0.502948,0.41925,10.00
0.036350,4.996846,0.503793,0.41920,10.00
0.036360,4.996098,0.505170,0.41985,10.00
0.036370,4.995433,0.507099,0.42012,10.00
0.036380,4.994865,0.509248,0.42019,10.00
0.036390,4.994398,0.511426,0.42014,10.00
0.036400,4.994239,0.513528,0.42003,10.00
0.036410,4.994983,0.514613,0.41884,10.00
0.036420,4.995740,0.514612,0.41819,10.00
0.036430,4.996477,0.514007,0.41786,10.00
0.036440,4.997173,0.513082,0.41772,10.00
0.036450,4.997696,0.512000,0.41768,10.00
0.036460,4.997685,0.511387,0.41832,10.00
0.036470,4.997661,0.511321,0.41867,10.00
0.036480,4.997643,0.511544,0.41885,10.00
0.036490,4.997640,0.511904,0.41893,10.00
0.036500,4.997700,0.512315,0.41895,10.00
0.036510,4.997958,0.512534,0.41872,10.00
0.036520,4.998218,0.512525,0.41859,10.00
0.036530,4.998473,0.512384,0.41852,10.00
0.036540,4.998718,0.512166,0.41849,10.00
0.036550,4.999115,0.511907,0.41848,10.00
0.036560,5.000138,0.510927,0.41766,10.00
0.036570,5.001089,0.509206,0.41728,10.00
0.036580,5.001948,0.507141,0.41715,10.00
0.036590,5.002705,0.504959,0.41716,10.00
0.036600,5.003435,0.502791,0.41725,10.00
0.036610,5.004355,0.500393,0.41700,10.00
0.036620,5.005155,0.497787,0.41696,10.00
0.036630,5.005833,0.495168,0.41705,10.00
0.036640,5.006392,0.492645,0.41719,10.00
0.036650,5.006672,0.490274,0.41736,10.00
0.036660,5.006208,0.488784,0.41836,10.00
0.036670,5.005705,0.488217,0.41893,10.00
0.036680,5.005194,0.488187,0.41924,10.00
0.036690,5.004693,0.488462,0.41940,10.00
0.036700,5.004149,0.488908,0.41947,10.00
0.036710,5.003382,0.489714,0.41981,10.00
0.036720,5.002665,0.490846,0.41996,10.00
0.036730,5.002008,0.492125,0.41998,10.00
0.036740,5.001412,0.493447,0.41995,10.00
0.036750,5.001032,0.494754,0.41988,10.00
0.036760,5.001306,0.495361,0.41903,10.00
0.036770,5.001585,0.495221,0.41857,10.00
0.036780,5.001844,0.494687,0.41835,10.00
0.036790,5.002073,0.493962,0.41825,10.00
0.036800,5.002325,0.493166,0.41824,10.00
0.036810,5.002777,0.492104,0.41795,10.00
0.036820,5.003172,0.490804,0.41785,10.00
0.036830,5.003503,0.489427,0.41784,10.00
0.036840,5.003770,0.488066,0.41789,10.00
0.036850,5.003737,0.486772,0.41797,10.00
0.036860,5.002716,0.486588,0.41927,10.00
0.036870,5.001725,0.487575,0.41994,10.00
0.036880,5.000802,0.489168,0.42024,10.00
0.036890,4.999963,0.491042,0.42033,10.00
0.036900,4.999251,0.493007,0.42031,10.00
0.036910,4.998764,0.494809,0.42005,10.00
0.036920,4.998355,0.496382,0.41985,10.00
0.036930,4.998014,0.497775,0.41969,10.00
0.036940,4.997734,0.499019,0.41955,10.00
0.036950,4.997347,0.500136,0.41944,10.00
0.036960,4.996386,0.501821,0.42014,10.00
0.036970,4.995525,0.504117,0.42044,10.00
0.036980,4.994779,0.506655,0.42050,10.00
0.036990,4.994153,0.509223,0.42043,10.00
0.037000,4.994015,0.511704,0.42030,10.00
0.037010,4.995432,0.512455,0.41826,10.00
0.037020,4.996824,0.511374,0.41720,10.00
0.037030,4.998131,0.509325,0.41670,10.00
0.037040,4.999325,0.506813,0.41653,10.00
0.037050,5.000176,0.504130,0.41653,10.00
0.037060,5.000051,0.502372,0.41774,10.00
0.037070,4.999878,0.501676,0.41842,10.00
0.037080,4.999692,0.501576,0.41879,10.00
0.037090,4.999511,0.501800,0.41898,10.00
0.037100,4.999486,0.502190,0.41907,10.00
0.037110,5.000025,0.502060,0.41839,10.00
0.037120,5.000538,0.501328,0.41805,10.00
0.037130,5.001006,0.500297,0.41791,10.00
0.037140,5.001422,0.499139,0.41788,10.00
0.037150,5.001732,0.497955,0.41790,10.00
0.037160,5.001796,0.497010,0.41821,10.00
0.037170,5.001824,0.496346,0.41840,10.00
0.037180,5.001828,0.495860,0.41853,10.00
0.037190,5.001813,0.495493,0.41861,10.00
0.037200,5.001781,0.495207,0.41866,10.00
0.037210,5.001732,0.494987,0.41871,10.00
0.037220,5.001675,0.494820,0.41874,10.00
0.037230,5.001611,0.494692,0.41877,10.00
0.037240,5.001542,0.494594,0.41878,10.00
0.037250,5.001532,0.494521,0.41880,10.00
0.037260,5.001758,0.494206,0.41850,10.00
0.037270,5.001962,0.493636,0.41836,10.00
0.037280,5.002135,0.492952,0.41831,10.00
0.037290,5.002275,0.492236,0.41831,10.00
0.037300,5.002288,0.491534,0.41834,10.00
0.037310,5.001903,0.491272,0.41886,10.00
0.037320,5.001523,0.491481,0.41913,10.00
0.037330,5.001160,0.491943,0.41926,10.00
0.037340,5.000825,0.492532,0.41931,10.00
0.037350,5.000471,0.493173,0.41931,10.00
0.037360,4.999960,0.494030,0.41953,10.00
0.037370,4.999497,0.495085,0.41961,10.00
0.037380,4.999086,0.496214,0.41961,10.00
0.037390,4.998728,0.497343,0.41957,10.00
0.037400,4.998408,0.498431,0.41950,10.00
0.037410,4.998077,0.499521,0.41951,10.00
0.037420,4.997798,0.500605,0.41946,10.00
0.037430,4.997568,0.501644,0.41940,10.00
0.037440,4.997385,0.502616,0.41933,10.00
0.037450,4.997182,0.503513,0.41926,10.00
0.037460,4.996779,0.504593,0.41950,10.00
0.037470,4.996432,0.505869,0.41958,10.00
0.037480,4.996147,0.507198,0.41957,10.00
0.037490,4.995923,0.508498,0.41951,10.00
0.037500,4.996072,0.509727,0.41943,10.00
0.037510,4.997504,0.509518,0.41775,10.00
0.037520,4.998875,0.507801,0.41691,10.00
0.037530,5.000140,0.505318,0.41654,10.00
0.037540,5.001275,0.502503,0.41645,10.00
0.037550,5.002077,0.499604,0.41651,10.00
0.037560,5.001972,0.497605,0.41766,10.00
0.037570,5.001806,0.496623,0.41831,10.00
0.037580,5.001614,0.496230,0.41868,10.00
0.037590,5.001414,0.496172,0.41888,10.00
0.037600,5.001174,0.496302,0.41899,10.00
0.037610,5.000767,0.496725,0.41927,10.00
0.037620,5.000388,0.497399,0.41939,10.00
0.037630,5.000046,0.498188,0.41943,10.00
0.037640,4.999742,0.499012,0.41942,10.00
0.037650,4.999673,0.499828,0.41938,10.00
0.037660,5.000408,0.499771,0.41834,10.00
0.037670,5.001110,0.498790,0.41781,10.00
0.037680,5.001750,0.497345,0.41758,10.00
0.037690,5.002316,0.495701,0.41752,10.00
0.037700,5.002655,0.494011,0.41755,10.00
0.037710,5.002338,0.492991,0.41838,10.00
0.037720,5.001999,0.492719,0.41884,10.00
0.037730,5.001661,0.492867,0.41908,10.00
0.037740,5.001338,0.493242,0.41920,10.00
0.037750,5.001097,0.493733,0.41925,10.00
0.037760,5.001116,0.494018,0.41895,10.00
0.037770,5.001139,0.494046,0.41879,10.00
0.037780,5.001161,0.493940,0.41870,10.00
0.037790,5.001175,0.493767,0.41867,10.00
0.037800,5.001042,0.493569,0.41865,10.00
0.037810,5.000359,0.493960,0.41936,10.00
0.037820,4.999716,0.494978,0.41970,10.00
0.037830,4.999131,0.496303,0.41983,10.00
0.037840,4.998612,0.497747,0.41985,10.00
0.037850,4.998177,0.499205,0.41980,10.00
0.037860,4.997865,0.500555,0.41965,10.00
0.037870,4.997612,0.501762,0.41952,10.00
0.037880,4.997411,0.502845,0.41941,10.00
0.037890,4.997257,0.503817,0.41931,10.00
0.037900,4.997340,0.504688,0.41923,10.00
0.037910,4.998218,0.504638,0.41817,10.00
0.037920,4.999061,0.503636,0.41763,10.00
0.037930,4.999840,0.502149,0.41740,10.00
0.037940,5.000541,0.500447,0.41733,10.00
0.037950,5.001089,0.498687,0.41737,10.00
0.037960,5.001277,0.497261,0.41781,10.00
0.037970,5.001410,0.496232,0.41809,10.00
0.037980,5.001503,0.495456,0.41827,10.00
0.037990,5.001566,0.494847,0.41840,10.00
0.038000,5.001427,0.494354,0.41848,10.00
0.038010,5.000582,0.494696,0.41943,10.00
0.038020,4.999782,0.495889,0.41990,10.00
0.038030,4.999051,0.497501,0.42010,10.00
0.038040,4.998403,0.499285,0.42013,10.00
0.038050,4.998064,0.501098,0.42008,10.00
0.038060,4.998681,0.501905,0.41886,10.00
0.038070,4.999301,0.501619,0.41820,10.00
0.038080,4.999887,0.500748,0.41788,10.00
0.038090,5.000422,0.499588,0.41775,10.00
0.038100,5.000920,0.498312,0.41773,10.00
0.038110,5.001441,0.496926,0.41766,10.00
0.038120,5.001894,0.495482,0.41768,10.00
0.038130,5.002280,0.494059,0.41774,10.00
0.038140,5.002602,0.492703,0.41783,10.00
0.038150,5.002783,0.491436,0.41793,10.00
0.038160,5.002597,0.490608,0.41843,10.00
0.038170,5.002388,0.490239,0.41871,10.00
0.038180,5.002171,0.490138,0.41887,10.00
0.038190,5.001955,0.490194,0.41896,10.00
0.038200,5.001819,0.490340,0.41900,10.00
0.038210,5.001983,0.490218,0.41864,10.00
0.038220,5.002131,0.489792,0.41846,10.00
0.038230,5.002255,0.489222,0.41839,10.00
0.038240,5.002351,0.488602,0.41838,10.00
0.038250,5.002146,0.487984,0.41839,10.00
0.038260,5.000856,0.488553,0.41980,10.00
0.038270,4.999635,0.490379,0.42049,10.00
0.038280,4.998521,0.492826,0.42077,10.00
0.038290,4.997530,0.495524,0.42082,10.00
0.038300,4.997007,0.498262,0.42074,10.00
0.038310,4.997926,0.499483,0.41889,10.00
0.038320,4.998849,0.499054,0.41791,10.00
0.038330,4.999722,0.497744,0.41742,10.00
0.038340,5.000518,0.496000,0.41723,10.00
0.038350,5.000751,0.494081,0.41720,10.00
0.038360,4.999045,0.494158,0.41965,10.00
0.038370,4.997414,0.496407,0.42089,10.00
0.038380,4.995925,0.499750,0.42144,10.00
0.038390,4.994610,0.503564,0.42158,10.00
0.038400,4.994037,0.507489,0.42151,10.00
0.038410,4.995827,0.508939,0.41850,10.00
0.038420,4.997595,0.507693,0.41691,10.00
0.038430,4.999256,0.505022,0.41615,10.00
0.038440,5.000767,0.501665,0.41587,10.00
0.038450,5.001807,0.498049,0.41586,10.00
0.038460,5.001488,0.495717,0.41753,10.00
0.038470,5.001109,0.494865,0.41846,10.00
0.038480,5.000717,0.494847,0.41897,10.00
0.038490,5.000340,0.495282,0.41923,10.00
0.038500,4.999889,0.495949,0.41934,10.00
0.038510,4.999081,0.497151,0.41988,10.00
0.038520,4.998346,0.498831,0.42011,10.00
0.038530,4.997696,0.500711,0.42016,10.00
0.038540,4.997135,0.502629,0.42012,10.00
0.038550,4.997043,0.504495,0.42002,10.00
0.038560,4.998511,0.504645,0.41799,10.00
0.038570,4.999926,0.502979,0.41695,10.00
0.038580,5.001230,0.500385,0.41648,10.00
0.038590,5.002399,0.497378,0.41635,10.00
0.038600,5.003282,0.494253,0.41639,10.00
0.038610,5.003474,0.491774,0.41724,10.00
0.038620,5.003575,0.490061,0.41777,10.00
0.038630,5.003611,0.488831,0.41810,10.00
0.038640,5.003601,0.487915,0.41832,10.00
0.038650,5.003549,0.487210,0.41846,10.00
0.038660,5.003445,0.486681,0.41860,10.00
0.038670,5.003322,0.486290,0.41868,10.00
0.038680,5.003185,0.485999,0.41874,10.00
0.038690,5.003037,0.485782,0.41879,10.00
0.038700,5.002785,0.485624,0.41882,10.00
0.038710,5.002150,0.485926,0.41933,10.00
0.038720,5.001545,0.486699,0.41958,10.00
0.038730,5.000985,0.487708,0.41968,10.00
0.038740,5.000477,0.488817,0.41969,10.00
0.038750,4.999892,0.489946,0.41965,10.00
0.038760,4.998856,0.491602,0.42025,10.00
0.038770,4.997915,0.493786,0.42049,10.00
0.038780,4.997085,0.496180,0.42052,10.00
0.038790,4.996367,0.498599,0.42045,10.00
0.038800,4.995805,0.500942,0.42032,10.00
0.038810,4.995517,0.502969,0.41995,10.00
0.038820,4.995312,0.504644,0.41968,10.00
0.038830,4.995177,0.506060,0.41948,10.00
0.038840,4.995101,0.507272,0.41932,10.00
0.038850,4.995008,0.508320,0.41920,10.00
0.038860,4.994690,0.509520,0.41944,10.00
0.038870,4.994435,0.510905,0.41951,10.00
0.038880,4.994244,0.512325,0.41950,10.00
0.038890,4.994118,0.513698,0.41944,10.00
0.038900,4.994356,0.514981,0.41935,10.00
0.038910,4.995834,0.514857,0.41772,10.00
0.038920,4.997255,0.513259,0.41690,10.00
0.038930,4.998575,0.510904,0.41654,10.00
0.038940,4.999772,0.508212,0.41645,10.00
0.038950,5.000693,0.505422,0.41650,10.00
0.038960,5.000920,0.503288,0.41737,10.00
0.038970,5.001072,0.501915,0.41789,10.00
0.038980,5.001175,0.501000,0.41820,10.00
0.038990,5.001243,0.500365,0.41839,10.00
0.039000,5.001083,0.499905,0.41852,10.00
0.039010,5.000108,0.500428,0.41963,10.00
0.039020,4.999191,0.501937,0.42017,10.00
0.039030,4.998362,0.503926,0.42039,10.00
0.039040,4.997632,0.506102,0.42042,10.00
0.039050,4.997125,0.508298,0.42036,10.00
0.039060,4.997184,0.509912,0.41963,10.00
0.039070,4.997298,0.510869,0.41921,10.00
0.039080,4.997442,0.511429,0.41895,10.00
0.039090,4.997605,0.511744,0.41880,10.00
0.039100,4.997757,0.511907,0.41871,10.00
0.039110,4.997834,0.512058,0.41876,10.00
0.039120,4.997919,0.512234,0.41877,10.00
0.039130,4.998011,0.512408,0.41878,10.00
0.039140,4.998110,0.512567,0.41877,10.00
0.039150,4.998485,0.512704,0.41876,10.00
0.039160,4.999913,0.511668,0.41739,10.00
0.039170,5.001251,0.509407,0.41673,10.00
0.039180,5.002463,0.506558,0.41648,10.00
0.039190,5.003533,0.503490,0.41646,10.00
0.039200,5.004394,0.500413,0.41657,10.00
0.039210,5.004865,0.497718,0.41707,10.00
0.039220,5.005224,0.495479,0.41742,10.00
0.039230,5.005489,0.493575,0.41769,10.00
0.039240,5.005674,0.491932,0.41789,10.00
0.039250,5.005937,0.490501,0.41806,10.00
0.039260,5.006713,0.488621,0.41746,10.00
0.039270,5.007385,0.486240,0.41723,10.00
0.039280,5.007941,0.483691,0.41720,10.00
0.039290,5.008378,0.481159,0.41729,10.00
0.039300,5.008421,0.478747,0.41743,10.00
0.039310,5.007264,0.477703,0.41901,10.00
0.039320,5.006108,0.478108,0.41985,10.00
0.039330,5.004999,0.479303,0.42027,10.00
0.039340,5.003961,0.480906,0.42043,10.00
0.039350,5.003162,0.482690,0.42046,10.00
0.039360,5.003057,0.483861,0.41962,10.00
0.039370,5.002985,0.484314,0.41915,10.00
0.039380,5.002921,0.484375,0.41889,10.00
0.039390,5.002855,0.484234,0.41876,10.00
0.039400,5.002578,0.483999,0.41870,10.00
0.039410,5.001503,0.484593,0.41971,10.00
0.039420,5.000486,0.486091,0.42019,10.00
0.039430,4.999556,0.488034,0.42038,10.00
0.039440,4.998723,0.490154,0.42040,10.00
0.039450,4.998028,0.492299,0.42034,10.00
0.039460,4.997574,0.494227,0.42004,10.00
0.039470,4.997203,0.495885,0.41981,10.00
0.039480,4.996902,0.497335,0.41963,10.00
0.039490,4.996664,0.498617,0.41949,10.00
0.039500,4.996518,0.499758,0.41936,10.00
0.039510,4.996561,0.500620,0.41908,10.00
0.039520,4.996636,0.501211,0.41890,10.00
0.039530,4.996732,0.501627,0.41878,10.00
0.039540,4.996843,0.501924,0.41871,10.00
0.039550,4.996967,0.502139,0.41866,10.00
0.039560,4.997106,0.502285,0.41862,10.00
0.039570,4.997250,0.502375,0.41859,10.00
0.039580,4.997396,0.502424,0.41857,10.00
0.039590,4.997543,0.502442,0.41856,10.00
0.039600,4.997505,0.502436,0.41855,10.00
0.039610,4.996748,0.503192,0.41948,10.00
0.039620,4.996054,0.504753,0.41992,10.00
0.039630,4.995445,0.506685,0.42008,10.00
0.039640,4.994930,0.508739,0.42009,10.00
0.039650,4.994499,0.510776,0.42001,10.00
0.039660,4.994120,0.512762,0.41995,10.00
0.039670,4.993830,0.514661,0.41984,10.00
0.039680,4.993624,0.516430,0.41971,10.00
0.039690,4.993495,0.518047,0.41958,10.00
0.039700,4.993650,0.519507,0.41945,10.00
0.039710,4.994701,0.519899,0.41824,10.00
0.039720,4.995733,0.519185,0.41761,10.00
0.039730,4.996710,0.517880,0.41732,10.00
0.039740,4.997615,0.516285,0.41722,10.00
0.039750,4.998258,0.514575,0.41723,10.00
0.039760,4.998115,0.513623,0.41821,10.00
0.039770,4.997954,0.513521,0.41875,10.00
0.039780,4.997803,0.513873,0.41902,10.00
0.039790,4.997675,0.514449,0.41914,10.00
0.039800,4.997520,0.515117,0.41918,10.00
0.039810,4.997174,0.516043,0.41946,10.00
0.039820,4.996879,0.517198,0.41957,10.00
0.039830,4.996641,0.518425,0.41958,10.00
0.039840,4.996458,0.519637,0.41953,10.00
0.039850,4.996591,0.520784,0.41946,10.00
0.039860,4.997786,0.520735,0.41807,10.00
0.039870,4.998937,0.519428,0.41736,10.00
0.039880,5.000004,0.517475,0.41705,10.00
0.039890,5.000969,0.515233,0.41696,10.00
0.039900,5.001857,0.512907,0.41701,10.00
0.039910,5.002763,0.510476,0.41695,10.00
0.039920,5.003553,0.507997,0.41701,10.00
0.039930,5.004229,0.505582,0.41714,10.00
0.039940,5.004795,0.503290,0.41730,10.00
0.039950,5.005280,0.501154,0.41746,10.00
0.039960,5.005754,0.499093,0.41752,10.00
0.039970,5.006135,0.497107,0.41763,10.00
0.039980,5.006427,0.495245,0.41776,10.00
0.039990,5.006637,0.493529,0.41790,10.00
0.040000,5.006743,0.491968,0.41803,10.00
0.040010,5.006668,0.490687,0.41831,10.00
0.040020,5.006543,0.489688,0.41850,10.00
0.040030,5.006379,0.488894,0.41864,10.00
0.040040,5.006184,0.488257,0.41874,10.00
0.040050,5.006137,0.487746,0.41881,10.00
0.040060,5.006742,0.486605,0.41800,10.00
0.040070,5.007272,0.484784,0.41763,10.00
0.040080,5.007708,0.482679,0.41752,10.00
0.040090,5.008044,0.480515,0.41754,10.00
0.040100,5.008227,0.478418,0.41764,10.00
0.040110,5.008098,0.476693,0.41805,10.00
0.040120,5.007905,0.475382,0.41833,10.00
0.040130,5.007660,0.474367,0.41852,10.00
0.040140,5.007378,0.473573,0.41866,10.00
0.040150,5.007073,0.472951,0.41876,10.00
0.040160,5.006779,0.472434,0.41880,10.00
0.040170,5.006465,0.471995,0.41884,10.00
0.040180,5.006134,0.471639,0.41888,10.00
0.040190,5.005792,0.471363,0.41892,10.00
0.040200,5.005202,0.471163,0.41895,10.00
0.040210,5.003681,0.472046,0.42017,10.00
0.040220,5.002241,0.474052,0.42076,10.00
0.040230,5.000914,0.476612,0.42099,10.00
0.040240,4.999717,0.479397,0.42101,10.00
0.040250,4.998721,0.482215,0.42091,10.00
0.040260,4.998120,0.484670,0.42042,10.00
0.040270,4.997621,0.486690,0.42007,10.00
0.040280,4.997208,0.488405,0.41982,10.00
0.040290,4.996867,0.489895,0.41963,10.00
0.040300,4.996735,0.491208,0.41948,10.00
0.040310,4.997217,0.491766,0.41862,10.00
0.040320,4.997699,0.491561,0.41817,10.00
0.040330,4.998158,0.490947,0.41795,10.00
0.040340,4.998581,0.490129,0.41786,10.00
0.040350,4.998913,0.489229,0.41785,10.00
0.040360,4.999009,0.488524,0.41813,10.00
0.040370,4.999079,0.488064,0.41830,10.00
0.040380,4.999133,0.487753,0.41840,10.00
0.040390,4.999174,0.487533,0.41847,10.00
0.040400,4.999029,0.487371,0.41851,10.00
0.040410,4.998182,0.488008,0.41944,10.00
0.040420,4.997391,0.489467,0.41989,10.00
0.040430,4.996682,0.491318,0.42006,10.00
0.040440,4.996065,0.493313,0.42008,10.00
0.040450,4.995664,0.495310,0.42001,10.00
0.040460,4.995829,0.496712,0.41929,10.00
0.040470,4.996038,0.497453,0.41886,10.00
0.040480,4.996268,0.497802,0.41862,10.00
0.040490,4.996505,0.497916,0.41849,10.00
0.040500,4.996423,0.497892,0.41841,10.00
0.040510,4.995089,0.499148,0.41999,10.00
0.040520,4.993859,0.501782,0.42075,10.00
0.040530,4.992774,0.505057,0.42103,10.00
0.040540,4.991849,0.508549,0.42104,10.00
0.040550,4.991136,0.512018,0.42092,10.00
0.040560,4.990771,0.515123,0.42047,10.00
0.040570,4.990536,0.517786,0.42013,10.00
0.040580,4.990413,0.520090,0.41985,10.00
0.040590,4.990386,0.522093,0.41962,10.00
0.040600,4.990509,0.523835,0.41942,10.00
0.040610,4.990955,0.525070,0.41893,10.00
0.040620,4.991442,0.525808,0.41862,10.00
0.040630,4.991950,0.526223,0.41844,10.00
0.040640,4.992469,0.526421,0.41833,10.00
0.040650,4.993200,0.526467,0.41826,10.00
0.040660,4.994745,0.525508,0.41717,10.00
0.040670,4.996210,0.523531,0.41664,10.00
0.040680,4.997563,0.521052,0.41645,10.00
0.040690,4.998791,0.518370,0.41645,10.00
0.040700,4.999935,0.515658,0.41654,10.00
0.040710,5.001126,0.512826,0.41647,10.00
0.040720,5.002180,0.509918,0.41654,10.00
0.040730,5.003099,0.507068,0.41669,10.00
0.040740,5.003887,0.504348,0.41687,10.00
0.040750,5.004365,0.501797,0.41706,10.00
0.040760,5.003998,0.500232,0.41821,10.00
0.040770,5.003591,0.499696,0.41885,10.00
0.040780,5.003179,0.499743,0.41919,10.00
0.040790,5.002781,0.500110,0.41937,10.00
0.040800,5.002186,0.500644,0.41944,10.00
0.040810,5.000762,0.502194,0.42057,10.00
0.040820,4.999444,0.504750,0.42108,10.00
0.040830,4.998263,0.507763,0.42124,10.00
0.040840,4.997228,0.510914,0.42121,10.00
0.040850,4.996693,0.514025,0.42107,10.00
0.040860,4.997672,0.515495,0.41910,10.00
0.040870,4.998662,0.515203,0.41804,10.00
0.040880,4.999605,0.513960,0.41752,10.00
0.040890,5.000474,0.512238,0.41730,10.00
0.040900,5.001371,0.510312,0.41725,10.00
0.040910,5.002628,0.507844,0.41671,10.00
0.040920,5.003753,0.504899,0.41653,10.00
0.040930,5.004735,0.501803,0.41655,10.00
0.040940,5.005572,0.498739,0.41668,10.00
0.040950,5.005919,0.495810,0.41686,10.00
0.040960,5.004768,0.494561,0.41884,10.00
0.040970,5.003618,0.495088,0.41989,10.00
0.040980,5.002525,0.496568,0.42040,10.00
0.040990,5.001519,0.498521,0.42061,10.00
0.041000,5.000707,0.500671,0.42064,10.00
0.041010,5.000369,0.502450,0.42009,10.00
0.041020,5.000099,0.503750,0.41974,10.00
0.041030,4.999880,0.504747,0.41952,10.00
0.041040,4.999703,0.505546,0.41936,10.00
0.041050,4.999737,0.506208,0.41926,10.00
0.041060,5.000496,0.506009,0.41827,10.00
0.041070,5.001217,0.504938,0.41778,10.00
0.041080,5.001873,0.503431,0.41757,10.00
0.041090,5.002453,0.501744,0.41752,10.00
0.041100,5.002798,0.500022,0.41756,10.00
0.041110,5.002467,0.498998,0.41842,10.00
0.041120,5.002114,0.498747,0.41890,10.00
0.041130,5.001764,0.498929,0.41915,10.00
0.041140,5.001431,0.499344,0.41927,10.00
0.041150,5.001197,0.499875,0.41931,10.00
0.041160,5.001284,0.500134,0.41894,10.00
0.041170,5.001372,0.500066,0.41873,10.00
0.041180,5.001452,0.499827,0.41863,10.00
0.041190,5.001519,0.499507,0.41859,10.00
0.041200,5.001393,0.499160,0.41858,10.00
0.041210,5.000566,0.499564,0.41948,10.00
0.041220,4.999785,0.500769,0.41992,10.00
0.041230,4.999073,0.502368,0.42010,10.00
0.041240,4.998443,0.504125,0.42013,10.00
0.041250,4.998110,0.505903,0.42008,10.00
0.041260,4.998691,0.506717,0.41890,10.00
0.041270,4.999276,0.506483,0.41828,10.00
0.041280,4.999832,0.505686,0.41797,10.00
0.041290,5.000340,0.504611,0.41784,10.00
0.041300,5.000951,0.503420,0.41782,10.00
0.041310,5.002121,0.501536,0.41705,10.00
0.041320,5.003179,0.498981,0.41674,10.00
0.041330,5.004108,0.496157,0.41667,10.00
0.041340,5.004903,0.493293,0.41675,10.00
0.041350,5.005343,0.490518,0.41690,10.00
0.041360,5.004783,0.488856,0.41822,10.00
0.041370,5.004186,0.488387,0.41895,10.00
0.041380,5.003590,0.488592,0.41934,10.00
0.041390,5.003017,0.489169,0.41953,10.00
0.041400,5.002675,0.489938,0.41960,10.00
0.041410,5.003138,0.489959,0.41862,10.00
0.041420,5.003575,0.489131,0.41812,10.00
0.041430,5.003959,0.487885,0.41790,10.00
0.041440,5.004280,0.486467,0.41784,10.00
0.041450,5.004256,0.485020,0.41786,10.00
0.041460,5.003079,0.484808,0.41934,10.00
0.041470,5.001938,0.485928,0.42010,10.00
0.041480,5.000873,0.487742,0.42044,10.00
0.041490,4.999906,0.489876,0.42055,10.00
0.041500,4.999217,0.492115,0.42052,10.00
0.041510,4.999314,0.493594,0.41954,10.00
0.041520,4.999453,0.494208,0.41899,10.00
0.041530,4.999604,0.494335,0.41869,10.00
0.041540,4.999753,0.494195,0.41853,10.00
0.041550,4.999979,0.493916,0.41845,10.00
0.041560,5.000535,0.493197,0.41798,10.00
0.041570,5.001044,0.492062,0.41777,10.00
0.041580,5.001493,0.490745,0.41770,10.00
0.041590,5.001878,0.489380,0.41772,10.00
0.041600,5.001871,0.488043,0.41778,10.00
0.041610,5.000517,0.488180,0.41954,10.00
0.041620,4.999222,0.489879,0.42042,10.00
0.041630,4.998034,0.492366,0.42080,10.00
0.041640,4.996974,0.495195,0.42090,10.00
0.041650,4.996413,0.498108,0.42085,10.00
0.041660,4.997395,0.499419,0.41888,10.00
0.041670,4.998380,0.498978,0.41783,10.00
0.041680,4.999313,0.497600,0.41732,10.00
0.041690,5.000166,0.495760,0.41711,10.00
0.041700,5.000561,0.493733,0.41708,10.00
0.041710,4.999444,0.493225,0.41897,10.00
0.041720,4.998359,0.494397,0.41995,10.00
0.041730,4.997358,0.496436,0.42041,10.00
0.041740,4.996465,0.498870,0.42056,10.00
0.041750,4.995865,0.501428,0.42054,10.00
0.041760,4.996060,0.503217,0.41956,10.00
0.041770,4.996309,0.504119,0.41900,10.00
0.041780,4.996582,0.504500,0.41867,10.00
0.041790,4.996863,0.504577,0.41849,10.00
0.041800,4.997238,0.504477,0.41840,10.00
0.041810,4.997982,0.503862,0.41787,10.00
0.041820,4.998681,0.502758,0.41762,10.00
0.041830,4.999319,0.501423,0.41753,10.00
0.041840,4.999891,0.500003,0.41754,10.00
0.041850,5.000404,0.498585,0.41760,10.00
0.041860,5.000882,0.497182,0.41764,10.00
0.041870,5.001296,0.495818,0.41772,10.00
0.041880,5.001648,0.494524,0.41781,10.00
0.041890,5.001941,0.493317,0.41790,10.00
0.041900,5.001894,0.492203,0.41800,10.00
0.041910,5.000678,0.492408,0.41954,10.00
0.041920,4.999517,0.493989,0.42032,10.00
0.041930,4.998453,0.496260,0.42065,10.00
0.041940,4.997507,0.498827,0.42073,10.00
0.041950,4.996843,0.501461,0.42068,10.00
0.041960,4.996920,0.503357,0.41975,10.00
0.041970,4.997058,0.504415,0.41920,10.00
0.041980,4.997229,0.504974,0.41888,10.00
0.041990,4.997416,0.505236,0.41870,10.00
0.042000,4.997598,0.505320,0.41860,10.00
0.042010,4.997735,0.505345,0.41860,10.00
0.042020,4.997873,0.505355,0.41860,10.00
0.042030,4.998010,0.505350,0.41859,10.00
0.042040,4.998145,0.505330,0.41859,10.00
0.042050,4.998411,0.505295,0.41859,10.00
0.042060,4.999186,0.504687,0.41793,10.00
0.042070,4.999913,0.503481,0.41761,10.00
0.042080,5.000572,0.501990,0.41750,10.00
0.042090,5.001158,0.500395,0.41750,10.00
0.042100,5.001626,0.498798,0.41756,10.00
0.042110,5.001851,0.497443,0.41787,10.00
0.042120,5.002022,0.496367,0.41808,10.00
0.042130,5.002148,0.495485,0.41823,10.00
0.042140,5.002239,0.494743,0.41833,10.00
0.042150,5.002249,0.494108,0.41842,10.00
0.042160,5.002041,0.493768,0.41873,10.00
0.042170,5.001827,0.493718,0.41891,10.00
0.042180,5.001616,0.493833,0.41900,10.00
0.042190,5.001415,0.494039,0.41904,10.00
0.042200,5.001297,0.494292,0.41905,10.00
0.042210,5.001470,0.494260,0.41869,10.00
0.042220,5.001633,0.493914,0.41850,10.00
0.042230,5.001774,0.493416,0.41842,10.00
0.042240,5.001891,0.492857,0.41840,10.00
0.042250,5.001851,0.492291,0.41841,10.00
0.042260,5.001280,0.492299,0.41910,10.00
0.042270,5.000731,0.492921,0.41944,10.00
0.042280,5.000221,0.493859,0.41960,10.00
0.042290,4.999761,0.494938,0.41964,10.00
0.042300,4.999468,0.496058,0.41962,10.00
0.042310,4.999674,0.496673,0.41899,10.00
0.042320,4.999890,0.496730,0.41864,10.00
0.042330,5.000098,0.496483,0.41847,10.00
0.042340,5.000290,0.496081,0.41839,10.00
0.042350,5.000466,0.495609,0.41836,10.00
0.042360,5.000642,0.495093,0.41834,10.00
0.042370,5.000793,0.494560,0.41835,10.00
0.042380,5.000919,0.494038,0.41837,10.00
0.042390,5.001021,0.493543,0.41841,10.00
0.042400,5.000886,0.493083,0.41844,10.00
0.042410,4.999888,0.493583,0.41957,10.00
0.042420,4.998947,0.495085,0.42012,10.00
0.042430,4.998093,0.497079,0.42035,10.00
0.042440,4.997340,0.499267,0.42038,10.00
0.042450,4.996996,0.501480,0.42032,10.00
0.042460,4.997945,0.502321,0.41866,10.00
0.042470,4.998885,0.501678,0.41778,10.00
0.042480,4.999768,0.500250,0.41736,10.00
0.042490,5.000570,0.498444,0.41720,10.00
0.042500,5.000951,0.496495,0.41719,10.00
0.042510,4.999948,0.495949,0.41894,10.00
0.042520,4.998970,0.496947,0.41984,10.00
0.042530,4.998066,0.498746,0.42026,10.00
0.042540,4.997258,0.500913,0.42041,10.00
0.042550,4.996917,0.503198,0.42040,10.00
0.042560,4.998086,0.503927,0.41848,10.00
0.042570,4.999231,0.502951,0.41749,10.00
0.042580,5.000301,0.501081,0.41702,10.00
0.042590,5.001268,0.498790,0.41685,10.00
0.042600,5.002047,0.496350,0.41685,10.00
0.042610,5.002415,0.494239,0.41733,10.00
0.042620,5.002698,0.492560,0.41765,10.00
0.042630,5.002912,0.491177,0.41788,10.00
0.042640,5.003069,0.490011,0.41805,10.00
0.042650,5.003265,0.489010,0.41818,10.00
0.042660,5.003763,0.487766,0.41784,10.00
0.042670,5.004193,0.486240,0.41772,10.00
0.042680,5.004549,0.484627,0.41771,10.00
0.042690,5.004831,0.483034,0.41777,10.00
0.042700,5.004995,0.481522,0.41787,10.00
0.042710,5.004911,0.480319,0.41821,10.00
0.042720,5.004782,0.479448,0.41843,10.00
0.042730,5.004621,0.478803,0.41857,10.00
0.042740,5.004436,0.478318,0.41867,10.00
0.042750,5.004045,0.477953,0.41874,10.00
0.042760,5.002909,0.478481,0.41974,10.00
0.042770,5.001830,0.479921,0.42023,10.00
0.042780,5.000834,0.481816,0.42043,10.00
0.042790,4.999935,0.483900,0.42045,10.00
0.042800,4.999189,0.486021,0.42039,10.00
0.042810,4.998747,0.487866,0.42001,10.00
0.042820,4.998382,0.489378,0.41975,10.00
0.042830,4.998080,0.490657,0.41956,10.00
0.042840,4.997833,0.491764,0.41941,10.00
0.042850,4.997529,0.492738,0.41930,10.00
0.042860,4.996855,0.494051,0.41973,10.00
0.042870,4.996255,0.495740,0.41991,10.00
0.042880,4.995739,0.497568,0.41993,10.00
0.042890,4.995309,0.499399,0.41987,10.00
0.042900,4.994954,0.501158,0.41977,10.00
0.042910,4.994643,0.502841,0.41970,10.00
0.042920,4.994409,0.504432,0.41959,10.00
0.042930,4.994244,0.505903,0.41948,10.00
0.042940,4.994143,0.507243,0.41936,10.00
0.042950,4.994288,0.508450,0.41925,10.00
0.042960,4.995215,0.508726,0.41820,10.00
0.042970,4.996123,0.508040,0.41766,10.00
0.042980,4.996979,0.506843,0.41741,10.00
0.042990,4.997771,0.505398,0.41732,10.00
0.043000,4.998310,0.503859,0.41734,10.00
0.043010,4.998079,0.503078,0.41831,10.00
0.043020,4.997837,0.503140,0.41883,10.00
0.043030,4.997613,0.503649,0.41909,10.00
0.043040,4.997419,0.504374,0.41920,10.00
0.043050,4.997397,0.505182,0.41923,10.00
0.043060,4.997939,0.505424,0.41853,10.00
0.043070,4.998471,0.505031,0.41816,10.00
0.043080,4.998972,0.504300,0.41799,10.00
0.043090,4.999433,0.503407,0.41793,10.00
0.043100,4.999788,0.502451,0.41794,10.00
0.043110,4.999854,0.501755,0.41829,10.00
0.043120,4.999897,0.501366,0.41849,10.00
0.043130,4.999928,0.501153,0.41861,10.00
0.043140,4.999952,0.501041,0.41868,10.00
0.043150,4.999911,0.500985,0.41872,10.00
0.043160,4.999631,0.501219,0.41905,10.00
0.043170,4.999372,0.501742,0.41920,10.00
0.043180,4.999141,0.502400,0.41926,10.00
0.043190,4.998943,0.503104,0.41927,10.00
0.043200,4.998818,0.503806,0.41924,10.00
0.043210,4.998884,0.504304,0.41900,10.00
0.043220,4.998965,0.504577,0.41885,10.00
0.043230,4.999054,0.504713,0.41877,10.00
0.043240,4.999146,0.504767,0.41872,10.00
0.043250,4.999264,0.504769,0.41869,10.00
0.043260,4.999476,0.504634,0.41856,10.00
0.043270,4.999677,0.504370,0.41849,10.00
0.043280,4.999863,0.504041,0.41847,10.00
0.043290,5.000032,0.503685,0.41847,10.00
0.043300,5.000154,0.503325,0.41848,10.00
0.043310,5.000141,0.503103,0.41865,10.00
0.043320,5.000122,0.503031,0.41875,10.00
0.043330,5.000103,0.503042,0.41880,10.00
0.043340,5.000085,0.503095,0.41882,10.00
0.043350,5.000072,0.503168,0.41883,10.00
0.043360,5.000070,0.503240,0.41883,10.00
0.043370,5.000071,0.503303,0.41882,10.00
0.043380,5.000074,0.503358,0.41881,10.00
0.043390,5.000080,0.503405,0.41881,10.00
0.043400,5.000354,0.503445,0.41880,10.00
0.043410,5.001664,0.502345,0.41745,10.00
0.043420,5.002883,0.500055,0.41681,10.00
0.043430,5.003975,0.497203,0.41658,10.00
0.043440,5.004927,0.494152,0.41656,10.00
0.043450,5.005339,0.491109,0.41667,10.00
0.043460,5.004067,0.489877,0.41885,10.00
0.043470,5.002802,0.490597,0.42000,10.00
0.043480,5.001606,0.492357,0.42056,10.00
0.043490,5.000511,0.494626,0.42078,10.00
0.043500,4.999671,0.497098,0.42080,10.00
0.043510,4.999494,0.498999,0.42001,10.00
0.043520,4.999384,0.500203,0.41953,10.00
0.043530,4.999317,0.500987,0.41925,10.00
0.043540,4.999278,0.501515,0.41907,10.00
0.043550,4.999424,0.501884,0.41896,10.00
0.043560,5.000231,0.501447,0.41806,10.00
0.043570,5.000989,0.500204,0.41761,10.00
0.043580,5.001676,0.498568,0.41744,10.00
0.043590,5.002281,0.496780,0.41741,10.00
0.043600,5.002907,0.494974,0.41746,10.00
0.043610,5.003860,0.492778,0.41703,10.00
0.043620,5.004698,0.490213,0.41689,10.00
0.043630,5.005411,0.487547,0.41692,10.00
0.043640,5.006002,0.484932,0.41704,10.00
0.043650,5.006340,0.482451,0.41720,10.00
0.043660,5.006040,0.480723,0.41806,10.00
0.043670,5.005686,0.479793,0.41856,10.00
0.043680,5.005305,0.479345,0.41886,10.00
0.043690,5.004914,0.479192,0.41902,10.00
0.043700,5.004511,0.479221,0.41912,10.00
0.043710,5.004063,0.479420,0.41923,10.00
0.043720,5.003630,0.479750,0.41928,10.00
0.043730,5.003216,0.480154,0.41930,10.00
0.043740,5.002823,0.480598,0.41929,10.00
0.043750,5.002422,0.481061,0.41927,10.00
0.043760,5.001924,0.481661,0.41940,10.00
0.043770,5.001460,0.482396,0.41944,10.00
0.043780,5.001033,0.483187,0.41944,10.00
0.043790,5.000644,0.483989,0.41941,10.00
0.043800,5.000254,0.484776,0.41936,10.00
0.043810,4.999749,0.485699,0.41951,10.00
0.043820,4.999293,0.486756,0.41955,10.00
0.043830,4.998888,0.487853,0.41953,10.00
0.043840,4.998535,0.488934,0.41948,10.00
0.043850,4.998285,0.489970,0.41941,10.00
0.043860,4.998295,0.490712,0.41906,10.00
0.043870,4.998330,0.491141,0.41886,10.00
0.043880,4.998378,0.491384,0.41874,10.00
0.043890,4.998434,0.491516,0.41867,10.00
0.043900,4.998469,0.491581,0.41863,10.00
0.043910,4.998409,0.491710,0.41873,10.00
0.043920,4.998358,0.491926,0.41878,10.00
0.043930,4.998318,0.492178,0.41879,10.00
0.043940,4.998290,0.492437,0.41879,10.00
0.043950,4.998300,0.492690,0.41878,10.00
0.043960,4.998422,0.492816,0.41864,10.00
0.043970,4.998545,0.492805,0.41856,10.00
0.043980,4.998665,0.492719,0.41852,10.00
0.043990,4.998779,0.492592,0.41850,10.00
0.044000,4.998803,0.492445,0.41850,10.00
0.044010,4.998493,0.492646,0.41892,10.00
0.044020,4.998205,0.493220,0.41913,10.00
0.044030,4.997950,0.493973,0.41922,10.00
0.044040,4.997732,0.494792,0.41923,10.00
0.044050,4.997818,0.495614,0.41921,10.00
0.044060,4.998973,0.495275,0.41782,10.00
0.044070,5.000071,0.493704,0.41714,10.00
0.044080,5.001074,0.491519,0.41685,10.00
0.044090,5.001966,0.489078,0.41678,10.00
0.044100,5.002653,0.486587,0.41685,10.00
0.044110,5.002880,0.484537,0.41742,10.00
0.044120,5.003029,0.483008,0.41779,10.00
0.044130,5.003117,0.481823,0.41804,10.00
0.044140,5.003158,0.480874,0.41821,10.00
0.044150,5.003004,0.480097,0.41833,10.00
0.044160,5.002212,0.480114,0.41921,10.00
0.044170,5.001448,0.480930,0.41966,10.00
0.044180,5.000737,0.482158,0.41986,10.00
0.044190,5.000090,0.483574,0.41991,10.00
0.044200,4.999296,0.485046,0.41988,10.00
0.044210,4.997731,0.487422,0.42091,10.00
0.044220,4.996307,0.490702,0.42133,10.00
0.044230,4.995051,0.494353,0.42143,10.00
0.044240,4.993968,0.498071,0.42133,10.00
0.044250,4.993288,0.501685,0.42114,10.00
0.044260,4.993668,0.504119,0.41974,10.00
0.044270,4.994120,0.505283,0.41894,10.00
0.044280,4.994601,0.505702,0.41849,10.00
0.044290,4.995086,0.505688,0.41824,10.00
0.044300,4.995734,0.505423,0.41812,10.00
0.044310,4.997036,0.504282,0.41719,10.00
0.044320,4.998255,0.502295,0.41676,10.00
0.044330,4.999367,0.499910,0.41662,10.00
0.044340,5.000361,0.497385,0.41664,10.00
0.044350,5.000998,0.494868,0.41674,10.00
0.044360,5.000595,0.493453,0.41809,10.00
0.044370,5.000164,0.493231,0.41883,10.00
0.044380,4.999745,0.493661,0.41921,10.00
0.044390,4.999357,0.494430,0.41939,10.00
0.044400,4.999017,0.495354,0.41945,10.00
0.044410,4.998745,0.496302,0.41941,10.00
0.044420,4.998517,0.497212,0.41936,10.00
0.044430,4.998330,0.498067,0.41930,10.00
0.044440,4.998181,0.498858,0.41923,10.00
0.044450,4.998190,0.499581,0.41917,10.00
0.044460,4.998711,0.499711,0.41848,10.00
0.044470,4.999218,0.499225,0.41813,10.00
0.044480,4.999691,0.498418,0.41797,10.00
0.044490,5.000120,0.497462,0.41792,10.00
0.044500,5.000372,0.496457,0.41793,10.00
0.044510,5.000068,0.496014,0.41863,10.00
0.044520,4.999764,0.496191,0.41901,10.00
0.044530,4.999479,0.496696,0.41919,10.00
0.044540,4.999223,0.497359,0.41926,10.00
0.044550,4.998950,0.498083,0.41927,10.00
0.044560,4.998513,0.499028,0.41951,10.00
0.044570,4.998126,0.500172,0.41959,10.00
0.044580,4.997796,0.501379,0.41959,10.00
0.044590,4.997522,0.502572,0.41954,10.00
0.044600,4.997477,0.503709,0.41947,10.00
0.044610,4.998164,0.504023,0.41850,10.00
0.044620,4.998836,0.503468,0.41800,10.00
0.044630,4.999467,0.502456,0.41777,10.00
0.044640,5.000042,0.501227,0.41769,10.00
0.044650,5.000418,0.499919,0.41769,10.00
0.044660,5.000194,0.499200,0.41844,10.00
0.044670,4.999958,0.499143,0.41885,10.00
0.044680,4.999730,0.499445,0.41906,10.00
0.044690,4.999523,0.499928,0.41915,10.00
0.044700,4.999352,0.500489,0.41918,10.00
0.044710,4.999252,0.501024,0.41912,10.00
0.044720,4.999175,0.501496,0.41906,10.00
0.044730,4.999118,0.501914,0.41902,10.00
0.044740,4.999079,0.502285,0.41898,10.00
0.044750,4.999224,0.502614,0.41894,10.00
0.044760,5.000036,0.502188,0.41806,10.00
0.044770,5.000802,0.500979,0.41763,10.00
0.044780,5.001498,0.499387,0.41746,10.00
0.044790,5.002114,0.497643,0.41743,10.00
0.044800,5.002602,0.495878,0.41749,10.00
0.044810,5.002832,0.494362,0.41781,10.00
0.044820,5.003000,0.493142,0.41803,10.00
0.044830,5.003119,0.492131,0.41819,10.00
0.044840,5.003195,0.491276,0.41831,10.00
0.044850,5.003082,0.490542,0.41840,10.00
0.044860,5.002340,0.490562,0.41926,10.00
0.044870,5.001624,0.491352,0.41969,10.00
0.044880,5.000960,0.492537,0.41988,10.00
0.044890,5.000358,0.493900,0.41993,10.00
0.044900,4.999931,0.495314,0.41990,10.00
0.044910,4.999995,0.496243,0.41928,10.00
0.044920,5.000085,0.496628,0.41893,10.00
0.044930,5.000183,0.496704,0.41874,10.00
0.044940,5.000280,0.496611,0.41864,10.00
0.044950,5.000264,0.496430,0.41860,10.00
0.044960,4.999830,0.496655,0.41911,10.00
0.044970,4.999421,0.497334,0.41936,10.00
0.044980,4.999052,0.498233,0.41946,10.00
0.044990,4.998728,0.499218,0.41948,10.00
0.045000,4.998511,0.500214,0.41945,10.00
0.045010,4.998573,0.500921,0.41909,10.00
0.045020,4.998658,0.501304,0.41888,10.00
0.045030,4.998753,0.501495,0.41876,10.00
0.045040,4.998854,0.501570,0.41869,10.00
0.045050,4.998970,0.501576,0.41866,10.00
0.045060,4.999140,0.501479,0.41856,10.00
0.045070,4.999302,0.501293,0.41852,10.00
0.045080,4.999454,0.501062,0.41851,10.00
0.045090,4.999594,0.500812,0.41851,10.00
0.045100,4.999607,0.500557,0.41852,10.00
0.045110,4.999161,0.500795,0.41911,10.00
0.045120,4.998743,0.501554,0.41940,10.00
0.045130,4.998369,0.502565,0.41952,10.00
0.045140,4.998045,0.503673,0.41954,10.00
0.045150,4.997702,0.504789,0.41951,10.00
0.045160,4.997131,0.506169,0.41981,10.00
0.045170,4.996633,0.507803,0.41991,10.00
0.045180,4.996213,0.509507,0.41990,10.00
0.045190,4.995873,0.511179,0.41983,10.00
0.045200,4.995840,0.512764,0.41972,10.00
0.045210,4.996782,0.513242,0.41844,10.00
0.045220,4.997708,0.512557,0.41776,10.00
0.045230,4.998580,0.511254,0.41745,10.00
0.045240,4.999380,0.509652,0.41734,10.00
0.045250,5.000236,0.507938,0.41734,10.00
0.045260,5.001539,0.505638,0.41672,10.00
0.045270,5.002716,0.502785,0.41649,10.00
0.045280,5.003751,0.499734,0.41649,10.00
0.045290,5.004643,0.496686,0.41660,10.00
0.045300,5.005175,0.493752,0.41677,10.00
0.045310,5.004722,0.491927,0.41808,10.00
0.045320,5.004223,0.491283,0.41881,10.00
0.045330,5.003716,0.491311,0.41921,10.00
0.045340,5.003224,0.491714,0.41941,10.00
0.045350,5.002881,0.492315,0.41950,10.00
0.045360,5.003048,0.492489,0.41890,10.00
0.045370,5.003206,0.492153,0.41859,10.00
0.045380,5.003341,0.491561,0.41845,10.00
0.045390,5.003446,0.490861,0.41840,10.00
0.045400,5.003342,0.490136,0.41840,10.00
0.045410,5.002527,0.490176,0.41931,10.00
0.045420,5.001741,0.491040,0.41977,10.00
0.045430,5.001011,0.492328,0.41997,10.00
0.045440,5.000348,0.493806,0.42003,10.00
0.045450,4.999714,0.495340,0.42000,10.00
0.045460,4.998981,0.497039,0.42015,10.00
0.045470,4.998333,0.498870,0.42016,10.00
0.045480,4.997771,0.500708,0.42009,10.00
0.045490,4.997294,0.502481,0.41999,10.00
0.045500,4.997244,0.504152,0.41987,10.00
0.045510,4.998622,0.504223,0.41799,10.00
0.045520,4.999948,0.502617,0.41703,10.00
0.045530,5.001169,0.500156,0.41661,10.00
0.045540,5.002262,0.497317,0.41648,10.00
0.045550,5.002967,0.494374,0.41653,10.00
0.045560,5.002561,0.492548,0.41793,10.00
0.045570,5.002110,0.491973,0.41871,10.00
0.045580,5.001656,0.492101,0.41913,10.00
0.045590,5.001222,0.492612,0.41934,10.00
0.045600,5.000882,0.493317,0.41942,10.00
0.045610,5.000826,0.493835,0.41912,10.00
0.045620,5.000787,0.494091,0.41894,10.00
0.045630,5.000756,0.494200,0.41885,10.00
0.045640,5.000727,0.494228,0.41879,10.00
0.045650,5.000741,0.494215,0.41877,10.00
0.045660,5.000921,0.494000,0.41854,10.00
0.045670,5.001085,0.493588,0.41843,10.00
0.045680,5.001227,0.493086,0.41839,10.00
0.045690,5.001344,0.492558,0.41839,10.00
0.045700,5.001050,0.492037,0.41841,10.00
0.045710,4.999228,0.493191,0.42039,10.00
0.045720,4.997518,0.496103,0.42136,10.00
0.045730,4.995974,0.499866,0.42173,10.00
0.045740,4.994618,0.503952,0.42178,10.00
0.045750,4.993761,0.508062,0.42165,10.00
0.045760,4.994286,0.510723,0.41987,10.00
0.045770,4.994882,0.511786,0.41887,10.00
0.045780,4.995497,0.511933,0.41832,10.00
0.045790,4.996101,0.511563,0.41804,10.00
0.045800,4.996720,0.510913,0.41791,10.00
0.045810,4.997472,0.509937,0.41764,10.00
0.045820,4.998168,0.508706,0.41755,10.00
0.045830,4.998803,0.507371,0.41755,10.00
0.045840,4.999373,0.506019,0.41759,10.00
0.045850,5.000099,0.504698,0.41767,10.00
0.045860,5.001614,0.502507,0.41665,10.00
0.045870,5.002996,0.499414,0.41622,10.00
0.045880,5.004220,0.495945,0.41612,10.00
0.045890,5.005279,0.492398,0.41620,10.00
0.045900,5.005965,0.488943,0.41638,10.00
0.045910,5.005686,0.486556,0.41765,10.00
0.045920,5.005333,0.485324,0.41839,10.00
0.045930,5.004946,0.484775,0.41881,10.00
0.045940,5.004547,0.484631,0.41905,10.00
0.045950,5.003959,0.484725,0.41917,10.00
0.045960,5.002634,0.485776,0.42020,10.00
0.045970,5.001391,0.487763,0.42069,10.00
0.045980,5.000256,0.490197,0.42086,10.00
0.045990,4.999243,0.492794,0.42085,10.00
0.046000,4.998543,0.495393,0.42075,10.00
0.046010,4.998704,0.497091,0.41964,10.00
0.046020,4.998913,0.497803,0.41901,10.00
0.046030,4.999137,0.497955,0.41866,10.00
0.046040,4.999357,0.497796,0.41848,10.00
0.046050,4.999403,0.497474,0.41840,10.00
0.046060,4.998803,0.497759,0.41918,10.00
0.046070,4.998239,0.498735,0.41957,10.00
0.046080,4.997732,0.500046,0.41973,10.00
0.046090,4.997291,0.501489,0.41976,10.00
0.046100,4.996978,0.502948,0.41972,10.00
0.046110,4.996965,0.504102,0.41934,10.00
0.046120,4.996995,0.504905,0.41910,10.00
0.046130,4.997054,0.505482,0.41895,10.00
0.046140,4.997135,0.505908,0.41885,10.00
0.046150,4.997008,0.506228,0.41878,10.00
0.046160,4.996021,0.507425,0.41987,10.00
0.046170,4.995121,0.509562,0.42037,10.00
0.046180,4.994334,0.512120,0.42054,10.00
0.046190,4.993672,0.514803,0.42053,10.00
0.046200,4.993405,0.517443,0.42042,10.00
0.046210,4.994313,0.518795,0.41889,10.00
0.046220,4.995237,0.518756,0.41806,10.00
0.046230,4.996133,0.517950,0.41764,10.00
0.046240,4.996977,0.516740,0.41746,10.00
0.046250,4.997618,0.515338,0.41741,10.00
0.046260,4.997654,0.514456,0.41814,10.00
0.046270,4.997668,0.514192,0.41853,10.00
0.046280,4.997680,0.514260,0.41875,10.00
0.046290,4.997699,0.514496,0.41885,10.00
0.046300,4.997667,0.514805,0.41889,10.00
0.046310,4.997395,0.515409,0.41923,10.00
0.046320,4.997161,0.516293,0.41937,10.00
0.046330,4.996971,0.517286,0.41941,10.00
0.046340,4.996828,0.518292,0.41939,10.00
0.046350,4.996901,0.519259,0.41934,10.00
0.046360,4.997684,0.519429,0.41841,10.00
0.046370,4.998446,0.518754,0.41794,10.00
0.046380,4.999161,0.517636,0.41772,10.00
0.046390,4.999815,0.516308,0.41765,10.00
0.046400,5.000367,0.514906,0.41766,10.00
0.046410,5.000711,0.513662,0.41791,10.00
0.046420,5.001002,0.512629,0.41808,10.00
0.046430,5.001249,0.511742,0.41820,10.00
0.046440,5.001459,0.510965,0.41830,10.00
0.046450,5.001693,0.510273,0.41838,10.00
0.046460,5.002127,0.509400,0.41814,10.00
0.046470,5.002513,0.508325,0.41806,10.00
0.046480,5.002847,0.507181,0.41805,10.00
0.046490,5.003127,0.506042,0.41810,10.00
0.046500,5.003398,0.504952,0.41816,10.00
0.046510,5.003790,0.503746,0.41801,10.00
0.046520,5.004122,0.502427,0.41799,10.00
0.046530,5.004392,0.501100,0.41802,10.00
0.046540,5.004602,0.499825,0.41809,10.00
0.046550,5.004675,0.498633,0.41818,10.00
0.046560,5.004389,0.497874,0.41866,10.00
0.046570,5.004083,0.497571,0.41894,10.00
0.046580,5.003772,0.497536,0.41909,10.00
0.046590,5.003466,0.497659,0.41917,10.00
0.046600,5.003112,0.497872,0.41921,10.00
0.046610,5.002549,0.498380,0.41951,10.00
0.046620,5.002019,0.499170,0.41964,10.00
0.046630,5.001532,0.500093,0.41968,10.00
0.046640,5.001090,0.501061,0.41966,10.00
0.046650,5.000759,0.502025,0.41962,10.00
0.046660,5.000726,0.502680,0.41923,10.00
0.046670,5.000712,0.502999,0.41901,10.00
0.046680,5.000708,0.503126,0.41888,10.00
0.046690,5.000706,0.503148,0.41882,10.00
0.046700,5.000654,0.503114,0.41878,10.00
0.046710,5.000401,0.503268,0.41902,10.00
0.046720,5.000163,0.503637,0.41914,10.00
0.046730,4.999947,0.504111,0.41918,10.00
0.046740,4.999754,0.504625,0.41919,10.00
0.046750,4.999561,0.505144,0.41917,10.00
0.046760,4.999301,0.505746,0.41926,10.00
0.046770,4.999072,0.506426,0.41928,10.00
0.046780,4.998875,0.507123,0.41927,10.00
0.046790,4.998711,0.507801,0.41923,10.00
0.046800,4.998522,0.508443,0.41919,10.00
0.046810,4.998151,0.509270,0.41942,10.00
0.046820,4.997825,0.510289,0.41950,10.00
0.046830,4.997549,0.511371,0.41950,10.00
0.046840,4.997323,0.512442,0.41946,10.00
0.046850,4.997303,0.513464,0.41940,10.00
0.046860,4.997942,0.513743,0.41853,10.00
0.046870,4.998568,0.513239,0.41808,10.00
0.046880,4.999155,0.512322,0.41787,10.00
0.046890,4.999693,0.511208,0.41780,10.00
0.046900,5.000348,0.510022,0.41780,10.00
0.046910,5.001619,0.508100,0.41698,10.00
0.046920,5.002774,0.505449,0.41663,10.00
0.046930,5.003795,0.502497,0.41656,10.00
0.046940,5.004675,0.499493,0.41664,10.00
0.046950,5.005349,0.496572,0.41679,10.00
0.046960,5.005626,0.494099,0.41732,10.00
0.046970,5.005805,0.492126,0.41769,10.00
0.046980,5.005903,0.490506,0.41795,10.00
0.046990,5.005934,0.489151,0.41815,10.00
0.047000,5.005927,0.488002,0.41830,10.00
0.047010,5.005941,0.486949,0.41833,10.00
0.047020,5.005909,0.485962,0.41839,10.00
0.047030,5.005835,0.485063,0.41846,10.00
0.047040,5.005722,0.484263,0.41853,10.00
0.047050,5.005471,0.483562,0.41860,10.00
0.047060,5.004780,0.483409,0.41920,10.00
0.047070,5.004101,0.483819,0.41951,10.00
0.047080,5.003454,0.484537,0.41965,10.00
0.047090,5.002846,0.485412,0.41970,10.00
0.047100,5.002445,0.486355,0.41969,10.00
0.047110,5.002720,0.486625,0.41883,10.00
0.047120,5.002984,0.486159,0.41839,10.00
0.047130,5.003215,0.485323,0.41818,10.00
0.047140,5.003402,0.484329,0.41811,10.00
0.047150,5.003270,0.483296,0.41812,10.00
0.047160,5.002034,0.483448,0.41953,10.00
0.047170,5.000847,0.484874,0.42024,10.00
0.047180,4.999751,0.486950,0.42055,10.00
0.047190,4.998762,0.489312,0.42063,10.00
0.047200,4.998080,0.491752,0.42058,10.00
0.047210,4.998264,0.493328,0.41949,10.00
0.047220,4.998489,0.493937,0.41888,10.00
0.047230,4.998726,0.494002,0.41854,10.00
0.047240,4.998955,0.493769,0.41837,10.00
0.047250,4.999130,0.493383,0.41830,10.00
0.047260,4.999132,0.493094,0.41847,10.00
0.047270,4.999125,0.492957,0.41857,10.00
0.047280,4.999115,0.492907,0.41863,10.00
0.047290,4.999104,0.492906,0.41866,10.00
0.047300,4.998818,0.492933,0.41867,10.00
0.047310,4.997458,0.494150,0.42008,10.00
0.047320,4.996197,0.496603,0.42074,10.00
0.047330,4.995070,0.499636,0.42099,10.00
0.047340,4.994092,0.502870,0.42099,10.00
0.047350,4.993472,0.506089,0.42087,10.00
0.047360,4.993803,0.508295,0.41965,10.00
0.047370,4.994200,0.509384,0.41894,10.00
0.047380,4.994625,0.509816,0.41854,10.00
0.047390,4.995057,0.509862,0.41832,10.00
0.047400,4.995539,0.509683,0.41820,10.00
0.047410,4.996230,0.509130,0.41786,10.00
0.047420,4.996884,0.508250,0.41771,10.00
0.047430,4.997489,0.507211,0.41767,10.00
0.047440,4.998043,0.506113,0.41768,10.00
0.047450,4.998313,0.505014,0.41773,10.00
0.047460,4.997629,0.504931,0.41897,10.00
0.047470,4.996976,0.505930,0.41960,10.00
0.047480,4.996388,0.507471,0.41988,10.00
0.047490,4.995880,0.509243,0.41996,10.00
0.047500,4.995517,0.511067,0.41994,10.00
0.047510,4.995479,0.512582,0.41954,10.00
0.047520,4.995499,0.513722,0.41928,10.00
0.047530,4.995563,0.514605,0.41911,10.00
0.047540,4.995661,0.515305,0.41898,10.00
0.047550,4.995706,0.515866,0.41889,10.00
0.047560,4.995453,0.516668,0.41924,10.00
0.047570,4.995247,0.517745,0.41938,10.00
0.047580,4.995094,0.518918,0.41941,10.00
0.047590,4.994995,0.520086,0.41938,10.00
0.047600,4.995302,0.521195,0.41931,10.00
0.047610,4.997038,0.520705,0.41745,10.00
0.047620,4.998694,0.518535,0.41652,10.00
0.047630,5.000218,0.515520,0.41613,10.00
0.047640,5.001588,0.512144,0.41605,10.00
0.047650,5.002465,0.508686,0.41613,10.00
0.047660,5.001895,0.506710,0.41797,10.00
0.047670,5.001285,0.506369,0.41898,10.00
0.047680,5.000690,0.506925,0.41951,10.00
0.047690,5.000136,0.507948,0.41975,10.00
0.047700,4.999709,0.509187,0.41984,10.00
0.047710,4.999620,0.510195,0.41947,10.00
0.047720,4.999568,0.510876,0.41925,10.00
0.047730,4.999542,0.511353,0.41911,10.00
0.047740,4.999533,0.511701,0.41902,10.00
0.047750,4.999573,0.511962,0.41896,10.00
0.047760,4.999758,0.512015,0.41874,10.00
0.047770,4.999938,0.511870,0.41863,10.00
0.047780,5.000109,0.511621,0.41857,10.00
0.047790,5.000265,0.511319,0.41856,10.00
0.047800,5.000506,0.510999,0.41856,10.00
0.047810,5.001120,0.510252,0.41807,10.00
0.047820,5.001684,0.509071,0.41785,10.00
0.047830,5.002186,0.507697,0.41778,10.00
0.047840,5.002621,0.506267,0.41780,10.00
0.047850,5.003197,0.504861,0.41786,10.00
0.047860,5.004515,0.502639,0.41690,10.00
0.047870,5.005701,0.499584,0.41650,10.00
0.047880,5.006732,0.496194,0.41641,10.00
0.047890,5.007603,0.492756,0.41650,10.00
0.047900,5.008088,0.489427,0.41667,10.00
0.047910,5.007531,0.487270,0.41805,10.00
0.047920,5.006915,0.486371,0.41883,10.00
0.047930,5.006283,0.486206,0.41926,10.00
0.047940,5.005658,0.486463,0.41949,10.00
0.047950,5.005202,0.486959,0.41959,10.00
0.047960,5.005347,0.486958,0.41889,10.00
0.047970,5.005474,0.486368,0.41853,10.00
0.047980,5.005566,0.485497,0.41837,10.00
0.047990,5.005614,0.484521,0.41833,10.00
0.048000,5.005643,0.483542,0.41835,10.00
0.048010,5.005732,0.482500,0.41826,10.00
0.048020,5.005772,0.481420,0.41826,10.00
0.048030,5.005763,0.480374,0.41830,10.00
0.048040,5.005708,0.479404,0.41836,10.00
0.048050,5.005190,0.478528,0.41843,10.00
0.048060,5.002989,0.479554,0.42064,10.00
0.048070,5.000904,0.482565,0.42172,10.00
0.048080,4.998994,0.486558,0.42216,10.00
0.048090,4.997287,0.490952,0.42223,10.00
0.048100,4.995815,0.495412,0.42210,10.00
0.048110,4.994654,0.499639,0.42172,10.00
0.048120,4.993680,0.503524,0.42138,10.00
0.048130,4.992878,0.507080,0.42105,10.00
0.048140,4.992232,0.510319,0.42075,10.00
0.048150,4.991832,0.513258,0.42047,10.00
0.048160,4.991961,0.515473,0.41970,10.00
0.048170,4.992169,0.516960,0.41922,10.00
0.048180,4.992431,0.517980,0.41892,10.00
0.048190,4.992728,0.518691,0.41873,10.00
0.048200,4.993000,0.519187,0.41860,10.00
0.048210,4.993096,0.519740,0.41877,10.00
0.048220,4.993219,0.520399,0.41883,10.00
0.048230,4.993372,0.521072,0.41883,10.00
0.048240,4.993554,0.521706,0.41881,10.00
0.048250,4.993799,0.522278,0.41877,10.00
0.048260,4.994208,0.522621,0.41855,10.00
0.048270,4.994624,0.522724,0.41842,10.00
0.048280,4.995039,0.522674,0.41834,10.00
0.048290,4.995446,0.522525,0.41831,10.00
0.048300,4.995880,0.522310,0.41829,10.00
0.048310,4.996449,0.521890,0.41810,10.00
0.048320,4.996989,0.521272,0.41802,10.00
0.048330,4.997496,0.520554,0.41800,10.00
0.048340,4.997967,0.519795,0.41802,10.00
0.048350,4.998766,0.519028,0.41805,10.00
0.048360,5.000951,0.516719,0.41625,10.00
0.048370,5.002972,0.512807,0.41543,10.00
0.048380,5.004785,0.508163,0.41516,10.00
0.048390,5.006371,0.503288,0.41520,10.00
0.048400,5.007382,0.498466,0.41541,10.00
0.048410,5.006821,0.495333,0.41745,10.00
0.048420,5.006174,0.494041,0.41861,10.00
0.048430,5.005502,0.493805,0.41924,10.00
0.048440,5.004840,0.494165,0.41958,10.00
0.048450,5.004088,0.494849,0.41973,10.00
0.048460,5.002912,0.496206,0.42038,10.00
0.048470,5.001821,0.498164,0.42066,10.00
0.048480,5.000832,0.500389,0.42073,10.00
0.048490,4.999951,0.502686,0.42068,10.00
0.048500,4.999605,0.504946,0.42057,10.00
0.048510,5.001026,0.505288,0.41827,10.00
0.048520,5.002396,0.503596,0.41709,10.00
0.048530,5.003652,0.500865,0.41655,10.00
0.048540,5.004765,0.497674,0.41639,10.00
0.048550,5.005506,0.494353,0.41642,10.00
0.048560,5.005245,0.492017,0.41767,10.00
0.048570,5.004913,0.490811,0.41839,10.00
0.048580,5.004547,0.490273,0.41881,10.00
0.048590,5.004170,0.490128,0.41904,10.00
0.048600,5.003809,0.490216,0.41916,10.00
0.048610,5.003518,0.490376,0.41914,10.00
0.048620,5.003235,0.490547,0.41913,10.00
0.048630,5.002961,0.490730,0.41912,10.00
0.048640,5.002698,0.490925,0.41911,10.00
0.048650,5.002481,0.491130,0.41909,10.00
0.048660,5.002419,0.491186,0.41890,10.00
0.048670,5.002355,0.491085,0.41879,10.00
0.048680,5.002285,0.490911,0.41875,10.00
0.048690,5.002206,0.490713,0.41873,10.00
0.048700,5.001944,0.490518,0.41873,10.00
0.048710,5.000992,0.491086,0.41962,10.00
0.048720,5.000094,0.492456,0.42005,10.00
0.048730,4.999275,0.494219,0.42022,10.00
0.048740,4.998544,0.496137,0.42024,10.00
0.048750,4.998095,0.498073,0.42018,10.00
0.048760,4.998481,0.499136,0.41911,10.00
0.048770,4.998885,0.499247,0.41852,10.00
0.048780,4.999276,0.498837,0.41822,10.00
0.048790,4.999640,0.498159,0.41809,10.00
0.048800,4.999876,0.497358,0.41804,10.00
0.048810,4.999719,0.496908,0.41851,10.00
0.048820,4.999554,0.496873,0.41877,10.00
0.048830,4.999396,0.497064,0.41890,10.00
0.048840,4.999250,0.497372,0.41896,10.00
0.048850,4.998927,0.497732,0.41898,10.00
0.048860,4.997870,0.498930,0.41995,10.00
0.048870,4.996897,0.500983,0.42040,10.00
0.048880,4.996034,0.503423,0.42055,10.00
0.048890,4.995289,0.505981,0.42053,10.00
0.048900,4.994884,0.508504,0.42042,10.00
0.048910,4.995452,0.509970,0.41915,10.00
0.048920,4.996050,0.510292,0.41846,10.00
0.048930,4.996642,0.509971,0.41809,10.00
0.048940,4.997206,0.509303,0.41791,10.00
0.048950,4.997661,0.508460,0.41785,10.00
0.048960,4.997795,0.507847,0.41821,10.00
0.048970,4.997910,0.507536,0.41842,10.00
0.048980,4.998015,0.507391,0.41853,10.00
0.048990,4.998116,0.507335,0.41859,10.00
0.049000,4.998401,0.507323,0.41863,10.00
0.049010,4.999412,0.506534,0.41770,10.00
0.049020,5.000358,0.504918,0.41726,10.00
0.049030,5.001214,0.502909,0.41710,10.00
0.049040,5.001970,0.500756,0.41710,10.00
0.049050,5.002446,0.498602,0.41718,10.00
0.049060,5.002127,0.497289,0.41820,10.00
0.049070,5.001777,0.496894,0.41878,10.00
0.049080,5.001426,0.497014,0.41908,10.00
0.049090,5.001089,0.497414,0.41923,10.00
0.049100,5.000698,0.497956,0.41929,10.00
0.049110,5.000029,0.498895,0.41970,10.00
0.049120,4.999416,0.500200,0.41987,10.00
0.049130,4.998869,0.501658,0.41991,10.00
0.049140,4.998393,0.503148,0.41987,10.00
0.049150,4.997988,0.504600,0.41980,10.00
0.049160,4.997658,0.505967,0.41969,10.00
0.049170,4.997389,0.507230,0.41958,10.00
0.049180,4.997176,0.508386,0.41948,10.00
0.049190,4.997013,0.509437,0.41938,10.00
0.049200,4.996762,0.510386,0.41929,10.00
0.049210,4.996033,0.511807,0.41988,10.00
0.049220,4.995387,0.513730,0.42013,10.00
0.049230,4.994837,0.515846,0.42018,10.00
0.049240,4.994387,0.517980,0.42012,10.00
0.049250,4.994289,0.520033,0.42001,10.00
0.049260,4.995281,0.520861,0.41858,10.00
0.049270,4.996269,0.520391,0.41782,10.00
0.049280,4.997209,0.519218,0.41745,10.00
0.049290,4.998082,0.517693,0.41731,10.00
0.049300,4.998842,0.516019,0.41729,10.00
0.049310,4.999388,0.514459,0.41752,10.00
0.049320,4.999866,0.513087,0.41770,10.00
0.049330,5.000283,0.511860,0.41784,10.00
0.049340,5.000647,0.510749,0.41795,10.00
0.049350,5.001074,0.509738,0.41805,10.00
0.049360,5.001899,0.508330,0.41757,10.00
0.049370,5.002644,0.506496,0.41738,10.00
0.049380,5.003297,0.504497,0.41735,10.00
0.049390,5.003855,0.502483,0.41741,10.00
0.049400,5.004294,0.500538,0.41752,10.00
0.049410,5.004541,0.498821,0.41778,10.00
0.049420,5.004716,0.497359,0.41799,10.00
0.049430,5.004829,0.496097,0.41814,10.00
0.049440,5.004890,0.495000,0.41827,10.00
0.049450,5.005058,0.494042,0.41838,10.00
0.049460,5.005785,0.492552,0.41769,10.00
0.049470,5.006424,0.490484,0.41740,10.00
0.049480,5.006959,0.488193,0.41734,10.00
0.049490,5.007387,0.485878,0.41739,10.00
0.049500,5.007561,0.483652,0.41751,10.00
0.049510,5.007058,0.482205,0.41841,10.00
0.049520,5.006517,0.481593,0.41892,10.00
0.049530,5.005965,0.481477,0.41920,10.00
0.049540,5.005418,0.481654,0.41935,10.00
0.049550,5.004894,0.482004,0.41942,10.00
0.049560,5.004415,0.482425,0.41941,10.00
0.049570,5.003959,0.482875,0.41940,10.00
0.049580,5.003525,0.483339,0.41937,10.00
0.049590,5.003115,0.483811,0.41934,10.00
0.049600,5.002789,0.484284,0.41931,10.00
0.049610,5.002725,0.484494,0.41897,10.00
0.049620,5.002663,0.484425,0.41879,10.00
0.049630,5.002593,0.484219,0.41870,10.00
0.049640,5.002513,0.483958,0.41867,10.00
0.049650,5.002322,0.483687,0.41866,10.00
0.049660,5.001734,0.483853,0.41917,10.00
0.049670,5.001170,0.484489,0.41942,10.00
0.049680,5.000645,0.485365,0.41953,10.00
0.049690,5.000165,0.486348,0.41955,10.00
0.049700,4.999728,0.487362,0.41953,10.00
0.049710,4.999317,0.488385,0.41950,10.00
0.049720,4.998954,0.489393,0.41945,10.00
0.049730,4.998638,0.490360,0.41939,10.00
0.049740,4.998365,0.491273,0.41932,10.00
0.049750,4.998019,0.492125,0.41925,10.00
0.049760,4.997261,0.493405,0.41977,10.00
0.049770,4.996578,0.495135,0.41998,10.00
0.049780,4.995982,0.497045,0.42003,10.00
0.049790,4.995477,0.498979,0.41997,10.00
0.049800,4.995092,0.500850,0.41987,10.00
0.049810,4.994913,0.502480,0.41959,10.00
0.049820,4.994801,0.503839,0.41939,10.00
0.049830,4.994745,0.504992,0.41923,10.00
0.049840,4.994737,0.505980,0.41911,10.00
0.049850,4.994938,0.506832,0.41901,10.00
0.049860,4.995828,0.506852,0.41808,10.00
0.049870,4.996689,0.506021,0.41760,10.00
0.049880,4.997496,0.504747,0.41739,10.00
0.049890,4.998235,0.503268,0.41734,10.00
0.049900,4.998904,0.501722,0.41736,10.00
0.049910,4.999512,0.500174,0.41742,10.00
0.049920,5.000048,0.498669,0.41751,10.00
0.049930,5.000515,0.497237,0.41761,10.00
0.049940,5.000918,0.495895,0.41772,10.00
0.049950,5.001116,0.494648,0.41782,10.00
0.049960,5.000698,0.494113,0.41865,10.00
0.049970,5.000279,0.494316,0.41909,10.00
0.049980,4.999883,0.494914,0.41931,10.00
0.049990,4.999522,0.495707,0.41940,10.00
0.050000,4.999435,0.496577,0.41941,10.00
0.050010,5.000300,0.496587,0.41871,10.00
0.050020,5.001157,0.496458,0.41866,10.00
0.050030,5.002002,0.496189,0.41862,10.00
0.050040,5.002826,0.495781,0.41857,10.00
0.050050,5.003319,0.495235,0.41852,10.00
0.050060,5.002569,0.494700,0.41855,10.00
0.050070,5.001801,0.494280,0.41858,10.00
0.050080,5.001021,0.493979,0.41861,10.00
0.050090,5.000234,0.493801,0.41865,10.00
0.050100,4.999740,0.493748,0.41869,10.00
0.050110,5.000422,0.493681,0.41866,10.00
0.050120,5.001094,0.493505,0.41862,10.00
0.050130,5.001752,0.493219,0.41858,10.00
0.050140,5.002391,0.492825,0.41854,10.00
0.050150,5.002813,0.492323,0.41851,10.00
0.050160,5.002434,0.491810,0.41852,10.00
0.050170,5.002035,0.491353,0.41853,10.00
0.050180,5.001619,0.490955,0.41854,10.00
0.050190,5.001188,0.490621,0.41856,10.00
0.050200,5.000756,0.490354,0.41858,10.00
0.050210,5.000353,0.490153,0.41860,10.00
0.050220,4.999946,0.490015,0.41862,10.00
0.050230,4.999535,0.489944,0.41864,10.00
0.050240,4.999125,0.489941,0.41866,10.00
0.050250,4.998653,0.490005,0.41869,10.00
0.050260,4.997923,0.490171,0.41873,10.00
0.050270,4.997207,0.490459,0.41877,10.00
0.050280,4.996512,0.490869,0.41881,10.00
0.050290,4.995841,0.491398,0.41886,10.00
0.050300,4.995212,0.492046,0.41890,10.00
0.050310,4.994666,0.492801,0.41895,10.00
0.050320,4.994159,0.493657,0.41899,10.00
0.050330,4.993696,0.494608,0.41903,10.00
0.050340,4.993280,0.495647,0.41907,10.00
0.050350,4.993080,0.496769,0.41911,10.00
0.050360,4.993587,0.497886,0.41911,10.00
0.050370,4.994140,0.498936,0.41910,10.00
0.050380,4.994736,0.499911,0.41909,10.00
0.050390,4.995371,0.500802,0.41907,10.00
0.050400,4.996013,0.501602,0.41905,10.00
0.050410,4.996572,0.502317,0.41903,10.00
0.050420,4.997159,0.502949,0.41901,10.00
0.050430,4.997769,0.503493,0.41899,10.00
0.050440,4.998398,0.503944,0.41897,10.00
0.050450,4.999031,0.504297,0.41894,10.00
0.050460,4.999630,0.504553,0.41891,10.00
0.050470,5.000234,0.504713,0.41888,10.00
0.050480,5.000841,0.504775,0.41885,10.00
0.050490,5.001445,0.504737,0.41881,10.00
0.050500,5.001810,0.504598,0.41878,10.00
0.050510,5.001247,0.504469,0.41880,10.00
0.050520,5.000683,0.504427,0.41883,10.00
0.050530,5.000121,0.504472,0.41886,10.00
0.050540,4.999567,0.504606,0.41888,10.00
0.050550,4.999069,0.504829,0.41891,10.00
0.050560,4.998768,0.505117,0.41893,10.00
0.050570,4.998483,0.505456,0.41895,10.00
0.050580,4.998215,0.505843,0.41897,10.00
0.050590,4.997968,0.506276,0.41899,10.00
0.050600,4.997783,0.506752,0.41900,10.00
0.050610,4.997782,0.507249,0.41901,10.00
0.050620,4.997804,0.507750,0.41902,10.00
0.050630,4.997848,0.508252,0.41902,10.00
0.050640,4.997915,0.508750,0.41902,10.00
0.050650,4.998212,0.509241,0.41903,10.00
0.050660,4.999355,0.509621,0.41897,10.00
0.050670,5.000505,0.509818,0.41892,10.00
0.050680,5.001653,0.509829,0.41886,10.00
0.050690,5.002792,0.509651,0.41879,10.00
0.050700,5.003753,0.509283,0.41873,10.00
0.050710,5.004052,0.508802,0.41870,10.00
0.050720,5.004327,0.508264,0.41867,10.00
0.050730,5.004574,0.507670,0.41865,10.00
0.050740,5.004792,0.507025,0.41862,10.00
0.050750,5.005107,0.506333,0.41860,10.00
0.050760,5.005897,0.505538,0.41854,10.00
0.050770,5.006645,0.504601,0.41849,10.00
0.050780,5.007342,0.503529,0.41843,10.00
0.050790,5.007985,0.502329,0.41837,10.00
0.050800,5.008602,0.501006,0.41832,10.00
0.050810,5.009298,0.499554,0.41826,10.00
0.050820,5.009922,0.497968,0.41820,10.00
0.050830,5.010467,0.496261,0.41814,10.00
0.050840,5.010930,0.494442,0.41808,10.00
0.050850,5.011050,0.492525,0.41803,10.00
0.050860,5.010066,0.490646,0.41805,10.00
0.050870,5.009005,0.488903,0.41807,10.00
0.050880,5.007873,0.487309,0.41810,10.00
0.050890,5.006679,0.485881,0.41814,10.00
0.050900,5.005470,0.484629,0.41818,10.00
0.050910,5.004370,0.483548,0.41822,10.00
0.050920,5.003232,0.482635,0.41826,10.00
0.050930,5.002061,0.481899,0.41831,10.00
0.050940,5.000868,0.481347,0.41837,10.00
0.050950,4.999764,0.480987,0.41843,10.00
0.050960,4.999067,0.480772,0.41846,10.00
0.050970,4.998367,0.480674,0.41850,10.00
0.050980,4.997668,0.480694,0.41854,10.00
0.050990,4.996978,0.480833,0.41859,10.00
0.051000,4.996556,0.481093,0.41863,10.00
0.051010,4.997176,0.481346,0.41861,10.00
0.051020,4.997802,0.481510,0.41858,10.00
0.051030,4.998429,0.481580,0.41856,10.00
0.051040,4.999055,0.481556,0.41853,10.00
0.051050,4.999140,0.481436,0.41850,10.00
0.051060,4.997091,0.481477,0.41861,10.00
0.051070,4.995062,0.481855,0.41872,10.00
0.051080,4.993068,0.482570,0.41884,10.00
0.051090,4.991126,0.483622,0.41896,10.00
0.051100,4.989462,0.485007,0.41908,10.00
0.051110,4.988727,0.486615,0.41915,10.00
0.051120,4.988073,0.488368,0.41922,10.00
0.051130,4.987505,0.490254,0.41929,10.00
0.051140,4.987028,0.492260,0.41935,10.00
0.051150,4.986933,0.494373,0.41941,10.00
0.051160,4.988072,0.496440,0.41939,10.00
0.051170,4.989295,0.498352,0.41937,10.00
0.051180,4.990595,0.500092,0.41933,10.00
0.051190,4.991963,0.501646,0.41929,10.00
0.051200,4.993100,0.502998,0.41924,10.00
0.051210,4.993135,0.504277,0.41926,10.00
0.051220,4.993227,0.505564,0.41928,10.00
0.051230,4.993378,0.506851,0.41929,10.00
0.051240,4.993585,0.508127,0.41930,10.00
0.051250,4.994025,0.509383,0.41931,10.00
0.051260,4.995214,0.510525,0.41927,10.00
0.051270,4.996446,0.511486,0.41922,10.00
0.051280,4.997710,0.512255,0.41916,10.00
0.051290,4.998997,0.512826,0.41911,10.00
0.051300,5.000238,0.513191,0.41904,10.00
0.051310,5.001241,0.513374,0.41899,10.00
0.051320,5.002243,0.513391,0.41893,10.00
0.051330,5.003237,0.513241,0.41888,10.00
0.051340,5.004215,0.512922,0.41882,10.00
0.051350,5.005118,0.512434,0.41876,10.00
0.051360,5.005782,0.511806,0.41871,10.00
0.051370,5.006412,0.511055,0.41866,10.00
0.051380,5.007002,0.510187,0.41861,10.00
0.051390,5.007547,0.509207,0.41856,10.00
0.051400,5.007816,0.508121,0.41851,10.00
0.051410,5.007136,0.507045,0.41852,10.00
0.051420,5.006413,0.506060,0.41853,10.00
0.051430,5.005651,0.505175,0.41855,10.00
0.051440,5.004856,0.504398,0.41858,10.00
0.051450,5.004305,0.503736,0.41860,10.00
0.051460,5.004821,0.503064,0.41856,10.00
0.051470,5.005301,0.502298,0.41853,10.00
0.051480,5.005741,0.501442,0.41849,10.00
0.051490,5.006139,0.500503,0.41845,10.00
0.051500,5.006278,0.499485,0.41841,10.00
0.051510,5.005527,0.498499,0.41843,10.00
0.051520,5.004736,0.497620,0.41845,10.00
0.051530,5.003913,0.496857,0.41848,10.00
0.051540,5.003062,0.496217,0.41851,10.00
0.051550,5.002461,0.495707,0.41855,10.00
0.051560,5.002924,0.495200,0.41852,10.00
0.051570,5.003360,0.494613,0.41849,10.00
0.051580,5.003765,0.493950,0.41845,10.00
0.051590,5.004136,0.493214,0.41842,10.00
0.051600,5.004236,0.492409,0.41839,10.00
0.051610,5.003367,0.491655,0.41843,10.00
0.051620,5.002471,0.491033,0.41846,10.00
0.051630,5.001554,0.490550,0.41850,10.00
0.051640,5.000624,0.490211,0.41854,10.00
0.051650,4.999927,0.490020,0.41859,10.00
0.051660,5.000184,0.489866,0.41858,10.00
0.051670,5.000433,0.489670,0.41856,10.00
0.051680,5.000670,0.489436,0.41855,10.00
0.051690,5.000894,0.489163,0.41854,10.00
0.051700,5.001018,0.488853,0.41852,10.00
0.051710,5.000782,0.488550,0.41853,10.00
0.051720,5.000535,0.488284,0.41854,10.00
0.051730,5.000278,0.488057,0.41855,10.00
0.051740,5.000013,0.487873,0.41857,10.00
0.051750,4.999683,0.487731,0.41858,10.00
0.051760,4.999113,0.487664,0.41861,10.00
0.051770,4.998545,0.487691,0.41864,10.00
0.051780,4.997984,0.487814,0.41867,10.00
0.051790,4.997433,0.488032,0.41871,10.00
0.051800,4.996997,0.488345,0.41874,10.00
0.051810,4.996972,0.488705,0.41875,10.00
0.051820,4.996963,0.489076,0.41876,10.00
0.051830,4.996972,0.489457,0.41877,10.00
0.051840,4.996999,0.489844,0.41878,10.00
0.051850,4.997096,0.490235,0.41879,10.00
0.051860,4.997422,0.490600,0.41878,10.00
0.051870,4.997762,0.490920,0.41877,10.00
0.051880,4.998114,0.491191,0.41876,10.00
0.051890,4.998475,0.491411,0.41875,10.00
0.051900,4.998773,0.491577,0.41873,10.00
0.051910,4.998796,0.491721,0.41873,10.00
0.051920,4.998826,0.491865,0.41874,10.00
0.051930,4.998862,0.492007,0.41874,10.00
0.051940,4.998904,0.492147,0.41874,10.00
0.051950,4.998895,0.492282,0.41874,10.00
0.051960,4.998669,0.492440,0.41876,10.00
0.051970,4.998451,0.492638,0.41877,10.00
0.051980,4.998245,0.492874,0.41879,10.00
0.051990,4.998051,0.493147,0.41880,10.00
0.052000,4.997800,0.493456,0.41882,10.00
0.052010,4.997283,0.493834,0.41885,10.00
0.052020,4.996787,0.494300,0.41888,10.00
0.052030,4.996317,0.494853,0.41892,10.00
0.052040,4.995876,0.495490,0.41895,10.00
0.052050,4.995336,0.496207,0.41899,10.00
0.052060,4.994306,0.497064,0.41905,10.00
0.052070,4.993324,0.498098,0.41912,10.00
0.052080,4.992399,0.499304,0.41919,10.00
0.052090,4.991537,0.500675,0.41926,10.00
0.052100,4.990780,0.502203,0.41932,10.00
0.052110,4.990240,0.503861,0.41938,10.00
0.052120,4.989781,0.505627,0.41943,10.00
0.052130,4.989406,0.507489,0.41948,10.00
0.052140,4.989120,0.509434,0.41953,10.00
0.052150,4.989020,0.511448,0.41957,10.00
0.052160,4.989385,0.513472,0.41959,10.00
0.052170,4.989840,0.515459,0.41960,10.00
0.052180,4.990381,0.517395,0.41960,10.00
0.052190,4.991006,0.519264,0.41960,10.00
0.052200,4.991768,0.521051,0.41959,10.00
0.052210,4.992835,0.522713,0.41956,10.00
0.052220,4.993967,0.524219,0.41953,10.00
0.052230,4.995159,0.525553,0.41948,10.00
0.052240,4.996400,0.526705,0.41944,10.00
0.052250,4.997624,0.527663,0.41938,10.00
0.052260,4.998641,0.528447,0.41934,10.00
0.052270,4.999686,0.529067,0.41929,10.00
0.052280,5.000749,0.529517,0.41923,10.00
0.052290,5.001822,0.529792,0.41918,10.00
0.052300,5.003003,0.529887,0.41912,10.00
0.052310,5.004589,0.529749,0.41903,10.00
0.052320,5.006155,0.529343,0.41893,10.00
0.052330,5.007688,0.528669,0.41883,10.00
0.052340,5.009177,0.527729,0.41874,10.00
0.052350,5.010735,0.526527,0.41863,10.00
0.052360,5.012730,0.525006,0.41850,10.00
0.052370,5.014637,0.523134,0.41836,10.00
0.052380,5.016441,0.520921,0.41822,10.00
0.052390,5.018127,0.518380,0.41809,10.00
0.052400,5.019600,0.515524,0.41795,10.00
0.052410,5.020604,0.512413,0.41784,10.00
0.052420,5.021457,0.509093,0.41773,10.00
0.052430,5.022150,0.505586,0.41763,10.00
0.052440,5.022676,0.501916,0.41754,10.00
0.052450,5.023061,0.498111,0.41745,10.00
0.052460,5.023396,0.494182,0.41736,10.00
0.052470,5.023547,0.490146,0.41728,10.00
0.052480,5.023513,0.486033,0.41721,10.00
0.052490,5.023291,0.481874,0.41715,10.00
0.052500,5.022808,0.477700,0.41710,10.00
0.052510,5.021846,0.473577,0.41708,10.00
0.052520,5.020704,0.469562,0.41707,10.00
0.052530,5.019389,0.465686,0.41707,10.00
0.052540,5.017908,0.461980,0.41709,10.00
0.052550,5.016070,0.458475,0.41712,10.00
0.052560,5.013284,0.455297,0.41721,10.00
0.052570,5.010378,0.452541,0.41732,10.00
0.052580,5.007372,0.450231,0.41744,10.00
0.052590,5.004287,0.448392,0.41757,10.00
0.052600,5.001061,0.447043,0.41772,10.00
0.052610,4.997462,0.446242,0.41790,10.00
0.052620,4.993858,0.446029,0.41809,10.00
0.052630,4.990278,0.446414,0.41830,10.00
0.052640,4.986748,0.447401,0.41851,10.00
0.052650,4.983587,0.448989,0.41872,10.00
0.052660,4.981694,0.451033,0.41887,10.00
0.052670,4.979912,0.453428,0.41902,10.00
0.052680,4.978256,0.456160,0.41917,10.00
0.052690,4.976740,0.459212,0.41931,10.00
0.052700,4.975590,0.462565,0.41945,10.00
0.052710,4.975451,0.466094,0.41953,10.00
0.052720,4.975474,0.469705,0.41961,10.00
0.052730,4.975662,0.473372,0.41967,10.00
0.052740,4.976017,0.477068,0.41973,10.00
0.052750,4.976233,0.480764,0.41978,10.00
0.052760,4.975401,0.484579,0.41989,10.00
0.052770,4.974751,0.488585,0.42000,10.00
0.052780,4.974290,0.492754,0.42010,10.00
0.052790,4.974024,0.497055,0.42019,10.00
0.052800,4.974172,0.501458,0.42028,10.00
0.052810,4.975379,0.505826,0.42030,10.00
0.052820,4.976775,0.510055,0.42030,10.00
0.052830,4.978351,0.514113,0.42029,10.00
0.052840,4.980100,0.517965,0.42027,10.00
0.052850,4.981864,0.521580,0.42023,10.00
0.052860,4.983200,0.524997,0.42022,10.00
0.052870,4.984681,0.528234,0.42020,10.00
0.052880,4.986296,0.531265,0.42016,10.00
0.052890,4.988036,0.534064,0.42011,10.00
0.052900,4.989712,0.536607,0.42006,10.00
0.052910,4.990792,0.538956,0.42003,10.00
0.052920,4.991970,0.541148,0.42000,10.00
0.052930,4.993237,0.543164,0.41996,10.00
0.052940,4.994585,0.544986,0.41991,10.00
0.052950,4.995993,0.546598,0.41986,10.00
0.052960,4.997419,0.547992,0.41980,10.00
0.052970,4.998896,0.549157,0.41973,10.00
0.052980,5.000412,0.550081,0.41965,10.00
0.052990,5.001957,0.550755,0.41957,10.00
0.053000,5.003502,0.551171,0.41949,10.00
0.053010,5.004987,0.551330,0.41940,10.00
0.053020,5.006466,0.551234,0.41931,10.00
0.053030,5.007926,0.550880,0.41922,10.00
0.053040,5.009357,0.550268,0.41912,10.00
0.053050,5.010893,0.549399,0.41902,10.00
0.053060,5.012958,0.548206,0.41888,10.00
0.053070,5.014949,0.546648,0.41874,10.00
0.053080,5.016851,0.544731,0.41860,10.00
0.053090,5.018648,0.542467,0.41845,10.00
0.053100,5.020506,0.539867,0.41831,10.00
0.053110,5.022950,0.536860,0.41812,10.00
0.053120,5.025234,0.533405,0.41793,10.00
0.053130,5.027340,0.529524,0.41775,10.00
0.053140,5.029248,0.525240,0.41757,10.00
0.053150,5.030886,0.520581,0.41739,10.00
0.053160,5.032065,0.515605,0.41723,10.00
0.053170,5.033005,0.510367,0.41709,10.00
0.053180,5.033698,0.504901,0.41695,10.00
0.053190,5.034134,0.499247,0.41682,10.00
0.053200,5.033961,0.493447,0.41671,10.00
0.053210,5.032143,0.487708,0.41670,10.00
0.053220,5.030079,0.482190,0.41671,10.00
0.053230,5.027781,0.476935,0.41673,10.00
0.053240,5.025263,0.471988,0.41677,10.00
0.053250,5.022918,0.467391,0.41684,10.00
0.053260,5.021882,0.463000,0.41682,10.00
0.053270,5.020654,0.458730,0.41681,10.00
0.053280,5.019242,0.454616,0.41682,10.00
0.053290,5.017655,0.450689,0.41684,10.00
0.053300,5.015884,0.446983,0.41688,10.00
0.053310,5.013886,0.443538,0.41693,10.00
0.053320,5.011749,0.440387,0.41700,10.00
0.053330,5.009487,0.437560,0.41708,10.00
0.053340,5.007117,0.435081,0.41717,10.00
0.053350,5.004487,0.432973,0.41727,10.00
0.053360,5.001113,0.431339,0.41743,10.00
0.053370,4.997695,0.430250,0.41760,10.00
0.053380,4.994259,0.429723,0.41779,10.00
0.053390,4.990830,0.429768,0.41798,10.00
0.053400,4.987398,0.430391,0.41818,10.00
0.053410,4.983880,0.431612,0.41840,10.00
0.053420,4.980450,0.433442,0.41862,10.00
0.053430,4.977135,0.435873,0.41885,10.00
0.053440,4.973962,0.438895,0.41909,10.00
0.053450,4.971295,0.442492,0.41932,10.00
0.053460,4.970170,0.446479,0.41947,10.00
0.053470,4.969238,0.450721,0.41961,10.00
0.053480,4.968509,0.455188,0.41974,10.00
0.053490,4.967991,0.459849,0.41986,10.00
0.053500,4.967488,0.464670,0.41997,10.00
0.053510,4.966398,0.469715,0.42013,10.00
0.053520,4.965548,0.475015,0.42028,10.00
0.053530,4.964949,0.480532,0.42041,10.00
0.053540,4.964609,0.486226,0.42054,10.00
0.053550,4.964532,0.492056,0.42065,10.00
0.053560,4.964725,0.497980,0.42075,10.00
0.053570,4.965188,0.503953,0.42084,10.00
0.053580,4.965919,0.509930,0.42091,10.00
0.053590,4.966918,0.515865,0.42096,10.00
0.053600,4.968046,0.521714,0.42100,10.00
0.053610,4.968899,0.527494,0.42105,10.00
0.053620,4.970009,0.533204,0.42109,10.00
0.053630,4.971370,0.538800,0.42111,10.00
0.053640,4.972974,0.544238,0.42112,10.00
0.053650,4.974489,0.549474,0.42111,10.00
0.053660,4.974936,0.554624,0.42116,10.00
0.053670,4.975615,0.559751,0.42121,10.00
0.053680,4.976522,0.564818,0.42124,10.00
0.053690,4.977652,0.569784,0.42125,10.00
0.053700,4.979363,0.574612,0.42125,10.00
0.053710,4.982733,0.579086,0.42114,10.00
0.053720,4.986276,0.583050,0.42102,10.00
0.053730,4.989969,0.586468,0.42087,10.00
0.053740,4.993784,0.589307,0.42070,10.00
0.053750,4.997628,0.591538,0.42052,10.00
0.053760,5.001277,0.593170,0.42034,10.00
0.053770,5.004966,0.594203,0.42015,10.00
0.053780,5.008669,0.594623,0.41995,10.00
0.053790,5.012357,0.594419,0.41973,10.00
0.053800,5.016145,0.593585,0.41951,10.00
0.053810,5.020429,0.592050,0.41924,10.00
0.053820,5.024604,0.589773,0.41896,10.00
0.053830,5.028637,0.586761,0.41868,10.00
0.053840,5.032495,0.583027,0.41840,10.00
0.053850,5.036066,0.578592,0.41811,10.00
0.053860,5.039080,0.573521,0.41784,10.00
0.053870,5.041834,0.567869,0.41758,10.00
0.053880,5.044305,0.561673,0.41733,10.00
0.053890,5.046469,0.554974,0.41708,10.00
0.053900,5.048517,0.547816,0.41684,10.00
0.053910,5.051056,0.540148,0.41657,10.00
0.053920,5.053220,0.531953,0.41630,10.00
0.053930,5.054990,0.523286,0.41604,10.00
0.053940,5.056348,0.514210,0.41580,10.00
0.053950,5.057083,0.504786,0.41558,10.00
0.053960,5.056605,0.495177,0.41543,10.00
0.053970,5.055691,0.485518,0.41530,10.00
0.053980,5.054343,0.475880,0.41520,10.00
0.053990,5.052567,0.466338,0.41513,10.00
0.054000,5.050273,0.456966,0.41508,10.00
0.054010,5.047187,0.447883,0.41508,10.00
0.054020,5.043712,0.439194,0.41511,10.00
0.054030,5.039872,0.430970,0.41517,10.00
0.054040,5.035690,0.423279,0.41526,10.00
0.054050,5.031437,0.416187,0.41538,10.00
0.054060,5.027862,0.409638,0.41547,10.00
0.054070,5.024020,0.403609,0.41558,10.00
0.054080,5.019938,0.398153,0.41572,10.00
0.054090,5.015644,0.393319,0.41587,10.00
0.054100,5.010975,0.389151,0.41605,10.00
0.054110,5.005393,0.385781,0.41631,10.00
0.054120,4.999708,0.383307,0.41658,10.00
0.054130,4.993961,0.381758,0.41687,10.00
0.054140,4.988196,0.381159,0.41719,10.00
0.054150,4.982529,0.381524,0.41752,10.00
0.054160,4.977223,0.382828,0.41784,10.00
0.054170,4.972024,0.385048,0.41818,10.00
0.054180,4.966975,0.388179,0.41852,10.00
0.054190,4.962116,0.392207,0.41887,10.00
0.054200,4.957507,0.397113,0.41923,10.00
0.054210,4.953250,0.402860,0.41957,10.00
0.054220,4.949295,0.409407,0.41992,10.00
0.054230,4.945676,0.416713,0.42026,10.00
0.054240,4.942424,0.424733,0.42059,10.00
0.054250,4.939766,0.433414,0.42092,10.00
0.054260,4.938316,0.442603,0.42118,10.00
0.054270,4.937299,0.452171,0.42142,10.00
0.054280,4.936730,0.462050,0.42164,10.00
0.054290,4.936618,0.472169,0.42184,10.00
0.054300,4.936571,0.482454,0.42202,10.00
0.054310,4.935402,0.493020,0.42227,10.00
0.054320,4.934727,0.503921,0.42251,10.00
0.054330,4.934556,0.515078,0.42272,10.00
0.054340,4.934898,0.526408,0.42290,10.00
0.054350,4.936131,0.537829,0.42306,10.00
0.054360,4.939373,0.549071,0.42309,10.00
0.054370,4.943100,0.559926,0.42308,10.00
0.054380,4.947290,0.570306,0.42304,10.00
0.054390,4.951917,0.580126,0.42297,10.00
0.054400,4.956589,0.589304,0.42286,10.00
0.054410,4.960190,0.597939,0.42281,10.00
0.054420,4.964154,0.606075,0.42273,10.00
0.054430,4.968454,0.613644,0.42262,10.00
0.054440,4.973060,0.620582,0.42248,10.00
0.054450,4.977926,0.626828,0.42232,10.00
0.054460,4.982968,0.632335,0.42213,10.00
0.054470,4.988217,0.637057,0.42191,10.00
0.054480,4.993633,0.640948,0.42167,10.00
0.054490,4.999177,0.643969,0.42141,10.00
0.054500,5.004643,0.646086,0.42112,10.00
0.054510,5.009490,0.647353,0.42086,10.00
0.054520,5.014352,0.647805,0.42058,10.00
0.054530,5.019189,0.647427,0.42029,10.00
0.054540,5.023964,0.646214,0.41999,10.00
0.054550,5.028871,0.644164,0.41968,10.00
0.054560,5.034559,0.641171,0.41930,10.00
0.054570,5.040058,0.637172,0.41891,10.00
0.054580,5.045324,0.632186,0.41852,10.00
0.054590,5.050314,0.626237,0.41812,10.00
0.054600,5.055208,0.619361,0.41773,10.00
0.054610,5.060630,0.611491,0.41728,10.00
0.054620,5.065643,0.602602,0.41684,10.00
0.054630,5.070203,0.592749,0.41640,10.00
0.054640,5.074271,0.581997,0.41598,10.00
0.054650,5.077941,0.570415,0.41557,10.00
0.054660,5.081572,0.558018,0.41514,10.00
0.054670,5.084603,0.544849,0.41474,10.00
0.054680,5.087003,0.530998,0.41435,10.00
0.054690,5.088748,0.516561,0.41400,10.00
0.054700,5.089733,0.501642,0.41367,10.00
0.054710,5.089696,0.486389,0.41339,10.00
0.054720,5.088960,0.470941,0.41316,10.00
0.054730,5.087525,0.455413,0.41296,10.00
0.054740,5.085391,0.439921,0.41280,10.00
0.054750,5.082382,0.424585,0.41268,10.00
0.054760,5.077951,0.409614,0.41265,10.00
0.054770,5.072876,0.395187,0.41267,10.00
0.054780,5.067187,0.381420,0.41274,10.00
0.054790,5.060919,0.368427,0.41285,10.00
0.054800,5.054239,0.356316,0.41301,10.00
0.054810,5.047562,0.345129,0.41318,10.00
0.054820,5.040433,0.334922,0.41340,10.00
0.054830,5.032903,0.325787,0.41366,10.00
0.054840,5.025024,0.317804,0.41396,10.00
0.054850,5.016735,0.311049,0.41430,10.00
0.054860,5.007749,0.305644,0.41471,10.00
0.054870,4.998597,0.301684,0.41516,10.00
0.054880,4.989347,0.299218,0.41563,10.00
0.054890,4.980069,0.298283,0.41614,10.00
0.054900,4.970841,0.298903,0.41667,10.00
0.054910,4.961755,0.301090,0.41723,10.00
0.054920,4.952852,0.304843,0.41780,10.00
0.054930,4.944202,0.310153,0.41839,10.00
0.054940,4.935875,0.316999,0.41898,10.00
0.054950,4.928045,0.325346,0.41959,10.00
0.054960,4.921101,0.335098,0.42016,10.00
0.054970,4.914668,0.346161,0.42074,10.00
0.054980,4.908799,0.358467,0.42130,10.00
0.054990,4.903548,0.371938,0.42185,10.00
0.055000,4.898961,0.386484,0.42238,10.00
0.055010,4.895084,0.402008,0.42289,10.00
0.055020,4.891953,0.418403,0.42337,10.00
0.055030,4.889601,0.435555,0.42382,10.00
0.055040,4.888056,0.453342,0.42424,10.00
0.055050,4.887401,0.471636,0.42462,10.00
0.055060,4.887836,0.490274,0.42495,10.00
0.055070,4.889120,0.509098,0.42523,10.00
0.055080,4.891255,0.527967,0.42546,10.00
0.055090,4.894233,0.546737,0.42564,10.00
0.055100,4.897857,0.565265,0.42577,10.00
0.055110,4.901551,0.583495,0.42590,10.00
0.055120,4.906046,0.601347,0.42597,10.00
0.055130,4.911316,0.618679,0.42599,10.00
0.055140,4.917332,0.635354,0.42596,10.00
0.055150,4.923973,0.651236,0.42587,10.00
0.055160,4.930953,0.666234,0.42574,10.00
0.055170,4.938555,0.680250,0.42557,10.00
0.055180,4.946729,0.693166,0.42534,10.00
0.055190,4.955419,0.704870,0.42506,10.00
0.055200,4.964365,0.715257,0.42473,10.00
0.055210,4.972906,0.724331,0.42440,10.00
0.055220,4.981783,0.732070,0.42403,10.00
0.055230,4.990934,0.738401,0.42362,10.00
0.055240,5.000290,0.743256,0.42317,10.00
0.055250,5.010144,0.746584,0.42269,10.00
0.055260,5.021501,0.748163,0.42207,10.00
0.055270,5.032826,0.747845,0.42143,10.00
0.055280,5.044034,0.745609,0.42075,10.00
0.055290,5.055036,0.741448,0.42006,10.00
0.055300,5.065779,0.735370,0.41934,10.00
0.055310,5.076267,0.727385,0.41860,10.00
0.055320,5.086295,0.717519,0.41785,10.00
0.055330,5.095779,0.705825,0.41710,10.00
0.055340,5.104642,0.692369,0.41636,10.00
0.055350,5.112685,0.677233,0.41562,10.00
0.055360,5.119470,0.660572,0.41492,10.00
0.055370,5.125431,0.642533,0.41425,10.00
0.055380,5.130512,0.623238,0.41360,10.00
0.055390,5.134663,0.602818,0.41299,10.00
0.055400,5.137875,0.581414,0.41241,10.00
0.055410,5.140210,0.559164,0.41187,10.00
0.055420,5.141505,0.536214,0.41137,10.00
0.055430,5.141737,0.512731,0.41093,10.00
0.055440,5.140893,0.488889,0.41053,10.00
0.055450,5.138906,0.464863,0.41020,10.00
0.055460,5.135602,0.440864,0.40994,10.00
0.055470,5.131229,0.417094,0.40974,10.00
0.055480,5.125808,0.393737,0.40962,10.00
0.055490,5.119367,0.370977,0.40956,10.00
0.055500,5.112059,0.348993,0.40957,10.00
0.055510,5.104270,0.327907,0.40963,10.00
0.055520,5.095588,0.307853,0.40975,10.00
0.055530,5.086067,0.288998,0.40994,10.00
0.055540,5.075770,0.271498,0.41020,10.00
0.055550,5.064877,0.255504,0.41053,10.00
0.055560,5.053797,0.241101,0.41090,10.00
0.055570,5.042158,0.228384,0.41133,10.00
0.055580,5.030044,0.217468,0.41182,10.00
0.055590,5.017542,0.208460,0.41236,10.00
0.055600,5.004484,0.201450,0.41296,10.00
0.055610,4.990198,0.196641,0.41368,10.00
0.055620,4.975822,0.194179,0.41444,10.00
0.055630,4.961465,0.194113,0.41525,10.00
0.055640,4.947237,0.196470,0.41610,10.00
0.055650,4.933329,0.201264,0.41698,10.00
0.055660,4.920099,0.208447,0.41786,10.00
0.055670,4.907319,0.217966,0.41876,10.00
0.055680,4.895091,0.229777,0.41967,10.00
0.055690,4.883516,0.243818,0.42058,10.00
0.055700,4.872742,0.260009,0.42149,10.00
0.055710,4.863018,0.278227,0.42238,10.00
0.055720,4.854216,0.298341,0.42325,10.00
0.055730,4.846415,0.320220,0.42410,10.00
0.055740,4.839687,0.343719,0.42492,10.00
0.055750,4.833856,0.368680,0.42570,10.00
0.055760,4.828260,0.395045,0.42649,10.00
0.055770,4.823922,0.422709,0.42724,10.00
0.055780,4.820890,0.451477,0.42794,10.00
0.055790,4.819202,0.481143,0.42858,10.00
0.055800,4.819087,0.511492,0.42915,10.00
0.055810,4.821159,0.542205,0.42960,10.00
0.055820,4.824619,0.572987,0.42997,10.00
0.055830,4.829456,0.603605,0.43027,10.00
0.055840,4.835650,0.633823,0.43048,10.00
0.055850,4.843336,0.663405,0.43060,10.00
0.055860,4.852969,0.692040,0.43059,10.00
0.055870,4.863825,0.719442,0.43048,10.00
0.055880,4.875836,0.745388,0.43029,10.00
0.055890,4.888924,0.769662,0.43000,10.00
0.055900,4.903232,0.792060,0.42962,10.00
0.055910,4.919339,0.812277,0.42910,10.00
0.055920,4.936225,0.830059,0.42848,10.00
0.055930,4.953770,0.845242,0.42778,10.00
0.055940,4.971851,0.857677,0.42700,10.00
0.055950,4.989815,0.867237,0.42614,10.00
0.055960,5.005980,0.874064,0.42535,10.00
0.055970,5.022310,0.878243,0.42449,10.00
0.055980,5.038682,0.879709,0.42359,10.00
0.055990,5.054970,0.878417,0.42264,10.00
0.056000,5.071306,0.874346,0.42165,10.00
0.056010,5.088325,0.867368,0.42056,10.00
0.056020,5.104868,0.857419,0.41944,10.00
0.056030,5.120805,0.844539,0.41830,10.00
0.056040,5.136007,0.828789,0.41715,10.00
0.056050,5.150234,0.810256,0.41600,10.00
0.056060,5.163025,0.789101,0.41489,10.00
0.056070,5.174732,0.765492,0.41379,10.00
0.056080,5.185250,0.739579,0.41271,10.00
0.056090,5.194487,0.711532,0.41167,10.00
0.056100,5.202303,0.681537,0.41067,10.00
0.056110,5.208470,0.649826,0.40973,10.00
0.056120,5.213129,0.616635,0.40885,10.00
0.056130,5.216225,0.582200,0.40804,10.00
0.056140,5.217718,0.546767,0.40730,10.00
0.056150,5.217428,0.510596,0.40663,10.00
0.056160,5.214902,0.474024,0.40609,10.00
0.056170,5.210724,0.437371,0.40565,10.00
0.056180,5.204907,0.400917,0.40529,10.00
0.056190,5.197474,0.364942,0.40504,10.00
0.056200,5.188418,0.329725,0.40490,10.00
0.056210,5.177659,0.295566,0.40487,10.00
0.056220,5.165434,0.262753,0.40495,10.00
0.056230,5.151818,0.231551,0.40513,10.00
0.056240,5.136899,0.202219,0.40543,10.00
0.056250,5.121027,0.175002,0.40583,10.00
0.056260,5.105066,0.150012,0.40627,10.00
0.056270,5.088108,0.127382,0.40682,10.00
0.056280,5.070269,0.107316,0.40746,10.00
0.056290,5.051674,0.089995,0.40819,10.00
0.056300,5.032704,0.075587,0.40901,10.00
0.056310,5.014231,0.064116,0.40986,10.00
0.056320,4.995402,0.055625,0.41078,10.00
0.056330,4.976357,0.050215,0.41176,10.00
0.056340,4.957239,0.047966,0.41281,10.00
0.056350,4.937960,0.048931,0.41392,10.00
0.056360,4.917969,0.053255,0.41513,10.00
0.056370,4.898358,0.061022,0.41639,10.00
0.056380,4.879283,0.072215,0.41767,10.00
0.056390,4.860894,0.086789,0.41898,10.00
0.056400,4.843397,0.104675,0.42031,10.00
0.056410,4.827101,0.125750,0.42162,10.00
0.056420,4.811920,0.149873,0.42293,10.00
0.056430,4.797981,0.176897,0.42422,10.00
0.056440,4.785407,0.206651,0.42549,10.00
0.056450,4.774048,0.238943,0.42672,10.00
0.056460,4.763231,0.273682,0.42796,10.00
0.056470,4.754102,0.310719,0.42916,10.00
0.056480,4.746751,0.349799,0.43029,10.00
0.056490,4.741256,0.390650,0.43135,10.00
0.056500,4.737971,0.432981,0.43233,10.00
0.056510,4.737808,0.476348,0.43315,10.00
0.056520,4.739632,0.520339,0.43386,10.00
0.056530,4.743452,0.564627,0.43447,10.00
0.056540,4.749265,0.608878,0.43496,10.00
0.056550,4.756971,0.652753,0.43533,10.00
0.056560,4.766303,0.695952,0.43560,10.00
0.056570,4.777527,0.738163,0.43575,10.00
0.056580,4.790580,0.779052,0.43577,10.00
0.056590,4.805385,0.818291,0.43565,10.00
0.056600,4.821932,0.855562,0.43541,10.00
0.056610,4.840359,0.890517,0.43502,10.00
0.056620,4.860216,0.922835,0.43449,10.00
0.056630,4.881372,0.952238,0.43384,10.00
0.056640,4.903680,0.978466,0.43307,10.00
0.056650,4.927039,1.001281,0.43217,10.00
0.056660,4.951443,1.020442,0.43115,10.00
0.056670,4.976502,1.035740,0.43002,10.00
0.056680,5.002032,1.047012,0.42879,10.00
0.056690,5.027845,1.054124,0.42746,10.00
0.056700,5.053654,1.056970,0.42605,10.00
0.056710,5.078980,1.055522,0.42459,10.00
0.056720,5.104008,1.049770,0.42307,10.00
0.056730,5.128545,1.039706,0.42149,10.00
0.056740,5.152396,1.025353,0.41988,10.00
0.056750,5.175290,1.006770,0.41824,10.00
0.056760,5.196790,0.984087,0.41660,10.00
0.056770,5.217055,0.957454,0.41496,10.00
0.056780,5.235916,0.927026,0.41332,10.00
0.056790,5.253212,0.892989,0.41171,10.00
0.056800,5.268884,0.855558,0.41014,10.00
0.056810,5.283067,0.814934,0.40859,10.00
0.056820,5.295262,0.771357,0.40709,10.00
0.056830,5.305350,0.725123,0.40567,10.00
0.056840,5.313229,0.676552,0.40433,10.00
0.056850,5.318807,0.625986,0.40308,10.00
0.056860,5.321992,0.573791,0.40193,10.00
0.056870,5.322759,0.520344,0.40090,10.00
0.056880,5.321072,0.466040,0.40000,10.00
0.056890,5.316916,0.411281,0.39922,10.00
0.056900,5.310399,0.356479,0.39858,10.00
0.056910,5.301867,0.301999,0.39806,10.00
0.056920,5.290919,0.248224,0.39769,10.00
0.056930,5.277611,0.195573,0.39748,10.00
0.056940,5.262014,0.144460,0.39742,10.00
0.056950,5.244323,0.095294,0.39752,10.00
0.056960,5.224953,0.048423,0.39776,10.00
0.056970,5.203616,0.004199,0.39816,10.00
0.056980,5.180450,-0.037009,0.39872,10.00
0.056990,5.155609,-0.074852,0.39943,10.00
0.057000,5.128562,-0.108999,0.40030,10.00
0.057010,5.097403,-0.138807,0.40150,10.00
0.057020,5.065164,-0.163768,0.40284,10.00
0.057030,5.032076,-0.183633,0.40433,10.00
0.057040,4.998382,-0.198189,0.40596,10.00
0.057050,4.964943,-0.207260,0.40770,10.00
0.057060,4.933845,-0.211007,0.40940,10.00
0.057070,4.902860,-0.209535,0.41119,10.00
0.057080,4.872225,-0.202794,0.41305,10.00
0.057090,4.842180,-0.190771,0.41498,10.00
0.057100,4.812803,-0.173492,0.41696,10.00
0.057110,4.783864,-0.150952,0.41902,10.00
0.057120,4.756222,-0.123207,0.42109,10.00
0.057130,4.730102,-0.090405,0.42318,10.00
0.057140,4.705722,-0.052735,0.42526,10.00
0.057150,4.683279,-0.010426,0.42731,10.00
0.057160,4.662932,0.036262,0.42932,10.00
0.057170,4.644908,0.087031,0.43128,10.00
0.057180,4.629372,0.141542,0.43317,10.00
0.057190,4.616474,0.199426,0.43497,10.00
0.057200,4.606061,0.260283,0.43667,10.00
0.057210,4.597404,0.323821,0.43832,10.00
0.057220,4.591733,0.389679,0.43985,10.00
0.057230,4.589129,0.457386,0.44124,10.00
0.057240,4.589647,0.526447,0.44248,10.00
0.057250,4.593345,0.596352,0.44355,10.00
0.057260,4.600301,0.666568,0.44445,10.00
0.057270,4.610406,0.736557,0.44516,10.00
0.057280,4.623623,0.805782,0.44569,10.00
0.057290,4.639887,0.873706,0.44601,10.00
0.057300,4.659366,0.939797,0.44614,10.00
0.057310,4.682707,1.003406,0.44600,10.00
0.057320,4.708747,1.063934,0.44564,10.00
0.057330,4.737318,1.120884,0.44508,10.00
0.057340,4.768236,1.173778,0.44431,10.00
0.057350,4.801055,1.222164,0.44333,10.00
0.057360,4.834843,1.265733,0.44221,10.00
0.057370,4.870317,1.304171,0.44091,10.00
0.057380,4.907226,1.337122,0.43942,10.00
0.057390,4.945305,1.364271,0.43776,10.00
0.057400,4.984742,1.385339,0.43594,10.00
0.057410,5.026631,1.399868,0.43385,10.00
0.057420,5.068802,1.407518,0.43161,10.00
0.057430,5.110939,1.408147,0.42924,10.00
0.057440,5.152719,1.401664,0.42677,10.00
0.057450,5.193513,1.388033,0.42419,10.00
0.057460,5.232086,1.367419,0.42163,10.00
0.057470,5.269362,1.339994,0.41901,10.00
0.057480,5.305042,1.305885,0.41636,10.00
0.057490,5.338835,1.265269,0.41369,10.00
0.057500,5.370428,1.218379,0.41103,10.00
0.057510,5.399460,1.165510,0.40841,10.00
0.057520,5.425806,1.107004,0.40583,10.00
0.057530,5.449233,1.043237,0.40332,10.00
0.057540,5.469527,0.974632,0.40090,10.00
0.057550,5.486529,0.901654,0.39859,10.00
0.057560,5.500164,0.824788,0.39640,10.00
0.057570,5.510157,0.744564,0.39435,10.00
0.057580,5.516386,0.661553,0.39246,10.00
0.057590,5.518758,0.576352,0.39075,10.00
0.057600,5.517219,0.489585,0.38923,10.00
0.057610,5.511759,0.401889,0.38792,10.00
0.057620,5.502336,0.313919,0.38683,10.00
0.057630,5.488972,0.226341,0.38596,10.00
0.057640,5.471721,0.139828,0.38534,10.00
0.057650,5.450577,0.055052,0.38496,10.00
0.057660,5.425382,-0.027276,0.38486,10.00
0.057670,5.396649,-0.106469,0.38502,10.00
0.057680,5.364554,-0.181885,0.38544,10.00
0.057690,5.329300,-0.252904,0.38612,10.00
0.057700,5.291363,-0.318932,0.38706,10.00
0.057710,5.251728,-0.379522,0.38819,10.00
0.057720,5.209682,-0.434227,0.38956,10.00
0.057730,5.165516,-0.482558,0.39118,10.00
0.057740,5.119985,-0.500000,0.39301,10.00
0.057750,5.074273,-0.500000,0.39497,10.00
0.057760,5.027534,-0.500000,0.39714,10.00
0.057770,4.981008,-0.500000,0.39945,10.00
0.057780,4.934692,-0.500000,0.40188,10.00
0.057790,4.888587,-0.500000,0.40444,10.00
0.057800,4.843093,-0.497200,0.40712,10.00
0.057810,4.799546,-0.486809,0.40983,10.00
0.057820,4.756875,-0.468849,0.41262,10.00
0.057830,4.715418,-0.443364,0.41549,10.00
0.057840,4.675508,-0.410460,0.41840,10.00
0.057850,4.637181,-0.370297,0.42135,10.00
0.057860,4.599894,-0.322954,0.42437,10.00
0.057870,4.565116,-0.268614,0.42737,10.00
0.057880,4.533143,-0.207606,0.43035,10.00
0.057890,4.504257,-0.140314,0.43326,10.00
0.057900,4.479013,-0.067175,0.43609,10.00
0.057910,4.458534,0.011179,0.43874,10.00
0.057920,4.441830,0.094117,0.44126,10.00
0.057930,4.429076,0.181062,0.44363,10.00
0.057940,4.420420,0.271400,0.44582,10.00
0.057950,4.415902,0.364483,0.44783,10.00
0.057960,4.415380,0.459670,0.44966,10.00
0.057970,4.419220,0.556286,0.45126,10.00
0.057980,4.427449,0.653612,0.45263,10.00
0.057990,4.440058,0.750914,0.45374,10.00
0.058000,4.456928,0.847449,0.45460,10.00
0.058010,4.477752,0.942509,0.45520,10.00
0.058020,4.502737,1.035378,0.45553,10.00
0.058030,4.531745,1.125319,0.45558,10.00
0.058040,4.564606,1.211613,0.45534,10.00
0.058050,4.601060,1.293555,0.45482,10.00
0.058060,4.640702,1.370497,0.45402,10.00
0.058070,4.683504,1.441809,0.45293,10.00
0.058080,4.729180,1.506879,0.45157,10.00
0.058090,4.777417,1.565136,0.44994,10.00
0.058100,4.827860,1.616051,0.44805,10.00
0.058110,4.880093,1.659158,0.44591,10.00
0.058120,4.933823,1.694038,0.44353,10.00
0.058130,4.988658,1.720327,0.44093,10.00
0.058140,5.044196,1.737718,0.43813,10.00
0.058150,5.099878,1.745972,0.43514,10.00
0.058160,5.154851,1.744984,0.43202,10.00
0.058170,5.209277,1.734696,0.42876,10.00
0.058180,5.262735,1.715073,0.42538,10.00
0.058190,5.314807,1.686152,0.42191,10.00
0.058200,5.365250,1.648039,0.41837,10.00
0.058210,5.414172,1.600831,0.41475,10.00
0.058220,5.460486,1.544721,0.41111,10.00
0.058230,5.503809,1.480029,0.40748,10.00
0.058240,5.543776,1.407142,0.40388,10.00
0.058250,5.579980,1.326517,0.40035,10.00
0.058260,5.611919,1.238703,0.39694,10.00
0.058270,5.639547,1.144302,0.39364,10.00
0.058280,5.662603,1.043953,0.39049,10.00
0.058290,5.680854,0.938349,0.38752,10.00
0.058300,5.693874,0.828230,0.38475,10.00
0.058310,5.700807,0.714492,0.38226,10.00
0.058320,5.702472,0.598034,0.38002,10.00
0.058330,5.698791,0.479710,0.37804,10.00
0.058340,5.689728,0.360400,0.37636,10.00
0.058350,5.675711,0.240999,0.37497,10.00
0.058360,5.658046,0.122213,0.37379,10.00
0.058370,5.635106,0.004815,0.37294,10.00
0.058380,5.607003,-0.110282,0.37242,10.00
0.058390,5.573890,-0.222174,0.37225,10.00
0.058400,5.535934,-0.329969,0.37242,10.00
0.058410,5.493298,-0.432787,0.37295,10.00
0.058420,5.446716,-0.500000,0.37382,10.00
0.058430,5.399590,-0.500000,0.37490,10.00
0.058440,5.352678,-0.500000,0.37610,10.00
0.058450,5.305938,-0.500000,0.37744,10.00
0.058460,5.259249,-0.500000,0.37891,10.00
0.058470,5.212771,-0.500000,0.38052,10.00
0.058480,5.166505,-0.500000,0.38225,10.00
0.058490,5.120448,-0.500000,0.38411,10.00
0.058500,5.074244,-0.500000,0.38610,10.00
0.058510,5.026829,-0.500000,0.38831,10.00
0.058520,4.979629,-0.500000,0.39064,10.00
0.058530,4.932643,-0.500000,0.39311,10.00
0.058540,4.885871,-0.500000,0.39571,10.00
0.058550,4.839446,-0.500000,0.39844,10.00
0.058560,4.793788,-0.498725,0.40126,10.00
0.058570,4.748581,-0.490189,0.40420,10.00
0.058580,4.704185,-0.473621,0.40724,10.00
0.058590,4.660960,-0.449054,0.41035,10.00
0.058600,4.619173,-0.416583,0.41352,10.00
0.058610,4.578903,-0.376321,0.41675,10.00
0.058620,4.540851,-0.328454,0.41998,10.00
0.058630,4.505344,-0.273260,0.42321,10.00
0.058640,4.472694,-0.211073,0.42639,10.00
0.058650,4.443555,-0.142288,0.42952,10.00
0.058660,4.419268,-0.067525,0.43247,10.00
0.058670,4.398632,0.012597,0.43530,10.00
0.058680,4.381858,0.097531,0.43801,10.00
0.058690,4.369130,0.186682,0.44056,10.00
0.058700,4.360306,0.279419,0.44293,10.00
0.058710,4.354619,0.375220,0.44518,10.00
0.058720,4.353374,0.473485,0.44723,10.00
0.058730,4.356643,0.573493,0.44905,10.00
0.058740,4.364465,0.674499,0.45062,10.00
0.058750,4.377251,0.775743,0.45194,10.00
0.058760,4.396180,0.876256,0.45289,10.00
0.058770,4.419542,0.975128,0.45355,10.00
0.058780,4.447220,1.071583,0.45392,10.00
0.058790,4.479066,1.164853,0.45399,10.00
0.058800,4.514759,1.254185,0.45375,10.00
0.058810,4.553682,1.338914,0.45326,10.00
0.058820,4.596132,1.418379,0.45246,10.00
0.058830,4.641836,1.491907,0.45136,10.00
0.058840,4.690491,1.558863,0.44997,10.00
0.058850,4.741941,1.618655,0.44830,10.00
0.058860,4.796344,1.670655,0.44631,10.00
0.058870,4.852633,1.714314,0.44406,10.00
0.058880,4.910411,1.749195,0.44155,10.00
0.058890,4.969260,1.774924,0.43882,10.00
0.058900,5.028941,1.791190,0.43587,10.00
0.058910,5.089569,1.797663,0.43268,10.00
0.058920,5.149943,1.794111,0.42932,10.00
0.058930,5.209607,1.780438,0.42580,10.00
0.058940,5.268103,1.756621,0.42216,10.00
0.058950,5.324723,1.722717,0.41843,10.00
0.058960,5.378260,1.678984,0.41469,10.00
0.058970,5.429308,1.625716,0.41092,10.00
0.058980,5.477455,1.563200,0.40713,10.00
0.058990,5.522304,1.491800,0.40337,10.00
0.059000,5.563220,1.411949,0.39965,10.00
0.059010,5.599084,1.324277,0.39608,10.00
0.059020,5.630610,1.229438,0.39263,10.00
0.059030,5.657510,1.128065,0.38931,10.00
0.059040,5.679526,1.020852,0.38616,10.00
0.059050,5.696650,0.908541,0.38320,10.00
0.059060,5.709327,0.791824,0.38041,10.00
0.059070,5.716548,0.671464,0.37785,10.00
0.059080,5.718197,0.548335,0.37556,10.00
0.059090,5.714197,0.423338,0.37355,10.00
0.059100,5.704448,0.297403,0.37185,10.00
0.059110,5.688758,0.171508,0.37048,10.00
0.059120,5.667451,0.046633,0.36945,10.00
0.059130,5.640626,-0.076257,0.36876,10.00
0.059140,5.608423,-0.196206,0.36844,10.00
0.059150,5.571250,-0.312263,0.36847,10.00
0.059160,5.529993,-0.423607,0.36882,10.00
0.059170,5.484366,-0.500000,0.36953,10.00
0.059180,5.438038,-0.500000,0.37046,10.00
0.059190,5.391919,-0.500000,0.37151,10.00
0.059200,5.345756,-0.500000,0.37268,10.00
0.059210,5.298789,-0.500000,0.37405,10.00
0.059220,5.252036,-0.500000,0.37555,10.00
0.059230,5.205494,-0.500000,0.37718,10.00
0.059240,5.159164,-0.500000,0.37894,10.00
0.059250,5.113043,-0.500000,0.38082,10.00
0.059260,5.067128,-0.500000,0.38284,10.00
0.059270,5.021421,-0.500000,0.38498,10.00
0.059280,4.975921,-0.500000,0.38725,10.00
0.059290,4.930628,-0.500000,0.38964,10.00
0.059300,4.885397,-0.500000,0.39216,10.00
0.059310,4.839803,-0.500000,0.39484,10.00
0.059320,4.794415,-0.500000,0.39765,10.00
0.059330,4.749317,-0.495867,0.40058,10.00
0.059340,4.704830,-0.483687,0.40361,10.00
0.059350,4.661444,-0.463461,0.40674,10.00
0.059360,4.619897,-0.435314,0.40990,10.00
0.059370,4.580028,-0.399411,0.41310,10.00
0.059380,4.542176,-0.355936,0.41632,10.00
0.059390,4.506668,-0.305137,0.41953,10.00
0.059400,4.473849,-0.247315,0.42272,10.00
0.059410,4.444104,-0.182846,0.42586,10.00
0.059420,4.417590,-0.112156,0.42891,10.00
0.059430,4.394562,-0.035713,0.43188,10.00
0.059440,4.375252,0.045964,0.43472,10.00
0.059450,4.359880,0.132313,0.43742,10.00
0.059460,4.348668,0.222719,0.43996,10.00
0.059470,4.341705,0.316533,0.44232,10.00
0.059480,4.339106,0.413077,0.44447,10.00
0.059490,4.340957,0.511644,0.44640,10.00
0.059500,4.347264,0.611502,0.44810,10.00
0.059510,4.357904,0.711926,0.44956,10.00
0.059520,4.373050,0.812166,0.45076,10.00
0.059530,4.392652,0.911453,0.45168,10.00
0.059540,4.416625,1.009014,0.45232,10.00
0.059550,4.444789,1.104081,0.45267,10.00
0.059560,4.476801,1.195927,0.45274,10.00
0.059570,4.512730,1.283827,0.45250,10.00
0.059580,4.552360,1.367063,0.45197,10.00
0.059590,4.595443,1.444937,0.45115,10.00
0.059600,4.641695,1.516790,0.45002,10.00
0.059610,4.690794,1.581999,0.44861,10.00
0.059620,4.742435,1.639985,0.44692,10.00
0.059630,4.796262,1.690217,0.44496,10.00
0.059640,4.851902,1.732213,0.44274,10.00
0.059650,4.909096,1.765551,0.44027,10.00
0.059660,4.967837,1.789803,0.43755,10.00
0.059670,5.027157,1.804627,0.43461,10.00
0.059680,5.086618,1.809792,0.43148,10.00
0.059690,5.145777,1.805139,0.42819,10.00
0.059700,5.204218,1.790582,0.42475,10.00
0.059710,5.261590,1.766092,0.42119,10.00
0.059720,5.317321,1.731723,0.41753,10.00
0.059730,5.370974,1.687615,0.41381,10.00
0.059740,5.422121,1.633981,0.41005,10.00
0.059750,5.470366,1.571114,0.40628,10.00
0.059760,5.515359,1.499370,0.40253,10.00
0.059770,5.556660,1.419179,0.39883,10.00
0.059780,5.593918,1.331050,0.39521,10.00
0.059790,5.626805,1.235553,0.39170,10.00
0.059800,5.654847,1.133326,0.38833,10.00
0.059810,5.677255,1.025149,0.38516,10.00
0.059820,5.694511,0.911828,0.38219,10.00
0.059830,5.706425,0.794163,0.37945,10.00
0.059840,5.712848,0.672996,0.37694,10.00
0.059850,5.713711,0.549205,0.37470,10.00
0.059860,5.709072,0.423679,0.37274,10.00
0.059870,5.698734,0.297340,0.37108,10.00
0.059880,5.682710,0.171136,0.36975,10.00
0.059890,5.661059,0.046031,0.36875,10.00
0.059900,5.633916,-0.077011,0.36811,10.00
0.059910,5.601526,-0.197046,0.36781,10.00
0.059920,5.563941,-0.313134,0.36787,10.00
0.059930,5.521388,-0.424346,0.36831,10.00
0.059940,5.474491,-0.500000,0.36912,10.00
0.059950,5.427094,-0.500000,0.37013,10.00
0.059960,5.380626,-0.500000,0.37123,10.00
0.059970,5.334370,-0.500000,0.37246,10.00
0.059980,5.288323,-0.500000,0.37382,10.00
0.059990,5.242485,-0.500000,0.37530,10.00
0.060000,5.196590,-0.500000,0.37691,10.00
0.060010,5.149840,-0.500000,0.37872,10.00
0.060020,5.103303,-0.500000,0.38065,10.00
0.060030,5.056977,-0.500000,0.38272,10.00
0.060040,5.010860,-0.500000,0.38491,10.00
0.060050,4.965059,-0.500000,0.38723,10.00
0.060060,4.919883,-0.500000,0.38965,10.00
0.060070,4.874912,-0.500000,0.39219,10.00
0.060080,4.830146,-0.500000,0.39486,10.00
0.060090,4.785583,-0.499952,0.39766,10.00
0.060100,4.741284,-0.494969,0.40057,10.00
0.060110,4.697442,-0.482030,0.40360,10.00
0.060120,4.654604,-0.461127,0.40671,10.00
0.060130,4.613124,-0.432330,0.40989,10.00
0.060140,4.573350,-0.395769,0.41310,10.00
0.060150,4.535825,-0.351632,0.41634,10.00
0.060160,4.501477,-0.300270,0.41951,10.00
0.060170,4.469803,-0.242055,0.42266,10.00
0.060180,4.441091,-0.177356,0.42575,10.00
0.060190,4.415613,-0.106590,0.42877,10.00
0.060200,4.393384,-0.030231,0.43168,10.00
0.060210,4.373939,0.051316,0.43454,10.00
0.060220,4.358412,0.137561,0.43725,10.00
0.060230,4.346982,0.227899,0.43980,10.00
0.060240,4.339800,0.321686,0.44217,10.00
0.060250,4.337031,0.418245,0.44434,10.00
0.060260,4.338905,0.516846,0.44628,10.00
0.060270,4.345282,0.616743,0.44799,10.00
0.060280,4.356180,0.717184,0.44944,10.00
0.060290,4.371583,0.817407,0.45063,10.00
0.060300,4.391498,0.916642,0.45154,10.00
0.060310,4.416014,1.014087,0.45216,10.00
0.060320,4.444773,1.108954,0.45248,10.00
0.060330,4.477617,1.200487,0.45250,10.00
0.060340,4.514358,1.287941,0.45223,10.00
0.060350,4.554559,1.370599,0.45165,10.00
0.060360,4.597336,1.447870,0.45083,10.00
0.060370,4.643264,1.519165,0.44972,10.00
0.060380,4.692042,1.583865,0.44832,10.00
0.060390,4.743340,1.641394,0.44664,10.00
0.060400,4.797088,1.691222,0.44470,10.00
0.060410,4.853743,1.732739,0.44242,10.00
0.060420,4.911786,1.765432,0.43990,10.00
0.060430,4.970800,1.788943,0.43715,10.00
0.060440,5.030356,1.802978,0.43419,10.00
0.060450,5.089853,1.807312,0.43105,10.00
0.060460,5.148360,1.801869,0.42778,10.00
0.060470,5.206087,1.786622,0.42437,10.00
0.060480,5.262594,1.761565,0.42084,10.00
0.060490,5.317441,1.726768,0.41723,10.00
0.060500,5.370087,1.682375,0.41355,10.00
0.060510,5.419777,1.628659,0.40987,10.00
0.060520,5.466558,1.565949,0.40618,10.00
0.060530,5.510046,1.494614,0.40252,10.00
0.060540,5.549874,1.415088,0.39891,10.00
0.060550,5.585974,1.327876,0.39539,10.00
0.060560,5.618839,1.233415,0.39190,10.00
0.060570,5.647084,1.132248,0.38855,10.00
0.060580,5.670444,1.025062,0.38536,10.00
0.060590,5.688688,0.912597,0.38236,10.00
0.060600,5.701651,0.795644,0.37958,10.00
0.060610,5.709265,0.675024,0.37703,10.00
0.060620,5.711292,0.551600,0.37474,10.00
0.060630,5.707655,0.426275,0.37273,10.00
0.060640,5.698318,0.299980,0.37103,10.00
0.060650,5.683128,0.173662,0.36964,10.00
0.060660,5.661655,0.048362,0.36864,10.00
0.060670,5.634646,-0.074905,0.36798,10.00
0.060680,5.602245,-0.195175,0.36768,10.00
0.060690,5.564638,-0.311499,0.36775,10.00
0.060700,5.522021,-0.422942,0.36818,10.00
0.060710,5.474897,-0.500000,0.36900,10.00
0.060720,5.427058,-0.500000,0.37002,10.00
0.060730,5.379436,-0.500000,0.37118,10.00
0.060740,5.332031,-0.500000,0.37247,10.00
0.060750,5.284883,-0.500000,0.37389,10.00
0.060760,5.238123,-0.500000,0.37544,10.00
0.060770,5.191575,-0.500000,0.37711,10.00
0.060780,5.145238,-0.500000,0.37891,10.00
0.060790,5.099111,-0.500000,0.38084,10.00
0.060800,5.053094,-0.500000,0.38289,10.00
0.060810,5.006891,-0.500000,0.38510,10.00
0.060820,4.960898,-0.500000,0.38744,10.00
0.060830,4.915113,-0.500000,0.38990,10.00
0.060840,4.869536,-0.500000,0.39249,10.00
0.060850,4.824320,-0.500000,0.39521,10.00
0.060860,4.779931,-0.499754,0.39801,10.00
0.060870,4.735885,-0.493789,0.40093,10.00
0.060880,4.692526,-0.479911,0.40395,10.00
0.060890,4.650208,-0.458137,0.40705,10.00
0.060900,4.609450,-0.428542,0.41021,10.00
0.060910,4.571098,-0.391344,0.41337,10.00
0.060920,4.534808,-0.346795,0.41653,10.00
0.060930,4.500898,-0.295151,0.41969,10.00
0.060940,4.469672,-0.236726,0.42281,10.00
0.060950,4.441083,-0.171887,0.42588,10.00
0.060960,4.414413,-0.100898,0.42896,10.00
0.060970,4.391245,-0.024121,0.43194,10.00
0.060980,4.371810,0.057922,0.43480,10.00
0.060990,4.356317,0.144665,0.43752,10.00
0.061000,4.345013,0.235499,0.44008,10.00
0.061010,4.338259,0.329744,0.44243,10.00
0.061020,4.335887,0.426694,0.44458,10.00
0.061030,4.337982,0.525639,0.44651,10.00
0.061040,4.344594,0.625844,0.44821,10.00
0.061050,4.355543,0.726557,0.44965,10.00
0.061060,4.370230,0.827107,0.45088,10.00
0.061070,4.389391,0.926785,0.45183,10.00
0.061080,4.412945,1.024816,0.45250,10.00
0.061090,4.440778,1.120429,0.45288,10.00
0.061100,4.472951,1.212863,0.45296,10.00
0.061110,4.509916,1.301267,0.45269,10.00
0.061120,4.550595,1.384847,0.45212,10.00
0.061130,4.594734,1.462903,0.45124,10.00
0.061140,4.642048,1.534769,0.45006,10.00
0.061150,4.692302,1.599820,0.44860,10.00
0.061160,4.745388,1.657436,0.44683,10.00
0.061170,4.800631,1.707059,0.44478,10.00
0.061180,4.857647,1.748210,0.44248,10.00
0.061190,4.916029,1.780470,0.43993,10.00
0.061200,4.975419,1.803481,0.43715,10.00
0.061210,5.035561,1.816925,0.43415,10.00
0.061220,5.095774,1.820561,0.43096,10.00
0.061230,5.155607,1.814238,0.42760,10.00
0.061240,5.214609,1.797880,0.42410,10.00
0.061250,5.272092,1.771489,0.42049,10.00
0.061260,5.326913,1.735252,0.41685,10.00
0.061270,5.379578,1.689402,0.41314,10.00
0.061280,5.429667,1.634167,0.40941,10.00
0.061290,5.476774,1.569852,0.40568,10.00
0.061300,5.520674,1.496834,0.40197,10.00
0.061310,5.561484,1.415483,0.39828,10.00
0.061320,5.598201,1.326263,0.39468,10.00
0.061330,5.630503,1.229756,0.39118,10.00
0.061340,5.658096,1.126606,0.38783,10.00
0.061350,5.680696,1.017516,0.38464,10.00
0.061360,5.698006,0.903254,0.38166,10.00
0.061370,5.709932,0.784635,0.37890,10.00
0.061380,5.716323,0.662506,0.37639,10.00
0.061390,5.717069,0.537754,0.37414,10.00
0.061400,5.712046,0.411295,0.37218,10.00
0.061410,5.701067,0.284097,0.37055,10.00
0.061420,5.684370,0.157136,0.36925,10.00
0.061430,5.662017,0.031380,0.36828,10.00
0.061440,5.634115,-0.092199,0.36767,10.00
0.061450,5.600839,-0.212636,0.36741,10.00
0.061460,5.562452,-0.328987,0.36752,10.00
0.061470,5.519093,-0.440326,0.36801,10.00
0.061480,5.471721,-0.500000,0.36885,10.00
0.061490,5.424067,-0.500000,0.36988,10.00
0.061500,5.376666,-0.500000,0.37104,10.00
0.061510,5.329628,-0.500000,0.37232,10.00
0.061520,5.282803,-0.500000,0.37373,10.00
0.061530,5.236191,-0.500000,0.37527,10.00
0.061540,5.189790,-0.500000,0.37694,10.00
0.061550,5.143778,-0.500000,0.37873,10.00
0.061560,5.098686,-0.500000,0.38061,10.00
0.061570,5.053799,-0.500000,0.38262,10.00
0.061580,5.009116,-0.500000,0.38475,10.00
0.061590,4.964636,-0.500000,0.38700,10.00
0.061600,4.920191,-0.500000,0.38937,10.00
0.061610,4.875286,-0.500000,0.39191,10.00
0.061620,4.830584,-0.500000,0.39458,10.00
0.061630,4.786086,-0.500000,0.39737,10.00
0.061640,4.741885,-0.495418,0.40028,10.00
0.061650,4.698177,-0.482909,0.40329,10.00
0.061660,4.654927,-0.462416,0.40642,10.00
0.061670,4.613021,-0.433960,0.40962,10.00
0.061680,4.572810,-0.397669,0.41286,10.00
0.061690,4.534638,-0.353729,0.41611,10.00
0.061700,4.499028,-0.302390,0.41937,10.00
0.061710,4.466874,-0.244051,0.42255,10.00
0.061720,4.437693,-0.179141,0.42567,10.00
0.061730,4.411759,-0.108079,0.42872,10.00
0.061740,4.389323,-0.031340,0.43167,10.00
0.061750,4.370509,0.050557,0.43450,10.00
0.061760,4.355212,0.137094,0.43721,10.00
0.061770,4.344024,0.227697,0.43976,10.00
0.061780,4.337092,0.321720,0.44213,10.00
0.061790,4.334536,0.418482,0.44429,10.00
0.061800,4.336642,0.517275,0.44624,10.00
0.061810,4.344068,0.617267,0.44790,10.00
0.061820,4.356010,0.717642,0.44930,10.00
0.061830,4.372444,0.817633,0.45043,10.00
0.061840,4.393312,0.916470,0.45129,10.00
0.061850,4.418351,1.013381,0.45187,10.00
0.061860,4.446931,1.107681,0.45219,10.00
0.061870,4.479572,1.198672,0.45222,10.00
0.061880,4.516085,1.285615,0.45195,10.00
0.061890,4.556251,1.367794,0.45138,10.00
0.061900,4.599882,1.444522,0.45052,10.00
0.061910,4.646890,1.515113,0.44934,10.00
0.061920,4.696706,1.578929,0.44788,10.00
0.061930,4.748993,1.635399,0.44613,10.00
0.061940,4.803393,1.683999,0.44412,10.00
0.061950,4.859342,1.724260,0.44185,10.00
0.061960,4.915899,1.755859,0.43939,10.00
0.061970,4.973390,1.778507,0.43671,10.00
0.061980,5.031397,1.791918,0.43382,10.00
0.061990,5.089493,1.795875,0.43075,10.00
0.062000,5.147047,1.790231,0.42752,10.00
0.062010,5.203038,1.775004,0.42420,10.00
0.062020,5.257825,1.750255,0.42078,10.00
0.062030,5.310983,1.716053,0.41726,10.00
0.062040,5.362094,1.672543,0.41369,10.00
0.062050,5.411179,1.619940,0.41009,10.00
0.062060,5.459124,1.558324,0.40637,10.00
0.062070,5.503815,1.487915,0.40267,10.00
0.062080,5.544879,1.409139,0.39901,10.00
0.062090,5.581966,1.322492,0.39544,10.00
0.062100,5.614585,1.228537,0.39197,10.00
0.062110,5.641949,1.127979,0.38868,10.00
0.062120,5.664463,1.021555,0.38555,10.00
0.062130,5.681904,0.910003,0.38261,10.00
0.062140,5.694083,0.794108,0.37988,10.00
0.062150,5.700870,0.674699,0.37740,10.00
0.062160,5.702214,0.552631,0.37517,10.00
0.062170,5.697962,0.428794,0.37322,10.00
0.062180,5.688084,0.304107,0.37158,10.00
0.062190,5.672593,0.179508,0.37025,10.00
0.062200,5.651463,0.055946,0.36925,10.00
0.062210,5.624557,-0.065588,0.36862,10.00
0.062220,5.592336,-0.184119,0.36834,10.00
0.062230,5.554988,-0.298711,0.36843,10.00
0.062240,5.512739,-0.408442,0.36888,10.00
0.062250,5.466069,-0.500000,0.36969,10.00
0.062260,5.418599,-0.500000,0.37073,10.00
0.062270,5.371343,-0.500000,0.37189,10.00
0.062280,5.324303,-0.500000,0.37319,10.00
0.062290,5.277475,-0.500000,0.37462,10.00
0.062300,5.230790,-0.500000,0.37617,10.00
0.062310,5.184036,-0.500000,0.37788,10.00
0.062320,5.137493,-0.500000,0.37971,10.00
0.062330,5.091162,-0.500000,0.38167,10.00
0.062340,5.045042,-0.500000,0.38376,10.00
0.062350,4.998946,-0.500000,0.38598,10.00
0.062360,4.952324,-0.500000,0.38837,10.00
0.062370,4.905913,-0.500000,0.39089,10.00
0.062380,4.859714,-0.500000,0.39354,10.00
0.062390,4.813723,-0.500000,0.39632,10.00
0.062400,4.768340,-0.498658,0.39922,10.00
0.062410,4.724925,-0.490106,0.40215,10.00
0.062420,4.682308,-0.473724,0.40516,10.00
0.062430,4.640840,-0.449546,0.40825,10.00
0.062440,4.600868,-0.417668,0.41140,10.00
0.062450,4.562510,-0.378246,0.41457,10.00
0.062460,4.525444,-0.331388,0.41780,10.00
0.062470,4.490871,-0.277297,0.42102,10.00
0.062480,4.459097,-0.216301,0.42420,10.00
0.062490,4.430415,-0.148788,0.42733,10.00
0.062500,4.405442,-0.075198,0.43037,10.00
0.062510,4.385462,0.003809,0.43321,10.00
0.062520,4.369290,0.087578,0.43592,10.00
0.062530,4.357108,0.175523,0.43848,10.00
0.062540,4.349070,0.267019,0.44086,10.00
0.062550,4.345147,0.361409,0.44305,10.00
0.062560,4.344972,0.458077,0.44507,10.00
0.062570,4.349230,0.556360,0.44687,10.00
0.062580,4.357955,0.655524,0.44842,10.00
0.062590,4.371146,0.754820,0.44971,10.00
0.062600,4.388697,0.853487,0.45074,10.00
0.062610,4.410328,0.950798,0.45151,10.00
0.062620,4.436221,1.046013,0.45200,10.00
0.062630,4.466242,1.138376,0.45220,10.00
0.062640,4.500223,1.227145,0.45210,10.00
0.062650,4.537854,1.311597,0.45170,10.00
0.062660,4.578586,1.391084,0.45104,10.00
0.062670,4.622589,1.464970,0.45008,10.00
0.062680,4.669578,1.532621,0.44884,10.00
0.062690,4.719238,1.593443,0.44731,10.00
0.062700,4.771329,1.646886,0.44552,10.00
0.062710,4.825769,1.692404,0.44343,10.00
0.062720,4.881801,1.729521,0.44110,10.00
0.062730,4.939024,1.757848,0.43854,10.00
0.062740,4.997026,1.777060,0.43576,10.00
0.062750,5.055230,1.786897,0.43278,10.00
0.062760,5.112752,1.787240,0.42967,10.00
0.062770,5.169769,1.778018,0.42640,10.00
0.062780,5.225847,1.759182,0.42301,10.00
0.062790,5.280554,1.730757,0.41951,10.00
0.062800,5.333838,1.692840,0.41594,10.00
0.062810,5.386389,1.645422,0.41223,10.00
0.062820,5.436294,1.588625,0.40848,10.00
0.062830,5.483147,1.522766,0.40474,10.00
0.062840,5.526562,1.448235,0.40103,10.00
0.062850,5.565855,1.365491,0.39739,10.00
0.062860,5.599736,1.275216,0.39391,10.00
0.062870,5.629179,1.178108,0.39056,10.00
0.062880,5.653912,1.074822,0.38735,10.00
0.062890,5.673694,0.966068,0.38433,10.00
0.062900,5.688376,0.852606,0.38150,10.00
0.062910,5.697951,0.735215,0.37889,10.00
0.062920,5.702069,0.614722,0.37653,10.00
0.062930,5.700638,0.492006,0.37444,10.00
0.062940,5.693605,0.367973,0.37264,10.00
0.062950,5.680848,0.243550,0.37115,10.00
0.062960,5.662056,0.119734,0.37001,10.00
0.062970,5.637771,-0.002487,0.36922,10.00
0.062980,5.608117,-0.122165,0.36877,10.00
0.062990,5.573259,-0.238359,0.36867,10.00
0.063000,5.533630,-0.350143,0.36895,10.00
0.063010,5.490146,-0.456722,0.36952,10.00
0.063020,5.443209,-0.500000,0.37044,10.00
0.063030,5.396260,-0.500000,0.37151,10.00
0.063040,5.349524,-0.500000,0.37272,10.00
0.063050,5.303194,-0.500000,0.37406,10.00
0.063060,5.257852,-0.500000,0.37547,10.00
0.063070,5.212715,-0.500000,0.37701,10.00
0.063080,5.167783,-0.500000,0.37867,10.00
0.063090,5.123055,-0.500000,0.38046,10.00
0.063100,5.078184,-0.500000,0.38238,10.00
0.063110,5.032142,-0.500000,0.38450,10.00
0.063120,4.986308,-0.500000,0.38675,10.00
0.063130,4.940682,-0.500000,0.38913,10.00
0.063140,4.895263,-0.500000,0.39164,10.00
0.063150,4.850137,-0.500000,0.39427,10.00
0.063160,4.805567,-0.500000,0.39700,10.00
0.063170,4.761237,-0.497638,0.39986,10.00
0.063180,4.717423,-0.487575,0.40283,10.00
0.063190,4.674479,-0.469603,0.40588,10.00
0.063200,4.632857,-0.443767,0.40901,10.00
0.063210,4.593196,-0.410222,0.41216,10.00
0.063220,4.555442,-0.369168,0.41533,10.00
0.063230,4.519921,-0.320833,0.41851,10.00
0.063240,4.486946,-0.265502,0.42167,10.00
0.063250,4.456948,-0.203517,0.42478,10.00
0.063260,4.430604,-0.135340,0.42779,10.00
0.063270,4.407631,-0.061464,0.43071,10.00
0.063280,4.388256,0.017612,0.43352,10.00
0.063290,4.372687,0.101343,0.43619,10.00
0.063300,4.360883,0.189142,0.43870,10.00
0.063310,4.352346,0.280490,0.44110,10.00
0.063320,4.348076,0.374800,0.44331,10.00
0.063330,4.348168,0.471384,0.44530,10.00
0.063340,4.352688,0.569529,0.44707,10.00
0.063350,4.361576,0.668503,0.44860,10.00
0.063360,4.374561,0.767600,0.44990,10.00
0.063370,4.391971,0.866091,0.45093,10.00
0.063380,4.413735,0.963214,0.45168,10.00
0.063390,4.439753,1.058209,0.45215,10.00
0.063400,4.469856,1.150322,0.45233,10.00
0.063410,4.503785,1.238826,0.45222,10.00
0.063420,4.541460,1.323011,0.45182,10.00
0.063430,4.582649,1.402179,0.45112,10.00
0.063440,4.627092,1.475661,0.45013,10.00
0.063450,4.674310,1.542825,0.44885,10.00
0.063460,4.723431,1.603170,0.44734,10.00
0.063470,4.774870,1.656211,0.44556,10.00
0.063480,4.828272,1.701451,0.44352,10.00
0.063490,4.883261,1.738449,0.44123,10.00
0.063500,4.939740,1.766818,0.43872,10.00
0.063510,4.998183,1.786094,0.43591,10.00
0.063520,5.056979,1.795919,0.43291,10.00
0.063530,5.115691,1.796101,0.42973,10.00
0.063540,5.173880,1.786520,0.42639,10.00
0.063550,5.230955,1.767127,0.42293,10.00
0.063560,5.286036,1.738018,0.41940,10.00
0.063570,5.339286,1.699344,0.41580,10.00
0.063580,5.390283,1.651281,0.41214,10.00
0.063590,5.438618,1.594077,0.40847,10.00
0.063600,5.484150,1.528056,0.40480,10.00
0.063610,5.527256,1.453490,0.40111,10.00
0.063620,5.566560,1.370757,0.39747,10.00
0.063630,5.601721,1.280388,0.39393,10.00
0.063640,5.632428,1.182975,0.39050,10.00
0.063650,5.658303,1.079173,0.38723,10.00
0.063660,5.678808,0.969741,0.38415,10.00
0.063670,5.694119,0.855473,0.38128,10.00
0.063680,5.704064,0.737179,0.37863,10.00
0.063690,5.708508,0.615710,0.37623,10.00
0.063700,5.707453,0.491950,0.37411,10.00
0.063710,5.701146,0.366765,0.37225,10.00
0.063720,5.689170,0.241056,0.37070,10.00
0.063730,5.671553,0.115774,0.36948,10.00
0.063740,5.648366,-0.008123,0.36859,10.00
0.063750,5.619599,-0.129677,0.36806,10.00
0.063760,5.585043,-0.247875,0.36792,10.00
0.063770,5.545396,-0.361737,0.36814,10.00
0.063780,5.500902,-0.470344,0.36873,10.00
0.063790,5.453394,-0.500000,0.36965,10.00
0.063800,5.406090,-0.500000,0.37072,10.00
0.063810,5.359266,-0.500000,0.37190,10.00
0.063820,5.312655,-0.500000,0.37321,10.00
0.063830,5.266255,-0.500000,0.37465,10.00
0.063840,5.220065,-0.500000,0.37622,10.00
0.063850,5.173792,-0.500000,0.37792,10.00
0.063860,5.126555,-0.500000,0.37982,10.00
0.063870,5.079533,-0.500000,0.38185,10.00
0.063880,5.032724,-0.500000,0.38401,10.00
0.063890,4.986127,-0.500000,0.38630,10.00
0.063900,4.939995,-0.500000,0.38872,10.00
0.063910,4.895084,-0.500000,0.39120,10.00
0.063920,4.850376,-0.500000,0.39380,10.00
0.063930,4.805871,-0.500000,0.39653,10.00
0.063940,4.761597,-0.498117,0.39938,10.00
0.063950,4.717703,-0.488660,0.40235,10.00
0.063960,4.674227,-0.471242,0.40543,10.00
0.063970,4.631955,-0.445871,0.40859,10.00
0.063980,4.591241,-0.412650,0.41179,10.00
0.063990,4.552429,-0.371743,0.41503,10.00
0.064000,4.515893,-0.323373,0.41827,10.00
0.064010,4.482070,-0.267844,0.42148,10.00
0.064020,4.451106,-0.205511,0.42465,10.00
0.064030,4.423288,-0.136770,0.42775,10.00
0.064040,4.398878,-0.062075,0.43077,10.00
0.064050,4.378190,0.018074,0.43367,10.00
0.064060,4.361647,0.103093,0.43643,10.00
0.064070,4.349155,0.192364,0.43902,10.00
0.064080,4.340871,0.285255,0.44144,10.00
0.064090,4.336922,0.381096,0.44367,10.00
0.064100,4.337309,0.479188,0.44568,10.00
0.064110,4.341814,0.578852,0.44748,10.00
0.064120,4.350847,0.679373,0.44904,10.00
0.064130,4.364406,0.779992,0.45034,10.00
0.064140,4.382452,0.879938,0.45137,10.00
0.064150,4.404949,0.978438,0.45211,10.00
0.064160,4.431888,1.074703,0.45256,10.00
0.064170,4.462993,1.167957,0.45272,10.00
0.064180,4.498089,1.257450,0.45257,10.00
0.064190,4.536966,1.342449,0.45212,10.00
0.064200,4.579389,1.422249,0.45138,10.00
0.064210,4.625102,1.496173,0.45033,10.00
0.064220,4.673787,1.563580,0.44899,10.00
0.064230,4.725117,1.623875,0.44737,10.00
0.064240,4.778743,1.676508,0.44547,10.00
0.064250,4.834096,1.720981,0.44331,10.00
0.064260,4.890192,1.756950,0.44095,10.00
0.064270,4.947426,1.784098,0.43836,10.00
0.064280,5.005385,1.802109,0.43555,10.00
0.064290,5.063643,1.810730,0.43255,10.00
0.064300,5.121793,1.809780,0.42938,10.00
0.064310,5.179473,1.799135,0.42606,10.00
0.064320,5.236142,1.778747,0.42261,10.00
0.064330,5.291365,1.748650,0.41905,10.00
0.064340,5.344710,1.708954,0.41543,10.00
0.064350,5.395822,1.659842,0.41175,10.00
0.064360,5.444493,1.601538,0.40805,10.00
0.064370,5.490055,1.534351,0.40435,10.00
0.064380,5.532130,1.458682,0.40068,10.00
0.064390,5.570360,1.375004,0.39709,10.00
0.064400,5.604321,1.283853,0.39359,10.00
0.064410,5.633434,1.185876,0.39024,10.00
0.064420,5.657799,1.081765,0.38704,10.00
0.064430,5.677180,0.972237,0.38402,10.00
0.064440,5.691374,0.858059,0.38121,10.00
0.064450,5.700546,0.740042,0.37863,10.00
0.064460,5.705552,0.618877,0.37622,10.00
0.064470,5.704970,0.495340,0.37407,10.00
0.064480,5.698743,0.370342,0.37222,10.00
0.064490,5.686854,0.244815,0.37067,10.00
0.064500,5.669231,0.119708,0.36945,10.00
0.064510,5.645641,-0.003975,0.36859,10.00
0.064520,5.616608,-0.125241,0.36809,10.00
0.064530,5.582293,-0.243141,0.36794,10.00
0.064540,5.542899,-0.356735,0.36816,10.00
0.064550,5.498566,-0.465109,0.36875,10.00
0.064560,5.450624,-0.500000,0.36969,10.00
0.064570,5.402774,-0.500000,0.37079,10.00
0.064580,5.355141,-0.500000,0.37203,10.00
0.064590,5.307724,-0.500000,0.37339,10.00
0.064600,5.260659,-0.500000,0.37489,10.00
0.064610,5.214351,-0.500000,0.37648,10.00
0.064620,5.168253,-0.500000,0.37820,10.00
0.064630,5.122365,-0.500000,0.38005,10.00
0.064640,5.076685,-0.500000,0.38202,10.00
0.064650,5.031361,-0.500000,0.38412,10.00
0.064660,4.986837,-0.500000,0.38631,10.00
0.064670,4.942515,-0.500000,0.38862,10.00
0.064680,4.898394,-0.500000,0.39105,10.00
0.064690,4.854474,-0.500000,0.39361,10.00
0.064700,4.810548,-0.500000,0.39628,10.00
0.064710,4.766026,-0.498568,0.39913,10.00
0.064720,4.721960,-0.489839,0.40210,10.00
0.064730,4.678706,-0.473165,0.40516,10.00
0.064740,4.636621,-0.448584,0.40829,10.00
0.064750,4.595971,-0.416193,0.41147,10.00
0.064760,4.556850,-0.376109,0.41471,10.00
0.064770,4.519930,-0.328523,0.41795,10.00
0.064780,4.485535,-0.273713,0.42118,10.00
0.064790,4.453972,-0.212014,0.42437,10.00
0.064800,4.425682,-0.143817,0.42750,10.00
0.064810,4.401384,-0.069643,0.43050,10.00
0.064820,4.380713,0.009961,0.43339,10.00
0.064830,4.363881,0.094450,0.43615,10.00
0.064840,4.351079,0.183234,0.43876,10.00
0.064850,4.342461,0.275684,0.44119,10.00
0.064860,4.338141,0.371137,0.44343,10.00
0.064870,4.338237,0.468898,0.44545,10.00
0.064880,4.342814,0.568247,0.44725,10.00
0.064890,4.351903,0.668441,0.44880,10.00
0.064900,4.365372,0.768721,0.45010,10.00
0.064910,4.382796,0.868385,0.45116,10.00
0.064920,4.404629,0.966702,0.45193,10.00
0.064930,4.430768,1.062903,0.45243,10.00
0.064940,4.461078,1.156226,0.45262,10.00
0.064950,4.495428,1.245920,0.45252,10.00
0.064960,4.533729,1.331235,0.45211,10.00
0.064970,4.575592,1.411451,0.45141,10.00
0.064980,4.620749,1.485892,0.45040,10.00
0.064990,4.668906,1.553917,0.44910,10.00
0.065000,4.719922,1.614926,0.44752,10.00
0.065010,4.773984,1.668278,0.44561,10.00
0.065020,4.829999,1.713414,0.44344,10.00
0.065030,4.887573,1.749884,0.44102,10.00
0.065040,4.946296,1.777305,0.43836,10.00
0.065050,5.005699,1.795352,0.43548,10.00
0.065060,5.065219,1.803793,0.43242,10.00
0.065070,5.124587,1.802457,0.42918,10.00
0.065080,5.183355,1.791234,0.42579,10.00
0.065090,5.241078,1.770084,0.42227,10.00
0.065100,5.297470,1.739047,0.41865,10.00
0.065110,5.352572,1.698158,0.41491,10.00
0.065120,5.405304,1.647555,0.41113,10.00
0.065130,5.455242,1.587501,0.40733,10.00
0.065140,5.501980,1.518338,0.40354,10.00
0.065150,5.544810,1.440479,0.39978,10.00
0.065160,5.582423,1.354563,0.39618,10.00
0.065170,5.615763,1.261248,0.39268,10.00
0.065180,5.644531,1.161152,0.38931,10.00
0.065190,5.668458,1.054953,0.38610,10.00
0.065200,5.687318,0.943386,0.38308,10.00
0.065210,5.700933,0.827228,0.38027,10.00
0.065220,5.709111,0.707305,0.37769,10.00
0.065230,5.711728,0.584483,0.37537,10.00
0.065240,5.708703,0.459660,0.37333,10.00
0.065250,5.699922,0.333762,0.37159,10.00
0.065260,5.685170,0.207768,0.37019,10.00
0.065270,5.664788,0.082658,0.36912,10.00
0.065280,5.638870,-0.040603,0.36840,10.00
0.065290,5.607549,-0.161057,0.36803,10.00
0.065300,5.571131,-0.277754,0.36803,10.00
0.065310,5.530211,-0.389821,0.36836,10.00
0.065320,5.484539,-0.496391,0.36906,10.00
0.065330,5.436999,-0.500000,0.37004,10.00
0.065340,5.389675,-0.500000,0.37115,10.00
0.065350,5.342460,-0.500000,0.37240,10.00
0.065360,5.295035,-0.500000,0.37380,10.00
0.065370,5.247825,-0.500000,0.37533,10.00
0.065380,5.200829,-0.500000,0.37700,10.00
0.065390,5.154046,-0.500000,0.37879,10.00
0.065400,5.107696,-0.500000,0.38072,10.00
0.065410,5.062436,-0.500000,0.38272,10.00
0.065420,5.017382,-0.500000,0.38484,10.00
0.065430,4.972531,-0.500000,0.38708,10.00
0.065440,4.927884,-0.500000,0.38945,10.00
0.065450,4.883394,-0.500000,0.39195,10.00
0.065460,4.838919,-0.500000,0.39458,10.00
0.065470,4.794646,-0.500000,0.39733,10.00
0.065480,4.750644,-0.496354,0.40020,10.00
0.065490,4.707222,-0.484837,0.40318,10.00
0.065500,4.664962,-0.465447,0.40624,10.00
0.065510,4.624891,-0.438353,0.40932,10.00
0.065520,4.586437,-0.403747,0.41243,10.00
0.065530,4.549927,-0.361809,0.41556,10.00
0.065540,4.515681,-0.312774,0.41869,10.00
0.065550,4.483618,-0.256936,0.42179,10.00
0.065560,4.452884,-0.194459,0.42494,10.00
0.065570,4.425299,-0.125619,0.42803,10.00
0.065580,4.401126,-0.050869,0.43103,10.00
0.065590,4.380603,0.029288,0.43391,10.00
0.065600,4.363963,0.114302,0.43666,10.00
0.065610,4.351446,0.203571,0.43926,10.00
0.065620,4.343138,0.296454,0.44167,10.00
0.065630,4.339164,0.392284,0.44389,10.00
0.065640,4.339620,0.490360,0.44589,10.00
0.065650,4.344597,0.589960,0.44767,10.00
0.065660,4.354210,0.690322,0.44919,10.00
0.065670,4.368336,0.790679,0.45045,10.00
0.065680,4.386933,0.890261,0.45144,10.00
0.065690,4.409925,0.988296,0.45214,10.00
0.065700,4.437202,1.084013,0.45256,10.00
0.065710,4.468625,1.176651,0.45268,10.00
0.065720,4.504006,1.265461,0.45250,10.00
0.065730,4.543136,1.349717,0.45203,10.00
0.065740,4.585769,1.428717,0.45125,10.00
0.065750,4.631752,1.501791,0.45018,10.00
0.065760,4.681131,1.568252,0.44878,10.00
0.065770,4.733106,1.627471,0.44710,10.00
0.065780,4.787322,1.678906,0.44515,10.00
0.065790,4.843402,1.722065,0.44293,10.00
0.065800,4.901044,1.756518,0.44047,10.00
0.065810,4.960112,1.781847,0.43775,10.00
0.065820,5.019804,1.797715,0.43482,10.00
0.065830,5.079682,1.803883,0.43169,10.00
0.065840,5.139300,1.800184,0.42840,10.00
0.065850,5.198032,1.786523,0.42495,10.00
0.065860,5.254899,1.762965,0.42143,10.00
0.065870,5.310173,1.729625,0.41782,10.00
0.065880,5.363420,1.686636,0.41414,10.00
0.065890,5.414217,1.634205,0.41042,10.00
0.065900,5.462333,1.572615,0.40670,10.00
0.065910,5.507909,1.502134,0.40294,10.00
0.065920,5.549847,1.423131,0.39923,10.00
0.065930,5.587789,1.336103,0.39560,10.00
0.065940,5.621405,1.241612,0.39207,10.00
0.065950,5.650301,1.140286,0.38867,10.00
0.065960,5.673931,1.032856,0.38546,10.00
0.065970,5.692431,0.920094,0.38244,10.00
0.065980,5.705605,0.802793,0.37963,10.00
0.065990,5.713293,0.681788,0.37706,10.00
0.066000,5.715215,0.557956,0.37476,10.00
0.066010,5.710815,0.432281,0.37278,10.00
0.066020,5.700706,0.305749,0.37110,10.00
0.066030,5.684901,0.179311,0.36975,10.00
0.066040,5.663456,0.053930,0.36874,10.00
0.066050,5.636580,-0.069427,0.36807,10.00
0.066060,5.604736,-0.189850,0.36774,10.00
0.066070,5.567674,-0.306423,0.36777,10.00
0.066080,5.525618,-0.418211,0.36817,10.00
0.066090,5.479086,-0.500000,0.36894,10.00
0.066100,5.431645,-0.500000,0.36993,10.00
0.066110,5.384145,-0.500000,0.37107,10.00
0.066120,5.336860,-0.500000,0.37234,10.00
0.066130,5.289790,-0.500000,0.37374,10.00
0.066140,5.242934,-0.500000,0.37528,10.00
0.066150,5.196324,-0.500000,0.37694,10.00
0.066160,5.150059,-0.500000,0.37872,10.00
0.066170,5.104004,-0.500000,0.38063,10.00
0.066180,5.058158,-0.500000,0.38267,10.00
0.066190,5.012520,-0.500000,0.38483,10.00
0.066200,4.966847,-0.500000,0.38712,10.00
0.066210,4.920420,-0.500000,0.38960,10.00
0.066220,4.874203,-0.500000,0.39221,10.00
0.066230,4.828196,-0.500000,0.39494,10.00
0.066240,4.782399,-0.499858,0.39780,10.00
0.066250,4.737234,-0.494280,0.40079,10.00
0.066260,4.693929,-0.480709,0.40380,10.00
0.066270,4.651651,-0.459251,0.40690,10.00
0.066280,4.610751,-0.429983,0.41005,10.00
0.066290,4.571575,-0.393037,0.41325,10.00
0.066300,4.534369,-0.348609,0.41645,10.00
0.066310,4.499193,-0.296908,0.41968,10.00
0.066320,4.466715,-0.238219,0.42287,10.00
0.066330,4.437228,-0.172910,0.42601,10.00
0.066340,4.411009,-0.101402,0.42908,10.00
0.066350,4.388506,-0.024171,0.43204,10.00
0.066360,4.370531,0.058164,0.43484,10.00
0.066370,4.356497,0.144970,0.43749,10.00
0.066380,4.346572,0.235633,0.43997,10.00
0.066390,4.340896,0.329505,0.44226,10.00
0.066400,4.339428,0.425904,0.44435,10.00
0.066410,4.341800,0.524194,0.44626,10.00
0.066420,4.348656,0.623692,0.44793,10.00
0.066430,4.360011,0.723649,0.44935,10.00
0.066440,4.375844,0.823306,0.45050,10.00
0.066450,4.396208,0.921895,0.45138,10.00
0.066460,4.421331,1.018596,0.45195,10.00
0.066470,4.450657,1.112609,0.45223,10.00
0.066480,4.484025,1.203183,0.45221,10.00
0.066490,4.521240,1.289580,0.45189,10.00
0.066500,4.561871,1.371088,0.45127,10.00
0.066510,4.605053,1.447121,0.45041,10.00
0.066520,4.651327,1.517096,0.44925,10.00
0.066530,4.700385,1.580403,0.44782,10.00
0.066540,4.751899,1.636474,0.44610,10.00
0.066550,4.805622,1.684792,0.44412,10.00
0.066560,4.861506,1.724838,0.44186,10.00
0.066570,4.918717,1.756167,0.43936,10.00
0.066580,4.976844,1.778432,0.43663,10.00
0.066590,5.035464,1.791351,0.43370,10.00
0.066600,5.094278,1.794707,0.43059,10.00
0.066610,5.153243,1.788293,0.42728,10.00
0.066620,5.211381,1.771992,0.42384,10.00
0.066630,5.268246,1.745805,0.42028,10.00
0.066640,5.323397,1.709809,0.41663,10.00
0.066650,5.376274,1.664157,0.41292,10.00
0.066660,5.426081,1.609137,0.40921,10.00
0.066670,5.472918,1.545094,0.40550,10.00
0.066680,5.516399,1.472402,0.40182,10.00
0.066690,5.556160,1.391510,0.39820,10.00
0.066700,5.591823,1.302930,0.39466,10.00
0.066710,5.622963,1.207260,0.39124,10.00
0.066720,5.649444,1.105153,0.38797,10.00
0.066730,5.671013,0.997306,0.38487,10.00
0.066740,5.687452,0.884469,0.38196,10.00
0.066750,5.698526,0.767439,0.37927,10.00
0.066760,5.703929,0.647082,0.37684,10.00
0.066770,5.703777,0.524288,0.37468,10.00
0.066780,5.698010,0.399964,0.37281,10.00
0.066790,5.686608,0.275034,0.37124,10.00
0.066800,5.669710,0.150443,0.36999,10.00
0.066810,5.647723,0.027087,0.36905,10.00
0.066820,5.620294,-0.094119,0.36846,10.00
0.066830,5.587571,-0.212227,0.36822,10.00
0.066840,5.549744,-0.326301,0.36834,10.00
0.066850,5.506920,-0.435424,0.36883,10.00
0.066860,5.459519,-0.500000,0.36971,10.00
0.066870,5.411718,-0.500000,0.37078,10.00
0.066880,5.364135,-0.500000,0.37199,10.00
0.066890,5.316767,-0.500000,0.37332,10.00
0.066900,5.269931,-0.500000,0.37479,10.00
0.066910,5.224573,-0.500000,0.37630,10.00
0.066920,5.179420,-0.500000,0.37794,10.00
0.066930,5.134472,-0.500000,0.37971,10.00
0.066940,5.089729,-0.500000,0.38160,10.00
0.066950,5.044583,-0.500000,0.38361,10.00
0.066960,4.997228,-0.500000,0.38590,10.00
0.066970,4.950088,-0.500000,0.38833,10.00
0.066980,4.903162,-0.500000,0.39088,10.00
0.066990,4.856449,-0.500000,0.39357,10.00
0.067000,4.810341,-0.500000,0.39638,10.00
0.067010,4.766030,-0.498501,0.39922,10.00
0.067020,4.722178,-0.489687,0.40217,10.00
0.067030,4.679140,-0.472965,0.40522,10.00
0.067040,4.637271,-0.448371,0.40834,10.00
0.067050,4.596964,-0.416004,0.41151,10.00
0.067060,4.558694,-0.376044,0.41470,10.00
0.067070,4.522611,-0.328723,0.41789,10.00
0.067080,4.489033,-0.274317,0.42107,10.00
0.067090,4.458262,-0.213163,0.42421,10.00
0.067100,4.430582,-0.145648,0.42729,10.00
0.067110,4.406267,-0.072218,0.43027,10.00
0.067120,4.385543,0.006634,0.43315,10.00
0.067130,4.368625,0.090368,0.43590,10.00
0.067140,4.355703,0.178399,0.43850,10.00
0.067150,4.346705,0.270105,0.44093,10.00
0.067160,4.341071,0.364937,0.44322,10.00
0.067170,4.339837,0.462281,0.44530,10.00
0.067180,4.343076,0.561422,0.44717,10.00
0.067190,4.350831,0.661622,0.44879,10.00
0.067200,4.363253,0.762125,0.45015,10.00
0.067210,4.380750,0.862095,0.45121,10.00
0.067220,4.402669,0.960711,0.45199,10.00
0.067230,4.428908,1.057203,0.45248,10.00
0.067240,4.459330,1.150804,0.45268,10.00
0.067250,4.494093,1.240763,0.45258,10.00
0.067260,4.533969,1.326188,0.45209,10.00
0.067270,4.577398,1.406261,0.45130,10.00
0.067280,4.624100,1.480304,0.45021,10.00
0.067290,4.673771,1.547676,0.44883,10.00
0.067300,4.725722,1.607779,0.44715,10.00
0.067310,4.778539,1.660235,0.44529,10.00
0.067320,4.833280,1.704662,0.44317,10.00
0.067330,4.889559,1.740621,0.44081,10.00
0.067340,4.946974,1.767733,0.43821,10.00
0.067350,5.005481,1.785680,0.43540,10.00
0.067360,5.065752,1.794033,0.43229,10.00
0.067370,5.125860,1.792488,0.42902,10.00
0.067380,5.185352,1.780935,0.42558,10.00
0.067390,5.243777,1.759336,0.42202,10.00
0.067400,5.300337,1.727731,0.41836,10.00
0.067410,5.353553,1.686405,0.41471,10.00
0.067420,5.404396,1.635665,0.41102,10.00
0.067430,5.452455,1.575779,0.40732,10.00
0.067440,5.497339,1.507092,0.40363,10.00
0.067450,5.538721,1.430017,0.39999,10.00
0.067460,5.576396,1.345014,0.39640,10.00
0.067470,5.609840,1.252616,0.39291,10.00
0.067480,5.638753,1.153435,0.38956,10.00
0.067490,5.662866,1.048142,0.38635,10.00
0.067500,5.681651,0.937463,0.38334,10.00
0.067510,5.694042,0.822314,0.38060,10.00
0.067520,5.701052,0.703613,0.37811,10.00
0.067530,5.702569,0.582216,0.37587,10.00
0.067540,5.698518,0.459017,0.37391,10.00
0.067550,5.689189,0.334929,0.37225,10.00
0.067560,5.675548,0.210729,0.37083,10.00
0.067570,5.656351,0.087259,0.36973,10.00
0.067580,5.631681,-0.034535,0.36896,10.00
0.067590,5.601665,-0.153707,0.36855,10.00
0.067600,5.566574,-0.269317,0.36850,10.00
0.067610,5.526921,-0.380494,0.36878,10.00
0.067620,5.482545,-0.486370,0.36942,10.00
0.067630,5.435853,-0.500000,0.37036,10.00
0.067640,5.389373,-0.500000,0.37143,10.00
0.067650,5.342763,-0.500000,0.37264,10.00
0.067660,5.295000,-0.500000,0.37406,10.00
0.067670,5.247455,-0.500000,0.37561,10.00
0.067680,5.200125,-0.500000,0.37729,10.00
0.067690,5.153010,-0.500000,0.37911,10.00
0.067700,5.106100,-0.500000,0.38105,10.00
0.067710,5.059367,-0.500000,0.38313,10.00
0.067720,5.012846,-0.500000,0.38533,10.00
0.067730,4.966536,-0.500000,0.38767,10.00
0.067740,4.920436,-0.500000,0.39013,10.00
0.067750,4.874745,-0.500000,0.39272,10.00
0.067760,4.830058,-0.500000,0.39539,10.00
0.067770,4.785576,-0.499827,0.39818,10.00
0.067780,4.741425,-0.494229,0.40108,10.00
0.067790,4.697945,-0.480719,0.40409,10.00
0.067800,4.655546,-0.459309,0.40719,10.00
0.067810,4.614750,-0.430101,0.41032,10.00
0.067820,4.575674,-0.393245,0.41350,10.00
0.067830,4.538651,-0.348937,0.41669,10.00
0.067840,4.504004,-0.297429,0.41987,10.00
0.067850,4.472035,-0.239033,0.42303,10.00
0.067860,4.443023,-0.174111,0.42613,10.00
0.067870,4.417257,-0.103086,0.42915,10.00
0.067880,4.394985,-0.026427,0.43208,10.00
0.067890,4.376434,0.055342,0.43488,10.00
0.067900,4.361742,0.141657,0.43754,10.00
0.067910,4.350901,0.231939,0.44005,10.00
0.067920,4.344300,0.325562,0.44238,10.00
0.067930,4.342051,0.421851,0.44451,10.00
0.067940,4.344238,0.520097,0.44642,10.00
0.067950,4.350599,0.619573,0.44809,10.00
0.067960,4.360231,0.719680,0.44959,10.00
0.067970,4.374364,0.819758,0.45083,10.00
0.067980,4.392954,0.919041,0.45180,10.00
0.067990,4.415925,1.016758,0.45249,10.00
0.068000,4.443522,1.112143,0.45289,10.00
0.068010,4.476667,1.204262,0.45291,10.00
0.068020,4.513730,1.292255,0.45262,10.00
0.068030,4.554489,1.375398,0.45203,10.00
0.068040,4.598686,1.452993,0.45114,10.00
0.068050,4.645873,1.524379,0.44995,10.00
0.068060,4.695247,1.589013,0.44851,10.00
0.068070,4.747134,1.646368,0.44679,10.00
0.068080,4.801177,1.695918,0.44480,10.00
0.068090,4.856998,1.737186,0.44256,10.00
0.068100,4.914342,1.769754,0.44007,10.00
0.068110,4.973206,1.793198,0.43732,10.00
0.068120,5.032609,1.807182,0.43436,10.00
0.068130,5.092115,1.811482,0.43122,10.00
0.068140,5.151278,1.805943,0.42791,10.00
0.068150,5.209566,1.790486,0.42446,10.00
0.068160,5.266275,1.765147,0.42091,10.00
0.068170,5.321311,1.730024,0.41727,10.00
0.068180,5.374240,1.685264,0.41358,10.00
0.068190,5.424640,1.631088,0.40985,10.00
0.068200,5.471882,1.567792,0.40611,10.00
0.068210,5.514915,1.495852,0.40246,10.00
0.068220,5.554266,1.415782,0.39886,10.00
0.068230,5.589596,1.328091,0.39534,10.00
0.068240,5.620592,1.233352,0.39194,10.00
0.068250,5.647247,1.132199,0.38868,10.00
0.068260,5.670126,1.025192,0.38552,10.00
0.068270,5.687901,0.912982,0.38254,10.00
0.068280,5.700382,0.796360,0.37979,10.00
0.068290,5.707414,0.676159,0.37727,10.00
0.068300,5.708683,0.553250,0.37501,10.00
0.068310,5.703520,0.428630,0.37309,10.00
0.068320,5.692704,0.303292,0.37148,10.00
0.068330,5.676252,0.178180,0.37019,10.00
0.068340,5.654228,0.054249,0.36923,10.00
0.068350,5.626915,-0.067544,0.36862,10.00
0.068360,5.594999,-0.186335,0.36832,10.00
0.068370,5.557941,-0.301241,0.36838,10.00
0.068380,5.515965,-0.411342,0.36880,10.00
0.068390,5.469479,-0.500000,0.36960,10.00
0.068400,5.421961,-0.500000,0.37063,10.00
0.068410,5.374884,-0.500000,0.37177,10.00
0.068420,5.328020,-0.500000,0.37305,10.00
0.068430,5.281369,-0.500000,0.37446,10.00
0.068440,5.234930,-0.500000,0.37599,10.00
0.068450,5.188761,-0.500000,0.37766,10.00
0.068460,5.143035,-0.500000,0.37943,10.00
0.068470,5.097517,-0.500000,0.38134,10.00
0.068480,5.052206,-0.500000,0.38337,10.00
0.068490,5.007100,-0.500000,0.38552,10.00
0.068500,4.961932,-0.500000,0.38780,10.00
0.068510,4.915907,-0.500000,0.39027,10.00
0.068520,4.870090,-0.500000,0.39287,10.00
0.068530,4.824480,-0.500000,0.39560,10.00
0.068540,4.779082,-0.499589,0.39845,10.00
0.068550,4.734223,-0.492929,0.40143,10.00
0.068560,4.690749,-0.478279,0.40446,10.00
0.068570,4.648353,-0.455714,0.40757,10.00
0.068580,4.607386,-0.425316,0.41074,10.00
0.068590,4.568195,-0.387227,0.41394,10.00
0.068600,4.530929,-0.341650,0.41716,10.00
0.068610,4.495360,-0.288757,0.42041,10.00
0.068620,4.462546,-0.228808,0.42364,10.00
0.068630,4.432784,-0.162180,0.42681,10.00
0.068640,4.406352,-0.089305,0.42990,10.00
0.068650,4.383791,-0.010667,0.43288,10.00
0.068660,4.366182,0.073062,0.43567,10.00
0.068670,4.352575,0.161207,0.43831,10.00
0.068680,4.343135,0.253145,0.44078,10.00
0.068690,4.337997,0.348217,0.44306,10.00
0.068700,4.337264,0.445732,0.44513,10.00
0.068710,4.341005,0.544971,0.44697,10.00
0.068720,4.349261,0.645197,0.44857,10.00
0.068730,4.362036,0.745651,0.44992,10.00
0.068740,4.379300,0.845567,0.45099,10.00
0.068750,4.400827,0.944173,0.45179,10.00
0.068760,4.426044,1.040774,0.45234,10.00
0.068770,4.455460,1.134656,0.45260,10.00
0.068780,4.488909,1.225068,0.45256,10.00
0.068790,4.526197,1.311275,0.45222,10.00
0.068800,4.567148,1.392565,0.45159,10.00
0.068810,4.611662,1.468229,0.45064,10.00
0.068820,4.659237,1.537602,0.44940,10.00
0.068830,4.709559,1.600077,0.44787,10.00
0.068840,4.762285,1.655088,0.44607,10.00
0.068850,4.817212,1.702124,0.44399,10.00
0.068860,4.874432,1.740648,0.44163,10.00
0.068870,4.932896,1.770209,0.43902,10.00
0.068880,4.992184,1.790469,0.43620,10.00
0.068890,5.051863,1.801159,0.43317,10.00
0.068900,5.111331,1.802077,0.42995,10.00
0.068910,5.169664,1.793171,0.42663,10.00
0.068920,5.227061,1.774441,0.42317,10.00
0.068930,5.283081,1.745905,0.41960,10.00
0.068940,5.337286,1.707661,0.41596,10.00
0.068950,5.389334,1.659879,0.41226,10.00
0.068960,5.439054,1.602764,0.40852,10.00
0.068970,5.485710,1.536609,0.40478,10.00
0.068980,5.528916,1.461805,0.40107,10.00
0.068990,5.568307,1.378816,0.39743,10.00
0.069000,5.603528,1.288172,0.39388,10.00
0.069010,5.634224,1.190476,0.39045,10.00
0.069020,5.660172,1.086388,0.38717,10.00
0.069030,5.681122,0.976623,0.38406,10.00
0.069040,5.696860,0.861944,0.38116,10.00
0.069050,5.707075,0.743166,0.37848,10.00
0.069060,5.711229,0.621205,0.37609,10.00
0.069070,5.709766,0.496994,0.37397,10.00
0.069080,5.702635,0.371450,0.37215,10.00
0.069090,5.689825,0.245511,0.37064,10.00
0.069100,5.671470,0.120131,0.36946,10.00
0.069110,5.647938,-0.003777,0.36859,10.00
0.069120,5.618952,-0.125285,0.36808,10.00
0.069130,5.584673,-0.243440,0.36792,10.00
0.069140,5.545302,-0.357302,0.36813,10.00
0.069150,5.501153,-0.465954,0.36871,10.00
0.069160,5.454111,-0.500000,0.36960,10.00
0.069170,5.407164,-0.500000,0.37065,10.00
0.069180,5.360430,-0.500000,0.37182,10.00
0.069190,5.313907,-0.500000,0.37312,10.00
0.069200,5.267564,-0.500000,0.37456,10.00
0.069210,5.221300,-0.500000,0.37612,10.00
0.069220,5.175247,-0.500000,0.37782,10.00
0.069230,5.129402,-0.500000,0.37964,10.00
0.069240,5.083766,-0.500000,0.38159,10.00
0.069250,5.038342,-0.500000,0.38367,10.00
0.069260,4.993147,-0.500000,0.38587,10.00
0.069270,4.948157,-0.500000,0.38820,10.00
0.069280,4.903372,-0.500000,0.39065,10.00
0.069290,4.858789,-0.500000,0.39322,10.00
0.069300,4.814332,-0.500000,0.39592,10.00
0.069310,4.769777,-0.499058,0.39876,10.00
0.069320,4.725642,-0.491150,0.40172,10.00
0.069330,4.682283,-0.475294,0.40477,10.00
0.069340,4.640056,-0.451520,0.40790,10.00
0.069350,4.599263,-0.419919,0.41108,10.00
0.069360,4.560099,-0.380619,0.41431,10.00
0.069370,4.523102,-0.333817,0.41755,10.00
0.069380,4.488595,-0.279782,0.42077,10.00
0.069390,4.456885,-0.218845,0.42396,10.00
0.069400,4.428289,-0.151393,0.42709,10.00
0.069410,4.403156,-0.077877,0.43012,10.00
0.069420,4.381625,0.001201,0.43305,10.00
0.069430,4.363920,0.085301,0.43586,10.00
0.069440,4.350233,0.173838,0.43851,10.00
0.069450,4.340714,0.266187,0.44099,10.00
0.069460,4.335448,0.361693,0.44328,10.00
0.069470,4.334608,0.459668,0.44536,10.00
0.069480,4.338267,0.559390,0.44722,10.00
0.069490,4.346465,0.660117,0.44883,10.00
0.069500,4.359320,0.761088,0.45018,10.00
0.069510,4.377146,0.861478,0.45124,10.00
0.069520,4.399410,0.960471,0.45201,10.00
0.069530,4.426009,1.057293,0.45249,10.00
0.069540,4.456803,1.151176,0.45268,10.00
0.069550,4.491562,1.241363,0.45257,10.00
0.069560,4.529915,1.327147,0.45217,10.00
0.069570,4.571849,1.407835,0.45147,10.00
0.069580,4.617100,1.482745,0.45047,10.00
0.069590,4.665371,1.551233,0.44918,10.00
0.069600,4.716275,1.612697,0.44760,10.00
0.069610,4.769270,1.666610,0.44576,10.00
0.069620,4.824253,1.712488,0.44365,10.00
0.069630,4.880839,1.749881,0.44130,10.00
0.069640,4.938624,1.778397,0.43871,10.00
0.069650,4.997213,1.797709,0.43590,10.00
0.069660,5.056244,1.807543,0.43289,10.00
0.069670,5.115190,1.807700,0.42970,10.00
0.069680,5.173609,1.798058,0.42635,10.00
0.069690,5.231057,1.778568,0.42288,10.00
0.069700,5.287321,1.749258,0.41930,10.00
0.069710,5.342646,1.710117,0.41559,10.00
0.069720,5.395677,1.661247,0.41182,10.00
0.069730,5.445992,1.602901,0.40802,10.00
0.069740,5.493180,1.535405,0.40424,10.00
0.069750,5.536808,1.459159,0.40048,10.00
0.069760,5.576375,1.374659,0.39681,10.00
0.069770,5.611716,1.282458,0.39322,10.00
0.069780,5.642518,1.183163,0.38976,10.00
0.069790,5.668498,1.077444,0.38645,10.00
0.069800,5.689252,0.966024,0.38333,10.00
0.069810,5.704111,0.849756,0.38044,10.00
0.069820,5.713516,0.729515,0.37779,10.00
0.069830,5.717335,0.606165,0.37540,10.00
0.069840,5.715476,0.480607,0.37328,10.00
0.069850,5.707926,0.353770,0.37147,10.00
0.069860,5.694787,0.226584,0.36996,10.00
0.069870,5.675949,0.100002,0.36878,10.00
0.069880,5.651493,-0.025007,0.36795,10.00
0.069890,5.621542,-0.147473,0.36747,10.00
0.069900,5.586100,-0.266433,0.36736,10.00
0.069910,5.544891,-0.380862,0.36766,10.00
0.069920,5.498823,-0.489782,0.36833,10.00
0.069930,5.450548,-0.500000,0.36931,10.00
0.069940,5.402492,-0.500000,0.37042,10.00
0.069950,5.354782,-0.500000,0.37166,10.00
0.069960,5.307799,-0.500000,0.37300,10.00
0.069970,5.261030,-0.500000,0.37448,10.00
0.069980,5.214473,-0.500000,0.37608,10.00
0.069990,5.168127,-0.500000,0.37781,10.00
0.070000,5.121953,-0.500000,0.37967,10.00
0.070010,5.075841,-0.500000,0.38167,10.00
0.070020,5.029938,-0.500000,0.38379,10.00
0.070030,4.984244,-0.500000,0.38605,10.00
0.070040,4.938756,-0.500000,0.38842,10.00
0.070050,4.893304,-0.500000,0.39093,10.00
0.070060,4.847372,-0.500000,0.39360,10.00
0.070070,4.801649,-0.500000,0.39640,10.00
0.070080,4.756168,-0.497807,0.39933,10.00
0.070090,4.711203,-0.487772,0.40237,10.00
0.070100,4.667259,-0.469620,0.40551,10.00
0.070110,4.625122,-0.443468,0.40867,10.00
0.070120,4.584578,-0.409468,0.41189,10.00
0.070130,4.545970,-0.367792,0.41514,10.00
0.070140,4.509632,-0.318669,0.41838,10.00
0.070150,4.475674,-0.262389,0.42161,10.00
0.070160,4.443779,-0.199199,0.42485,10.00
0.070170,4.415076,-0.129433,0.42802,10.00
0.070180,4.389837,-0.053551,0.43110,10.00
0.070190,4.368310,0.027940,0.43408,10.00
0.070200,4.350987,0.114481,0.43691,10.00
0.070210,4.338865,0.205340,0.43952,10.00
0.070220,4.331020,0.299783,0.44195,10.00
0.070230,4.327578,0.397129,0.44418,10.00
0.070240,4.328630,0.496668,0.44619,10.00
0.070250,4.334167,0.597662,0.44796,10.00
0.070260,4.344008,0.699388,0.44951,10.00
0.070270,4.358422,0.801098,0.45078,10.00
0.070280,4.377367,0.902013,0.45178,10.00
0.070290,4.400764,1.001348,0.45250,10.00
0.070300,4.428652,1.098324,0.45292,10.00
0.070310,4.461333,1.192096,0.45300,10.00
0.070320,4.498015,1.281857,0.45278,10.00
0.070330,4.538476,1.366871,0.45225,10.00
0.070340,4.582464,1.446428,0.45142,10.00
0.070350,4.629459,1.519852,0.45029,10.00
0.070360,4.678438,1.586620,0.44892,10.00
0.070370,4.730031,1.646217,0.44727,10.00
0.070380,4.783886,1.698099,0.44534,10.00
0.070390,4.839628,1.741772,0.44315,10.00
0.070400,4.897100,1.776801,0.44072,10.00
0.070410,4.956592,1.802698,0.43799,10.00
0.070420,5.016730,1.819074,0.43505,10.00
0.070430,5.077074,1.825687,0.43191,10.00
0.070440,5.137173,1.822364,0.42859,10.00
0.070450,5.196654,1.809007,0.42513,10.00
0.070460,5.255299,1.785555,0.42153,10.00
0.070470,5.312339,1.752035,0.41782,10.00
0.070480,5.367328,1.708579,0.41405,10.00
0.070490,5.419829,1.655393,0.41023,10.00
0.070500,5.469375,1.592762,0.40640,10.00
0.070510,5.515423,1.521068,0.40260,10.00
0.070520,5.557772,1.440760,0.39884,10.00
0.070530,5.596062,1.352343,0.39517,10.00
0.070540,5.629960,1.256389,0.39160,10.00
0.070550,5.659028,1.153536,0.38816,10.00
0.070560,5.682605,1.044544,0.38493,10.00
0.070570,5.700981,0.930211,0.38188,10.00
0.070580,5.713959,0.811339,0.37906,10.00
0.070590,5.721382,0.688778,0.37648,10.00
0.070600,5.723182,0.563415,0.37417,10.00
0.070610,5.719437,0.436144,0.37213,10.00
0.070620,5.709905,0.307892,0.37040,10.00
0.070630,5.694593,0.179624,0.36900,10.00
0.070640,5.673553,0.052314,0.36793,10.00
0.070650,5.646884,-0.073058,0.36722,10.00
0.070660,5.614733,-0.195515,0.36687,10.00
0.070670,5.577274,-0.314093,0.36689,10.00
0.070680,5.534732,-0.427842,0.36729,10.00
0.070690,5.487836,-0.500000,0.36805,10.00
0.070700,5.440214,-0.500000,0.36902,10.00
0.070710,5.392130,-0.500000,0.37016,10.00
0.070720,5.344265,-0.500000,0.37144,10.00
0.070730,5.296617,-0.500000,0.37285,10.00
0.070740,5.249185,-0.500000,0.37439,10.00
0.070750,5.202063,-0.500000,0.37606,10.00
0.070760,5.155532,-0.500000,0.37784,10.00
0.070770,5.109213,-0.500000,0.37975,10.00
0.070780,5.063104,-0.500000,0.38178,10.00
0.070790,5.017204,-0.500000,0.38394,10.00
0.070800,4.971402,-0.500000,0.38623,10.00
0.070810,4.925371,-0.500000,0.38868,10.00
0.070820,4.879548,-0.500000,0.39125,10.00
0.070830,4.833933,-0.500000,0.39395,10.00
0.070840,4.788525,-0.500000,0.39678,10.00
0.070850,4.743691,-0.496306,0.39972,10.00
0.070860,4.700625,-0.484677,0.40271,10.00
0.070870,4.658495,-0.465211,0.40577,10.00
0.070880,4.617653,-0.437965,0.40890,10.00
0.070890,4.578440,-0.403060,0.41208,10.00
0.070900,4.541223,-0.360675,0.41527,10.00
0.070910,4.506412,-0.311063,0.41845,10.00
0.070920,4.474199,-0.254529,0.42161,10.00
0.070930,4.444877,-0.191427,0.42472,10.00
0.070940,4.418721,-0.122163,0.42776,10.00
0.070950,4.395892,-0.047195,0.43070,10.00
0.070960,4.376349,0.033011,0.43355,10.00
0.070970,4.360663,0.117934,0.43627,10.00
0.070980,4.349016,0.206977,0.43882,10.00
0.070990,4.341560,0.299507,0.44120,10.00
0.071000,4.338227,0.394856,0.44338,10.00
0.071010,4.338547,0.492418,0.44540,10.00
0.071020,4.343338,0.591532,0.44718,10.00
0.071030,4.352629,0.691456,0.44872,10.00
0.071040,4.366415,0.791435,0.45000,10.00
0.071050,4.384815,0.890704,0.45102,10.00
0.071060,4.408222,0.988416,0.45171,10.00
0.071070,4.435894,1.083753,0.45211,10.00
0.071080,4.467683,1.175956,0.45222,10.00
0.071090,4.503408,1.264281,0.45202,10.00
0.071100,4.542750,1.348001,0.45153,10.00
0.071110,4.585145,1.426473,0.45077,10.00
0.071120,4.630751,1.499063,0.44971,10.00
0.071130,4.679268,1.565145,0.44836,10.00
0.071140,4.730372,1.624131,0.44673,10.00
0.071150,4.783988,1.675483,0.44483,10.00
0.071160,4.840561,1.718581,0.44260,10.00
0.071170,4.898594,1.752904,0.44012,10.00
0.071180,4.957674,1.778081,0.43741,10.00
0.071190,5.017371,1.793805,0.43448,10.00
0.071200,5.077000,1.799838,0.43136,10.00
0.071210,5.135376,1.796134,0.42814,10.00
0.071220,5.193054,1.782680,0.42477,10.00
0.071230,5.249594,1.759456,0.42128,10.00
0.071240,5.304558,1.726519,0.41770,10.00
0.071250,5.357606,1.683998,0.41406,10.00
0.071260,5.408580,1.632056,0.41035,10.00
0.071270,5.456715,1.570943,0.40663,10.00
0.071280,5.501617,1.501011,0.40292,10.00
0.071290,5.542912,1.422682,0.39926,10.00
0.071300,5.580198,1.336449,0.39568,10.00
0.071310,5.613000,1.242896,0.39222,10.00
0.071320,5.641223,1.142659,0.38888,10.00
0.071330,5.664605,1.036420,0.38571,10.00
0.071340,5.682914,0.924913,0.38273,10.00
0.071350,5.695999,0.808921,0.37996,10.00
0.071360,5.703833,0.689250,0.37741,10.00
0.071370,5.706122,0.566752,0.37513,10.00
0.071380,5.702786,0.442323,0.37312,10.00
0.071390,5.693789,0.316886,0.37142,10.00
0.071400,5.679018,0.191383,0.37003,10.00
0.071410,5.658168,0.066824,0.36900,10.00
0.071420,5.631811,-0.055794,0.36832,10.00
0.071430,5.600085,-0.175514,0.36799,10.00
0.071440,5.563173,-0.291391,0.36803,10.00
0.071450,5.521342,-0.402497,0.36844,10.00
0.071460,5.475061,-0.500000,0.36920,10.00
0.071470,5.427389,-0.500000,0.37022,10.00
0.071480,5.379933,-0.500000,0.37137,10.00
0.071490,5.332692,-0.500000,0.37265,10.00
0.071500,5.285682,-0.500000,0.37406,10.00
0.071510,5.238949,-0.500000,0.37560,10.00
0.071520,5.192428,-0.500000,0.37726,10.00
0.071530,5.146119,-0.500000,0.37906,10.00
0.071540,5.100019,-0.500000,0.38098,10.00
0.071550,5.054546,-0.500000,0.38304,10.00
0.071560,5.010946,-0.500000,0.38511,10.00
0.071570,4.967544,-0.500000,0.38730,10.00
0.071580,4.924339,-0.500000,0.38961,10.00
0.071590,4.881330,-0.500000,0.39204,10.00
0.071600,4.837953,-0.500000,0.39459,10.00
0.071610,4.792521,-0.500000,0.39740,10.00
0.071620,4.747377,-0.495958,0.40034,10.00
0.071630,4.702841,-0.483855,0.40339,10.00
0.071640,4.659275,-0.463690,0.40652,10.00
0.071650,4.617357,-0.435526,0.40972,10.00
0.071660,4.578382,-0.399639,0.41288,10.00
0.071670,4.541415,-0.356318,0.41606,10.00
0.071680,4.506778,-0.305808,0.41924,10.00
0.071690,4.474779,-0.248413,0.42238,10.00
0.071700,4.445462,-0.184491,0.42548,10.00
0.071710,4.418366,-0.114339,0.42856,10.00
0.071720,4.394738,-0.038339,0.43155,10.00
0.071730,4.374812,0.042993,0.43443,10.00
0.071740,4.358798,0.129100,0.43717,10.00
0.071750,4.347107,0.219376,0.43974,10.00
0.071760,4.340563,0.313071,0.44208,10.00
0.071770,4.338375,0.409434,0.44422,10.00
0.071780,4.340625,0.507759,0.44613,10.00
0.071790,4.347362,0.607315,0.44781,10.00
0.071800,4.358414,0.707354,0.44924,10.00
0.071810,4.373205,0.807206,0.45045,10.00
0.071820,4.392437,0.906163,0.45139,10.00
0.071830,4.416029,1.003457,0.45205,10.00
0.071840,4.443865,1.098323,0.45242,10.00
0.071850,4.475810,1.190003,0.45250,10.00
0.071860,4.511722,1.277749,0.45227,10.00
0.071870,4.551329,1.360837,0.45174,10.00
0.071880,4.594382,1.438574,0.45092,10.00
0.071890,4.640606,1.510298,0.44980,10.00
0.071900,4.689639,1.575385,0.44839,10.00
0.071910,4.740983,1.633284,0.44672,10.00
0.071920,4.794514,1.683482,0.44478,10.00
0.071930,4.849857,1.725497,0.44258,10.00
0.071940,4.906623,1.758909,0.44013,10.00
0.071950,4.964376,1.783355,0.43746,10.00
0.071960,5.022613,1.798549,0.43459,10.00
0.071970,5.081017,1.804271,0.43154,10.00
0.071980,5.139155,1.800359,0.42831,10.00
0.071990,5.196586,1.786723,0.42494,10.00
0.072000,5.253129,1.763345,0.42146,10.00
0.072010,5.309114,1.730160,0.41782,10.00
0.072020,5.363071,1.687214,0.41410,10.00
0.072030,5.414575,1.634715,0.41035,10.00
0.072040,5.463209,1.572943,0.40659,10.00
0.072050,5.508213,1.502254,0.40284,10.00
0.072060,5.548128,1.423251,0.39923,10.00
0.072070,5.584067,1.336550,0.39570,10.00
0.072080,5.615712,1.242717,0.39229,10.00
0.072090,5.642777,1.142377,0.38901,10.00
0.072100,5.665249,1.036215,0.38589,10.00
0.072110,5.683631,0.924848,0.38290,10.00
0.072120,5.696752,0.808981,0.38012,10.00
0.072130,5.704453,0.689439,0.37758,10.00
0.072140,5.706616,0.567088,0.37530,10.00
0.072150,5.702928,0.442824,0.37330,10.00
0.072160,5.692659,0.317681,0.37166,10.00
0.072170,5.676759,0.192675,0.37034,10.00
0.072180,5.655285,0.068760,0.36935,10.00
0.072190,5.628339,-0.053109,0.36871,10.00
0.072200,5.596471,-0.171981,0.36842,10.00
0.072210,5.561077,-0.287111,0.36839,10.00
0.072220,5.520741,-0.397710,0.36872,10.00
0.072230,5.475740,-0.500000,0.36942,10.00
0.072240,5.429162,-0.500000,0.37038,10.00
0.072250,5.382471,-0.500000,0.37147,10.00
0.072260,5.334697,-0.500000,0.37277,10.00
0.072270,5.287140,-0.500000,0.37420,10.00
0.072280,5.239799,-0.500000,0.37577,10.00
0.072290,5.192673,-0.500000,0.37746,10.00
0.072300,5.145563,-0.500000,0.37929,10.00
0.072310,5.097878,-0.500000,0.38130,10.00
0.072320,5.050409,-0.500000,0.38344,10.00
0.072330,5.003156,-0.500000,0.38571,10.00
0.072340,4.956118,-0.500000,0.38811,10.00
0.072350,4.909399,-0.500000,0.39064,10.00
0.072360,4.863319,-0.500000,0.39327,10.00
0.072370,4.817449,-0.500000,0.39603,10.00
0.072380,4.771797,-0.499078,0.39892,10.00
0.072390,4.726571,-0.491104,0.40193,10.00
0.072400,4.682202,-0.475011,0.40503,10.00
0.072410,4.639254,-0.450863,0.40820,10.00
0.072420,4.597814,-0.418774,0.41142,10.00
0.072430,4.558230,-0.378897,0.41467,10.00
0.072440,4.520843,-0.331449,0.41793,10.00
0.072450,4.486137,-0.276703,0.42118,10.00
0.072460,4.454896,-0.215071,0.42436,10.00
0.072470,4.426769,-0.146996,0.42746,10.00
0.072480,4.402025,-0.072924,0.43049,10.00
0.072490,4.380904,0.006648,0.43340,10.00
0.072500,4.363766,0.091175,0.43618,10.00
0.072510,4.351212,0.180003,0.43877,10.00
0.072520,4.342847,0.272455,0.44119,10.00
0.072530,4.338797,0.367867,0.44342,10.00
0.072540,4.339160,0.465543,0.44543,10.00
0.072550,4.343854,0.564761,0.44721,10.00
0.072560,4.352486,0.664849,0.44878,10.00
0.072570,4.365627,0.765095,0.45010,10.00
0.072580,4.383243,0.864734,0.45114,10.00
0.072590,4.405265,0.962994,0.45191,10.00
0.072600,4.431846,1.059106,0.45239,10.00
0.072610,4.463607,1.152185,0.45251,10.00
0.072620,4.499345,1.241396,0.45233,10.00
0.072630,4.538846,1.326010,0.45185,10.00
0.072640,4.581865,1.405321,0.45106,10.00
0.072650,4.627722,1.478658,0.44998,10.00
0.072660,4.674910,1.545580,0.44871,10.00
0.072670,4.724734,1.605628,0.44716,10.00
0.072680,4.776858,1.658257,0.44534,10.00
0.072690,4.830918,1.702973,0.44326,10.00
0.072700,4.886752,1.739336,0.44093,10.00
0.072710,4.944602,1.766859,0.43832,10.00
0.072720,5.003188,1.785155,0.43549,10.00
0.072730,5.062081,1.793967,0.43247,10.00
0.072740,5.120844,1.793110,0.42927,10.00
0.072750,5.179112,1.782472,0.42592,10.00
0.072760,5.236673,1.761973,0.42243,10.00
0.072770,5.292774,1.731624,0.41883,10.00
0.072780,5.346977,1.691531,0.41515,10.00
0.072790,5.398854,1.641881,0.41143,10.00
0.072800,5.447745,1.582933,0.40769,10.00
0.072810,5.492524,1.515138,0.40402,10.00
0.072820,5.533794,1.438983,0.40039,10.00
0.072830,5.571205,1.354943,0.39683,10.00
0.072840,5.604431,1.263561,0.39337,10.00
0.072850,5.633396,1.165442,0.39004,10.00
0.072860,5.658489,1.061142,0.38681,10.00
0.072870,5.678583,0.951309,0.38375,10.00
0.072880,5.693470,0.836709,0.38090,10.00
0.072890,5.702979,0.718156,0.37827,10.00
0.072900,5.706683,0.596503,0.37590,10.00
0.072910,5.703615,0.472780,0.37388,10.00
0.072920,5.694914,0.347997,0.37216,10.00
0.072930,5.680585,0.223092,0.37075,10.00
0.072940,5.660672,0.099012,0.36967,10.00
0.072950,5.635578,-0.023289,0.36894,10.00
0.072960,5.606363,-0.143009,0.36847,10.00
0.072970,5.571938,-0.259308,0.36836,10.00
0.072980,5.532508,-0.371260,0.36861,10.00
0.072990,5.488317,-0.477962,0.36923,10.00
0.073000,5.441104,-0.500000,0.37016,10.00
0.073010,5.392813,-0.500000,0.37131,10.00
0.073020,5.344741,-0.500000,0.37260,10.00
0.073030,5.296888,-0.500000,0.37401,10.00
0.073040,5.249251,-0.500000,0.37556,10.00
0.073050,5.201998,-0.500000,0.37725,10.00
0.073060,5.155626,-0.500000,0.37902,10.00
0.073070,5.109465,-0.500000,0.38092,10.00
0.073080,5.063513,-0.500000,0.38294,10.00
0.073090,5.017770,-0.500000,0.38510,10.00
0.073100,4.972218,-0.500000,0.38738,10.00
0.073110,4.926806,-0.500000,0.38979,10.00
0.073120,4.881601,-0.500000,0.39232,10.00
0.073130,4.836601,-0.500000,0.39498,10.00
0.073140,4.791805,-0.500000,0.39777,10.00
0.073150,4.747126,-0.495496,0.40068,10.00
0.073160,4.702353,-0.482949,0.40374,10.00
0.073170,4.658574,-0.462305,0.40688,10.00
0.073180,4.616149,-0.433629,0.41009,10.00
0.073190,4.575433,-0.397048,0.41335,10.00
0.073200,4.537065,-0.352750,0.41663,10.00
0.073210,4.502249,-0.301127,0.41982,10.00
0.073220,4.470123,-0.242582,0.42299,10.00
0.073230,4.440978,-0.177483,0.42610,10.00
0.073240,4.415088,-0.106252,0.42914,10.00
0.073250,4.392611,-0.029363,0.43208,10.00
0.073260,4.373497,0.052706,0.43492,10.00
0.073270,4.358322,0.139418,0.43762,10.00
0.073280,4.347262,0.230164,0.44015,10.00
0.073290,4.340464,0.324296,0.44250,10.00
0.073300,4.337932,0.421134,0.44465,10.00
0.073310,4.339419,0.520022,0.44660,10.00
0.073320,4.345425,0.620262,0.44832,10.00
0.073330,4.355972,0.721103,0.44979,10.00
0.073340,4.371044,0.821780,0.45100,10.00
0.073350,4.390671,0.921519,0.45193,10.00
0.073360,4.415005,1.019506,0.45256,10.00
0.073370,4.443608,1.114945,0.45289,10.00
0.073380,4.476324,1.207073,0.45293,10.00
0.073390,4.512964,1.295144,0.45266,10.00
0.073400,4.553369,1.378433,0.45210,10.00
0.073410,4.597477,1.456215,0.45121,10.00
0.073420,4.644748,1.527804,0.45003,10.00
0.073430,4.694868,1.592577,0.44856,10.00
0.073440,4.747501,1.649954,0.44680,10.00
0.073450,4.802275,1.699404,0.44477,10.00
0.073460,4.858782,1.740456,0.44249,10.00
0.073470,4.916657,1.772694,0.43996,10.00
0.073480,4.975484,1.795762,0.43721,10.00
0.073490,5.034833,1.809371,0.43425,10.00
0.073500,5.094320,1.813299,0.43110,10.00
0.073510,5.153655,1.807370,0.42777,10.00
0.073520,5.212181,1.791490,0.42431,10.00
0.073530,5.269450,1.765656,0.42072,10.00
0.073540,5.325017,1.729942,0.41705,10.00
0.073550,5.378449,1.684498,0.41332,10.00
0.073560,5.429329,1.629546,0.40955,10.00
0.073570,5.477233,1.565388,0.40577,10.00
0.073580,5.521766,1.492397,0.40203,10.00
0.073590,5.562556,1.411021,0.39833,10.00
0.073600,5.599228,1.321775,0.39472,10.00
0.073610,5.631390,1.225252,0.39123,10.00
0.073620,5.658845,1.122106,0.38788,10.00
0.073630,5.681330,1.013040,0.38470,10.00
0.073640,5.698622,0.898810,0.38172,10.00
0.073650,5.710420,0.780223,0.37896,10.00
0.073660,5.716245,0.658180,0.37647,10.00
0.073670,5.716434,0.533603,0.37426,10.00
0.073680,5.710922,0.407410,0.37233,10.00
0.073690,5.699688,0.280540,0.37071,10.00
0.073700,5.682744,0.153949,0.36942,10.00
0.073710,5.660129,0.028609,0.36848,10.00
0.073720,5.631986,-0.094509,0.36788,10.00
0.073730,5.598469,-0.214443,0.36765,10.00
0.073740,5.559771,-0.330240,0.36778,10.00
0.073750,5.516140,-0.440971,0.36829,10.00
0.073760,5.468574,-0.500000,0.36915,10.00
0.073770,5.420736,-0.500000,0.37019,10.00
0.073780,5.373114,-0.500000,0.37137,10.00
0.073790,5.325709,-0.500000,0.37268,10.00
0.073800,5.278871,-0.500000,0.37412,10.00
0.073810,5.233656,-0.500000,0.37560,10.00
0.073820,5.188646,-0.500000,0.37721,10.00
0.073830,5.143841,-0.500000,0.37894,10.00
0.073840,5.099238,-0.500000,0.38079,10.00
0.073850,5.054427,-0.500000,0.38277,10.00
0.073860,5.008178,-0.500000,0.38498,10.00
0.073870,4.962139,-0.500000,0.38731,10.00
0.073880,4.916308,-0.500000,0.38977,10.00
0.073890,4.870686,-0.500000,0.39236,10.00
0.073900,4.825382,-0.500000,0.39508,10.00
0.073910,4.780730,-0.499799,0.39789,10.00
0.073920,4.736417,-0.494035,0.40082,10.00
0.073930,4.692783,-0.480316,0.40386,10.00
0.073940,4.650186,-0.458656,0.40697,10.00
0.073950,4.609164,-0.429131,0.41015,10.00
0.073960,4.570612,-0.391964,0.41331,10.00
0.073970,4.534123,-0.347412,0.41649,10.00
0.073980,4.500017,-0.295731,0.41966,10.00
0.073990,4.468597,-0.237235,0.42280,10.00
0.074000,4.439957,-0.172291,0.42588,10.00
0.074010,4.413789,-0.101229,0.42893,10.00
0.074020,4.391120,-0.024458,0.43189,10.00
0.074030,4.372181,0.057500,0.43472,10.00
0.074040,4.357174,0.144079,0.43742,10.00
0.074050,4.346468,0.234670,0.43995,10.00
0.074060,4.340779,0.328533,0.44224,10.00
0.074070,4.339447,0.424927,0.44433,10.00
0.074080,4.342546,0.523141,0.44620,10.00
0.074090,4.350120,0.622445,0.44783,10.00
0.074100,4.361972,0.722092,0.44921,10.00
0.074110,4.377465,0.821420,0.45038,10.00
0.074120,4.397369,0.919731,0.45127,10.00
0.074130,4.421597,1.016259,0.45188,10.00
0.074140,4.450029,1.110242,0.45220,10.00
0.074150,4.482535,1.200931,0.45223,10.00
0.074160,4.519003,1.287577,0.45196,10.00
0.074170,4.559111,1.369458,0.45138,10.00
0.074180,4.602605,1.445890,0.45051,10.00
0.074190,4.649207,1.516219,0.44935,10.00
0.074200,4.698627,1.579833,0.44790,10.00
0.074210,4.750594,1.636151,0.44616,10.00
0.074220,4.804669,1.684646,0.44416,10.00
0.074230,4.860474,1.724850,0.44191,10.00
0.074240,4.917615,1.756352,0.43941,10.00
0.074250,4.975553,1.778804,0.43670,10.00
0.074260,5.033486,1.791983,0.43381,10.00
0.074270,5.091498,1.795715,0.43074,10.00
0.074280,5.149154,1.789854,0.42750,10.00
0.074290,5.206020,1.774324,0.42413,10.00
0.074300,5.261851,1.749124,0.42065,10.00
0.074310,5.316784,1.714234,0.41704,10.00
0.074320,5.369622,1.669737,0.41336,10.00
0.074330,5.419945,1.615854,0.40964,10.00
0.074340,5.467346,1.552877,0.40593,10.00
0.074350,5.511412,1.481174,0.40223,10.00
0.074360,5.551703,1.401194,0.39860,10.00
0.074370,5.587970,1.313452,0.39504,10.00
0.074380,5.619892,1.218519,0.39160,10.00
0.074390,5.647182,1.117030,0.38829,10.00
0.074400,5.669704,1.009675,0.38515,10.00
0.074410,5.687601,0.897139,0.38217,10.00
0.074420,5.700187,0.780176,0.37941,10.00
0.074430,5.707308,0.659620,0.37689,10.00
0.074440,5.708849,0.536345,0.37463,10.00
0.074450,5.704702,0.411254,0.37266,10.00
0.074460,5.694729,0.285295,0.37099,10.00
0.074470,5.679085,0.159425,0.36965,10.00
0.074480,5.657826,0.034602,0.36865,10.00
0.074490,5.631051,-0.088210,0.36799,10.00
0.074500,5.598964,-0.208054,0.36769,10.00
0.074510,5.561934,-0.324012,0.36773,10.00
0.074520,5.519938,-0.435175,0.36815,10.00
0.074530,5.473792,-0.500000,0.36892,10.00
0.074540,5.427258,-0.500000,0.36989,10.00
0.074550,5.380826,-0.500000,0.37098,10.00
0.074560,5.334171,-0.500000,0.37223,10.00
0.074570,5.287728,-0.500000,0.37361,10.00
0.074580,5.241495,-0.500000,0.37511,10.00
0.074590,5.195472,-0.500000,0.37675,10.00
0.074600,5.149718,-0.500000,0.37851,10.00
0.074610,5.104411,-0.500000,0.38038,10.00
0.074620,5.059309,-0.500000,0.38238,10.00
0.074630,5.014412,-0.500000,0.38450,10.00
0.074640,4.969719,-0.500000,0.38675,10.00
0.074650,4.925230,-0.500000,0.38912,10.00
0.074660,4.880948,-0.500000,0.39161,10.00
0.074670,4.836866,-0.500000,0.39423,10.00
0.074680,4.792985,-0.500000,0.39697,10.00
0.074690,4.749365,-0.496648,0.39982,10.00
0.074700,4.706067,-0.485478,0.40279,10.00
0.074710,4.662720,-0.466371,0.40590,10.00
0.074720,4.620655,-0.439303,0.40908,10.00
0.074730,4.580223,-0.404391,0.41231,10.00
0.074740,4.541767,-0.361811,0.41556,10.00
0.074750,4.505586,-0.311801,0.41881,10.00
0.074760,4.471888,-0.254640,0.42204,10.00
0.074770,4.441124,-0.190670,0.42523,10.00
0.074780,4.413577,-0.120303,0.42836,10.00
0.074790,4.389512,-0.044001,0.43138,10.00
0.074800,4.369254,0.037720,0.43430,10.00
0.074810,4.353276,0.124257,0.43705,10.00
0.074820,4.341413,0.214974,0.43964,10.00
0.074830,4.333818,0.309227,0.44205,10.00
0.074840,4.330615,0.406335,0.44425,10.00
0.074850,4.332044,0.505588,0.44624,10.00
0.074860,4.338613,0.606178,0.44796,10.00
0.074870,4.349734,0.707302,0.44942,10.00
0.074880,4.365388,0.808189,0.45061,10.00
0.074890,4.385525,0.908064,0.45153,10.00
0.074900,4.409800,1.006150,0.45216,10.00
0.074910,4.437336,1.101796,0.45257,10.00
0.074920,4.469004,1.194322,0.45268,10.00
0.074930,4.504623,1.282980,0.45249,10.00
0.074940,4.543982,1.367045,0.45199,10.00
0.074950,4.586937,1.445817,0.45120,10.00
0.074960,4.633523,1.518577,0.45009,10.00
0.074970,4.683020,1.584660,0.44868,10.00
0.074980,4.735094,1.643479,0.44699,10.00
0.074990,4.789391,1.694493,0.44503,10.00
0.075000,4.845611,1.737216,0.44280,10.00
0.075010,4.903595,1.771180,0.44031,10.00
0.075020,4.962609,1.795990,0.43759,10.00
0.075030,5.022224,1.811343,0.43465,10.00
0.075040,5.082002,1.817003,0.43152,10.00
0.075050,5.141807,1.812808,0.42823,10.00
0.075060,5.202114,1.798517,0.42470,10.00
0.075070,5.261220,1.774012,0.42106,10.00
0.075080,5.318669,1.739353,0.41731,10.00
0.075090,5.374012,1.694678,0.41350,10.00
0.075100,5.426428,1.640203,0.40965,10.00
0.075110,5.474358,1.576406,0.40588,10.00
0.075120,5.518934,1.503780,0.40214,10.00
0.075130,5.559783,1.422768,0.39845,10.00
0.075140,5.596554,1.333884,0.39485,10.00
0.075150,5.629036,1.237707,0.39135,10.00
0.075160,5.657268,1.134826,0.38797,10.00
0.075170,5.680537,1.025904,0.38476,10.00
0.075180,5.698612,0.911695,0.38174,10.00
0.075190,5.711298,0.793005,0.37894,10.00
0.075200,5.718402,0.670679,0.37638,10.00
0.075210,5.719702,0.545623,0.37410,10.00
0.075220,5.715269,0.418764,0.37211,10.00
0.075230,5.705074,0.291047,0.37042,10.00
0.075240,5.689129,0.163432,0.36907,10.00
0.075250,5.667401,0.036890,0.36805,10.00
0.075260,5.639718,-0.087559,0.36741,10.00
0.075270,5.606594,-0.208913,0.36713,10.00
0.075280,5.568221,-0.326212,0.36722,10.00
0.075290,5.524834,-0.438514,0.36769,10.00
0.075300,5.477752,-0.500000,0.36852,10.00
0.075310,5.431920,-0.500000,0.36943,10.00
0.075320,5.386296,-0.500000,0.37048,10.00
0.075330,5.340880,-0.500000,0.37164,10.00
0.075340,5.295669,-0.500000,0.37294,10.00
0.075350,5.250178,-0.500000,0.37436,10.00
0.075360,5.202956,-0.500000,0.37603,10.00
0.075370,5.155948,-0.500000,0.37783,10.00
0.075380,5.109154,-0.500000,0.37976,10.00
0.075390,5.062571,-0.500000,0.38182,10.00
0.075400,5.016389,-0.500000,0.38401,10.00
0.075410,4.971166,-0.500000,0.38627,10.00
0.075420,4.926148,-0.500000,0.38867,10.00
0.075430,4.881335,-0.500000,0.39119,10.00
0.075440,4.836725,-0.500000,0.39383,10.00
0.075450,4.792371,-0.500000,0.39659,10.00
0.075460,4.748483,-0.496982,0.39947,10.00
0.075470,4.705145,-0.486128,0.40245,10.00
0.075480,4.662710,-0.467402,0.40552,10.00
0.075490,4.621530,-0.440857,0.40865,10.00
0.075500,4.581817,-0.406608,0.41183,10.00
0.075510,4.543504,-0.364763,0.41507,10.00
0.075520,4.507467,-0.315510,0.41831,10.00
0.075530,4.474023,-0.259142,0.42152,10.00
0.075540,4.443473,-0.196008,0.42470,10.00
0.075550,4.416183,-0.126511,0.42780,10.00
0.075560,4.392655,-0.051149,0.43079,10.00
0.075570,4.372799,0.029543,0.43367,10.00
0.075580,4.356828,0.115009,0.43641,10.00
0.075590,4.344922,0.204651,0.43899,10.00
0.075600,4.336998,0.297831,0.44139,10.00
0.075610,4.332472,0.393991,0.44366,10.00
0.075620,4.332395,0.492509,0.44571,10.00
0.075630,4.336836,0.592656,0.44753,10.00
0.075640,4.345827,0.693685,0.44911,10.00
0.075650,4.359412,0.794832,0.45043,10.00
0.075660,4.377687,0.895302,0.45146,10.00
0.075670,4.400401,0.994301,0.45221,10.00
0.075680,4.427445,1.091055,0.45267,10.00
0.075690,4.458677,1.184793,0.45283,10.00
0.075700,4.493903,1.274761,0.45269,10.00
0.075710,4.532865,1.360231,0.45225,10.00
0.075720,4.575388,1.440500,0.45151,10.00
0.075730,4.621203,1.514889,0.45047,10.00
0.075740,4.670009,1.582756,0.44913,10.00
0.075750,4.721366,1.643500,0.44752,10.00
0.075760,4.774577,1.696626,0.44565,10.00
0.075770,4.829739,1.741669,0.44352,10.00
0.075780,4.886464,1.778186,0.44114,10.00
0.075790,4.944347,1.805790,0.43853,10.00
0.075800,5.003208,1.824161,0.43570,10.00
0.075810,5.063329,1.832928,0.43261,10.00
0.075820,5.123308,1.831827,0.42935,10.00
0.075830,5.182692,1.820743,0.42593,10.00
0.075840,5.241031,1.799637,0.42238,10.00
0.075850,5.297786,1.768545,0.41873,10.00
0.075860,5.352245,1.727622,0.41503,10.00
0.075870,5.404339,1.677089,0.41128,10.00
0.075880,5.453647,1.617211,0.40751,10.00
0.075890,5.499768,1.548328,0.40375,10.00
0.075900,5.542450,1.470852,0.40004,10.00
0.075910,5.581721,1.385205,0.39636,10.00
0.075920,5.616717,1.291895,0.39278,10.00
0.075930,5.647126,1.191537,0.38932,10.00
0.075940,5.672667,1.084809,0.38602,10.00
0.075950,5.692941,0.972443,0.38290,10.00
0.075960,5.707280,0.855300,0.38004,10.00
0.075970,5.716129,0.734261,0.37740,10.00
0.075980,5.719361,0.610200,0.37503,10.00
0.075990,5.716889,0.484022,0.37294,10.00
0.076000,5.709026,0.356662,0.37115,10.00
0.076010,5.696839,0.228901,0.36959,10.00
0.076020,5.678920,0.101588,0.36836,10.00
0.076030,5.655340,-0.024302,0.36747,10.00
0.076040,5.626218,-0.147796,0.36694,10.00
0.076050,5.591516,-0.267925,0.36677,10.00
0.076060,5.550856,-0.383640,0.36703,10.00
0.076070,5.505274,-0.493945,0.36766,10.00
0.076080,5.457645,-0.500000,0.36858,10.00
0.076090,5.410232,-0.500000,0.36964,10.00
0.076100,5.363141,-0.500000,0.37083,10.00
0.076110,5.316689,-0.500000,0.37212,10.00
0.076120,5.270448,-0.500000,0.37354,10.00
0.076130,5.224416,-0.500000,0.37509,10.00
0.076140,5.178594,-0.500000,0.37676,10.00
0.076150,5.132871,-0.500000,0.37856,10.00
0.076160,5.086926,-0.500000,0.38052,10.00
0.076170,5.041189,-0.500000,0.38260,10.00
0.076180,4.995660,-0.500000,0.38481,10.00
0.076190,4.950337,-0.500000,0.38715,10.00
0.076200,4.905184,-0.500000,0.38961,10.00
0.076210,4.860092,-0.500000,0.39220,10.00
0.076220,4.815205,-0.500000,0.39492,10.00
0.076230,4.770526,-0.499566,0.39777,10.00
0.076240,4.726218,-0.492909,0.40073,10.00
0.076250,4.682539,-0.478268,0.40379,10.00
0.076260,4.639579,-0.455621,0.40696,10.00
0.076270,4.598059,-0.425020,0.41018,10.00
0.076280,4.558329,-0.386608,0.41344,10.00
0.076290,4.520731,-0.340589,0.41671,10.00
0.076300,4.485705,-0.287228,0.41998,10.00
0.076310,4.453904,-0.226903,0.42318,10.00
0.076320,4.425164,-0.160032,0.42632,10.00
0.076330,4.399756,-0.087051,0.42938,10.00
0.076340,4.377930,-0.008447,0.43234,10.00
0.076350,4.359918,0.075243,0.43517,10.00
0.076360,4.345941,0.163434,0.43784,10.00
0.076370,4.336137,0.255500,0.44035,10.00
0.076380,4.330645,0.350783,0.44267,10.00
0.076390,4.329572,0.448589,0.44478,10.00
0.076400,4.333151,0.548199,0.44666,10.00
0.076410,4.341891,0.648796,0.44826,10.00
0.076420,4.355164,0.749567,0.44960,10.00
0.076430,4.372935,0.849744,0.45067,10.00
0.076440,4.395137,0.948550,0.45146,10.00
0.076450,4.421542,1.045212,0.45196,10.00
0.076460,4.451648,1.139022,0.45220,10.00
0.076470,4.485779,1.229265,0.45213,10.00
0.076480,4.523735,1.315207,0.45177,10.00
0.076490,4.565285,1.396137,0.45111,10.00
0.076500,4.610161,1.471372,0.45015,10.00
0.076510,4.658064,1.540269,0.44889,10.00
0.076520,4.708688,1.602222,0.44736,10.00
0.076530,4.761691,1.656671,0.44554,10.00
0.076540,4.816708,1.703107,0.44346,10.00
0.076550,4.873287,1.741076,0.44112,10.00
0.076560,4.930829,1.770212,0.43856,10.00
0.076570,4.989184,1.790206,0.43579,10.00
0.076580,5.047925,1.800790,0.43282,10.00
0.076590,5.106620,1.801767,0.42967,10.00
0.076600,5.164865,1.793009,0.42636,10.00
0.076610,5.222333,1.774444,0.42291,10.00
0.076620,5.278430,1.746078,0.41936,10.00
0.076630,5.332721,1.708006,0.41572,10.00
0.076640,5.384778,1.660398,0.41203,10.00
0.076650,5.434218,1.603497,0.40832,10.00
0.076660,5.480743,1.537605,0.40460,10.00
0.076670,5.523830,1.463102,0.40092,10.00
0.076680,5.563118,1.380448,0.39729,10.00
0.076690,5.598268,1.290171,0.39376,10.00
0.076700,5.628774,1.192865,0.39035,10.00
0.076710,5.653774,1.089276,0.38713,10.00
0.076720,5.673809,0.980179,0.38409,10.00
0.076730,5.688670,0.866337,0.38126,10.00
0.076740,5.698189,0.748556,0.37865,10.00
0.076750,5.702647,0.627685,0.37629,10.00
0.076760,5.703186,0.504405,0.37410,10.00
0.076770,5.698081,0.379489,0.37219,10.00
0.076780,5.687309,0.253868,0.37059,10.00
0.076790,5.670889,0.128488,0.36931,10.00
0.076800,5.648548,0.004304,0.36837,10.00
0.076810,5.619387,-0.117561,0.36786,10.00
0.076820,5.584919,-0.236043,0.36771,10.00
0.076830,5.545346,-0.350202,0.36793,10.00
0.076840,5.500912,-0.459115,0.36852,10.00
0.076850,5.453145,-0.500000,0.36946,10.00
0.076860,5.405794,-0.500000,0.37052,10.00
0.076870,5.358659,-0.500000,0.37172,10.00
0.076880,5.311737,-0.500000,0.37305,10.00
0.076890,5.265029,-0.500000,0.37451,10.00
0.076900,5.218479,-0.500000,0.37610,10.00
0.076910,5.171931,-0.500000,0.37783,10.00
0.076920,5.125593,-0.500000,0.37968,10.00
0.076930,5.079466,-0.500000,0.38167,10.00
0.076940,5.033548,-0.500000,0.38379,10.00
0.076950,4.987947,-0.500000,0.38603,10.00
0.076960,4.942986,-0.500000,0.38837,10.00
0.076970,4.898229,-0.500000,0.39083,10.00
0.076980,4.853675,-0.500000,0.39342,10.00
0.076990,4.809324,-0.500000,0.39613,10.00
0.077000,4.765127,-0.498627,0.39897,10.00
0.077010,4.721118,-0.490009,0.40193,10.00
0.077020,4.677916,-0.473453,0.40499,10.00
0.077030,4.635877,-0.448993,0.40812,10.00
0.077040,4.595352,-0.416727,0.41131,10.00
0.077050,4.556581,-0.376812,0.41452,10.00
0.077060,4.519597,-0.329417,0.41777,10.00
0.077070,4.485129,-0.274783,0.42100,10.00
0.077080,4.453485,-0.213246,0.42420,10.00
0.077090,4.424956,-0.145196,0.42733,10.00
0.077100,4.399987,-0.071078,0.43038,10.00
0.077110,4.379350,0.008526,0.43327,10.00
0.077120,4.362552,0.093014,0.43603,10.00
0.077130,4.349784,0.181797,0.43864,10.00
0.077140,4.341204,0.274245,0.44108,10.00
0.077150,4.336823,0.369692,0.44332,10.00
0.077160,4.336388,0.467500,0.44537,10.00
0.077170,4.340442,0.566987,0.44720,10.00
0.077180,4.349018,0.667409,0.44879,10.00
0.077190,4.362120,0.768009,0.45012,10.00
0.077200,4.379728,0.868017,0.45118,10.00
0.077210,4.401815,0.966653,0.45195,10.00
0.077220,4.428221,1.063141,0.45244,10.00
0.077230,4.458809,1.156714,0.45263,10.00
0.077240,4.493406,1.246620,0.45252,10.00
0.077250,4.531950,1.332126,0.45211,10.00
0.077260,4.574625,1.412455,0.45137,10.00
0.077270,4.620593,1.486881,0.45032,10.00
0.077280,4.669553,1.554763,0.44898,10.00
0.077290,4.721178,1.615500,0.44736,10.00
0.077300,4.775034,1.668538,0.44545,10.00
0.077310,4.830497,1.713418,0.44331,10.00
0.077320,4.887512,1.749721,0.44091,10.00
0.077330,4.945673,1.777064,0.43828,10.00
0.077340,5.004559,1.795127,0.43543,10.00
0.077350,5.063627,1.803656,0.43239,10.00
0.077360,5.122104,1.802521,0.42920,10.00
0.077370,5.179999,1.791647,0.42586,10.00
0.077380,5.236872,1.770996,0.42240,10.00
0.077390,5.292284,1.740604,0.41884,10.00
0.077400,5.345936,1.700581,0.41520,10.00
0.077410,5.397802,1.651048,0.41148,10.00
0.077420,5.446931,1.592222,0.40774,10.00
0.077430,5.492923,1.524435,0.40401,10.00
0.077440,5.535396,1.448092,0.40032,10.00
0.077450,5.574051,1.363670,0.39670,10.00
0.077460,5.608737,1.271680,0.39315,10.00
0.077470,5.638899,1.172711,0.38974,10.00
0.077480,5.664259,1.067428,0.38647,10.00
0.077490,5.684573,0.956556,0.38339,10.00
0.077500,5.699481,0.840870,0.38051,10.00
0.077510,5.708370,0.721261,0.37790,10.00
0.077520,5.711705,0.598640,0.37554,10.00
0.077530,5.709402,0.473902,0.37347,10.00
0.077540,5.701413,0.347971,0.37169,10.00
0.077550,5.687592,0.221789,0.37023,10.00
0.077560,5.667551,0.096384,0.36913,10.00
0.077570,5.641957,-0.027237,0.36839,10.00
0.077580,5.610941,-0.148109,0.36799,10.00
0.077590,5.574678,-0.265281,0.36796,10.00
0.077600,5.533658,-0.377817,0.36830,10.00
0.077610,5.488944,-0.484936,0.36894,10.00
0.077620,5.441829,-0.500000,0.36989,10.00
0.077630,5.394927,-0.500000,0.37096,10.00
0.077640,5.348237,-0.500000,0.37217,10.00
0.077650,5.301611,-0.500000,0.37351,10.00
0.077660,5.254602,-0.500000,0.37501,10.00
0.077670,5.207806,-0.500000,0.37665,10.00
0.077680,5.161222,-0.500000,0.37841,10.00
0.077690,5.114850,-0.500000,0.38030,10.00
0.077700,5.068654,-0.500000,0.38232,10.00
0.077710,5.022535,-0.500000,0.38448,10.00
0.077720,4.976626,-0.500000,0.38677,10.00
0.077730,4.930924,-0.500000,0.38918,10.00
0.077740,4.885430,-0.500000,0.39172,10.00
0.077750,4.840294,-0.500000,0.39438,10.00
0.077760,4.795964,-0.500000,0.39713,10.00
0.077770,4.751896,-0.496717,0.40001,10.00
0.077780,4.708391,-0.485554,0.40298,10.00
0.077790,4.665806,-0.466507,0.40605,10.00
0.077800,4.624446,-0.439631,0.40918,10.00
0.077810,4.584527,-0.405021,0.41237,10.00
0.077820,4.546565,-0.362838,0.41558,10.00
0.077830,4.510891,-0.313317,0.41879,10.00
0.077840,4.477819,-0.256753,0.42198,10.00
0.077850,4.447395,-0.193496,0.42513,10.00
0.077860,4.419153,-0.123832,0.42826,10.00
0.077870,4.394365,-0.048138,0.43131,10.00
0.077880,4.373277,0.033079,0.43425,10.00
0.077890,4.356106,0.119260,0.43705,10.00
0.077900,4.343372,0.209804,0.43969,10.00
0.077910,4.336212,0.303912,0.44207,10.00
0.077920,4.333433,0.400799,0.44425,10.00
0.077930,4.335121,0.499755,0.44621,10.00
0.077940,4.341330,0.600046,0.44793,10.00
0.077950,4.352166,0.700921,0.44940,10.00
0.077960,4.367869,0.801570,0.45059,10.00
0.077970,4.388042,0.901193,0.45150,10.00
0.077980,4.412597,0.999014,0.45212,10.00
0.077990,4.441413,1.094260,0.45245,10.00
0.078000,4.474292,1.186171,0.45248,10.00
0.078010,4.510930,1.274020,0.45222,10.00
0.078020,4.551261,1.357097,0.45166,10.00
0.078030,4.595032,1.434708,0.45080,10.00
0.078040,4.641961,1.506190,0.44965,10.00
0.078050,4.691662,1.570922,0.44820,10.00
0.078060,4.743574,1.628360,0.44649,10.00
0.078070,4.797645,1.678000,0.44451,10.00
0.078080,4.853500,1.719366,0.44228,10.00
0.078090,4.910743,1.752038,0.43980,10.00
0.078100,4.968892,1.775659,0.43709,10.00
0.078110,5.027310,1.789971,0.43420,10.00
0.078120,5.085854,1.794771,0.43112,10.00
0.078130,5.144087,1.789905,0.42787,10.00
0.078140,5.201570,1.775289,0.42449,10.00
0.078150,5.257901,1.750913,0.42099,10.00
0.078160,5.312758,1.716825,0.41739,10.00
0.078170,5.365557,1.673150,0.41372,10.00
0.078180,5.415879,1.620102,0.41002,10.00
0.078190,5.463317,1.557969,0.40632,10.00
0.078200,5.507618,1.487112,0.40263,10.00
0.078210,5.548819,1.407897,0.39896,10.00
0.078220,5.586022,1.320778,0.39536,10.00
0.078230,5.618901,1.226322,0.39188,10.00
0.078240,5.647160,1.125157,0.38853,10.00
0.078250,5.670232,1.017969,0.38534,10.00
0.078260,5.686985,0.905647,0.38241,10.00
0.078270,5.698446,0.789079,0.37971,10.00
0.078280,5.704471,0.669101,0.37725,10.00
0.078290,5.704952,0.546584,0.37506,10.00
0.078300,5.699953,0.422428,0.37315,10.00
0.078310,5.689827,0.297496,0.37151,10.00
0.078320,5.674080,0.172688,0.37019,10.00
0.078330,5.652767,0.048953,0.36920,10.00
0.078340,5.625988,-0.072753,0.36856,10.00
0.078350,5.593922,-0.191481,0.36827,10.00
0.078360,5.556859,-0.306309,0.36833,10.00
0.078370,5.514882,-0.416328,0.36876,10.00
0.078380,5.468446,-0.500000,0.36956,10.00
0.078390,5.421098,-0.500000,0.37058,10.00
0.078400,5.374019,-0.500000,0.37173,10.00
0.078410,5.327365,-0.500000,0.37300,10.00
0.078420,5.280924,-0.500000,0.37440,10.00
0.078430,5.234693,-0.500000,0.37592,10.00
0.078440,5.188672,-0.500000,0.37758,10.00
0.078450,5.142899,-0.500000,0.37936,10.00
0.078460,5.097490,-0.500000,0.38126,10.00
0.078470,5.052288,-0.500000,0.38328,10.00
0.078480,5.007291,-0.500000,0.38543,10.00
0.078490,4.962498,-0.500000,0.38771,10.00
0.078500,4.917667,-0.500000,0.39010,10.00
0.078510,4.872076,-0.500000,0.39269,10.00
0.078520,4.826692,-0.500000,0.39540,10.00
0.078530,4.781517,-0.499735,0.39823,10.00
0.078540,4.736694,-0.493606,0.40119,10.00
0.078550,4.692670,-0.479445,0.40424,10.00
0.078560,4.650099,-0.457315,0.40736,10.00
0.078570,4.608940,-0.427327,0.41053,10.00
0.078580,4.569539,-0.389620,0.41374,10.00
0.078590,4.532233,-0.344393,0.41696,10.00
0.078600,4.497287,-0.291906,0.42018,10.00
0.078610,4.464833,-0.232446,0.42338,10.00
0.078620,4.435406,-0.166369,0.42652,10.00
0.078630,4.409280,-0.094102,0.42959,10.00
0.078640,4.386710,-0.016128,0.43256,10.00
0.078650,4.368007,0.067025,0.43540,10.00
0.078660,4.353627,0.154739,0.43807,10.00
0.078670,4.343401,0.246370,0.44058,10.00
0.078680,4.337470,0.341260,0.44289,10.00
0.078690,4.335945,0.438723,0.44501,10.00
0.078700,4.338768,0.538042,0.44689,10.00
0.078710,4.345589,0.638543,0.44857,10.00
0.078720,4.356954,0.739512,0.45000,10.00
0.078730,4.372844,0.840182,0.45116,10.00
0.078740,4.393202,0.939777,0.45205,10.00
0.078750,4.417942,1.037522,0.45265,10.00
0.078760,4.446945,1.132644,0.45295,10.00
0.078770,4.480043,1.224382,0.45296,10.00
0.078780,4.517044,1.311992,0.45266,10.00
0.078790,4.557722,1.394752,0.45206,10.00
0.078800,4.601814,1.471970,0.45117,10.00
0.078810,4.649009,1.542989,0.44997,10.00
0.078820,4.699029,1.607194,0.44849,10.00
0.078830,4.751536,1.664008,0.44673,10.00
0.078840,4.806168,1.712905,0.44470,10.00
0.078850,4.862780,1.753415,0.44241,10.00
0.078860,4.921673,1.785008,0.43982,10.00
0.078870,4.981480,1.807256,0.43700,10.00
0.078880,5.041763,1.819874,0.43397,10.00
0.078890,5.102077,1.822645,0.43076,10.00
0.078900,5.161534,1.815425,0.42738,10.00
0.078910,5.218378,1.798358,0.42397,10.00
0.078920,5.273926,1.771591,0.42046,10.00
0.078930,5.327744,1.735210,0.41686,10.00
0.078940,5.379410,1.689371,0.41321,10.00
0.078950,5.428874,1.634308,0.40953,10.00
0.078960,5.476827,1.570149,0.40576,10.00
0.078970,5.521408,1.497151,0.40201,10.00
0.078980,5.562245,1.415761,0.39831,10.00
0.078990,5.598987,1.326495,0.39470,10.00
0.079000,5.631222,1.229935,0.39120,10.00
0.079010,5.658390,1.126770,0.38787,10.00
0.079020,5.680590,1.017731,0.38471,10.00
0.079030,5.697601,0.903577,0.38174,10.00
0.079040,5.709235,0.785113,0.37899,10.00
0.079050,5.715222,0.663188,0.37650,10.00
0.079060,5.715096,0.538745,0.37430,10.00
0.079070,5.709278,0.412739,0.37239,10.00
0.079080,5.697749,0.286109,0.37080,10.00
0.079090,5.680532,0.159810,0.36953,10.00
0.079100,5.657846,0.034809,0.36860,10.00
0.079110,5.630249,-0.088003,0.36798,10.00
0.079120,5.597286,-0.207712,0.36772,10.00
0.079130,5.559148,-0.323371,0.36783,10.00
0.079140,5.516067,-0.434052,0.36831,10.00
0.079150,5.468825,-0.500000,0.36915,10.00
0.079160,5.421110,-0.500000,0.37019,10.00
0.079170,5.373612,-0.500000,0.37136,10.00
0.079180,5.326329,-0.500000,0.37267,10.00
0.079190,5.279261,-0.500000,0.37410,10.00
0.079200,5.232459,-0.500000,0.37566,10.00
0.079210,5.186082,-0.500000,0.37734,10.00
0.079220,5.139915,-0.500000,0.37915,10.00
0.079230,5.093957,-0.500000,0.38108,10.00
0.079240,5.048208,-0.500000,0.38315,10.00
0.079250,5.002820,-0.500000,0.38534,10.00
0.079260,4.958246,-0.500000,0.38761,10.00
0.079270,4.913874,-0.500000,0.39001,10.00
0.079280,4.869704,-0.500000,0.39253,10.00
0.079290,4.825734,-0.500000,0.39518,10.00
0.079300,4.781724,-0.499808,0.39794,10.00
0.079310,4.737086,-0.494058,0.40089,10.00
0.079320,4.693129,-0.480305,0.40394,10.00
0.079330,4.650214,-0.458560,0.40707,10.00
0.079340,4.608696,-0.428900,0.41026,10.00
0.079350,4.569186,-0.391460,0.41349,10.00
0.079360,4.532804,-0.346563,0.41666,10.00
0.079370,4.498818,-0.294553,0.41983,10.00
0.079380,4.467533,-0.235744,0.42297,10.00
0.079390,4.439235,-0.170508,0.42604,10.00
0.079400,4.414091,-0.099270,0.42904,10.00
0.079410,4.392050,-0.022457,0.43197,10.00
0.079420,4.373735,0.059440,0.43477,10.00
0.079430,4.359344,0.145853,0.43742,10.00
0.079440,4.349047,0.236174,0.43991,10.00
0.079450,4.342759,0.329756,0.44222,10.00
0.079460,4.339911,0.426032,0.44438,10.00
0.079470,4.341503,0.524370,0.44633,10.00
0.079480,4.347589,0.624040,0.44804,10.00
0.079490,4.358188,0.724296,0.44950,10.00
0.079500,4.373288,0.824375,0.45070,10.00
0.079510,4.392844,0.923508,0.45162,10.00
0.079520,4.416766,1.020924,0.45226,10.00
0.079530,4.444934,1.115854,0.45261,10.00
0.079540,4.477196,1.207542,0.45267,10.00
0.079550,4.513655,1.295246,0.45242,10.00
0.079560,4.554953,1.378105,0.45180,10.00
0.079570,4.599673,1.455331,0.45088,10.00
0.079580,4.647525,1.526265,0.44967,10.00
0.079590,4.698192,1.590285,0.44816,10.00
0.079600,4.751044,1.646816,0.44637,10.00
0.079610,4.804859,1.695471,0.44438,10.00
0.079620,4.860415,1.735875,0.44213,10.00
0.079630,4.917317,1.767616,0.43965,10.00
0.079640,4.975157,1.790344,0.43695,10.00
0.079650,5.033829,1.803773,0.43404,10.00
0.079660,5.093843,1.807533,0.43086,10.00
0.079670,5.153486,1.801371,0.42752,10.00
0.079680,5.212306,1.785212,0.42404,10.00
0.079690,5.269853,1.759055,0.42044,10.00
0.079700,5.325622,1.722974,0.41675,10.00
0.079710,5.378996,1.677150,0.41302,10.00
0.079720,5.429789,1.621830,0.40925,10.00
0.079730,5.477590,1.557319,0.40548,10.00
0.079740,5.522006,1.483993,0.40174,10.00
0.079750,5.562733,1.402302,0.39805,10.00
0.079760,5.599630,1.312731,0.39443,10.00
0.079770,5.632093,1.215841,0.39092,10.00
0.079780,5.659830,1.112280,0.38756,10.00
0.079790,5.682576,1.002753,0.38436,10.00
0.079800,5.699817,0.888021,0.38136,10.00
0.079810,5.710503,0.769032,0.37866,10.00
0.079820,5.715648,0.646731,0.37621,10.00
0.079830,5.715152,0.522009,0.37403,10.00
0.079840,5.708955,0.395786,0.37214,10.00
0.079850,5.697042,0.269001,0.37057,10.00
0.079860,5.679442,0.142613,0.36932,10.00
0.079870,5.656222,0.017587,0.36841,10.00
0.079880,5.627494,-0.105109,0.36786,10.00
0.079890,5.593415,-0.224514,0.36767,10.00
0.079900,5.554336,-0.339680,0.36784,10.00
0.079910,5.510942,-0.449752,0.36835,10.00
0.079920,5.463823,-0.500000,0.36921,10.00
0.079930,5.416584,-0.500000,0.37024,10.00
0.079940,5.369560,-0.500000,0.37140,10.00
0.079950,5.322616,-0.500000,0.37269,10.00
0.079960,5.275351,-0.500000,0.37415,10.00
0.079970,5.228301,-0.500000,0.37573,10.00
0.079980,5.181465,-0.500000,0.37745,10.00
0.079990,5.134840,-0.500000,0.37929,10.00
0.080000,5.088224,-0.500000,0.38126,10.00
0.080010,5.041009,-0.500000,0.38342,10.00
0.080020,4.994007,-0.500000,0.38571,10.00
0.080030,4.947219,-0.500000,0.38812,10.00
0.080040,4.900643,-0.500000,0.39067,10.00
0.080050,4.854413,-0.500000,0.39334,10.00
0.080060,4.808931,-0.500000,0.39611,10.00
0.080070,4.763675,-0.498547,0.39900,10.00
0.080080,4.718883,-0.489683,0.40201,10.00
0.080090,4.674915,-0.472748,0.40511,10.00
0.080100,4.632255,-0.447781,0.40829,10.00
0.080110,4.591616,-0.414938,0.41149,10.00
0.080120,4.552861,-0.374419,0.41472,10.00
0.080130,4.516325,-0.326445,0.41796,10.00
0.080140,4.482328,-0.271298,0.42118,10.00
0.080150,4.450998,-0.209317,0.42436,10.00
0.080160,4.422099,-0.140811,0.42752,10.00
0.080170,4.396608,-0.066171,0.43059,10.00
0.080180,4.374775,0.014103,0.43356,10.00
0.080190,4.356823,0.099462,0.43639,10.00
0.080200,4.343145,0.189314,0.43908,10.00
0.080210,4.334485,0.282927,0.44153,10.00
0.080220,4.330196,0.379569,0.44380,10.00
0.080230,4.330378,0.478533,0.44584,10.00
0.080240,4.335096,0.579090,0.44766,10.00
0.080250,4.344486,0.680487,0.44922,10.00
0.080260,4.358860,0.781907,0.45050,10.00
0.080270,4.377752,0.882538,0.45150,10.00
0.080280,4.401085,0.981600,0.45222,10.00
0.080290,4.428745,1.078313,0.45264,10.00
0.080300,4.460633,1.171909,0.45277,10.00
0.080310,4.496709,1.261609,0.45258,10.00
0.080320,4.536567,1.346663,0.45209,10.00
0.080330,4.579960,1.426363,0.45129,10.00
0.080340,4.626610,1.500033,0.45019,10.00
0.080350,4.676106,1.567033,0.44880,10.00
0.080360,4.727798,1.626820,0.44715,10.00
0.080370,4.781760,1.678883,0.44523,10.00
0.080380,4.837618,1.722726,0.44304,10.00
0.080390,4.894976,1.757913,0.44061,10.00
0.080400,4.953218,1.784067,0.43794,10.00
0.080410,5.011300,1.800977,0.43511,10.00
0.080420,5.069630,1.808466,0.43209,10.00
0.080430,5.127774,1.806359,0.42890,10.00
0.080440,5.185295,1.794554,0.42556,10.00
0.080450,5.242031,1.773020,0.42211,10.00
0.080460,5.298370,1.741665,0.41848,10.00
0.080470,5.352764,1.700519,0.41478,10.00
0.080480,5.404782,1.649771,0.41103,10.00
0.080490,5.454006,1.589690,0.40726,10.00
0.080500,5.500019,1.520618,0.40351,10.00
0.080510,5.542390,1.442977,0.39980,10.00
0.080520,5.580823,1.357258,0.39617,10.00
0.080530,5.614986,1.264012,0.39263,10.00
0.080540,5.644573,1.163857,0.38922,10.00
0.080550,5.669279,1.057470,0.38597,10.00
0.080560,5.688772,0.945597,0.38291,10.00
0.080570,5.702970,0.829034,0.38006,10.00
0.080580,5.711706,0.708608,0.37745,10.00
0.080590,5.714854,0.585189,0.37510,10.00
0.080600,5.712301,0.459678,0.37302,10.00
0.080610,5.703923,0.333017,0.37126,10.00
0.080620,5.689828,0.206165,0.36981,10.00
0.080630,5.670058,0.080083,0.36869,10.00
0.080640,5.644702,-0.044260,0.36792,10.00
0.080650,5.613952,-0.165897,0.36751,10.00
0.080660,5.578171,-0.283901,0.36745,10.00
0.080670,5.537320,-0.397352,0.36776,10.00
0.080680,5.491700,-0.500000,0.36843,10.00
0.080690,5.444545,-0.500000,0.36937,10.00
0.080700,5.397332,-0.500000,0.37045,10.00
0.080710,5.349253,-0.500000,0.37172,10.00
0.080720,5.301392,-0.500000,0.37312,10.00
0.080730,5.253748,-0.500000,0.37466,10.00
0.080740,5.206320,-0.500000,0.37633,10.00
0.080750,5.159251,-0.500000,0.37813,10.00
0.080760,5.112966,-0.500000,0.38002,10.00
0.080770,5.066892,-0.500000,0.38205,10.00
0.080780,5.021026,-0.500000,0.38420,10.00
0.080790,4.975369,-0.500000,0.38647,10.00
0.080800,4.929887,-0.500000,0.38888,10.00
0.080810,4.884486,-0.500000,0.39141,10.00
0.080820,4.839291,-0.500000,0.39408,10.00
0.080830,4.794302,-0.500000,0.39686,10.00
0.080840,4.749574,-0.496819,0.39977,10.00
0.080850,4.705680,-0.485644,0.40279,10.00
0.080860,4.663785,-0.466601,0.40583,10.00
0.080870,4.623155,-0.439831,0.40894,10.00
0.080880,4.584131,-0.405452,0.41208,10.00
0.080890,4.547048,-0.363639,0.41525,10.00
0.080900,4.512135,-0.314628,0.41842,10.00
0.080910,4.479428,-0.258665,0.42158,10.00
0.080920,4.449591,-0.196068,0.42470,10.00
0.080930,4.422900,-0.127241,0.42775,10.00
0.080940,4.399613,-0.052638,0.43071,10.00
0.080950,4.379951,0.027238,0.43356,10.00
0.080960,4.364089,0.111843,0.43627,10.00
0.080970,4.352254,0.200586,0.43883,10.00
0.080980,4.344596,0.292837,0.44120,10.00
0.080990,4.341238,0.387930,0.44339,10.00
0.081000,4.342186,0.485170,0.44536,10.00
0.081010,4.347241,0.583880,0.44712,10.00
0.081020,4.356776,0.683348,0.44863,10.00
0.081030,4.370783,0.782820,0.44989,10.00
0.081040,4.389222,0.881534,0.45088,10.00
0.081050,4.411796,0.978725,0.45159,10.00
0.081060,4.437737,1.073736,0.45207,10.00
0.081070,4.467797,1.165885,0.45226,10.00
0.081080,4.501805,1.254429,0.45215,10.00
0.081090,4.539561,1.338648,0.45175,10.00
0.081100,4.580892,1.417843,0.45105,10.00
0.081110,4.625708,1.491317,0.45005,10.00
0.081120,4.673483,1.558420,0.44876,10.00
0.081130,4.723898,1.618558,0.44718,10.00
0.081140,4.776611,1.671185,0.44533,10.00
0.081150,4.831740,1.715806,0.44322,10.00
0.081160,4.890344,1.751747,0.44074,10.00
0.081170,4.950064,1.778467,0.43802,10.00
0.081180,5.010466,1.795647,0.43508,10.00
0.081190,5.071107,1.803038,0.43195,10.00
0.081200,5.131005,1.800461,0.42864,10.00
0.081210,5.188118,1.788069,0.42531,10.00
0.081220,5.244146,1.766008,0.42186,10.00
0.081230,5.298656,1.734324,0.41832,10.00
0.081240,5.351222,1.693141,0.41471,10.00
0.081250,5.401433,1.642654,0.41106,10.00
0.081260,5.448900,1.583130,0.40740,10.00
0.081270,5.493213,1.514908,0.40375,10.00
0.081280,5.534002,1.438400,0.40015,10.00
0.081290,5.570920,1.354087,0.39661,10.00
0.081300,5.603953,1.262513,0.39318,10.00
0.081310,5.633719,1.164138,0.38980,10.00
0.081320,5.658715,1.059526,0.38657,10.00
0.081330,5.678698,0.949398,0.38351,10.00
0.081340,5.693461,0.834523,0.38067,10.00
0.081350,5.702729,0.715716,0.37805,10.00
0.081360,5.706056,0.593885,0.37572,10.00
0.081370,5.703779,0.469953,0.37366,10.00
0.081380,5.695854,0.344836,0.37189,10.00
0.081390,5.682278,0.219472,0.37044,10.00
0.081400,5.663127,0.094812,0.36932,10.00
0.081410,5.638591,-0.028206,0.36853,10.00
0.081420,5.608651,-0.148637,0.36809,10.00
0.081430,5.573476,-0.265535,0.36802,10.00
0.081440,5.533274,-0.377967,0.36830,10.00
0.081450,5.488370,-0.485024,0.36896,10.00
0.081460,5.441362,-0.500000,0.36990,10.00
0.081470,5.394567,-0.500000,0.37097,10.00
0.081480,5.347984,-0.500000,0.37217,10.00
0.081490,5.301613,-0.500000,0.37351,10.00
0.081500,5.255242,-0.500000,0.37497,10.00
0.081510,5.208246,-0.500000,0.37661,10.00
0.081520,5.161464,-0.500000,0.37838,10.00
0.081530,5.114893,-0.500000,0.38028,10.00
0.081540,5.068534,-0.500000,0.38232,10.00
0.081550,5.022453,-0.500000,0.38448,10.00
0.081560,4.976852,-0.500000,0.38674,10.00
0.081570,4.931459,-0.500000,0.38914,10.00
0.081580,4.886271,-0.500000,0.39166,10.00
0.081590,4.841288,-0.500000,0.39431,10.00
0.081600,4.796616,-0.500000,0.39708,10.00
0.081610,4.752628,-0.496855,0.39995,10.00
0.081620,4.709197,-0.485844,0.40292,10.00
0.081630,4.666677,-0.466962,0.40598,10.00
0.081640,4.625420,-0.440263,0.40911,10.00
0.081650,4.585959,-0.405863,0.41228,10.00
0.081660,4.549187,-0.364027,0.41542,10.00
0.081670,4.514677,-0.315049,0.41857,10.00
0.081680,4.482732,-0.259222,0.42169,10.00
0.081690,4.453644,-0.196894,0.42476,10.00
0.081700,4.427619,-0.128466,0.42776,10.00
0.081710,4.404712,-0.054361,0.43068,10.00
0.081720,4.385415,0.024941,0.43350,10.00
0.081730,4.369933,0.108895,0.43617,10.00
0.081740,4.358442,0.196912,0.43869,10.00
0.081750,4.350693,0.288365,0.44104,10.00
0.081760,4.345610,0.382788,0.44329,10.00
0.081770,4.344902,0.479622,0.44533,10.00
0.081780,4.348640,0.578155,0.44715,10.00
0.081790,4.356861,0.677653,0.44873,10.00
0.081800,4.369803,0.777363,0.45006,10.00
0.081810,4.388136,0.876411,0.45105,10.00
0.081820,4.410841,0.973954,0.45177,10.00
0.081830,4.437809,1.069226,0.45220,10.00
0.081840,4.468899,1.161470,0.45234,10.00
0.081850,4.503941,1.249941,0.45218,10.00
0.081860,4.542751,1.333911,0.45171,10.00
0.081870,4.585056,1.412681,0.45096,10.00
0.081880,4.630585,1.485582,0.44990,10.00
0.081890,4.679041,1.551985,0.44856,10.00
0.081900,4.730046,1.611300,0.44693,10.00
0.081910,4.783096,1.663013,0.44505,10.00
0.081920,4.838034,1.706649,0.44290,10.00
0.081930,4.894472,1.741775,0.44051,10.00
0.081940,4.952007,1.768018,0.43789,10.00
0.081950,5.009992,1.785066,0.43506,10.00
0.081960,5.067314,1.792785,0.43210,10.00
0.081970,5.124470,1.791076,0.42896,10.00
0.081980,5.181030,1.779835,0.42569,10.00
0.081990,5.236563,1.759028,0.42229,10.00
0.082000,5.290648,1.728695,0.41879,10.00
0.082010,5.342883,1.688946,0.41523,10.00
0.082020,5.392826,1.639964,0.41162,10.00
0.082030,5.440074,1.582009,0.40799,10.00
0.082040,5.484241,1.515410,0.40437,10.00
0.082050,5.525148,1.440568,0.40080,10.00
0.082060,5.563008,1.357859,0.39725,10.00
0.082070,5.596740,1.267756,0.39379,10.00
0.082080,5.626043,1.170854,0.39045,10.00
0.082090,5.650647,1.067804,0.38726,10.00
0.082100,5.670188,0.959317,0.38425,10.00
0.082110,5.684088,0.846211,0.38148,10.00
0.082120,5.692688,0.729331,0.37893,10.00
0.082130,5.695863,0.609519,0.37663,10.00
0.082140,5.693528,0.487651,0.37461,10.00
0.082150,5.685740,0.364628,0.37287,10.00
0.082160,5.672797,0.241324,0.37142,10.00
0.082170,5.654332,0.118641,0.37029,10.00
0.082180,5.630424,-0.002483,0.36950,10.00
0.082190,5.601193,-0.121105,0.36905,10.00
0.082200,5.566935,-0.236294,0.36896,10.00
0.082210,5.528252,-0.347196,0.36919,10.00
0.082220,5.484849,-0.452959,0.36978,10.00
0.082230,5.437910,-0.500000,0.37070,10.00
0.082240,5.390885,-0.500000,0.37180,10.00
0.082250,5.343915,-0.500000,0.37303,10.00
0.082260,5.296523,-0.500000,0.37442,10.00
0.082270,5.249346,-0.500000,0.37595,10.00
0.082280,5.202383,-0.500000,0.37761,10.00
0.082290,5.155633,-0.500000,0.37940,10.00
0.082300,5.109251,-0.500000,0.38132,10.00
0.082310,5.063702,-0.500000,0.38332,10.00
0.082320,5.018359,-0.500000,0.38546,10.00
0.082330,4.973222,-0.500000,0.38771,10.00
0.082340,4.928290,-0.500000,0.39010,10.00
0.082350,4.883572,-0.500000,0.39260,10.00
0.082360,4.839097,-0.500000,0.39523,10.00
0.082370,4.794824,-0.500000,0.39798,10.00
0.082380,4.750843,-0.495587,0.40086,10.00
0.082390,4.707477,-0.483313,0.40383,10.00
0.082400,4.665221,-0.463182,0.40689,10.00
0.082410,4.624855,-0.435327,0.40998,10.00
0.082420,4.586142,-0.399920,0.41310,10.00
0.082430,4.549413,-0.357144,0.41625,10.00
0.082440,4.514986,-0.307242,0.41939,10.00
0.082450,4.482935,-0.250512,0.42250,10.00
0.082460,4.452855,-0.187198,0.42562,10.00
0.082470,4.425956,-0.117631,0.42867,10.00
0.082480,4.402495,-0.042272,0.43163,10.00
0.082490,4.382706,0.038372,0.43448,10.00
0.082500,4.366622,0.123744,0.43718,10.00
0.082510,4.353908,0.213331,0.43978,10.00
0.082520,4.345417,0.306553,0.44219,10.00
0.082530,4.341278,0.402740,0.44441,10.00
0.082540,4.341586,0.501189,0.44642,10.00
0.082550,4.346721,0.601175,0.44820,10.00
0.082560,4.357657,0.701796,0.44964,10.00
0.082570,4.373106,0.802186,0.45082,10.00
0.082580,4.393015,0.901573,0.45173,10.00
0.082590,4.417297,0.999183,0.45235,10.00
0.082600,4.445866,1.094248,0.45268,10.00
0.082610,4.478670,1.185991,0.45271,10.00
0.082620,4.515379,1.273658,0.45243,10.00
0.082630,4.555771,1.356526,0.45185,10.00
0.082640,4.599593,1.433904,0.45098,10.00
0.082650,4.646491,1.505131,0.44980,10.00
0.082660,4.695944,1.569620,0.44836,10.00
0.082670,4.747903,1.626818,0.44664,10.00
0.082680,4.802010,1.676196,0.44464,10.00
0.082690,4.857888,1.717281,0.44239,10.00
0.082700,4.915033,1.749655,0.43990,10.00
0.082710,4.972713,1.773015,0.43721,10.00
0.082720,5.030940,1.787106,0.43431,10.00
0.082730,5.089284,1.791704,0.43123,10.00
0.082740,5.147310,1.786657,0.42799,10.00
0.082750,5.204840,1.771883,0.42461,10.00
0.082760,5.262212,1.747248,0.42104,10.00
0.082770,5.317937,1.712733,0.41738,10.00
0.082780,5.371577,1.668478,0.41366,10.00
0.082790,5.422705,1.614699,0.40990,10.00
0.082800,5.470492,1.551688,0.40613,10.00
0.082810,5.513301,1.480013,0.40249,10.00
0.082820,5.552442,1.400246,0.39891,10.00
0.082830,5.587577,1.312896,0.39541,10.00
0.082840,5.618397,1.218533,0.39202,10.00
0.082850,5.644871,1.117790,0.38878,10.00
0.082860,5.667500,1.011233,0.38563,10.00
0.082870,5.685049,0.899519,0.38268,10.00
0.082880,5.697327,0.783436,0.37994,10.00
0.082890,5.704183,0.663813,0.37744,10.00
0.082900,5.705513,0.541516,0.37521,10.00
0.082910,5.701275,0.417439,0.37325,10.00
0.082920,5.691400,0.292500,0.37159,10.00
0.082930,5.675899,0.167639,0.37025,10.00
0.082940,5.654828,0.043806,0.36925,10.00
0.082950,5.628250,-0.078043,0.36859,10.00
0.082960,5.596205,-0.196943,0.36829,10.00
0.082970,5.559013,-0.311941,0.36835,10.00
0.082980,5.516901,-0.422115,0.36878,10.00
0.082990,5.470431,-0.500000,0.36958,10.00
0.083000,5.423328,-0.500000,0.37059,10.00
0.083010,5.376919,-0.500000,0.37169,10.00
0.083020,5.330720,-0.500000,0.37293,10.00
0.083030,5.284730,-0.500000,0.37430,10.00
0.083040,5.238950,-0.500000,0.37579,10.00
0.083050,5.193135,-0.500000,0.37741,10.00
0.083060,5.146560,-0.500000,0.37921,10.00
0.083070,5.100198,-0.500000,0.38115,10.00
0.083080,5.054045,-0.500000,0.38322,10.00
0.083090,5.008102,-0.500000,0.38541,10.00
0.083100,4.962519,-0.500000,0.38773,10.00
0.083110,4.917748,-0.500000,0.39013,10.00
0.083120,4.873181,-0.500000,0.39266,10.00
0.083130,4.828815,-0.500000,0.39532,10.00
0.083140,4.784653,-0.499827,0.39810,10.00
0.083150,4.740655,-0.494256,0.40099,10.00
0.083160,4.696670,-0.480741,0.40403,10.00
0.083170,4.653715,-0.459241,0.40715,10.00
0.083180,4.612147,-0.429830,0.41033,10.00
0.083190,4.572314,-0.392642,0.41355,10.00
0.083200,4.534781,-0.347872,0.41679,10.00
0.083210,4.500544,-0.295882,0.41997,10.00
0.083220,4.469009,-0.237059,0.42311,10.00
0.083230,4.440463,-0.171776,0.42620,10.00
0.083240,4.415175,-0.100455,0.42920,10.00
0.083250,4.393396,-0.023573,0.43211,10.00
0.083260,4.375366,0.058344,0.43489,10.00
0.083270,4.361258,0.144725,0.43753,10.00
0.083280,4.351240,0.234963,0.44000,10.00
0.083290,4.345452,0.328411,0.44229,10.00
0.083300,4.343854,0.424391,0.44437,10.00
0.083310,4.346082,0.522269,0.44627,10.00
0.083320,4.352776,0.621366,0.44794,10.00
0.083330,4.363952,0.720938,0.44935,10.00
0.083340,4.379590,0.820225,0.45050,10.00
0.083350,4.399664,0.918466,0.45138,10.00
0.083360,4.424165,1.014880,0.45197,10.00
0.083370,4.452862,1.108698,0.45227,10.00
0.083380,4.485597,1.199170,0.45228,10.00
0.083390,4.522180,1.285561,0.45199,10.00
0.083400,4.562339,1.367161,0.45140,10.00
0.083410,4.605675,1.443309,0.45053,10.00
0.083420,4.652105,1.513371,0.44936,10.00
0.083430,4.701324,1.576737,0.44791,10.00
0.083440,4.752998,1.632838,0.44619,10.00
0.083450,4.806976,1.681155,0.44420,10.00
0.083460,4.863488,1.721125,0.44190,10.00
0.083470,4.921318,1.752271,0.43936,10.00
0.083480,4.980051,1.774248,0.43659,10.00
0.083490,5.039257,1.786771,0.43363,10.00
0.083500,5.098247,1.789629,0.43047,10.00
0.083510,5.155824,1.782802,0.42723,10.00
0.083520,5.212565,1.766303,0.42384,10.00
0.083530,5.268038,1.740138,0.42035,10.00
0.083540,5.321810,1.704387,0.41677,10.00
0.083550,5.373470,1.659202,0.41314,10.00
0.083560,5.422640,1.604806,0.40947,10.00
0.083570,5.468876,1.541494,0.40581,10.00
0.083580,5.511794,1.469640,0.40217,10.00
0.083590,5.551036,1.389683,0.39858,10.00
0.083600,5.586290,1.302133,0.39509,10.00
0.083610,5.617327,1.207549,0.39169,10.00
0.083620,5.643755,1.106556,0.38844,10.00
0.083630,5.665323,0.999844,0.38535,10.00
0.083640,5.681813,0.888152,0.38246,10.00
0.083650,5.693043,0.772271,0.37978,10.00
0.083660,5.698871,0.653031,0.37735,10.00
0.083670,5.699191,0.531297,0.37518,10.00
0.083680,5.693940,0.407964,0.37330,10.00
0.083690,5.683094,0.283951,0.37171,10.00
0.083700,5.666787,0.160193,0.37045,10.00
0.083710,5.645415,0.037580,0.36948,10.00
0.083720,5.618629,-0.082977,0.36886,10.00
0.083730,5.586573,-0.200539,0.36860,10.00
0.083740,5.549432,-0.314172,0.36869,10.00
0.083750,5.507491,-0.422967,0.36914,10.00
0.083760,5.461483,-0.500000,0.36994,10.00
0.083770,5.414728,-0.500000,0.37095,10.00
0.083780,5.368186,-0.500000,0.37209,10.00
0.083790,5.321854,-0.500000,0.37336,10.00
0.083800,5.275598,-0.500000,0.37476,10.00
0.083810,5.229012,-0.500000,0.37632,10.00
0.083820,5.182638,-0.500000,0.37801,10.00
0.083830,5.136474,-0.500000,0.37983,10.00
0.083840,5.090520,-0.500000,0.38177,10.00
0.083850,5.044538,-0.500000,0.38385,10.00
0.083860,4.997819,-0.500000,0.38611,10.00
0.083870,4.951313,-0.500000,0.38850,10.00
0.083880,4.905018,-0.500000,0.39101,10.00
0.083890,4.858932,-0.500000,0.39366,10.00
0.083900,4.813527,-0.500000,0.39644,10.00
0.083910,4.770222,-0.498723,0.39922,10.00
0.083920,4.727352,-0.490416,0.40211,10.00
0.083930,4.685264,-0.474371,0.40509,10.00
0.083940,4.644305,-0.450623,0.40814,10.00
0.083950,4.604678,-0.419266,0.41125,10.00
0.083960,4.566302,-0.380384,0.41442,10.00
0.083970,4.530065,-0.334143,0.41760,10.00
0.083980,4.496285,-0.280812,0.42076,10.00
0.083990,4.465264,-0.220716,0.42389,10.00
0.084000,4.437273,-0.154238,0.42696,10.00
0.084010,4.412541,-0.081805,0.42995,10.00
0.084020,4.391359,-0.003899,0.43283,10.00
0.084030,4.373944,0.078948,0.43559,10.00
0.084040,4.360488,0.166160,0.43820,10.00
0.084050,4.351189,0.257120,0.44064,10.00
0.084060,4.346283,0.351159,0.44288,10.00
0.084070,4.345734,0.447583,0.44492,10.00
0.084080,4.349610,0.545680,0.44672,10.00
0.084090,4.357948,0.644719,0.44830,10.00
0.084100,4.370588,0.743953,0.44961,10.00
0.084110,4.387020,0.842700,0.45070,10.00
0.084120,4.407828,0.940251,0.45152,10.00
0.084130,4.432917,1.035844,0.45206,10.00
0.084140,4.462158,1.128723,0.45230,10.00
0.084150,4.495341,1.218142,0.45226,10.00
0.084160,4.532133,1.303399,0.45192,10.00
0.084170,4.572495,1.383803,0.45130,10.00
0.084180,4.616175,1.458681,0.45037,10.00
0.084190,4.662888,1.527391,0.44916,10.00
0.084200,4.712314,1.589330,0.44767,10.00
0.084210,4.764090,1.643947,0.44591,10.00
0.084220,4.817898,1.690736,0.44388,10.00
0.084230,4.873361,1.729243,0.44160,10.00
0.084240,4.930083,1.759070,0.43909,10.00
0.084250,4.987628,1.779882,0.43636,10.00
0.084260,5.045486,1.791422,0.43343,10.00
0.084270,5.103348,1.793496,0.43033,10.00
0.084280,5.160781,1.785971,0.42708,10.00
0.084290,5.217348,1.768785,0.42369,10.00
0.084300,5.272668,1.741950,0.42019,10.00
0.084310,5.326465,1.705523,0.41660,10.00
0.084320,5.378107,1.659649,0.41295,10.00
0.084330,5.427181,1.604558,0.40928,10.00
0.084340,5.473289,1.540556,0.40560,10.00
0.084350,5.516323,1.468022,0.40196,10.00
0.084360,5.556733,1.387268,0.39830,10.00
0.084370,5.593081,1.298722,0.39473,10.00
0.084380,5.625048,1.202959,0.39126,10.00
0.084390,5.652344,1.100621,0.38794,10.00
0.084400,5.674642,0.992404,0.38479,10.00
0.084410,5.691519,0.879093,0.38185,10.00
0.084420,5.703058,0.761509,0.37913,10.00
0.084430,5.709114,0.640493,0.37665,10.00
0.084440,5.709578,0.516925,0.37444,10.00
0.084450,5.704147,0.391712,0.37252,10.00
0.084460,5.692087,0.265903,0.37097,10.00
0.084470,5.674381,0.140524,0.36974,10.00
0.084480,5.651101,0.016535,0.36885,10.00
0.084490,5.622362,-0.105106,0.36831,10.00
0.084500,5.588157,-0.223444,0.36814,10.00
0.084510,5.548200,-0.337459,0.36837,10.00
0.084520,5.503392,-0.446180,0.36897,10.00
0.084530,5.454801,-0.500000,0.36992,10.00
0.084540,5.406024,-0.500000,0.37106,10.00
0.084550,5.357494,-0.500000,0.37233,10.00
0.084560,5.309285,-0.500000,0.37373,10.00
0.084570,5.261295,-0.500000,0.37526,10.00
0.084580,5.213523,-0.500000,0.37692,10.00
0.084590,5.165967,-0.500000,0.37872,10.00
0.084600,5.118766,-0.500000,0.38065,10.00
0.084610,5.072335,-0.500000,0.38267,10.00
0.084620,5.026115,-0.500000,0.38482,10.00
0.084630,4.980104,-0.500000,0.38710,10.00
0.084640,4.934302,-0.500000,0.38951,10.00
0.084650,4.888804,-0.500000,0.39204,10.00
0.084660,4.843897,-0.500000,0.39468,10.00
0.084670,4.799193,-0.500000,0.39744,10.00
0.084680,4.754755,-0.496656,0.40032,10.00
0.084690,4.710886,-0.485383,0.40331,10.00
0.084700,4.667986,-0.466178,0.40638,10.00
0.084710,4.626534,-0.439116,0.40952,10.00
0.084720,4.586710,-0.404329,0.41269,10.00
0.084730,4.548850,-0.361994,0.41589,10.00
0.084740,4.513284,-0.312346,0.41909,10.00
0.084750,4.480122,-0.255682,0.42227,10.00
0.084760,4.449063,-0.192255,0.42545,10.00
0.084770,4.421198,-0.122408,0.42856,10.00
0.084780,4.396793,-0.046599,0.43159,10.00
0.084790,4.376089,0.034661,0.43449,10.00
0.084800,4.359656,0.120815,0.43727,10.00
0.084810,4.348734,0.211088,0.43979,10.00
0.084820,4.342051,0.304724,0.44213,10.00
0.084830,4.339723,0.401046,0.44427,10.00
0.084840,4.341832,0.499347,0.44618,10.00
0.084850,4.348201,0.598897,0.44787,10.00
0.084860,4.358167,0.699059,0.44936,10.00
0.084870,4.372634,0.799147,0.45059,10.00
0.084880,4.391556,0.898392,0.45155,10.00
0.084890,4.414853,0.996024,0.45223,10.00
0.084900,4.442585,1.091276,0.45261,10.00
0.084910,4.475112,1.183306,0.45266,10.00
0.084920,4.511560,1.271314,0.45241,10.00
0.084930,4.551709,1.354576,0.45186,10.00
0.084940,4.595308,1.432398,0.45100,10.00
0.084950,4.641838,1.504116,0.44985,10.00
0.084960,4.690285,1.569222,0.44848,10.00
0.084970,4.741274,1.627211,0.44682,10.00
0.084980,4.794456,1.677554,0.44489,10.00
0.084990,4.849461,1.719769,0.44271,10.00
0.085000,4.906045,1.753434,0.44029,10.00
0.085010,4.964229,1.778116,0.43760,10.00
0.085020,5.023016,1.793468,0.43470,10.00
0.085030,5.081973,1.799257,0.43161,10.00
0.085040,5.140661,1.795320,0.42836,10.00
0.085050,5.198618,1.781566,0.42496,10.00
0.085060,5.255346,1.757987,0.42144,10.00
0.085070,5.310481,1.724646,0.41783,10.00
0.085080,5.363590,1.681677,0.41416,10.00
0.085090,5.414251,1.629287,0.41045,10.00
0.085100,5.462354,1.567759,0.40673,10.00
0.085110,5.508395,1.497304,0.40295,10.00
0.085120,5.550795,1.418251,0.39921,10.00
0.085130,5.589194,1.331096,0.39555,10.00
0.085140,5.623256,1.236402,0.39200,10.00
0.085150,5.652323,1.134796,0.38857,10.00
0.085160,5.675070,1.027137,0.38540,10.00
0.085170,5.692685,0.914285,0.38242,10.00
0.085180,5.704976,0.797035,0.37966,10.00
0.085190,5.711792,0.676224,0.37714,10.00
0.085200,5.713023,0.552727,0.37488,10.00
0.085210,5.708604,0.427451,0.37291,10.00
0.085220,5.698496,0.301325,0.37124,10.00
0.085230,5.682710,0.175298,0.36990,10.00
0.085240,5.661302,0.050330,0.36889,10.00
0.085250,5.634591,-0.072617,0.36823,10.00
0.085260,5.603363,-0.192686,0.36787,10.00
0.085270,5.566928,-0.309000,0.36787,10.00
0.085280,5.525506,-0.420629,0.36824,10.00
0.085290,5.479652,-0.500000,0.36898,10.00
0.085300,5.432919,-0.500000,0.36993,10.00
0.085310,5.386002,-0.500000,0.37103,10.00
0.085320,5.339298,-0.500000,0.37227,10.00
0.085330,5.292805,-0.500000,0.37363,10.00
0.085340,5.246523,-0.500000,0.37513,10.00
0.085350,5.200320,-0.500000,0.37675,10.00
0.085360,5.153802,-0.500000,0.37853,10.00
0.085370,5.107495,-0.500000,0.38044,10.00
0.085380,5.061398,-0.500000,0.38248,10.00
0.085390,5.015511,-0.500000,0.38465,10.00
0.085400,4.969976,-0.500000,0.38694,10.00
0.085410,4.925227,-0.500000,0.38933,10.00
0.085420,4.880681,-0.500000,0.39183,10.00
0.085430,4.836337,-0.500000,0.39446,10.00
0.085440,4.792194,-0.500000,0.39722,10.00
0.085450,4.748470,-0.496246,0.40009,10.00
0.085460,4.705905,-0.484705,0.40303,10.00
0.085470,4.664267,-0.465423,0.40606,10.00
0.085480,4.623903,-0.438460,0.40915,10.00
0.085490,4.585152,-0.403933,0.41228,10.00
0.085500,4.547730,-0.362022,0.41543,10.00
0.085510,4.510124,-0.312663,0.41873,10.00
0.085520,4.475130,-0.255949,0.42202,10.00
0.085530,4.443060,-0.192229,0.42527,10.00
0.085540,4.414208,-0.121907,0.42845,10.00
0.085550,4.389317,-0.045446,0.43155,10.00
0.085560,4.370034,0.036415,0.43440,10.00
0.085570,4.354682,0.122960,0.43712,10.00
0.085580,4.343440,0.213581,0.43968,10.00
0.085590,4.336456,0.307633,0.44205,10.00
0.085600,4.333765,0.404434,0.44422,10.00
0.085610,4.335205,0.503317,0.44619,10.00
0.085620,4.341164,0.603575,0.44792,10.00
0.085630,4.351665,0.704457,0.44941,10.00
0.085640,4.366694,0.805196,0.45063,10.00
0.085650,4.386264,0.905020,0.45158,10.00
0.085660,4.410470,1.003123,0.45222,10.00
0.085670,4.438952,1.098713,0.45258,10.00
0.085680,4.471555,1.191026,0.45263,10.00
0.085690,4.508092,1.279316,0.45239,10.00
0.085700,4.548275,1.362857,0.45184,10.00
0.085710,4.591653,1.440984,0.45101,10.00
0.085720,4.638216,1.513053,0.44988,10.00
0.085730,4.687657,1.578437,0.44846,10.00
0.085740,4.739646,1.636555,0.44676,10.00
0.085750,4.793794,1.686871,0.44479,10.00
0.085760,4.849636,1.728919,0.44257,10.00
0.085770,4.906897,1.762284,0.44010,10.00
0.085780,4.965167,1.786603,0.43740,10.00
0.085790,5.024023,1.801578,0.43450,10.00
0.085800,5.083274,1.806979,0.43140,10.00
0.085810,5.143206,1.802527,0.42808,10.00
0.085820,5.202392,1.788055,0.42461,10.00
0.085830,5.260379,1.763548,0.42102,10.00
0.085840,5.316719,1.729069,0.41734,10.00
0.085850,5.370774,1.684756,0.41359,10.00
0.085860,5.421532,1.630919,0.40985,10.00
0.085870,5.469365,1.567914,0.40610,10.00
0.085880,5.513882,1.496107,0.40238,10.00
0.085890,5.554709,1.415936,0.39871,10.00
0.085900,5.591080,1.327908,0.39512,10.00
0.085910,5.621429,1.232798,0.39174,10.00
0.085920,5.647151,1.131377,0.38851,10.00
0.085930,5.667999,1.024340,0.38545,10.00
0.085940,5.683761,0.912432,0.38259,10.00
0.085950,5.694312,0.796445,0.37995,10.00
0.085960,5.699668,0.677186,0.37753,10.00
0.085970,5.699520,0.555506,0.37539,10.00
0.085980,5.693807,0.432300,0.37352,10.00
0.085990,5.682509,0.308487,0.37196,10.00
0.086000,5.666099,0.185002,0.37072,10.00
0.086010,5.645974,0.062571,0.36970,10.00
0.086020,5.620433,-0.058008,0.36901,10.00
0.086030,5.589609,-0.175794,0.36868,10.00
0.086040,5.553679,-0.289858,0.36870,10.00
0.086050,5.512667,-0.399288,0.36908,10.00
0.086060,5.466283,-0.500000,0.36987,10.00
0.086070,5.418362,-0.500000,0.37092,10.00
0.086080,5.370658,-0.500000,0.37211,10.00
0.086090,5.323171,-0.500000,0.37344,10.00
0.086100,5.276084,-0.500000,0.37489,10.00
0.086110,5.229947,-0.500000,0.37642,10.00
0.086120,5.184019,-0.500000,0.37809,10.00
0.086130,5.138300,-0.500000,0.37988,10.00
0.086140,5.092788,-0.500000,0.38180,10.00
0.086150,5.047397,-0.500000,0.38384,10.00
0.086160,5.001871,-0.500000,0.38603,10.00
0.086170,4.956552,-0.500000,0.38835,10.00
0.086180,4.911438,-0.500000,0.39079,10.00
0.086190,4.866529,-0.500000,0.39336,10.00
0.086200,4.821932,-0.500000,0.39605,10.00
0.086210,4.777973,-0.499341,0.39884,10.00
0.086220,4.734402,-0.492223,0.40174,10.00
0.086230,4.691565,-0.477271,0.40474,10.00
0.086240,4.649814,-0.454511,0.40781,10.00
0.086250,4.609367,-0.424027,0.41094,10.00
0.086260,4.570183,-0.385901,0.41414,10.00
0.086270,4.533112,-0.340296,0.41735,10.00
0.086280,4.498476,-0.287474,0.42055,10.00
0.086290,4.466582,-0.227756,0.42372,10.00
0.086300,4.438118,-0.161517,0.42683,10.00
0.086310,4.414536,-0.089380,0.42976,10.00
0.086320,4.394479,-0.011958,0.43258,10.00
0.086330,4.378157,0.070218,0.43527,10.00
0.086340,4.365754,0.156576,0.43781,10.00
0.086350,4.357064,0.246502,0.44018,10.00
0.086360,4.351143,0.339524,0.44246,10.00
0.086370,4.349540,0.435082,0.44453,10.00
0.086380,4.352332,0.532475,0.44638,10.00
0.086390,4.359564,0.630978,0.44800,10.00
0.086400,4.371016,0.729849,0.44937,10.00
0.086410,4.385983,0.828448,0.45054,10.00
0.086420,4.405333,0.926088,0.45143,10.00
0.086430,4.428981,1.022010,0.45205,10.00
0.086440,4.456809,1.115458,0.45238,10.00
0.086450,4.488878,1.205688,0.45242,10.00
0.086460,4.525636,1.291865,0.45211,10.00
0.086470,4.566008,1.373212,0.45150,10.00
0.086480,4.609741,1.449046,0.45060,10.00
0.086490,4.656549,1.518719,0.44940,10.00
0.086500,4.706085,1.581622,0.44792,10.00
0.086510,4.757892,1.637209,0.44617,10.00
0.086520,4.811775,1.684979,0.44416,10.00
0.086530,4.867357,1.724468,0.44190,10.00
0.086540,4.924244,1.755272,0.43939,10.00
0.086550,4.982164,1.777048,0.43667,10.00
0.086560,5.041111,1.789450,0.43371,10.00
0.086570,5.100092,1.792223,0.43056,10.00
0.086580,5.158665,1.785224,0.42726,10.00
0.086590,5.216387,1.768385,0.42382,10.00
0.086600,5.272744,1.741714,0.42026,10.00
0.086610,5.327082,1.705326,0.41664,10.00
0.086620,5.379263,1.659400,0.41297,10.00
0.086630,5.428869,1.604168,0.40926,10.00
0.086640,5.475497,1.539937,0.40555,10.00
0.086650,5.518883,1.467083,0.40188,10.00
0.086660,5.559021,1.385997,0.39822,10.00
0.086670,5.595084,1.297155,0.39466,10.00
0.086680,5.626755,1.201138,0.39120,10.00
0.086690,5.653746,1.098588,0.38789,10.00
0.086700,5.675666,0.990205,0.38475,10.00
0.086710,5.691898,0.876806,0.38184,10.00
0.086720,5.702794,0.759237,0.37915,10.00
0.086730,5.708213,0.638339,0.37671,10.00
0.086740,5.708052,0.514992,0.37453,10.00
0.086750,5.702109,0.390104,0.37265,10.00
0.086760,5.689946,0.264674,0.37111,10.00
0.086770,5.672156,0.139696,0.36989,10.00
0.086780,5.648810,0.016125,0.36901,10.00
0.086790,5.620025,-0.105082,0.36849,10.00
0.086800,5.586171,-0.222973,0.36832,10.00
0.086810,5.548081,-0.336715,0.36846,10.00
0.086820,5.505136,-0.445461,0.36896,10.00
0.086830,5.458376,-0.500000,0.36982,10.00
0.086840,5.411411,-0.500000,0.37085,10.00
0.086850,5.364679,-0.500000,0.37201,10.00
0.086860,5.318237,-0.500000,0.37330,10.00
0.086870,5.272005,-0.500000,0.37471,10.00
0.086880,5.225983,-0.500000,0.37626,10.00
0.086890,5.180170,-0.500000,0.37793,10.00
0.086900,5.134560,-0.500000,0.37972,10.00
0.086910,5.089139,-0.500000,0.38165,10.00
0.086920,5.043925,-0.500000,0.38370,10.00
0.086930,4.998916,-0.500000,0.38587,10.00
0.086940,4.954111,-0.500000,0.38817,10.00
0.086950,4.909463,-0.500000,0.39059,10.00
0.086960,4.864836,-0.500000,0.39315,10.00
0.086970,4.820411,-0.500000,0.39583,10.00
0.086980,4.776195,-0.499368,0.39864,10.00
0.086990,4.732366,-0.492284,0.40156,10.00
0.087000,4.689053,-0.477319,0.40458,10.00
0.087010,4.645962,-0.454390,0.40773,10.00
0.087020,4.604324,-0.423511,0.41094,10.00
0.087030,4.564489,-0.384828,0.41419,10.00
0.087040,4.526797,-0.338545,0.41745,10.00
0.087050,4.491693,-0.284929,0.42070,10.00
0.087060,4.459833,-0.224361,0.42388,10.00
0.087070,4.431046,-0.157261,0.42701,10.00
0.087080,4.405601,-0.084066,0.43005,10.00
0.087090,4.383748,-0.005265,0.43299,10.00
0.087100,4.365671,0.078604,0.43581,10.00
0.087110,4.351457,0.166977,0.43848,10.00
0.087120,4.341426,0.259242,0.44098,10.00
0.087130,4.335716,0.354738,0.44329,10.00
0.087140,4.334438,0.452773,0.44540,10.00
0.087150,4.337494,0.552626,0.44728,10.00
0.087160,4.344419,0.653635,0.44896,10.00
0.087170,4.355910,0.755097,0.45038,10.00
0.087180,4.371947,0.856239,0.45154,10.00
0.087190,4.392473,0.956283,0.45242,10.00
0.087200,4.417675,1.054449,0.45301,10.00
0.087210,4.448258,1.149827,0.45323,10.00
0.087220,4.482933,1.241563,0.45315,10.00
0.087230,4.521496,1.328910,0.45277,10.00
0.087240,4.563710,1.411144,0.45208,10.00
0.087250,4.609045,1.487573,0.45109,10.00
0.087260,4.656419,1.557669,0.44986,10.00
0.087270,4.706574,1.620902,0.44835,10.00
0.087280,4.759170,1.676704,0.44657,10.00
0.087290,4.813845,1.724555,0.44451,10.00
0.087300,4.870528,1.763992,0.44220,10.00
0.087310,4.929756,1.794457,0.43956,10.00
0.087320,4.989842,1.815504,0.43671,10.00
0.087330,5.050347,1.826856,0.43364,10.00
0.087340,5.110823,1.828304,0.43039,10.00
0.087350,5.170939,1.819716,0.42698,10.00
0.087360,5.230597,1.800972,0.42340,10.00
0.087370,5.288857,1.772051,0.41971,10.00
0.087380,5.345266,1.733046,0.41593,10.00
0.087390,5.399378,1.684131,0.41210,10.00
0.087400,5.450244,1.625553,0.40824,10.00
0.087410,5.495911,1.557890,0.40452,10.00
0.087420,5.538066,1.481712,0.40084,10.00
0.087430,5.576353,1.397493,0.39722,10.00
0.087440,5.610439,1.305775,0.39370,10.00
0.087450,5.640483,1.207165,0.39031,10.00
0.087460,5.667588,1.102104,0.38695,10.00
0.087470,5.689640,0.991162,0.38377,10.00
0.087480,5.706417,0.875110,0.38078,10.00
0.087490,5.717732,0.754770,0.37803,10.00
0.087500,5.723301,0.631002,0.37553,10.00
0.087510,5.722607,0.504775,0.37333,10.00
0.087520,5.716145,0.377062,0.37144,10.00
0.087530,5.703900,0.248817,0.36986,10.00
0.087540,5.685900,0.121008,0.36861,10.00
0.087550,5.662138,-0.005387,0.36770,10.00
0.087560,5.632494,-0.129351,0.36718,10.00
0.087570,5.597450,-0.249886,0.36702,10.00
0.087580,5.557212,-0.366033,0.36724,10.00
0.087590,5.512028,-0.476857,0.36783,10.00
0.087600,5.464220,-0.500000,0.36874,10.00
0.087610,5.417383,-0.500000,0.36975,10.00
0.087620,5.370758,-0.500000,0.37089,10.00
0.087630,5.324345,-0.500000,0.37215,10.00
0.087640,5.278143,-0.500000,0.37355,10.00
0.087650,5.232133,-0.500000,0.37507,10.00
0.087660,5.186264,-0.500000,0.37672,10.00
0.087670,5.140604,-0.500000,0.37851,10.00
0.087680,5.095150,-0.500000,0.38041,10.00
0.087690,5.049902,-0.500000,0.38245,10.00
0.087700,5.004749,-0.500000,0.38461,10.00
0.087710,4.959356,-0.500000,0.38692,10.00
0.087720,4.914168,-0.500000,0.38936,10.00
0.087730,4.869186,-0.500000,0.39192,10.00
0.087740,4.824408,-0.500000,0.39460,10.00
0.087750,4.779714,-0.499895,0.39742,10.00
0.087760,4.734861,-0.494555,0.40038,10.00
0.087770,4.690673,-0.481166,0.40344,10.00
0.087780,4.647513,-0.459738,0.40659,10.00
0.087790,4.605737,-0.430342,0.40981,10.00
0.087800,4.565860,-0.393113,0.41306,10.00
0.087810,4.528698,-0.348323,0.41629,10.00
0.087820,4.493937,-0.296279,0.41951,10.00
0.087830,4.461884,-0.237296,0.42269,10.00
0.087840,4.432833,-0.171744,0.42583,10.00
0.087850,4.407091,-0.100051,0.42888,10.00
0.087860,4.385006,-0.022708,0.43183,10.00
0.087870,4.366672,0.059747,0.43465,10.00
0.087880,4.352288,0.146742,0.43733,10.00
0.087890,4.342026,0.237664,0.43984,10.00
0.087900,4.335937,0.331863,0.44217,10.00
0.087910,4.333867,0.428699,0.44431,10.00
0.087920,4.336256,0.527490,0.44623,10.00
0.087930,4.343153,0.627502,0.44792,10.00
0.087940,4.354571,0.727983,0.44935,10.00
0.087950,4.370357,0.828169,0.45052,10.00
0.087960,4.390058,0.927353,0.45144,10.00
0.087970,4.414125,1.024805,0.45208,10.00
0.087980,4.442439,1.119759,0.45243,10.00
0.087990,4.474847,1.211456,0.45249,10.00
0.088000,4.511283,1.299153,0.45224,10.00
0.088010,4.551889,1.382072,0.45167,10.00
0.088020,4.595926,1.459479,0.45079,10.00
0.088030,4.643109,1.530715,0.44962,10.00
0.088040,4.693127,1.595156,0.44816,10.00
0.088050,4.745671,1.652226,0.44641,10.00
0.088060,4.800463,1.701385,0.44439,10.00
0.088070,4.857010,1.742147,0.44211,10.00
0.088080,4.914911,1.774099,0.43959,10.00
0.088090,4.973751,1.796885,0.43684,10.00
0.088100,5.032957,1.810218,0.43388,10.00
0.088110,5.091667,1.813947,0.43077,10.00
0.088120,5.150015,1.807971,0.42751,10.00
0.088130,5.207561,1.792215,0.42410,10.00
0.088140,5.263865,1.766677,0.42058,10.00
0.088150,5.318544,1.731429,0.41697,10.00
0.088160,5.371331,1.686595,0.41329,10.00
0.088170,5.421587,1.632378,0.40958,10.00
0.088180,5.468907,1.569076,0.40586,10.00
0.088190,5.512901,1.497057,0.40216,10.00
0.088200,5.553450,1.416763,0.39852,10.00
0.088210,5.590951,1.328581,0.39490,10.00
0.088220,5.624077,1.233005,0.39138,10.00
0.088230,5.652530,1.130670,0.38800,10.00
0.088240,5.676043,1.022273,0.38479,10.00
0.088250,5.694403,0.908562,0.38177,10.00
0.088260,5.707474,0.790328,0.37896,10.00
0.088270,5.715017,0.668409,0.37640,10.00
0.088280,5.716914,0.543685,0.37410,10.00
0.088290,5.713089,0.417073,0.37208,10.00
0.088300,5.703400,0.289510,0.37038,10.00
0.088310,5.687534,0.162008,0.36902,10.00
0.088320,5.665981,0.035572,0.36800,10.00
0.088330,5.638841,-0.088824,0.36734,10.00
0.088340,5.606258,-0.210209,0.36703,10.00
0.088350,5.568253,-0.327624,0.36710,10.00
0.088360,5.524557,-0.440045,0.36758,10.00
0.088370,5.476817,-0.500000,0.36843,10.00
0.088380,5.428797,-0.500000,0.36946,10.00
0.088390,5.380995,-0.500000,0.37062,10.00
0.088400,5.333350,-0.500000,0.37192,10.00
0.088410,5.285678,-0.500000,0.37336,10.00
0.088420,5.238223,-0.500000,0.37493,10.00
0.088430,5.190983,-0.500000,0.37664,10.00
0.088440,5.143958,-0.500000,0.37848,10.00
0.088450,5.097510,-0.500000,0.38044,10.00
0.088460,5.052724,-0.500000,0.38245,10.00
0.088470,5.008141,-0.500000,0.38457,10.00
0.088480,4.963761,-0.500000,0.38682,10.00
0.088490,4.919582,-0.500000,0.38920,10.00
0.088500,4.875416,-0.500000,0.39169,10.00
0.088510,4.830706,-0.500000,0.39436,10.00
0.088520,4.786198,-0.500000,0.39714,10.00
0.088530,4.741981,-0.495697,0.40005,10.00
0.088540,4.698376,-0.483462,0.40307,10.00
0.088550,4.655566,-0.463299,0.40617,10.00
0.088560,4.613388,-0.435189,0.40937,10.00
0.088570,4.572891,-0.399198,0.41263,10.00
0.088580,4.534422,-0.355511,0.41590,10.00
0.088590,4.498313,-0.304374,0.41917,10.00
0.088600,4.464870,-0.246092,0.42242,10.00
0.088610,4.434349,-0.181021,0.42562,10.00
0.088620,4.407094,-0.109575,0.42874,10.00
0.088630,4.383367,-0.032227,0.43177,10.00
0.088640,4.363405,0.050501,0.43469,10.00
0.088650,4.347727,0.138037,0.43745,10.00
0.088660,4.337426,0.229621,0.43998,10.00
0.088670,4.331418,0.324499,0.44232,10.00
0.088680,4.329817,0.421983,0.44446,10.00
0.088690,4.332700,0.521357,0.44636,10.00
0.088700,4.339816,0.621882,0.44803,10.00
0.088710,4.350297,0.722944,0.44952,10.00
0.088720,4.365315,0.823870,0.45075,10.00
0.088730,4.384821,0.923886,0.45170,10.00
0.088740,4.408734,1.022214,0.45237,10.00
0.088750,4.437284,1.118080,0.45274,10.00
0.088760,4.471352,1.210551,0.45273,10.00
0.088770,4.509349,1.298765,0.45241,10.00
0.088780,4.551042,1.381994,0.45178,10.00
0.088790,4.596170,1.459539,0.45085,10.00
0.088800,4.644183,1.530735,0.44962,10.00
0.088810,4.693994,1.595085,0.44817,10.00
0.088820,4.746300,1.652095,0.44643,10.00
0.088830,4.800744,1.701238,0.44442,10.00
0.088840,4.856944,1.742039,0.44216,10.00
0.088850,4.914419,1.774085,0.43965,10.00
0.088860,4.972505,1.797061,0.43695,10.00
0.088870,5.031116,1.810707,0.43403,10.00
0.088880,5.089820,1.814802,0.43093,10.00
0.088890,5.148181,1.809196,0.42767,10.00
0.088900,5.205779,1.793812,0.42427,10.00
0.088910,5.262247,1.768633,0.42074,10.00
0.088920,5.317050,1.733723,0.41713,10.00
0.088930,5.369759,1.689225,0.41346,10.00
0.088940,5.419954,1.635360,0.40975,10.00
0.088950,5.467055,1.572423,0.40604,10.00
0.088960,5.510155,1.500864,0.40240,10.00
0.088970,5.549591,1.421177,0.39881,10.00
0.088980,5.585022,1.333870,0.39530,10.00
0.088990,5.616137,1.239512,0.39191,10.00
0.089000,5.642935,1.138735,0.38865,10.00
0.089010,5.666007,1.032089,0.38549,10.00
0.089020,5.683991,0.920223,0.38252,10.00
0.089030,5.696694,0.803922,0.37977,10.00
0.089040,5.703961,0.684018,0.37725,10.00
0.089050,5.705866,0.561378,0.37499,10.00
0.089060,5.702893,0.436810,0.37297,10.00
0.089070,5.694250,0.311177,0.37124,10.00
0.089080,5.679939,0.185421,0.36983,10.00
0.089090,5.660006,0.060496,0.36876,10.00
0.089100,5.634428,-0.062636,0.36803,10.00
0.089110,5.603003,-0.182964,0.36768,10.00
0.089120,5.566362,-0.299503,0.36769,10.00
0.089130,5.524724,-0.411320,0.36807,10.00
0.089140,5.478511,-0.500000,0.36883,10.00
0.089150,5.431376,-0.500000,0.36981,10.00
0.089160,5.385000,-0.500000,0.37090,10.00
0.089170,5.338834,-0.500000,0.37211,10.00
0.089180,5.292878,-0.500000,0.37345,10.00
0.089190,5.247131,-0.500000,0.37491,10.00
0.089200,5.201376,-0.500000,0.37650,10.00
0.089210,5.154974,-0.500000,0.37828,10.00
0.089220,5.108782,-0.500000,0.38018,10.00
0.089230,5.062800,-0.500000,0.38221,10.00
0.089240,5.017026,-0.500000,0.38437,10.00
0.089250,4.971476,-0.500000,0.38665,10.00
0.089260,4.926197,-0.500000,0.38906,10.00
0.089270,4.881123,-0.500000,0.39159,10.00
0.089280,4.836254,-0.500000,0.39424,10.00
0.089290,4.791588,-0.500000,0.39702,10.00
0.089300,4.747176,-0.496376,0.39993,10.00
0.089310,4.703268,-0.484797,0.40294,10.00
0.089320,4.660303,-0.465254,0.40604,10.00
0.089330,4.618634,-0.437807,0.40921,10.00
0.089340,4.578613,-0.402573,0.41242,10.00
0.089350,4.540579,-0.359735,0.41565,10.00
0.089360,4.504859,-0.309530,0.41889,10.00
0.089370,4.471773,-0.252259,0.42209,10.00
0.089380,4.441620,-0.188277,0.42525,10.00
0.089390,4.414680,-0.117996,0.42834,10.00
0.089400,4.391188,-0.041881,0.43134,10.00
0.089410,4.371306,0.039566,0.43422,10.00
0.089420,4.355343,0.125790,0.43696,10.00
0.089430,4.343479,0.216189,0.43955,10.00
0.089440,4.335870,0.310117,0.44195,10.00
0.089450,4.332507,0.406899,0.44415,10.00
0.089460,4.333091,0.505889,0.44617,10.00
0.089470,4.338208,0.606397,0.44796,10.00
0.089480,4.347885,0.707671,0.44949,10.00
0.089490,4.362117,0.808945,0.45077,10.00
0.089500,4.381091,0.909442,0.45177,10.00
0.089510,4.405420,1.008272,0.45242,10.00
0.089520,4.434057,1.104581,0.45279,10.00
0.089530,4.466846,1.197601,0.45285,10.00
0.089540,4.503600,1.286580,0.45260,10.00
0.089550,4.544007,1.370785,0.45206,10.00
0.089560,4.587545,1.449558,0.45123,10.00
0.089570,4.634296,1.522257,0.45011,10.00
0.089580,4.683953,1.588251,0.44869,10.00
0.089590,4.736182,1.646953,0.44699,10.00
0.089600,4.790627,1.697822,0.44501,10.00
0.089610,4.846908,1.740374,0.44278,10.00
0.089620,4.904628,1.774178,0.44029,10.00
0.089630,4.963372,1.798868,0.43758,10.00
0.089640,5.022715,1.814142,0.43466,10.00
0.089650,5.082321,1.819766,0.43154,10.00
0.089660,5.142052,1.815529,0.42823,10.00
0.089670,5.201048,1.801305,0.42478,10.00
0.089680,5.258858,1.777080,0.42120,10.00
0.089690,5.315036,1.742914,0.41753,10.00
0.089700,5.369175,1.698943,0.41379,10.00
0.089710,5.420950,1.645365,0.41000,10.00
0.089720,5.469804,1.582456,0.40621,10.00
0.089730,5.515337,1.510581,0.40243,10.00
0.089740,5.557167,1.430175,0.39870,10.00
0.089750,5.594753,1.341745,0.39506,10.00
0.089760,5.627209,1.245956,0.39156,10.00
0.089770,5.654989,1.143505,0.38821,10.00
0.089780,5.677828,1.035090,0.38502,10.00
0.089790,5.695501,0.921463,0.38203,10.00
0.089800,5.707922,0.803424,0.37926,10.00
0.089810,5.715261,0.681765,0.37670,10.00
0.089820,5.716969,0.557332,0.37441,10.00
0.089830,5.712968,0.431038,0.37241,10.00
0.089840,5.703227,0.303819,0.37071,10.00
0.089850,5.687778,0.176632,0.36933,10.00
0.089860,5.666743,0.050434,0.36829,10.00
0.089870,5.640127,-0.073810,0.36759,10.00
0.089880,5.608071,-0.195134,0.36726,10.00
0.089890,5.570758,-0.312577,0.36729,10.00
0.089900,5.528228,-0.425200,0.36770,10.00
0.089910,5.480588,-0.500000,0.36852,10.00
0.089920,5.432310,-0.500000,0.36955,10.00
0.089930,5.384251,-0.500000,0.37072,10.00
0.089940,5.336410,-0.500000,0.37202,10.00
0.089950,5.289102,-0.500000,0.37345,10.00
0.089960,5.243270,-0.500000,0.37493,10.00
0.089970,5.197647,-0.500000,0.37654,10.00
0.089980,5.152230,-0.500000,0.37827,10.00
0.089990,5.107019,-0.500000,0.38013,10.00
0.090000,5.061848,-0.500000,0.38212,10.00
0.090010,5.016222,-0.500000,0.38427,10.00
0.090020,4.970803,-0.500000,0.38655,10.00
0.090030,4.925590,-0.500000,0.38895,10.00
0.090040,4.880581,-0.500000,0.39148,10.00
0.090050,4.835693,-0.500000,0.39414,10.00
0.090060,4.790673,-0.500000,0.39694,10.00
0.090070,4.745927,-0.496359,0.39986,10.00
0.090080,4.701767,-0.484711,0.40289,10.00
0.090090,4.658554,-0.465054,0.40601,10.00
0.090100,4.616488,-0.437448,0.40920,10.00
0.090110,4.575447,-0.401935,0.41247,10.00
0.090120,4.536416,-0.358645,0.41576,10.00
0.090130,4.499733,-0.307820,0.41905,10.00
0.090140,4.465721,-0.249762,0.42232,10.00
0.090150,4.434892,-0.184829,0.42555,10.00
0.090160,4.408145,-0.113539,0.42865,10.00
0.090170,4.384915,-0.036431,0.43165,10.00
0.090180,4.365435,0.045974,0.43453,10.00
0.090190,4.349913,0.133107,0.43727,10.00
0.090200,4.338720,0.224355,0.43985,10.00
0.090210,4.332571,0.318977,0.44219,10.00
0.090220,4.330817,0.416225,0.44433,10.00
0.090230,4.333538,0.515386,0.44624,10.00
0.090240,4.340781,0.615721,0.44792,10.00
0.090250,4.352500,0.716477,0.44934,10.00
0.090260,4.368502,0.816913,0.45051,10.00
0.090270,4.388962,0.916275,0.45140,10.00
0.090280,4.413790,1.013787,0.45201,10.00
0.090290,4.442861,1.108679,0.45232,10.00
0.090300,4.476024,1.200193,0.45233,10.00
0.090310,4.513115,1.287582,0.45205,10.00
0.090320,4.553873,1.370123,0.45146,10.00
0.090330,4.598043,1.447124,0.45057,10.00
0.090340,4.645339,1.517928,0.44938,10.00
0.090350,4.695139,1.581914,0.44791,10.00
0.090360,4.746181,1.638661,0.44623,10.00
0.090370,4.799359,1.687744,0.44429,10.00
0.090380,4.854303,1.728693,0.44210,10.00
0.090390,4.910624,1.761095,0.43966,10.00
0.090400,4.968123,1.784594,0.43701,10.00
0.090410,5.026996,1.798802,0.43409,10.00
0.090420,5.085986,1.803429,0.43099,10.00
0.090430,5.144653,1.798319,0.42772,10.00
0.090440,5.202556,1.783390,0.42431,10.00
0.090450,5.258947,1.758633,0.42079,10.00
0.090460,5.312491,1.724262,0.41725,10.00
0.090470,5.363976,1.680517,0.41366,10.00
0.090480,5.412992,1.627615,0.41003,10.00
0.090490,5.459143,1.565845,0.40640,10.00
0.090500,5.502259,1.495568,0.40279,10.00
0.090510,5.542606,1.417111,0.39918,10.00
0.090520,5.578997,1.330904,0.39564,10.00
0.090530,5.611114,1.237507,0.39222,10.00
0.090540,5.638666,1.137541,0.38892,10.00
0.090550,5.661514,1.031687,0.38579,10.00
0.090560,5.679791,0.920619,0.38282,10.00
0.090570,5.692822,0.805078,0.38006,10.00
0.090580,5.700448,0.685890,0.37754,10.00
0.090590,5.702553,0.563916,0.37527,10.00
0.090600,5.699042,0.440048,0.37328,10.00
0.090610,5.689828,0.315216,0.37160,10.00
0.090620,5.674988,0.190360,0.37023,10.00
0.090630,5.654572,0.066432,0.36920,10.00
0.090640,5.628673,-0.055616,0.36850,10.00
0.090650,5.597494,-0.174833,0.36816,10.00
0.090660,5.561408,-0.290310,0.36817,10.00
0.090670,5.520370,-0.401144,0.36853,10.00
0.090680,5.474696,-0.500000,0.36927,10.00
0.090690,5.427575,-0.500000,0.37026,10.00
0.090700,5.380583,-0.500000,0.37138,10.00
0.090710,5.333462,-0.500000,0.37265,10.00
0.090720,5.286556,-0.500000,0.37405,10.00
0.090730,5.239862,-0.500000,0.37559,10.00
0.090740,5.193380,-0.500000,0.37725,10.00
0.090750,5.146874,-0.500000,0.37904,10.00
0.090760,5.099645,-0.500000,0.38102,10.00
0.090770,5.052630,-0.500000,0.38313,10.00
0.090780,5.005828,-0.500000,0.38537,10.00
0.090790,4.959239,-0.500000,0.38774,10.00
0.090800,4.912974,-0.500000,0.39024,10.00
0.090810,4.867373,-0.500000,0.39284,10.00
0.090820,4.821979,-0.500000,0.39556,10.00
0.090830,4.776795,-0.499514,0.39841,10.00
0.090840,4.731991,-0.492687,0.40138,10.00
0.090850,4.687861,-0.477818,0.40445,10.00
0.090860,4.644597,-0.454903,0.40762,10.00
0.090870,4.602787,-0.424006,0.41084,10.00
0.090880,4.562782,-0.385271,0.41410,10.00
0.090890,4.524926,-0.338905,0.41737,10.00
0.090900,4.489569,-0.285172,0.42064,10.00
0.090910,4.457092,-0.224411,0.42386,10.00
0.090920,4.427701,-0.157011,0.42703,10.00
0.090930,4.401673,-0.083410,0.43011,10.00
0.090940,4.379260,-0.004100,0.43309,10.00
0.090950,4.360856,0.080379,0.43594,10.00
0.090960,4.347162,0.169361,0.43861,10.00
0.090970,4.337673,0.262163,0.44109,10.00
0.090980,4.332526,0.358120,0.44339,10.00
0.090990,4.331826,0.456533,0.44547,10.00
0.091000,4.335989,0.556678,0.44733,10.00
0.091010,4.346079,0.657642,0.44885,10.00
0.091020,4.360705,0.758548,0.45011,10.00
0.091030,4.379824,0.858623,0.45109,10.00
0.091040,4.403355,0.957089,0.45180,10.00
0.091050,4.430643,1.053172,0.45220,10.00
0.091060,4.459930,1.146368,0.45245,10.00
0.091070,4.493220,1.236104,0.45241,10.00
0.091080,4.530320,1.321649,0.45207,10.00
0.091090,4.571001,1.402298,0.45143,10.00
0.091100,4.615320,1.477373,0.45050,10.00
0.091110,4.663915,1.546079,0.44919,10.00
0.091120,4.715217,1.607712,0.44760,10.00
0.091130,4.768877,1.661713,0.44573,10.00
0.091140,4.824523,1.707574,0.44359,10.00
0.091150,4.881353,1.744843,0.44120,10.00
0.091160,4.937734,1.773328,0.43868,10.00
0.091170,4.994907,1.792836,0.43595,10.00
0.091180,5.052456,1.803105,0.43302,10.00
0.091190,5.109953,1.803943,0.42992,10.00
0.091200,5.167257,1.795226,0.42666,10.00
0.091210,5.224795,1.776761,0.42320,10.00
0.091220,5.280967,1.748476,0.41964,10.00
0.091230,5.335335,1.710463,0.41599,10.00
0.091240,5.387471,1.662891,0.41229,10.00
0.091250,5.436936,1.606004,0.40856,10.00
0.091260,5.483269,1.540130,0.40485,10.00
0.091270,5.526168,1.465666,0.40117,10.00
0.091280,5.565269,1.383072,0.39755,10.00
0.091290,5.600237,1.292877,0.39402,10.00
0.091300,5.630965,1.195673,0.39061,10.00
0.091310,5.657778,1.092016,0.38729,10.00
0.091320,5.679606,0.982548,0.38415,10.00
0.091330,5.696228,0.868031,0.38120,10.00
0.091340,5.707459,0.749274,0.37848,10.00
0.091350,5.712887,0.627128,0.37601,10.00
0.091360,5.711606,0.502611,0.37388,10.00
0.091370,5.704640,0.376728,0.37204,10.00
0.091380,5.691979,0.250420,0.37052,10.00
0.091390,5.673655,0.124642,0.36933,10.00
0.091400,5.649497,0.000357,0.36847,10.00
0.091410,5.618882,-0.121351,0.36804,10.00
0.091420,5.582978,-0.239444,0.36796,10.00
0.091430,5.542001,-0.352981,0.36826,10.00
0.091440,5.496203,-0.461042,0.36893,10.00
0.091450,5.447537,-0.500000,0.36994,10.00
0.091460,5.400786,-0.500000,0.37100,10.00
0.091470,5.354247,-0.500000,0.37218,10.00
0.091480,5.307919,-0.500000,0.37349,10.00
0.091490,5.261801,-0.500000,0.37493,10.00
0.091500,5.215593,-0.500000,0.37650,10.00
0.091510,5.168397,-0.500000,0.37827,10.00
0.091520,5.121416,-0.500000,0.38017,10.00
0.091530,5.074648,-0.500000,0.38220,10.00
0.091540,5.028092,-0.500000,0.38437,10.00
0.091550,4.981843,-0.500000,0.38666,10.00
0.091560,4.936182,-0.500000,0.38905,10.00
0.091570,4.890729,-0.500000,0.39157,10.00
0.091580,4.845483,-0.500000,0.39422,10.00
0.091590,4.800441,-0.500000,0.39699,10.00
0.091600,4.755839,-0.497196,0.39989,10.00
0.091610,4.712518,-0.486590,0.40284,10.00
0.091620,4.670089,-0.468140,0.40589,10.00
0.091630,4.628903,-0.441896,0.40900,10.00
0.091640,4.589303,-0.407971,0.41216,10.00
0.091650,4.551650,-0.366536,0.41534,10.00
0.091660,4.516337,-0.317832,0.41852,10.00
0.091670,4.483585,-0.262155,0.42167,10.00
0.091680,4.453689,-0.199850,0.42479,10.00
0.091690,4.426927,-0.131318,0.42783,10.00
0.091700,4.403180,-0.057009,0.43078,10.00
0.091710,4.381562,0.022755,0.43371,10.00
0.091720,4.363801,0.107550,0.43652,10.00
0.091730,4.350090,0.196786,0.43917,10.00
0.091740,4.340597,0.289832,0.44165,10.00
0.091750,4.335710,0.386021,0.44394,10.00
0.091760,4.336285,0.484531,0.44595,10.00
0.091770,4.341370,0.584553,0.44772,10.00
0.091780,4.350995,0.685339,0.44925,10.00
0.091790,4.365151,0.786125,0.45052,10.00
0.091800,4.383808,0.886140,0.45152,10.00
0.091810,4.406917,0.984602,0.45223,10.00
0.091820,4.434329,1.080736,0.45265,10.00
0.091830,4.465896,1.173776,0.45277,10.00
0.091840,4.501439,1.262973,0.45259,10.00
0.091850,4.540904,1.347595,0.45211,10.00
0.091860,4.584514,1.426863,0.45129,10.00
0.091870,4.631359,1.500053,0.45017,10.00
0.091880,4.681132,1.566530,0.44876,10.00
0.091890,4.733498,1.625702,0.44706,10.00
0.091900,4.788123,1.677025,0.44508,10.00
0.091910,4.844700,1.720000,0.44284,10.00
0.091920,4.902731,1.754185,0.44035,10.00
0.091930,4.961802,1.779210,0.43763,10.00
0.091940,5.021484,1.794771,0.43469,10.00
0.091950,5.081170,1.800629,0.43156,10.00
0.091960,5.139919,1.796702,0.42830,10.00
0.091970,5.197957,1.782950,0.42490,10.00
0.091980,5.254838,1.759356,0.42138,10.00
0.091990,5.310125,1.725979,0.41777,10.00
0.092000,5.363488,1.682950,0.41409,10.00
0.092010,5.414822,1.630428,0.41034,10.00
0.092020,5.463287,1.568659,0.40659,10.00
0.092030,5.508486,1.497999,0.40285,10.00
0.092040,5.550041,1.418877,0.39916,10.00
0.092050,5.587568,1.331791,0.39554,10.00
0.092060,5.620641,1.237319,0.39204,10.00
0.092070,5.649091,1.136102,0.38867,10.00
0.092080,5.672652,1.028825,0.38547,10.00
0.092090,5.691092,0.916231,0.38245,10.00
0.092100,5.704109,0.799110,0.37965,10.00
0.092110,5.711237,0.678349,0.37712,10.00
0.092120,5.712775,0.554855,0.37485,10.00
0.092130,5.708650,0.429533,0.37286,10.00
0.092140,5.698830,0.303316,0.37118,10.00
0.092150,5.683276,0.177150,0.36982,10.00
0.092160,5.661895,0.052022,0.36881,10.00
0.092170,5.634986,-0.071090,0.36814,10.00
0.092180,5.602690,-0.191223,0.36784,10.00
0.092190,5.565194,-0.307429,0.36790,10.00
0.092200,5.523038,-0.418775,0.36833,10.00
0.092210,5.477681,-0.500000,0.36904,10.00
0.092220,5.431489,-0.500000,0.36998,10.00
0.092230,5.385506,-0.500000,0.37104,10.00
0.092240,5.339732,-0.500000,0.37223,10.00
0.092250,5.293937,-0.500000,0.37355,10.00
0.092260,5.247439,-0.500000,0.37505,10.00
0.092270,5.201152,-0.500000,0.37668,10.00
0.092280,5.155075,-0.500000,0.37843,10.00
0.092290,5.109207,-0.500000,0.38032,10.00
0.092300,5.063483,-0.500000,0.38233,10.00
0.092310,5.017716,-0.500000,0.38449,10.00
0.092320,4.972155,-0.500000,0.38677,10.00
0.092330,4.926802,-0.500000,0.38918,10.00
0.092340,4.881654,-0.500000,0.39171,10.00
0.092350,4.836642,-0.500000,0.39437,10.00
0.092360,4.791559,-0.500000,0.39717,10.00
0.092370,4.746755,-0.496169,0.40009,10.00
0.092380,4.702547,-0.484327,0.40312,10.00
0.092390,4.659295,-0.464473,0.40624,10.00
0.092400,4.617599,-0.436667,0.40942,10.00
0.092410,4.578533,-0.401148,0.41259,10.00
0.092420,4.541460,-0.358178,0.41577,10.00
0.092430,4.506702,-0.307999,0.41896,10.00
0.092440,4.474568,-0.250913,0.42211,10.00
0.092450,4.445171,-0.187277,0.42521,10.00
0.092460,4.418256,-0.117415,0.42829,10.00
0.092470,4.394793,-0.041732,0.43127,10.00
0.092480,4.375017,0.039260,0.43414,10.00
0.092490,4.359137,0.125004,0.43687,10.00
0.092500,4.347268,0.214898,0.43944,10.00
0.092510,4.339362,0.308336,0.44184,10.00
0.092520,4.335814,0.404665,0.44405,10.00
0.092530,4.336714,0.503181,0.44604,10.00
0.092540,4.342123,0.603156,0.44780,10.00
0.092550,4.351969,0.703842,0.44931,10.00
0.092560,4.365958,0.804520,0.45059,10.00
0.092570,4.384434,0.904452,0.45159,10.00
0.092580,4.407321,1.002861,0.45231,10.00
0.092590,4.434510,1.098977,0.45274,10.00
0.092600,4.466190,1.192033,0.45287,10.00
0.092610,4.503176,1.281120,0.45262,10.00
0.092620,4.543908,1.365397,0.45206,10.00
0.092630,4.588132,1.444161,0.45120,10.00
0.092640,4.635562,1.516740,0.45004,10.00
0.092650,4.685786,1.582503,0.44858,10.00
0.092660,4.738167,1.640909,0.44687,10.00
0.092670,4.792749,1.691455,0.44488,10.00
0.092680,4.849150,1.733656,0.44263,10.00
0.092690,4.906973,1.767085,0.44014,10.00
0.092700,4.965704,1.791378,0.43741,10.00
0.092710,5.024624,1.806284,0.43450,10.00
0.092720,5.083693,1.811603,0.43141,10.00
0.092730,5.142471,1.807176,0.42814,10.00
0.092740,5.200513,1.792915,0.42473,10.00
0.092750,5.257254,1.768806,0.42120,10.00
0.092760,5.311893,1.734970,0.41762,10.00
0.092770,5.364488,1.691584,0.41397,10.00
0.092780,5.414620,1.638859,0.41028,10.00
0.092790,5.461885,1.577081,0.40658,10.00
0.092800,5.506147,1.506609,0.40291,10.00
0.092810,5.547790,1.427750,0.39922,10.00
0.092820,5.585448,1.340918,0.39561,10.00
0.092830,5.618791,1.246675,0.39210,10.00
0.092840,5.647519,1.145649,0.38872,10.00
0.092850,5.670931,1.038523,0.38551,10.00
0.092860,5.687502,0.926247,0.38259,10.00
0.092870,5.698786,0.809753,0.37990,10.00
0.092880,5.704637,0.689875,0.37745,10.00
0.092890,5.704951,0.567483,0.37526,10.00
0.092900,5.699961,0.443479,0.37336,10.00
0.092910,5.690529,0.318642,0.37168,10.00
0.092920,5.675472,0.193814,0.37033,10.00
0.092930,5.654842,0.069945,0.36930,10.00
0.092940,5.628734,-0.052010,0.36861,10.00
0.092950,5.597553,-0.171102,0.36828,10.00
0.092960,5.562272,-0.286519,0.36825,10.00
0.092970,5.522033,-0.397425,0.36857,10.00
0.092980,5.477116,-0.500000,0.36926,10.00
0.092990,5.430617,-0.500000,0.37021,10.00
0.093000,5.383972,-0.500000,0.37129,10.00
0.093010,5.336111,-0.500000,0.37259,10.00
0.093020,5.288468,-0.500000,0.37402,10.00
0.093030,5.241041,-0.500000,0.37559,10.00
0.093040,5.193829,-0.500000,0.37729,10.00
0.093050,5.147074,-0.500000,0.37911,10.00
0.093060,5.101499,-0.500000,0.38101,10.00
0.093070,5.056131,-0.500000,0.38303,10.00
0.093080,5.010969,-0.500000,0.38517,10.00
0.093090,4.966012,-0.500000,0.38744,10.00
0.093100,4.921169,-0.500000,0.38984,10.00
0.093110,4.876166,-0.500000,0.39238,10.00
0.093120,4.831368,-0.500000,0.39505,10.00
0.093130,4.786774,-0.499932,0.39784,10.00
0.093140,4.742494,-0.494848,0.40075,10.00
0.093150,4.698843,-0.481830,0.40377,10.00
0.093160,4.656120,-0.460879,0.40687,10.00
0.093170,4.614757,-0.432057,0.41003,10.00
0.093180,4.575101,-0.395496,0.41324,10.00
0.093190,4.537489,-0.351385,0.41646,10.00
0.093200,4.502261,-0.299975,0.41968,10.00
0.093210,4.469761,-0.241580,0.42286,10.00
0.093220,4.440239,-0.176569,0.42600,10.00
0.093230,4.413971,-0.105363,0.42906,10.00
0.093240,4.391211,-0.028435,0.43202,10.00
0.093250,4.372014,0.053694,0.43486,10.00
0.093260,4.356070,0.140539,0.43760,10.00
0.093270,4.344254,0.231548,0.44018,10.00
0.093280,4.336720,0.326072,0.44258,10.00
0.093290,4.333588,0.423429,0.44477,10.00
0.093300,4.335097,0.522907,0.44675,10.00
0.093310,4.341751,0.623698,0.44845,10.00
0.093320,4.352963,0.724994,0.44990,10.00
0.093330,4.368717,0.826028,0.45108,10.00
0.093340,4.388958,0.926020,0.45198,10.00
0.093350,4.413733,1.024194,0.45260,10.00
0.093360,4.443324,1.119707,0.45288,10.00
0.093370,4.477023,1.211753,0.45287,10.00
0.093380,4.514633,1.299583,0.45255,10.00
0.093390,4.555926,1.382474,0.45193,10.00
0.093400,4.600603,1.459729,0.45101,10.00
0.093410,4.648264,1.530707,0.44980,10.00
0.093420,4.698743,1.594798,0.44829,10.00
0.093430,4.751700,1.651428,0.44651,10.00
0.093440,4.806770,1.700071,0.44446,10.00
0.093450,4.863578,1.740255,0.44214,10.00
0.093460,4.921750,1.771564,0.43959,10.00
0.093470,4.980827,1.793646,0.43680,10.00
0.093480,5.040380,1.806216,0.43381,10.00
0.093490,5.099970,1.809062,0.43064,10.00
0.093500,5.159044,1.802039,0.42730,10.00
0.093510,5.216846,1.785129,0.42386,10.00
0.093520,5.273350,1.758373,0.42030,10.00
0.093530,5.328117,1.721851,0.41666,10.00
0.093540,5.380715,1.675721,0.41295,10.00
0.093550,5.430849,1.620216,0.40922,10.00
0.093560,5.478475,1.555582,0.40546,10.00
0.093570,5.522712,1.482159,0.40172,10.00
0.093580,5.563187,1.400398,0.39804,10.00
0.093590,5.599555,1.310818,0.39445,10.00
0.093600,5.631525,1.214004,0.39097,10.00
0.093610,5.658903,1.110588,0.38762,10.00
0.093620,5.681302,1.001266,0.38445,10.00
0.093630,5.698495,0.886797,0.38147,10.00
0.093640,5.710295,0.767989,0.37871,10.00
0.093650,5.716253,0.645691,0.37620,10.00
0.093660,5.715365,0.520936,0.37404,10.00
0.093670,5.708778,0.394742,0.37217,10.00
0.093680,5.696478,0.268049,0.37062,10.00
0.093690,5.678495,0.141817,0.36939,10.00
0.093700,5.655257,0.017009,0.36851,10.00
0.093710,5.627941,-0.105579,0.36789,10.00
0.093720,5.595268,-0.225103,0.36762,10.00
0.093730,5.557425,-0.340617,0.36772,10.00
0.093740,5.514644,-0.451194,0.36819,10.00
0.093750,5.468217,-0.500000,0.36900,10.00
0.093760,5.421921,-0.500000,0.36997,10.00
0.093770,5.375835,-0.500000,0.37107,10.00
0.093780,5.329959,-0.500000,0.37229,10.00
0.093790,5.284290,-0.500000,0.37364,10.00
0.093800,5.238758,-0.500000,0.37512,10.00
0.093810,5.193151,-0.500000,0.37674,10.00
0.093820,5.147752,-0.500000,0.37849,10.00
0.093830,5.102558,-0.500000,0.38036,10.00
0.093840,5.057569,-0.500000,0.38236,10.00
0.093850,5.012600,-0.500000,0.38448,10.00
0.093860,4.967102,-0.500000,0.38677,10.00
0.093870,4.921810,-0.500000,0.38919,10.00
0.093880,4.876723,-0.500000,0.39174,10.00
0.093890,4.831841,-0.500000,0.39441,10.00
0.093900,4.787537,-0.500000,0.39720,10.00
0.093910,4.745012,-0.495892,0.40002,10.00
0.093920,4.703074,-0.484132,0.40294,10.00
0.093930,4.662069,-0.464723,0.40594,10.00
0.093940,4.622338,-0.437725,0.40900,10.00
0.093950,4.583787,-0.403261,0.41211,10.00
0.093960,4.545472,-0.361300,0.41534,10.00
0.093970,4.509438,-0.311940,0.41857,10.00
0.093980,4.476001,-0.255473,0.42178,10.00
0.093990,4.445463,-0.192248,0.42495,10.00
0.094000,4.418459,-0.122670,0.42805,10.00
0.094010,4.396299,-0.047369,0.43096,10.00
0.094020,4.377796,0.033031,0.43376,10.00
0.094030,4.363151,0.117975,0.43642,10.00
0.094040,4.352537,0.206865,0.43891,10.00
0.094050,4.346165,0.299066,0.44123,10.00
0.094060,4.344357,0.393877,0.44333,10.00
0.094070,4.346913,0.490580,0.44521,10.00
0.094080,4.353879,0.588456,0.44686,10.00
0.094090,4.365269,0.686769,0.44826,10.00
0.094100,4.380668,0.784769,0.44940,10.00
0.094110,4.398845,0.881892,0.45037,10.00
0.094120,4.421307,0.977512,0.45107,10.00
0.094130,4.447948,1.070877,0.45148,10.00
0.094140,4.478625,1.161244,0.45161,10.00
0.094150,4.512895,1.247885,0.45144,10.00
0.094160,4.549749,1.330219,0.45105,10.00
0.094170,4.590040,1.407652,0.45037,10.00
0.094180,4.633513,1.479530,0.44941,10.00
0.094190,4.679884,1.545234,0.44816,10.00
0.094200,4.729287,1.604185,0.44664,10.00
0.094210,4.782709,1.655634,0.44474,10.00
0.094220,4.838003,1.698952,0.44258,10.00
0.094230,4.894780,1.733706,0.44017,10.00
0.094240,4.952633,1.759524,0.43753,10.00
0.094250,5.010983,1.776098,0.43468,10.00
0.094260,5.068915,1.783264,0.43169,10.00
0.094270,5.126650,1.780903,0.42852,10.00
0.094280,5.183754,1.768914,0.42521,10.00
0.094290,5.239792,1.747270,0.42177,10.00
0.094300,5.294335,1.716014,0.41825,10.00
0.094310,5.346969,1.675265,0.41465,10.00
0.094320,5.397262,1.625212,0.41100,10.00
0.094330,5.444808,1.566123,0.40735,10.00
0.094340,5.489218,1.498334,0.40371,10.00
0.094350,5.530068,1.422255,0.40011,10.00
0.094360,5.566842,1.338390,0.39659,10.00
0.094370,5.599445,1.247298,0.39318,10.00
0.094380,5.627584,1.149584,0.38989,10.00
0.094390,5.650997,1.045910,0.38676,10.00
0.094400,5.669750,0.936991,0.38381,10.00
0.094410,5.684528,0.823449,0.38099,10.00
0.094420,5.693978,0.705995,0.37840,10.00
0.094430,5.697969,0.585473,0.37606,10.00
0.094440,5.696410,0.462764,0.37399,10.00
0.094450,5.688922,0.338773,0.37221,10.00
0.094460,5.674507,0.214588,0.37082,10.00
0.094470,5.654544,0.091258,0.36976,10.00
0.094480,5.629121,-0.030269,0.36905,10.00
0.094490,5.598371,-0.149046,0.36868,10.00
0.094500,5.562517,-0.264136,0.36867,10.00
0.094510,5.521917,-0.374643,0.36901,10.00
0.094520,5.476633,-0.479686,0.36972,10.00
0.094530,5.428750,-0.500000,0.37073,10.00
0.094540,5.381083,-0.500000,0.37189,10.00
0.094550,5.333591,-0.500000,0.37318,10.00
0.094560,5.286145,-0.500000,0.37461,10.00
0.094570,5.238914,-0.500000,0.37617,10.00
0.094580,5.191897,-0.500000,0.37786,10.00
0.094590,5.145093,-0.500000,0.37969,10.00
0.094600,5.098636,-0.500000,0.38164,10.00
0.094610,5.052922,-0.500000,0.38368,10.00
0.094620,5.007416,-0.500000,0.38586,10.00
0.094630,4.962116,-0.500000,0.38816,10.00
0.094640,4.917021,-0.500000,0.39058,10.00
0.094650,4.872227,-0.500000,0.39313,10.00
0.094660,4.828020,-0.500000,0.39578,10.00
0.094670,4.784016,-0.499704,0.39855,10.00
0.094680,4.740362,-0.493535,0.40144,10.00
0.094690,4.697399,-0.479534,0.40443,10.00
0.094700,4.655319,-0.457717,0.40749,10.00
0.094710,4.613990,-0.428085,0.41066,10.00
0.094720,4.574405,-0.390722,0.41386,10.00
0.094730,4.536900,-0.345824,0.41708,10.00
0.094740,4.501802,-0.293649,0.42029,10.00
0.094750,4.469600,-0.234510,0.42348,10.00
0.094760,4.441118,-0.168866,0.42656,10.00
0.094770,4.415909,-0.097199,0.42956,10.00
0.094780,4.394219,-0.019990,0.43246,10.00
0.094790,4.376269,0.062237,0.43523,10.00
0.094800,4.362076,0.148909,0.43786,10.00
0.094810,4.351271,0.239504,0.44037,10.00
0.094820,4.344719,0.333432,0.44270,10.00
0.094830,4.342533,0.430012,0.44482,10.00
0.094840,4.344795,0.528536,0.44673,10.00
0.094850,4.351556,0.628274,0.44839,10.00
0.094860,4.362840,0.728473,0.44980,10.00
0.094870,4.378614,0.828370,0.45095,10.00
0.094880,4.398822,0.927197,0.45183,10.00
0.094890,4.423376,1.024184,0.45242,10.00
0.094900,4.452018,1.118564,0.45272,10.00
0.094910,4.484195,1.209648,0.45276,10.00
0.094920,4.520252,1.296741,0.45250,10.00
0.094930,4.559972,1.379127,0.45194,10.00
0.094940,4.603106,1.456118,0.45108,10.00
0.094950,4.649652,1.527058,0.44994,10.00
0.094960,4.700134,1.591195,0.44843,10.00
0.094970,4.753096,1.647864,0.44664,10.00
0.094980,4.808172,1.696541,0.44458,10.00
0.094990,4.864978,1.736752,0.44227,10.00
0.095000,4.923132,1.768087,0.43971,10.00
0.095010,4.982278,1.790185,0.43692,10.00
0.095020,5.041900,1.802756,0.43392,10.00
0.095030,5.101557,1.805585,0.43074,10.00
0.095040,5.160803,1.798529,0.42739,10.00
0.095050,5.218944,1.781520,0.42391,10.00
0.095060,5.274807,1.754682,0.42038,10.00
0.095070,5.328934,1.718176,0.41676,10.00
0.095080,5.380899,1.672160,0.41309,10.00
0.095090,5.430288,1.616868,0.40939,10.00
0.095100,5.477049,1.552606,0.40569,10.00
0.095110,5.521843,1.479583,0.40193,10.00
0.095120,5.562889,1.398132,0.39823,10.00
0.095130,5.599836,1.308770,0.39460,10.00
0.095140,5.632359,1.212079,0.39109,10.00
0.095150,5.660170,1.108705,0.38772,10.00
0.095160,5.683024,0.999349,0.38452,10.00
0.095170,5.700668,0.884767,0.38151,10.00
0.095180,5.712909,0.765767,0.37873,10.00
0.095190,5.719596,0.643199,0.37619,10.00
0.095200,5.720543,0.517953,0.37392,10.00
0.095210,5.715466,0.390983,0.37196,10.00
0.095220,5.704628,0.263257,0.37031,10.00
0.095230,5.688045,0.135736,0.36899,10.00
0.095240,5.665781,0.009394,0.36800,10.00
0.095250,5.637747,-0.114795,0.36737,10.00
0.095260,5.603518,-0.235767,0.36716,10.00
0.095270,5.564067,-0.352499,0.36732,10.00
0.095280,5.519636,-0.464052,0.36785,10.00
0.095290,5.471904,-0.500000,0.36872,10.00
0.095300,5.424399,-0.500000,0.36975,10.00
0.095310,5.377675,-0.500000,0.37087,10.00
0.095320,5.331162,-0.500000,0.37212,10.00
0.095330,5.284861,-0.500000,0.37350,10.00
0.095340,5.238770,-0.500000,0.37500,10.00
0.095350,5.192732,-0.500000,0.37664,10.00
0.095360,5.146286,-0.500000,0.37844,10.00
0.095370,5.100050,-0.500000,0.38037,10.00
0.095380,5.054024,-0.500000,0.38243,10.00
0.095390,5.008207,-0.500000,0.38462,10.00
0.095400,4.962596,-0.500000,0.38693,10.00
0.095410,4.917185,-0.500000,0.38937,10.00
0.095420,4.871980,-0.500000,0.39193,10.00
0.095430,4.826981,-0.500000,0.39462,10.00
0.095440,4.782186,-0.499937,0.39744,10.00
0.095450,4.737616,-0.494852,0.40037,10.00
0.095460,4.693337,-0.481740,0.40344,10.00
0.095470,4.650073,-0.460583,0.40658,10.00
0.095480,4.608183,-0.431448,0.40979,10.00
0.095490,4.568019,-0.394469,0.41304,10.00
0.095500,4.529883,-0.349837,0.41631,10.00
0.095510,4.493981,-0.297787,0.41959,10.00
0.095520,4.460798,-0.238615,0.42283,10.00
0.095530,4.430637,-0.172693,0.42603,10.00
0.095540,4.403777,-0.100447,0.42915,10.00
0.095550,4.380405,-0.022356,0.43216,10.00
0.095560,4.360540,0.061086,0.43508,10.00
0.095570,4.344683,0.149326,0.43785,10.00
0.095580,4.333018,0.241745,0.44046,10.00
0.095590,4.325698,0.337685,0.44288,10.00
0.095600,4.323217,0.436452,0.44510,10.00
0.095610,4.326777,0.537143,0.44699,10.00
0.095620,4.334920,0.638888,0.44864,10.00
0.095630,4.347653,0.740919,0.45003,10.00
0.095640,4.364947,0.842458,0.45115,10.00
0.095650,4.386613,0.942721,0.45198,10.00
0.095660,4.412181,1.040983,0.45256,10.00
0.095670,4.442019,1.136508,0.45284,10.00
0.095680,4.475964,1.228531,0.45282,10.00
0.095690,4.513817,1.316303,0.45249,10.00
0.095700,4.555238,1.399100,0.45186,10.00
0.095710,4.599642,1.476279,0.45095,10.00
0.095720,4.647179,1.547217,0.44975,10.00
0.095730,4.697534,1.611292,0.44826,10.00
0.095740,4.750367,1.667929,0.44648,10.00
0.095750,4.805334,1.716604,0.44444,10.00
0.095760,4.862107,1.756836,0.44213,10.00
0.095770,4.920208,1.788206,0.43958,10.00
0.095780,4.979219,1.810365,0.43681,10.00
0.095790,5.038710,1.823028,0.43383,10.00
0.095800,5.098295,1.825982,0.43066,10.00
0.095810,5.157689,1.819056,0.42732,10.00
0.095820,5.216228,1.802163,0.42384,10.00
0.095830,5.273463,1.775307,0.42025,10.00
0.095840,5.328951,1.738571,0.41657,10.00
0.095850,5.382443,1.692110,0.41282,10.00
0.095860,5.434073,1.636068,0.40901,10.00
0.095870,5.482671,1.570690,0.40518,10.00
0.095880,5.527837,1.496360,0.40139,10.00
0.095890,5.569193,1.413533,0.39764,10.00
0.095900,5.606265,1.322733,0.39399,10.00
0.095910,5.638376,1.224610,0.39048,10.00
0.095920,5.665707,1.119860,0.38711,10.00
0.095930,5.687997,1.009197,0.38392,10.00
0.095940,5.705022,0.893390,0.38093,10.00
0.095950,5.716602,0.773258,0.37817,10.00
0.095960,5.722612,0.649657,0.37565,10.00
0.095970,5.722914,0.523482,0.37341,10.00
0.095980,5.717442,0.395662,0.37146,10.00
0.095990,5.706172,0.267148,0.36983,10.00
0.096000,5.689192,0.138909,0.36852,10.00
0.096010,5.666760,0.011893,0.36755,10.00
0.096020,5.638724,-0.112942,0.36692,10.00
0.096030,5.605232,-0.234619,0.36667,10.00
0.096040,5.566481,-0.352175,0.36678,10.00
0.096050,5.522507,-0.464666,0.36727,10.00
0.096060,5.474434,-0.500000,0.36815,10.00
0.096070,5.426456,-0.500000,0.36919,10.00
0.096080,5.378696,-0.500000,0.37036,10.00
0.096090,5.331153,-0.500000,0.37166,10.00
0.096100,5.284093,-0.500000,0.37309,10.00
0.096110,5.238315,-0.500000,0.37458,10.00
0.096120,5.192744,-0.500000,0.37620,10.00
0.096130,5.147380,-0.500000,0.37795,10.00
0.096140,5.102222,-0.500000,0.37982,10.00
0.096150,5.056979,-0.500000,0.38182,10.00
0.096160,5.010781,-0.500000,0.38402,10.00
0.096170,4.964792,-0.500000,0.38634,10.00
0.096180,4.919013,-0.500000,0.38879,10.00
0.096190,4.873441,-0.500000,0.39137,10.00
0.096200,4.828149,-0.500000,0.39408,10.00
0.096210,4.783358,-0.500000,0.39689,10.00
0.096220,4.738859,-0.495694,0.39982,10.00
0.096230,4.694974,-0.483400,0.40286,10.00
0.096240,4.652064,-0.463122,0.40598,10.00
0.096250,4.610741,-0.434925,0.40917,10.00
0.096260,4.572121,-0.399056,0.41233,10.00
0.096270,4.535505,-0.355787,0.41551,10.00
0.096280,4.501214,-0.305364,0.41869,10.00
0.096290,4.469555,-0.248089,0.42183,10.00
0.096300,4.440532,-0.184324,0.42493,10.00
0.096310,4.413567,-0.114342,0.42802,10.00
0.096320,4.390062,-0.038516,0.43102,10.00
0.096330,4.370250,0.042642,0.43390,10.00
0.096340,4.354343,0.128573,0.43665,10.00
0.096350,4.342364,0.218675,0.43923,10.00
0.096360,4.333997,0.312383,0.44168,10.00
0.096370,4.330004,0.409072,0.44392,10.00
0.096380,4.330480,0.508038,0.44595,10.00
0.096390,4.335490,0.608549,0.44775,10.00
0.096400,4.345336,0.709853,0.44930,10.00
0.096410,4.360831,0.811051,0.45052,10.00
0.096420,4.380824,0.911276,0.45146,10.00
0.096430,4.405228,1.009748,0.45211,10.00
0.096440,4.433924,1.105691,0.45247,10.00
0.096450,4.466979,1.198340,0.45253,10.00
0.096460,4.504871,1.286835,0.45223,10.00
0.096470,4.546474,1.370375,0.45162,10.00
0.096480,4.591527,1.448260,0.45071,10.00
0.096490,4.639739,1.519822,0.44950,10.00
0.096500,4.690402,1.584437,0.44799,10.00
0.096510,4.742008,1.641711,0.44630,10.00
0.096520,4.795770,1.691243,0.44434,10.00
0.096530,4.851312,1.732558,0.44213,10.00
0.096540,4.908244,1.765237,0.43967,10.00
0.096550,4.966256,1.788924,0.43699,10.00
0.096560,5.025223,1.803276,0.43408,10.00
0.096570,5.084313,1.808038,0.43098,10.00
0.096580,5.143086,1.803051,0.42771,10.00
0.096590,5.201099,1.788234,0.42430,10.00
0.096600,5.258013,1.763576,0.42077,10.00
0.096610,5.313704,1.729092,0.41713,10.00
0.096620,5.367313,1.684889,0.41342,10.00
0.096630,5.418413,1.631181,0.40968,10.00
0.096640,5.466592,1.568262,0.40592,10.00
0.096650,5.511392,1.496494,0.40219,10.00
0.096660,5.552249,1.416346,0.39852,10.00
0.096670,5.589068,1.328346,0.39494,10.00
0.096680,5.621526,1.233064,0.39146,10.00
0.096690,5.649331,1.131137,0.38813,10.00
0.096700,5.672450,1.023259,0.38496,10.00
0.096710,5.691340,0.910065,0.38192,10.00
0.096720,5.704880,0.792277,0.37910,10.00
0.096730,5.712909,0.670735,0.37651,10.00
0.096740,5.715305,0.546316,0.37419,10.00
0.096750,5.711704,0.419931,0.37216,10.00
0.096760,5.701218,0.292656,0.37050,10.00
0.096770,5.685006,0.165539,0.36917,10.00
0.096780,5.663127,0.039549,0.36818,10.00
0.096790,5.635685,-0.084343,0.36754,10.00
0.096800,5.602977,-0.205167,0.36726,10.00
0.096810,5.565644,-0.322043,0.36731,10.00
0.096820,5.523306,-0.434082,0.36773,10.00
0.096830,5.476775,-0.500000,0.36851,10.00
0.096840,5.429837,-0.500000,0.36949,10.00
0.096850,5.382904,-0.500000,0.37059,10.00
0.096860,5.335358,-0.500000,0.37188,10.00
0.096870,5.288027,-0.500000,0.37330,10.00
0.096880,5.240912,-0.500000,0.37485,10.00
0.096890,5.194009,-0.500000,0.37653,10.00
0.096900,5.147328,-0.500000,0.37834,10.00
0.096910,5.100888,-0.500000,0.38028,10.00
0.096920,5.054659,-0.500000,0.38234,10.00
0.096930,5.008639,-0.500000,0.38454,10.00
0.096940,4.962828,-0.500000,0.38686,10.00
0.096950,4.917187,-0.500000,0.38931,10.00
0.096960,4.871597,-0.500000,0.39189,10.00
0.096970,4.826215,-0.500000,0.39461,10.00
0.096980,4.781039,-0.499915,0.39744,10.00
0.096990,4.736184,-0.494680,0.40040,10.00
0.097000,4.692343,-0.481399,0.40346,10.00
0.097010,4.650926,-0.460251,0.40652,10.00
0.097020,4.610866,-0.431425,0.40963,10.00
0.097030,4.572502,-0.395052,0.41278,10.00
0.097040,4.536164,-0.351324,0.41595,10.00
0.097050,4.502012,-0.300492,0.41910,10.00
0.097060,4.469886,-0.242788,0.42227,10.00
0.097070,4.440704,-0.178522,0.42539,10.00
0.097080,4.414739,-0.108111,0.42843,10.00
0.097090,4.392243,-0.032022,0.43137,10.00
0.097100,4.373393,0.049228,0.43420,10.00
0.097110,4.358239,0.135103,0.43689,10.00
0.097120,4.347164,0.225014,0.43943,10.00
0.097130,4.340312,0.318322,0.44178,10.00
0.097140,4.337802,0.414350,0.44393,10.00
0.097150,4.339748,0.512396,0.44587,10.00
0.097160,4.346289,0.611718,0.44756,10.00
0.097170,4.357324,0.711559,0.44900,10.00
0.097180,4.372836,0.811161,0.45018,10.00
0.097190,4.392771,0.909757,0.45109,10.00
0.097200,4.416709,1.006580,0.45171,10.00
0.097210,4.443531,1.101028,0.45213,10.00
0.097220,4.474438,1.192456,0.45226,10.00
0.097230,4.509253,1.280128,0.45209,10.00
0.097240,4.547768,1.363325,0.45163,10.00
0.097250,4.590100,1.441356,0.45087,10.00
0.097260,4.637036,1.513389,0.44973,10.00
0.097270,4.686846,1.578683,0.44829,10.00
0.097280,4.739195,1.636655,0.44658,10.00
0.097290,4.793725,1.686770,0.44459,10.00
0.097300,4.849984,1.728549,0.44234,10.00
0.097310,4.907364,1.761602,0.43987,10.00
0.097320,4.965736,1.785591,0.43716,10.00
0.097330,5.024679,1.800221,0.43425,10.00
0.097340,5.083757,1.805262,0.43115,10.00
0.097350,5.142369,1.800558,0.42789,10.00
0.097360,5.199588,1.786100,0.42452,10.00
0.097370,5.255626,1.761931,0.42104,10.00
0.097380,5.310051,1.728114,0.41747,10.00
0.097390,5.362435,1.684787,0.41383,10.00
0.097400,5.412447,1.632162,0.41016,10.00
0.097410,5.459939,1.570483,0.40646,10.00
0.097420,5.504178,1.500080,0.40278,10.00
0.097430,5.544794,1.421380,0.39915,10.00
0.097440,5.581441,1.334881,0.39560,10.00
0.097450,5.613898,1.241144,0.39215,10.00
0.097460,5.642172,1.140745,0.38882,10.00
0.097470,5.665596,1.034333,0.38564,10.00
0.097480,5.683939,0.922645,0.38265,10.00
0.097490,5.697006,0.806463,0.37988,10.00
0.097500,5.704825,0.686618,0.37734,10.00
0.097510,5.707830,0.563886,0.37501,10.00
0.097520,5.705194,0.439105,0.37296,10.00
0.097530,5.696874,0.313199,0.37122,10.00
0.097540,5.682871,0.187111,0.36979,10.00
0.097550,5.663000,0.061798,0.36868,10.00
0.097560,5.636671,-0.061668,0.36799,10.00
0.097570,5.604934,-0.182251,0.36765,10.00
0.097580,5.567970,-0.299000,0.36767,10.00
0.097590,5.526004,-0.410981,0.36807,10.00
0.097600,5.479318,-0.500000,0.36883,10.00
0.097610,5.431013,-0.500000,0.36987,10.00
0.097620,5.382926,-0.500000,0.37104,10.00
0.097630,5.335058,-0.500000,0.37235,10.00
0.097640,5.287407,-0.500000,0.37378,10.00
0.097650,5.240312,-0.500000,0.37535,10.00
0.097660,5.194787,-0.500000,0.37696,10.00
0.097670,5.149469,-0.500000,0.37870,10.00
0.097680,5.104356,-0.500000,0.38057,10.00
0.097690,5.059448,-0.500000,0.38255,10.00
0.097700,5.014473,-0.500000,0.38467,10.00
0.097710,4.968621,-0.500000,0.38697,10.00
0.097720,4.922977,-0.500000,0.38941,10.00
0.097730,4.877540,-0.500000,0.39197,10.00
0.097740,4.832310,-0.500000,0.39465,10.00
0.097750,4.787207,-0.500000,0.39746,10.00
0.097760,4.742097,-0.495351,0.40041,10.00
0.097770,4.697622,-0.482631,0.40347,10.00
0.097780,4.654146,-0.461846,0.40662,10.00
0.097790,4.612028,-0.433062,0.40983,10.00
0.097800,4.571564,-0.396408,0.41308,10.00
0.097810,4.532924,-0.352046,0.41636,10.00
0.097820,4.496677,-0.300206,0.41965,10.00
0.097830,4.463143,-0.241199,0.42290,10.00
0.097840,4.432625,-0.175392,0.42611,10.00
0.097850,4.405655,-0.103211,0.42924,10.00
0.097860,4.383231,-0.025253,0.43221,10.00
0.097870,4.364589,0.057873,0.43505,10.00
0.097880,4.349930,0.145590,0.43775,10.00
0.097890,4.339428,0.237281,0.44028,10.00
0.097900,4.333307,0.332290,0.44263,10.00
0.097910,4.331918,0.429890,0.44474,10.00
0.097920,4.335016,0.529338,0.44663,10.00
0.097930,4.342646,0.629893,0.44828,10.00
0.097940,4.354815,0.730798,0.44968,10.00
0.097950,4.371372,0.831283,0.45081,10.00
0.097960,4.391880,0.930636,0.45169,10.00
0.097970,4.416755,1.028121,0.45228,10.00
0.097980,4.445870,1.122969,0.45259,10.00
0.097990,4.479068,1.214420,0.45259,10.00
0.098000,4.516056,1.301734,0.45229,10.00
0.098010,4.556317,1.384237,0.45172,10.00
0.098020,4.599992,1.461272,0.45085,10.00
0.098030,4.646800,1.532179,0.44968,10.00
0.098040,4.696432,1.596342,0.44823,10.00
0.098050,4.748632,1.653186,0.44649,10.00
0.098060,4.803286,1.702147,0.44447,10.00
0.098070,4.859687,1.742725,0.44219,10.00
0.098080,4.917435,1.774507,0.43967,10.00
0.098090,4.976115,1.797141,0.43692,10.00
0.098100,5.035422,1.810340,0.43396,10.00
0.098110,5.095285,1.813826,0.43079,10.00
0.098120,5.154765,1.807412,0.42745,10.00
0.098130,5.213413,1.791024,0.42397,10.00
0.098140,5.270779,1.764662,0.42038,10.00
0.098150,5.326342,1.728404,0.41670,10.00
0.098160,5.379431,1.682440,0.41298,10.00
0.098170,5.429936,1.627026,0.40923,10.00
0.098180,5.477447,1.562466,0.40547,10.00
0.098190,5.521573,1.489139,0.40175,10.00
0.098200,5.562195,1.407494,0.39807,10.00
0.098210,5.599720,1.317929,0.39442,10.00
0.098220,5.632805,1.220945,0.39088,10.00
0.098230,5.661154,1.117188,0.38748,10.00
0.098240,5.684498,1.007366,0.38425,10.00
0.098250,5.702450,0.892238,0.38122,10.00
0.098260,5.714350,0.772691,0.37844,10.00
0.098270,5.720673,0.649630,0.37592,10.00
0.098280,5.721309,0.523948,0.37367,10.00
0.098290,5.716190,0.396570,0.37171,10.00
0.098300,5.705137,0.268442,0.37006,10.00
0.098310,5.687706,0.140606,0.36877,10.00
0.098320,5.664586,0.014087,0.36784,10.00
0.098330,5.635891,-0.110138,0.36726,10.00
0.098340,5.601774,-0.231094,0.36704,10.00
0.098350,5.562482,-0.347823,0.36720,10.00
0.098360,5.518394,-0.459407,0.36772,10.00
0.098370,5.470832,-0.500000,0.36858,10.00
0.098380,5.423315,-0.500000,0.36960,10.00
0.098390,5.376013,-0.500000,0.37076,10.00
0.098400,5.328699,-0.500000,0.37204,10.00
0.098410,5.280695,-0.500000,0.37352,10.00
0.098420,5.232909,-0.500000,0.37512,10.00
0.098430,5.185340,-0.500000,0.37686,10.00
0.098440,5.137986,-0.500000,0.37873,10.00
0.098450,5.090969,-0.500000,0.38073,10.00
0.098460,5.044648,-0.500000,0.38283,10.00
0.098470,4.998538,-0.500000,0.38506,10.00
0.098480,4.952637,-0.500000,0.38742,10.00
0.098490,4.906945,-0.500000,0.38990,10.00
0.098500,4.861627,-0.500000,0.39251,10.00
0.098510,4.817185,-0.500000,0.39521,10.00
0.098520,4.772949,-0.499535,0.39802,10.00
0.098530,4.729083,-0.492855,0.40095,10.00
0.098540,4.685934,-0.478272,0.40399,10.00
0.098550,4.643917,-0.455808,0.40709,10.00
0.098560,4.603560,-0.425573,0.41025,10.00
0.098570,4.564965,-0.387730,0.41343,10.00
0.098580,4.528465,-0.342480,0.41663,10.00
0.098590,4.494380,-0.290084,0.41981,10.00
0.098600,4.463115,-0.230861,0.42296,10.00
0.098610,4.435262,-0.165234,0.42603,10.00
0.098620,4.410676,-0.093665,0.42902,10.00
0.098630,4.389599,-0.016632,0.43190,10.00
0.098640,4.372250,0.065338,0.43466,10.00
0.098650,4.358546,0.151676,0.43727,10.00
0.098660,4.347839,0.241902,0.43979,10.00
0.098670,4.341367,0.335462,0.44212,10.00
0.098680,4.339244,0.431676,0.44425,10.00
0.098690,4.341552,0.529839,0.44616,10.00
0.098700,4.348658,0.629222,0.44783,10.00
0.098710,4.361524,0.728924,0.44918,10.00
0.098720,4.378844,0.828081,0.45025,10.00
0.098730,4.400551,0.925927,0.45105,10.00
0.098740,4.426546,1.021695,0.45156,10.00
0.098750,4.456279,1.114626,0.45178,10.00
0.098760,4.488353,1.204173,0.45181,10.00
0.098770,4.524237,1.289742,0.45154,10.00
0.098780,4.563717,1.370630,0.45098,10.00
0.098790,4.606544,1.446159,0.45013,10.00
0.098800,4.652607,1.515686,0.44899,10.00
0.098810,4.702097,1.578523,0.44753,10.00
0.098820,4.754015,1.634054,0.44579,10.00
0.098830,4.808007,1.681763,0.44378,10.00
0.098840,4.863694,1.721189,0.44152,10.00
0.098850,4.920955,1.751927,0.43902,10.00
0.098860,4.980193,1.773502,0.43623,10.00
0.098870,5.039883,1.785546,0.43324,10.00
0.098880,5.099583,1.787850,0.43006,10.00
0.098890,5.158849,1.780273,0.42672,10.00
0.098900,5.217004,1.762751,0.42325,10.00
0.098910,5.272929,1.735402,0.41972,10.00
0.098920,5.327096,1.698387,0.41611,10.00
0.098930,5.379078,1.651867,0.41244,10.00
0.098940,5.428459,1.596078,0.40874,10.00
0.098950,5.474803,1.531330,0.40505,10.00
0.098960,5.517616,1.458024,0.40140,10.00
0.098970,5.556686,1.376623,0.39781,10.00
0.098980,5.591678,1.287648,0.39430,10.00
0.098990,5.622281,1.191681,0.39091,10.00
0.099000,5.648125,1.089367,0.38767,10.00
0.099010,5.668694,0.981450,0.38462,10.00
0.099020,5.684139,0.868711,0.38177,10.00
0.099030,5.694286,0.751949,0.37914,10.00
0.099040,5.698999,0.632002,0.37676,10.00
0.099050,5.698363,0.509744,0.37465,10.00
0.099060,5.692857,0.385989,0.37278,10.00
0.099070,5.681741,0.261602,0.37121,10.00
0.099080,5.665036,0.137520,0.36997,10.00
0.099090,5.642808,0.014692,0.36905,10.00
0.099100,5.615160,-0.105934,0.36849,10.00
0.099110,5.582232,-0.223411,0.36827,10.00
0.099120,5.544230,-0.336808,0.36842,10.00
0.099130,5.501388,-0.445212,0.36893,10.00
0.099140,5.454734,-0.500000,0.36980,10.00
0.099150,5.407803,-0.500000,0.37083,10.00
0.099160,5.360829,-0.500000,0.37202,10.00
0.099170,5.314069,-0.500000,0.37333,10.00
0.099180,5.267521,-0.500000,0.37477,10.00
0.099190,5.221184,-0.500000,0.37635,10.00
0.099200,5.174942,-0.500000,0.37805,10.00
0.099210,5.128450,-0.500000,0.37990,10.00
0.099220,5.082170,-0.500000,0.38189,10.00
0.099230,5.036100,-0.500000,0.38400,10.00
0.099240,4.990238,-0.500000,0.38625,10.00
0.099250,4.944517,-0.500000,0.38862,10.00
0.099260,4.898730,-0.500000,0.39113,10.00
0.099270,4.853151,-0.500000,0.39377,10.00
0.099280,4.807779,-0.500000,0.39653,10.00
0.099290,4.762640,-0.498177,0.39942,10.00
0.099300,4.718263,-0.488712,0.40243,10.00
0.099310,4.675823,-0.471333,0.40546,10.00
0.099320,4.634577,-0.446171,0.40856,10.00
0.099330,4.594870,-0.413331,0.41170,10.00
0.099340,4.557038,-0.372974,0.41487,10.00
0.099350,4.521243,-0.325323,0.41805,10.00
0.099360,4.487304,-0.270579,0.42125,10.00
0.099370,4.456190,-0.209024,0.42441,10.00
0.099380,4.428187,-0.141051,0.42751,10.00
0.099390,4.403559,-0.067104,0.43052,10.00
0.099400,4.382533,0.012320,0.43343,10.00
0.099410,4.365282,0.096685,0.43620,10.00
0.099420,4.352058,0.185407,0.43883,10.00
0.099430,4.343023,0.277859,0.44128,10.00
0.099440,4.338310,0.373377,0.44353,10.00
0.099450,4.338102,0.471265,0.44558,10.00
0.099460,4.342716,0.570762,0.44737,10.00
0.099470,4.351848,0.671096,0.44892,10.00
0.099480,4.365496,0.771511,0.45022,10.00
0.099490,4.383622,0.871236,0.45124,10.00
0.099500,4.406088,0.969500,0.45198,10.00
0.099510,4.432594,1.065563,0.45245,10.00
0.099520,4.463260,1.158683,0.45262,10.00
0.099530,4.497914,1.248112,0.45250,10.00
0.099540,4.536351,1.333119,0.45207,10.00
0.099550,4.578185,1.412999,0.45135,10.00
0.099560,4.622708,1.487149,0.45037,10.00
0.099570,4.670224,1.554979,0.44910,10.00
0.099580,4.720416,1.615892,0.44754,10.00
0.099590,4.772942,1.669337,0.44571,10.00
0.099600,4.827575,1.714811,0.44362,10.00
0.099610,4.884341,1.751804,0.44125,10.00
0.099620,4.942285,1.779882,0.43864,10.00
0.099630,5.000991,1.798720,0.43581,10.00
0.099640,5.060026,1.808060,0.43279,10.00
0.099650,5.119065,1.807711,0.42959,10.00
0.099660,5.177995,1.797504,0.42621,10.00
0.099670,5.235924,1.777356,0.42269,10.00
0.099680,5.292405,1.747299,0.41908,10.00
0.099690,5.346999,1.707437,0.41538,10.00
0.099700,5.399238,1.657954,0.41164,10.00
0.099710,5.448597,1.599124,0.40789,10.00
0.099720,5.494816,1.531290,0.40414,10.00
0.099730,5.537512,1.454858,0.40043,10.00
0.099740,5.576323,1.370304,0.39679,10.00
0.099750,5.610780,1.278170,0.39325,10.00
0.099760,5.640176,1.179130,0.38986,10.00
0.099770,5.664774,1.073895,0.38663,10.00
0.099780,5.684333,0.963189,0.38358,10.00
0.099790,5.698650,0.847788,0.38074,10.00
0.099800,5.707384,0.728512,0.37814,10.00
0.099810,5.709887,0.606306,0.37583,10.00
0.099820,5.706776,0.482118,0.37380,10.00
0.099830,5.698013,0.356871,0.37207,10.00
0.099840,5.683600,0.231503,0.37066,10.00
0.099850,5.663705,0.106968,0.36957,10.00
0.099860,5.638782,-0.015838,0.36880,10.00
0.099870,5.608468,-0.135998,0.36838,10.00
0.099880,5.572935,-0.252567,0.36833,10.00
0.099890,5.532393,-0.364613,0.36863,10.00
0.099900,5.487358,-0.471231,0.36931,10.00
0.099910,5.440427,-0.500000,0.37024,10.00
0.099920,5.393635,-0.500000,0.37131,10.00
0.099930,5.347056,-0.500000,0.37252,10.00
0.099940,5.300687,-0.500000,0.37385,10.00
0.099950,5.254430,-0.500000,0.37532,10.00
0.099960,5.207983,-0.500000,0.37693,10.00
0.099970,5.161748,-0.500000,0.37868,10.00
0.099980,5.115722,-0.500000,0.38055,10.00
0.099990,5.069906,-0.500000,0.38255,10.00
0.100000,5.024250,-0.500000,0.38468,10.00
0.100010,4.978613,-0.500000,0.38695,10.00
0.100020,4.933184,-0.500000,0.38934,10.00
0.100030,4.887960,-0.500000,0.39186,10.00
0.100040,4.842942,-0.500000,0.39450,10.00
0.100050,4.798171,-0.500000,0.39727,10.00
0.100060,4.753835,-0.496760,0.40015,10.00
0.100070,4.710062,-0.485604,0.40313,10.00
0.100080,4.667210,-0.466527,0.40621,10.00
0.100090,4.625632,-0.439584,0.40935,10.00
0.100100,4.585593,-0.404891,0.41254,10.00
0.100110,4.547182,-0.362583,0.41577,10.00
0.100120,4.511067,-0.312869,0.41900,10.00
0.100130,4.477567,-0.256044,0.42221,10.00
0.100140,4.446982,-0.192460,0.42538,10.00
0.100150,4.419920,-0.122524,0.42847,10.00
0.100160,4.397603,-0.046855,0.43139,10.00
0.100170,4.378962,0.033932,0.43419,10.00
0.100180,4.364198,0.119277,0.43685,10.00
0.100190,4.353483,0.208580,0.43935,10.00
0.100200,4.346241,0.301203,0.44166,10.00
0.100210,4.340444,0.396825,0.44397,10.00
0.100220,4.339083,0.494981,0.44606,10.00
0.100230,4.342233,0.594950,0.44793,10.00
0.100240,4.349937,0.695988,0.44956,10.00
0.100250,4.362831,0.797335,0.45092,10.00
0.100260,4.382760,0.897912,0.45186,10.00
0.100270,4.407118,0.996738,0.45251,10.00
0.100280,4.435782,1.093032,0.45287,10.00
0.100290,4.468599,1.186028,0.45292,10.00
0.100300,4.505363,1.274971,0.45267,10.00
0.100310,4.545807,1.359138,0.45212,10.00
0.100320,4.589740,1.437832,0.45127,10.00
0.100330,4.636879,1.510381,0.45012,10.00
0.100340,4.686914,1.576157,0.44867,10.00
0.100350,4.739360,1.634570,0.44694,10.00
0.100360,4.793420,1.685154,0.44498,10.00
0.100370,4.849306,1.727474,0.44275,10.00
0.100380,4.906624,1.761103,0.44029,10.00
0.100390,4.964962,1.785676,0.43759,10.00
0.100400,5.023873,1.800894,0.43468,10.00
0.100410,5.082855,1.806533,0.43159,10.00
0.100420,5.141561,1.802441,0.42833,10.00
0.100430,5.199548,1.788527,0.42493,10.00
0.100440,5.256372,1.764775,0.42140,10.00
0.100450,5.311796,1.731243,0.41779,10.00
0.100460,5.365991,1.687969,0.41406,10.00
0.100470,5.417714,1.635096,0.41028,10.00
0.100480,5.466549,1.572906,0.40650,10.00
0.100490,5.512095,1.501759,0.40273,10.00
0.100500,5.553612,1.422085,0.39901,10.00
0.100510,5.589670,1.334560,0.39546,10.00
0.100520,5.621396,1.239869,0.39202,10.00
0.100530,5.648501,1.138646,0.38872,10.00
0.100540,5.670729,1.031579,0.38559,10.00
0.100550,5.687786,0.919413,0.38265,10.00
0.100560,5.699274,0.802972,0.37994,10.00
0.100570,5.705330,0.683112,0.37748,10.00
0.100580,5.705848,0.560703,0.37528,10.00
0.100590,5.700761,0.436647,0.37336,10.00
0.100600,5.690293,0.311865,0.37175,10.00
0.100610,5.675195,0.187179,0.37040,10.00
0.100620,5.654531,0.063459,0.36937,10.00
0.100630,5.628397,-0.058343,0.36869,10.00
0.100640,5.596929,-0.177277,0.36836,10.00
0.100650,5.560315,-0.292404,0.36839,10.00
0.100660,5.518797,-0.402805,0.36879,10.00
0.100670,5.472676,-0.500000,0.36955,10.00
0.100680,5.425163,-0.500000,0.37057,10.00
0.100690,5.377864,-0.500000,0.37172,10.00
0.100700,5.330777,-0.500000,0.37300,10.00
0.100710,5.283892,-0.500000,0.37441,10.00
0.100720,5.237219,-0.500000,0.37595,10.00
0.100730,5.190757,-0.500000,0.37762,10.00
0.100740,5.144507,-0.500000,0.37941,10.00
0.100750,5.098571,-0.500000,0.38134,10.00
0.100760,5.053260,-0.500000,0.38337,10.00
0.100770,5.008155,-0.500000,0.38552,10.00
0.100780,4.963254,-0.500000,0.38779,10.00
0.100790,4.918557,-0.500000,0.39020,10.00
0.100800,4.873968,-0.500000,0.39272,10.00
0.100810,4.829202,-0.500000,0.39539,10.00
0.100820,4.784641,-0.499806,0.39819,10.00
0.100830,4.740416,-0.494092,0.40110,10.00
0.100840,4.696867,-0.480451,0.40412,10.00
0.100850,4.654311,-0.458897,0.40722,10.00
0.100860,4.612984,-0.429485,0.41039,10.00
0.100870,4.573391,-0.392337,0.41359,10.00
0.100880,4.535868,-0.347648,0.41682,10.00
0.100890,4.500743,-0.295673,0.42003,10.00
0.100900,4.468394,-0.236724,0.42322,10.00
0.100910,4.439313,-0.171205,0.42634,10.00
0.100920,4.413505,-0.099562,0.42937,10.00
0.100930,4.391220,-0.022271,0.43231,10.00
0.100940,4.372685,0.060142,0.43513,10.00
0.100950,4.358088,0.147106,0.43780,10.00
0.100960,4.347568,0.238014,0.44030,10.00
0.100970,4.341313,0.332220,0.44263,10.00
0.100980,4.339434,0.429042,0.44474,10.00
0.100990,4.342012,0.527768,0.44664,10.00
0.101000,4.349115,0.627665,0.44830,10.00
0.101010,4.360827,0.727970,0.44970,10.00
0.101020,4.377030,0.827912,0.45083,10.00
0.101030,4.397667,0.926721,0.45169,10.00
0.101040,4.422643,1.023625,0.45226,10.00
0.101050,4.451726,1.117859,0.45254,10.00
0.101060,4.484438,1.208721,0.45255,10.00
0.101070,4.521016,1.295507,0.45226,10.00
0.101080,4.561237,1.377503,0.45168,10.00
0.101090,4.604850,1.454022,0.45079,10.00
0.101100,4.651765,1.524412,0.44962,10.00
0.101110,4.702250,1.587964,0.44810,10.00
0.101120,4.755187,1.644045,0.44631,10.00
0.101130,4.810213,1.692134,0.44425,10.00
0.101140,4.866942,1.731763,0.44193,10.00
0.101150,4.924789,1.762526,0.43937,10.00
0.101160,4.982794,1.784165,0.43663,10.00
0.101170,5.041264,1.796459,0.43369,10.00
0.101180,5.099766,1.799200,0.43057,10.00
0.101190,5.157864,1.792247,0.42729,10.00
0.101200,5.215158,1.775534,0.42388,10.00
0.101210,5.271332,1.749045,0.42034,10.00
0.101220,5.325783,1.712849,0.41672,10.00
0.101230,5.378085,1.667101,0.41304,10.00
0.101240,5.427819,1.612031,0.40933,10.00
0.101250,5.474675,1.547943,0.40562,10.00
0.101260,5.518544,1.475168,0.40192,10.00
0.101270,5.558685,1.394123,0.39826,10.00
0.101280,5.594754,1.305323,0.39470,10.00
0.101290,5.626433,1.209347,0.39125,10.00
0.101300,5.653457,1.106838,0.38794,10.00
0.101310,5.675647,0.998484,0.38479,10.00
0.101320,5.692677,0.885028,0.38184,10.00
0.101330,5.704362,0.767271,0.37910,10.00
0.101340,5.710555,0.646057,0.37662,10.00
0.101350,5.711088,0.522264,0.37440,10.00
0.101360,5.705726,0.396831,0.37248,10.00
0.101370,5.694674,0.270710,0.37087,10.00
0.101380,5.677954,0.144852,0.36958,10.00
0.101390,5.655629,0.020217,0.36864,10.00
0.101400,5.627722,-0.102232,0.36804,10.00
0.101410,5.594131,-0.221496,0.36782,10.00
0.101420,5.555391,-0.336602,0.36797,10.00
0.101430,5.511740,-0.446625,0.36849,10.00
0.101440,5.464280,-0.500000,0.36936,10.00
0.101450,5.416802,-0.500000,0.37041,10.00
0.101460,5.370166,-0.500000,0.37155,10.00
0.101470,5.323742,-0.500000,0.37282,10.00
0.101480,5.277529,-0.500000,0.37422,10.00
0.101490,5.231525,-0.500000,0.37574,10.00
0.101500,5.185430,-0.500000,0.37739,10.00
0.101510,5.138348,-0.500000,0.37925,10.00
0.101520,5.091480,-0.500000,0.38124,10.00
0.101530,5.044824,-0.500000,0.38335,10.00
0.101540,4.998380,-0.500000,0.38560,10.00
0.101550,4.952139,-0.500000,0.38797,10.00
0.101560,4.906074,-0.500000,0.39048,10.00
0.101570,4.860218,-0.500000,0.39311,10.00
0.101580,4.814571,-0.500000,0.39587,10.00
0.101590,4.769142,-0.499050,0.39875,10.00
0.101600,4.724066,-0.491023,0.40175,10.00
0.101610,4.679485,-0.474869,0.40487,10.00
0.101620,4.636060,-0.450594,0.40807,10.00
0.101630,4.594152,-0.418293,0.41133,10.00
0.101640,4.554116,-0.378118,0.41462,10.00
0.101650,4.516777,-0.330286,0.41791,10.00
0.101660,4.483908,-0.275309,0.42107,10.00
0.101670,4.453866,-0.213681,0.42419,10.00
0.101680,4.426927,-0.145797,0.42724,10.00
0.101690,4.403351,-0.072105,0.43020,10.00
0.101700,4.383274,0.006901,0.43305,10.00
0.101710,4.366619,0.090722,0.43580,10.00
0.101720,4.353961,0.178806,0.43839,10.00
0.101730,4.345459,0.270528,0.44080,10.00
0.101740,4.341240,0.365228,0.44303,10.00
0.101750,4.341269,0.462215,0.44504,10.00
0.101760,4.345216,0.560838,0.44686,10.00
0.101770,4.353647,0.660404,0.44844,10.00
0.101780,4.366567,0.760160,0.44976,10.00
0.101790,4.383940,0.859344,0.45082,10.00
0.101800,4.405474,0.957190,0.45160,10.00
0.101810,4.430388,1.053041,0.45215,10.00
0.101820,4.459467,1.146212,0.45241,10.00
0.101830,4.492551,1.235958,0.45238,10.00
0.101840,4.529446,1.321549,0.45205,10.00
0.101850,4.570222,1.402278,0.45142,10.00
0.101860,4.615503,1.477326,0.45043,10.00
0.101870,4.663810,1.545952,0.44914,10.00
0.101880,4.714823,1.607551,0.44756,10.00
0.101890,4.768194,1.661566,0.44571,10.00
0.101900,4.823447,1.707489,0.44359,10.00
0.101910,4.879872,1.744921,0.44124,10.00
0.101920,4.937500,1.773505,0.43866,10.00
0.101930,4.995914,1.792913,0.43586,10.00
0.101940,5.054687,1.802883,0.43287,10.00
0.101950,5.113236,1.803220,0.42970,10.00
0.101960,5.170679,1.793875,0.42641,10.00
0.101970,5.227174,1.774846,0.42299,10.00
0.101980,5.282286,1.746158,0.41947,10.00
0.101990,5.335585,1.707910,0.41588,10.00
0.102000,5.386839,1.660274,0.41223,10.00
0.102010,5.436198,1.603405,0.40852,10.00
0.102020,5.482508,1.537563,0.40480,10.00
0.102030,5.525384,1.463136,0.40112,10.00
0.102040,5.564466,1.380586,0.39751,10.00
0.102050,5.599633,1.290441,0.39398,10.00
0.102060,5.631221,1.193187,0.39052,10.00
0.102070,5.658072,1.089407,0.38720,10.00
0.102080,5.679932,0.979811,0.38405,10.00
0.102090,5.696580,0.865160,0.38111,10.00
0.102100,5.707629,0.746265,0.37839,10.00
0.102110,5.712333,0.624076,0.37596,10.00
0.102120,5.711405,0.499546,0.37382,10.00
0.102130,5.704788,0.373596,0.37196,10.00
0.102140,5.692470,0.247164,0.37042,10.00
0.102150,5.674119,0.121207,0.36921,10.00
0.102160,5.648730,-0.003136,0.36843,10.00
0.102170,5.617885,-0.124784,0.36801,10.00
0.102180,5.581756,-0.242776,0.36795,10.00
0.102190,5.540559,-0.356173,0.36826,10.00
0.102200,5.495197,-0.464054,0.36895,10.00
0.102210,5.449188,-0.500000,0.36980,10.00
0.102220,5.403252,-0.500000,0.37081,10.00
0.102230,5.357524,-0.500000,0.37194,10.00
0.102240,5.312003,-0.500000,0.37320,10.00
0.102250,5.266612,-0.500000,0.37459,10.00
0.102260,5.221116,-0.500000,0.37612,10.00
0.102270,5.175827,-0.500000,0.37778,10.00
0.102280,5.130743,-0.500000,0.37956,10.00
0.102290,5.085864,-0.500000,0.38147,10.00
0.102300,5.040953,-0.500000,0.38350,10.00
0.102310,4.995311,-0.500000,0.38572,10.00
0.102320,4.949875,-0.500000,0.38806,10.00
0.102330,4.904646,-0.500000,0.39053,10.00
0.102340,4.859622,-0.500000,0.39312,10.00
0.102350,4.814809,-0.500000,0.39584,10.00
0.102360,4.770235,-0.499116,0.39868,10.00
0.102370,4.726076,-0.491351,0.40164,10.00
0.102380,4.682686,-0.475634,0.40469,10.00
0.102390,4.640423,-0.451995,0.40782,10.00
0.102400,4.599595,-0.420524,0.41100,10.00
0.102410,4.560423,-0.381350,0.41423,10.00
0.102420,4.523411,-0.334673,0.41747,10.00
0.102430,4.488883,-0.280761,0.42069,10.00
0.102440,4.457147,-0.219944,0.42388,10.00
0.102450,4.428647,-0.152607,0.42701,10.00
0.102460,4.404107,-0.079264,0.43001,10.00
0.102470,4.383157,-0.000454,0.43291,10.00
0.102480,4.366014,0.083282,0.43568,10.00
0.102490,4.352868,0.171361,0.43829,10.00
0.102500,4.343966,0.263159,0.44074,10.00
0.102510,4.339685,0.357977,0.44297,10.00
0.102520,4.339790,0.455097,0.44499,10.00
0.102530,4.344348,0.553803,0.44678,10.00
0.102540,4.353389,0.653356,0.44833,10.00
0.102550,4.366624,0.753004,0.44963,10.00
0.102560,4.383160,0.852122,0.45073,10.00
0.102570,4.404089,0.950038,0.45155,10.00
0.102580,4.429314,1.045988,0.45209,10.00
0.102590,4.458707,1.139212,0.45234,10.00
0.102600,4.492104,1.228962,0.45229,10.00
0.102610,4.529305,1.314509,0.45195,10.00
0.102620,4.570089,1.395147,0.45131,10.00
0.102630,4.614195,1.470198,0.45037,10.00
0.102640,4.661340,1.539018,0.44915,10.00
0.102650,4.711217,1.601004,0.44764,10.00
0.102660,4.763513,1.655594,0.44585,10.00
0.102670,4.817834,1.702276,0.44380,10.00
0.102680,4.873801,1.740594,0.44149,10.00
0.102690,4.931015,1.770153,0.43895,10.00
0.102700,4.989243,1.790617,0.43619,10.00
0.102710,5.048595,1.801630,0.43319,10.00
0.102720,5.107912,1.802933,0.43001,10.00
0.102730,5.166752,1.794394,0.42666,10.00
0.102740,5.224669,1.775957,0.42319,10.00
0.102750,5.281201,1.747639,0.41960,10.00
0.102760,5.335865,1.709540,0.41594,10.00
0.102770,5.388289,1.661834,0.41222,10.00
0.102780,5.438056,1.604766,0.40848,10.00
0.102790,5.484759,1.538653,0.40474,10.00
0.102800,5.527876,1.463887,0.40104,10.00
0.102810,5.566634,1.380997,0.39743,10.00
0.102820,5.601247,1.290559,0.39391,10.00
0.102830,5.631408,1.193166,0.39052,10.00
0.102840,5.656839,1.089476,0.38727,10.00
0.102850,5.677307,0.980198,0.38420,10.00
0.102860,5.692639,0.866091,0.38133,10.00
0.102870,5.702611,0.747958,0.37869,10.00
0.102880,5.707089,0.626650,0.37629,10.00
0.102890,5.705976,0.503049,0.37417,10.00
0.102900,5.699424,0.378069,0.37234,10.00
0.102910,5.688032,0.252544,0.37077,10.00
0.102920,5.671002,0.127354,0.36952,10.00
0.102930,5.648401,0.003457,0.36861,10.00
0.102940,5.620339,-0.118190,0.36804,10.00
0.102950,5.586890,-0.236635,0.36784,10.00
0.102960,5.548018,-0.350900,0.36801,10.00
0.102970,5.504274,-0.460040,0.36856,10.00
0.102980,5.457128,-0.500000,0.36945,10.00
0.102990,5.410024,-0.500000,0.37049,10.00
0.103000,5.363058,-0.500000,0.37166,10.00
0.103010,5.315998,-0.500000,0.37298,10.00
0.103020,5.269151,-0.500000,0.37444,10.00
0.103030,5.222517,-0.500000,0.37602,10.00
0.103040,5.176094,-0.500000,0.37773,10.00
0.103050,5.129898,-0.500000,0.37957,10.00
0.103060,5.083972,-0.500000,0.38153,10.00
0.103070,5.038255,-0.500000,0.38362,10.00
0.103080,4.992745,-0.500000,0.38584,10.00
0.103090,4.947442,-0.500000,0.38819,10.00
0.103100,4.902330,-0.500000,0.39065,10.00
0.103110,4.857369,-0.500000,0.39325,10.00
0.103120,4.812612,-0.500000,0.39597,10.00
0.103130,4.768072,-0.498919,0.39882,10.00
0.103140,4.723962,-0.490772,0.40178,10.00
0.103150,4.680724,-0.474677,0.40483,10.00
0.103160,4.638972,-0.450708,0.40794,10.00
0.103170,4.598709,-0.418985,0.41110,10.00
0.103180,4.560276,-0.379662,0.41430,10.00
0.103190,4.524003,-0.332954,0.41750,10.00
0.103200,4.489886,-0.279131,0.42068,10.00
0.103210,4.457267,-0.218368,0.42391,10.00
0.103220,4.427736,-0.150944,0.42708,10.00
0.103230,4.401570,-0.077298,0.43018,10.00
0.103240,4.379021,0.002080,0.43316,10.00
0.103250,4.360303,0.086649,0.43602,10.00
0.103260,4.345567,0.175831,0.43874,10.00
0.103270,4.335055,0.269003,0.44129,10.00
0.103280,4.328911,0.365499,0.44364,10.00
0.103290,4.327247,0.464619,0.44578,10.00
0.103300,4.330377,0.565635,0.44770,10.00
0.103310,4.339044,0.667682,0.44931,10.00
0.103320,4.352309,0.769916,0.45066,10.00
0.103330,4.370140,0.871554,0.45174,10.00
0.103340,4.392466,0.971812,0.45253,10.00
0.103350,4.419274,1.069903,0.45303,10.00
0.103360,4.450690,1.165006,0.45321,10.00
0.103370,4.486180,1.256328,0.45308,10.00
0.103380,4.525530,1.343122,0.45265,10.00
0.103390,4.568500,1.424668,0.45191,10.00
0.103400,4.614655,1.500278,0.45086,10.00
0.103410,4.663211,1.569377,0.44956,10.00
0.103420,4.714492,1.631408,0.44797,10.00
0.103430,4.768149,1.685810,0.44610,10.00
0.103440,4.823811,1.732071,0.44397,10.00
0.103450,4.881115,1.769738,0.44158,10.00
0.103460,4.939737,1.798402,0.43895,10.00
0.103470,4.999141,1.817722,0.43609,10.00
0.103480,5.058890,1.827436,0.43304,10.00
0.103490,5.118543,1.827349,0.42980,10.00
0.103500,5.177668,1.817341,0.42641,10.00
0.103510,5.235865,1.797356,0.42289,10.00
0.103520,5.292620,1.767417,0.41926,10.00
0.103530,5.347490,1.727629,0.41555,10.00
0.103540,5.400042,1.678172,0.41179,10.00
0.103550,5.450228,1.619305,0.40801,10.00
0.103560,5.498758,1.551176,0.40414,10.00
0.103570,5.543729,1.474070,0.40031,10.00
0.103580,5.584765,1.388462,0.39653,10.00
0.103590,5.621512,1.294899,0.39285,10.00
0.103600,5.653345,1.193994,0.38929,10.00
0.103610,5.679077,1.086570,0.38596,10.00
0.103620,5.699662,0.973461,0.38282,10.00
0.103630,5.714884,0.855458,0.37988,10.00
0.103640,5.724570,0.733398,0.37719,10.00
0.103650,5.728607,0.608159,0.37475,10.00
0.103660,5.726968,0.480646,0.37259,10.00
0.103670,5.719510,0.351792,0.37073,10.00
0.103680,5.706227,0.222561,0.36919,10.00
0.103690,5.687153,0.093931,0.36799,10.00
0.103700,5.662325,-0.033112,0.36714,10.00
0.103710,5.631738,-0.157561,0.36666,10.00
0.103720,5.595738,-0.278425,0.36656,10.00
0.103730,5.554538,-0.394741,0.36683,10.00
0.103740,5.508444,-0.500000,0.36747,10.00
0.103750,5.460723,-0.500000,0.36839,10.00
0.103760,5.413018,-0.500000,0.36945,10.00
0.103770,5.365530,-0.500000,0.37065,10.00
0.103780,5.318257,-0.500000,0.37198,10.00
0.103790,5.271199,-0.500000,0.37343,10.00
0.103800,5.224257,-0.500000,0.37502,10.00
0.103810,5.177138,-0.500000,0.37676,10.00
0.103820,5.130233,-0.500000,0.37863,10.00
0.103830,5.083541,-0.500000,0.38064,10.00
0.103840,5.037061,-0.500000,0.38277,10.00
0.103850,4.990966,-0.500000,0.38503,10.00
0.103860,4.945779,-0.500000,0.38737,10.00
0.103870,4.900796,-0.500000,0.38984,10.00
0.103880,4.856018,-0.500000,0.39243,10.00
0.103890,4.811443,-0.500000,0.39515,10.00
0.103900,4.767121,-0.499320,0.39799,10.00
0.103910,4.723367,-0.492100,0.40093,10.00
0.103920,4.680354,-0.476978,0.40397,10.00
0.103930,4.638438,-0.453981,0.40709,10.00
0.103940,4.597967,-0.423195,0.41026,10.00
0.103950,4.559384,-0.384766,0.41347,10.00
0.103960,4.523316,-0.338948,0.41666,10.00
0.103970,4.489684,-0.286040,0.41984,10.00
0.103980,4.458792,-0.226364,0.42298,10.00
0.103990,4.430922,-0.160299,0.42606,10.00
0.104000,4.405975,-0.088277,0.42906,10.00
0.104010,4.383102,-0.010602,0.43205,10.00
0.104020,4.364001,0.072314,0.43492,10.00
0.104030,4.348879,0.159898,0.43765,10.00
0.104040,4.337912,0.251534,0.44020,10.00
0.104050,4.331384,0.346569,0.44258,10.00
0.104060,4.329815,0.444248,0.44471,10.00
0.104070,4.332740,0.543810,0.44661,10.00
0.104080,4.340202,0.644514,0.44828,10.00
0.104090,4.352213,0.745603,0.44969,10.00
0.104100,4.368850,0.846305,0.45083,10.00
0.104110,4.390357,0.945796,0.45167,10.00
0.104120,4.416228,1.043264,0.45222,10.00
0.104130,4.446331,1.137939,0.45247,10.00
0.104140,4.480499,1.229060,0.45243,10.00
0.104150,4.518672,1.315886,0.45208,10.00
0.104160,4.561039,1.397631,0.45139,10.00
0.104170,4.606766,1.473561,0.45040,10.00
0.104180,4.655556,1.543021,0.44911,10.00
0.104190,4.707086,1.605402,0.44753,10.00
0.104200,4.760720,1.660137,0.44567,10.00
0.104210,4.815230,1.706852,0.44362,10.00
0.104220,4.871386,1.745183,0.44131,10.00
0.104230,4.928789,1.774731,0.43877,10.00
0.104240,4.987024,1.795164,0.43601,10.00
0.104250,5.045692,1.806210,0.43305,10.00
0.104260,5.104428,1.807657,0.42990,10.00
0.104270,5.162699,1.799367,0.42660,10.00
0.104280,5.220063,1.781282,0.42316,10.00
0.104290,5.276079,1.753417,0.41962,10.00
0.104300,5.330402,1.715864,0.41599,10.00
0.104310,5.382873,1.668744,0.41229,10.00
0.104320,5.432713,1.612269,0.40856,10.00
0.104330,5.479516,1.546752,0.40483,10.00
0.104340,5.522897,1.472581,0.40114,10.00
0.104350,5.562406,1.390213,0.39750,10.00
0.104360,5.597450,1.300215,0.39398,10.00
0.104370,5.628059,1.203204,0.39057,10.00
0.104380,5.653952,1.099832,0.38731,10.00
0.104390,5.674881,0.990809,0.38422,10.00
0.104400,5.690748,0.876892,0.38134,10.00
0.104410,5.701722,0.758834,0.37865,10.00
0.104420,5.707196,0.637442,0.37621,10.00
0.104430,5.707067,0.513601,0.37404,10.00
0.104440,5.701275,0.388220,0.37215,10.00
0.104450,5.689736,0.262236,0.37058,10.00
0.104460,5.672283,0.136629,0.36934,10.00
0.104470,5.649244,0.012381,0.36845,10.00
0.104480,5.620731,-0.109548,0.36791,10.00
0.104490,5.586901,-0.228202,0.36772,10.00
0.104500,5.547707,-0.342639,0.36791,10.00
0.104510,5.502657,-0.451818,0.36852,10.00
0.104520,5.453969,-0.500000,0.36948,10.00
0.104530,5.405199,-0.500000,0.37062,10.00
0.104540,5.356651,-0.500000,0.37189,10.00
0.104550,5.308527,-0.500000,0.37330,10.00
0.104560,5.261432,-0.500000,0.37479,10.00
0.104570,5.214551,-0.500000,0.37641,10.00
0.104580,5.167883,-0.500000,0.37816,10.00
0.104590,5.121426,-0.500000,0.38003,10.00
0.104600,5.075428,-0.500000,0.38204,10.00
0.104610,5.030630,-0.500000,0.38411,10.00
0.104620,4.986035,-0.500000,0.38630,10.00
0.104630,4.941643,-0.500000,0.38862,10.00
0.104640,4.897452,-0.500000,0.39106,10.00
0.104650,4.853367,-0.500000,0.39362,10.00
0.104660,4.809108,-0.500000,0.39633,10.00
0.104670,4.765071,-0.498480,0.39916,10.00
0.104680,4.721493,-0.489663,0.40210,10.00
0.104690,4.678727,-0.472979,0.40513,10.00
0.104700,4.637186,-0.448465,0.40824,10.00
0.104710,4.597396,-0.416248,0.41138,10.00
0.104720,4.559454,-0.376507,0.41456,10.00
0.104730,4.523688,-0.329458,0.41773,10.00
0.104740,4.490411,-0.275377,0.42089,10.00
0.104750,4.459883,-0.214597,0.42401,10.00
0.104760,4.432264,-0.147486,0.42708,10.00
0.104770,4.407979,-0.074470,0.43006,10.00
0.104780,4.387266,0.003959,0.43293,10.00
0.104790,4.370340,0.087266,0.43568,10.00
0.104800,4.357269,0.174868,0.43827,10.00
0.104810,4.347848,0.266206,0.44072,10.00
0.104820,4.342701,0.360662,0.44299,10.00
0.104830,4.341932,0.457550,0.44505,10.00
0.104840,4.345612,0.556156,0.44688,10.00
0.104850,4.353793,0.655746,0.44847,10.00
0.104860,4.366519,0.755562,0.44980,10.00
0.104870,4.383704,0.854836,0.45087,10.00
0.104880,4.405283,0.952802,0.45166,10.00
0.104890,4.431155,1.048692,0.45216,10.00
0.104900,4.461327,1.141748,0.45237,10.00
0.104910,4.496050,1.231153,0.45225,10.00
0.104920,4.534554,1.316132,0.45183,10.00
0.104930,4.576602,1.395980,0.45110,10.00
0.104940,4.621926,1.470022,0.45009,10.00
0.104950,4.670060,1.537621,0.44878,10.00
0.104960,4.720171,1.598261,0.44723,10.00
0.104970,4.772605,1.651448,0.44540,10.00
0.104980,4.827000,1.696684,0.44332,10.00
0.104990,4.882973,1.733523,0.44099,10.00
0.105000,4.939870,1.761580,0.43842,10.00
0.105010,4.996516,1.780656,0.43571,10.00
0.105020,5.053522,1.790574,0.43280,10.00
0.105030,5.110465,1.791147,0.42972,10.00
0.105040,5.166918,1.782253,0.42650,10.00
0.105050,5.222758,1.763843,0.42314,10.00
0.105060,5.278465,1.735790,0.41960,10.00
0.105070,5.332382,1.698092,0.41599,10.00
0.105080,5.384086,1.650915,0.41232,10.00
0.105090,5.433162,1.594500,0.40863,10.00
0.105100,5.479342,1.529164,0.40494,10.00
0.105110,5.522637,1.455229,0.40125,10.00
0.105120,5.562155,1.373111,0.39761,10.00
0.105130,5.597558,1.283332,0.39407,10.00
0.105140,5.628532,1.186481,0.39065,10.00
0.105150,5.654477,1.083209,0.38737,10.00
0.105160,5.674203,0.974375,0.38434,10.00
0.105170,5.688770,0.860841,0.38152,10.00
0.105180,5.698011,0.743413,0.37892,10.00
0.105190,5.701796,0.622936,0.37658,10.00
0.105200,5.700207,0.500290,0.37451,10.00
0.105210,5.693705,0.376298,0.37268,10.00
0.105220,5.681590,0.251831,0.37117,10.00
0.105230,5.663893,0.127830,0.36997,10.00
0.105240,5.640685,0.005244,0.36911,10.00
0.105250,5.612192,-0.114978,0.36860,10.00
0.105260,5.578906,-0.231947,0.36841,10.00
0.105270,5.540573,-0.344771,0.36859,10.00
0.105280,5.497429,-0.452540,0.36913,10.00
0.105290,5.450688,-0.500000,0.37001,10.00
0.105300,5.404027,-0.500000,0.37106,10.00
0.105310,5.358228,-0.500000,0.37219,10.00
0.105320,5.312637,-0.500000,0.37345,10.00
0.105330,5.267253,-0.500000,0.37484,10.00
0.105340,5.222074,-0.500000,0.37635,10.00
0.105350,5.176731,-0.500000,0.37799,10.00
0.105360,5.130118,-0.500000,0.37985,10.00
0.105370,5.083716,-0.500000,0.38184,10.00
0.105380,5.037525,-0.500000,0.38395,10.00
0.105390,4.991544,-0.500000,0.38620,10.00
0.105400,4.946121,-0.500000,0.38857,10.00
0.105410,4.902302,-0.500000,0.39098,10.00
0.105420,4.858682,-0.500000,0.39350,10.00
0.105430,4.815260,-0.500000,0.39615,10.00
0.105440,4.772046,-0.499039,0.39892,10.00
0.105450,4.729129,-0.491272,0.40180,10.00
0.105460,4.686512,-0.475725,0.40481,10.00
0.105470,4.645006,-0.452391,0.40789,10.00
0.105480,4.604957,-0.421359,0.41102,10.00
0.105490,4.566705,-0.382779,0.41418,10.00
0.105500,4.530367,-0.336859,0.41735,10.00
0.105510,4.495640,-0.283764,0.42057,10.00
0.105520,4.463669,-0.223750,0.42375,10.00
0.105530,4.434746,-0.157196,0.42687,10.00
0.105540,4.409142,-0.084534,0.42991,10.00
0.105550,4.387330,-0.006249,0.43285,10.00
0.105560,4.370206,0.077016,0.43560,10.00
0.105570,4.357057,0.164610,0.43821,10.00
0.105580,4.348046,0.255912,0.44064,10.00
0.105590,4.343303,0.350268,0.44288,10.00
0.105600,4.342736,0.446990,0.44492,10.00
0.105610,4.345833,0.545459,0.44678,10.00
0.105620,4.353415,0.645004,0.44840,10.00
0.105630,4.365492,0.744877,0.44976,10.00
0.105640,4.382036,0.844315,0.45087,10.00
0.105650,4.403229,0.942551,0.45169,10.00
0.105660,4.429700,1.038701,0.45217,10.00
0.105670,4.460336,1.131923,0.45236,10.00
0.105680,4.494965,1.221469,0.45224,10.00
0.105690,4.533383,1.306606,0.45183,10.00
0.105700,4.575084,1.386629,0.45111,10.00
0.105710,4.619005,1.460992,0.45017,10.00
0.105720,4.665933,1.529142,0.44894,10.00
0.105730,4.715558,1.590481,0.44743,10.00
0.105740,4.767542,1.644456,0.44564,10.00
0.105750,4.821537,1.690563,0.44360,10.00
0.105760,4.877200,1.728346,0.44130,10.00
0.105770,4.934089,1.757410,0.43876,10.00
0.105780,4.991793,1.777423,0.43601,10.00
0.105790,5.049890,1.788121,0.43307,10.00
0.105800,5.108100,1.789307,0.42994,10.00
0.105810,5.166436,1.780779,0.42662,10.00
0.105820,5.223853,1.762434,0.42317,10.00
0.105830,5.279910,1.734290,0.41962,10.00
0.105840,5.334171,1.696439,0.41598,10.00
0.105850,5.386205,1.649050,0.41229,10.00
0.105860,5.435584,1.592366,0.40857,10.00
0.105870,5.481921,1.526705,0.40486,10.00
0.105880,5.524834,1.452456,0.40118,10.00
0.105890,5.563960,1.370079,0.39756,10.00
0.105900,5.598737,1.280099,0.39403,10.00
0.105910,5.628188,1.183217,0.39068,10.00
0.105920,5.652939,1.080157,0.38748,10.00
0.105930,5.672750,0.971628,0.38446,10.00
0.105940,5.687415,0.858388,0.38164,10.00
0.105950,5.697044,0.741240,0.37904,10.00
0.105960,5.702331,0.620895,0.37662,10.00
0.105970,5.702065,0.498139,0.37447,10.00
0.105980,5.696186,0.373875,0.37261,10.00
0.105990,5.684676,0.249030,0.37105,10.00
0.106000,5.667316,0.124547,0.36982,10.00
0.106010,5.643446,0.001495,0.36898,10.00
0.106020,5.614165,-0.119094,0.36849,10.00
0.106030,5.579634,-0.236273,0.36837,10.00
0.106040,5.540059,-0.349109,0.36860,10.00
0.106050,5.496019,-0.456691,0.36921,10.00
0.106060,5.449844,-0.500000,0.37007,10.00
0.106070,5.403656,-0.500000,0.37108,10.00
0.106080,5.357679,-0.500000,0.37223,10.00
0.106090,5.311910,-0.500000,0.37350,10.00
0.106100,5.266248,-0.500000,0.37490,10.00
0.106110,5.220394,-0.500000,0.37645,10.00
0.106120,5.174747,-0.500000,0.37813,10.00
0.106130,5.129308,-0.500000,0.37993,10.00
0.106140,5.084075,-0.500000,0.38186,10.00
0.106150,5.038909,-0.500000,0.38392,10.00
0.106160,4.993395,-0.500000,0.38613,10.00
0.106170,4.948088,-0.500000,0.38848,10.00
0.106180,4.902986,-0.500000,0.39094,10.00
0.106190,4.858089,-0.500000,0.39353,10.00
0.106200,4.813590,-0.500000,0.39625,10.00
0.106210,4.770085,-0.498847,0.39904,10.00
0.106220,4.727008,-0.490719,0.40194,10.00
0.106230,4.684707,-0.474818,0.40494,10.00
0.106240,4.643530,-0.451177,0.40800,10.00
0.106250,4.603735,-0.419887,0.41112,10.00
0.106260,4.565399,-0.381059,0.41429,10.00
0.106270,4.529201,-0.334876,0.41747,10.00
0.106280,4.495456,-0.281604,0.42064,10.00
0.106290,4.464467,-0.221571,0.42377,10.00
0.106300,4.436412,-0.155156,0.42684,10.00
0.106310,4.411239,-0.082743,0.42985,10.00
0.106320,4.389619,-0.004782,0.43276,10.00
0.106330,4.371774,0.078196,0.43555,10.00
0.106340,4.357897,0.165614,0.43819,10.00
0.106350,4.348273,0.256855,0.44065,10.00
0.106360,4.343386,0.351209,0.44290,10.00
0.106370,4.342870,0.447952,0.44494,10.00
0.106380,4.346794,0.546370,0.44676,10.00
0.106390,4.355195,0.645731,0.44834,10.00
0.106400,4.367827,0.745283,0.44966,10.00
0.106410,4.383930,0.844385,0.45077,10.00
0.106420,4.404427,0.942352,0.45162,10.00
0.106430,4.429228,1.038418,0.45218,10.00
0.106440,4.458205,1.131826,0.45245,10.00
0.106450,4.491178,1.221827,0.45243,10.00
0.106460,4.527894,1.307699,0.45211,10.00
0.106470,4.568211,1.388743,0.45150,10.00
0.106480,4.611874,1.464277,0.45059,10.00
0.106490,4.658600,1.533655,0.44939,10.00
0.106500,4.708522,1.596272,0.44791,10.00
0.106510,4.762616,1.651351,0.44604,10.00
0.106520,4.818742,1.698235,0.44390,10.00
0.106530,4.876507,1.736463,0.44150,10.00
0.106540,4.935498,1.765637,0.43886,10.00
0.106550,4.995266,1.785419,0.43600,10.00
0.106560,5.055297,1.795555,0.43294,10.00
0.106570,5.115248,1.795856,0.42970,10.00
0.106580,5.174669,1.786196,0.42631,10.00
0.106590,5.233111,1.766525,0.42278,10.00
0.106600,5.289689,1.736869,0.41914,10.00
0.106610,5.342672,1.697539,0.41554,10.00
0.106620,5.393375,1.648855,0.41189,10.00
0.106630,5.441390,1.591071,0.40822,10.00
0.106640,5.486325,1.524516,0.40457,10.00
0.106650,5.528257,1.449588,0.40095,10.00
0.106660,5.568177,1.366536,0.39728,10.00
0.106670,5.603934,1.275745,0.39370,10.00
0.106680,5.635213,1.177811,0.39024,10.00
0.106690,5.661728,1.073392,0.38692,10.00
0.106700,5.683354,0.963202,0.38379,10.00
0.106710,5.700261,0.847945,0.38082,10.00
0.106720,5.711742,0.728394,0.37807,10.00
0.106730,5.717650,0.605405,0.37558,10.00
0.106740,5.717878,0.479873,0.37335,10.00
0.106750,5.711940,0.352719,0.37142,10.00
0.106760,5.698559,0.225095,0.36991,10.00
0.106770,5.679462,0.098103,0.36874,10.00
0.106780,5.654730,-0.027283,0.36791,10.00
0.106790,5.624487,-0.150092,0.36744,10.00
0.106800,5.588859,-0.269356,0.36733,10.00
0.106810,5.547925,-0.384105,0.36761,10.00
0.106820,5.502116,-0.493398,0.36826,10.00
0.106830,5.454255,-0.500000,0.36920,10.00
0.106840,5.406611,-0.500000,0.37028,10.00
0.106850,5.359306,-0.500000,0.37149,10.00
0.106860,5.312708,-0.500000,0.37280,10.00
0.106870,5.266321,-0.500000,0.37424,10.00
0.106880,5.220145,-0.500000,0.37581,10.00
0.106890,5.174178,-0.500000,0.37751,10.00
0.106900,5.128434,-0.500000,0.37933,10.00
0.106910,5.082954,-0.500000,0.38127,10.00
0.106920,5.037681,-0.500000,0.38335,10.00
0.106930,4.992613,-0.500000,0.38554,10.00
0.106940,4.947750,-0.500000,0.38786,10.00
0.106950,4.903263,-0.500000,0.39031,10.00
0.106960,4.859667,-0.500000,0.39283,10.00
0.106970,4.816269,-0.500000,0.39548,10.00
0.106980,4.773075,-0.499419,0.39824,10.00
0.106990,4.730255,-0.492569,0.40112,10.00
0.107000,4.687879,-0.477989,0.40409,10.00
0.107010,4.645483,-0.455569,0.40721,10.00
0.107020,4.604511,-0.425305,0.41039,10.00
0.107030,4.565309,-0.387338,0.41360,10.00
0.107040,4.528212,-0.341870,0.41683,10.00
0.107050,4.493492,-0.289162,0.42005,10.00
0.107060,4.461302,-0.229508,0.42324,10.00
0.107070,4.432144,-0.163267,0.42639,10.00
0.107080,4.406295,-0.090870,0.42945,10.00
0.107090,4.384003,-0.012799,0.43241,10.00
0.107100,4.365473,0.070415,0.43524,10.00
0.107110,4.350834,0.158207,0.43794,10.00
0.107120,4.340355,0.249965,0.44046,10.00
0.107130,4.334179,0.345034,0.44280,10.00
0.107140,4.332419,0.442724,0.44494,10.00
0.107150,4.335370,0.542319,0.44685,10.00
0.107160,4.343726,0.642972,0.44846,10.00
0.107170,4.356620,0.743855,0.44981,10.00
0.107180,4.374021,0.844198,0.45090,10.00
0.107190,4.395862,0.943224,0.45170,10.00
0.107200,4.422008,1.040158,0.45222,10.00
0.107210,4.452219,1.134249,0.45245,10.00
0.107220,4.486468,1.224753,0.45238,10.00
0.107230,4.524552,1.310933,0.45201,10.00
0.107240,4.566238,1.392075,0.45134,10.00
0.107250,4.611235,1.467495,0.45037,10.00
0.107260,4.659161,1.536561,0.44911,10.00
0.107270,4.709816,1.598675,0.44756,10.00
0.107280,4.762856,1.653274,0.44574,10.00
0.107290,4.817916,1.699850,0.44365,10.00
0.107300,4.874735,1.737944,0.44131,10.00
0.107310,4.933280,1.767102,0.43870,10.00
0.107320,4.992629,1.786948,0.43587,10.00
0.107330,5.052349,1.797215,0.43284,10.00
0.107340,5.111998,1.797706,0.42962,10.00
0.107350,5.170845,1.788294,0.42625,10.00
0.107360,5.227594,1.769067,0.42282,10.00
0.107370,5.282948,1.740139,0.41929,10.00
0.107380,5.336477,1.701613,0.41568,10.00
0.107390,5.387757,1.653661,0.41202,10.00
0.107400,5.436123,1.596532,0.40834,10.00
0.107410,5.480422,1.530671,0.40473,10.00
0.107420,5.521306,1.456554,0.40116,10.00
0.107430,5.558426,1.374642,0.39765,10.00
0.107440,5.591462,1.285464,0.39424,10.00
0.107450,5.620434,1.189609,0.39096,10.00
0.107460,5.646018,1.087570,0.38774,10.00
0.107470,5.666701,0.979946,0.38469,10.00
0.107480,5.682273,0.867487,0.38184,10.00
0.107490,5.692559,0.750988,0.37921,10.00
0.107500,5.697115,0.631287,0.37683,10.00
0.107510,5.694931,0.509403,0.37479,10.00
0.107520,5.687192,0.386336,0.37304,10.00
0.107530,5.673894,0.263007,0.37161,10.00
0.107540,5.655075,0.140351,0.37049,10.00
0.107550,5.631208,0.019309,0.36971,10.00
0.107560,5.603580,-0.099368,0.36918,10.00
0.107570,5.570776,-0.214874,0.36900,10.00
0.107580,5.532987,-0.326294,0.36917,10.00
0.107590,5.490448,-0.432731,0.36970,10.00
0.107600,5.443770,-0.500000,0.37059,10.00
0.107610,5.396244,-0.500000,0.37169,10.00
0.107620,5.348933,-0.500000,0.37293,10.00
0.107630,5.301838,-0.500000,0.37429,10.00
0.107640,5.254956,-0.500000,0.37579,10.00
0.107650,5.208203,-0.500000,0.37742,10.00
0.107660,5.161328,-0.500000,0.37919,10.00
0.107670,5.114666,-0.500000,0.38110,10.00
0.107680,5.068216,-0.500000,0.38314,10.00
0.107690,5.021976,-0.500000,0.38530,10.00
0.107700,4.975822,-0.500000,0.38760,10.00
0.107710,4.929383,-0.500000,0.39005,10.00
0.107720,4.883155,-0.500000,0.39263,10.00
0.107730,4.837136,-0.500000,0.39534,10.00
0.107740,4.791327,-0.499948,0.39817,10.00
0.107750,4.746059,-0.494836,0.40113,10.00
0.107760,4.702334,-0.481717,0.40414,10.00
0.107770,4.659619,-0.460673,0.40723,10.00
0.107780,4.618266,-0.431773,0.41039,10.00
0.107790,4.578624,-0.395148,0.41358,10.00
0.107800,4.541098,-0.350989,0.41679,10.00
0.107810,4.506223,-0.299580,0.41998,10.00
0.107820,4.474028,-0.241253,0.42314,10.00
0.107830,4.444806,-0.176374,0.42624,10.00
0.107840,4.418828,-0.105362,0.42927,10.00
0.107850,4.396163,-0.028690,0.43221,10.00
0.107860,4.376489,0.053210,0.43506,10.00
0.107870,4.360752,0.139834,0.43778,10.00
0.107880,4.349131,0.230572,0.44034,10.00
0.107890,4.341777,0.324779,0.44271,10.00
0.107900,4.338826,0.421775,0.44488,10.00
0.107910,4.340417,0.520842,0.44683,10.00
0.107920,4.346535,0.621240,0.44854,10.00
0.107930,4.357198,0.722216,0.45000,10.00
0.107940,4.372393,0.823004,0.45120,10.00
0.107950,4.392302,0.922828,0.45212,10.00
0.107960,4.417536,1.020800,0.45270,10.00
0.107970,4.447030,1.116071,0.45298,10.00
0.107980,4.480622,1.207878,0.45296,10.00
0.107990,4.518114,1.295476,0.45263,10.00
0.108000,4.558916,1.378142,0.45201,10.00
0.108010,4.601688,1.455358,0.45118,10.00
0.108020,4.647608,1.526585,0.45005,10.00
0.108030,4.696373,1.591203,0.44864,10.00
0.108040,4.747655,1.648636,0.44695,10.00
0.108050,4.801235,1.698357,0.44499,10.00
0.108060,4.857132,1.739826,0.44274,10.00
0.108070,4.914421,1.772581,0.44025,10.00
0.108080,4.972690,1.796264,0.43753,10.00
0.108090,5.031515,1.810581,0.43461,10.00
0.108100,5.090560,1.815306,0.43149,10.00
0.108110,5.149671,1.810238,0.42819,10.00
0.108120,5.208015,1.795262,0.42474,10.00
0.108130,5.265145,1.770370,0.42118,10.00
0.108140,5.320617,1.735627,0.41753,10.00
0.108150,5.373866,1.691176,0.41381,10.00
0.108160,5.424079,1.637300,0.41009,10.00
0.108170,5.471372,1.574333,0.40636,10.00
0.108180,5.515354,1.502642,0.40266,10.00
0.108190,5.555656,1.422666,0.39901,10.00
0.108200,5.592441,1.334912,0.39544,10.00
0.108210,5.626899,1.239706,0.39186,10.00
0.108220,5.656689,1.137516,0.38840,10.00
0.108230,5.681533,1.029035,0.38511,10.00
0.108240,5.701188,0.915009,0.38200,10.00
0.108250,5.714873,0.796239,0.37911,10.00
0.108260,5.720709,0.673847,0.37661,10.00
0.108270,5.720892,0.548906,0.37438,10.00
0.108280,5.715358,0.422337,0.37245,10.00
0.108290,5.704084,0.295081,0.37082,10.00
0.108300,5.687177,0.168099,0.36952,10.00
0.108310,5.664958,0.042317,0.36854,10.00
0.108320,5.637187,-0.081319,0.36791,10.00
0.108330,5.604014,-0.201844,0.36764,10.00
0.108340,5.565630,-0.318304,0.36774,10.00
0.108350,5.522287,-0.429762,0.36821,10.00
0.108360,5.474764,-0.500000,0.36905,10.00
0.108370,5.426713,-0.500000,0.37009,10.00
0.108380,5.378880,-0.500000,0.37126,10.00
0.108390,5.331265,-0.500000,0.37256,10.00
0.108400,5.283906,-0.500000,0.37400,10.00
0.108410,5.236928,-0.500000,0.37555,10.00
0.108420,5.190163,-0.500000,0.37724,10.00
0.108430,5.143610,-0.500000,0.37905,10.00
0.108440,5.097268,-0.500000,0.38100,10.00
0.108450,5.051186,-0.500000,0.38307,10.00
0.108460,5.005512,-0.500000,0.38526,10.00
0.108470,4.960046,-0.500000,0.38757,10.00
0.108480,4.914785,-0.500000,0.39001,10.00
0.108490,4.869730,-0.500000,0.39257,10.00
0.108500,4.824834,-0.500000,0.39526,10.00
0.108510,4.779963,-0.499737,0.39809,10.00
0.108520,4.735442,-0.493643,0.40103,10.00
0.108530,4.691617,-0.479560,0.40408,10.00
0.108540,4.648847,-0.457504,0.40721,10.00
0.108550,4.607586,-0.427553,0.41039,10.00
0.108560,4.568478,-0.389893,0.41359,10.00
0.108570,4.531461,-0.344757,0.41681,10.00
0.108580,4.496857,-0.292402,0.42001,10.00
0.108590,4.464975,-0.233146,0.42318,10.00
0.108600,4.435853,-0.167362,0.42629,10.00
0.108610,4.409010,-0.095356,0.42940,10.00
0.108620,4.385716,-0.017524,0.43240,10.00
0.108630,4.366206,0.065605,0.43528,10.00
0.108640,4.350687,0.153459,0.43802,10.00
0.108650,4.339510,0.245419,0.44059,10.00
0.108660,4.333338,0.340747,0.44293,10.00
0.108670,4.331593,0.438697,0.44507,10.00
0.108680,4.334355,0.538550,0.44698,10.00
0.108690,4.341668,0.639563,0.44865,10.00
0.108700,4.353609,0.740977,0.45006,10.00
0.108710,4.370342,0.841987,0.45119,10.00
0.108720,4.391552,0.941795,0.45204,10.00
0.108730,4.417143,1.039622,0.45260,10.00
0.108740,4.446984,1.134693,0.45286,10.00
0.108750,4.481118,1.226247,0.45282,10.00
0.108760,4.519963,1.313439,0.45243,10.00
0.108770,4.562451,1.395481,0.45173,10.00
0.108780,4.608311,1.471680,0.45073,10.00
0.108790,4.657246,1.541382,0.44943,10.00
0.108800,4.708716,1.603973,0.44784,10.00
0.108810,4.761731,1.658989,0.44602,10.00
0.108820,4.816785,1.705985,0.44394,10.00
0.108830,4.873493,1.744503,0.44160,10.00
0.108840,4.931450,1.774142,0.43902,10.00
0.108850,4.990238,1.794566,0.43622,10.00
0.108860,5.049428,1.805505,0.43322,10.00
0.108870,5.108582,1.806756,0.43005,10.00
0.108880,5.167257,1.798191,0.42671,10.00
0.108890,5.225009,1.779751,0.42324,10.00
0.108900,5.281271,1.751456,0.41966,10.00
0.108910,5.335240,1.713456,0.41603,10.00
0.108920,5.386980,1.665962,0.41235,10.00
0.108930,5.436078,1.609217,0.40865,10.00
0.108940,5.482134,1.543539,0.40495,10.00
0.108950,5.524642,1.469317,0.40129,10.00
0.108960,5.562870,1.387071,0.39771,10.00
0.108970,5.596988,1.297369,0.39424,10.00
0.108980,5.626691,1.200801,0.39088,10.00
0.108990,5.651707,1.098019,0.38767,10.00
0.109000,5.671944,0.989727,0.38463,10.00
0.109010,5.687643,0.876609,0.38176,10.00
0.109020,5.698026,0.759417,0.37911,10.00
0.109030,5.702953,0.638993,0.37671,10.00
0.109040,5.702326,0.516214,0.37457,10.00
0.109050,5.695972,0.391984,0.37273,10.00
0.109060,5.683530,0.267286,0.37122,10.00
0.109070,5.665497,0.143102,0.37004,10.00
0.109080,5.641948,0.020381,0.36919,10.00
0.109090,5.612999,-0.099924,0.36869,10.00
0.109100,5.579016,-0.216871,0.36855,10.00
0.109110,5.540805,-0.329627,0.36872,10.00
0.109120,5.497785,-0.437349,0.36925,10.00
0.109130,5.450762,-0.500000,0.37014,10.00
0.109140,5.403375,-0.500000,0.37121,10.00
0.109150,5.356081,-0.500000,0.37242,10.00
0.109160,5.308515,-0.500000,0.37379,10.00
0.109170,5.261165,-0.500000,0.37529,10.00
0.109180,5.214030,-0.500000,0.37692,10.00
0.109190,5.167109,-0.500000,0.37869,10.00
0.109200,5.120474,-0.500000,0.38058,10.00
0.109210,5.074347,-0.500000,0.38258,10.00
0.109220,5.028430,-0.500000,0.38471,10.00
0.109230,4.982720,-0.500000,0.38697,10.00
0.109240,4.937218,-0.500000,0.38935,10.00
0.109250,4.891874,-0.500000,0.39186,10.00
0.109260,4.846542,-0.500000,0.39451,10.00
0.109270,4.801415,-0.500000,0.39728,10.00
0.109280,4.756547,-0.496992,0.40018,10.00
0.109290,4.712235,-0.486034,0.40318,10.00
0.109300,4.668843,-0.467076,0.40628,10.00
0.109310,4.626738,-0.440171,0.40944,10.00
0.109320,4.586259,-0.405437,0.41265,10.00
0.109330,4.547748,-0.363048,0.41589,10.00
0.109340,4.511539,-0.313239,0.41912,10.00
0.109350,4.478338,-0.256307,0.42234,10.00
0.109360,4.449603,-0.192791,0.42540,10.00
0.109370,4.424047,-0.123227,0.42840,10.00
0.109380,4.401916,-0.048077,0.43129,10.00
0.109390,4.383436,0.032149,0.43407,10.00
0.109400,4.368441,0.116896,0.43671,10.00
0.109410,4.356017,0.205744,0.43928,10.00
0.109420,4.347780,0.298179,0.44168,10.00
0.109430,4.343856,0.393536,0.44388,10.00
0.109440,4.344341,0.491119,0.44587,10.00
0.109450,4.348909,0.590207,0.44763,10.00
0.109460,4.356443,0.690245,0.44925,10.00
0.109470,4.368493,0.790602,0.45061,10.00
0.109480,4.385032,0.890515,0.45170,10.00
0.109490,4.406000,0.989212,0.45252,10.00
0.109500,4.431506,1.085923,0.45305,10.00
0.109510,4.462039,1.179783,0.45323,10.00
0.109520,4.496595,1.269971,0.45312,10.00
0.109530,4.534969,1.355751,0.45270,10.00
0.109540,4.576924,1.436414,0.45198,10.00
0.109550,4.622579,1.511278,0.45097,10.00
0.109560,4.672790,1.579512,0.44956,10.00
0.109570,4.725671,1.640388,0.44786,10.00
0.109580,4.780860,1.693349,0.44588,10.00
0.109590,4.837974,1.737891,0.44363,10.00
0.109600,4.896299,1.773571,0.44113,10.00
0.109610,4.954489,1.800154,0.43847,10.00
0.109620,5.013369,1.817427,0.43559,10.00
0.109630,5.072506,1.825142,0.43253,10.00
0.109640,5.131460,1.823120,0.42929,10.00
0.109650,5.190072,1.811257,0.42590,10.00
0.109660,5.248744,1.789383,0.42231,10.00
0.109670,5.305882,1.757448,0.41862,10.00
0.109680,5.361041,1.715572,0.41486,10.00
0.109690,5.413783,1.663949,0.41105,10.00
0.109700,5.463255,1.602852,0.40722,10.00
0.109710,5.507773,1.532836,0.40352,10.00
0.109720,5.548683,1.454464,0.39986,10.00
0.109730,5.585635,1.368230,0.39628,10.00
0.109740,5.618305,1.274692,0.39281,10.00
0.109750,5.646667,1.174472,0.38947,10.00
0.109760,5.671253,1.068123,0.38622,10.00
0.109770,5.690750,0.956290,0.38315,10.00
0.109780,5.704954,0.839759,0.38030,10.00
0.109790,5.713697,0.719356,0.37768,10.00
0.109800,5.716930,0.595952,0.37532,10.00
0.109810,5.714798,0.470410,0.37322,10.00
0.109820,5.706941,0.343634,0.37142,10.00
0.109830,5.693358,0.216574,0.36993,10.00
0.109840,5.674086,0.090192,0.36878,10.00
0.109850,5.649065,-0.034543,0.36798,10.00
0.109860,5.617994,-0.156593,0.36756,10.00
0.109870,5.581624,-0.274949,0.36752,10.00
0.109880,5.540172,-0.388667,0.36785,10.00
0.109890,5.493896,-0.496826,0.36855,10.00
0.109900,5.445779,-0.500000,0.36953,10.00
0.109910,5.398007,-0.500000,0.37064,10.00
0.109920,5.350452,-0.500000,0.37188,10.00
0.109930,5.303113,-0.500000,0.37326,10.00
0.109940,5.255989,-0.500000,0.37476,10.00
0.109950,5.209137,-0.500000,0.37640,10.00
0.109960,5.162730,-0.500000,0.37815,10.00
0.109970,5.116534,-0.500000,0.38003,10.00
0.109980,5.070547,-0.500000,0.38204,10.00
0.109990,5.024769,-0.500000,0.38417,10.00
0.110000,4.979297,-0.500000,0.38643,10.00
0.110010,4.934421,-0.500000,0.38879,10.00
0.110020,4.889750,-0.500000,0.39128,10.00
0.110030,4.845281,-0.500000,0.39389,10.00
0.110040,4.801013,-0.500000,0.39662,10.00
0.110050,4.756958,-0.497653,0.39948,10.00
0.110060,4.713304,-0.487624,0.40245,10.00
0.110070,4.670517,-0.469695,0.40551,10.00
0.110080,4.628953,-0.443914,0.40864,10.00
0.110090,4.588958,-0.410388,0.41182,10.00
0.110100,4.551040,-0.369284,0.41502,10.00
0.110110,4.516027,-0.320911,0.41819,10.00
0.110120,4.483557,-0.265608,0.42133,10.00
0.110130,4.453925,-0.203720,0.42442,10.00
0.110140,4.427405,-0.135644,0.42745,10.00
0.110150,4.403810,-0.061829,0.43039,10.00
0.110160,4.382059,0.017441,0.43333,10.00
0.110170,4.364143,0.101765,0.43614,10.00
0.110180,4.350258,0.190557,0.43880,10.00
0.110190,4.340572,0.283190,0.44129,10.00
0.110200,4.335478,0.378999,0.44359,10.00
0.110210,4.335843,0.477166,0.44561,10.00
0.110220,4.340706,0.576882,0.44740,10.00
0.110230,4.350095,0.677402,0.44894,10.00
0.110240,4.364007,0.777966,0.45023,10.00
0.110250,4.382318,0.877802,0.45124,10.00
0.110260,4.404703,0.976179,0.45199,10.00
0.110270,4.431392,1.072350,0.45245,10.00
0.110280,4.462246,1.165554,0.45262,10.00
0.110290,4.497091,1.255039,0.45249,10.00
0.110300,4.535849,1.340074,0.45206,10.00
0.110310,4.578672,1.419891,0.45129,10.00
0.110320,4.624763,1.493771,0.45023,10.00
0.110330,4.673821,1.561077,0.44887,10.00
0.110340,4.725516,1.621211,0.44723,10.00
0.110350,4.779340,1.673626,0.44531,10.00
0.110360,4.834453,1.717899,0.44317,10.00
0.110370,4.891094,1.753642,0.44078,10.00
0.110380,4.948858,1.780477,0.43816,10.00
0.110390,5.007327,1.798086,0.43533,10.00
0.110400,5.066156,1.806222,0.43230,10.00
0.110410,5.125154,1.804664,0.42907,10.00
0.110420,5.183547,1.793276,0.42570,10.00
0.110430,5.240889,1.772023,0.42220,10.00
0.110440,5.296738,1.740944,0.41860,10.00
0.110450,5.350678,1.700154,0.41493,10.00
0.110460,5.402339,1.649835,0.41121,10.00
0.110470,5.451228,1.590245,0.40747,10.00
0.110480,5.496947,1.521723,0.40374,10.00
0.110490,5.539116,1.444680,0.40005,10.00
0.110500,5.577452,1.359597,0.39643,10.00
0.110510,5.611845,1.266988,0.39290,10.00
0.110520,5.641689,1.167438,0.38948,10.00
0.110530,5.666707,1.061621,0.38623,10.00
0.110540,5.686657,0.950264,0.38315,10.00
0.110550,5.701453,0.834147,0.38029,10.00
0.110560,5.711289,0.714035,0.37762,10.00
0.110570,5.715541,0.590754,0.37521,10.00
0.110580,5.714114,0.465201,0.37308,10.00
0.110590,5.706958,0.338305,0.37125,10.00
0.110600,5.693686,0.211014,0.36973,10.00
0.110610,5.673215,0.084472,0.36864,10.00
0.110620,5.647142,-0.040227,0.36790,10.00
0.110630,5.615602,-0.162112,0.36751,10.00
0.110640,5.578775,-0.280223,0.36750,10.00
0.110650,5.537054,-0.393614,0.36786,10.00
0.110660,5.491233,-0.500000,0.36854,10.00
0.110670,5.443738,-0.500000,0.36950,10.00
0.110680,5.396458,-0.500000,0.37060,10.00
0.110690,5.349393,-0.500000,0.37182,10.00
0.110700,5.302526,-0.500000,0.37317,10.00
0.110710,5.255808,-0.500000,0.37466,10.00
0.110720,5.209302,-0.500000,0.37627,10.00
0.110730,5.163007,-0.500000,0.37802,10.00
0.110740,5.116922,-0.500000,0.37989,10.00
0.110750,5.071017,-0.500000,0.38189,10.00
0.110760,5.025202,-0.500000,0.38403,10.00
0.110770,4.979595,-0.500000,0.38629,10.00
0.110780,4.934195,-0.500000,0.38868,10.00
0.110790,4.889000,-0.500000,0.39119,10.00
0.110800,4.844051,-0.500000,0.39383,10.00
0.110810,4.799465,-0.500000,0.39658,10.00
0.110820,4.755122,-0.497543,0.39946,10.00
0.110830,4.711300,-0.487340,0.40244,10.00
0.110840,4.668355,-0.469206,0.40552,10.00
0.110850,4.626451,-0.443187,0.40866,10.00
0.110860,4.585363,-0.409300,0.41190,10.00
0.110870,4.546212,-0.367652,0.41517,10.00
0.110880,4.509334,-0.318471,0.41845,10.00
0.110890,4.475053,-0.262047,0.42170,10.00
0.110900,4.443901,-0.198727,0.42491,10.00
0.110910,4.416837,-0.129024,0.42800,10.00
0.110920,4.393219,-0.053470,0.43100,10.00
0.110930,4.373284,0.027424,0.43388,10.00
0.110940,4.357242,0.113103,0.43662,10.00
0.110950,4.345218,0.202965,0.43920,10.00
0.110960,4.337189,0.296400,0.44162,10.00
0.110970,4.333518,0.392754,0.44384,10.00
0.110980,4.334299,0.491322,0.44585,10.00
0.110990,4.339592,0.591377,0.44762,10.00
0.111000,4.349433,0.692169,0.44914,10.00
0.111010,4.363843,0.792929,0.45040,10.00
0.111020,4.382740,0.892882,0.45139,10.00
0.111030,4.406046,0.991252,0.45209,10.00
0.111040,4.433649,1.087266,0.45251,10.00
0.111050,4.465394,1.180160,0.45262,10.00
0.111060,4.501086,1.269186,0.45244,10.00
0.111070,4.540531,1.353616,0.45195,10.00
0.111080,4.583487,1.432749,0.45117,10.00
0.111090,4.629678,1.505913,0.45008,10.00
0.111100,4.678668,1.572474,0.44871,10.00
0.111110,4.729728,1.631906,0.44708,10.00
0.111120,4.783048,1.683709,0.44518,10.00
0.111130,4.838256,1.727393,0.44303,10.00
0.111140,4.894964,1.762522,0.44062,10.00
0.111150,4.953034,1.788723,0.43799,10.00
0.111160,5.012837,1.805556,0.43507,10.00
0.111170,5.072870,1.812688,0.43196,10.00
0.111180,5.132685,1.809945,0.42867,10.00
0.111190,5.191833,1.797225,0.42524,10.00
0.111200,5.249729,1.774500,0.42168,10.00
0.111210,5.305529,1.741884,0.41806,10.00
0.111220,5.359330,1.699545,0.41436,10.00
0.111230,5.410706,1.647686,0.41063,10.00
0.111240,5.459242,1.586584,0.40688,10.00
0.111250,5.504664,1.516589,0.40315,10.00
0.111260,5.546951,1.438067,0.39943,10.00
0.111270,5.585261,1.351469,0.39579,10.00
0.111280,5.619262,1.257356,0.39224,10.00
0.111290,5.648648,1.156351,0.38883,10.00
0.111300,5.672669,1.049138,0.38558,10.00
0.111310,5.689665,0.936686,0.38264,10.00
0.111320,5.701361,0.819943,0.37992,10.00
0.111330,5.707609,0.699742,0.37744,10.00
0.111340,5.708303,0.576957,0.37522,10.00
0.111350,5.703832,0.452490,0.37329,10.00
0.111360,5.695539,0.327044,0.37155,10.00
0.111370,5.681584,0.201414,0.37012,10.00
0.111380,5.662009,0.076552,0.36902,10.00
0.111390,5.636902,-0.046583,0.36826,10.00
0.111400,5.606262,-0.167034,0.36786,10.00
0.111410,5.569881,-0.283789,0.36785,10.00
0.111420,5.528492,-0.395876,0.36821,10.00
0.111430,5.482375,-0.500000,0.36894,10.00
0.111440,5.434644,-0.500000,0.36993,10.00
0.111450,5.387199,-0.500000,0.37107,10.00
0.111460,5.340240,-0.500000,0.37231,10.00
0.111470,5.293495,-0.500000,0.37369,10.00
0.111480,5.246962,-0.500000,0.37519,10.00
0.111490,5.200640,-0.500000,0.37682,10.00
0.111500,5.154534,-0.500000,0.37858,10.00
0.111510,5.108661,-0.500000,0.38047,10.00
0.111520,5.062996,-0.500000,0.38249,10.00
0.111530,5.017538,-0.500000,0.38463,10.00
0.111540,4.972286,-0.500000,0.38689,10.00
0.111550,4.927121,-0.500000,0.38928,10.00
0.111560,4.881688,-0.500000,0.39183,10.00
0.111570,4.836462,-0.500000,0.39450,10.00
0.111580,4.791440,-0.500000,0.39730,10.00
0.111590,4.746703,-0.496003,0.40022,10.00
0.111600,4.702185,-0.484007,0.40325,10.00
0.111610,4.657108,-0.463826,0.40646,10.00
0.111620,4.613375,-0.435398,0.40974,10.00
0.111630,4.571353,-0.398844,0.41308,10.00
0.111640,4.531397,-0.354351,0.41643,10.00
0.111650,4.494447,-0.302166,0.41978,10.00
0.111660,4.462607,-0.242888,0.42296,10.00
0.111670,4.433781,-0.177081,0.42608,10.00
0.111680,4.408238,-0.105172,0.42912,10.00
0.111690,4.386230,-0.027641,0.43206,10.00
0.111700,4.367654,0.054983,0.43488,10.00
0.111710,4.351745,0.142286,0.43763,10.00
0.111720,4.339985,0.233758,0.44022,10.00
0.111730,4.332527,0.328748,0.44262,10.00
0.111740,4.329492,0.426571,0.44483,10.00
0.111750,4.331155,0.526510,0.44681,10.00
0.111760,4.338122,0.627736,0.44851,10.00
0.111770,4.349665,0.729428,0.44995,10.00
0.111780,4.365765,0.830813,0.45112,10.00
0.111790,4.386364,0.931110,0.45202,10.00
0.111800,4.411290,1.029538,0.45262,10.00
0.111810,4.440166,1.125359,0.45295,10.00
0.111820,4.473170,1.217834,0.45298,10.00
0.111830,4.510111,1.306216,0.45271,10.00
0.111840,4.550767,1.389776,0.45214,10.00
0.111850,4.595002,1.467816,0.45126,10.00
0.111860,4.642893,1.539611,0.45005,10.00
0.111870,4.693639,1.604496,0.44856,10.00
0.111880,4.746897,1.661889,0.44677,10.00
0.111890,4.802300,1.711258,0.44471,10.00
0.111900,4.859277,1.752126,0.44240,10.00
0.111910,4.916876,1.784165,0.43988,10.00
0.111920,4.975419,1.807078,0.43714,10.00
0.111930,5.034481,1.820579,0.43420,10.00
0.111940,5.093626,1.824446,0.43106,10.00
0.111950,5.152750,1.818530,0.42777,10.00
0.111960,5.212415,1.802592,0.42424,10.00
0.111970,5.270809,1.776519,0.42060,10.00
0.111980,5.327480,1.740383,0.41687,10.00
0.111990,5.381985,1.694335,0.41307,10.00
0.112000,5.433526,1.638603,0.40924,10.00
0.112010,5.480606,1.573665,0.40550,10.00
0.112020,5.524288,1.500021,0.40178,10.00
0.112030,5.564204,1.418122,0.39812,10.00
0.112040,5.600011,1.328491,0.39456,10.00
0.112050,5.631592,1.231715,0.39110,10.00
0.112060,5.659260,1.128344,0.38774,10.00
0.112070,5.681947,1.019018,0.38455,10.00
0.112080,5.699427,0.904498,0.38156,10.00
0.112090,5.711509,0.785589,0.37878,10.00
0.112100,5.717711,0.663142,0.37626,10.00
0.112110,5.716939,0.538206,0.37408,10.00
0.112120,5.710459,0.411807,0.37221,10.00
0.112130,5.698255,0.284888,0.37064,10.00
0.112140,5.680357,0.158410,0.36940,10.00
0.112150,5.657395,0.033338,0.36851,10.00
0.112160,5.631148,-0.089628,0.36783,10.00
0.112170,5.599517,-0.209710,0.36750,10.00
0.112180,5.562682,-0.325958,0.36753,10.00
0.112190,5.520866,-0.437443,0.36794,10.00
0.112200,5.474669,-0.500000,0.36870,10.00
0.112210,5.427030,-0.500000,0.36972,10.00
0.112220,5.379608,-0.500000,0.37086,10.00
0.112230,5.332400,-0.500000,0.37214,10.00
0.112240,5.285407,-0.500000,0.37356,10.00
0.112250,5.238635,-0.500000,0.37510,10.00
0.112260,5.192109,-0.500000,0.37677,10.00
0.112270,5.145795,-0.500000,0.37856,10.00
0.112280,5.099690,-0.500000,0.38049,10.00
0.112290,5.053794,-0.500000,0.38254,10.00
0.112300,5.008242,-0.500000,0.38472,10.00
0.112310,4.963435,-0.500000,0.38699,10.00
0.112320,4.918832,-0.500000,0.38939,10.00
0.112330,4.874431,-0.500000,0.39191,10.00
0.112340,4.830231,-0.500000,0.39455,10.00
0.112350,4.786314,-0.500000,0.39731,10.00
0.112360,4.743015,-0.495577,0.40017,10.00
0.112370,4.700326,-0.483374,0.40314,10.00
0.112380,4.658596,-0.463395,0.40619,10.00
0.112390,4.618172,-0.435705,0.40929,10.00
0.112400,4.579141,-0.400428,0.41244,10.00
0.112410,4.541078,-0.357624,0.41568,10.00
0.112420,4.505332,-0.307452,0.41891,10.00
0.112430,4.472219,-0.250210,0.42212,10.00
0.112440,4.442037,-0.186254,0.42528,10.00
0.112450,4.415026,-0.115996,0.42836,10.00
0.112460,4.391324,-0.039880,0.43137,10.00
0.112470,4.371330,0.041592,0.43426,10.00
0.112480,4.355257,0.127859,0.43701,10.00
0.112490,4.343287,0.218318,0.43960,10.00
0.112500,4.335709,0.312325,0.44201,10.00
0.112510,4.333047,0.409136,0.44418,10.00
0.112520,4.334848,0.507999,0.44614,10.00
0.112530,4.341165,0.608182,0.44785,10.00
0.112540,4.352017,0.708932,0.44932,10.00
0.112550,4.367331,0.809484,0.45052,10.00
0.112560,4.386883,0.909093,0.45147,10.00
0.112570,4.410822,1.007002,0.45213,10.00
0.112580,4.439030,1.102441,0.45249,10.00
0.112590,4.471355,1.194648,0.45256,10.00
0.112600,4.507438,1.282877,0.45233,10.00
0.112610,4.546542,1.366489,0.45184,10.00
0.112620,4.589122,1.444841,0.45106,10.00
0.112630,4.634904,1.517271,0.44998,10.00
0.112640,4.683589,1.583149,0.44861,10.00
0.112650,4.734967,1.641892,0.44696,10.00
0.112660,4.789038,1.692905,0.44501,10.00
0.112670,4.844955,1.735663,0.44279,10.00
0.112680,4.902323,1.769738,0.44033,10.00
0.112690,4.960732,1.794761,0.43765,10.00
0.112700,5.019797,1.810428,0.43475,10.00
0.112710,5.079202,1.816484,0.43165,10.00
0.112720,5.138347,1.812751,0.42838,10.00
0.112730,5.196784,1.799134,0.42496,10.00
0.112740,5.254069,1.775615,0.42142,10.00
0.112750,5.309995,1.742251,0.41779,10.00
0.112760,5.364828,1.699058,0.41403,10.00
0.112770,5.417187,1.646168,0.41023,10.00
0.112780,5.466652,1.583862,0.40641,10.00
0.112790,5.512817,1.512499,0.40261,10.00
0.112800,5.554798,1.432510,0.39886,10.00
0.112810,5.590749,1.344638,0.39531,10.00
0.112820,5.622352,1.249617,0.39188,10.00
0.112830,5.649321,1.148081,0.38858,10.00
0.112840,5.671400,1.040725,0.38545,10.00
0.112850,5.688633,0.928291,0.38252,10.00
0.112860,5.701628,0.811446,0.37973,10.00
0.112870,5.709161,0.690937,0.37718,10.00
0.112880,5.711112,0.567635,0.37490,10.00
0.112890,5.707405,0.442446,0.37290,10.00
0.112900,5.697974,0.316296,0.37120,10.00
0.112910,5.682736,0.190150,0.36982,10.00
0.112920,5.661866,0.064976,0.36879,10.00
0.112930,5.635461,-0.058261,0.36810,10.00
0.112940,5.603660,-0.178602,0.36776,10.00
0.112950,5.566677,-0.295095,0.36780,10.00
0.112960,5.524835,-0.406825,0.36819,10.00
0.112970,5.478381,-0.500000,0.36895,10.00
0.112980,5.430705,-0.500000,0.36996,10.00
0.112990,5.383246,-0.500000,0.37110,10.00
0.113000,5.335840,-0.500000,0.37237,10.00
0.113010,5.288006,-0.500000,0.37381,10.00
0.113020,5.240389,-0.500000,0.37539,10.00
0.113030,5.192989,-0.500000,0.37710,10.00
0.113040,5.145803,-0.500000,0.37894,10.00
0.113050,5.098999,-0.500000,0.38091,10.00
0.113060,5.053075,-0.500000,0.38296,10.00
0.113070,5.007359,-0.500000,0.38515,10.00
0.113080,4.961851,-0.500000,0.38746,10.00
0.113090,4.916550,-0.500000,0.38989,10.00
0.113100,4.871492,-0.500000,0.39245,10.00
0.113110,4.826794,-0.500000,0.39513,10.00
0.113120,4.782300,-0.499820,0.39793,10.00
0.113130,4.738140,-0.494181,0.40085,10.00
0.113140,4.694651,-0.480616,0.40387,10.00
0.113150,4.652159,-0.459139,0.40697,10.00
0.113160,4.610917,-0.429808,0.41014,10.00
0.113170,4.571405,-0.392746,0.41335,10.00
0.113180,4.533960,-0.348149,0.41658,10.00
0.113190,4.498908,-0.296270,0.41980,10.00
0.113200,4.466656,-0.237423,0.42298,10.00
0.113210,4.437786,-0.172022,0.42609,10.00
0.113220,4.412183,-0.100525,0.42913,10.00
0.113230,4.390094,-0.023406,0.43206,10.00
0.113240,4.371745,0.058808,0.43487,10.00
0.113250,4.357116,0.145549,0.43753,10.00
0.113260,4.345724,0.236311,0.44008,10.00
0.113270,4.338597,0.330518,0.44246,10.00
0.113280,4.335855,0.427489,0.44463,10.00
0.113290,4.337584,0.526513,0.44658,10.00
0.113300,4.344011,0.626857,0.44829,10.00
0.113310,4.355670,0.727684,0.44971,10.00
0.113320,4.371845,0.828170,0.45086,10.00
0.113330,4.392478,0.927542,0.45173,10.00
0.113340,4.417478,1.025024,0.45232,10.00
0.113350,4.446915,1.119846,0.45261,10.00
0.113360,4.481219,1.211154,0.45256,10.00
0.113370,4.519395,1.298141,0.45220,10.00
0.113380,4.561209,1.380088,0.45153,10.00
0.113390,4.606398,1.456305,0.45057,10.00
0.113400,4.654539,1.526138,0.44931,10.00
0.113410,4.704925,1.589037,0.44779,10.00
0.113420,4.757734,1.644476,0.44600,10.00
0.113430,4.812604,1.691939,0.44393,10.00
0.113440,4.869150,1.730964,0.44162,10.00
0.113450,4.926782,1.761148,0.43906,10.00
0.113460,4.984525,1.782242,0.43633,10.00
0.113470,5.042711,1.794031,0.43340,10.00
0.113480,5.100908,1.796310,0.43029,10.00
0.113490,5.158683,1.788945,0.42702,10.00
0.113500,5.215968,1.771869,0.42362,10.00
0.113510,5.273431,1.744915,0.42002,10.00
0.113520,5.329140,1.708044,0.41633,10.00
0.113530,5.382656,1.661414,0.41257,10.00
0.113540,5.433553,1.605260,0.40879,10.00
0.113550,5.481332,1.539890,0.40501,10.00
0.113560,5.525338,1.465730,0.40127,10.00
0.113570,5.565552,1.383265,0.39760,10.00
0.113580,5.601628,1.293020,0.39401,10.00
0.113590,5.633247,1.195585,0.39054,10.00
0.113600,5.660013,1.091614,0.38722,10.00
0.113610,5.681344,0.981869,0.38409,10.00
0.113620,5.697461,0.867150,0.38117,10.00
0.113630,5.708184,0.748268,0.37847,10.00
0.113640,5.713370,0.626077,0.37602,10.00
0.113650,5.713020,0.501465,0.37385,10.00
0.113660,5.707369,0.375303,0.37194,10.00
0.113670,5.695999,0.248499,0.37034,10.00
0.113680,5.678932,0.122009,0.36907,10.00
0.113690,5.656235,-0.003201,0.36814,10.00
0.113700,5.627638,-0.126164,0.36756,10.00
0.113710,5.592165,-0.245733,0.36744,10.00
0.113720,5.551546,-0.360835,0.36769,10.00
0.113730,5.506033,-0.470541,0.36831,10.00
0.113740,5.457496,-0.500000,0.36927,10.00
0.113750,5.409208,-0.500000,0.37038,10.00
0.113760,5.361553,-0.500000,0.37159,10.00
0.113770,5.314114,-0.500000,0.37294,10.00
0.113780,5.266891,-0.500000,0.37442,10.00
0.113790,5.219881,-0.500000,0.37602,10.00
0.113800,5.173157,-0.500000,0.37776,10.00
0.113810,5.126934,-0.500000,0.37961,10.00
0.113820,5.080920,-0.500000,0.38159,10.00
0.113830,5.035114,-0.500000,0.38369,10.00
0.113840,4.989517,-0.500000,0.38593,10.00
0.113850,4.944313,-0.500000,0.38828,10.00
0.113860,4.900059,-0.500000,0.39072,10.00
0.113870,4.856005,-0.500000,0.39328,10.00
0.113880,4.812151,-0.500000,0.39596,10.00
0.113890,4.768510,-0.498962,0.39876,10.00
0.113900,4.725130,-0.491003,0.40167,10.00
0.113910,4.681890,-0.475163,0.40472,10.00
0.113920,4.639780,-0.451423,0.40784,10.00
0.113930,4.599152,-0.419874,0.41102,10.00
0.113940,4.560348,-0.380667,0.41423,10.00
0.113950,4.523624,-0.334014,0.41745,10.00
0.113960,4.489064,-0.280149,0.42067,10.00
0.113970,4.457295,-0.219373,0.42386,10.00
0.113980,4.428606,-0.152072,0.42699,10.00
0.113990,4.403269,-0.078685,0.43004,10.00
0.114000,4.381585,0.000298,0.43298,10.00
0.114010,4.363943,0.084310,0.43578,10.00
0.114020,4.350315,0.172750,0.43842,10.00
0.114030,4.340868,0.264993,0.44090,10.00
0.114040,4.335736,0.360376,0.44318,10.00
0.114050,4.335136,0.458206,0.44526,10.00
0.114060,4.339468,0.557710,0.44708,10.00
0.114070,4.348322,0.658108,0.44865,10.00
0.114080,4.361698,0.758643,0.44997,10.00
0.114090,4.379560,0.858544,0.45102,10.00
0.114100,4.401859,0.957039,0.45178,10.00
0.114110,4.428549,1.053345,0.45225,10.00
0.114120,4.459409,1.146693,0.45243,10.00
0.114130,4.494267,1.236330,0.45231,10.00
0.114140,4.532915,1.321524,0.45188,10.00
0.114150,4.574862,1.401568,0.45116,10.00
0.114160,4.619088,1.475909,0.45020,10.00
0.114170,4.666317,1.543989,0.44896,10.00
0.114180,4.716237,1.605209,0.44743,10.00
0.114190,4.768507,1.659016,0.44563,10.00
0.114200,4.822828,1.704907,0.44356,10.00
0.114210,4.878998,1.742405,0.44123,10.00
0.114220,4.936376,1.771097,0.43867,10.00
0.114230,4.994548,1.790657,0.43589,10.00
0.114240,5.053088,1.800820,0.43291,10.00
0.114250,5.111745,1.801393,0.42975,10.00
0.114260,5.170622,1.792163,0.42639,10.00
0.114270,5.228543,1.773021,0.42291,10.00
0.114280,5.285063,1.743989,0.41931,10.00
0.114290,5.339742,1.705164,0.41563,10.00
0.114300,5.392235,1.656722,0.41191,10.00
0.114310,5.442380,1.598870,0.40813,10.00
0.114320,5.489422,1.531904,0.40436,10.00
0.114330,5.532974,1.456222,0.40063,10.00
0.114340,5.572668,1.372291,0.39696,10.00
0.114350,5.607939,1.280649,0.39338,10.00
0.114360,5.637811,1.182005,0.38998,10.00
0.114370,5.662898,1.077096,0.38673,10.00
0.114380,5.682958,0.966642,0.38366,10.00
0.114390,5.697783,0.851417,0.38080,10.00
0.114400,5.707034,0.732238,0.37817,10.00
0.114410,5.710083,0.610043,0.37583,10.00
0.114420,5.707514,0.485780,0.37378,10.00
0.114430,5.699284,0.360369,0.37202,10.00
0.114440,5.685392,0.234750,0.37057,10.00
0.114450,5.665912,0.109875,0.36946,10.00
0.114460,5.641026,-0.013313,0.36868,10.00
0.114470,5.610732,-0.133866,0.36825,10.00
0.114480,5.575200,-0.250835,0.36819,10.00
0.114490,5.534642,-0.363288,0.36849,10.00
0.114500,5.489499,-0.470313,0.36916,10.00
0.114510,5.442130,-0.500000,0.37010,10.00
0.114520,5.394894,-0.500000,0.37119,10.00
0.114530,5.347873,-0.500000,0.37242,10.00
0.114540,5.301065,-0.500000,0.37377,10.00
0.114550,5.254393,-0.500000,0.37526,10.00
0.114560,5.207628,-0.500000,0.37689,10.00
0.114570,5.161074,-0.500000,0.37866,10.00
0.114580,5.114732,-0.500000,0.38055,10.00
0.114590,5.068600,-0.500000,0.38257,10.00
0.114600,5.022790,-0.500000,0.38471,10.00
0.114610,4.977639,-0.500000,0.38696,10.00
0.114620,4.932692,-0.500000,0.38933,10.00
0.114630,4.887949,-0.500000,0.39183,10.00
0.114640,4.843409,-0.500000,0.39444,10.00
0.114650,4.799204,-0.500000,0.39719,10.00
0.114660,4.755783,-0.497008,0.40002,10.00
0.114670,4.712905,-0.486277,0.40295,10.00
0.114680,4.670920,-0.467773,0.40597,10.00
0.114690,4.630176,-0.441551,0.40906,10.00
0.114700,4.590860,-0.407722,0.41219,10.00
0.114710,4.552846,-0.366384,0.41539,10.00
0.114720,4.517081,-0.317715,0.41858,10.00
0.114730,4.483879,-0.262003,0.42176,10.00
0.114740,4.453539,-0.199594,0.42489,10.00
0.114750,4.426335,-0.130887,0.42796,10.00
0.114760,4.402504,-0.056330,0.43093,10.00
0.114770,4.382312,0.023576,0.43380,10.00
0.114780,4.365970,0.108282,0.43653,10.00
0.114790,4.353662,0.197196,0.43910,10.00
0.114800,4.345743,0.289686,0.44150,10.00
0.114810,4.342930,0.384991,0.44365,10.00
0.114820,4.344512,0.482349,0.44559,10.00
0.114830,4.350544,0.581037,0.44729,10.00
0.114840,4.361044,0.680317,0.44875,10.00
0.114850,4.375776,0.779434,0.44994,10.00
0.114860,4.394024,0.877734,0.45093,10.00
0.114870,4.416612,0.974527,0.45163,10.00
0.114880,4.443429,1.069053,0.45205,10.00
0.114890,4.474334,1.160560,0.45218,10.00
0.114900,4.509350,1.248311,0.45201,10.00
0.114910,4.548863,1.331490,0.45150,10.00
0.114920,4.591828,1.409341,0.45069,10.00
0.114930,4.637970,1.481201,0.44958,10.00
0.114940,4.686984,1.546447,0.44819,10.00
0.114950,4.738481,1.604497,0.44651,10.00
0.114960,4.791923,1.654848,0.44458,10.00
0.114970,4.847186,1.697041,0.44239,10.00
0.114980,4.903881,1.730650,0.43996,10.00
0.114990,4.961601,1.755313,0.43730,10.00
0.115000,5.019652,1.770729,0.43444,10.00
0.115010,5.076785,1.776800,0.43145,10.00
0.115020,5.133679,1.773451,0.42830,10.00
0.115030,5.189904,1.760590,0.42502,10.00
0.115040,5.245031,1.738199,0.42161,10.00
0.115050,5.298681,1.706329,0.41811,10.00
0.115060,5.350577,1.665082,0.41454,10.00
0.115070,5.400115,1.614641,0.41092,10.00
0.115080,5.446895,1.555276,0.40730,10.00
0.115090,5.490534,1.487329,0.40369,10.00
0.115100,5.530654,1.411210,0.40013,10.00
0.115110,5.566867,1.327406,0.39664,10.00
0.115120,5.598917,1.236464,0.39325,10.00
0.115130,5.626515,1.138989,0.39000,10.00
0.115140,5.649403,1.035642,0.38690,10.00
0.115150,5.667512,0.927137,0.38398,10.00
0.115160,5.681118,0.814161,0.38123,10.00
0.115170,5.689433,0.697466,0.37870,10.00
0.115180,5.692334,0.577895,0.37643,10.00
0.115190,5.689739,0.456322,0.37443,10.00
0.115200,5.681674,0.333648,0.37272,10.00
0.115210,5.668336,0.210759,0.37130,10.00
0.115220,5.649499,0.088566,0.37020,10.00
0.115230,5.625244,-0.031993,0.36944,10.00
0.115240,5.595696,-0.149983,0.36903,10.00
0.115250,5.560927,-0.264474,0.36896,10.00
0.115260,5.520868,-0.374508,0.36928,10.00
0.115270,5.476141,-0.479165,0.36996,10.00
0.115280,5.428801,-0.500000,0.37095,10.00
0.115290,5.381670,-0.500000,0.37208,10.00
0.115300,5.334827,-0.500000,0.37334,10.00
0.115310,5.288494,-0.500000,0.37471,10.00
0.115320,5.242372,-0.500000,0.37621,10.00
0.115330,5.196458,-0.500000,0.37783,10.00
0.115340,5.150753,-0.500000,0.37959,10.00
0.115350,5.105235,-0.500000,0.38146,10.00
0.115360,5.059841,-0.500000,0.38348,10.00
0.115370,5.014652,-0.500000,0.38561,10.00
0.115380,4.969669,-0.500000,0.38787,10.00
0.115390,4.924890,-0.500000,0.39026,10.00
0.115400,4.880369,-0.500000,0.39277,10.00
0.115410,4.836271,-0.500000,0.39539,10.00
0.115420,4.792373,-0.499972,0.39813,10.00
0.115430,4.748778,-0.495167,0.40099,10.00
0.115440,4.705812,-0.482559,0.40395,10.00
0.115450,4.663820,-0.462153,0.40699,10.00
0.115460,4.623138,-0.434016,0.41010,10.00
0.115470,4.584125,-0.398272,0.41325,10.00
0.115480,4.547113,-0.355106,0.41641,10.00
0.115490,4.512425,-0.304765,0.41957,10.00
0.115500,4.480160,-0.247548,0.42270,10.00
0.115510,4.449996,-0.183715,0.42584,10.00
0.115520,4.423038,-0.113611,0.42890,10.00
0.115530,4.399543,-0.037698,0.43187,10.00
0.115540,4.379745,0.043511,0.43473,10.00
0.115550,4.363901,0.129456,0.43744,10.00
0.115560,4.352333,0.219512,0.43998,10.00
0.115570,4.345001,0.313022,0.44235,10.00
0.115580,4.342022,0.409311,0.44451,10.00
0.115590,4.343486,0.507675,0.44645,10.00
0.115600,4.349416,0.607386,0.44816,10.00
0.115610,4.359749,0.707708,0.44963,10.00
0.115620,4.374586,0.807890,0.45084,10.00
0.115630,4.393879,0.907163,0.45177,10.00
0.115640,4.417546,1.004756,0.45242,10.00
0.115650,4.445351,1.099899,0.45279,10.00
0.115660,4.476790,1.191893,0.45288,10.00
0.115670,4.512158,1.280033,0.45268,10.00
0.115680,4.551243,1.363596,0.45218,10.00
0.115690,4.593800,1.441888,0.45138,10.00
0.115700,4.639768,1.514243,0.45029,10.00
0.115710,4.689473,1.579933,0.44885,10.00
0.115720,4.741736,1.638306,0.44713,10.00
0.115730,4.796198,1.688823,0.44514,10.00
0.115740,4.852479,1.731003,0.44289,10.00
0.115750,4.910211,1.764419,0.44039,10.00
0.115760,4.969065,1.788692,0.43765,10.00
0.115770,5.028496,1.803515,0.43471,10.00
0.115780,5.088068,1.808656,0.43157,10.00
0.115790,5.147335,1.803957,0.42827,10.00
0.115800,5.205880,1.789331,0.42482,10.00
0.115810,5.263347,1.764751,0.42124,10.00
0.115820,5.319167,1.730271,0.41758,10.00
0.115830,5.372904,1.686032,0.41385,10.00
0.115840,5.424128,1.632248,0.41008,10.00
0.115850,5.472245,1.569213,0.40630,10.00
0.115860,5.516315,1.497378,0.40259,10.00
0.115870,5.556699,1.417242,0.39894,10.00
0.115880,5.593049,1.329312,0.39536,10.00
0.115890,5.625045,1.234161,0.39190,10.00
0.115900,5.652705,1.132425,0.38857,10.00
0.115910,5.676680,1.024649,0.38534,10.00
0.115920,5.695507,0.911478,0.38229,10.00
0.115930,5.708985,0.793708,0.37946,10.00
0.115940,5.716953,0.672179,0.37687,10.00
0.115950,5.718994,0.547768,0.37454,10.00
0.115960,5.714151,0.421529,0.37257,10.00
0.115970,5.703578,0.294496,0.37091,10.00
0.115980,5.687289,0.167625,0.36958,10.00
0.115990,5.665345,0.041883,0.36858,10.00
0.116000,5.637873,-0.081760,0.36793,10.00
0.116010,5.605088,-0.202349,0.36764,10.00
0.116020,5.567086,-0.318938,0.36772,10.00
0.116030,5.524098,-0.430590,0.36817,10.00
0.116040,5.476869,-0.500000,0.36899,10.00
0.116050,5.429023,-0.500000,0.37000,10.00
0.116060,5.380942,-0.500000,0.37118,10.00
0.116070,5.333080,-0.500000,0.37249,10.00
0.116080,5.285435,-0.500000,0.37393,10.00
0.116090,5.238006,-0.500000,0.37551,10.00
0.116100,5.190932,-0.500000,0.37721,10.00
0.116110,5.144626,-0.500000,0.37901,10.00
0.116120,5.098531,-0.500000,0.38094,10.00
0.116130,5.052644,-0.500000,0.38300,10.00
0.116140,5.006966,-0.500000,0.38518,10.00
0.116150,4.961310,-0.500000,0.38749,10.00
0.116160,4.915119,-0.500000,0.38997,10.00
0.116170,4.869138,-0.500000,0.39258,10.00
0.116180,4.823366,-0.500000,0.39532,10.00
0.116190,4.777804,-0.499668,0.39819,10.00
0.116200,4.732813,-0.493184,0.40117,10.00
0.116210,4.689355,-0.478696,0.40421,10.00
0.116220,4.646969,-0.456289,0.40732,10.00
0.116230,4.606005,-0.426043,0.41050,10.00
0.116240,4.566809,-0.388101,0.41370,10.00
0.116250,4.529913,-0.342664,0.41693,10.00
0.116260,4.496219,-0.290088,0.42009,10.00
0.116270,4.465248,-0.230754,0.42321,10.00
0.116280,4.437286,-0.165040,0.42628,10.00
0.116290,4.412596,-0.093374,0.42927,10.00
0.116300,4.391391,-0.016235,0.43215,10.00
0.116310,4.373802,0.065864,0.43492,10.00
0.116320,4.360140,0.152362,0.43754,10.00
0.116330,4.350570,0.242648,0.43999,10.00
0.116340,4.345227,0.336074,0.44225,10.00
0.116350,4.344165,0.431963,0.44431,10.00
0.116360,4.347300,0.529634,0.44617,10.00
0.116370,4.354883,0.628377,0.44778,10.00
0.116380,4.366924,0.727447,0.44915,10.00
0.116390,4.383397,0.826090,0.45025,10.00
0.116400,4.404131,0.923543,0.45107,10.00
0.116410,4.428708,1.019099,0.45165,10.00
0.116420,4.457441,1.112038,0.45193,10.00
0.116430,4.490171,1.201615,0.45192,10.00
0.116440,4.526708,1.287103,0.45162,10.00
0.116450,4.566798,1.367798,0.45102,10.00
0.116460,4.610096,1.443037,0.45014,10.00
0.116470,4.656448,1.512188,0.44896,10.00
0.116480,4.705546,1.574647,0.44751,10.00
0.116490,4.757060,1.629851,0.44578,10.00
0.116500,4.810676,1.677291,0.44378,10.00
0.116510,4.866142,1.716486,0.44153,10.00
0.116520,4.922899,1.747021,0.43903,10.00
0.116530,4.980540,1.768556,0.43632,10.00
0.116540,5.038646,1.780814,0.43341,10.00
0.116550,5.096860,1.783585,0.43031,10.00
0.116560,5.154969,1.776696,0.42704,10.00
0.116570,5.212237,1.760053,0.42363,10.00
0.116580,5.268224,1.733663,0.42012,10.00
0.116590,5.322496,1.697606,0.41651,10.00
0.116600,5.374734,1.652036,0.41285,10.00
0.116610,5.424849,1.597129,0.40913,10.00
0.116620,5.471997,1.533153,0.40541,10.00
0.116630,5.515791,1.460482,0.40172,10.00
0.116640,5.555861,1.379563,0.39808,10.00
0.116650,5.591362,1.290908,0.39453,10.00
0.116660,5.620474,1.195342,0.39122,10.00
0.116670,5.644950,1.093669,0.38805,10.00
0.116680,5.664551,0.986588,0.38506,10.00
0.116690,5.679076,0.874847,0.38227,10.00
0.116700,5.688714,0.759240,0.37971,10.00
0.116710,5.694404,0.640425,0.37729,10.00
0.116720,5.694606,0.519151,0.37514,10.00
0.116730,5.689260,0.396310,0.37328,10.00
0.116740,5.678343,0.272818,0.37171,10.00
0.116750,5.661748,0.149604,0.37046,10.00
0.116760,5.639156,0.027673,0.36958,10.00
0.116770,5.611193,-0.091993,0.36904,10.00
0.116780,5.578011,-0.208454,0.36885,10.00
0.116790,5.539805,-0.320788,0.36902,10.00
0.116800,5.496645,-0.428088,0.36956,10.00
0.116810,5.448673,-0.500000,0.37049,10.00
0.116820,5.400084,-0.500000,0.37164,10.00
0.116830,5.351716,-0.500000,0.37291,10.00
0.116840,5.303566,-0.500000,0.37433,10.00
0.116850,5.255844,-0.500000,0.37587,10.00
0.116860,5.209168,-0.500000,0.37750,10.00
0.116870,5.162704,-0.500000,0.37925,10.00
0.116880,5.116450,-0.500000,0.38113,10.00
0.116890,5.070407,-0.500000,0.38314,10.00
0.116900,5.024810,-0.500000,0.38528,10.00
0.116910,4.980366,-0.500000,0.38748,10.00
0.116920,4.936123,-0.500000,0.38981,10.00
0.116930,4.892082,-0.500000,0.39226,10.00
0.116940,4.848240,-0.500000,0.39483,10.00
0.116950,4.804336,-0.500000,0.39752,10.00
0.116960,4.759644,-0.497014,0.40040,10.00
0.116970,4.715505,-0.486120,0.40339,10.00
0.116980,4.672277,-0.467263,0.40646,10.00
0.116990,4.630317,-0.440498,0.40961,10.00
0.117000,4.590021,-0.405936,0.41280,10.00
0.117010,4.551866,-0.363777,0.41601,10.00
0.117020,4.515999,-0.314267,0.41921,10.00
0.117030,4.482734,-0.257702,0.42240,10.00
0.117040,4.452370,-0.194431,0.42553,10.00
0.117050,4.425160,-0.124860,0.42860,10.00
0.117060,4.401277,-0.049436,0.43159,10.00
0.117070,4.381072,0.031344,0.43446,10.00
0.117080,4.364757,0.116923,0.43719,10.00
0.117090,4.352516,0.206704,0.43976,10.00
0.117100,4.344588,0.300048,0.44216,10.00
0.117110,4.341356,0.396240,0.44434,10.00
0.117120,4.342562,0.494551,0.44630,10.00
0.117130,4.348264,0.594253,0.44802,10.00
0.117140,4.358485,0.694598,0.44950,10.00
0.117150,4.372937,0.794826,0.45072,10.00
0.117160,4.390759,0.894299,0.45173,10.00
0.117170,4.412978,0.992335,0.45247,10.00
0.117180,4.439486,1.088166,0.45291,10.00
0.117190,4.470144,1.181032,0.45307,10.00
0.117200,4.504928,1.270184,0.45292,10.00
0.117210,4.544079,1.354823,0.45244,10.00
0.117220,4.586751,1.434196,0.45166,10.00
0.117230,4.632671,1.507631,0.45058,10.00
0.117240,4.681538,1.574495,0.44921,10.00
0.117250,4.732683,1.634192,0.44755,10.00
0.117260,4.784738,1.686345,0.44571,10.00
0.117270,4.838709,1.730570,0.44361,10.00
0.117280,4.894215,1.766433,0.44127,10.00
0.117290,4.950860,1.793555,0.43870,10.00
0.117300,5.008703,1.811622,0.43591,10.00
0.117310,5.068722,1.820154,0.43281,10.00
0.117320,5.128587,1.818818,0.42954,10.00
0.117330,5.187849,1.807499,0.42611,10.00
0.117340,5.246055,1.786161,0.42256,10.00
0.117350,5.302603,1.754842,0.41890,10.00
0.117360,5.356590,1.713732,0.41520,10.00
0.117370,5.408206,1.663071,0.41146,10.00
0.117380,5.457036,1.603128,0.40771,10.00
0.117390,5.502679,1.534245,0.40397,10.00
0.117400,5.544616,1.456836,0.40027,10.00
0.117410,5.582073,1.371451,0.39667,10.00
0.117420,5.615283,1.278690,0.39318,10.00
0.117430,5.643947,1.179165,0.38982,10.00
0.117440,5.667797,1.073553,0.38662,10.00
0.117450,5.686735,0.962581,0.38360,10.00
0.117460,5.700974,0.846963,0.38076,10.00
0.117470,5.709793,0.727475,0.37815,10.00
0.117480,5.713066,0.604980,0.37579,10.00
0.117490,5.710705,0.480373,0.37371,10.00
0.117500,5.702531,0.354576,0.37194,10.00
0.117510,5.688138,0.228595,0.37051,10.00
0.117520,5.668114,0.103432,0.36941,10.00
0.117530,5.642547,-0.019952,0.36866,10.00
0.117540,5.611569,-0.140597,0.36826,10.00
0.117550,5.575599,-0.257552,0.36823,10.00
0.117560,5.535580,-0.370000,0.36850,10.00
0.117570,5.490782,-0.477110,0.36914,10.00
0.117580,5.443248,-0.500000,0.37009,10.00
0.117590,5.395910,-0.500000,0.37119,10.00
0.117600,5.348669,-0.500000,0.37242,10.00
0.117610,5.301172,-0.500000,0.37380,10.00
0.117620,5.253891,-0.500000,0.37532,10.00
0.117630,5.206824,-0.500000,0.37697,10.00
0.117640,5.159970,-0.500000,0.37876,10.00
0.117650,5.113545,-0.500000,0.38067,10.00
0.117660,5.068187,-0.500000,0.38265,10.00
0.117670,5.023036,-0.500000,0.38476,10.00
0.117680,4.978089,-0.500000,0.38699,10.00
0.117690,4.933347,-0.500000,0.38935,10.00
0.117700,4.888814,-0.500000,0.39183,10.00
0.117710,4.844509,-0.500000,0.39444,10.00
0.117720,4.800405,-0.500000,0.39716,10.00
0.117730,4.756554,-0.497096,0.40001,10.00
0.117740,4.713244,-0.486413,0.40297,10.00
0.117750,4.670740,-0.467891,0.40601,10.00
0.117760,4.629133,-0.441539,0.40914,10.00
0.117770,4.589121,-0.407439,0.41232,10.00
0.117780,4.551045,-0.365765,0.41552,10.00
0.117790,4.515234,-0.316747,0.41873,10.00
0.117800,4.482051,-0.260675,0.42191,10.00
0.117810,4.451943,-0.197920,0.42504,10.00
0.117820,4.424991,-0.128901,0.42810,10.00
0.117830,4.401452,-0.054073,0.43106,10.00
0.117840,4.381562,0.026060,0.43391,10.00
0.117850,4.365319,0.110945,0.43663,10.00
0.117860,4.352276,0.200092,0.43924,10.00
0.117870,4.343441,0.292935,0.44168,10.00
0.117880,4.338943,0.388807,0.44393,10.00
0.117890,4.338881,0.487010,0.44596,10.00
0.117900,4.343672,0.586820,0.44776,10.00
0.117910,4.354393,0.687321,0.44923,10.00
0.117920,4.369622,0.787639,0.45043,10.00
0.117930,4.389310,0.887002,0.45136,10.00
0.117940,4.413374,0.984637,0.45201,10.00
0.117950,4.441633,1.079774,0.45236,10.00
0.117960,4.473755,1.171685,0.45243,10.00
0.117970,4.509798,1.259643,0.45220,10.00
0.117980,4.549542,1.342928,0.45168,10.00
0.117990,4.592742,1.420844,0.45085,10.00
0.118000,4.638823,1.492728,0.44973,10.00
0.118010,4.686603,1.558099,0.44839,10.00
0.118020,4.736943,1.616472,0.44678,10.00
0.118030,4.789499,1.667313,0.44490,10.00
0.118040,4.843908,1.710141,0.44276,10.00
0.118050,4.899933,1.744528,0.44038,10.00
0.118060,4.957616,1.770036,0.43774,10.00
0.118070,5.015945,1.786311,0.43489,10.00
0.118080,5.074491,1.793114,0.43184,10.00
0.118090,5.132817,1.790275,0.42863,10.00
0.118100,5.190283,1.777696,0.42527,10.00
0.118110,5.245851,1.755449,0.42184,10.00
0.118120,5.299896,1.723649,0.41832,10.00
0.118130,5.351996,1.682420,0.41473,10.00
0.118140,5.401736,1.631960,0.41110,10.00
0.118150,5.448822,1.572537,0.40746,10.00
0.118160,5.493183,1.504442,0.40381,10.00
0.118170,5.534025,1.428054,0.40020,10.00
0.118180,5.571001,1.343850,0.39666,10.00
0.118190,5.603790,1.252375,0.39323,10.00
0.118200,5.632235,1.154236,0.38992,10.00
0.118210,5.656491,1.050030,0.38673,10.00
0.118220,5.675759,0.940430,0.38372,10.00
0.118230,5.689837,0.826203,0.38092,10.00
0.118240,5.698563,0.708161,0.37835,10.00
0.118250,5.701643,0.587156,0.37603,10.00
0.118260,5.698498,0.464152,0.37403,10.00
0.118270,5.689754,0.340113,0.37232,10.00
0.118280,5.675416,0.215971,0.37093,10.00
0.118290,5.655531,0.092669,0.36987,10.00
0.118300,5.630265,-0.028846,0.36914,10.00
0.118310,5.599986,-0.147666,0.36875,10.00
0.118320,5.564549,-0.262880,0.36871,10.00
0.118330,5.524165,-0.373567,0.36904,10.00
0.118340,5.479086,-0.478833,0.36972,10.00
0.118350,5.431335,-0.500000,0.37072,10.00
0.118360,5.383646,-0.500000,0.37187,10.00
0.118370,5.336173,-0.500000,0.37315,10.00
0.118380,5.288915,-0.500000,0.37457,10.00
0.118390,5.241872,-0.500000,0.37611,10.00
0.118400,5.195344,-0.500000,0.37779,10.00
0.118410,5.150227,-0.500000,0.37951,10.00
0.118420,5.105315,-0.500000,0.38136,10.00
0.118430,5.060606,-0.500000,0.38334,10.00
0.118440,5.016101,-0.500000,0.38544,10.00
0.118450,4.971455,-0.500000,0.38766,10.00
0.118460,4.925644,-0.500000,0.39009,10.00
0.118470,4.880040,-0.500000,0.39265,10.00
0.118480,4.834644,-0.500000,0.39534,10.00
0.118490,4.789454,-0.499913,0.39815,10.00
0.118500,4.744888,-0.494686,0.40108,10.00
0.118510,4.702183,-0.481585,0.40404,10.00
0.118520,4.660477,-0.460721,0.40708,10.00
0.118530,4.620117,-0.432164,0.41019,10.00
0.118540,4.581442,-0.396043,0.41332,10.00
0.118550,4.544563,-0.352548,0.41648,10.00
0.118560,4.509144,-0.301821,0.41968,10.00
0.118570,4.476378,-0.244094,0.42286,10.00
0.118580,4.446563,-0.179727,0.42599,10.00
0.118590,4.419974,-0.109136,0.42905,10.00
0.118600,4.396800,-0.032788,0.43201,10.00
0.118610,4.377073,0.048832,0.43486,10.00
0.118620,4.361270,0.135183,0.43758,10.00
0.118630,4.349571,0.225661,0.44014,10.00
0.118640,4.342127,0.319620,0.44252,10.00
0.118650,4.339081,0.416383,0.44469,10.00
0.118660,4.340584,0.515232,0.44665,10.00
0.118670,4.346605,0.615427,0.44836,10.00
0.118680,4.357164,0.716216,0.44983,10.00
0.118690,4.372245,0.816835,0.45103,10.00
0.118700,4.391786,0.916511,0.45196,10.00
0.118710,4.415654,1.014477,0.45261,10.00
0.118720,4.443794,1.109965,0.45296,10.00
0.118730,4.476054,1.202215,0.45302,10.00
0.118740,4.512247,1.290481,0.45278,10.00
0.118750,4.552195,1.374038,0.45223,10.00
0.118760,4.595763,1.452169,0.45138,10.00
0.118770,4.642515,1.524198,0.45023,10.00
0.118780,4.692142,1.589497,0.44879,10.00
0.118790,4.744309,1.647484,0.44707,10.00
0.118800,4.798506,1.697626,0.44507,10.00
0.118810,4.853895,1.739515,0.44286,10.00
0.118820,4.910700,1.772780,0.44040,10.00
0.118830,4.968513,1.797059,0.43772,10.00
0.118840,5.026914,1.812054,0.43483,10.00
0.118850,5.085678,1.817538,0.43175,10.00
0.118860,5.144986,1.813248,0.42845,10.00
0.118870,5.203559,1.799030,0.42501,10.00
0.118880,5.260951,1.774869,0.42144,10.00
0.118890,5.316716,1.740825,0.41779,10.00
0.118900,5.370629,1.697035,0.41406,10.00
0.118910,5.422891,1.643611,0.41025,10.00
0.118920,5.472234,1.580770,0.40642,10.00
0.118930,5.518253,1.508876,0.40261,10.00
0.118940,5.560566,1.428364,0.39885,10.00
0.118950,5.598546,1.339739,0.39517,10.00
0.118960,5.631075,1.243704,0.39166,10.00
0.118970,5.658914,1.140985,0.38830,10.00
0.118980,5.681800,1.032281,0.38510,10.00
0.118990,5.699506,0.918345,0.38209,10.00
0.119000,5.712131,0.799980,0.37930,10.00
0.119010,5.720397,0.677890,0.37669,10.00
0.119020,5.723003,0.552863,0.37433,10.00
0.119030,5.719866,0.425815,0.37227,10.00
0.119040,5.710946,0.297686,0.37050,10.00
0.119050,5.695974,0.169439,0.36906,10.00
0.119060,5.674187,0.042177,0.36803,10.00
0.119070,5.646778,-0.083029,0.36736,10.00
0.119080,5.613890,-0.205204,0.36705,10.00
0.119090,5.575714,-0.323381,0.36711,10.00
0.119100,5.532371,-0.436613,0.36754,10.00
0.119110,5.484432,-0.500000,0.36837,10.00
0.119120,5.436156,-0.500000,0.36939,10.00
0.119130,5.388100,-0.500000,0.37055,10.00
0.119140,5.340262,-0.500000,0.37183,10.00
0.119150,5.292917,-0.500000,0.37325,10.00
0.119160,5.246892,-0.500000,0.37473,10.00
0.119170,5.201076,-0.500000,0.37634,10.00
0.119180,5.155468,-0.500000,0.37807,10.00
0.119190,5.110066,-0.500000,0.37993,10.00
0.119200,5.064707,-0.500000,0.38192,10.00
0.119210,5.018899,-0.500000,0.38407,10.00
0.119220,4.973299,-0.500000,0.38635,10.00
0.119230,4.927906,-0.500000,0.38876,10.00
0.119240,4.882719,-0.500000,0.39129,10.00
0.119250,4.837803,-0.500000,0.39395,10.00
0.119260,4.793355,-0.500000,0.39671,10.00
0.119270,4.749163,-0.496925,0.39960,10.00
0.119280,4.705527,-0.485958,0.40259,10.00
0.119290,4.662801,-0.467074,0.40568,10.00
0.119300,4.621232,-0.440326,0.40882,10.00
0.119310,4.580842,-0.405778,0.41205,10.00
0.119320,4.542412,-0.363568,0.41529,10.00
0.119330,4.506274,-0.313932,0.41854,10.00
0.119340,4.472749,-0.257162,0.42177,10.00
0.119350,4.442204,-0.193611,0.42495,10.00
0.119360,4.415126,-0.123720,0.42804,10.00
0.119370,4.391503,-0.047971,0.43104,10.00
0.119380,4.371571,0.033125,0.43393,10.00
0.119390,4.355542,0.119008,0.43667,10.00
0.119400,4.343737,0.209077,0.43926,10.00
0.119410,4.336718,0.302626,0.44163,10.00
0.119420,4.334053,0.398933,0.44380,10.00
0.119430,4.335829,0.497293,0.44576,10.00
0.119440,4.342098,0.596977,0.44747,10.00
0.119450,4.352781,0.697236,0.44894,10.00
0.119460,4.367569,0.797357,0.45017,10.00
0.119470,4.386812,0.896602,0.45113,10.00
0.119480,4.410428,0.994201,0.45180,10.00
0.119490,4.438303,1.089384,0.45219,10.00
0.119500,4.470501,1.181393,0.45228,10.00
0.119510,4.507483,1.269380,0.45201,10.00
0.119520,4.548161,1.352552,0.45144,10.00
0.119530,4.592280,1.430212,0.45057,10.00
0.119540,4.639556,1.501698,0.44941,10.00
0.119550,4.689242,1.566387,0.44795,10.00
0.119560,4.739701,1.623909,0.44632,10.00
0.119570,4.792337,1.673877,0.44443,10.00
0.119580,4.846784,1.715817,0.44228,10.00
0.119590,4.902658,1.749306,0.43990,10.00
0.119600,4.959737,1.773985,0.43728,10.00
0.119610,5.018140,1.789470,0.43442,10.00
0.119620,5.076724,1.795468,0.43136,10.00
0.119630,5.135051,1.791817,0.42814,10.00
0.119640,5.192682,1.778425,0.42478,10.00
0.119650,5.248933,1.755271,0.42129,10.00
0.119660,5.302631,1.722531,0.41778,10.00
0.119670,5.354345,1.680415,0.41420,10.00
0.119680,5.403662,1.629126,0.41059,10.00
0.119690,5.450185,1.568943,0.40696,10.00
0.119700,5.493784,1.500213,0.40336,10.00
0.119710,5.534844,1.423232,0.39974,10.00
0.119720,5.572010,1.338402,0.39619,10.00
0.119730,5.604958,1.246274,0.39274,10.00
0.119740,5.633391,1.147456,0.38943,10.00
0.119750,5.656980,1.042620,0.38626,10.00
0.119760,5.675297,0.932519,0.38330,10.00
0.119770,5.688410,0.817949,0.38055,10.00
0.119780,5.696163,0.699726,0.37803,10.00
0.119790,5.698437,0.578704,0.37577,10.00
0.119800,5.695176,0.455770,0.37379,10.00
0.119810,5.686404,0.331825,0.37209,10.00
0.119820,5.672043,0.207792,0.37071,10.00
0.119830,5.652139,0.084613,0.36966,10.00
0.119840,5.626782,-0.036764,0.36895,10.00
0.119850,5.595903,-0.155394,0.36858,10.00
0.119860,5.559078,-0.270245,0.36863,10.00
0.119870,5.517336,-0.380333,0.36904,10.00
0.119880,5.470939,-0.484762,0.36982,10.00
0.119890,5.422190,-0.500000,0.37090,10.00
0.119900,5.374053,-0.500000,0.37212,10.00
0.119910,5.327696,-0.500000,0.37337,10.00
0.119920,5.281549,-0.500000,0.37475,10.00
0.119930,5.235611,-0.500000,0.37626,10.00
0.119940,5.189882,-0.500000,0.37790,10.00
0.119950,5.144229,-0.500000,0.37966,10.00
0.119960,5.098257,-0.500000,0.38158,10.00
0.119970,5.052494,-0.500000,0.38363,10.00
0.119980,5.006938,-0.500000,0.38581,10.00
0.119990,4.961589,-0.500000,0.38811,10.00
0.120000,4.916343,-0.500000,0.39054,10.00
0.120010,4.870889,-0.500000,0.39312,10.00
0.120020,4.825642,-0.500000,0.39583,10.00
0.120030,4.780605,-0.499545,0.39866,10.00
0.120040,4.735943,-0.492821,0.40161,10.00
0.120050,4.692023,-0.478093,0.40466,10.00
0.120060,4.649258,-0.455389,0.40779,10.00
0.120070,4.607932,-0.424797,0.41097,10.00
0.120080,4.568394,-0.386460,0.41419,10.00
0.120090,4.530980,-0.340583,0.41743,10.00
0.120100,4.496250,-0.287429,0.42065,10.00
0.120110,4.465209,-0.227432,0.42378,10.00
0.120120,4.437206,-0.161049,0.42685,10.00
0.120130,4.412506,-0.088712,0.42984,10.00
0.120140,4.391350,-0.010905,0.43272,10.00
0.120150,4.374077,0.071839,0.43548,10.00
0.120160,4.361231,0.158887,0.43805,10.00
0.120170,4.352495,0.249585,0.44046,10.00
0.120180,4.347998,0.343281,0.44268,10.00
0.120190,4.347838,0.439293,0.44468,10.00
0.120200,4.351751,0.536912,0.44647,10.00
0.120210,4.358791,0.635569,0.44810,10.00
0.120220,4.370288,0.734626,0.44948,10.00
0.120230,4.386221,0.833331,0.45060,10.00
0.120240,4.406532,0.930922,0.45144,10.00
0.120250,4.431261,1.026638,0.45201,10.00
0.120260,4.460667,1.119661,0.45225,10.00
0.120270,4.494068,1.209202,0.45220,10.00
0.120280,4.531268,1.294535,0.45185,10.00
0.120290,4.572039,1.374952,0.45120,10.00
0.120300,4.616282,1.449780,0.45026,10.00
0.120310,4.664178,1.518299,0.44899,10.00
0.120320,4.714778,1.579857,0.44744,10.00
0.120330,4.767739,1.633896,0.44560,10.00
0.120340,4.822695,1.679911,0.44350,10.00
0.120350,4.878765,1.717449,0.44115,10.00
0.120360,4.934075,1.746357,0.43870,10.00
0.120370,4.990207,1.766468,0.43603,10.00
0.120380,5.046751,1.777519,0.43316,10.00
0.120390,5.103288,1.779313,0.43013,10.00
0.120400,5.159367,1.771721,0.42694,10.00
0.120410,5.214480,1.754698,0.42363,10.00
0.120420,5.268314,1.728265,0.42021,10.00
0.120430,5.320451,1.692508,0.41672,10.00
0.120440,5.370477,1.647583,0.41318,10.00
0.120450,5.418295,1.593719,0.40960,10.00
0.120460,5.464410,1.531070,0.40596,10.00
0.120470,5.507239,1.459908,0.40233,10.00
0.120480,5.546424,1.380669,0.39877,10.00
0.120490,5.581628,1.293857,0.39528,10.00
0.120500,5.612609,1.200038,0.39191,10.00
0.120510,5.639288,1.099809,0.38866,10.00
0.120520,5.661140,0.993829,0.38557,10.00
0.120530,5.677945,0.882835,0.38268,10.00
0.120540,5.689519,0.767609,0.38000,10.00
0.120550,5.695609,0.648977,0.37755,10.00
0.120560,5.695791,0.527851,0.37540,10.00
0.120570,5.690429,0.405155,0.37353,10.00
0.120580,5.679504,0.281805,0.37196,10.00
0.120590,5.663035,0.158729,0.37071,10.00
0.120600,5.641009,0.036869,0.36979,10.00
0.120610,5.613297,-0.082797,0.36923,10.00
0.120620,5.580364,-0.199307,0.36903,10.00
0.120630,5.542402,-0.311737,0.36918,10.00
0.120640,5.499644,-0.419181,0.36969,10.00
0.120650,5.452371,-0.500000,0.37057,10.00
0.120660,5.403493,-0.500000,0.37172,10.00
0.120670,5.354837,-0.500000,0.37300,10.00
0.120680,5.306401,-0.500000,0.37442,10.00
0.120690,5.258185,-0.500000,0.37597,10.00
0.120700,5.210309,-0.500000,0.37765,10.00
0.120710,5.163135,-0.500000,0.37944,10.00
0.120720,5.116174,-0.500000,0.38136,10.00
0.120730,5.069427,-0.500000,0.38340,10.00
0.120740,5.022891,-0.500000,0.38558,10.00
0.120750,4.976680,-0.500000,0.38789,10.00
0.120760,4.931128,-0.500000,0.39029,10.00
0.120770,4.885783,-0.500000,0.39282,10.00
0.120780,4.840644,-0.500000,0.39548,10.00
0.120790,4.795709,-0.500000,0.39826,10.00
0.120800,4.751070,-0.495302,0.40116,10.00
0.120810,4.707029,-0.482638,0.40417,10.00
0.120820,4.663980,-0.462011,0.40726,10.00
0.120830,4.622278,-0.433488,0.41042,10.00
0.120840,4.582271,-0.397195,0.41362,10.00
0.120850,4.544313,-0.353321,0.41684,10.00
0.120860,4.508768,-0.302119,0.42005,10.00
0.120870,4.475899,-0.243900,0.42324,10.00
0.120880,4.446005,-0.179027,0.42637,10.00
0.120890,4.419360,-0.107919,0.42943,10.00
0.120900,4.396522,-0.031047,0.43240,10.00
0.120910,4.378615,0.050923,0.43516,10.00
0.120920,4.364631,0.137326,0.43779,10.00
0.120930,4.354737,0.227553,0.44024,10.00
0.120940,4.349071,0.320958,0.44251,10.00
0.120950,4.347246,0.416863,0.44458,10.00
0.120960,4.347870,0.514802,0.44655,10.00
0.120970,4.352978,0.614208,0.44829,10.00
0.120980,4.362595,0.714337,0.44978,10.00
0.120990,4.376713,0.814431,0.45102,10.00
0.121000,4.395380,0.913724,0.45198,10.00
0.121010,4.418784,1.011402,0.45264,10.00
0.121020,4.446451,1.106668,0.45301,10.00
0.121030,4.478231,1.198763,0.45309,10.00
0.121040,4.513942,1.286944,0.45286,10.00
0.121050,4.553366,1.370486,0.45234,10.00
0.121060,4.596252,1.448696,0.45152,10.00
0.121070,4.642331,1.520909,0.45040,10.00
0.121080,4.691300,1.586499,0.44900,10.00
0.121090,4.742827,1.644883,0.44731,10.00
0.121100,4.796738,1.695525,0.44535,10.00
0.121110,4.853180,1.737858,0.44309,10.00
0.121120,4.911049,1.771396,0.44058,10.00
0.121130,4.969928,1.795777,0.43784,10.00
0.121140,5.029390,1.810698,0.43489,10.00
0.121150,5.088999,1.815930,0.43175,10.00
0.121160,5.148318,1.811310,0.42844,10.00
0.121170,5.206888,1.796751,0.42499,10.00
0.121180,5.264261,1.772239,0.42141,10.00
0.121190,5.319991,1.737839,0.41775,10.00
0.121200,5.373388,1.693690,0.41402,10.00
0.121210,5.423271,1.640130,0.41032,10.00
0.121220,5.470250,1.577532,0.40661,10.00
0.121230,5.513939,1.506262,0.40293,10.00
0.121240,5.553969,1.426755,0.39930,10.00
0.121250,5.590167,1.339515,0.39575,10.00
0.121260,5.622721,1.245030,0.39227,10.00
0.121270,5.650655,1.143873,0.38892,10.00
0.121280,5.673707,1.036733,0.38574,10.00
0.121290,5.691648,0.924352,0.38274,10.00
0.121300,5.704402,0.807521,0.37997,10.00
0.121310,5.712162,0.687016,0.37740,10.00
0.121320,5.714338,0.563672,0.37509,10.00
0.121330,5.710852,0.438393,0.37307,10.00
0.121340,5.701667,0.312107,0.37135,10.00
0.121350,5.686761,0.185764,0.36995,10.00
0.121360,5.666099,0.060336,0.36889,10.00
0.121370,5.639887,-0.063202,0.36818,10.00
0.121380,5.608263,-0.183888,0.36782,10.00
0.121390,5.571408,-0.300768,0.36783,10.00
0.121400,5.529388,-0.412908,0.36821,10.00
0.121410,5.482185,-0.500000,0.36900,10.00
0.121420,5.433990,-0.500000,0.37002,10.00
0.121430,5.386013,-0.500000,0.37118,10.00
0.121440,5.338255,-0.500000,0.37247,10.00
0.121450,5.290709,-0.500000,0.37389,10.00
0.121460,5.243362,-0.500000,0.37545,10.00
0.121470,5.196231,-0.500000,0.37713,10.00
0.121480,5.149313,-0.500000,0.37895,10.00
0.121490,5.102608,-0.500000,0.38089,10.00
0.121500,5.056047,-0.500000,0.38297,10.00
0.121510,5.009425,-0.500000,0.38519,10.00
0.121520,4.963014,-0.500000,0.38754,10.00
0.121530,4.916814,-0.500000,0.39002,10.00
0.121540,4.870824,-0.500000,0.39262,10.00
0.121550,4.825397,-0.500000,0.39536,10.00
0.121560,4.781593,-0.499757,0.39813,10.00
0.121570,4.738128,-0.493865,0.40101,10.00
0.121580,4.695341,-0.480161,0.40400,10.00
0.121590,4.653583,-0.458660,0.40706,10.00
0.121600,4.612991,-0.429437,0.41018,10.00
0.121610,4.573285,-0.392527,0.41340,10.00
0.121620,4.535641,-0.348056,0.41663,10.00
0.121630,4.500385,-0.296277,0.41985,10.00
0.121640,4.467831,-0.237501,0.42304,10.00
0.121650,4.438339,-0.172097,0.42619,10.00
0.121660,4.412383,-0.100519,0.42923,10.00
0.121670,4.389949,-0.023267,0.43218,10.00
0.121680,4.371265,0.059137,0.43501,10.00
0.121690,4.356530,0.146120,0.43769,10.00
0.121700,4.345886,0.237071,0.44021,10.00
0.121710,4.339375,0.331356,0.44255,10.00
0.121720,4.337246,0.428304,0.44468,10.00
0.121730,4.339581,0.527204,0.44660,10.00
0.121740,4.346429,0.627320,0.44827,10.00
0.121750,4.357846,0.727901,0.44970,10.00
0.121760,4.373939,0.828160,0.45085,10.00
0.121770,4.394481,0.927312,0.45172,10.00
0.121780,4.419379,1.024583,0.45231,10.00
0.121790,4.448509,1.119206,0.45260,10.00
0.121800,4.481562,1.210422,0.45259,10.00
0.121810,4.517906,1.297564,0.45233,10.00
0.121820,4.557913,1.379961,0.45176,10.00
0.121830,4.601331,1.456925,0.45090,10.00
0.121840,4.647880,1.527798,0.44974,10.00
0.121850,4.697415,1.591965,0.44830,10.00
0.121860,4.750084,1.648773,0.44653,10.00
0.121870,4.804877,1.697643,0.44450,10.00
0.121880,4.861411,1.738105,0.44221,10.00
0.121890,4.919285,1.769744,0.43967,10.00
0.121900,4.978123,1.792208,0.43691,10.00
0.121910,5.037614,1.805194,0.43393,10.00
0.121920,5.097159,1.808471,0.43077,10.00
0.121930,5.156316,1.801894,0.42744,10.00
0.121940,5.214635,1.785390,0.42398,10.00
0.121950,5.271696,1.758961,0.42040,10.00
0.121960,5.327133,1.722673,0.41673,10.00
0.121970,5.380406,1.676673,0.41299,10.00
0.121980,5.431092,1.621189,0.40923,10.00
0.121990,5.478778,1.556527,0.40546,10.00
0.122000,5.523027,1.483066,0.40172,10.00
0.122010,5.563326,1.401278,0.39805,10.00
0.122020,5.599517,1.311700,0.39446,10.00
0.122030,5.631281,1.214916,0.39099,10.00
0.122040,5.658328,1.111574,0.38766,10.00
0.122050,5.680392,1.002380,0.38451,10.00
0.122060,5.697222,0.888097,0.38155,10.00
0.122070,5.708671,0.769535,0.37881,10.00
0.122080,5.714592,0.647544,0.37633,10.00
0.122090,5.714879,0.523010,0.37411,10.00
0.122100,5.709367,0.396849,0.37219,10.00
0.122110,5.697739,0.270048,0.37059,10.00
0.122120,5.680416,0.143595,0.36933,10.00
0.122130,5.657467,0.018458,0.36841,10.00
0.122140,5.629002,-0.104396,0.36784,10.00
0.122150,5.595170,-0.224005,0.36763,10.00
0.122160,5.556141,-0.339417,0.36779,10.00
0.122170,5.512190,-0.449699,0.36832,10.00
0.122180,5.464509,-0.500000,0.36920,10.00
0.122190,5.416711,-0.500000,0.37026,10.00
0.122200,5.369269,-0.500000,0.37145,10.00
0.122210,5.322594,-0.500000,0.37273,10.00
0.122220,5.276131,-0.500000,0.37415,10.00
0.122230,5.229878,-0.500000,0.37569,10.00
0.122240,5.183835,-0.500000,0.37736,10.00
0.122250,5.137928,-0.500000,0.37915,10.00
0.122260,5.091936,-0.500000,0.38110,10.00
0.122270,5.046152,-0.500000,0.38317,10.00
0.122280,5.000575,-0.500000,0.38537,10.00
0.122290,4.955206,-0.500000,0.38769,10.00
0.122300,4.910120,-0.500000,0.39014,10.00
0.122310,4.865549,-0.500000,0.39269,10.00
0.122320,4.821179,-0.500000,0.39537,10.00
0.122330,4.777015,-0.499626,0.39817,10.00
0.122340,4.733212,-0.493191,0.40108,10.00
0.122350,4.690294,-0.478876,0.40410,10.00
0.122360,4.649153,-0.456788,0.40715,10.00
0.122370,4.609410,-0.427066,0.41025,10.00
0.122380,4.571400,-0.389850,0.41339,10.00
0.122390,4.535451,-0.345338,0.41654,10.00
0.122400,4.501564,-0.293787,0.41968,10.00
0.122410,4.469107,-0.235359,0.42286,10.00
0.122420,4.439630,-0.170321,0.42599,10.00
0.122430,4.413407,-0.099092,0.42905,10.00
0.122440,4.390693,-0.022147,0.43201,10.00
0.122450,4.371734,0.059994,0.43485,10.00
0.122460,4.356782,0.146753,0.43754,10.00
0.122470,4.345946,0.237515,0.44007,10.00
0.122480,4.339371,0.331633,0.44241,10.00
0.122490,4.337171,0.428425,0.44455,10.00
0.122500,4.339334,0.527181,0.44647,10.00
0.122510,4.345624,0.627214,0.44818,10.00
0.122520,4.356442,0.727804,0.44963,10.00
0.122530,4.371772,0.828186,0.45083,10.00
0.122540,4.391564,0.927590,0.45174,10.00
0.122550,4.415968,1.025240,0.45237,10.00
0.122560,4.445571,1.120254,0.45265,10.00
0.122570,4.479259,1.211793,0.45263,10.00
0.122580,4.516835,1.299116,0.45231,10.00
0.122590,4.558071,1.381499,0.45168,10.00
0.122600,4.602649,1.458253,0.45076,10.00
0.122610,4.650109,1.528749,0.44955,10.00
0.122620,4.700366,1.592387,0.44806,10.00
0.122630,4.753083,1.648596,0.44628,10.00
0.122640,4.807896,1.696855,0.44423,10.00
0.122650,4.864370,1.736695,0.44193,10.00
0.122660,4.921945,1.767734,0.43940,10.00
0.122670,4.980419,1.789641,0.43665,10.00
0.122680,5.039366,1.802137,0.43369,10.00
0.122690,5.098351,1.805007,0.43055,10.00
0.122700,5.157163,1.798112,0.42725,10.00
0.122710,5.216041,1.781270,0.42376,10.00
0.122720,5.273614,1.754412,0.42015,10.00
0.122730,5.329437,1.717619,0.41645,10.00
0.122740,5.383069,1.671046,0.41269,10.00
0.122750,5.434015,1.614929,0.40890,10.00
0.122760,5.481654,1.549609,0.40513,10.00
0.122770,5.525871,1.475492,0.40138,10.00
0.122780,5.566297,1.393034,0.39769,10.00
0.122790,5.602582,1.302759,0.39409,10.00
0.122800,5.634148,1.205258,0.39061,10.00
0.122810,5.659929,1.101310,0.38734,10.00
0.122820,5.680721,0.991709,0.38424,10.00
0.122830,5.696309,0.877222,0.38134,10.00
0.122840,5.706518,0.758659,0.37868,10.00
0.122850,5.711306,0.636871,0.37626,10.00
0.122860,5.710858,0.512701,0.37409,10.00
0.122870,5.704734,0.387031,0.37221,10.00
0.122880,5.692918,0.260800,0.37065,10.00
0.122890,5.675434,0.134961,0.36941,10.00
0.122900,5.652564,0.010476,0.36850,10.00
0.122910,5.625043,-0.111794,0.36790,10.00
0.122920,5.592181,-0.230960,0.36765,10.00
0.122930,5.554167,-0.346078,0.36777,10.00
0.122940,5.511236,-0.456223,0.36826,10.00
0.122950,5.464532,-0.500000,0.36909,10.00
0.122960,5.416957,-0.500000,0.37013,10.00
0.122970,5.369598,-0.500000,0.37131,10.00
0.122980,5.322454,-0.500000,0.37261,10.00
0.122990,5.275523,-0.500000,0.37405,10.00
0.123000,5.228759,-0.500000,0.37562,10.00
0.123010,5.182019,-0.500000,0.37733,10.00
0.123020,5.135491,-0.500000,0.37917,10.00
0.123030,5.089174,-0.500000,0.38113,10.00
0.123040,5.043067,-0.500000,0.38323,10.00
0.123050,4.997006,-0.500000,0.38545,10.00
0.123060,4.950503,-0.500000,0.38784,10.00
0.123070,4.904212,-0.500000,0.39036,10.00
0.123080,4.858130,-0.500000,0.39301,10.00
0.123090,4.812258,-0.500000,0.39579,10.00
0.123100,4.766811,-0.498956,0.39869,10.00
0.123110,4.722616,-0.490825,0.40166,10.00
0.123120,4.679207,-0.474726,0.40473,10.00
0.123130,4.636942,-0.450692,0.40786,10.00
0.123140,4.596173,-0.418817,0.41106,10.00
0.123150,4.557387,-0.379254,0.41428,10.00
0.123160,4.521338,-0.332285,0.41748,10.00
0.123170,4.487779,-0.278230,0.42066,10.00
0.123180,4.457009,-0.217422,0.42380,10.00
0.123190,4.429313,-0.150247,0.42688,10.00
0.123200,4.404806,-0.077145,0.42988,10.00
0.123210,4.383285,0.001465,0.43280,10.00
0.123220,4.365568,0.085093,0.43560,10.00
0.123230,4.351848,0.173158,0.43825,10.00
0.123240,4.342293,0.265037,0.44072,10.00
0.123250,4.337159,0.360072,0.44301,10.00
0.123260,4.336909,0.457514,0.44506,10.00
0.123270,4.341130,0.556605,0.44688,10.00
0.123280,4.349854,0.656606,0.44845,10.00
0.123290,4.363084,0.756762,0.44977,10.00
0.123300,4.380798,0.856305,0.45082,10.00
0.123310,4.402974,0.954459,0.45159,10.00
0.123320,4.429446,1.050450,0.45207,10.00
0.123330,4.460076,1.143515,0.45225,10.00
0.123340,4.494692,1.232907,0.45214,10.00
0.123350,4.532982,1.317895,0.45173,10.00
0.123360,4.574386,1.397826,0.45104,10.00
0.123370,4.619075,1.472061,0.45007,10.00
0.123380,4.666761,1.539962,0.44880,10.00
0.123390,4.717123,1.600931,0.44724,10.00
0.123400,4.769989,1.654416,0.44542,10.00
0.123410,4.825490,1.699833,0.44328,10.00
0.123420,4.882568,1.736682,0.44090,10.00
0.123430,4.940816,1.764574,0.43828,10.00
0.123440,4.999814,1.783185,0.43544,10.00
0.123450,5.058890,1.792257,0.43241,10.00
0.123460,5.116892,1.791717,0.42926,10.00
0.123470,5.174343,1.781528,0.42596,10.00
0.123480,5.230807,1.761648,0.42253,10.00
0.123490,5.285850,1.732107,0.41901,10.00
0.123500,5.339061,1.693010,0.41540,10.00
0.123510,5.390076,1.644528,0.41175,10.00
0.123520,5.438410,1.586908,0.40808,10.00
0.123530,5.483669,1.520474,0.40441,10.00
0.123540,5.525477,1.445624,0.40078,10.00
0.123550,5.563342,1.362824,0.39722,10.00
0.123560,5.596519,1.272672,0.39379,10.00
0.123570,5.625271,1.175810,0.39048,10.00
0.123580,5.649329,1.072892,0.38732,10.00
0.123590,5.668461,0.964626,0.38434,10.00
0.123600,5.682818,0.851771,0.38157,10.00
0.123610,5.693289,0.734958,0.37893,10.00
0.123620,5.698321,0.614913,0.37653,10.00
0.123630,5.697816,0.492510,0.37441,10.00
0.123640,5.691716,0.368649,0.37257,10.00
0.123650,5.679927,0.244256,0.37104,10.00
0.123660,5.662237,0.120307,0.36985,10.00
0.123670,5.639038,-0.002222,0.36899,10.00
0.123680,5.610447,-0.122383,0.36848,10.00
0.123690,5.576620,-0.239234,0.36833,10.00
0.123700,5.537750,-0.351845,0.36854,10.00
0.123710,5.494060,-0.459307,0.36912,10.00
0.123720,5.446973,-0.500000,0.37003,10.00
0.123730,5.399920,-0.500000,0.37110,10.00
0.123740,5.353080,-0.500000,0.37230,10.00
0.123750,5.306253,-0.500000,0.37363,10.00
0.123760,5.258837,-0.500000,0.37514,10.00
0.123770,5.211637,-0.500000,0.37678,10.00
0.123780,5.164651,-0.500000,0.37855,10.00
0.123790,5.117878,-0.500000,0.38046,10.00
0.123800,5.071462,-0.500000,0.38249,10.00
0.123810,5.025836,-0.500000,0.38461,10.00
0.123820,4.980417,-0.500000,0.38686,10.00
0.123830,4.935204,-0.500000,0.38924,10.00
0.123840,4.890196,-0.500000,0.39174,10.00
0.123850,4.845432,-0.500000,0.39437,10.00
0.123860,4.801031,-0.500000,0.39711,10.00
0.123870,4.756882,-0.497182,0.39997,10.00
0.123880,4.713271,-0.486564,0.40294,10.00
0.123890,4.670555,-0.468058,0.40599,10.00
0.123900,4.629011,-0.441716,0.40912,10.00
0.123910,4.588760,-0.407612,0.41231,10.00
0.123920,4.550447,-0.365894,0.41553,10.00
0.123930,4.514403,-0.316792,0.41875,10.00
0.123940,4.480945,-0.260597,0.42194,10.00
0.123950,4.450657,-0.197657,0.42510,10.00
0.123960,4.424670,-0.128512,0.42811,10.00
0.123970,4.402093,-0.053711,0.43103,10.00
0.123980,4.383156,0.026239,0.43383,10.00
0.123990,4.368058,0.110785,0.43649,10.00
0.124000,4.356923,0.199336,0.43900,10.00
0.124010,4.349736,0.291284,0.44134,10.00
0.124020,4.346831,0.385984,0.44348,10.00
0.124030,4.348295,0.482742,0.44541,10.00
0.124040,4.354182,0.580842,0.44711,10.00
0.124050,4.364376,0.679547,0.44856,10.00
0.124060,4.378466,0.778174,0.44979,10.00
0.124070,4.396947,0.876009,0.45076,10.00
0.124080,4.419744,0.972292,0.45144,10.00
0.124090,4.446746,1.066268,0.45184,10.00
0.124100,4.477696,1.157189,0.45195,10.00
0.124110,4.512078,1.244374,0.45180,10.00
0.124120,4.550143,1.327148,0.45135,10.00
0.124130,4.591654,1.404822,0.45061,10.00
0.124140,4.636347,1.476739,0.44958,10.00
0.124150,4.684014,1.542278,0.44826,10.00
0.124160,4.734592,1.600817,0.44664,10.00
0.124170,4.787394,1.651794,0.44476,10.00
0.124180,4.842051,1.694724,0.44262,10.00
0.124190,4.898178,1.729181,0.44023,10.00
0.124200,4.955626,1.754795,0.43762,10.00
0.124210,5.014727,1.771139,0.43473,10.00
0.124220,5.074041,1.777893,0.43165,10.00
0.124230,5.133126,1.774884,0.42839,10.00
0.124240,5.191539,1.762015,0.42500,10.00
0.124250,5.248577,1.739260,0.42147,10.00
0.124260,5.303035,1.706795,0.41792,10.00
0.124270,5.355514,1.664829,0.41431,10.00
0.124280,5.405596,1.613564,0.41065,10.00
0.124290,5.452877,1.553274,0.40698,10.00
0.124300,5.496746,1.484309,0.40333,10.00
0.124310,5.536165,1.407193,0.39978,10.00
0.124320,5.571698,1.322487,0.39631,10.00
0.124330,5.603032,1.230742,0.39295,10.00
0.124340,5.629884,1.132569,0.38972,10.00
0.124350,5.652358,1.028636,0.38665,10.00
0.124360,5.671302,0.919490,0.38367,10.00
0.124370,5.685081,0.805781,0.38090,10.00
0.124380,5.693532,0.688319,0.37835,10.00
0.124390,5.696534,0.567950,0.37606,10.00
0.124400,5.693830,0.445554,0.37405,10.00
0.124410,5.684869,0.322121,0.37237,10.00
0.124420,5.670343,0.198632,0.37100,10.00
0.124430,5.650301,0.076025,0.36996,10.00
0.124440,5.624834,-0.044756,0.36926,10.00
0.124450,5.593955,-0.162771,0.36890,10.00
0.124460,5.557491,-0.277031,0.36894,10.00
0.124470,5.516133,-0.386584,0.36933,10.00
0.124480,5.470141,-0.490540,0.37009,10.00
0.124490,5.422066,-0.500000,0.37114,10.00
0.124500,5.374452,-0.500000,0.37233,10.00
0.124510,5.328022,-0.500000,0.37358,10.00
0.124520,5.281803,-0.500000,0.37497,10.00
0.124530,5.235794,-0.500000,0.37648,10.00
0.124540,5.189993,-0.500000,0.37812,10.00
0.124550,5.144211,-0.500000,0.37989,10.00
0.124560,5.097880,-0.500000,0.38183,10.00
0.124570,5.051760,-0.500000,0.38390,10.00
0.124580,5.005848,-0.500000,0.38610,10.00
0.124590,4.960145,-0.500000,0.38842,10.00
0.124600,4.914665,-0.500000,0.39087,10.00
0.124610,4.869455,-0.500000,0.39344,10.00
0.124620,4.824450,-0.500000,0.39614,10.00
0.124630,4.779657,-0.499358,0.39896,10.00
0.124640,4.735255,-0.492193,0.40190,10.00
0.124650,4.691715,-0.477066,0.40494,10.00
0.124660,4.649748,-0.454059,0.40803,10.00
0.124670,4.609228,-0.423295,0.41117,10.00
0.124680,4.570495,-0.384921,0.41435,10.00
0.124690,4.533881,-0.339142,0.41753,10.00
0.124700,4.499631,-0.286223,0.42071,10.00
0.124710,4.467825,-0.226450,0.42387,10.00
0.124720,4.439053,-0.160175,0.42697,10.00
0.124730,4.413586,-0.087830,0.42999,10.00
0.124740,4.391671,-0.009898,0.43291,10.00
0.124750,4.373458,0.073091,0.43570,10.00
0.124760,4.358922,0.160595,0.43837,10.00
0.124770,4.348533,0.252024,0.44086,10.00
0.124780,4.342430,0.346721,0.44318,10.00
0.124790,4.340724,0.444003,0.44528,10.00
0.124800,4.343787,0.543153,0.44716,10.00
0.124810,4.352537,0.643292,0.44873,10.00
0.124820,4.365797,0.743572,0.45004,10.00
0.124830,4.383533,0.843224,0.45108,10.00
0.124840,4.405674,0.941477,0.45184,10.00
0.124850,4.431877,1.037562,0.45231,10.00
0.124860,4.461286,1.130833,0.45255,10.00
0.124870,4.494701,1.220617,0.45250,10.00
0.124880,4.531927,1.306186,0.45215,10.00
0.124890,4.572734,1.386833,0.45150,10.00
0.124900,4.617240,1.461878,0.45055,10.00
0.124910,4.666273,1.530499,0.44922,10.00
0.124920,4.718004,1.591969,0.44760,10.00
0.124930,4.772082,1.645730,0.44570,10.00
0.124940,4.828131,1.691274,0.44353,10.00
0.124950,4.885159,1.728152,0.44111,10.00
0.124960,4.940967,1.756265,0.43861,10.00
0.124970,4.997556,1.775482,0.43590,10.00
0.124980,5.054512,1.785547,0.43299,10.00
0.124990,5.111412,1.786269,0.42991,10.00
0.125000,5.168008,1.777527,0.42668,10.00
0.125010,5.224401,1.759183,0.42328,10.00
0.125020,5.279443,1.731201,0.41977,10.00
0.125030,5.332706,1.693675,0.41618,10.00
0.125040,5.383768,1.646771,0.41255,10.00
0.125050,5.432537,1.590731,0.40889,10.00
0.125060,5.479561,1.525716,0.40515,10.00
0.125070,5.523184,1.452008,0.40144,10.00
0.125080,5.563038,1.370059,0.39779,10.00
0.125090,5.598781,1.280391,0.39423,10.00
0.125100,5.629969,1.183593,0.39078,10.00
0.125110,5.655934,1.080375,0.38751,10.00
0.125120,5.676942,0.971485,0.38442,10.00
0.125130,5.692776,0.857680,0.38152,10.00
0.125140,5.703261,0.739768,0.37885,10.00
0.125150,5.708441,0.618595,0.37643,10.00
0.125160,5.708768,0.494952,0.37423,10.00
0.125170,5.703436,0.369690,0.37232,10.00
0.125180,5.692423,0.243743,0.37071,10.00
0.125190,5.675750,0.118059,0.36943,10.00
0.125200,5.653234,-0.006403,0.36849,10.00
0.125210,5.624255,-0.128563,0.36796,10.00
0.125220,5.589951,-0.247384,0.36779,10.00
0.125230,5.550526,-0.361923,0.36798,10.00
0.125240,5.506221,-0.471255,0.36855,10.00
0.125250,5.458733,-0.500000,0.36945,10.00
0.125260,5.410645,-0.500000,0.37053,10.00
0.125270,5.362775,-0.500000,0.37175,10.00
0.125280,5.315123,-0.500000,0.37311,10.00
0.125290,5.267687,-0.500000,0.37459,10.00
0.125300,5.220453,-0.500000,0.37621,10.00
0.125310,5.173386,-0.500000,0.37796,10.00
0.125320,5.126531,-0.500000,0.37984,10.00
0.125330,5.079890,-0.500000,0.38185,10.00
0.125340,5.033460,-0.500000,0.38399,10.00
0.125350,4.987439,-0.500000,0.38626,10.00
0.125360,4.942423,-0.500000,0.38861,10.00
0.125370,4.897611,-0.500000,0.39107,10.00
0.125380,4.853002,-0.500000,0.39367,10.00
0.125390,4.808595,-0.500000,0.39638,10.00
0.125400,4.764453,-0.498398,0.39922,10.00
0.125410,4.720934,-0.489444,0.40216,10.00
0.125420,4.678234,-0.472631,0.40520,10.00
0.125430,4.636703,-0.447998,0.40830,10.00
0.125440,4.596689,-0.415644,0.41146,10.00
0.125450,4.558338,-0.375728,0.41464,10.00
0.125460,4.521408,-0.328375,0.41788,10.00
0.125470,4.486992,-0.273799,0.42111,10.00
0.125480,4.455398,-0.212334,0.42429,10.00
0.125490,4.426913,-0.144370,0.42742,10.00
0.125500,4.402020,-0.070352,0.43046,10.00
0.125510,4.381592,0.009123,0.43334,10.00
0.125520,4.364997,0.093442,0.43608,10.00
0.125530,4.352420,0.182015,0.43867,10.00
0.125540,4.344021,0.274215,0.44109,10.00
0.125550,4.339915,0.369377,0.44331,10.00
0.125560,4.340167,0.466814,0.44532,10.00
0.125570,4.344883,0.565809,0.44711,10.00
0.125580,4.354095,0.665622,0.44865,10.00
0.125590,4.367798,0.765498,0.44993,10.00
0.125600,4.385800,0.864672,0.45094,10.00
0.125610,4.407571,0.962450,0.45171,10.00
0.125620,4.433624,1.058115,0.45220,10.00
0.125630,4.463824,1.150910,0.45240,10.00
0.125640,4.498002,1.240088,0.45229,10.00
0.125650,4.536080,1.324921,0.45190,10.00
0.125660,4.578202,1.404647,0.45117,10.00
0.125670,4.623593,1.478551,0.45014,10.00
0.125680,4.671958,1.545995,0.44882,10.00
0.125690,4.722973,1.606383,0.44722,10.00
0.125700,4.776485,1.659167,0.44534,10.00
0.125710,4.832700,1.703755,0.44315,10.00
0.125720,4.890447,1.739641,0.44071,10.00
0.125730,4.949315,1.766443,0.43804,10.00
0.125740,5.008876,1.783843,0.43514,10.00
0.125750,5.068384,1.791592,0.43206,10.00
0.125760,5.126467,1.789660,0.42887,10.00
0.125770,5.183936,1.778042,0.42554,10.00
0.125780,5.240352,1.756706,0.42209,10.00
0.125790,5.295281,1.725695,0.41854,10.00
0.125800,5.348458,1.685125,0.41492,10.00
0.125810,5.399961,1.635104,0.41121,10.00
0.125820,5.448707,1.575845,0.40748,10.00
0.125830,5.494299,1.507682,0.40377,10.00
0.125840,5.536359,1.431026,0.40010,10.00
0.125850,5.574426,1.346355,0.39649,10.00
0.125860,5.607859,1.254263,0.39301,10.00
0.125870,5.636774,1.155396,0.38966,10.00
0.125880,5.660904,1.050420,0.38647,10.00
0.125890,5.680011,0.940061,0.38345,10.00
0.125900,5.693692,0.825091,0.38065,10.00
0.125910,5.701169,0.706428,0.37813,10.00
0.125920,5.703150,0.584996,0.37587,10.00
0.125930,5.699558,0.461684,0.37388,10.00
0.125940,5.690358,0.337408,0.37220,10.00
0.125950,5.675495,0.213101,0.37083,10.00
0.125960,5.654840,0.089737,0.36980,10.00
0.125970,5.628730,-0.031714,0.36912,10.00
0.125980,5.597302,-0.150304,0.36879,10.00
0.125990,5.560736,-0.265098,0.36882,10.00
0.126000,5.519575,-0.375176,0.36921,10.00
0.126010,5.475037,-0.479799,0.36988,10.00
0.126020,5.427909,-0.500000,0.37086,10.00
0.126030,5.380994,-0.500000,0.37198,10.00
0.126040,5.334292,-0.500000,0.37324,10.00
0.126050,5.287694,-0.500000,0.37461,10.00
0.126060,5.240872,-0.500000,0.37615,10.00
0.126070,5.194263,-0.500000,0.37782,10.00
0.126080,5.147866,-0.500000,0.37961,10.00
0.126090,5.101679,-0.500000,0.38154,10.00
0.126100,5.055675,-0.500000,0.38359,10.00
0.126110,5.009773,-0.500000,0.38577,10.00
0.126120,4.964079,-0.500000,0.38808,10.00
0.126130,4.918593,-0.500000,0.39052,10.00
0.126140,4.873313,-0.500000,0.39309,10.00
0.126150,4.828297,-0.500000,0.39578,10.00
0.126160,4.783723,-0.499694,0.39858,10.00
0.126170,4.739505,-0.493421,0.40149,10.00
0.126180,4.695988,-0.479224,0.40451,10.00
0.126190,4.653528,-0.457120,0.40761,10.00
0.126200,4.612377,-0.427187,0.41077,10.00
0.126210,4.572584,-0.389516,0.41399,10.00
0.126220,4.534887,-0.344273,0.41722,10.00
0.126230,4.499615,-0.291718,0.42045,10.00
0.126240,4.467079,-0.232166,0.42365,10.00
0.126250,4.437696,-0.165993,0.42679,10.00
0.126260,4.412106,-0.093685,0.42982,10.00
0.126270,4.390067,-0.015765,0.43275,10.00
0.126280,4.371805,0.067236,0.43555,10.00
0.126290,4.357515,0.154744,0.43821,10.00
0.126300,4.347260,0.246142,0.44070,10.00
0.126310,4.340852,0.340827,0.44303,10.00
0.126320,4.338842,0.438151,0.44516,10.00
0.126330,4.341313,0.537398,0.44706,10.00
0.126340,4.348311,0.637831,0.44873,10.00
0.126350,4.359897,0.738695,0.45014,10.00
0.126360,4.376193,0.839200,0.45127,10.00
0.126370,4.396947,0.938555,0.45212,10.00
0.126380,4.422064,1.035986,0.45269,10.00
0.126390,4.451418,1.130721,0.45296,10.00
0.126400,4.484772,1.222004,0.45294,10.00
0.126410,4.521709,1.309128,0.45263,10.00
0.126420,4.562302,1.391400,0.45203,10.00
0.126430,4.606296,1.468130,0.45112,10.00
0.126440,4.653404,1.538663,0.44992,10.00
0.126450,4.703604,1.602383,0.44843,10.00
0.126460,4.757416,1.658578,0.44659,10.00
0.126470,4.813313,1.706633,0.44447,10.00
0.126480,4.870904,1.746080,0.44210,10.00
0.126490,4.929780,1.776509,0.43949,10.00
0.126500,4.989247,1.797576,0.43665,10.00
0.126510,5.048076,1.809134,0.43367,10.00
0.126520,5.106900,1.811063,0.43051,10.00
0.126530,5.165279,1.803227,0.42719,10.00
0.126540,5.222770,1.785566,0.42374,10.00
0.126550,5.278731,1.758092,0.42018,10.00
0.126560,5.332123,1.720991,0.41659,10.00
0.126570,5.383333,1.674490,0.41295,10.00
0.126580,5.431951,1.618828,0.40928,10.00
0.126590,5.477580,1.554316,0.40562,10.00
0.126600,5.520119,1.481335,0.40199,10.00
0.126610,5.560035,1.400203,0.39834,10.00
0.126620,5.595877,1.311348,0.39479,10.00
0.126630,5.627328,1.215349,0.39134,10.00
0.126640,5.654101,1.112851,0.38804,10.00
0.126650,5.676043,1.004552,0.38491,10.00
0.126660,5.693232,0.891158,0.38195,10.00
0.126670,5.705078,0.773435,0.37920,10.00
0.126680,5.711431,0.652226,0.37671,10.00
0.126690,5.712182,0.528409,0.37448,10.00
0.126700,5.707108,0.402896,0.37253,10.00
0.126710,5.695731,0.276693,0.37094,10.00
0.126720,5.678684,0.150802,0.36966,10.00
0.126730,5.656033,0.026184,0.36873,10.00
0.126740,5.627889,-0.096198,0.36815,10.00
0.126750,5.594521,-0.215386,0.36793,10.00
0.126760,5.556480,-0.330491,0.36804,10.00
0.126770,5.513520,-0.440628,0.36852,10.00
0.126780,5.466581,-0.500000,0.36936,10.00
0.126790,5.419358,-0.500000,0.37038,10.00
0.126800,5.372439,-0.500000,0.37153,10.00
0.126810,5.326090,-0.500000,0.37279,10.00
0.126820,5.279951,-0.500000,0.37417,10.00
0.126830,5.234021,-0.500000,0.37569,10.00
0.126840,5.188300,-0.500000,0.37733,10.00
0.126850,5.142863,-0.500000,0.37909,10.00
0.126860,5.097941,-0.500000,0.38097,10.00
0.126870,5.053222,-0.500000,0.38297,10.00
0.126880,5.008707,-0.500000,0.38509,10.00
0.126890,4.964393,-0.500000,0.38733,10.00
0.126900,4.920180,-0.500000,0.38970,10.00
0.126910,4.875766,-0.500000,0.39221,10.00
0.126920,4.831553,-0.500000,0.39485,10.00
0.126930,4.787542,-0.499999,0.39761,10.00
0.126940,4.743829,-0.495308,0.40049,10.00
0.126950,4.700642,-0.482776,0.40348,10.00
0.126960,4.658040,-0.462361,0.40657,10.00
0.126970,4.616771,-0.434098,0.40972,10.00
0.126980,4.577183,-0.398113,0.41292,10.00
0.126990,4.539613,-0.354592,0.41613,10.00
0.127000,4.504133,-0.303781,0.41934,10.00
0.127010,4.470292,-0.245862,0.42259,10.00
0.127020,4.439419,-0.181111,0.42579,10.00
0.127030,4.411802,-0.109946,0.42892,10.00
0.127040,4.387702,-0.032835,0.43196,10.00
0.127050,4.367485,0.049701,0.43487,10.00
0.127060,4.351737,0.137034,0.43762,10.00
0.127070,4.340138,0.228510,0.44020,10.00
0.127080,4.332840,0.323478,0.44260,10.00
0.127090,4.329963,0.421251,0.44479,10.00
0.127100,4.331651,0.521115,0.44677,10.00
0.127110,4.338126,0.622302,0.44849,10.00
0.127120,4.349180,0.724034,0.44995,10.00
0.127130,4.364796,0.825538,0.45115,10.00
0.127140,4.384922,0.926033,0.45207,10.00
0.127150,4.409864,1.024738,0.45271,10.00
0.127160,4.440671,1.120683,0.45294,10.00
0.127170,4.475595,1.212974,0.45287,10.00
0.127180,4.514430,1.300857,0.45250,10.00
0.127190,4.556939,1.383605,0.45182,10.00
0.127200,4.602538,1.460523,0.45083,10.00
0.127210,4.649989,1.531100,0.44962,10.00
0.127220,4.700243,1.594822,0.44813,10.00
0.127230,4.752960,1.651115,0.44635,10.00
0.127240,4.807777,1.699458,0.44430,10.00
0.127250,4.864425,1.739381,0.44200,10.00
0.127260,4.922841,1.770421,0.43943,10.00
0.127270,4.982150,1.792192,0.43663,10.00
0.127280,5.041917,1.804412,0.43363,10.00
0.127290,5.101703,1.806871,0.43044,10.00
0.127300,5.161093,1.799427,0.42709,10.00
0.127310,5.219735,1.781998,0.42359,10.00
0.127320,5.277047,1.754582,0.41998,10.00
0.127330,5.332585,1.717265,0.41629,10.00
0.127340,5.385913,1.670206,0.41254,10.00
0.127350,5.436341,1.613645,0.40875,10.00
0.127360,5.482679,1.548020,0.40504,10.00
0.127370,5.525595,1.473804,0.40136,10.00
0.127380,5.564725,1.391456,0.39774,10.00
0.127390,5.599732,1.301502,0.39421,10.00
0.127400,5.630305,1.204533,0.39080,10.00
0.127410,5.656163,1.101201,0.38753,10.00
0.127420,5.677059,0.992214,0.38444,10.00
0.127430,5.692779,0.878331,0.38155,10.00
0.127440,5.703146,0.760359,0.37889,10.00
0.127450,5.707992,0.639146,0.37647,10.00
0.127460,5.707127,0.515587,0.37433,10.00
0.127470,5.700618,0.390605,0.37249,10.00
0.127480,5.688451,0.265132,0.37095,10.00
0.127490,5.670655,0.140116,0.36974,10.00
0.127500,5.647349,0.016515,0.36887,10.00
0.127510,5.618789,-0.104738,0.36833,10.00
0.127520,5.584943,-0.222706,0.36816,10.00
0.127530,5.546009,-0.336453,0.36834,10.00
0.127540,5.502228,-0.445063,0.36890,10.00
0.127550,5.454674,-0.500000,0.36981,10.00
0.127560,5.407084,-0.500000,0.37088,10.00
0.127570,5.359711,-0.500000,0.37209,10.00
0.127580,5.312552,-0.500000,0.37342,10.00
0.127590,5.265607,-0.500000,0.37489,10.00
0.127600,5.218774,-0.500000,0.37649,10.00
0.127610,5.171751,-0.500000,0.37824,10.00
0.127620,5.124941,-0.500000,0.38013,10.00
0.127630,5.078343,-0.500000,0.38214,10.00
0.127640,5.031957,-0.500000,0.38428,10.00
0.127650,4.986031,-0.500000,0.38655,10.00
0.127660,4.941313,-0.500000,0.38889,10.00
0.127670,4.896798,-0.500000,0.39134,10.00
0.127680,4.852485,-0.500000,0.39392,10.00
0.127690,4.808373,-0.500000,0.39663,10.00
0.127700,4.764333,-0.498229,0.39945,10.00
0.127710,4.720155,-0.488939,0.40243,10.00
0.127720,4.676815,-0.471685,0.40550,10.00
0.127730,4.634670,-0.446507,0.40864,10.00
0.127740,4.594073,-0.413508,0.41183,10.00
0.127750,4.555461,-0.372850,0.41505,10.00
0.127760,4.519450,-0.324800,0.41825,10.00
0.127770,4.485976,-0.269673,0.42143,10.00
0.127780,4.455340,-0.207807,0.42457,10.00
0.127790,4.427825,-0.139598,0.42765,10.00
0.127800,4.403715,-0.065494,0.43064,10.00
0.127810,4.383324,0.013995,0.43351,10.00
0.127820,4.366765,0.098315,0.43625,10.00
0.127830,4.354225,0.186878,0.43883,10.00
0.127840,4.345862,0.279055,0.44124,10.00
0.127850,4.341812,0.374183,0.44345,10.00
0.127860,4.342203,0.471563,0.44545,10.00
0.127870,4.347056,0.570472,0.44722,10.00
0.127880,4.356399,0.670170,0.44875,10.00
0.127890,4.370226,0.769903,0.45002,10.00
0.127900,4.388443,0.868906,0.45102,10.00
0.127910,4.410809,0.966440,0.45175,10.00
0.127920,4.437440,1.061757,0.45220,10.00
0.127930,4.468198,1.154100,0.45235,10.00
0.127940,4.502906,1.242725,0.45221,10.00
0.127950,4.541326,1.326908,0.45177,10.00
0.127960,4.583115,1.405967,0.45104,10.00
0.127970,4.628147,1.479244,0.45002,10.00
0.127980,4.676126,1.546108,0.44871,10.00
0.127990,4.726733,1.605967,0.44711,10.00
0.128000,4.779812,1.658277,0.44525,10.00
0.128010,4.835564,1.702453,0.44307,10.00
0.128020,4.892834,1.737994,0.44065,10.00
0.128030,4.951212,1.764521,0.43799,10.00
0.128040,5.010275,1.781719,0.43512,10.00
0.128050,5.069395,1.789342,0.43205,10.00
0.128060,5.127544,1.787306,0.42886,10.00
0.128070,5.185072,1.775572,0.42552,10.00
0.128080,5.241543,1.754106,0.42207,10.00
0.128090,5.296519,1.722954,0.41851,10.00
0.128100,5.349415,1.682231,0.41488,10.00
0.128110,5.399349,1.632204,0.41125,10.00
0.128120,5.446541,1.573190,0.40761,10.00
0.128130,5.490604,1.505526,0.40398,10.00
0.128140,5.531171,1.429621,0.40039,10.00
0.128150,5.568042,1.345951,0.39688,10.00
0.128160,5.601330,1.254987,0.39343,10.00
0.128170,5.630153,1.157284,0.39010,10.00
0.128180,5.654244,1.053502,0.38693,10.00
0.128190,5.673368,0.944358,0.38393,10.00
0.128200,5.687230,0.830614,0.38114,10.00
0.128210,5.695381,0.713126,0.37861,10.00
0.128220,5.698084,0.592774,0.37633,10.00
0.128230,5.695256,0.470437,0.37432,10.00
0.128240,5.686857,0.347021,0.37261,10.00
0.128250,5.673020,0.223453,0.37121,10.00
0.128260,5.654173,0.100607,0.37010,10.00
0.128270,5.629878,-0.020616,0.36932,10.00
0.128280,5.600260,-0.139274,0.36890,10.00
0.128290,5.565485,-0.254433,0.36882,10.00
0.128300,5.525952,-0.365176,0.36911,10.00
0.128310,5.482479,-0.470698,0.36971,10.00
0.128320,5.436062,-0.500000,0.37063,10.00
0.128330,5.389774,-0.500000,0.37169,10.00
0.128340,5.343697,-0.500000,0.37289,10.00
0.128350,5.297652,-0.500000,0.37420,10.00
0.128360,5.251112,-0.500000,0.37570,10.00
0.128370,5.204784,-0.500000,0.37732,10.00
0.128380,5.158666,-0.500000,0.37907,10.00
0.128390,5.112757,-0.500000,0.38094,10.00
0.128400,5.067333,-0.500000,0.38295,10.00
0.128410,5.023221,-0.500000,0.38501,10.00
0.128420,4.979308,-0.500000,0.38719,10.00
0.128430,4.935595,-0.500000,0.38949,10.00
0.128440,4.892080,-0.500000,0.39191,10.00
0.128450,4.848439,-0.500000,0.39446,10.00
0.128460,4.803703,-0.500000,0.39720,10.00
0.128470,4.759217,-0.497282,0.40007,10.00
0.128480,4.715267,-0.486749,0.40305,10.00
0.128490,4.672210,-0.468279,0.40612,10.00
0.128500,4.630428,-0.441925,0.40926,10.00
0.128510,4.590344,-0.407809,0.41244,10.00
0.128520,4.552198,-0.366110,0.41564,10.00
0.128530,4.516318,-0.317062,0.41885,10.00
0.128540,4.483020,-0.260952,0.42203,10.00
0.128550,4.452777,-0.198130,0.42517,10.00
0.128560,4.426389,-0.129081,0.42820,10.00
0.128570,4.403410,-0.054317,0.43113,10.00
0.128580,4.384072,0.025654,0.43395,10.00
0.128590,4.368579,0.110284,0.43663,10.00
0.128600,4.356937,0.198977,0.43915,10.00
0.128610,4.348783,0.291185,0.44154,10.00
0.128620,4.344932,0.386301,0.44374,10.00
0.128630,4.345476,0.483629,0.44572,10.00
0.128640,4.350477,0.582450,0.44747,10.00
0.128650,4.360357,0.682025,0.44898,10.00
0.128660,4.376282,0.781410,0.45013,10.00
0.128670,4.396618,0.879713,0.45101,10.00
0.128680,4.421274,0.976167,0.45160,10.00
0.128690,4.450126,1.070010,0.45190,10.00
0.128700,4.482712,1.160492,0.45190,10.00
0.128710,4.517936,1.247025,0.45169,10.00
0.128720,4.556804,1.328997,0.45118,10.00
0.128730,4.599075,1.405724,0.45038,10.00
0.128740,4.644476,1.476554,0.44929,10.00
0.128750,4.692627,1.540871,0.44792,10.00
0.128760,4.742955,1.598145,0.44629,10.00
0.128770,4.795449,1.647877,0.44439,10.00
0.128780,4.849744,1.689592,0.44224,10.00
0.128790,4.905458,1.722873,0.43985,10.00
0.128800,4.962456,1.747361,0.43724,10.00
0.128810,5.021113,1.762630,0.43435,10.00
0.128820,5.079939,1.768365,0.43128,10.00
0.128830,5.138494,1.764402,0.42804,10.00
0.128840,5.196337,1.750651,0.42465,10.00
0.128850,5.252906,1.727096,0.42115,10.00
0.128860,5.307403,1.693851,0.41758,10.00
0.128870,5.359886,1.651090,0.41395,10.00
0.128880,5.409935,1.599020,0.41028,10.00
0.128890,5.457148,1.537922,0.40660,10.00
0.128900,5.500885,1.468149,0.40294,10.00
0.128910,5.540029,1.390248,0.39940,10.00
0.128920,5.575253,1.304793,0.39593,10.00
0.128930,5.606247,1.212340,0.39257,10.00
0.128940,5.632729,1.113508,0.38935,10.00
0.128950,5.654389,1.008969,0.38629,10.00
0.128960,5.670826,0.899480,0.38344,10.00
0.128970,5.682104,0.785831,0.38079,10.00
0.128980,5.688081,0.668837,0.37839,10.00
0.128990,5.688652,0.549345,0.37624,10.00
0.129000,5.683812,0.428236,0.37437,10.00
0.129010,5.673720,0.306381,0.37277,10.00
0.129020,5.658145,0.184677,0.37149,10.00
0.129030,5.637146,0.064052,0.37054,10.00
0.129040,5.610820,-0.054564,0.36992,10.00
0.129050,5.579301,-0.170243,0.36965,10.00
0.129060,5.542749,-0.282066,0.36973,10.00
0.129070,5.501416,-0.389135,0.37017,10.00
0.129080,5.455563,-0.490578,0.37097,10.00
0.129090,5.407672,-0.500000,0.37206,10.00
0.129100,5.360336,-0.500000,0.37328,10.00
0.129110,5.314559,-0.500000,0.37454,10.00
0.129120,5.268990,-0.500000,0.37593,10.00
0.129130,5.223627,-0.500000,0.37745,10.00
0.129140,5.178471,-0.500000,0.37909,10.00
0.129150,5.133181,-0.500000,0.38086,10.00
0.129160,5.086751,-0.500000,0.38284,10.00
0.129170,5.040531,-0.500000,0.38495,10.00
0.129180,4.994521,-0.500000,0.38719,10.00
0.129190,4.948720,-0.500000,0.38955,10.00
0.129200,4.903122,-0.500000,0.39204,10.00
0.129210,4.857714,-0.500000,0.39466,10.00
0.129220,4.812512,-0.500000,0.39740,10.00
0.129230,4.767551,-0.497779,0.40027,10.00
0.129240,4.723100,-0.487821,0.40325,10.00
0.129250,4.679644,-0.469871,0.40632,10.00
0.129260,4.637904,-0.444034,0.40943,10.00
0.129270,4.597737,-0.410456,0.41259,10.00
0.129280,4.559482,-0.369306,0.41578,10.00
0.129290,4.523470,-0.320809,0.41897,10.00
0.129300,4.490054,-0.265252,0.42214,10.00
0.129310,4.459654,-0.202997,0.42526,10.00
0.129320,4.432388,-0.134454,0.42831,10.00
0.129330,4.408518,-0.060075,0.43127,10.00
0.129340,4.388277,0.019639,0.43412,10.00
0.129350,4.371960,0.104141,0.43683,10.00
0.129360,4.359993,0.192800,0.43937,10.00
0.129370,4.352201,0.284962,0.44173,10.00
0.129380,4.348706,0.379960,0.44390,10.00
0.129390,4.349598,0.477102,0.44585,10.00
0.129400,4.354972,0.575668,0.44758,10.00
0.129410,4.364967,0.674903,0.44904,10.00
0.129420,4.379418,0.774041,0.45026,10.00
0.129430,4.398282,0.872323,0.45120,10.00
0.129440,4.421478,0.968984,0.45186,10.00
0.129450,4.448709,1.063265,0.45223,10.00
0.129460,4.479283,1.154503,0.45236,10.00
0.129470,4.513759,1.242022,0.45220,10.00
0.129480,4.551931,1.325105,0.45174,10.00
0.129490,4.593563,1.403063,0.45099,10.00
0.129500,4.638540,1.475235,0.44994,10.00
0.129510,4.687026,1.540925,0.44857,10.00
0.129520,4.738080,1.599500,0.44692,10.00
0.129530,4.791354,1.650424,0.44500,10.00
0.129540,4.846477,1.693213,0.44282,10.00
0.129550,4.902926,1.727439,0.44040,10.00
0.129560,4.959901,1.752799,0.43778,10.00
0.129570,5.017521,1.769031,0.43496,10.00
0.129580,5.075361,1.775900,0.43194,10.00
0.129590,5.132992,1.773235,0.42876,10.00
0.129600,5.189945,1.760939,0.42544,10.00
0.129610,5.245688,1.739002,0.42200,10.00
0.129620,5.299922,1.707481,0.41847,10.00
0.129630,5.352221,1.666500,0.41487,10.00
0.129640,5.402171,1.616251,0.41123,10.00
0.129650,5.449345,1.557005,0.40758,10.00
0.129660,5.493292,1.489110,0.40395,10.00
0.129670,5.533732,1.412985,0.40036,10.00
0.129680,5.570323,1.329108,0.39684,10.00
0.129690,5.602743,1.238021,0.39343,10.00
0.129700,5.630780,1.140330,0.39014,10.00
0.129710,5.654411,1.036657,0.38699,10.00
0.129720,5.673084,0.927693,0.38402,10.00
0.129730,5.686602,0.814202,0.38126,10.00
0.129740,5.694805,0.696990,0.37872,10.00
0.129750,5.697801,0.576906,0.37644,10.00
0.129760,5.696194,0.454715,0.37437,10.00
0.129770,5.689013,0.331247,0.37259,10.00
0.129780,5.676249,0.207424,0.37112,10.00
0.129790,5.657937,0.084186,0.36997,10.00
0.129800,5.633791,-0.037525,0.36916,10.00
0.129810,5.602844,-0.156588,0.36879,10.00
0.129820,5.566733,-0.271947,0.36878,10.00
0.129830,5.525675,-0.382679,0.36913,10.00
0.129840,5.479926,-0.487887,0.36985,10.00
0.129850,5.432130,-0.500000,0.37086,10.00
0.129860,5.385274,-0.500000,0.37197,10.00
0.129870,5.338631,-0.500000,0.37320,10.00
0.129880,5.292200,-0.500000,0.37457,10.00
0.129890,5.245979,-0.500000,0.37606,10.00
0.129900,5.199828,-0.500000,0.37768,10.00
0.129910,5.153325,-0.500000,0.37946,10.00
0.129920,5.107033,-0.500000,0.38137,10.00
0.129930,5.060951,-0.500000,0.38341,10.00
0.129940,5.015078,-0.500000,0.38558,10.00
0.129950,4.969254,-0.500000,0.38788,10.00
0.129960,4.923002,-0.500000,0.39034,10.00
0.129970,4.876961,-0.500000,0.39293,10.00
0.129980,4.831129,-0.500000,0.39565,10.00
0.129990,4.785507,-0.499754,0.39849,10.00
0.130000,4.740562,-0.493683,0.40146,10.00
0.130010,4.697615,-0.479678,0.40445,10.00
0.130020,4.655711,-0.457861,0.40751,10.00
0.130030,4.615199,-0.428310,0.41063,10.00
0.130040,4.576418,-0.391162,0.41379,10.00
0.130050,4.539440,-0.346613,0.41697,10.00
0.130060,4.503805,-0.294792,0.42020,10.00
0.130070,4.470877,-0.235926,0.42340,10.00
0.130080,4.440952,-0.170385,0.42655,10.00
0.130090,4.414308,-0.098591,0.42963,10.00
0.130100,4.391194,-0.021020,0.43261,10.00
0.130110,4.371817,0.061805,0.43546,10.00
0.130120,4.356415,0.149315,0.43818,10.00
0.130130,4.345167,0.240895,0.44073,10.00
0.130140,4.338221,0.335893,0.44309,10.00
0.130150,4.335923,0.433620,0.44525,10.00
0.130160,4.339039,0.533252,0.44713,10.00
0.130170,4.346695,0.633972,0.44877,10.00
0.130180,4.358897,0.735022,0.45015,10.00
0.130190,4.375619,0.835631,0.45126,10.00
0.130200,4.396572,0.935025,0.45210,10.00
0.130210,4.420981,1.032536,0.45270,10.00
0.130220,4.449636,1.127469,0.45302,10.00
0.130230,4.482380,1.219064,0.45303,10.00
0.130240,4.519023,1.306581,0.45275,10.00
0.130250,4.559543,1.389299,0.45216,10.00
0.130260,4.604283,1.466428,0.45123,10.00
0.130270,4.652151,1.537246,0.44999,10.00
0.130280,4.702828,1.601132,0.44847,10.00
0.130290,4.755971,1.657511,0.44666,10.00
0.130300,4.811224,1.705860,0.44459,10.00
0.130310,4.868232,1.745705,0.44225,10.00
0.130320,4.926548,1.776632,0.43967,10.00
0.130330,4.985751,1.798294,0.43687,10.00
0.130340,5.045409,1.810411,0.43386,10.00
0.130350,5.105035,1.812772,0.43067,10.00
0.130360,5.164050,1.805258,0.42732,10.00
0.130370,5.222186,1.787820,0.42385,10.00
0.130380,5.278997,1.760466,0.42025,10.00
0.130390,5.334040,1.723283,0.41658,10.00
0.130400,5.386985,1.676432,0.41285,10.00
0.130410,5.437714,1.620100,0.40906,10.00
0.130420,5.485405,1.554566,0.40527,10.00
0.130430,5.529664,1.480216,0.40151,10.00
0.130440,5.570120,1.397506,0.39781,10.00
0.130450,5.606377,1.306962,0.39420,10.00
0.130460,5.637977,1.209200,0.39072,10.00
0.130470,5.664818,1.104890,0.38738,10.00
0.130480,5.686642,0.994746,0.38421,10.00
0.130490,5.703229,0.879532,0.38125,10.00
0.130500,5.714438,0.760065,0.37851,10.00
0.130510,5.720250,0.637179,0.37601,10.00
0.130520,5.720389,0.511754,0.37379,10.00
0.130530,5.714788,0.384712,0.37185,10.00
0.130540,5.703427,0.257001,0.37023,10.00
0.130550,5.686056,0.129583,0.36894,10.00
0.130560,5.661932,0.003562,0.36806,10.00
0.130570,5.632264,-0.119999,0.36754,10.00
0.130580,5.597214,-0.240129,0.36738,10.00
0.130590,5.556988,-0.355872,0.36760,10.00
0.130600,5.512153,-0.466297,0.36819,10.00
0.130610,5.465392,-0.500000,0.36903,10.00
0.130620,5.418732,-0.500000,0.37003,10.00
0.130630,5.372284,-0.500000,0.37115,10.00
0.130640,5.326046,-0.500000,0.37240,10.00
0.130650,5.279827,-0.500000,0.37378,10.00
0.130660,5.233053,-0.500000,0.37534,10.00
0.130670,5.186491,-0.500000,0.37703,10.00
0.130680,5.140140,-0.500000,0.37884,10.00
0.130690,5.094000,-0.500000,0.38079,10.00
0.130700,5.047954,-0.500000,0.38286,10.00
0.130710,5.001656,-0.500000,0.38509,10.00
0.130720,4.955569,-0.500000,0.38745,10.00
0.130730,4.909691,-0.500000,0.38993,10.00
0.130740,4.864020,-0.500000,0.39254,10.00
0.130750,4.818650,-0.500000,0.39528,10.00
0.130760,4.773861,-0.499533,0.39812,10.00
0.130770,4.729445,-0.492789,0.40108,10.00
0.130780,4.685755,-0.478057,0.40413,10.00
0.130790,4.643148,-0.455357,0.40727,10.00
0.130800,4.601928,-0.424773,0.41047,10.00
0.130810,4.562282,-0.386423,0.41371,10.00
0.130820,4.524765,-0.340493,0.41697,10.00
0.130830,4.489701,-0.287248,0.42021,10.00
0.130840,4.457405,-0.227009,0.42343,10.00
0.130850,4.427995,-0.160158,0.42658,10.00
0.130860,4.401231,-0.087044,0.42971,10.00
0.130870,4.378066,-0.008098,0.43273,10.00
0.130880,4.358734,0.076144,0.43562,10.00
0.130890,4.343442,0.165100,0.43837,10.00
0.130900,4.332561,0.258143,0.44095,10.00
0.130910,4.326805,0.354518,0.44329,10.00
0.130920,4.325521,0.453464,0.44543,10.00
0.130930,4.328785,0.554253,0.44733,10.00
0.130940,4.336640,0.656135,0.44899,10.00
0.130950,4.349220,0.758342,0.45039,10.00
0.130960,4.366875,0.860034,0.45148,10.00
0.130970,4.389031,0.960384,0.45229,10.00
0.130980,4.415583,1.058606,0.45281,10.00
0.130990,4.446396,1.153922,0.45303,10.00
0.131000,4.481209,1.245567,0.45294,10.00
0.131010,4.519559,1.332835,0.45258,10.00
0.131020,4.561558,1.415032,0.45190,10.00
0.131030,4.606942,1.491466,0.45093,10.00
0.131040,4.655416,1.561482,0.44966,10.00
0.131050,4.706829,1.624465,0.44809,10.00
0.131060,4.761347,1.679761,0.44620,10.00
0.131070,4.817904,1.726797,0.44404,10.00
0.131080,4.876103,1.765112,0.44163,10.00
0.131090,4.935529,1.794302,0.43897,10.00
0.131100,4.995808,1.814033,0.43608,10.00
0.131110,5.056665,1.824008,0.43298,10.00
0.131120,5.117427,1.824013,0.42970,10.00
0.131130,5.177640,1.813922,0.42625,10.00
0.131140,5.236845,1.793688,0.42268,10.00
0.131150,5.294485,1.763338,0.41899,10.00
0.131160,5.349808,1.723027,0.41526,10.00
0.131170,5.402784,1.672971,0.41147,10.00
0.131180,5.452989,1.613431,0.40766,10.00
0.131190,5.500014,1.544744,0.40386,10.00
0.131200,5.543215,1.467317,0.40010,10.00
0.131210,5.581464,1.381758,0.39647,10.00
0.131220,5.615451,1.288698,0.39294,10.00
0.131230,5.644871,1.188753,0.38954,10.00
0.131240,5.669452,1.082601,0.38629,10.00
0.131250,5.689134,0.970971,0.38323,10.00
0.131260,5.704251,0.854558,0.38034,10.00
0.131270,5.713906,0.734131,0.37767,10.00
0.131280,5.717963,0.610556,0.37527,10.00
0.131290,5.716331,0.484735,0.37314,10.00
0.131300,5.708952,0.357597,0.37131,10.00
0.131310,5.695795,0.230096,0.36979,10.00
0.131320,5.676926,0.103201,0.36861,10.00
0.131330,5.652424,-0.022118,0.36778,10.00
0.131340,5.622414,-0.144887,0.36730,10.00
0.131350,5.587232,-0.264142,0.36719,10.00
0.131360,5.547595,-0.379015,0.36741,10.00
0.131370,5.503065,-0.488636,0.36800,10.00
0.131380,5.456255,-0.500000,0.36888,10.00
0.131390,5.409658,-0.500000,0.36990,10.00
0.131400,5.363239,-0.500000,0.37105,10.00
0.131410,5.316903,-0.500000,0.37233,10.00
0.131420,5.270777,-0.500000,0.37375,10.00
0.131430,5.224860,-0.500000,0.37529,10.00
0.131440,5.179152,-0.500000,0.37696,10.00
0.131450,5.133594,-0.500000,0.37875,10.00
0.131460,5.088018,-0.500000,0.38068,10.00
0.131470,5.042648,-0.500000,0.38275,10.00
0.131480,4.997484,-0.500000,0.38493,10.00
0.131490,4.952525,-0.500000,0.38724,10.00
0.131500,4.907635,-0.500000,0.38968,10.00
0.131510,4.862411,-0.500000,0.39227,10.00
0.131520,4.817392,-0.500000,0.39499,10.00
0.131530,4.772581,-0.499616,0.39784,10.00
0.131540,4.728137,-0.493075,0.40080,10.00
0.131550,4.684448,-0.478534,0.40387,10.00
0.131560,4.641995,-0.456032,0.40700,10.00
0.131570,4.600970,-0.425665,0.41019,10.00
0.131580,4.561719,-0.387575,0.41341,10.00
0.131590,4.524581,-0.341964,0.41665,10.00
0.131600,4.490158,-0.289094,0.41988,10.00
0.131610,4.459588,-0.229422,0.42301,10.00
0.131620,4.432039,-0.163414,0.42607,10.00
0.131630,4.407771,-0.091504,0.42905,10.00
0.131640,4.387026,-0.014173,0.43193,10.00
0.131650,4.369567,0.068049,0.43468,10.00
0.131660,4.354238,0.154809,0.43739,10.00
0.131670,4.343028,0.245641,0.43995,10.00
0.131680,4.336086,0.339898,0.44232,10.00
0.131690,4.333529,0.436898,0.44449,10.00
0.131700,4.335707,0.535931,0.44643,10.00
0.131710,4.343459,0.636134,0.44808,10.00
0.131720,4.355734,0.736667,0.44946,10.00
0.131730,4.372506,0.836763,0.45058,10.00
0.131740,4.393713,0.935651,0.45143,10.00
0.131750,4.419139,1.032557,0.45198,10.00
0.131760,4.448295,1.126773,0.45227,10.00
0.131770,4.481503,1.217582,0.45227,10.00
0.131780,4.518570,1.304248,0.45196,10.00
0.131790,4.559271,1.386056,0.45136,10.00
0.131800,4.603263,1.462319,0.45046,10.00
0.131810,4.649998,1.532428,0.44929,10.00
0.131820,4.699520,1.595799,0.44783,10.00
0.131830,4.751496,1.651864,0.44609,10.00
0.131840,4.805568,1.700103,0.44409,10.00
0.131850,4.861864,1.740050,0.44183,10.00
0.131860,4.921493,1.771052,0.43921,10.00
0.131870,4.982002,1.792598,0.43635,10.00
0.131880,5.042949,1.804405,0.43329,10.00
0.131890,5.103885,1.806262,0.43004,10.00
0.131900,5.163991,1.798030,0.42662,10.00
0.131910,5.221732,1.779822,0.42316,10.00
0.131920,5.278117,1.751769,0.41959,10.00
0.131930,5.332707,1.713963,0.41595,10.00
0.131940,5.385072,1.666570,0.41224,10.00
0.131950,5.434483,1.609834,0.40851,10.00
0.131960,5.479611,1.544220,0.40486,10.00
0.131970,5.521328,1.470218,0.40125,10.00
0.131980,5.559280,1.388288,0.39771,10.00
0.131990,5.593139,1.298957,0.39425,10.00
0.132000,5.622938,1.202812,0.39092,10.00
0.132010,5.649401,1.100340,0.38765,10.00
0.132020,5.670936,0.992134,0.38454,10.00
0.132030,5.687325,0.878946,0.38164,10.00
0.132040,5.698387,0.761577,0.37895,10.00
0.132050,5.703974,0.640867,0.37652,10.00
0.132060,5.703964,0.517698,0.37435,10.00
0.132070,5.698320,0.392976,0.37247,10.00
0.132080,5.687022,0.267633,0.37089,10.00
0.132090,5.670094,0.142613,0.36964,10.00
0.132100,5.647401,0.018871,0.36873,10.00
0.132110,5.618456,-0.102540,0.36821,10.00
0.132120,5.584221,-0.220603,0.36805,10.00
0.132130,5.544899,-0.334380,0.36826,10.00
0.132140,5.500731,-0.442953,0.36884,10.00
0.132150,5.452729,-0.500000,0.36977,10.00
0.132160,5.404629,-0.500000,0.37088,10.00
0.132170,5.356748,-0.500000,0.37212,10.00
0.132180,5.309084,-0.500000,0.37349,10.00
0.132190,5.261636,-0.500000,0.37500,10.00
0.132200,5.214430,-0.500000,0.37663,10.00
0.132210,5.167544,-0.500000,0.37839,10.00
0.132220,5.120870,-0.500000,0.38028,10.00
0.132230,5.074408,-0.500000,0.38230,10.00
0.132240,5.028158,-0.500000,0.38445,10.00
0.132250,4.982177,-0.500000,0.38672,10.00
0.132260,4.936647,-0.500000,0.38911,10.00
0.132270,4.891323,-0.500000,0.39162,10.00
0.132280,4.846205,-0.500000,0.39426,10.00
0.132290,4.801292,-0.500000,0.39702,10.00
0.132300,4.756867,-0.497244,0.39991,10.00
0.132310,4.713919,-0.486744,0.40284,10.00
0.132320,4.671854,-0.468462,0.40587,10.00
0.132330,4.631021,-0.442450,0.40896,10.00
0.132340,4.591761,-0.408819,0.41209,10.00
0.132350,4.554343,-0.367738,0.41525,10.00
0.132360,4.518895,-0.319405,0.41842,10.00
0.132370,4.485992,-0.264083,0.42158,10.00
0.132380,4.455931,-0.202115,0.42469,10.00
0.132390,4.428990,-0.133899,0.42774,10.00
0.132400,4.405430,-0.059883,0.43069,10.00
0.132410,4.385495,0.019432,0.43353,10.00
0.132420,4.369382,0.103499,0.43624,10.00
0.132430,4.357271,0.191730,0.43880,10.00
0.132440,4.349318,0.283499,0.44117,10.00
0.132450,4.345572,0.378144,0.44336,10.00
0.132460,4.345913,0.475009,0.44535,10.00
0.132470,4.350691,0.573403,0.44711,10.00
0.132480,4.359936,0.672588,0.44863,10.00
0.132490,4.373643,0.771815,0.44990,10.00
0.132500,4.391528,0.870324,0.45089,10.00
0.132510,4.412790,0.967469,0.45167,10.00
0.132520,4.438310,1.062569,0.45217,10.00
0.132530,4.467955,1.154871,0.45238,10.00
0.132540,4.501561,1.243633,0.45230,10.00
0.132550,4.539119,1.328132,0.45192,10.00
0.132560,4.580970,1.407577,0.45119,10.00
0.132570,4.626080,1.481236,0.45017,10.00
0.132580,4.674155,1.548472,0.44886,10.00
0.132590,4.724874,1.608694,0.44727,10.00
0.132600,4.777842,1.661352,0.44540,10.00
0.132610,4.832550,1.705973,0.44328,10.00
0.132620,4.888805,1.742134,0.44092,10.00
0.132630,4.946206,1.769452,0.43832,10.00
0.132640,5.004337,1.787609,0.43551,10.00
0.132650,5.062763,1.796352,0.43251,10.00
0.132660,5.121020,1.795502,0.42934,10.00
0.132670,5.178710,1.784950,0.42601,10.00
0.132680,5.235394,1.764656,0.42256,10.00
0.132690,5.290635,1.734653,0.41901,10.00
0.132700,5.344127,1.695049,0.41539,10.00
0.132710,5.395820,1.645967,0.41168,10.00
0.132720,5.444798,1.587622,0.40796,10.00
0.132730,5.490662,1.520345,0.40424,10.00
0.132740,5.533032,1.444536,0.40056,10.00
0.132750,5.571607,1.360668,0.39695,10.00
0.132760,5.606229,1.269251,0.39342,10.00
0.132770,5.636354,1.170869,0.39001,10.00
0.132780,5.661704,1.066184,0.38675,10.00
0.132790,5.682035,0.955916,0.38367,10.00
0.132800,5.696735,0.840835,0.38080,10.00
0.132810,5.704438,0.721950,0.37826,10.00
0.132820,5.706632,0.600251,0.37598,10.00
0.132830,5.703238,0.476628,0.37397,10.00
0.132840,5.694220,0.351998,0.37227,10.00
0.132850,5.679907,0.227297,0.37088,10.00
0.132860,5.661308,0.103316,0.36973,10.00
0.132870,5.637207,-0.019098,0.36893,10.00
0.132880,5.607727,-0.138994,0.36847,10.00
0.132890,5.573032,-0.255431,0.36837,10.00
0.132900,5.533234,-0.367480,0.36864,10.00
0.132910,5.488299,-0.474192,0.36929,10.00
0.132920,5.440531,-0.500000,0.37026,10.00
0.132930,5.392932,-0.500000,0.37138,10.00
0.132940,5.345550,-0.500000,0.37263,10.00
0.132950,5.298358,-0.500000,0.37401,10.00
0.132960,5.251285,-0.500000,0.37553,10.00
0.132970,5.204425,-0.500000,0.37717,10.00
0.132980,5.157778,-0.500000,0.37895,10.00
0.132990,5.111342,-0.500000,0.38086,10.00
0.133000,5.065143,-0.500000,0.38289,10.00
0.133010,5.019258,-0.500000,0.38505,10.00
0.133020,4.973581,-0.500000,0.38733,10.00
0.133030,4.928112,-0.500000,0.38974,10.00
0.133040,4.882848,-0.500000,0.39227,10.00
0.133050,4.837706,-0.500000,0.39494,10.00
0.133060,4.792430,-0.500000,0.39774,10.00
0.133070,4.747451,-0.495557,0.40067,10.00
0.133080,4.703097,-0.483082,0.40371,10.00
0.133090,4.659728,-0.462578,0.40683,10.00
0.133100,4.617899,-0.434111,0.41002,10.00
0.133110,4.578539,-0.397901,0.41320,10.00
0.133120,4.541206,-0.354198,0.41640,10.00
0.133130,4.506224,-0.303250,0.41959,10.00
0.133140,4.473902,-0.245363,0.42275,10.00
0.133150,4.444426,-0.180900,0.42587,10.00
0.133160,4.417750,-0.110225,0.42893,10.00
0.133170,4.394561,-0.033772,0.43191,10.00
0.133180,4.375091,0.047941,0.43476,10.00
0.133190,4.359547,0.134352,0.43747,10.00
0.133200,4.348065,0.224852,0.44002,10.00
0.133210,4.340667,0.318819,0.44240,10.00
0.133220,4.337646,0.415587,0.44458,10.00
0.133230,4.339088,0.514450,0.44653,10.00
0.133240,4.345049,0.614673,0.44826,10.00
0.133250,4.355539,0.715506,0.44973,10.00
0.133260,4.370512,0.816188,0.45095,10.00
0.133270,4.389963,0.915950,0.45188,10.00
0.133280,4.413809,1.014017,0.45254,10.00
0.133290,4.441932,1.109616,0.45290,10.00
0.133300,4.474436,1.201986,0.45296,10.00
0.133310,4.511901,1.290254,0.45266,10.00
0.133320,4.553070,1.373612,0.45206,10.00
0.133330,4.597684,1.451362,0.45115,10.00
0.133340,4.645454,1.522838,0.44994,10.00
0.133350,4.695996,1.587417,0.44844,10.00
0.133360,4.748764,1.644552,0.44667,10.00
0.133370,4.803670,1.693736,0.44464,10.00
0.133380,4.860331,1.734495,0.44234,10.00
0.133390,4.918345,1.766413,0.43980,10.00
0.133400,4.977330,1.789136,0.43704,10.00
0.133410,5.036968,1.802358,0.43405,10.00
0.133420,5.096670,1.805848,0.43088,10.00
0.133430,5.155991,1.799459,0.42755,10.00
0.133440,5.214482,1.783116,0.42408,10.00
0.133450,5.271783,1.756821,0.42049,10.00
0.133460,5.327714,1.720608,0.41679,10.00
0.133470,5.381480,1.674600,0.41303,10.00
0.133480,5.432653,1.619026,0.40924,10.00
0.133490,5.480819,1.554192,0.40544,10.00
0.133500,5.525496,1.480477,0.40167,10.00
0.133510,5.566051,1.398373,0.39798,10.00
0.133520,5.602482,1.308429,0.39437,10.00
0.133530,5.634468,1.211234,0.39088,10.00
0.133540,5.661715,1.107438,0.38753,10.00
0.133550,5.683875,0.997749,0.38436,10.00
0.133560,5.700448,0.882974,0.38140,10.00
0.133570,5.711620,0.763954,0.37867,10.00
0.133580,5.717245,0.641541,0.37619,10.00
0.133590,5.717220,0.516626,0.37398,10.00
0.133600,5.711606,0.390128,0.37207,10.00
0.133610,5.700761,0.262929,0.37043,10.00
0.133620,5.684195,0.135946,0.36912,10.00
0.133630,5.661972,0.010149,0.36814,10.00
0.133640,5.634198,-0.113493,0.36752,10.00
0.133650,5.600990,-0.234011,0.36726,10.00
0.133660,5.562449,-0.350438,0.36738,10.00
0.133670,5.518935,-0.461827,0.36787,10.00
0.133680,5.472036,-0.500000,0.36870,10.00
0.133690,5.425201,-0.500000,0.36969,10.00
0.133700,5.378495,-0.500000,0.37080,10.00
0.133710,5.331677,-0.500000,0.37206,10.00
0.133720,5.285070,-0.500000,0.37346,10.00
0.133730,5.238675,-0.500000,0.37498,10.00
0.133740,5.192491,-0.500000,0.37663,10.00
0.133750,5.146370,-0.500000,0.37841,10.00
0.133760,5.099875,-0.500000,0.38035,10.00
0.133770,5.053591,-0.500000,0.38242,10.00
0.133780,5.007517,-0.500000,0.38463,10.00
0.133790,4.961651,-0.500000,0.38695,10.00
0.133800,4.916196,-0.500000,0.38941,10.00
0.133810,4.871750,-0.500000,0.39194,10.00
0.133820,4.827507,-0.500000,0.39459,10.00
0.133830,4.783464,-0.499978,0.39736,10.00
0.133840,4.739724,-0.495169,0.40026,10.00
0.133850,4.696273,-0.482500,0.40325,10.00
0.133860,4.652446,-0.461814,0.40642,10.00
0.133870,4.609977,-0.433067,0.40965,10.00
0.133880,4.569221,-0.396386,0.41293,10.00
0.133890,4.530526,-0.351960,0.41622,10.00
0.133900,4.494446,-0.300040,0.41952,10.00
0.133910,4.461952,-0.241042,0.42273,10.00
0.133920,4.432464,-0.175406,0.42588,10.00
0.133930,4.406260,-0.103558,0.42896,10.00
0.133940,4.383592,-0.025974,0.43194,10.00
0.133950,4.364852,0.056818,0.43480,10.00
0.133960,4.350723,0.144166,0.43747,10.00
0.133970,4.340729,0.235405,0.43997,10.00
0.133980,4.335011,0.329879,0.44228,10.00
0.133990,4.333677,0.426904,0.44439,10.00
0.134000,4.336678,0.525766,0.44628,10.00
0.134010,4.343676,0.625790,0.44796,10.00
0.134020,4.355196,0.726265,0.44938,10.00
0.134030,4.371216,0.826427,0.45054,10.00
0.134040,4.391682,0.925503,0.45142,10.00
0.134050,4.416490,1.022722,0.45202,10.00
0.134060,4.445478,1.117320,0.45233,10.00
0.134070,4.478537,1.208547,0.45234,10.00
0.134080,4.515476,1.295661,0.45206,10.00
0.134090,4.556070,1.377945,0.45147,10.00
0.134100,4.600099,1.454709,0.45058,10.00
0.134110,4.647372,1.525282,0.44939,10.00
0.134120,4.697449,1.589037,0.44791,10.00
0.134130,4.749992,1.645402,0.44615,10.00
0.134140,4.804641,1.693853,0.44412,10.00
0.134150,4.860893,1.733922,0.44184,10.00
0.134160,4.917992,1.765257,0.43935,10.00
0.134170,4.976008,1.787549,0.43663,10.00
0.134180,5.034520,1.800514,0.43371,10.00
0.134190,5.093095,1.803937,0.43061,10.00
0.134200,5.151401,1.797674,0.42734,10.00
0.134210,5.209314,1.781600,0.42391,10.00
0.134220,5.265967,1.755682,0.42037,10.00
0.134230,5.320920,1.719995,0.41674,10.00
0.134240,5.373742,1.674690,0.41305,10.00
0.134250,5.423986,1.619992,0.40932,10.00
0.134260,5.471172,1.556213,0.40560,10.00
0.134270,5.515010,1.483736,0.40191,10.00
0.134280,5.555135,1.403003,0.39827,10.00
0.134290,5.591202,1.314528,0.39472,10.00
0.134300,5.622764,1.218888,0.39127,10.00
0.134310,5.649148,1.116786,0.38801,10.00
0.134320,5.670620,1.008960,0.38491,10.00
0.134330,5.686964,0.896161,0.38201,10.00
0.134340,5.698000,0.779186,0.37932,10.00
0.134350,5.703739,0.658873,0.37689,10.00
0.134360,5.704541,0.536021,0.37468,10.00
0.134370,5.699717,0.411484,0.37275,10.00
0.134380,5.689240,0.286188,0.37113,10.00
0.134390,5.673127,0.161076,0.36983,10.00
0.134400,5.651404,0.037102,0.36887,10.00
0.134410,5.624075,-0.084761,0.36826,10.00
0.134420,5.591422,-0.203550,0.36800,10.00
0.134430,5.553633,-0.318325,0.36811,10.00
0.134440,5.510939,-0.428163,0.36859,10.00
0.134450,5.463875,-0.500000,0.36943,10.00
0.134460,5.415682,-0.500000,0.37050,10.00
0.134470,5.367708,-0.500000,0.37172,10.00
0.134480,5.319951,-0.500000,0.37306,10.00
0.134490,5.272411,-0.500000,0.37454,10.00
0.134500,5.225167,-0.500000,0.37614,10.00
0.134510,5.178458,-0.500000,0.37786,10.00
0.134520,5.131961,-0.500000,0.37971,10.00
0.134530,5.085675,-0.500000,0.38169,10.00
0.134540,5.039599,-0.500000,0.38379,10.00
0.134550,4.993828,-0.500000,0.38602,10.00
0.134560,4.948651,-0.500000,0.38836,10.00
0.134570,4.903679,-0.500000,0.39081,10.00
0.134580,4.858911,-0.500000,0.39340,10.00
0.134590,4.814346,-0.500000,0.39611,10.00
0.134600,4.770033,-0.498943,0.39894,10.00
0.134610,4.726295,-0.490884,0.40187,10.00
0.134620,4.683335,-0.474944,0.40490,10.00
0.134630,4.641508,-0.451154,0.40801,10.00
0.134640,4.601161,-0.419606,0.41116,10.00
0.134650,4.562746,-0.380452,0.41435,10.00
0.134660,4.526916,-0.333958,0.41752,10.00
0.134670,4.493552,-0.280429,0.42068,10.00
0.134680,4.462951,-0.220194,0.42379,10.00
0.134690,4.435397,-0.153636,0.42685,10.00
0.134700,4.410954,-0.081190,0.42982,10.00
0.134710,4.389280,-0.003249,0.43273,10.00
0.134720,4.371380,0.079718,0.43552,10.00
0.134730,4.357450,0.167136,0.43816,10.00
0.134740,4.347655,0.258387,0.44063,10.00
0.134750,4.342307,0.352817,0.44291,10.00
0.134760,4.342025,0.449658,0.44495,10.00
0.134770,4.346186,0.548140,0.44675,10.00
0.134780,4.354824,0.647527,0.44832,10.00
0.134790,4.367939,0.747070,0.44963,10.00
0.134800,4.385468,0.846007,0.45067,10.00
0.134810,4.407253,0.943586,0.45144,10.00
0.134820,4.433312,1.039053,0.45193,10.00
0.134830,4.463509,1.131651,0.45213,10.00
0.134840,4.497675,1.220635,0.45203,10.00
0.134850,4.535736,1.305280,0.45163,10.00
0.134860,4.577845,1.384820,0.45090,10.00
0.134870,4.623216,1.458544,0.44988,10.00
0.134880,4.671552,1.525814,0.44856,10.00
0.134890,4.722531,1.586036,0.44696,10.00
0.134900,4.775966,1.638662,0.44509,10.00
0.134910,4.831963,1.683118,0.44291,10.00
0.134920,4.889488,1.718911,0.44049,10.00
0.134930,4.948130,1.745660,0.43782,10.00
0.134940,5.007467,1.763047,0.43495,10.00
0.134950,5.066655,1.770824,0.43187,10.00
0.134960,5.124042,1.769007,0.42873,10.00
0.134970,5.180826,1.757624,0.42544,10.00
0.134980,5.236574,1.736641,0.42204,10.00
0.134990,5.290856,1.706099,0.41853,10.00
0.135000,5.343183,1.666113,0.41495,10.00
0.135010,5.392945,1.616902,0.41135,10.00
0.135020,5.440004,1.558747,0.40773,10.00
0.135030,5.483975,1.491980,0.40413,10.00
0.135040,5.524492,1.417004,0.40057,10.00
0.135050,5.561315,1.334287,0.39707,10.00
0.135060,5.594441,1.244314,0.39365,10.00
0.135070,5.623150,1.147643,0.39035,10.00
0.135080,5.647175,1.044930,0.38720,10.00
0.135090,5.666283,0.936881,0.38423,10.00
0.135100,5.680112,0.824252,0.38146,10.00
0.135110,5.688017,0.707922,0.37896,10.00
0.135120,5.690529,0.588784,0.37671,10.00
0.135130,5.687567,0.467709,0.37474,10.00
0.135140,5.679094,0.345595,0.37305,10.00
0.135150,5.665385,0.223357,0.37167,10.00
0.135160,5.647295,0.101793,0.37055,10.00
0.135170,5.623809,-0.018255,0.36975,10.00
0.135180,5.595047,-0.135853,0.36930,10.00
0.135190,5.561167,-0.250079,0.36920,10.00
0.135200,5.522213,-0.360023,0.36945,10.00
0.135210,5.477950,-0.464719,0.37011,10.00
0.135220,5.430546,-0.500000,0.37109,10.00
0.135230,5.383220,-0.500000,0.37222,10.00
0.135240,5.336109,-0.500000,0.37348,10.00
0.135250,5.289076,-0.500000,0.37488,10.00
0.135260,5.241716,-0.500000,0.37644,10.00
0.135270,5.194570,-0.500000,0.37813,10.00
0.135280,5.147638,-0.500000,0.37995,10.00
0.135290,5.100919,-0.500000,0.38190,10.00
0.135300,5.054562,-0.500000,0.38398,10.00
0.135310,5.009011,-0.500000,0.38615,10.00
0.135320,4.963666,-0.500000,0.38845,10.00
0.135330,4.918527,-0.500000,0.39087,10.00
0.135340,4.873593,-0.500000,0.39342,10.00
0.135350,4.828983,-0.500000,0.39609,10.00
0.135360,4.785055,-0.499613,0.39885,10.00
0.135370,4.741487,-0.493194,0.40174,10.00
0.135380,4.698621,-0.478961,0.40471,10.00
0.135390,4.656807,-0.456935,0.40777,10.00
0.135400,4.616319,-0.427195,0.41089,10.00
0.135410,4.577275,-0.389842,0.41406,10.00
0.135420,4.540306,-0.345052,0.41724,10.00
0.135430,4.505735,-0.293081,0.42041,10.00
0.135440,4.473866,-0.234242,0.42356,10.00
0.135450,4.444822,-0.168906,0.42665,10.00
0.135460,4.418372,-0.097417,0.42970,10.00
0.135470,4.395444,-0.020194,0.43266,10.00
0.135480,4.376268,0.062239,0.43549,10.00
0.135490,4.361048,0.149312,0.43818,10.00
0.135500,4.349958,0.240413,0.44071,10.00
0.135510,4.343141,0.334893,0.44305,10.00
0.135520,4.340717,0.432069,0.44519,10.00
0.135530,4.342771,0.531230,0.44711,10.00
0.135540,4.349350,0.631638,0.44879,10.00
0.135550,4.360617,0.732541,0.45022,10.00
0.135560,4.376981,0.833101,0.45135,10.00
0.135570,4.397804,0.932498,0.45220,10.00
0.135580,4.422993,1.029955,0.45276,10.00
0.135590,4.452419,1.124703,0.45303,10.00
0.135600,4.485907,1.215982,0.45299,10.00
0.135610,4.523232,1.303058,0.45266,10.00
0.135620,4.564206,1.385214,0.45203,10.00
0.135630,4.608572,1.461762,0.45110,10.00
0.135640,4.656042,1.532046,0.44988,10.00
0.135650,4.706268,1.595452,0.44836,10.00
0.135660,4.758817,1.651425,0.44658,10.00
0.135670,4.813452,1.699456,0.44452,10.00
0.135680,4.869791,1.739079,0.44221,10.00
0.135690,4.927433,1.769886,0.43967,10.00
0.135700,4.985877,1.791534,0.43689,10.00
0.135710,5.044439,1.803784,0.43394,10.00
0.135720,5.103030,1.806455,0.43081,10.00
0.135730,5.161212,1.799407,0.42751,10.00
0.135740,5.218544,1.782573,0.42408,10.00
0.135750,5.274627,1.755961,0.42054,10.00
0.135760,5.329149,1.719631,0.41691,10.00
0.135770,5.381514,1.673727,0.41322,10.00
0.135780,5.431303,1.618480,0.40949,10.00
0.135790,5.478112,1.554195,0.40577,10.00
0.135800,5.521596,1.481250,0.40208,10.00
0.135810,5.561514,1.400072,0.39843,10.00
0.135820,5.597356,1.311166,0.39486,10.00
0.135830,5.628803,1.215113,0.39142,10.00
0.135840,5.655571,1.112555,0.38811,10.00
0.135850,5.677527,1.004193,0.38497,10.00
0.135860,5.694819,0.890721,0.38200,10.00
0.135870,5.706764,0.772898,0.37925,10.00
0.135880,5.713209,0.651569,0.37674,10.00
0.135890,5.714046,0.527612,0.37450,10.00
0.135900,5.709005,0.401939,0.37255,10.00
0.135910,5.697465,0.275580,0.37096,10.00
0.135920,5.680250,0.149555,0.36969,10.00
0.135930,5.657426,0.024824,0.36876,10.00
0.135940,5.629105,-0.097647,0.36818,10.00
0.135950,5.595484,-0.216899,0.36796,10.00
0.135960,5.556889,-0.332008,0.36810,10.00
0.135970,5.513380,-0.442061,0.36861,10.00
0.135980,5.465937,-0.500000,0.36947,10.00
0.135990,5.418237,-0.500000,0.37052,10.00
0.136000,5.370847,-0.500000,0.37170,10.00
0.136010,5.324041,-0.500000,0.37298,10.00
0.136020,5.277448,-0.500000,0.37440,10.00
0.136030,5.231067,-0.500000,0.37594,10.00
0.136040,5.184896,-0.500000,0.37762,10.00
0.136050,5.138916,-0.500000,0.37942,10.00
0.136060,5.093070,-0.500000,0.38135,10.00
0.136070,5.047432,-0.500000,0.38341,10.00
0.136080,5.002001,-0.500000,0.38560,10.00
0.136090,4.956777,-0.500000,0.38791,10.00
0.136100,4.911675,-0.500000,0.39034,10.00
0.136110,4.866452,-0.500000,0.39293,10.00
0.136120,4.821434,-0.500000,0.39563,10.00
0.136130,4.776626,-0.499476,0.39847,10.00
0.136140,4.732198,-0.492596,0.40142,10.00
0.136150,4.688485,-0.477736,0.40447,10.00
0.136160,4.645800,-0.454912,0.40760,10.00
0.136170,4.604560,-0.424201,0.41079,10.00
0.136180,4.565111,-0.385748,0.41402,10.00
0.136190,4.527793,-0.339758,0.41725,10.00
0.136200,4.492884,-0.286495,0.42048,10.00
0.136210,4.460558,-0.226261,0.42369,10.00
0.136220,4.431294,-0.159420,0.42684,10.00
0.136230,4.405365,-0.086408,0.42991,10.00
0.136240,4.383022,-0.007710,0.43287,10.00
0.136250,4.364634,0.076137,0.43571,10.00
0.136260,4.350813,0.164485,0.43837,10.00
0.136270,4.341170,0.256665,0.44085,10.00
0.136280,4.335842,0.352016,0.44315,10.00
0.136290,4.334934,0.449845,0.44523,10.00
0.136300,4.338455,0.549433,0.44709,10.00
0.136310,4.346253,0.650069,0.44872,10.00
0.136320,4.358592,0.751014,0.45010,10.00
0.136330,4.375445,0.851499,0.45120,10.00
0.136340,4.396751,0.950748,0.45203,10.00
0.136350,4.422709,1.047986,0.45257,10.00
0.136360,4.454075,1.142300,0.45274,10.00
0.136370,4.489478,1.232833,0.45261,10.00
0.136380,4.528708,1.318848,0.45217,10.00
0.136390,4.571522,1.399629,0.45142,10.00
0.136400,4.617471,1.474493,0.45038,10.00
0.136410,4.665729,1.542879,0.44909,10.00
0.136420,4.716681,1.604243,0.44751,10.00
0.136430,4.769982,1.658026,0.44565,10.00
0.136440,4.825263,1.703724,0.44353,10.00
0.136450,4.882030,1.740888,0.44116,10.00
0.136460,4.939564,1.769177,0.43857,10.00
0.136470,4.997871,1.788300,0.43578,10.00
0.136480,5.056526,1.797997,0.43278,10.00
0.136490,5.115094,1.798077,0.42961,10.00
0.136500,5.173170,1.788418,0.42629,10.00
0.136510,5.230419,1.768957,0.42282,10.00
0.136520,5.286259,1.739709,0.41926,10.00
0.136530,5.340254,1.700774,0.41561,10.00
0.136540,5.391978,1.652330,0.41192,10.00
0.136550,5.441049,1.594627,0.40820,10.00
0.136560,5.487167,1.527974,0.40449,10.00
0.136570,5.529817,1.452757,0.40080,10.00
0.136580,5.568638,1.369443,0.39719,10.00
0.136590,5.603294,1.278566,0.39366,10.00
0.136600,5.633394,1.180725,0.39026,10.00
0.136610,5.658405,1.076619,0.38703,10.00
0.136620,5.678426,0.966990,0.38398,10.00
0.136630,5.693250,0.852605,0.38113,10.00
0.136640,5.702706,0.734277,0.37851,10.00
0.136650,5.706655,0.612855,0.37614,10.00
0.136660,5.704981,0.489231,0.37405,10.00
0.136670,5.697667,0.364321,0.37225,10.00
0.136680,5.684705,0.239057,0.37076,10.00
0.136690,5.666132,0.114390,0.36960,10.00
0.136700,5.642327,-0.008726,0.36878,10.00
0.136710,5.614310,-0.129482,0.36824,10.00
0.136720,5.581025,-0.247027,0.36804,10.00
0.136730,5.542667,-0.360430,0.36821,10.00
0.136740,5.499473,-0.468778,0.36875,10.00
0.136750,5.452910,-0.500000,0.36961,10.00
0.136760,5.405287,-0.500000,0.37069,10.00
0.136770,5.357880,-0.500000,0.37190,10.00
0.136780,5.310688,-0.500000,0.37325,10.00
0.136790,5.263710,-0.500000,0.37472,10.00
0.136800,5.216958,-0.500000,0.37633,10.00
0.136810,5.170466,-0.500000,0.37806,10.00
0.136820,5.124185,-0.500000,0.37992,10.00
0.136830,5.078114,-0.500000,0.38191,10.00
0.136840,5.032252,-0.500000,0.38403,10.00
0.136850,4.986853,-0.500000,0.38627,10.00
0.136860,4.942677,-0.500000,0.38857,10.00
0.136870,4.898702,-0.500000,0.39100,10.00
0.136880,4.854926,-0.500000,0.39354,10.00
0.136890,4.811348,-0.500000,0.39621,10.00
0.136900,4.767690,-0.498745,0.39900,10.00
0.136910,4.723291,-0.490319,0.40198,10.00
0.136920,4.679692,-0.473897,0.40505,10.00
0.136930,4.637254,-0.449515,0.40820,10.00
0.136940,4.596329,-0.417267,0.41140,10.00
0.136950,4.557449,-0.377310,0.41463,10.00
0.136960,4.521496,-0.329950,0.41782,10.00
0.136970,4.488049,-0.275523,0.42100,10.00
0.136980,4.457407,-0.214364,0.42413,10.00
0.136990,4.429854,-0.146862,0.42720,10.00
0.137000,4.405867,-0.073461,0.43019,10.00
0.137010,4.386327,0.005242,0.43301,10.00
0.137020,4.370576,0.088636,0.43569,10.00
0.137030,4.358795,0.176138,0.43823,10.00
0.137040,4.351134,0.267125,0.44059,10.00
0.137050,4.347512,0.360942,0.44275,10.00
0.137060,4.347414,0.457001,0.44476,10.00
0.137070,4.351720,0.554659,0.44654,10.00
0.137080,4.360464,0.653186,0.44808,10.00
0.137090,4.373645,0.751838,0.44937,10.00
0.137100,4.391137,0.849860,0.45040,10.00
0.137110,4.412602,0.946537,0.45117,10.00
0.137120,4.438302,1.041140,0.45166,10.00
0.137130,4.468104,1.132921,0.45186,10.00
0.137140,4.501841,1.221140,0.45177,10.00
0.137150,4.539131,1.305080,0.45138,10.00
0.137160,4.579202,1.384131,0.45074,10.00
0.137170,4.622530,1.457689,0.44982,10.00
0.137180,4.668834,1.525123,0.44861,10.00
0.137190,4.717808,1.585840,0.44712,10.00
0.137200,4.769397,1.639294,0.44537,10.00
0.137210,4.824080,1.684850,0.44328,10.00
0.137220,4.880355,1.721971,0.44094,10.00
0.137230,4.937819,1.750270,0.43837,10.00
0.137240,4.996058,1.769420,0.43558,10.00
0.137250,5.054464,1.779160,0.43259,10.00
0.137260,5.112063,1.779388,0.42947,10.00
0.137270,5.169151,1.770042,0.42621,10.00
0.137280,5.225293,1.751075,0.42282,10.00
0.137290,5.280058,1.722510,0.41932,10.00
0.137300,5.333270,1.684447,0.41575,10.00
0.137310,5.385255,1.636938,0.41206,10.00
0.137320,5.434595,1.580144,0.40835,10.00
0.137330,5.480888,1.514385,0.40464,10.00
0.137340,5.523753,1.440049,0.40097,10.00
0.137350,5.562641,1.357597,0.39736,10.00
0.137360,5.596660,1.267646,0.39388,10.00
0.137370,5.626254,1.170848,0.39053,10.00
0.137380,5.651151,1.067856,0.38733,10.00
0.137390,5.671111,0.959377,0.38430,10.00
0.137400,5.686037,0.846169,0.38148,10.00
0.137410,5.696093,0.728981,0.37885,10.00
0.137420,5.700696,0.608620,0.37647,10.00
0.137430,5.699752,0.485962,0.37436,10.00
0.137440,5.693206,0.361913,0.37254,10.00
0.137450,5.680988,0.237398,0.37102,10.00
0.137460,5.662962,0.113386,0.36985,10.00
0.137470,5.639428,-0.009156,0.36901,10.00
0.137480,5.610502,-0.129277,0.36851,10.00
0.137490,5.576346,-0.246035,0.36838,10.00
0.137500,5.537161,-0.358502,0.36861,10.00
0.137510,5.493189,-0.465769,0.36920,10.00
0.137520,5.446060,-0.500000,0.37012,10.00
0.137530,5.399023,-0.500000,0.37119,10.00
0.137540,5.352200,-0.500000,0.37239,10.00
0.137550,5.305538,-0.500000,0.37372,10.00
0.137560,5.258884,-0.500000,0.37520,10.00
0.137570,5.212443,-0.500000,0.37680,10.00
0.137580,5.166212,-0.500000,0.37853,10.00
0.137590,5.120191,-0.500000,0.38039,10.00
0.137600,5.074331,-0.500000,0.38238,10.00
0.137610,5.028487,-0.500000,0.38451,10.00
0.137620,4.982851,-0.500000,0.38676,10.00
0.137630,4.937421,-0.500000,0.38914,10.00
0.137640,4.892198,-0.500000,0.39165,10.00
0.137650,4.847211,-0.500000,0.39428,10.00
0.137660,4.802552,-0.500000,0.39702,10.00
0.137670,4.758140,-0.497366,0.39989,10.00
0.137680,4.714259,-0.486944,0.40287,10.00
0.137690,4.671266,-0.468593,0.40594,10.00
0.137700,4.629467,-0.442363,0.40908,10.00
0.137710,4.589063,-0.408340,0.41228,10.00
0.137720,4.550595,-0.366678,0.41550,10.00
0.137730,4.514395,-0.317608,0.41873,10.00
0.137740,4.480780,-0.261420,0.42193,10.00
0.137750,4.449948,-0.198461,0.42509,10.00
0.137760,4.421867,-0.129083,0.42821,10.00
0.137770,4.397227,-0.053708,0.43125,10.00
0.137780,4.376270,0.027157,0.43417,10.00
0.137790,4.359214,0.112959,0.43695,10.00
0.137800,4.346396,0.203098,0.43958,10.00
0.137810,4.338420,0.296863,0.44199,10.00
0.137820,4.334815,0.393532,0.44421,10.00
0.137830,4.335676,0.492398,0.44621,10.00
0.137840,4.341061,0.592730,0.44797,10.00
0.137850,4.350846,0.693776,0.44948,10.00
0.137860,4.364578,0.794844,0.45078,10.00
0.137870,4.382817,0.895208,0.45179,10.00
0.137880,4.405489,0.994090,0.45253,10.00
0.137890,4.432487,1.090715,0.45297,10.00
0.137900,4.463696,1.184315,0.45312,10.00
0.137910,4.499033,1.274122,0.45296,10.00
0.137920,4.538164,1.359391,0.45250,10.00
0.137930,4.580845,1.439415,0.45174,10.00
0.137940,4.626805,1.513515,0.45067,10.00
0.137950,4.675718,1.581052,0.44932,10.00
0.137960,4.727189,1.641440,0.44768,10.00
0.137970,4.780958,1.694135,0.44577,10.00
0.137980,4.836652,1.738640,0.44359,10.00
0.137990,4.893880,1.774513,0.44116,10.00
0.138000,4.952508,1.801372,0.43850,10.00
0.138010,5.012934,1.818767,0.43556,10.00
0.138020,5.073610,1.826358,0.43241,10.00
0.138030,5.134083,1.823965,0.42909,10.00
0.138040,5.193899,1.811482,0.42562,10.00
0.138050,5.252297,1.788879,0.42202,10.00
0.138060,5.307918,1.756350,0.41840,10.00
0.138070,5.361546,1.714118,0.41470,10.00
0.138080,5.412755,1.662383,0.41097,10.00
0.138090,5.461131,1.601424,0.40723,10.00
0.138100,5.506371,1.531590,0.40350,10.00
0.138110,5.548371,1.453258,0.39979,10.00
0.138120,5.586405,1.366891,0.39615,10.00
0.138130,5.620141,1.273046,0.39262,10.00
0.138140,5.649278,1.172347,0.38922,10.00
0.138150,5.673913,1.065474,0.38598,10.00
0.138160,5.694907,0.952986,0.38283,10.00
0.138170,5.710564,0.835551,0.37989,10.00
0.138180,5.720707,0.714001,0.37718,10.00
0.138190,5.725198,0.589210,0.37473,10.00
0.138200,5.723817,0.462088,0.37256,10.00
0.138210,5.716148,0.333631,0.37072,10.00
0.138220,5.702672,0.204840,0.36920,10.00
0.138230,5.683429,0.076690,0.36802,10.00
0.138240,5.658498,-0.049837,0.36719,10.00
0.138250,5.628116,-0.173758,0.36672,10.00
0.138260,5.592773,-0.294152,0.36659,10.00
0.138270,5.552245,-0.410095,0.36684,10.00
0.138280,5.506972,-0.500000,0.36746,10.00
0.138290,5.460669,-0.500000,0.36831,10.00
0.138300,5.414298,-0.500000,0.36929,10.00
0.138310,5.367023,-0.500000,0.37047,10.00
0.138320,5.319961,-0.500000,0.37178,10.00
0.138330,5.273114,-0.500000,0.37322,10.00
0.138340,5.226479,-0.500000,0.37479,10.00
0.138350,5.179918,-0.500000,0.37649,10.00
0.138360,5.133020,-0.500000,0.37835,10.00
0.138370,5.086334,-0.500000,0.38035,10.00
0.138380,5.039861,-0.500000,0.38247,10.00
0.138390,4.993598,-0.500000,0.38472,10.00
0.138400,4.947830,-0.500000,0.38710,10.00
0.138410,4.903405,-0.500000,0.38953,10.00
0.138420,4.859182,-0.500000,0.39209,10.00
0.138430,4.815160,-0.500000,0.39477,10.00
0.138440,4.771341,-0.499683,0.39757,10.00
0.138450,4.727579,-0.493413,0.40048,10.00
0.138460,4.683341,-0.479155,0.40358,10.00
0.138470,4.640171,-0.456829,0.40675,10.00
0.138480,4.598427,-0.426516,0.40998,10.00
0.138490,4.558462,-0.388356,0.41325,10.00
0.138500,4.520643,-0.342550,0.41654,10.00
0.138510,4.485370,-0.289372,0.41981,10.00
0.138520,4.452862,-0.229151,0.42305,10.00
0.138530,4.423418,-0.162268,0.42623,10.00
0.138540,4.397313,-0.089156,0.42933,10.00
0.138550,4.374845,-0.010303,0.43233,10.00
0.138560,4.356375,0.073734,0.43519,10.00
0.138570,4.341929,0.162357,0.43790,10.00
0.138580,4.331680,0.254941,0.44044,10.00
0.138590,4.325770,0.350824,0.44280,10.00
0.138600,4.324406,0.449310,0.44494,10.00
0.138610,4.327948,0.549630,0.44683,10.00
0.138620,4.336057,0.651004,0.44848,10.00
0.138630,4.348740,0.752670,0.44987,10.00
0.138640,4.365968,0.853850,0.45099,10.00
0.138650,4.387597,0.953763,0.45182,10.00
0.138660,4.413294,1.051667,0.45239,10.00
0.138670,4.443243,1.146812,0.45266,10.00
0.138680,4.477281,1.238435,0.45263,10.00
0.138690,4.515207,1.325791,0.45229,10.00
0.138700,4.556926,1.408159,0.45165,10.00
0.138710,4.602574,1.484781,0.45068,10.00
0.138720,4.651319,1.554957,0.44941,10.00
0.138730,4.702836,1.618070,0.44784,10.00
0.138740,4.756776,1.673548,0.44599,10.00
0.138750,4.812946,1.720874,0.44388,10.00
0.138760,4.871479,1.759498,0.44146,10.00
0.138770,4.931251,1.788959,0.43879,10.00
0.138780,4.991830,1.808918,0.43590,10.00
0.138790,5.052775,1.819105,0.43281,10.00
0.138800,5.113452,1.819319,0.42953,10.00
0.138810,5.172863,1.809522,0.42614,10.00
0.138820,5.231287,1.789725,0.42262,10.00
0.138830,5.288276,1.759952,0.41899,10.00
0.138840,5.343386,1.720307,0.41529,10.00
0.138850,5.396232,1.670969,0.41153,10.00
0.138860,5.446542,1.612169,0.40773,10.00
0.138870,5.493705,1.544222,0.40394,10.00
0.138880,5.537331,1.467532,0.40019,10.00
0.138890,5.577053,1.382574,0.39650,10.00
0.138900,5.612423,1.289892,0.39291,10.00
0.138910,5.642818,1.190146,0.38947,10.00
0.138920,5.668373,1.084043,0.38618,10.00
0.138930,5.688843,0.972311,0.38308,10.00
0.138940,5.704015,0.855731,0.38018,10.00
0.138950,5.713668,0.735130,0.37751,10.00
0.138960,5.717523,0.611399,0.37512,10.00
0.138970,5.715684,0.485457,0.37300,10.00
0.138980,5.708100,0.358234,0.37118,10.00
0.138990,5.694766,0.230682,0.36968,10.00
0.139000,5.675537,0.103768,0.36851,10.00
0.139010,5.649954,-0.021448,0.36774,10.00
0.139020,5.618877,-0.143935,0.36733,10.00
0.139030,5.582480,-0.262727,0.36728,10.00
0.139040,5.540981,-0.376877,0.36761,10.00
0.139050,5.494686,-0.485460,0.36831,10.00
0.139060,5.446179,-0.500000,0.36930,10.00
0.139070,5.397892,-0.500000,0.37044,10.00
0.139080,5.349824,-0.500000,0.37171,10.00
0.139090,5.301974,-0.500000,0.37311,10.00
0.139100,5.254534,-0.500000,0.37465,10.00
0.139110,5.208077,-0.500000,0.37626,10.00
0.139120,5.161831,-0.500000,0.37801,10.00
0.139130,5.115795,-0.500000,0.37988,10.00
0.139140,5.069967,-0.500000,0.38188,10.00
0.139150,5.024276,-0.500000,0.38401,10.00
0.139160,4.978507,-0.500000,0.38628,10.00
0.139170,4.932945,-0.500000,0.38868,10.00
0.139180,4.887590,-0.500000,0.39121,10.00
0.139190,4.842441,-0.500000,0.39386,10.00
0.139200,4.797446,-0.500000,0.39664,10.00
0.139210,4.752502,-0.497280,0.39955,10.00
0.139220,4.708099,-0.486656,0.40257,10.00
0.139230,4.664598,-0.467999,0.40568,10.00
0.139240,4.622358,-0.441360,0.40887,10.00
0.139250,4.581714,-0.406852,0.41210,10.00
0.139260,4.542953,-0.364638,0.41536,10.00
0.139270,4.506487,-0.314947,0.41862,10.00
0.139280,4.472638,-0.258072,0.42186,10.00
0.139290,4.441710,-0.194364,0.42506,10.00
0.139300,4.414004,-0.124233,0.42819,10.00
0.139310,4.389825,-0.048146,0.43122,10.00
0.139320,4.369357,0.033379,0.43414,10.00
0.139330,4.352817,0.119782,0.43692,10.00
0.139340,4.340390,0.210458,0.43954,10.00
0.139350,4.332255,0.304763,0.44198,10.00
0.139360,4.328598,0.402008,0.44422,10.00
0.139370,4.329433,0.501477,0.44623,10.00
0.139380,4.334820,0.602433,0.44802,10.00
0.139390,4.344786,0.704121,0.44955,10.00
0.139400,4.359340,0.805771,0.45082,10.00
0.139410,4.378486,0.906594,0.45180,10.00
0.139420,4.402079,1.005803,0.45251,10.00
0.139430,4.430004,1.102618,0.45291,10.00
0.139440,4.462111,1.196268,0.45302,10.00
0.139450,4.498601,1.285996,0.45283,10.00
0.139460,4.540402,1.370883,0.45223,10.00
0.139470,4.585711,1.450094,0.45132,10.00
0.139480,4.634239,1.522952,0.45011,10.00
0.139490,4.685664,1.588821,0.44861,10.00
0.139500,4.739166,1.647111,0.44681,10.00
0.139510,4.792966,1.697511,0.44486,10.00
0.139520,4.848587,1.739690,0.44265,10.00
0.139530,4.905634,1.773224,0.44019,10.00
0.139540,4.963701,1.797750,0.43751,10.00
0.139550,5.022669,1.812968,0.43462,10.00
0.139560,5.083015,1.818499,0.43147,10.00
0.139570,5.143068,1.814081,0.42814,10.00
0.139580,5.202374,1.799623,0.42466,10.00
0.139590,5.260482,1.775112,0.42107,10.00
0.139600,5.316738,1.740608,0.41737,10.00
0.139610,5.370097,1.696349,0.41367,10.00
0.139620,5.420946,1.642617,0.40993,10.00
0.139630,5.468875,1.579703,0.40618,10.00
0.139640,5.513491,1.507974,0.40245,10.00
0.139650,5.554557,1.427865,0.39878,10.00
0.139660,5.592130,1.339817,0.39515,10.00
0.139670,5.625333,1.244357,0.39163,10.00
0.139680,5.653868,1.142122,0.38824,10.00
0.139690,5.677466,1.033805,0.38502,10.00
0.139700,5.695824,0.920156,0.38199,10.00
0.139710,5.708537,0.802007,0.37919,10.00
0.139720,5.715729,0.680225,0.37664,10.00
0.139730,5.717285,0.555691,0.37436,10.00
0.139740,5.713129,0.429320,0.37236,10.00
0.139750,5.703241,0.302049,0.37067,10.00
0.139760,5.687661,0.174831,0.36930,10.00
0.139770,5.666404,0.048630,0.36827,10.00
0.139780,5.639568,-0.075580,0.36758,10.00
0.139790,5.607295,-0.196833,0.36726,10.00
0.139800,5.570053,-0.314168,0.36731,10.00
0.139810,5.528912,-0.426785,0.36766,10.00
0.139820,5.483421,-0.500000,0.36837,10.00
0.139830,5.437328,-0.500000,0.36928,10.00
0.139840,5.391444,-0.500000,0.37032,10.00
0.139850,5.345360,-0.500000,0.37148,10.00
0.139860,5.297855,-0.500000,0.37288,10.00
0.139870,5.250565,-0.500000,0.37441,10.00
0.139880,5.203490,-0.500000,0.37607,10.00
0.139890,5.156629,-0.500000,0.37786,10.00
0.139900,5.110182,-0.500000,0.37978,10.00
0.139910,5.064748,-0.500000,0.38178,10.00
0.139920,5.019520,-0.500000,0.38391,10.00
0.139930,4.974497,-0.500000,0.38615,10.00
0.139940,4.929679,-0.500000,0.38853,10.00
0.139950,4.885018,-0.500000,0.39102,10.00
0.139960,4.840377,-0.500000,0.39366,10.00
0.139970,4.795938,-0.500000,0.39641,10.00
0.139980,4.751746,-0.497425,0.39929,10.00
0.139990,4.708079,-0.487087,0.40228,10.00
0.140000,4.665380,-0.468830,0.40536,10.00
0.140010,4.624256,-0.442747,0.40848,10.00
0.140020,4.584712,-0.408974,0.41165,10.00
0.140030,4.547085,-0.367682,0.41484,10.00
0.140040,4.511703,-0.319100,0.41804,10.00
0.140050,4.479098,-0.263517,0.42121,10.00
0.140060,4.450227,-0.201384,0.42428,10.00
0.140070,4.424474,-0.133172,0.42728,10.00
0.140080,4.402087,-0.059334,0.43019,10.00
0.140090,4.383294,0.019631,0.43298,10.00
0.140100,4.367946,0.103177,0.43564,10.00
0.140110,4.355182,0.190886,0.43823,10.00
0.140120,4.346557,0.282249,0.44065,10.00
0.140130,4.342200,0.376608,0.44288,10.00
0.140140,4.342210,0.473275,0.44490,10.00
0.140150,4.346802,0.571539,0.44669,10.00
0.140160,4.356454,0.670590,0.44820,10.00
0.140170,4.370558,0.769633,0.44945,10.00
0.140180,4.389075,0.867906,0.45044,10.00
0.140190,4.411927,0.964647,0.45115,10.00
0.140200,4.439011,1.059097,0.45157,10.00
0.140210,4.470203,1.150499,0.45169,10.00
0.140220,4.505300,1.238115,0.45152,10.00
0.140230,4.544093,1.321226,0.45106,10.00
0.140240,4.586342,1.399141,0.45030,10.00
0.140250,4.631645,1.471199,0.44924,10.00
0.140260,4.679312,1.536839,0.44794,10.00
0.140270,4.729553,1.595522,0.44635,10.00
0.140280,4.782026,1.646714,0.44450,10.00
0.140290,4.836369,1.689930,0.44239,10.00
0.140300,4.892486,1.724740,0.44003,10.00
0.140310,4.950833,1.750635,0.43738,10.00
0.140320,5.009837,1.767213,0.43451,10.00
0.140330,5.069067,1.774230,0.43145,10.00
0.140340,5.128081,1.771515,0.42822,10.00
0.140350,5.186262,1.758966,0.42483,10.00
0.140360,5.242643,1.736642,0.42138,10.00
0.140370,5.297493,1.704647,0.41782,10.00
0.140380,5.350381,1.663104,0.41420,10.00
0.140390,5.400889,1.612213,0.41054,10.00
0.140400,5.448393,1.552244,0.40686,10.00
0.140410,5.491857,1.483646,0.40326,10.00
0.140420,5.531788,1.406905,0.39970,10.00
0.140430,5.567846,1.322505,0.39622,10.00
0.140440,5.599714,1.230993,0.39284,10.00
0.140450,5.627255,1.132979,0.38959,10.00
0.140460,5.650652,1.029056,0.38646,10.00
0.140470,5.669081,0.919894,0.38351,10.00
0.140480,5.682350,0.806259,0.38077,10.00
0.140490,5.690299,0.688960,0.37826,10.00
0.140500,5.692806,0.568846,0.37601,10.00
0.140510,5.689776,0.446796,0.37403,10.00
0.140520,5.681191,0.323718,0.37234,10.00
0.140530,5.667054,0.200535,0.37096,10.00
0.140540,5.647411,0.078181,0.36991,10.00
0.140550,5.622189,-0.042402,0.36920,10.00
0.140560,5.591038,-0.160199,0.36887,10.00
0.140570,5.554782,-0.274226,0.36890,10.00
0.140580,5.513641,-0.383571,0.36930,10.00
0.140590,5.467874,-0.487346,0.37005,10.00
0.140600,5.420116,-0.500000,0.37110,10.00
0.140610,5.373510,-0.500000,0.37223,10.00
0.140620,5.327115,-0.500000,0.37349,10.00
0.140630,5.280931,-0.500000,0.37487,10.00
0.140640,5.234957,-0.500000,0.37639,10.00
0.140650,5.188969,-0.500000,0.37803,10.00
0.140660,5.142301,-0.500000,0.37985,10.00
0.140670,5.095845,-0.500000,0.38181,10.00
0.140680,5.049600,-0.500000,0.38389,10.00
0.140690,5.003565,-0.500000,0.38610,10.00
0.140700,4.958121,-0.500000,0.38844,10.00
0.140710,4.914411,-0.500000,0.39080,10.00
0.140720,4.870899,-0.500000,0.39329,10.00
0.140730,4.827584,-0.500000,0.39590,10.00
0.140740,4.784469,-0.499689,0.39862,10.00
0.140750,4.741195,-0.493549,0.40146,10.00
0.140760,4.696594,-0.479477,0.40453,10.00
0.140770,4.653054,-0.457327,0.40768,10.00
0.140780,4.610936,-0.427175,0.41090,10.00
0.140790,4.570591,-0.389159,0.41415,10.00
0.140800,4.532563,-0.343480,0.41742,10.00
0.140810,4.497779,-0.290494,0.42063,10.00
0.140820,4.465747,-0.230587,0.42380,10.00
0.140830,4.436757,-0.164136,0.42692,10.00
0.140840,4.411083,-0.091573,0.42996,10.00
0.140850,4.388976,-0.013383,0.43290,10.00
0.140860,4.370673,0.069901,0.43571,10.00
0.140870,4.356356,0.157699,0.43837,10.00
0.140880,4.346197,0.249393,0.44087,10.00
0.140890,4.340335,0.344326,0.44317,10.00
0.140900,4.338667,0.441809,0.44527,10.00
0.140910,4.340645,0.541229,0.44720,10.00
0.140920,4.347162,0.641915,0.44889,10.00
0.140930,4.358235,0.743110,0.45033,10.00
0.140940,4.373844,0.844047,0.45150,10.00
0.140950,4.394087,0.943948,0.45240,10.00
0.140960,4.419323,1.041963,0.45297,10.00
0.140970,4.448820,1.137270,0.45324,10.00
0.140980,4.482416,1.229106,0.45322,10.00
0.140990,4.519914,1.316726,0.45289,10.00
0.141000,4.561228,1.399406,0.45226,10.00
0.141010,4.606519,1.476385,0.45129,10.00
0.141020,4.654925,1.546957,0.45002,10.00
0.141030,4.706125,1.610504,0.44846,10.00
0.141040,4.759770,1.666452,0.44662,10.00
0.141050,4.815394,1.714279,0.44451,10.00
0.141060,4.872312,1.753567,0.44216,10.00
0.141070,4.930514,1.783942,0.43958,10.00
0.141080,4.989578,1.805060,0.43677,10.00
0.141090,5.049074,1.816645,0.43376,10.00
0.141100,5.108520,1.818490,0.43056,10.00
0.141110,5.167345,1.810481,0.42722,10.00
0.141120,5.225270,1.792569,0.42374,10.00
0.141130,5.281851,1.764769,0.42015,10.00
0.141140,5.336646,1.727169,0.41648,10.00
0.141150,5.389301,1.679934,0.41275,10.00
0.141160,5.439630,1.623267,0.40898,10.00
0.141170,5.486909,1.557457,0.40521,10.00
0.141180,5.530747,1.482893,0.40147,10.00
0.141190,5.570776,1.400035,0.39778,10.00
0.141200,5.606501,1.309409,0.39419,10.00
0.141210,5.637161,1.211684,0.39075,10.00
0.141220,5.663071,1.107562,0.38747,10.00
0.141230,5.683982,0.997759,0.38435,10.00
0.141240,5.699679,0.883039,0.38144,10.00
0.141250,5.710068,0.764216,0.37876,10.00
0.141260,5.715257,0.642102,0.37631,10.00
0.141270,5.714811,0.517561,0.37413,10.00
0.141280,5.708673,0.391509,0.37224,10.00
0.141290,5.696824,0.264887,0.37066,10.00
0.141300,5.679594,0.138650,0.36941,10.00
0.141310,5.657951,0.013619,0.36842,10.00
0.141320,5.630786,-0.109340,0.36778,10.00
0.141330,5.598245,-0.229267,0.36750,10.00
0.141340,5.560516,-0.345213,0.36759,10.00
0.141350,5.517580,-0.456248,0.36804,10.00
0.141360,5.470085,-0.500000,0.36890,10.00
0.141370,5.422596,-0.500000,0.36993,10.00
0.141380,5.375322,-0.500000,0.37108,10.00
0.141390,5.328263,-0.500000,0.37237,10.00
0.141400,5.281496,-0.500000,0.37378,10.00
0.141410,5.235256,-0.500000,0.37531,10.00
0.141420,5.189227,-0.500000,0.37696,10.00
0.141430,5.143406,-0.500000,0.37874,10.00
0.141440,5.097794,-0.500000,0.38065,10.00
0.141450,5.052397,-0.500000,0.38268,10.00
0.141460,5.007245,-0.500000,0.38484,10.00
0.141470,4.962297,-0.500000,0.38712,10.00
0.141480,4.917553,-0.500000,0.38953,10.00
0.141490,4.873013,-0.500000,0.39206,10.00
0.141500,4.828509,-0.500000,0.39471,10.00
0.141510,4.783552,-0.499944,0.39753,10.00
0.141520,4.738910,-0.494876,0.40047,10.00
0.141530,4.694918,-0.481804,0.40351,10.00
0.141540,4.651937,-0.460738,0.40664,10.00
0.141550,4.610662,-0.431745,0.40983,10.00
0.141560,4.572453,-0.395122,0.41297,10.00
0.141570,4.536279,-0.351172,0.41613,10.00
0.141580,4.502458,-0.300145,0.41928,10.00
0.141590,4.471290,-0.242351,0.42240,10.00
0.141600,4.442744,-0.178155,0.42546,10.00
0.141610,4.416140,-0.107819,0.42853,10.00
0.141620,4.393007,-0.031708,0.43150,10.00
0.141630,4.373577,0.049663,0.43435,10.00
0.141640,4.358058,0.135732,0.43707,10.00
0.141650,4.346713,0.225896,0.43962,10.00
0.141660,4.339946,0.319470,0.44197,10.00
0.141670,4.337532,0.415752,0.44412,10.00
0.141680,4.339554,0.514035,0.44605,10.00
0.141690,4.346064,0.613589,0.44774,10.00
0.141700,4.357219,0.713667,0.44919,10.00
0.141710,4.373420,0.813441,0.45033,10.00
0.141720,4.394047,0.912095,0.45120,10.00
0.141730,4.419008,1.008861,0.45179,10.00
0.141740,4.448177,1.102973,0.45208,10.00
0.141750,4.481364,1.193678,0.45207,10.00
0.141760,4.518292,1.280254,0.45178,10.00
0.141770,4.558851,1.361996,0.45118,10.00
0.141780,4.602786,1.438217,0.45029,10.00
0.141790,4.649815,1.508268,0.44910,10.00
0.141800,4.699416,1.571534,0.44763,10.00
0.141810,4.750630,1.627550,0.44593,10.00
0.141820,4.803944,1.675865,0.44397,10.00
0.141830,4.858988,1.716014,0.44176,10.00
0.141840,4.915372,1.747588,0.43931,10.00
0.141850,4.972644,1.770240,0.43663,10.00
0.141860,5.030253,1.783709,0.43377,10.00
0.141870,5.087957,1.787790,0.43072,10.00
0.141880,5.145325,1.782337,0.42752,10.00
0.141890,5.201923,1.767272,0.42417,10.00
0.141900,5.257594,1.742591,0.42072,10.00
0.141910,5.312728,1.708230,0.41710,10.00
0.141920,5.365790,1.664240,0.41343,10.00
0.141930,5.416357,1.610837,0.40971,10.00
0.141940,5.464022,1.548311,0.40599,10.00
0.141950,5.508063,1.477026,0.40229,10.00
0.141960,5.547120,1.397575,0.39873,10.00
0.141970,5.582187,1.310570,0.39525,10.00
0.141980,5.612955,1.216581,0.39188,10.00
0.141990,5.639143,1.116236,0.38865,10.00
0.142000,5.660739,1.010221,0.38559,10.00
0.142010,5.678229,0.899159,0.38266,10.00
0.142020,5.690479,0.783755,0.37995,10.00
0.142030,5.697338,0.664835,0.37747,10.00
0.142040,5.698695,0.543260,0.37525,10.00
0.142050,5.694337,0.419922,0.37331,10.00
0.142060,5.683814,0.295806,0.37171,10.00
0.142070,5.667709,0.171891,0.37043,10.00
0.142080,5.646082,0.049124,0.36948,10.00
0.142090,5.619038,-0.071550,0.36887,10.00
0.142100,5.586791,-0.189186,0.36861,10.00
0.142110,5.549741,-0.302887,0.36870,10.00
0.142120,5.507829,-0.411765,0.36914,10.00
0.142130,5.461455,-0.500000,0.36996,10.00
0.142140,5.413985,-0.500000,0.37100,10.00
0.142150,5.366770,-0.500000,0.37218,10.00
0.142160,5.319933,-0.500000,0.37348,10.00
0.142170,5.273307,-0.500000,0.37491,10.00
0.142180,5.226893,-0.500000,0.37647,10.00
0.142190,5.180690,-0.500000,0.37816,10.00
0.142200,5.134611,-0.500000,0.37997,10.00
0.142210,5.088396,-0.500000,0.38194,10.00
0.142220,5.042392,-0.500000,0.38403,10.00
0.142230,4.996596,-0.500000,0.38625,10.00
0.142240,4.951008,-0.500000,0.38860,10.00
0.142250,4.906200,-0.500000,0.39107,10.00
0.142260,4.863883,-0.500000,0.39352,10.00
0.142270,4.821758,-0.500000,0.39609,10.00
0.142280,4.779830,-0.499416,0.39877,10.00
0.142290,4.738268,-0.492719,0.40156,10.00
0.142300,4.696838,-0.478519,0.40445,10.00
0.142310,4.654197,-0.456565,0.40756,10.00
0.142320,4.612959,-0.426756,0.41072,10.00
0.142330,4.573472,-0.389228,0.41392,10.00
0.142340,4.536073,-0.344179,0.41714,10.00
0.142350,4.501329,-0.291868,0.42035,10.00
0.142360,4.470271,-0.232726,0.42346,10.00
0.142370,4.442213,-0.167206,0.42652,10.00
0.142380,4.417418,-0.095734,0.42950,10.00
0.142390,4.396130,-0.018790,0.43237,10.00
0.142400,4.378349,0.063103,0.43512,10.00
0.142410,4.363621,0.149481,0.43778,10.00
0.142420,4.352988,0.239805,0.44028,10.00
0.142430,4.346594,0.333429,0.44259,10.00
0.142440,4.344551,0.429677,0.44470,10.00
0.142450,4.346924,0.527842,0.44659,10.00
0.142460,4.353712,0.627203,0.44825,10.00
0.142470,4.364993,0.727017,0.44966,10.00
0.142480,4.380746,0.826525,0.45080,10.00
0.142490,4.400915,0.924962,0.45167,10.00
0.142500,4.425718,1.021560,0.45226,10.00
0.142510,4.455937,1.115410,0.45247,10.00
0.142520,4.490181,1.205659,0.45239,10.00
0.142530,4.528250,1.291573,0.45201,10.00
0.142540,4.569909,1.372441,0.45133,10.00
0.142550,4.614520,1.447581,0.45035,10.00
0.142560,4.660676,1.516528,0.44917,10.00
0.142570,4.709572,1.578801,0.44772,10.00
0.142580,4.760876,1.633839,0.44598,10.00
0.142590,4.814235,1.681133,0.44399,10.00
0.142600,4.869448,1.720224,0.44174,10.00
0.142610,4.926636,1.750630,0.43922,10.00
0.142620,4.984698,1.771955,0.43647,10.00
0.142630,5.043210,1.783922,0.43353,10.00
0.142640,5.101739,1.786325,0.43040,10.00
0.142650,5.159785,1.779025,0.42711,10.00
0.142660,5.216719,1.761989,0.42371,10.00
0.142670,5.272357,1.735245,0.42019,10.00
0.142680,5.326267,1.698877,0.41660,10.00
0.142690,5.378023,1.653044,0.41294,10.00
0.142700,5.427210,1.597975,0.40926,10.00
0.142710,5.473416,1.533980,0.40558,10.00
0.142720,5.516275,1.461434,0.40193,10.00
0.142730,5.555425,1.380786,0.39834,10.00
0.142740,5.590530,1.292548,0.39483,10.00
0.142750,5.621229,1.197300,0.39144,10.00
0.142760,5.647094,1.095703,0.38821,10.00
0.142770,5.668075,0.988469,0.38514,10.00
0.142780,5.683959,0.876344,0.38227,10.00
0.142790,5.694570,0.760122,0.37962,10.00
0.142800,5.699808,0.640635,0.37721,10.00
0.142810,5.699692,0.518735,0.37506,10.00
0.142820,5.694001,0.395305,0.37320,10.00
0.142830,5.682715,0.271266,0.37164,10.00
0.142840,5.665859,0.147553,0.37039,10.00
0.142850,5.643651,0.025112,0.36949,10.00
0.142860,5.616662,-0.095186,0.36888,10.00
0.142870,5.584416,-0.212450,0.36863,10.00
0.142880,5.547101,-0.325751,0.36874,10.00
0.142890,5.504944,-0.434179,0.36920,10.00
0.142900,5.458568,-0.500000,0.37003,10.00
0.142910,5.411224,-0.500000,0.37108,10.00
0.142920,5.364095,-0.500000,0.37226,10.00
0.142930,5.317180,-0.500000,0.37357,10.00
0.142940,5.270478,-0.500000,0.37501,10.00
0.142950,5.223992,-0.500000,0.37659,10.00
0.142960,5.177737,-0.500000,0.37828,10.00
0.142970,5.131691,-0.500000,0.38011,10.00
0.142980,5.085854,-0.500000,0.38206,10.00
0.142990,5.040225,-0.500000,0.38415,10.00
0.143000,4.994752,-0.500000,0.38635,10.00
0.143010,4.949279,-0.500000,0.38870,10.00
0.143020,4.904012,-0.500000,0.39117,10.00
0.143030,4.858951,-0.500000,0.39377,10.00
0.143040,4.814094,-0.500000,0.39649,10.00
0.143050,4.769480,-0.498632,0.39933,10.00
0.143060,4.725397,-0.490013,0.40229,10.00
0.143070,4.682121,-0.473459,0.40534,10.00
0.143080,4.640008,-0.449005,0.40846,10.00
0.143090,4.599409,-0.416748,0.41164,10.00
0.143100,4.560505,-0.376844,0.41484,10.00
0.143110,4.523153,-0.329434,0.41810,10.00
0.143120,4.488320,-0.274740,0.42134,10.00
0.143130,4.456318,-0.213096,0.42454,10.00
0.143140,4.427437,-0.144894,0.42769,10.00
0.143150,4.402090,-0.070577,0.43074,10.00
0.143160,4.380940,0.009289,0.43366,10.00
0.143170,4.363646,0.094112,0.43644,10.00
0.143180,4.350400,0.183303,0.43907,10.00
0.143190,4.341365,0.276229,0.44153,10.00
0.143200,4.336647,0.372223,0.44379,10.00
0.143210,4.336269,0.470598,0.44584,10.00
0.143220,4.340403,0.570639,0.44767,10.00
0.143230,4.349086,0.671598,0.44925,10.00
0.143240,4.362317,0.772713,0.45057,10.00
0.143250,4.380044,0.873211,0.45162,10.00
0.143260,4.402145,0.972324,0.45240,10.00
0.143270,4.428586,1.069280,0.45288,10.00
0.143280,4.459230,1.163312,0.45307,10.00
0.143290,4.493903,1.253663,0.45295,10.00
0.143300,4.532342,1.339596,0.45254,10.00
0.143310,4.574134,1.420428,0.45184,10.00
0.143320,4.619249,1.495496,0.45084,10.00
0.143330,4.667393,1.564155,0.44955,10.00
0.143340,4.718245,1.625801,0.44797,10.00
0.143350,4.771519,1.679875,0.44611,10.00
0.143360,4.827028,1.725840,0.44397,10.00
0.143370,4.884138,1.763226,0.44158,10.00
0.143380,4.942443,1.791641,0.43896,10.00
0.143390,5.001519,1.810755,0.43611,10.00
0.143400,5.061175,1.820307,0.43306,10.00
0.143410,5.121679,1.819990,0.42978,10.00
0.143420,5.181621,1.809607,0.42634,10.00
0.143430,5.240544,1.789111,0.42276,10.00
0.143440,5.297995,1.758532,0.41908,10.00
0.143450,5.353267,1.717980,0.41533,10.00
0.143460,5.405147,1.667764,0.41158,10.00
0.143470,5.454258,1.608231,0.40782,10.00
0.143480,5.500200,1.539719,0.40407,10.00
0.143490,5.542590,1.462640,0.40037,10.00
0.143500,5.581268,1.377473,0.39673,10.00
0.143510,5.616494,1.284672,0.39313,10.00
0.143520,5.647154,1.184783,0.38967,10.00
0.143530,5.672966,1.078480,0.38635,10.00
0.143540,5.693680,0.966492,0.38322,10.00
0.143550,5.709014,0.849601,0.38030,10.00
0.143560,5.718586,0.728671,0.37762,10.00
0.143570,5.722539,0.604593,0.37521,10.00
0.143580,5.720780,0.478273,0.37307,10.00
0.143590,5.713259,0.350644,0.37123,10.00
0.143600,5.699933,0.222661,0.36971,10.00
0.143610,5.680738,0.095311,0.36854,10.00
0.143620,5.655891,-0.030421,0.36771,10.00
0.143630,5.625520,-0.153558,0.36724,10.00
0.143640,5.589793,-0.273131,0.36714,10.00
0.143650,5.548988,-0.388189,0.36741,10.00
0.143660,5.503551,-0.497832,0.36804,10.00
0.143670,5.456254,-0.500000,0.36896,10.00
0.143680,5.409173,-0.500000,0.37000,10.00
0.143690,5.362305,-0.500000,0.37117,10.00
0.143700,5.315566,-0.500000,0.37248,10.00
0.143710,5.268706,-0.500000,0.37393,10.00
0.143720,5.222058,-0.500000,0.37552,10.00
0.143730,5.175622,-0.500000,0.37723,10.00
0.143740,5.129397,-0.500000,0.37907,10.00
0.143750,5.083478,-0.500000,0.38104,10.00
0.143760,5.038151,-0.500000,0.38312,10.00
0.143770,4.993030,-0.500000,0.38531,10.00
0.143780,4.948114,-0.500000,0.38764,10.00
0.143790,4.903401,-0.500000,0.39008,10.00
0.143800,4.858817,-0.500000,0.39265,10.00
0.143810,4.814136,-0.500000,0.39537,10.00
0.143820,4.769665,-0.499320,0.39820,10.00
0.143830,4.725588,-0.492074,0.40116,10.00
0.143840,4.682256,-0.476882,0.40421,10.00
0.143850,4.640120,-0.453772,0.40734,10.00
0.143860,4.599809,-0.422875,0.41050,10.00
0.143870,4.561291,-0.384367,0.41369,10.00
0.143880,4.524897,-0.338458,0.41689,10.00
0.143890,4.490947,-0.285412,0.42008,10.00
0.143900,4.459814,-0.225553,0.42323,10.00
0.143910,4.431989,-0.159294,0.42631,10.00
0.143920,4.407460,-0.087091,0.42931,10.00
0.143930,4.386469,-0.009426,0.43220,10.00
0.143940,4.369233,0.073169,0.43496,10.00
0.143950,4.355909,0.160118,0.43757,10.00
0.143960,4.346552,0.250826,0.44003,10.00
0.143970,4.341440,0.344651,0.44229,10.00
0.143980,4.340678,0.440912,0.44435,10.00
0.143990,4.344336,0.538900,0.44619,10.00
0.144000,4.352626,0.637885,0.44779,10.00
0.144010,4.366065,0.737035,0.44908,10.00
0.144020,4.383926,0.835538,0.45012,10.00
0.144030,4.406140,0.932630,0.45087,10.00
0.144040,4.432603,1.027550,0.45134,10.00
0.144050,4.462510,1.119543,0.45152,10.00
0.144060,4.493715,1.208190,0.45157,10.00
0.144070,4.528698,1.292985,0.45134,10.00
0.144080,4.567249,1.373232,0.45082,10.00
0.144090,4.609126,1.448261,0.45000,10.00
0.144100,4.654327,1.517434,0.44891,10.00
0.144110,4.703356,1.580017,0.44746,10.00
0.144120,4.754806,1.635366,0.44574,10.00
0.144130,4.808325,1.682966,0.44375,10.00
0.144140,4.863539,1.722357,0.44152,10.00
0.144150,4.920129,1.753137,0.43904,10.00
0.144160,4.977907,1.774927,0.43633,10.00
0.144170,5.036160,1.787426,0.43342,10.00
0.144180,5.094457,1.790423,0.43033,10.00
0.144190,5.152363,1.783775,0.42707,10.00
0.144200,5.209388,1.767415,0.42368,10.00
0.144210,5.264940,1.741370,0.42019,10.00
0.144220,5.318797,1.705736,0.41662,10.00
0.144230,5.370535,1.660666,0.41299,10.00
0.144240,5.419742,1.606384,0.40934,10.00
0.144250,5.466052,1.543192,0.40568,10.00
0.144260,5.509184,1.471442,0.40203,10.00
0.144270,5.548642,1.391565,0.39845,10.00
0.144280,5.584087,1.304069,0.39494,10.00
0.144290,5.615207,1.209525,0.39155,10.00
0.144300,5.641851,1.108565,0.38830,10.00
0.144310,5.664163,1.001815,0.38518,10.00
0.144320,5.681388,0.889973,0.38226,10.00
0.144330,5.693340,0.773827,0.37954,10.00
0.144340,5.699871,0.654207,0.37707,10.00
0.144350,5.700954,0.531982,0.37487,10.00
0.144360,5.696770,0.408007,0.37292,10.00
0.144370,5.686954,0.283176,0.37127,10.00
0.144380,5.671517,0.158430,0.36995,10.00
0.144390,5.650515,0.034717,0.36895,10.00
0.144400,5.624000,-0.087010,0.36830,10.00
0.144410,5.591978,-0.205778,0.36801,10.00
0.144420,5.554816,-0.320635,0.36809,10.00
0.144430,5.512740,-0.430659,0.36853,10.00
0.144440,5.466466,-0.500000,0.36933,10.00
0.144450,5.419359,-0.500000,0.37033,10.00
0.144460,5.371230,-0.500000,0.37154,10.00
0.144470,5.323320,-0.500000,0.37288,10.00
0.144480,5.275627,-0.500000,0.37435,10.00
0.144490,5.228150,-0.500000,0.37596,10.00
0.144500,5.181157,-0.500000,0.37770,10.00
0.144510,5.135445,-0.500000,0.37950,10.00
0.144520,5.089940,-0.500000,0.38142,10.00
0.144530,5.044642,-0.500000,0.38347,10.00
0.144540,4.999550,-0.500000,0.38565,10.00
0.144550,4.954662,-0.500000,0.38795,10.00
0.144560,4.909981,-0.500000,0.39038,10.00
0.144570,4.865503,-0.500000,0.39293,10.00
0.144580,4.821226,-0.500000,0.39560,10.00
0.144590,4.777156,-0.499522,0.39839,10.00
0.144600,4.733440,-0.492840,0.40130,10.00
0.144610,4.690377,-0.478289,0.40432,10.00
0.144620,4.648384,-0.455887,0.40741,10.00
0.144630,4.607810,-0.425714,0.41056,10.00
0.144640,4.568998,-0.387912,0.41374,10.00
0.144650,4.532213,-0.342684,0.41694,10.00
0.144660,4.497576,-0.290256,0.42014,10.00
0.144670,4.465665,-0.230925,0.42331,10.00
0.144680,4.436769,-0.165065,0.42642,10.00
0.144690,4.411161,-0.093103,0.42946,10.00
0.144700,4.388924,-0.015520,0.43239,10.00
0.144710,4.369793,0.067236,0.43525,10.00
0.144720,4.354633,0.154646,0.43795,10.00
0.144730,4.343620,0.246095,0.44050,10.00
0.144740,4.336900,0.340930,0.44285,10.00
0.144750,4.334639,0.438465,0.44501,10.00
0.144760,4.337063,0.537963,0.44693,10.00
0.144770,4.344026,0.638667,0.44860,10.00
0.144780,4.355542,0.739821,0.45003,10.00
0.144790,4.371589,0.840656,0.45119,10.00
0.144800,4.392225,0.940394,0.45207,10.00
0.144810,4.417696,1.038204,0.45263,10.00
0.144820,4.447417,1.133275,0.45290,10.00
0.144830,4.481225,1.224847,0.45287,10.00
0.144840,4.518921,1.312175,0.45253,10.00
0.144850,4.560284,1.394538,0.45189,10.00
0.144860,4.605082,1.471240,0.45095,10.00
0.144870,4.652986,1.541622,0.44972,10.00
0.144880,4.703679,1.605066,0.44819,10.00
0.144890,4.756818,1.661002,0.44638,10.00
0.144900,4.812000,1.708909,0.44430,10.00
0.144910,4.868723,1.748339,0.44198,10.00
0.144920,4.926737,1.778899,0.43941,10.00
0.144930,4.985625,1.800243,0.43663,10.00
0.144940,5.044956,1.812096,0.43363,10.00
0.144950,5.104325,1.814247,0.43046,10.00
0.144960,5.163384,1.806545,0.42712,10.00
0.144970,5.221556,1.788915,0.42364,10.00
0.144980,5.278394,1.761369,0.42005,10.00
0.144990,5.333455,1.723991,0.41637,10.00
0.145000,5.386368,1.676947,0.41264,10.00
0.145010,5.436891,1.620444,0.40887,10.00
0.145020,5.484371,1.554776,0.40509,10.00
0.145030,5.528415,1.480329,0.40135,10.00
0.145040,5.568653,1.397563,0.39766,10.00
0.145050,5.604498,1.307003,0.39406,10.00
0.145060,5.634917,1.209360,0.39065,10.00
0.145070,5.660593,1.105367,0.38738,10.00
0.145080,5.681278,0.995737,0.38428,10.00
0.145090,5.696759,0.881235,0.38139,10.00
0.145100,5.706906,0.762673,0.37873,10.00
0.145110,5.711717,0.640880,0.37631,10.00
0.145120,5.710914,0.516730,0.37415,10.00
0.145130,5.704438,0.391137,0.37230,10.00
0.145140,5.692276,0.265039,0.37075,10.00
0.145150,5.674608,0.139389,0.36952,10.00
0.145160,5.651954,0.015075,0.36860,10.00
0.145170,5.623821,-0.106990,0.36803,10.00
0.145180,5.590361,-0.225850,0.36782,10.00
0.145190,5.551770,-0.340563,0.36797,10.00
0.145200,5.508129,-0.450206,0.36850,10.00
0.145210,5.460173,-0.500000,0.36941,10.00
0.145220,5.412107,-0.500000,0.37049,10.00
0.145230,5.364259,-0.500000,0.37170,10.00
0.145240,5.316628,-0.500000,0.37305,10.00
0.145250,5.269456,-0.500000,0.37453,10.00
0.145260,5.223464,-0.500000,0.37608,10.00
0.145270,5.177682,-0.500000,0.37776,10.00
0.145280,5.132106,-0.500000,0.37956,10.00
0.145290,5.086738,-0.500000,0.38149,10.00
0.145300,5.041603,-0.500000,0.38354,10.00
0.145310,4.996780,-0.500000,0.38571,10.00
0.145320,4.952160,-0.500000,0.38801,10.00
0.145330,4.907743,-0.500000,0.39043,10.00
0.145340,4.863527,-0.500000,0.39297,10.00
0.145350,4.819166,-0.500000,0.39564,10.00
0.145360,4.773634,-0.499345,0.39851,10.00
0.145370,4.728500,-0.492050,0.40151,10.00
0.145380,4.684122,-0.476652,0.40461,10.00
0.145390,4.640865,-0.453178,0.40778,10.00
0.145400,4.599081,-0.421714,0.41101,10.00
0.145410,4.559106,-0.382405,0.41428,10.00
0.145420,4.521305,-0.335461,0.41757,10.00
0.145430,4.486006,-0.281152,0.42084,10.00
0.145440,4.453525,-0.219807,0.42407,10.00
0.145450,4.424355,-0.151815,0.42725,10.00
0.145460,4.399357,-0.077713,0.43029,10.00
0.145470,4.377988,0.001939,0.43322,10.00
0.145480,4.360469,0.086595,0.43603,10.00
0.145490,4.346992,0.175667,0.43868,10.00
0.145500,4.337528,0.268524,0.44115,10.00
0.145510,4.331627,0.364595,0.44349,10.00
0.145520,4.330185,0.463245,0.44561,10.00
0.145530,4.333279,0.563749,0.44751,10.00
0.145540,4.340952,0.665358,0.44917,10.00
0.145550,4.353473,0.767309,0.45056,10.00
0.145560,4.371596,0.868697,0.45162,10.00
0.145570,4.394201,0.968654,0.45239,10.00
0.145580,4.421181,1.066397,0.45287,10.00
0.145590,4.452395,1.161149,0.45306,10.00
0.145600,4.487632,1.252148,0.45293,10.00
0.145610,4.526577,1.338669,0.45251,10.00
0.145620,4.569133,1.420005,0.45179,10.00
0.145630,4.615028,1.495470,0.45077,10.00
0.145640,4.663964,1.564413,0.44945,10.00
0.145650,4.715467,1.626227,0.44784,10.00
0.145660,4.768752,1.680420,0.44599,10.00
0.145670,4.824035,1.726533,0.44387,10.00
0.145680,4.880928,1.764111,0.44150,10.00
0.145690,4.939027,1.792763,0.43889,10.00
0.145700,4.997870,1.812157,0.43606,10.00
0.145710,5.056904,1.822050,0.43305,10.00
0.145720,5.115855,1.822263,0.42986,10.00
0.145730,5.174283,1.812673,0.42651,10.00
0.145740,5.231742,1.793232,0.42304,10.00
0.145750,5.287880,1.763965,0.41945,10.00
0.145760,5.342531,1.724929,0.41577,10.00
0.145770,5.394900,1.676272,0.41204,10.00
0.145780,5.444567,1.618244,0.40828,10.00
0.145790,5.491128,1.551173,0.40453,10.00
0.145800,5.534269,1.475456,0.40081,10.00
0.145810,5.573835,1.391529,0.39714,10.00
0.145820,5.609203,1.299907,0.39357,10.00
0.145830,5.640057,1.201192,0.39011,10.00
0.145840,5.666115,1.096047,0.38681,10.00
0.145850,5.687155,0.985194,0.38368,10.00
0.145860,5.703052,0.869392,0.38075,10.00
0.145870,5.713507,0.749450,0.37805,10.00
0.145880,5.718380,0.626231,0.37560,10.00
0.145890,5.717572,0.500632,0.37343,10.00
0.145900,5.711081,0.373578,0.37155,10.00
0.145910,5.699056,0.245992,0.36998,10.00
0.145920,5.681304,0.118820,0.36873,10.00
0.145930,5.657898,-0.006967,0.36783,10.00
0.145940,5.628951,-0.130394,0.36728,10.00
0.145950,5.594637,-0.250495,0.36710,10.00
0.145960,5.555204,-0.366323,0.36728,10.00
0.145970,5.510832,-0.476951,0.36784,10.00
0.145980,5.463645,-0.500000,0.36871,10.00
0.145990,5.416658,-0.500000,0.36973,10.00
0.146000,5.369627,-0.500000,0.37088,10.00
0.146010,5.321787,-0.500000,0.37222,10.00
0.146020,5.274163,-0.500000,0.37369,10.00
0.146030,5.226756,-0.500000,0.37530,10.00
0.146040,5.179564,-0.500000,0.37704,10.00
0.146050,5.132805,-0.500000,0.37891,10.00
0.146060,5.087131,-0.500000,0.38085,10.00
0.146070,5.041664,-0.500000,0.38292,10.00
0.146080,4.996404,-0.500000,0.38511,10.00
0.146090,4.951349,-0.500000,0.38743,10.00
0.146100,4.906414,-0.500000,0.38988,10.00
0.146110,4.861346,-0.500000,0.39247,10.00
0.146120,4.816481,-0.500000,0.39518,10.00
0.146130,4.771826,-0.499496,0.39802,10.00
0.146140,4.727548,-0.492671,0.40098,10.00
0.146150,4.683826,-0.477873,0.40404,10.00
0.146160,4.640512,-0.455042,0.40721,10.00
0.146170,4.598649,-0.424205,0.41045,10.00
0.146180,4.558590,-0.385507,0.41373,10.00
0.146190,4.520677,-0.339153,0.41702,10.00
0.146200,4.485338,-0.285409,0.42029,10.00
0.146210,4.453176,-0.224648,0.42352,10.00
0.146220,4.424098,-0.157283,0.42668,10.00
0.146230,4.398378,-0.083755,0.42976,10.00
0.146240,4.376267,-0.004554,0.43273,10.00
0.146250,4.358293,0.079779,0.43558,10.00
0.146260,4.345556,0.168514,0.43820,10.00
0.146270,4.337005,0.260925,0.44064,10.00
0.146280,4.332770,0.356346,0.44289,10.00
0.146290,4.332950,0.454082,0.44493,10.00
0.146300,4.337054,0.553411,0.44674,10.00
0.146310,4.343462,0.653859,0.44845,10.00
0.146320,4.354416,0.754850,0.44990,10.00
0.146330,4.369899,0.855615,0.45109,10.00
0.146340,4.389859,0.955381,0.45201,10.00
0.146350,4.414917,1.053370,0.45264,10.00
0.146360,4.447057,1.148469,0.45279,10.00
0.146370,4.483262,1.239684,0.45263,10.00
0.146380,4.523319,1.326269,0.45217,10.00
0.146390,4.566979,1.407503,0.45140,10.00
0.146400,4.613659,1.482699,0.45033,10.00
0.146410,4.662144,1.551353,0.44903,10.00
0.146420,4.713334,1.612958,0.44745,10.00
0.146430,4.766882,1.666956,0.44559,10.00
0.146440,4.822418,1.712839,0.44347,10.00
0.146450,4.879354,1.750155,0.44109,10.00
0.146460,4.936698,1.778608,0.43853,10.00
0.146470,4.994824,1.797934,0.43575,10.00
0.146480,5.053309,1.807871,0.43277,10.00
0.146490,5.111719,1.808228,0.42962,10.00
0.146500,5.169711,1.798883,0.42631,10.00
0.146510,5.227124,1.779739,0.42285,10.00
0.146520,5.283141,1.750791,0.41929,10.00
0.146530,5.337326,1.712137,0.41564,10.00
0.146540,5.389251,1.663952,0.41195,10.00
0.146550,5.438474,1.606484,0.40823,10.00
0.146560,5.484519,1.540068,0.40452,10.00
0.146570,5.527107,1.465107,0.40085,10.00
0.146580,5.565879,1.382067,0.39724,10.00
0.146590,5.600500,1.291479,0.39373,10.00
0.146600,5.630750,1.193941,0.39034,10.00
0.146610,5.656618,1.090064,0.38707,10.00
0.146620,5.677498,0.980534,0.38398,10.00
0.146630,5.693178,0.866114,0.38109,10.00
0.146640,5.703481,0.747613,0.37843,10.00
0.146650,5.708382,0.625884,0.37601,10.00
0.146660,5.708118,0.501758,0.37385,10.00
0.146670,5.702179,0.376113,0.37197,10.00
0.146680,5.690547,0.249887,0.37040,10.00
0.146690,5.673246,0.124031,0.36915,10.00
0.146700,5.650341,-0.000492,0.36825,10.00
0.146710,5.621922,-0.122716,0.36770,10.00
0.146720,5.588171,-0.241682,0.36751,10.00
0.146730,5.549287,-0.356446,0.36768,10.00
0.146740,5.505509,-0.466084,0.36823,10.00
0.146750,5.458399,-0.500000,0.36910,10.00
0.146760,5.410834,-0.500000,0.37016,10.00
0.146770,5.363485,-0.500000,0.37136,10.00
0.146780,5.316351,-0.500000,0.37268,10.00
0.146790,5.269430,-0.500000,0.37414,10.00
0.146800,5.222717,-0.500000,0.37572,10.00
0.146810,5.176193,-0.500000,0.37744,10.00
0.146820,5.129879,-0.500000,0.37928,10.00
0.146830,5.083776,-0.500000,0.38126,10.00
0.146840,5.037883,-0.500000,0.38336,10.00
0.146850,4.992203,-0.500000,0.38558,10.00
0.146860,4.946753,-0.500000,0.38794,10.00
0.146870,4.901509,-0.500000,0.39042,10.00
0.146880,4.856471,-0.500000,0.39302,10.00
0.146890,4.811636,-0.500000,0.39575,10.00
0.146900,4.766925,-0.499015,0.39860,10.00
0.146910,4.722269,-0.490972,0.40159,10.00
0.146920,4.678399,-0.474885,0.40468,10.00
0.146930,4.635677,-0.450788,0.40785,10.00
0.146940,4.594458,-0.418771,0.41107,10.00
0.146950,4.555309,-0.378990,0.41432,10.00
0.146960,4.519216,-0.331765,0.41752,10.00
0.146970,4.485623,-0.277441,0.42071,10.00
0.146980,4.454833,-0.216352,0.42386,10.00
0.146990,4.427130,-0.148888,0.42695,10.00
0.147000,4.402761,-0.075490,0.42995,10.00
0.147010,4.381920,0.003356,0.43285,10.00
0.147020,4.364887,0.087115,0.43561,10.00
0.147030,4.351852,0.175203,0.43823,10.00
0.147040,4.342976,0.266997,0.44067,10.00
0.147050,4.338348,0.361836,0.44292,10.00
0.147060,4.337945,0.459051,0.44497,10.00
0.147070,4.342002,0.557938,0.44679,10.00
0.147080,4.350556,0.657759,0.44838,10.00
0.147090,4.363608,0.757760,0.44970,10.00
0.147100,4.380954,0.857177,0.45076,10.00
0.147110,4.402019,0.955324,0.45158,10.00
0.147120,4.427390,1.051488,0.45212,10.00
0.147130,4.456937,1.144907,0.45237,10.00
0.147140,4.490497,1.234833,0.45232,10.00
0.147150,4.528088,1.320535,0.45197,10.00
0.147160,4.570127,1.401199,0.45127,10.00
0.147170,4.615480,1.476076,0.45027,10.00
0.147180,4.663852,1.544520,0.44898,10.00
0.147190,4.714920,1.605930,0.44740,10.00
0.147200,4.768204,1.659747,0.44554,10.00
0.147210,4.822938,1.705530,0.44345,10.00
0.147220,4.879272,1.742873,0.44112,10.00
0.147230,4.936806,1.771386,0.43854,10.00
0.147240,4.995124,1.790741,0.43575,10.00
0.147250,5.053761,1.800676,0.43277,10.00
0.147260,5.112166,1.801017,0.42961,10.00
0.147270,5.170058,1.791654,0.42630,10.00
0.147280,5.226997,1.772538,0.42287,10.00
0.147290,5.282544,1.743694,0.41933,10.00
0.147300,5.336546,1.705220,0.41571,10.00
0.147310,5.389403,1.657156,0.41197,10.00
0.147320,5.439581,1.599659,0.40820,10.00
0.147330,5.486674,1.533051,0.40444,10.00
0.147340,5.530292,1.457725,0.40071,10.00
0.147350,5.569997,1.374147,0.39704,10.00
0.147360,5.605238,1.282884,0.39348,10.00
0.147370,5.635984,1.184560,0.39004,10.00
0.147380,5.661953,1.079836,0.38675,10.00
0.147390,5.682894,0.969429,0.38364,10.00
0.147400,5.698717,0.854110,0.38074,10.00
0.147410,5.709608,0.734636,0.37803,10.00
0.147420,5.714935,0.611825,0.37557,10.00
0.147430,5.714595,0.486571,0.37338,10.00
0.147440,5.708529,0.359796,0.37149,10.00
0.147450,5.696508,0.232446,0.36991,10.00
0.147460,5.677928,0.105583,0.36871,10.00
0.147470,5.653714,-0.019752,0.36786,10.00
0.147480,5.623988,-0.142587,0.36737,10.00
0.147490,5.588915,-0.261960,0.36724,10.00
0.147500,5.548691,-0.376918,0.36748,10.00
0.147510,5.503539,-0.486531,0.36810,10.00
0.147520,5.456014,-0.500000,0.36901,10.00
0.147530,5.408705,-0.500000,0.37007,10.00
0.147540,5.361611,-0.500000,0.37126,10.00
0.147550,5.314475,-0.500000,0.37258,10.00
0.147560,5.266535,-0.500000,0.37409,10.00
0.147570,5.218813,-0.500000,0.37573,10.00
0.147580,5.171308,-0.500000,0.37751,10.00
0.147590,5.124018,-0.500000,0.37942,10.00
0.147600,5.076936,-0.500000,0.38146,10.00
0.147610,5.030044,-0.500000,0.38363,10.00
0.147620,4.983364,-0.500000,0.38594,10.00
0.147630,4.936897,-0.500000,0.38837,10.00
0.147640,4.890640,-0.500000,0.39093,10.00
0.147650,4.844652,-0.500000,0.39362,10.00
0.147660,4.799108,-0.500000,0.39642,10.00
0.147670,4.753812,-0.497601,0.39934,10.00
0.147680,4.709040,-0.487329,0.40238,10.00
0.147690,4.665158,-0.468965,0.40551,10.00
0.147700,4.622751,-0.442560,0.40871,10.00
0.147710,4.582846,-0.408329,0.41190,10.00
0.147720,4.544881,-0.366519,0.41512,10.00
0.147730,4.509187,-0.317362,0.41834,10.00
0.147740,4.476079,-0.261149,0.42153,10.00
0.147750,4.445859,-0.198229,0.42468,10.00
0.147760,4.418818,-0.129007,0.42776,10.00
0.147770,4.395202,-0.053942,0.43075,10.00
0.147780,4.375247,0.026460,0.43363,10.00
0.147790,4.359162,0.111646,0.43636,10.00
0.147800,4.346998,0.201020,0.43894,10.00
0.147810,4.338513,0.294011,0.44138,10.00
0.147820,4.334370,0.389991,0.44362,10.00
0.147830,4.334665,0.488262,0.44565,10.00
0.147840,4.339463,0.588097,0.44745,10.00
0.147850,4.348710,0.688750,0.44900,10.00
0.147860,4.362150,0.789500,0.45031,10.00
0.147870,4.380086,0.889603,0.45135,10.00
0.147880,4.402446,0.988285,0.45211,10.00
0.147890,4.429125,1.084772,0.45258,10.00
0.147900,4.460219,1.178297,0.45276,10.00
0.147910,4.496252,1.267995,0.45257,10.00
0.147920,4.536068,1.353056,0.45208,10.00
0.147930,4.579420,1.432771,0.45129,10.00
0.147940,4.626030,1.506464,0.45020,10.00
0.147950,4.675585,1.573496,0.44881,10.00
0.147960,4.727730,1.633276,0.44714,10.00
0.147970,4.782141,1.685259,0.44519,10.00
0.147980,4.838439,1.728950,0.44298,10.00
0.147990,4.896228,1.763914,0.44052,10.00
0.148000,4.954932,1.789773,0.43783,10.00
0.148010,5.013644,1.806296,0.43496,10.00
0.148020,5.072581,1.813292,0.43190,10.00
0.148030,5.131304,1.810589,0.42867,10.00
0.148040,5.189371,1.798088,0.42530,10.00
0.148050,5.246461,1.775761,0.42180,10.00
0.148060,5.302495,1.743598,0.41817,10.00
0.148070,5.356549,1.701683,0.41448,10.00
0.148080,5.408195,1.650214,0.41074,10.00
0.148090,5.457017,1.589464,0.40698,10.00
0.148100,5.502806,1.519782,0.40324,10.00
0.148110,5.545741,1.441495,0.39950,10.00
0.148120,5.584705,1.355033,0.39582,10.00
0.148130,5.619360,1.260952,0.39225,10.00
0.148140,5.649396,1.159875,0.38880,10.00
0.148150,5.674443,1.052484,0.38552,10.00
0.148160,5.693985,0.939563,0.38244,10.00
0.148170,5.708184,0.821932,0.37958,10.00
0.148180,5.716873,0.700428,0.37695,10.00
0.148190,5.719924,0.575928,0.37458,10.00
0.148200,5.717402,0.449343,0.37250,10.00
0.148210,5.709708,0.321537,0.37068,10.00
0.148220,5.696238,0.193418,0.36919,10.00
0.148230,5.677030,0.065958,0.36802,10.00
0.148240,5.652168,-0.059868,0.36721,10.00
0.148250,5.621465,-0.183081,0.36675,10.00
0.148260,5.584164,-0.302564,0.36674,10.00
0.148270,5.541737,-0.417260,0.36711,10.00
0.148280,5.494735,-0.500000,0.36785,10.00
0.148290,5.446900,-0.500000,0.36882,10.00
0.148300,5.399279,-0.500000,0.36992,10.00
0.148310,5.351866,-0.500000,0.37115,10.00
0.148320,5.304667,-0.500000,0.37252,10.00
0.148330,5.257683,-0.500000,0.37401,10.00
0.148340,5.210912,-0.500000,0.37563,10.00
0.148350,5.164207,-0.500000,0.37739,10.00
0.148360,5.117129,-0.500000,0.37931,10.00
0.148370,5.070266,-0.500000,0.38136,10.00
0.148380,5.023614,-0.500000,0.38354,10.00
0.148390,4.977175,-0.500000,0.38585,10.00
0.148400,4.931171,-0.500000,0.38828,10.00
0.148410,4.886274,-0.500000,0.39079,10.00
0.148420,4.841581,-0.500000,0.39342,10.00
0.148430,4.797090,-0.500000,0.39618,10.00
0.148440,4.752839,-0.497741,0.39906,10.00
0.148450,4.709238,-0.487789,0.40204,10.00
0.148460,4.667070,-0.469977,0.40509,10.00
0.148470,4.626114,-0.444397,0.40819,10.00
0.148480,4.586713,-0.411157,0.41135,10.00
0.148490,4.549204,-0.370424,0.41453,10.00
0.148500,4.513790,-0.322424,0.41772,10.00
0.148510,4.480422,-0.267380,0.42091,10.00
0.148520,4.449886,-0.205595,0.42406,10.00
0.148530,4.422468,-0.137462,0.42715,10.00
0.148540,4.398427,-0.063429,0.43015,10.00
0.148550,4.377987,0.016004,0.43304,10.00
0.148560,4.361316,0.100302,0.43580,10.00
0.148570,4.348664,0.188880,0.43840,10.00
0.148580,4.340189,0.281110,0.44083,10.00
0.148590,4.336022,0.376328,0.44307,10.00
0.148600,4.336150,0.473840,0.44510,10.00
0.148610,4.340312,0.572979,0.44692,10.00
0.148620,4.348981,0.673040,0.44850,10.00
0.148630,4.362158,0.773266,0.44983,10.00
0.148640,4.379810,0.872891,0.45088,10.00
0.148650,4.401942,0.971145,0.45166,10.00
0.148660,4.428679,1.067221,0.45213,10.00
0.148670,4.459576,1.160332,0.45230,10.00
0.148680,4.494459,1.249727,0.45218,10.00
0.148690,4.533121,1.334677,0.45175,10.00
0.148700,4.575389,1.414477,0.45103,10.00
0.148710,4.621186,1.488419,0.44999,10.00
0.148720,4.669956,1.555846,0.44866,10.00
0.148730,4.721371,1.616161,0.44704,10.00
0.148740,4.775084,1.668813,0.44515,10.00
0.148750,4.830536,1.713305,0.44299,10.00
0.148760,4.886787,1.749285,0.44063,10.00
0.148770,4.944177,1.776431,0.43804,10.00
0.148780,5.002290,1.794427,0.43524,10.00
0.148790,5.060700,1.803020,0.43225,10.00
0.148800,5.119002,1.802029,0.42908,10.00
0.148810,5.176840,1.791327,0.42575,10.00
0.148820,5.233665,1.770868,0.42230,10.00
0.148830,5.289039,1.740684,0.41875,10.00
0.148840,5.342529,1.700887,0.41512,10.00
0.148850,5.393710,1.651658,0.41145,10.00
0.148860,5.442158,1.593259,0.40775,10.00
0.148870,5.487496,1.526021,0.40407,10.00
0.148880,5.529345,1.450346,0.40043,10.00
0.148890,5.567352,1.366707,0.39686,10.00
0.148900,5.601276,1.275642,0.39338,10.00
0.148910,5.631073,1.177710,0.39000,10.00
0.148920,5.656119,1.073544,0.38678,10.00
0.148930,5.676172,0.963857,0.38373,10.00
0.148940,5.691025,0.849419,0.38089,10.00
0.148950,5.700574,0.731040,0.37827,10.00
0.148960,5.704881,0.609540,0.37589,10.00
0.148970,5.703591,0.485786,0.37379,10.00
0.148980,5.696652,0.360689,0.37197,10.00
0.148990,5.684055,0.235185,0.37047,10.00
0.149000,5.665730,0.110224,0.36929,10.00
0.149010,5.641455,-0.013190,0.36848,10.00
0.149020,5.611755,-0.134066,0.36802,10.00
0.149030,5.576798,-0.251455,0.36793,10.00
0.149040,5.536791,-0.364420,0.36819,10.00
0.149050,5.491818,-0.472050,0.36883,10.00
0.149060,5.443265,-0.500000,0.36983,10.00
0.149070,5.394867,-0.500000,0.37098,10.00
0.149080,5.346689,-0.500000,0.37226,10.00
0.149090,5.298729,-0.500000,0.37368,10.00
0.149100,5.251053,-0.500000,0.37523,10.00
0.149110,5.203857,-0.500000,0.37690,10.00
0.149120,5.156874,-0.500000,0.37869,10.00
0.149130,5.110105,-0.500000,0.38062,10.00
0.149140,5.063548,-0.500000,0.38268,10.00
0.149150,5.017321,-0.500000,0.38486,10.00
0.149160,4.971779,-0.500000,0.38714,10.00
0.149170,4.926444,-0.500000,0.38955,10.00
0.149180,4.881314,-0.500000,0.39208,10.00
0.149190,4.836389,-0.500000,0.39474,10.00
0.149200,4.791696,-0.500000,0.39752,10.00
0.149210,4.747404,-0.495797,0.40042,10.00
0.149220,4.703719,-0.483668,0.40342,10.00
0.149230,4.660998,-0.463618,0.40651,10.00
0.149240,4.619596,-0.435708,0.40966,10.00
0.149250,4.579663,-0.400062,0.41286,10.00
0.149260,4.540954,-0.356768,0.41612,10.00
0.149270,4.504590,-0.306007,0.41939,10.00
0.149280,4.470890,-0.248080,0.42263,10.00
0.149290,4.440159,-0.183346,0.42582,10.00
0.149300,4.412724,-0.112222,0.42894,10.00
0.149310,4.388981,-0.035199,0.43195,10.00
0.149320,4.368988,0.047188,0.43485,10.00
0.149330,4.352957,0.134372,0.43760,10.00
0.149340,4.341071,0.225742,0.44020,10.00
0.149350,4.333390,0.320646,0.44261,10.00
0.149360,4.329761,0.418446,0.44484,10.00
0.149370,4.330648,0.518456,0.44685,10.00
0.149380,4.336112,0.619937,0.44863,10.00
0.149390,4.346177,0.722129,0.45015,10.00
0.149400,4.360958,0.824257,0.45141,10.00
0.149410,4.380774,0.925479,0.45236,10.00
0.149420,4.405048,1.024969,0.45302,10.00
0.149430,4.433661,1.121944,0.45338,10.00
0.149440,4.466457,1.215630,0.45344,10.00
0.149450,4.503365,1.305269,0.45320,10.00
0.149460,4.544514,1.390068,0.45262,10.00
0.149470,4.589174,1.469281,0.45173,10.00
0.149480,4.637057,1.542232,0.45055,10.00
0.149490,4.687847,1.608287,0.44906,10.00
0.149500,4.740991,1.666854,0.44729,10.00
0.149510,4.795496,1.717494,0.44530,10.00
0.149520,4.851825,1.759791,0.44305,10.00
0.149530,4.909580,1.793318,0.44055,10.00
0.149540,4.968347,1.817710,0.43782,10.00
0.149550,5.027999,1.832666,0.43488,10.00
0.149560,5.089000,1.837811,0.43167,10.00
0.149570,5.149683,1.832883,0.42829,10.00
0.149580,5.209591,1.817797,0.42477,10.00
0.149590,5.268265,1.792539,0.42112,10.00
0.149600,5.325263,1.757178,0.41738,10.00
0.149610,5.380170,1.711851,0.41357,10.00
0.149620,5.432505,1.656775,0.40972,10.00
0.149630,5.481846,1.592251,0.40586,10.00
0.149640,5.527786,1.518653,0.40203,10.00
0.149650,5.569886,1.436427,0.39825,10.00
0.149660,5.607621,1.346122,0.39456,10.00
0.149670,5.640881,1.248342,0.39099,10.00
0.149680,5.669366,1.143739,0.38756,10.00
0.149690,5.692807,1.033025,0.38430,10.00
0.149700,5.710992,0.916968,0.38123,10.00
0.149710,5.723794,0.796374,0.37839,10.00
0.149720,5.730962,0.672097,0.37579,10.00
0.149730,5.732380,0.545038,0.37347,10.00
0.149740,5.727973,0.416128,0.37143,10.00
0.149750,5.717633,0.286325,0.36972,10.00
0.149760,5.701140,0.156644,0.36835,10.00
0.149770,5.678866,0.028096,0.36733,10.00
0.149780,5.650915,-0.098326,0.36666,10.00
0.149790,5.617436,-0.221635,0.36637,10.00
0.149800,5.578546,-0.340856,0.36645,10.00
0.149810,5.534253,-0.454995,0.36693,10.00
0.149820,5.486285,-0.500000,0.36776,10.00
0.149830,5.438319,-0.500000,0.36876,10.00
0.149840,5.390570,-0.500000,0.36990,10.00
0.149850,5.343095,-0.500000,0.37116,10.00
0.149860,5.296063,-0.500000,0.37254,10.00
0.149870,5.249244,-0.500000,0.37405,10.00
0.149880,5.202638,-0.500000,0.37569,10.00
0.149890,5.156243,-0.500000,0.37746,10.00
0.149900,5.110124,-0.500000,0.37936,10.00
0.149910,5.064474,-0.500000,0.38137,10.00
0.149920,5.019031,-0.500000,0.38351,10.00
0.149930,4.973795,-0.500000,0.38577,10.00
0.149940,4.928763,-0.500000,0.38815,10.00
0.149950,4.883929,-0.500000,0.39066,10.00
0.149960,4.839268,-0.500000,0.39330,10.00
0.149970,4.794810,-0.500000,0.39606,10.00
0.149980,4.750592,-0.497669,0.39894,10.00
0.149990,4.706887,-0.487626,0.40194,10.00
0.150000,4.663885,-0.469652,0.40502,10.00
0.150010,4.621445,-0.443714,0.40821,10.00
0.150020,4.580590,-0.409866,0.41146,10.00
0.150030,4.541667,-0.368276,0.41473,10.00
0.150040,4.505014,-0.319173,0.41801,10.00
0.150050,4.470965,-0.262847,0.42126,10.00
0.150060,4.439861,-0.199649,0.42448,10.00
0.150070,4.411943,-0.129990,0.42762,10.00
0.150080,4.387479,-0.054325,0.43067,10.00
0.150090,4.366709,0.026835,0.43361,10.00
0.150100,4.350222,0.112933,0.43642,10.00
0.150110,4.339301,0.203189,0.43897,10.00
0.150120,4.332620,0.296842,0.44133,10.00
0.150130,4.330296,0.393214,0.44350,10.00
0.150140,4.332411,0.491597,0.44545,10.00
0.150150,4.338669,0.591263,0.44716,10.00
0.150160,4.348041,0.691631,0.44871,10.00
0.150170,4.361928,0.792053,0.45000,10.00
0.150180,4.380293,0.891761,0.45102,10.00
0.150190,4.403060,0.989981,0.45176,10.00
0.150200,4.430256,1.085943,0.45221,10.00
0.150210,4.462133,1.178820,0.45232,10.00
0.150220,4.497977,1.267817,0.45214,10.00
0.150230,4.537573,1.352207,0.45166,10.00
0.150240,4.580676,1.431286,0.45087,10.00
0.150250,4.626983,1.504382,0.44979,10.00
0.150260,4.676104,1.570877,0.44842,10.00
0.150270,4.727825,1.630189,0.44677,10.00
0.150280,4.781795,1.681774,0.44485,10.00
0.150290,4.837638,1.725143,0.44266,10.00
0.150300,4.894994,1.759861,0.44023,10.00
0.150310,4.953553,1.785540,0.43755,10.00
0.150320,5.012757,1.801860,0.43467,10.00
0.150330,5.072172,1.808580,0.43159,10.00
0.150340,5.131357,1.805528,0.42833,10.00
0.150350,5.189996,1.792607,0.42494,10.00
0.150360,5.248029,1.769729,0.42138,10.00
0.150370,5.304489,1.736902,0.41773,10.00
0.150380,5.358935,1.694254,0.41401,10.00
0.150390,5.410936,1.641986,0.41024,10.00
0.150400,5.459591,1.580378,0.40646,10.00
0.150410,5.503062,1.510015,0.40282,10.00
0.150420,5.542918,1.431483,0.39923,10.00
0.150430,5.578820,1.345277,0.39572,10.00
0.150440,5.610451,1.251960,0.39232,10.00
0.150450,5.637919,1.152153,0.38906,10.00
0.150460,5.662137,1.046346,0.38585,10.00
0.150470,5.681295,0.935144,0.38283,10.00
0.150480,5.695191,0.819324,0.38002,10.00
0.150490,5.703664,0.699713,0.37745,10.00
0.150500,5.706292,0.577173,0.37513,10.00
0.150510,5.702114,0.452742,0.37317,10.00
0.150520,5.692282,0.327440,0.37151,10.00
0.150530,5.676807,0.202208,0.37016,10.00
0.150540,5.655746,0.078001,0.36915,10.00
0.150550,5.629109,-0.044225,0.36849,10.00
0.150560,5.596787,-0.163476,0.36820,10.00
0.150570,5.559304,-0.278780,0.36828,10.00
0.150580,5.516889,-0.389213,0.36873,10.00
0.150590,5.469811,-0.493876,0.36954,10.00
0.150600,5.420923,-0.500000,0.37064,10.00
0.150610,5.372781,-0.500000,0.37184,10.00
0.150620,5.324857,-0.500000,0.37318,10.00
0.150630,5.277151,-0.500000,0.37465,10.00
0.150640,5.229661,-0.500000,0.37625,10.00
0.150650,5.182403,-0.500000,0.37799,10.00
0.150660,5.135424,-0.500000,0.37985,10.00
0.150670,5.088659,-0.500000,0.38184,10.00
0.150680,5.042105,-0.500000,0.38396,10.00
0.150690,4.995763,-0.500000,0.38621,10.00
0.150700,4.949928,-0.500000,0.38858,10.00
0.150710,4.905487,-0.500000,0.39101,10.00
0.150720,4.861246,-0.500000,0.39356,10.00
0.150730,4.817207,-0.500000,0.39623,10.00
0.150740,4.773379,-0.499061,0.39903,10.00
0.150750,4.729966,-0.491256,0.40194,10.00
0.150760,4.687319,-0.475632,0.40494,10.00
0.150770,4.645787,-0.452220,0.40802,10.00
0.150780,4.605716,-0.421110,0.41115,10.00
0.150790,4.567445,-0.382452,0.41431,10.00
0.150800,4.531425,-0.336453,0.41748,10.00
0.150810,4.498337,-0.283441,0.42061,10.00
0.150820,4.467988,-0.223780,0.42370,10.00
0.150830,4.440655,-0.157849,0.42672,10.00
0.150840,4.416598,-0.086081,0.42967,10.00
0.150850,4.395742,-0.008955,0.43251,10.00
0.150860,4.377367,0.073150,0.43530,10.00
0.150870,4.362926,0.159766,0.43795,10.00
0.150880,4.352588,0.250284,0.44043,10.00
0.150890,4.346496,0.344055,0.44273,10.00
0.150900,4.344747,0.440401,0.44482,10.00
0.150910,4.347384,0.538620,0.44670,10.00
0.150920,4.354499,0.637985,0.44834,10.00
0.150930,4.366103,0.737748,0.44973,10.00
0.150940,4.382175,0.837151,0.45085,10.00
0.150950,4.402806,0.935427,0.45170,10.00
0.150960,4.428353,1.031737,0.45223,10.00
0.150970,4.458080,1.125270,0.45246,10.00
0.150980,4.491823,1.215277,0.45240,10.00
0.150990,4.529383,1.301024,0.45204,10.00
0.151000,4.570535,1.381803,0.45138,10.00
0.151010,4.615030,1.456932,0.45043,10.00
0.151020,4.662562,1.525765,0.44918,10.00
0.151030,4.712816,1.587699,0.44764,10.00
0.151040,4.765450,1.642173,0.44583,10.00
0.151050,4.819915,1.688678,0.44376,10.00
0.151060,4.875268,1.726852,0.44148,10.00
0.151070,4.931867,1.756359,0.43897,10.00
0.151080,4.989304,1.776867,0.43624,10.00
0.151090,5.047160,1.788108,0.43331,10.00
0.151100,5.105093,1.789879,0.43020,10.00
0.151110,5.162933,1.782007,0.42692,10.00
0.151120,5.219888,1.764405,0.42350,10.00
0.151130,5.275522,1.737085,0.41998,10.00
0.151140,5.329400,1.700136,0.41638,10.00
0.151150,5.380974,1.653718,0.41272,10.00
0.151160,5.429459,1.598129,0.40906,10.00
0.151170,5.474960,1.533719,0.40541,10.00
0.151180,5.517101,1.460869,0.40180,10.00
0.151190,5.555526,1.380031,0.39824,10.00
0.151200,5.589882,1.291720,0.39477,10.00
0.151210,5.619806,1.196526,0.39142,10.00
0.151220,5.645101,1.095096,0.38822,10.00
0.151230,5.665527,0.988126,0.38519,10.00
0.151240,5.680873,0.876360,0.38235,10.00
0.151250,5.691140,0.760590,0.37974,10.00
0.151260,5.696711,0.641565,0.37732,10.00
0.151270,5.696787,0.520092,0.37517,10.00
0.151280,5.691305,0.397067,0.37330,10.00
0.151290,5.680246,0.273405,0.37174,10.00
0.151300,5.663518,0.150040,0.37049,10.00
0.151310,5.640854,0.027967,0.36961,10.00
0.151320,5.612813,-0.091833,0.36907,10.00
0.151330,5.579547,-0.208422,0.36888,10.00
0.151340,5.541252,-0.320873,0.36905,10.00
0.151350,5.498284,-0.428281,0.36958,10.00
0.151360,5.451644,-0.500000,0.37045,10.00
0.151370,5.404389,-0.500000,0.37151,10.00
0.151380,5.357347,-0.500000,0.37271,10.00
0.151390,5.310520,-0.500000,0.37404,10.00
0.151400,5.263997,-0.500000,0.37549,10.00
0.151410,5.218056,-0.500000,0.37706,10.00
0.151420,5.172323,-0.500000,0.37875,10.00
0.151430,5.126797,-0.500000,0.38056,10.00
0.151440,5.081478,-0.500000,0.38250,10.00
0.151450,5.036126,-0.500000,0.38457,10.00
0.151460,4.990024,-0.500000,0.38683,10.00
0.151470,4.944131,-0.500000,0.38921,10.00
0.151480,4.898447,-0.500000,0.39172,10.00
0.151490,4.852970,-0.500000,0.39435,10.00
0.151500,4.808083,-0.500000,0.39711,10.00
0.151510,4.764966,-0.497829,0.39990,10.00
0.151520,4.722343,-0.488188,0.40279,10.00
0.151530,4.680560,-0.470842,0.40578,10.00
0.151540,4.639963,-0.445834,0.40883,10.00
0.151550,4.600493,-0.413269,0.41192,10.00
0.151560,4.561297,-0.373115,0.41515,10.00
0.151570,4.524305,-0.325464,0.41838,10.00
0.151580,4.489841,-0.270594,0.42160,10.00
0.151590,4.458212,-0.208839,0.42478,10.00
0.151600,4.430167,-0.140592,0.42790,10.00
0.151610,4.407348,-0.066522,0.43081,10.00
0.151620,4.388135,0.012722,0.43361,10.00
0.151630,4.372733,0.096595,0.43628,10.00
0.151640,4.361319,0.184508,0.43879,10.00
0.151650,4.353734,0.275836,0.44112,10.00
0.151660,4.349181,0.370068,0.44333,10.00
0.151670,4.348990,0.466615,0.44534,10.00
0.151680,4.353227,0.564767,0.44712,10.00
0.151690,4.361925,0.663790,0.44866,10.00
0.151700,4.375214,0.762935,0.44995,10.00
0.151710,4.393452,0.861382,0.45093,10.00
0.151720,4.416036,0.958324,0.45164,10.00
0.151730,4.442857,1.053000,0.45206,10.00
0.151740,4.473772,1.144658,0.45219,10.00
0.151750,4.508427,1.232558,0.45203,10.00
0.151760,4.546083,1.316068,0.45161,10.00
0.151770,4.587223,1.394552,0.45090,10.00
0.151780,4.631584,1.467348,0.44990,10.00
0.151790,4.678877,1.533828,0.44861,10.00
0.151800,4.728848,1.593407,0.44705,10.00
0.151810,4.781342,1.645512,0.44519,10.00
0.151820,4.835746,1.689634,0.44308,10.00
0.151830,4.891677,1.725334,0.44073,10.00
0.151840,4.948735,1.752237,0.43814,10.00
0.151850,5.006278,1.770028,0.43534,10.00
0.151860,5.063192,1.778568,0.43241,10.00
0.151870,5.119982,1.777753,0.42931,10.00
0.151880,5.176220,1.767473,0.42606,10.00
0.151890,5.231477,1.747689,0.42269,10.00
0.151900,5.285545,1.718433,0.41922,10.00
0.151910,5.338655,1.679705,0.41563,10.00
0.151920,5.389511,1.631613,0.41198,10.00
0.151930,5.437704,1.574406,0.40832,10.00
0.151940,5.482843,1.508408,0.40466,10.00
0.151950,5.524444,1.434012,0.40104,10.00
0.151960,5.561836,1.351734,0.39751,10.00
0.151970,5.595124,1.262136,0.39408,10.00
0.151980,5.624009,1.165810,0.39077,10.00
0.151990,5.648226,1.063408,0.38761,10.00
0.152000,5.667513,0.955633,0.38462,10.00
0.152010,5.681602,0.843250,0.38185,10.00
0.152020,5.690421,0.727067,0.37930,10.00
0.152030,5.693845,0.607919,0.37699,10.00
0.152040,5.691787,0.486678,0.37496,10.00
0.152050,5.684070,0.364240,0.37322,10.00
0.152060,5.670297,0.241584,0.37181,10.00
0.152070,5.651040,0.119685,0.37073,10.00
0.152080,5.626381,-0.000521,0.36999,10.00
0.152090,5.596448,-0.118100,0.36959,10.00
0.152100,5.561388,-0.232126,0.36954,10.00
0.152110,5.521342,-0.341676,0.36986,10.00
0.152120,5.476650,-0.445856,0.37054,10.00
0.152130,5.428274,-0.500000,0.37156,10.00
0.152140,5.379680,-0.500000,0.37277,10.00
0.152150,5.331432,-0.500000,0.37411,10.00
0.152160,5.283905,-0.500000,0.37555,10.00
0.152170,5.236593,-0.500000,0.37712,10.00
0.152180,5.189496,-0.500000,0.37882,10.00
0.152190,5.142613,-0.500000,0.38066,10.00
0.152200,5.096087,-0.500000,0.38262,10.00
0.152210,5.050350,-0.500000,0.38468,10.00
0.152220,5.004819,-0.500000,0.38686,10.00
0.152230,4.959496,-0.500000,0.38917,10.00
0.152240,4.914378,-0.500000,0.39160,10.00
0.152250,4.869327,-0.500000,0.39416,10.00
0.152260,4.823928,-0.500000,0.39688,10.00
0.152270,4.778750,-0.498923,0.39972,10.00
0.152280,4.734005,-0.490734,0.40268,10.00
0.152290,4.690054,-0.474532,0.40574,10.00
0.152300,4.647497,-0.450348,0.40888,10.00
0.152310,4.607408,-0.418392,0.41200,10.00
0.152320,4.569158,-0.378898,0.41516,10.00
0.152330,4.533074,-0.332080,0.41832,10.00
0.152340,4.499470,-0.278211,0.42147,10.00
0.152350,4.468296,-0.217622,0.42458,10.00
0.152360,4.438783,-0.150527,0.42772,10.00
0.152370,4.412619,-0.077250,0.43078,10.00
0.152380,4.390055,0.001721,0.43373,10.00
0.152390,4.371319,0.085850,0.43656,10.00
0.152400,4.356784,0.174553,0.43924,10.00
0.152410,4.347129,0.267123,0.44171,10.00
0.152420,4.341806,0.362842,0.44399,10.00
0.152430,4.340920,0.461014,0.44605,10.00
0.152440,4.344541,0.560917,0.44789,10.00
0.152450,4.352610,0.661806,0.44948,10.00
0.152460,4.364835,0.762969,0.45085,10.00
0.152470,4.381585,0.863665,0.45194,10.00
0.152480,4.402797,0.963119,0.45276,10.00
0.152490,4.428372,1.060553,0.45328,10.00
0.152500,4.458058,1.155197,0.45351,10.00
0.152510,4.491326,1.246351,0.45348,10.00
0.152520,4.528468,1.333314,0.45314,10.00
0.152530,4.569256,1.415369,0.45250,10.00
0.152540,4.613432,1.491828,0.45157,10.00
0.152550,4.660824,1.562038,0.45034,10.00
0.152560,4.711461,1.625327,0.44879,10.00
0.152570,4.764537,1.681091,0.44696,10.00
0.152580,4.819685,1.728809,0.44486,10.00
0.152590,4.876517,1.768018,0.44251,10.00
0.152600,4.934630,1.798312,0.43992,10.00
0.152610,4.993605,1.819349,0.43710,10.00
0.152620,5.053009,1.830854,0.43408,10.00
0.152630,5.112400,1.832620,0.43088,10.00
0.152640,5.171334,1.824514,0.42752,10.00
0.152650,5.229492,1.806474,0.42402,10.00
0.152660,5.286815,1.778453,0.42038,10.00
0.152670,5.342336,1.740497,0.41666,10.00
0.152680,5.395616,1.692774,0.41288,10.00
0.152690,5.446229,1.635526,0.40907,10.00
0.152700,5.494069,1.569071,0.40527,10.00
0.152710,5.539657,1.493653,0.40141,10.00
0.152720,5.581380,1.409636,0.39762,10.00
0.152730,5.618880,1.317554,0.39391,10.00
0.152740,5.651826,1.218009,0.39032,10.00
0.152750,5.679769,1.111665,0.38687,10.00
0.152760,5.701995,0.999322,0.38364,10.00
0.152770,5.718879,0.881808,0.38061,10.00
0.152780,5.730233,0.759955,0.37782,10.00
0.152790,5.735909,0.634637,0.37528,10.00
0.152800,5.736005,0.506764,0.37302,10.00
0.152810,5.731066,0.377178,0.37100,10.00
0.152820,5.720243,0.246780,0.36930,10.00
0.152830,5.703555,0.116550,0.36794,10.00
0.152840,5.681061,-0.012520,0.36692,10.00
0.152850,5.652743,-0.139432,0.36626,10.00
0.152860,5.618379,-0.263136,0.36601,10.00
0.152870,5.578670,-0.382611,0.36613,10.00
0.152880,5.533858,-0.496897,0.36664,10.00
0.152890,5.487057,-0.500000,0.36743,10.00
0.152900,5.440146,-0.500000,0.36836,10.00
0.152910,5.392162,-0.500000,0.36950,10.00
0.152920,5.344395,-0.500000,0.37077,10.00
0.152930,5.296845,-0.500000,0.37217,10.00
0.152940,5.249510,-0.500000,0.37371,10.00
0.152950,5.202562,-0.500000,0.37537,10.00
0.152960,5.156508,-0.500000,0.37713,10.00
0.152970,5.110663,-0.500000,0.37901,10.00
0.152980,5.065026,-0.500000,0.38101,10.00
0.152990,5.019596,-0.500000,0.38315,10.00
0.153000,4.974274,-0.500000,0.38540,10.00
0.153010,4.928763,-0.500000,0.38781,10.00
0.153020,4.883458,-0.500000,0.39035,10.00
0.153030,4.838359,-0.500000,0.39301,10.00
0.153040,4.793465,-0.500000,0.39580,10.00
0.153050,4.748663,-0.497780,0.39871,10.00
0.153060,4.703783,-0.487735,0.40176,10.00
0.153070,4.659784,-0.469562,0.40492,10.00
0.153080,4.617030,-0.443306,0.40814,10.00
0.153090,4.575878,-0.409076,0.41141,10.00
0.153100,4.536718,-0.367044,0.41471,10.00
0.153110,4.499999,-0.317458,0.41801,10.00
0.153120,4.465896,-0.260624,0.42128,10.00
0.153130,4.434715,-0.196894,0.42451,10.00
0.153140,4.406745,-0.126673,0.42767,10.00
0.153150,4.382406,-0.050426,0.43075,10.00
0.153160,4.362391,0.031262,0.43366,10.00
0.153170,4.346308,0.117779,0.43644,10.00
0.153180,4.334340,0.208519,0.43906,10.00
0.153190,4.326643,0.302836,0.44149,10.00
0.153200,4.323503,0.400050,0.44373,10.00
0.153210,4.325489,0.499372,0.44570,10.00
0.153220,4.332010,0.600014,0.44744,10.00
0.153230,4.343087,0.701220,0.44892,10.00
0.153240,4.358702,0.802220,0.45014,10.00
0.153250,4.378739,0.902238,0.45108,10.00
0.153260,4.402916,1.000526,0.45175,10.00
0.153270,4.431377,1.096332,0.45212,10.00
0.153280,4.463971,1.188890,0.45220,10.00
0.153290,4.500510,1.277451,0.45198,10.00
0.153300,4.540564,1.361289,0.45145,10.00
0.153310,4.583253,1.439803,0.45068,10.00
0.153320,4.629152,1.512397,0.44961,10.00
0.153330,4.677960,1.578441,0.44826,10.00
0.153340,4.729351,1.637348,0.44662,10.00
0.153350,4.783056,1.688580,0.44470,10.00
0.153360,4.838949,1.731609,0.44251,10.00
0.153370,4.896307,1.765977,0.44007,10.00
0.153380,4.954719,1.791315,0.43740,10.00
0.153390,5.013762,1.807315,0.43452,10.00
0.153400,5.073013,1.813740,0.43144,10.00
0.153410,5.132060,1.810416,0.42820,10.00
0.153420,5.190420,1.797244,0.42480,10.00
0.153430,5.247648,1.774201,0.42129,10.00
0.153440,5.303304,1.741340,0.41768,10.00
0.153450,5.357011,1.698790,0.41400,10.00
0.153460,5.408520,1.646726,0.41026,10.00
0.153470,5.457179,1.585407,0.40652,10.00
0.153480,5.502592,1.515184,0.40278,10.00
0.153490,5.544380,1.436483,0.39910,10.00
0.153500,5.582194,1.349797,0.39549,10.00
0.153510,5.615721,1.255685,0.39198,10.00
0.153520,5.644638,1.154768,0.38860,10.00
0.153530,5.668676,1.047732,0.38539,10.00
0.153540,5.687599,0.935315,0.38236,10.00
0.153550,5.701321,0.818306,0.37954,10.00
0.153560,5.710018,0.697483,0.37694,10.00
0.153570,5.713109,0.573683,0.37459,10.00
0.153580,5.710508,0.447809,0.37253,10.00
0.153590,5.702174,0.320793,0.37076,10.00
0.153600,5.688087,0.193589,0.36932,10.00
0.153610,5.668230,0.067168,0.36821,10.00
0.153620,5.642772,-0.057490,0.36746,10.00
0.153630,5.611844,-0.179417,0.36706,10.00
0.153640,5.575622,-0.297653,0.36702,10.00
0.153650,5.534314,-0.411254,0.36736,10.00
0.153660,5.488329,-0.500000,0.36807,10.00
0.153670,5.441315,-0.500000,0.36901,10.00
0.153680,5.394515,-0.500000,0.37009,10.00
0.153690,5.347927,-0.500000,0.37129,10.00
0.153700,5.301629,-0.500000,0.37263,10.00
0.153710,5.255855,-0.500000,0.37407,10.00
0.153720,5.210288,-0.500000,0.37563,10.00
0.153730,5.164928,-0.500000,0.37733,10.00
0.153740,5.119774,-0.500000,0.37915,10.00
0.153750,5.074760,-0.500000,0.38109,10.00
0.153760,5.029689,-0.500000,0.38318,10.00
0.153770,4.984823,-0.500000,0.38539,10.00
0.153780,4.940160,-0.500000,0.38772,10.00
0.153790,4.895700,-0.500000,0.39018,10.00
0.153800,4.851065,-0.500000,0.39276,10.00
0.153810,4.805126,-0.500000,0.39556,10.00
0.153820,4.759415,-0.498677,0.39849,10.00
0.153830,4.714160,-0.489955,0.40153,10.00
0.153840,4.669729,-0.473073,0.40468,10.00
0.153850,4.626919,-0.448064,0.40789,10.00
0.153860,4.587377,-0.415238,0.41106,10.00
0.153870,4.549709,-0.374894,0.41424,10.00
0.153880,4.514241,-0.327257,0.41743,10.00
0.153890,4.481289,-0.272606,0.42060,10.00
0.153900,4.450853,-0.211279,0.42373,10.00
0.153910,4.422336,-0.143526,0.42687,10.00
0.153920,4.397189,-0.069695,0.42993,10.00
0.153930,4.375660,0.009720,0.43288,10.00
0.153940,4.357971,0.094175,0.43570,10.00
0.153950,4.344690,0.183083,0.43836,10.00
0.153960,4.337087,0.275636,0.44076,10.00
0.153970,4.333798,0.371047,0.44297,10.00
0.153980,4.334914,0.468619,0.44495,10.00
0.153990,4.340494,0.567629,0.44671,10.00
0.154000,4.350294,0.667336,0.44822,10.00
0.154010,4.363504,0.767112,0.44954,10.00
0.154020,4.381167,0.866281,0.45059,10.00
0.154030,4.403216,0.964075,0.45136,10.00
0.154040,4.429545,1.059729,0.45184,10.00
0.154050,4.460138,1.152482,0.45204,10.00
0.154060,4.495176,1.241531,0.45190,10.00
0.154070,4.533977,1.326110,0.45147,10.00
0.154080,4.576301,1.405516,0.45073,10.00
0.154090,4.621878,1.479077,0.44970,10.00
0.154100,4.670542,1.546157,0.44838,10.00
0.154110,4.722354,1.606101,0.44674,10.00
0.154120,4.776442,1.658320,0.44483,10.00
0.154130,4.832431,1.702317,0.44265,10.00
0.154140,4.889928,1.737654,0.44022,10.00
0.154150,4.948204,1.763953,0.43756,10.00
0.154160,5.005884,1.781055,0.43477,10.00
0.154170,5.063825,1.788817,0.43179,10.00
0.154180,5.121596,1.787065,0.42863,10.00
0.154190,5.178764,1.775693,0.42533,10.00
0.154200,5.235102,1.754668,0.42191,10.00
0.154210,5.290796,1.723930,0.41834,10.00
0.154220,5.344579,1.683523,0.41469,10.00
0.154230,5.396026,1.633637,0.41100,10.00
0.154240,5.444723,1.574534,0.40729,10.00
0.154250,5.490002,1.506548,0.40359,10.00
0.154260,5.530672,1.430221,0.40000,10.00
0.154270,5.567480,1.346116,0.39648,10.00
0.154280,5.600106,1.254780,0.39306,10.00
0.154290,5.628257,1.156818,0.38977,10.00
0.154300,5.651780,1.052893,0.38664,10.00
0.154310,5.670769,0.943670,0.38366,10.00
0.154320,5.684589,0.829880,0.38089,10.00
0.154330,5.693078,0.712331,0.37834,10.00
0.154340,5.696113,0.591873,0.37605,10.00
0.154350,5.693715,0.469385,0.37403,10.00
0.154360,5.686156,0.345723,0.37228,10.00
0.154370,5.673010,0.221778,0.37084,10.00
0.154380,5.654314,0.098491,0.36972,10.00
0.154390,5.630149,-0.023193,0.36894,10.00
0.154400,5.600665,-0.142331,0.36851,10.00
0.154410,5.566104,-0.257998,0.36842,10.00
0.154420,5.526569,-0.369280,0.36870,10.00
0.154430,5.482305,-0.475279,0.36934,10.00
0.154440,5.435257,-0.500000,0.37029,10.00
0.154450,5.388333,-0.500000,0.37139,10.00
0.154460,5.341419,-0.500000,0.37263,10.00
0.154470,5.294717,-0.500000,0.37400,10.00
0.154480,5.248228,-0.500000,0.37549,10.00
0.154490,5.201949,-0.500000,0.37712,10.00
0.154500,5.156029,-0.500000,0.37888,10.00
0.154510,5.110909,-0.500000,0.38072,10.00
0.154520,5.065994,-0.500000,0.38269,10.00
0.154530,5.021282,-0.500000,0.38478,10.00
0.154540,4.976774,-0.500000,0.38700,10.00
0.154550,4.931818,-0.500000,0.38934,10.00
0.154560,4.884473,-0.500000,0.39197,10.00
0.154570,4.837343,-0.500000,0.39473,10.00
0.154580,4.790427,-0.500000,0.39762,10.00
0.154590,4.743819,-0.495369,0.40064,10.00
0.154600,4.698350,-0.482435,0.40377,10.00
0.154610,4.655851,-0.461440,0.40687,10.00
0.154620,4.614711,-0.432609,0.41002,10.00
0.154630,4.575276,-0.396073,0.41321,10.00
0.154640,4.537884,-0.352024,0.41643,10.00
0.154650,4.502945,-0.300711,0.41963,10.00
0.154660,4.471026,-0.242485,0.42278,10.00
0.154670,4.442073,-0.177740,0.42589,10.00
0.154680,4.416356,-0.106894,0.42891,10.00
0.154690,4.394126,-0.030419,0.43184,10.00
0.154700,4.375478,0.051165,0.43464,10.00
0.154710,4.360227,0.137357,0.43734,10.00
0.154720,4.349069,0.227591,0.43987,10.00
0.154730,4.342149,0.321225,0.44222,10.00
0.154740,4.339587,0.417582,0.44437,10.00
0.154750,4.341489,0.515955,0.44630,10.00
0.154760,4.347979,0.615604,0.44799,10.00
0.154770,4.358978,0.715772,0.44943,10.00
0.154780,4.374468,0.815698,0.45060,10.00
0.154790,4.394397,0.914614,0.45151,10.00
0.154800,4.418646,1.011748,0.45212,10.00
0.154810,4.446996,1.106352,0.45246,10.00
0.154820,4.479424,1.197679,0.45250,10.00
0.154830,4.515741,1.284991,0.45224,10.00
0.154840,4.555728,1.367568,0.45168,10.00
0.154850,4.599060,1.444721,0.45083,10.00
0.154860,4.645230,1.515830,0.44970,10.00
0.154870,4.694237,1.580299,0.44828,10.00
0.154880,4.745753,1.637555,0.44658,10.00
0.154890,4.799425,1.687068,0.44462,10.00
0.154900,4.854956,1.728366,0.44240,10.00
0.154910,4.912192,1.760992,0.43991,10.00
0.154920,4.970402,1.784563,0.43721,10.00
0.154930,5.029165,1.798786,0.43429,10.00
0.154940,5.088046,1.803438,0.43119,10.00
0.154950,5.146601,1.798362,0.42792,10.00
0.154960,5.204369,1.783480,0.42451,10.00
0.154970,5.260933,1.758785,0.42099,10.00
0.154980,5.315853,1.724344,0.41738,10.00
0.154990,5.368699,1.680298,0.41370,10.00
0.155000,5.419086,1.626864,0.40999,10.00
0.155010,5.466710,1.564314,0.40626,10.00
0.155020,5.511040,1.493002,0.40256,10.00
0.155030,5.551705,1.413362,0.39890,10.00
0.155040,5.588356,1.325897,0.39533,10.00
0.155050,5.620794,1.231176,0.39186,10.00
0.155060,5.649086,1.129773,0.38850,10.00
0.155070,5.672481,1.022338,0.38531,10.00
0.155080,5.690749,0.909613,0.38230,10.00
0.155090,5.703694,0.792391,0.37951,10.00
0.155100,5.710975,0.671510,0.37696,10.00
0.155110,5.711932,0.547931,0.37472,10.00
0.155120,5.707226,0.422622,0.37277,10.00
0.155130,5.696831,0.296514,0.37112,10.00
0.155140,5.680762,0.170556,0.36979,10.00
0.155150,5.659009,0.045708,0.36881,10.00
0.155160,5.631469,-0.077033,0.36818,10.00
0.155170,5.598565,-0.196686,0.36792,10.00
0.155180,5.560489,-0.312303,0.36802,10.00
0.155190,5.517471,-0.422957,0.36849,10.00
0.155200,5.470216,-0.500000,0.36933,10.00
0.155210,5.422688,-0.500000,0.37036,10.00
0.155220,5.375376,-0.500000,0.37151,10.00
0.155230,5.328279,-0.500000,0.37280,10.00
0.155240,5.281395,-0.500000,0.37422,10.00
0.155250,5.234828,-0.500000,0.37577,10.00
0.155260,5.188889,-0.500000,0.37741,10.00
0.155270,5.143158,-0.500000,0.37919,10.00
0.155280,5.097635,-0.500000,0.38110,10.00
0.155290,5.052318,-0.500000,0.38312,10.00
0.155300,5.007029,-0.500000,0.38528,10.00
0.155310,4.961233,-0.500000,0.38761,10.00
0.155320,4.915644,-0.500000,0.39006,10.00
0.155330,4.870263,-0.500000,0.39264,10.00
0.155340,4.825087,-0.500000,0.39534,10.00
0.155350,4.780138,-0.499721,0.39817,10.00
0.155360,4.735619,-0.493547,0.40111,10.00
0.155370,4.691800,-0.479386,0.40416,10.00
0.155380,4.649039,-0.457254,0.40729,10.00
0.155390,4.607692,-0.427230,0.41047,10.00
0.155400,4.568247,-0.389453,0.41369,10.00
0.155410,4.531462,-0.344190,0.41690,10.00
0.155420,4.497094,-0.291747,0.42009,10.00
0.155430,4.465449,-0.232442,0.42325,10.00
0.155440,4.436817,-0.166649,0.42635,10.00
0.155450,4.411535,-0.094796,0.42937,10.00
0.155460,4.390050,-0.017396,0.43227,10.00
0.155470,4.372312,0.065002,0.43505,10.00
0.155480,4.358516,0.151826,0.43768,10.00
0.155490,4.348829,0.242462,0.44014,10.00
0.155500,4.343297,0.336261,0.44242,10.00
0.155510,4.341763,0.432585,0.44451,10.00
0.155520,4.344659,0.530755,0.44638,10.00
0.155530,4.352030,0.630039,0.44802,10.00
0.155540,4.363884,0.729692,0.44940,10.00
0.155550,4.380044,0.828952,0.45052,10.00
0.155560,4.399992,0.927130,0.45140,10.00
0.155570,4.424258,1.023510,0.45201,10.00
0.155580,4.452720,1.117331,0.45232,10.00
0.155590,4.485222,1.207844,0.45234,10.00
0.155600,4.521470,1.294315,0.45206,10.00
0.155610,4.560932,1.376083,0.45151,10.00
0.155620,4.603782,1.452498,0.45067,10.00
0.155630,4.649743,1.522909,0.44953,10.00
0.155640,4.698512,1.586704,0.44811,10.00
0.155650,4.750085,1.643312,0.44642,10.00
0.155660,4.805079,1.692056,0.44437,10.00
0.155670,4.861807,1.732358,0.44207,10.00
0.155680,4.919866,1.763807,0.43952,10.00
0.155690,4.978840,1.786051,0.43675,10.00
0.155700,5.037868,1.798807,0.43377,10.00
0.155710,5.095237,1.802066,0.43072,10.00
0.155720,5.152236,1.795825,0.42751,10.00
0.155730,5.208432,1.780012,0.42417,10.00
0.155740,5.263394,1.754629,0.42071,10.00
0.155750,5.316972,1.719751,0.41718,10.00
0.155760,5.369565,1.675393,0.41351,10.00
0.155770,5.419650,1.621686,0.40981,10.00
0.155780,5.466824,1.558924,0.40610,10.00
0.155790,5.510698,1.487472,0.40242,10.00
0.155800,5.550930,1.407767,0.39879,10.00
0.155810,5.587256,1.320301,0.39524,10.00
0.155820,5.619250,1.225635,0.39179,10.00
0.155830,5.646623,1.124401,0.38848,10.00
0.155840,5.669115,1.017289,0.38534,10.00
0.155850,5.686283,0.905041,0.38239,10.00
0.155860,5.697285,0.788553,0.37971,10.00
0.155870,5.702858,0.668732,0.37728,10.00
0.155880,5.702899,0.546448,0.37511,10.00
0.155890,5.697345,0.422602,0.37323,10.00
0.155900,5.686433,0.298115,0.37165,10.00
0.155910,5.670948,0.173803,0.37033,10.00
0.155920,5.649918,0.050531,0.36934,10.00
0.155930,5.623441,-0.070752,0.36869,10.00
0.155940,5.591658,-0.189099,0.36839,10.00
0.155950,5.554676,-0.303574,0.36845,10.00
0.155960,5.512491,-0.413223,0.36890,10.00
0.155970,5.465831,-0.500000,0.36971,10.00
0.155980,5.418144,-0.500000,0.37076,10.00
0.155990,5.370672,-0.500000,0.37194,10.00
0.156000,5.323774,-0.500000,0.37325,10.00
0.156010,5.278518,-0.500000,0.37460,10.00
0.156020,5.233468,-0.500000,0.37607,10.00
0.156030,5.188622,-0.500000,0.37767,10.00
0.156040,5.143980,-0.500000,0.37939,10.00
0.156050,5.099194,-0.500000,0.38123,10.00
0.156060,5.053233,-0.500000,0.38329,10.00
0.156070,5.007480,-0.500000,0.38548,10.00
0.156080,4.961935,-0.500000,0.38779,10.00
0.156090,4.916597,-0.500000,0.39023,10.00
0.156100,4.871422,-0.500000,0.39279,10.00
0.156110,4.826285,-0.500000,0.39549,10.00
0.156120,4.781354,-0.499712,0.39831,10.00
0.156130,4.736779,-0.493489,0.40125,10.00
0.156140,4.692906,-0.479274,0.40430,10.00
0.156150,4.650143,-0.457085,0.40742,10.00
0.156160,4.608992,-0.427023,0.41060,10.00
0.156170,4.569603,-0.389244,0.41381,10.00
0.156180,4.532311,-0.343948,0.41703,10.00
0.156190,4.497443,-0.291394,0.42024,10.00
0.156200,4.465099,-0.231901,0.42343,10.00
0.156210,4.434947,-0.165742,0.42661,10.00
0.156220,4.408106,-0.093277,0.42971,10.00
0.156230,4.384836,-0.014988,0.43272,10.00
0.156240,4.365370,0.068595,0.43560,10.00
0.156250,4.349984,0.156895,0.43834,10.00
0.156260,4.339062,0.249257,0.44089,10.00
0.156270,4.332474,0.345000,0.44325,10.00
0.156280,4.330336,0.443431,0.44541,10.00
0.156290,4.332730,0.543828,0.44734,10.00
0.156300,4.340109,0.645446,0.44904,10.00
0.156310,4.353691,0.747324,0.45037,10.00
0.156320,4.371818,0.848554,0.45142,10.00
0.156330,4.394421,0.948354,0.45220,10.00
0.156340,4.421391,1.045939,0.45268,10.00
0.156350,4.452374,1.140537,0.45286,10.00
0.156360,4.486558,1.231488,0.45279,10.00
0.156370,4.524598,1.318121,0.45242,10.00
0.156380,4.566261,1.399720,0.45175,10.00
0.156390,4.611285,1.475597,0.45078,10.00
0.156400,4.659398,1.545102,0.44951,10.00
0.156410,4.710349,1.607614,0.44795,10.00
0.156420,4.763701,1.662559,0.44612,10.00
0.156430,4.819086,1.709424,0.44401,10.00
0.156440,4.876114,1.747751,0.44165,10.00
0.156450,4.934192,1.777141,0.43905,10.00
0.156460,4.992338,1.797349,0.43627,10.00
0.156470,5.050882,1.808167,0.43330,10.00
0.156480,5.109391,1.809397,0.43015,10.00
0.156490,5.167425,1.800910,0.42684,10.00
0.156500,5.224828,1.782650,0.42341,10.00
0.156510,5.281999,1.754498,0.41979,10.00
0.156520,5.337363,1.716455,0.41609,10.00
0.156530,5.390484,1.668687,0.41233,10.00
0.156540,5.440938,1.611438,0.40855,10.00
0.156550,5.488145,1.545027,0.40477,10.00
0.156560,5.531210,1.469927,0.40106,10.00
0.156570,5.570448,1.386658,0.39742,10.00
0.156580,5.605520,1.295752,0.39386,10.00
0.156590,5.636114,1.197809,0.39043,10.00
0.156600,5.661900,1.093485,0.38715,10.00
0.156610,5.682482,0.983521,0.38406,10.00
0.156620,5.697846,0.868700,0.38117,10.00
0.156630,5.707818,0.749835,0.37851,10.00
0.156640,5.712261,0.627782,0.37611,10.00
0.156650,5.711317,0.503430,0.37397,10.00
0.156660,5.705634,0.377581,0.37207,10.00
0.156670,5.694246,0.251100,0.37048,10.00
0.156680,5.677176,0.124939,0.36921,10.00
0.156690,5.654491,0.000063,0.36828,10.00
0.156700,5.626057,-0.122565,0.36771,10.00
0.156710,5.591300,-0.241865,0.36756,10.00
0.156720,5.551402,-0.356811,0.36777,10.00
0.156730,5.506612,-0.466476,0.36836,10.00
0.156740,5.458647,-0.500000,0.36929,10.00
0.156750,5.410820,-0.500000,0.37036,10.00
0.156760,5.363339,-0.500000,0.37156,10.00
0.156770,5.316073,-0.500000,0.37289,10.00
0.156780,5.269022,-0.500000,0.37436,10.00
0.156790,5.222184,-0.500000,0.37595,10.00
0.156800,5.175516,-0.500000,0.37767,10.00
0.156810,5.128888,-0.500000,0.37954,10.00
0.156820,5.082471,-0.500000,0.38153,10.00
0.156830,5.036264,-0.500000,0.38365,10.00
0.156840,4.990268,-0.500000,0.38590,10.00
0.156850,4.944500,-0.500000,0.38827,10.00
0.156860,4.899021,-0.500000,0.39077,10.00
0.156870,4.853747,-0.500000,0.39339,10.00
0.156880,4.808679,-0.500000,0.39614,10.00
0.156890,4.763837,-0.498534,0.39901,10.00
0.156900,4.719552,-0.489701,0.40200,10.00
0.156910,4.676470,-0.472912,0.40506,10.00
0.156920,4.634561,-0.448235,0.40819,10.00
0.156930,4.594174,-0.415770,0.41137,10.00
0.156940,4.555652,-0.375675,0.41458,10.00
0.156950,4.519378,-0.328170,0.41780,10.00
0.156960,4.485825,-0.273556,0.42098,10.00
0.156970,4.455087,-0.212187,0.42413,10.00
0.156980,4.427449,-0.144454,0.42721,10.00
0.156990,4.403172,-0.070801,0.43021,10.00
0.157000,4.382341,0.008277,0.43310,10.00
0.157010,4.364712,0.092312,0.43589,10.00
0.157020,4.351099,0.180771,0.43854,10.00
0.157030,4.341667,0.273026,0.44101,10.00
0.157040,4.336551,0.368417,0.44329,10.00
0.157050,4.335790,0.466249,0.44536,10.00
0.157060,4.339258,0.565835,0.44722,10.00
0.157070,4.347260,0.666453,0.44884,10.00
0.157080,4.359801,0.767344,0.45020,10.00
0.157090,4.376852,0.867740,0.45130,10.00
0.157100,4.398339,0.966864,0.45211,10.00
0.157110,4.424133,1.063946,0.45264,10.00
0.157120,4.454141,1.158222,0.45287,10.00
0.157130,4.488195,1.248934,0.45281,10.00
0.157140,4.526097,1.335345,0.45244,10.00
0.157150,4.567591,1.416740,0.45177,10.00
0.157160,4.612348,1.492444,0.45081,10.00
0.157170,4.660167,1.561817,0.44956,10.00
0.157180,4.710729,1.624247,0.44802,10.00
0.157190,4.763692,1.679173,0.44619,10.00
0.157200,4.818960,1.726082,0.44411,10.00
0.157210,4.876950,1.764383,0.44170,10.00
0.157220,4.936168,1.793592,0.43904,10.00
0.157230,4.996186,1.813372,0.43617,10.00
0.157240,5.056567,1.823453,0.43309,10.00
0.157250,5.117022,1.823639,0.42983,10.00
0.157260,5.177579,1.813727,0.42637,10.00
0.157270,5.237133,1.793616,0.42278,10.00
0.157280,5.295227,1.763331,0.41908,10.00
0.157290,5.351409,1.722977,0.41529,10.00
0.157300,5.404658,1.672737,0.41146,10.00
0.157310,5.452826,1.613148,0.40775,10.00
0.157320,5.497830,1.544737,0.40405,10.00
0.157330,5.539296,1.467915,0.40039,10.00
0.157340,5.576870,1.383163,0.39681,10.00
0.157350,5.610460,1.291028,0.39333,10.00
0.157360,5.640470,1.192007,0.38991,10.00
0.157370,5.665676,1.086693,0.38665,10.00
0.157380,5.685835,0.975808,0.38357,10.00
0.157390,5.700738,0.860129,0.38069,10.00
0.157400,5.710437,0.740476,0.37805,10.00
0.157410,5.715462,0.617603,0.37561,10.00
0.157420,5.714820,0.492334,0.37343,10.00
0.157430,5.708454,0.365591,0.37156,10.00
0.157440,5.696349,0.238321,0.36999,10.00
0.157450,5.678245,0.111484,0.36876,10.00
0.157460,5.653360,-0.013811,0.36794,10.00
0.157470,5.622969,-0.136499,0.36748,10.00
0.157480,5.587244,-0.255614,0.36739,10.00
0.157490,5.546397,-0.370209,0.36766,10.00
0.157500,5.500828,-0.479356,0.36832,10.00
0.157510,5.453160,-0.500000,0.36925,10.00
0.157520,5.405709,-0.500000,0.37032,10.00
0.157530,5.358473,-0.500000,0.37152,10.00
0.157540,5.311452,-0.500000,0.37286,10.00
0.157550,5.264712,-0.500000,0.37432,10.00
0.157560,5.218455,-0.500000,0.37590,10.00
0.157570,5.172408,-0.500000,0.37760,10.00
0.157580,5.126569,-0.500000,0.37943,10.00
0.157590,5.080939,-0.500000,0.38139,10.00
0.157600,5.035629,-0.500000,0.38348,10.00
0.157610,4.990973,-0.500000,0.38566,10.00
0.157620,4.946520,-0.500000,0.38796,10.00
0.157630,4.902269,-0.500000,0.39039,10.00
0.157640,4.858219,-0.500000,0.39294,10.00
0.157650,4.814374,-0.500000,0.39562,10.00
0.157660,4.770761,-0.499253,0.39841,10.00
0.157670,4.727541,-0.491940,0.40131,10.00
0.157680,4.685062,-0.476825,0.40432,10.00
0.157690,4.643673,-0.453937,0.40739,10.00
0.157700,4.603779,-0.423361,0.41052,10.00
0.157710,4.565889,-0.385273,0.41367,10.00
0.157720,4.530099,-0.339895,0.41683,10.00
0.157730,4.496723,-0.287491,0.41997,10.00
0.157740,4.466059,-0.228382,0.42308,10.00
0.157750,4.438116,-0.162942,0.42613,10.00
0.157760,4.412336,-0.091465,0.42917,10.00
0.157770,4.390071,-0.014340,0.43211,10.00
0.157780,4.371548,0.067909,0.43493,10.00
0.157790,4.356968,0.154713,0.43760,10.00
0.157800,4.346714,0.245460,0.44011,10.00
0.157810,4.341563,0.339399,0.44238,10.00
0.157820,4.340766,0.435778,0.44444,10.00
0.157830,4.344396,0.533889,0.44628,10.00
0.157840,4.352490,0.633000,0.44787,10.00
0.157850,4.364874,0.732362,0.44922,10.00
0.157860,4.380979,0.831306,0.45035,10.00
0.157870,4.401473,0.929125,0.45120,10.00
0.157880,4.426264,1.025056,0.45177,10.00
0.157890,4.455225,1.118342,0.45205,10.00
0.157900,4.488316,1.208235,0.45203,10.00
0.157910,4.525698,1.293948,0.45169,10.00
0.157920,4.566667,1.374735,0.45105,10.00
0.157930,4.610965,1.449916,0.45012,10.00
0.157940,4.658306,1.518847,0.44889,10.00
0.157950,4.708318,1.580923,0.44738,10.00
0.157960,4.760496,1.635611,0.44561,10.00
0.157970,4.814706,1.682419,0.44357,10.00
0.157980,4.870568,1.720893,0.44128,10.00
0.157990,4.927686,1.750633,0.43876,10.00
0.158000,4.985420,1.771304,0.43601,10.00
0.158010,5.042671,1.782746,0.43313,10.00
0.158020,5.099927,1.784830,0.43007,10.00
0.158030,5.156759,1.777424,0.42685,10.00
0.158040,5.212738,1.760465,0.42350,10.00
0.158050,5.267664,1.733965,0.42005,10.00
0.158060,5.321800,1.697895,0.41646,10.00
0.158070,5.373795,1.652336,0.41280,10.00
0.158080,5.423234,1.597519,0.40912,10.00
0.158090,5.469716,1.533744,0.40544,10.00
0.158100,5.512694,1.461388,0.40179,10.00
0.158110,5.551314,1.380974,0.39823,10.00
0.158120,5.585904,1.293068,0.39477,10.00
0.158130,5.616159,1.198247,0.39141,10.00
0.158140,5.641801,1.097147,0.38820,10.00
0.158150,5.662907,0.990461,0.38516,10.00
0.158160,5.680227,0.878774,0.38224,10.00
0.158170,5.692280,0.762772,0.37952,10.00
0.158180,5.698918,0.643282,0.37705,10.00
0.158190,5.700029,0.521172,0.37484,10.00
0.158200,5.695420,0.397337,0.37291,10.00
0.158210,5.684689,0.272759,0.37132,10.00
0.158220,5.668357,0.148416,0.37004,10.00
0.158230,5.646487,0.025257,0.36910,10.00
0.158240,5.619183,-0.095767,0.36850,10.00
0.158250,5.586583,-0.213711,0.36826,10.00
0.158260,5.548855,-0.327635,0.36838,10.00
0.158270,5.506260,-0.436622,0.36887,10.00
0.158280,5.459609,-0.500000,0.36971,10.00
0.158290,5.412586,-0.500000,0.37074,10.00
0.158300,5.365793,-0.500000,0.37190,10.00
0.158310,5.319275,-0.500000,0.37319,10.00
0.158320,5.272968,-0.500000,0.37460,10.00
0.158330,5.226871,-0.500000,0.37615,10.00
0.158340,5.180983,-0.500000,0.37782,10.00
0.158350,5.134939,-0.500000,0.37962,10.00
0.158360,5.087651,-0.500000,0.38164,10.00
0.158370,5.040578,-0.500000,0.38379,10.00
0.158380,4.993718,-0.500000,0.38606,10.00
0.158390,4.947070,-0.500000,0.38847,10.00
0.158400,4.900917,-0.500000,0.39101,10.00
0.158410,4.856097,-0.500000,0.39361,10.00
0.158420,4.811480,-0.500000,0.39632,10.00
0.158430,4.767086,-0.498605,0.39917,10.00
0.158440,4.723143,-0.489955,0.40212,10.00
0.158450,4.679979,-0.473384,0.40517,10.00
0.158460,4.637858,-0.448914,0.40830,10.00
0.158470,4.597252,-0.416632,0.41148,10.00
0.158480,4.558504,-0.376695,0.41469,10.00
0.158490,4.521948,-0.329320,0.41791,10.00
0.158500,4.488009,-0.274785,0.42112,10.00
0.158510,4.457310,-0.213473,0.42426,10.00
0.158520,4.429707,-0.145811,0.42733,10.00
0.158530,4.405461,-0.072242,0.43032,10.00
0.158540,4.384813,0.006739,0.43320,10.00
0.158550,4.367853,0.090591,0.43594,10.00
0.158560,4.354399,0.178789,0.43857,10.00
0.158570,4.345113,0.270749,0.44103,10.00
0.158580,4.340128,0.365811,0.44329,10.00
0.158590,4.339548,0.463284,0.44535,10.00
0.158600,4.343409,0.562450,0.44717,10.00
0.158610,4.351654,0.662583,0.44877,10.00
0.158620,4.364413,0.762940,0.45011,10.00
0.158630,4.381655,0.862754,0.45118,10.00
0.158640,4.403315,0.961253,0.45197,10.00
0.158650,4.429450,1.057667,0.45247,10.00
0.158660,4.460395,1.151155,0.45264,10.00
0.158670,4.495342,1.240915,0.45251,10.00
0.158680,4.534084,1.326213,0.45208,10.00
0.158690,4.576383,1.406341,0.45135,10.00
0.158700,4.621605,1.480623,0.45031,10.00
0.158710,4.668373,1.548592,0.44908,10.00
0.158720,4.717830,1.609768,0.44757,10.00
0.158730,4.769641,1.663601,0.44579,10.00
0.158740,4.823447,1.709586,0.44375,10.00
0.158750,4.879017,1.747275,0.44145,10.00
0.158760,4.936393,1.776207,0.43889,10.00
0.158770,4.994574,1.796004,0.43611,10.00
0.158780,5.053134,1.806401,0.43313,10.00
0.158790,5.111639,1.807203,0.42997,10.00
0.158800,5.169997,1.798283,0.42666,10.00
0.158810,5.228796,1.779422,0.42313,10.00
0.158820,5.286199,1.750528,0.41948,10.00
0.158830,5.341760,1.711696,0.41576,10.00
0.158840,5.395039,1.663099,0.41198,10.00
0.158850,5.445447,1.604986,0.40818,10.00
0.158860,5.492084,1.537761,0.40442,10.00
0.158870,5.535222,1.461877,0.40070,10.00
0.158880,5.574496,1.377803,0.39704,10.00
0.158890,5.609567,1.286079,0.39348,10.00
0.158900,5.640009,1.187309,0.39004,10.00
0.158910,5.665205,1.082213,0.38678,10.00
0.158920,5.685363,0.971548,0.38370,10.00
0.158930,5.700276,0.856088,0.38082,10.00
0.158940,5.709771,0.736653,0.37818,10.00
0.158950,5.713746,0.614104,0.37579,10.00
0.158960,5.712198,0.489318,0.37367,10.00
0.158970,5.704956,0.363209,0.37185,10.00
0.158980,5.692011,0.236719,0.37034,10.00
0.158990,5.673398,0.110806,0.36915,10.00
0.159000,5.649355,-0.013566,0.36832,10.00
0.159010,5.620481,-0.135509,0.36779,10.00
0.159020,5.586291,-0.254119,0.36763,10.00
0.159030,5.546989,-0.368452,0.36783,10.00
0.159040,5.502815,-0.477588,0.36840,10.00
0.159050,5.455626,-0.500000,0.36929,10.00
0.159060,5.407630,-0.500000,0.37038,10.00
0.159070,5.359851,-0.500000,0.37161,10.00
0.159080,5.312289,-0.500000,0.37296,10.00
0.159090,5.264943,-0.500000,0.37445,10.00
0.159100,5.217794,-0.500000,0.37607,10.00
0.159110,5.170787,-0.500000,0.37783,10.00
0.159120,5.123994,-0.500000,0.37971,10.00
0.159130,5.077412,-0.500000,0.38173,10.00
0.159140,5.031042,-0.500000,0.38387,10.00
0.159150,4.985101,-0.500000,0.38615,10.00
0.159160,4.940240,-0.500000,0.38849,10.00
0.159170,4.895583,-0.500000,0.39096,10.00
0.159180,4.851129,-0.500000,0.39355,10.00
0.159190,4.806876,-0.500000,0.39626,10.00
0.159200,4.762739,-0.498389,0.39910,10.00
0.159210,4.718635,-0.489363,0.40208,10.00
0.159220,4.675357,-0.472377,0.40515,10.00
0.159230,4.633263,-0.447471,0.40829,10.00
0.159240,4.592703,-0.414744,0.41148,10.00
0.159250,4.553875,-0.374356,0.41471,10.00
0.159260,4.516672,-0.326457,0.41797,10.00
0.159270,4.482010,-0.271280,0.42123,10.00
0.159280,4.450200,-0.209161,0.42444,10.00
0.159290,4.421532,-0.140495,0.42759,10.00
0.159300,4.396535,-0.065732,0.43065,10.00
0.159310,4.376222,0.014503,0.43354,10.00
0.159320,4.359775,0.099576,0.43630,10.00
0.159330,4.347381,0.188894,0.43889,10.00
0.159340,4.339197,0.281821,0.44131,10.00
0.159350,4.335135,0.377688,0.44354,10.00
0.159360,4.334660,0.475899,0.44560,10.00
0.159370,4.338691,0.575798,0.44744,10.00
0.159380,4.347264,0.676638,0.44903,10.00
0.159390,4.360382,0.777660,0.45036,10.00
0.159400,4.378313,0.878090,0.45143,10.00
0.159410,4.401891,0.977006,0.45213,10.00
0.159420,4.429787,1.073534,0.45254,10.00
0.159430,4.461853,1.166904,0.45265,10.00
0.159440,4.497906,1.256363,0.45246,10.00
0.159450,4.537507,1.341177,0.45196,10.00
0.159460,4.579739,1.420748,0.45122,10.00
0.159470,4.625234,1.494475,0.45019,10.00
0.159480,4.673693,1.561721,0.44886,10.00
0.159490,4.724793,1.621893,0.44725,10.00
0.159500,4.778079,1.674441,0.44536,10.00
0.159510,4.832867,1.718921,0.44324,10.00
0.159520,4.889195,1.754928,0.44087,10.00
0.159530,4.946662,1.782079,0.43827,10.00
0.159540,5.004851,1.800059,0.43546,10.00
0.159550,5.063386,1.808615,0.43245,10.00
0.159560,5.121987,1.807541,0.42926,10.00
0.159570,5.180008,1.796708,0.42591,10.00
0.159580,5.237007,1.776077,0.42244,10.00
0.159590,5.292546,1.745684,0.41887,10.00
0.159600,5.346096,1.705640,0.41522,10.00
0.159610,5.396953,1.656175,0.41156,10.00
0.159620,5.445085,1.597579,0.40787,10.00
0.159630,5.490099,1.530186,0.40420,10.00
0.159640,5.531621,1.454400,0.40057,10.00
0.159650,5.569546,1.370695,0.39700,10.00
0.159660,5.604282,1.279490,0.39347,10.00
0.159670,5.634531,1.181306,0.39006,10.00
0.159680,5.660013,1.076806,0.38680,10.00
0.159690,5.680483,0.966705,0.38372,10.00
0.159700,5.695728,0.851774,0.38085,10.00
0.159710,5.705572,0.732827,0.37820,10.00
0.159720,5.709884,0.610720,0.37580,10.00
0.159730,5.708572,0.486344,0.37368,10.00
0.159740,5.701582,0.360617,0.37186,10.00
0.159750,5.688966,0.234478,0.37034,10.00
0.159760,5.670939,0.108852,0.36914,10.00
0.159770,5.647330,-0.015320,0.36828,10.00
0.159780,5.618256,-0.137075,0.36777,10.00
0.159790,5.583878,-0.255458,0.36762,10.00
0.159800,5.544327,-0.369528,0.36784,10.00
0.159810,5.499628,-0.478330,0.36845,10.00
0.159820,5.452202,-0.500000,0.36937,10.00
0.159830,5.404986,-0.500000,0.37043,10.00
0.159840,5.357984,-0.500000,0.37163,10.00
0.159850,5.310900,-0.500000,0.37295,10.00
0.159860,5.262854,-0.500000,0.37448,10.00
0.159870,5.215025,-0.500000,0.37614,10.00
0.159880,5.167413,-0.500000,0.37794,10.00
0.159890,5.120018,-0.500000,0.37987,10.00
0.159900,5.072969,-0.500000,0.38192,10.00
0.159910,5.026661,-0.500000,0.38408,10.00
0.159920,4.980564,-0.500000,0.38636,10.00
0.159930,4.934676,-0.500000,0.38877,10.00
0.159940,4.888996,-0.500000,0.39131,10.00
0.159950,4.843684,-0.500000,0.39397,10.00
0.159960,4.799224,-0.500000,0.39672,10.00
0.159970,4.755010,-0.497401,0.39959,10.00
0.159980,4.711323,-0.487040,0.40257,10.00
0.159990,4.668520,-0.468770,0.40563,10.00
0.160000,4.626873,-0.442640,0.40877,10.00
0.160010,4.586487,-0.408722,0.41197,10.00
0.160020,4.548033,-0.367157,0.41521,10.00
0.160030,4.511842,-0.318177,0.41844,10.00
0.160040,4.478233,-0.262070,0.42165,10.00
0.160050,4.447408,-0.199184,0.42482,10.00
0.160060,4.419355,-0.129872,0.42795,10.00
0.160070,4.394738,-0.054557,0.43099,10.00
0.160080,4.373803,0.026254,0.43391,10.00
0.160090,4.356766,0.112007,0.43671,10.00
0.160100,4.343931,0.202102,0.43934,10.00
0.160110,4.335797,0.295848,0.44177,10.00
0.160120,4.332036,0.392531,0.44400,10.00
0.160130,4.332743,0.491447,0.44601,10.00
0.160140,4.337978,0.591863,0.44779,10.00
0.160150,4.347808,0.693028,0.44933,10.00
0.160160,4.362345,0.794157,0.45058,10.00
0.160170,4.381385,0.894461,0.45157,10.00
0.160180,4.404848,0.993161,0.45227,10.00
0.160190,4.432622,1.089482,0.45267,10.00
0.160200,4.464619,1.182656,0.45278,10.00
0.160210,4.500848,1.271901,0.45257,10.00
0.160220,4.540837,1.356464,0.45206,10.00
0.160230,4.584338,1.435641,0.45125,10.00
0.160240,4.631070,1.508759,0.45013,10.00
0.160250,4.680700,1.575183,0.44873,10.00
0.160260,4.732811,1.634335,0.44704,10.00
0.160270,4.787159,1.685683,0.44508,10.00
0.160280,4.843366,1.728737,0.44286,10.00
0.160290,4.901035,1.763064,0.44039,10.00
0.160300,4.959724,1.788294,0.43769,10.00
0.160310,5.018921,1.804136,0.43478,10.00
0.160320,5.078307,1.810359,0.43169,10.00
0.160330,5.137440,1.806798,0.42842,10.00
0.160340,5.195874,1.793358,0.42501,10.00
0.160350,5.253198,1.770018,0.42147,10.00
0.160360,5.309073,1.736816,0.41783,10.00
0.160370,5.362921,1.693872,0.41413,10.00
0.160380,5.414317,1.641392,0.41038,10.00
0.160390,5.462844,1.579657,0.40662,10.00
0.160400,5.508053,1.509024,0.40288,10.00
0.160410,5.549407,1.429944,0.39920,10.00
0.160420,5.586767,1.342934,0.39560,10.00
0.160430,5.619807,1.248558,0.39210,10.00
0.160440,5.648229,1.147444,0.38874,10.00
0.160450,5.671652,1.040276,0.38554,10.00
0.160460,5.689504,0.927853,0.38255,10.00
0.160470,5.702051,0.811001,0.37979,10.00
0.160480,5.709137,0.690556,0.37726,10.00
0.160490,5.710650,0.567388,0.37500,10.00
0.160500,5.706796,0.442403,0.37302,10.00
0.160510,5.698380,0.316392,0.37127,10.00
0.160520,5.684278,0.190210,0.36984,10.00
0.160530,5.664532,0.064815,0.36874,10.00
0.160540,5.639231,-0.058831,0.36799,10.00
0.160550,5.608286,-0.179767,0.36759,10.00
0.160560,5.571224,-0.296933,0.36761,10.00
0.160570,5.529141,-0.409323,0.36800,10.00
0.160580,5.482446,-0.500000,0.36876,10.00
0.160590,5.434633,-0.500000,0.36977,10.00
0.160600,5.387172,-0.500000,0.37090,10.00
0.160610,5.340473,-0.500000,0.37213,10.00
0.160620,5.293985,-0.500000,0.37349,10.00
0.160630,5.247708,-0.500000,0.37498,10.00
0.160640,5.201642,-0.500000,0.37660,10.00
0.160650,5.155738,-0.500000,0.37835,10.00
0.160660,5.109860,-0.500000,0.38023,10.00
0.160670,5.064191,-0.500000,0.38224,10.00
0.160680,5.018729,-0.500000,0.38438,10.00
0.160690,4.973473,-0.500000,0.38664,10.00
0.160700,4.928437,-0.500000,0.38903,10.00
0.160710,4.883664,-0.500000,0.39154,10.00
0.160720,4.839095,-0.500000,0.39417,10.00
0.160730,4.794727,-0.500000,0.39693,10.00
0.160740,4.750619,-0.496834,0.39981,10.00
0.160750,4.707252,-0.485777,0.40279,10.00
0.160760,4.665525,-0.466910,0.40582,10.00
0.160770,4.625053,-0.440349,0.40891,10.00
0.160780,4.586177,-0.406209,0.41204,10.00
0.160790,4.549229,-0.364664,0.41519,10.00
0.160800,4.514264,-0.315948,0.41835,10.00
0.160810,4.480801,-0.260221,0.42154,10.00
0.160820,4.450204,-0.197745,0.42470,10.00
0.160830,4.422755,-0.128917,0.42779,10.00
0.160840,4.398715,-0.054192,0.43079,10.00
0.160850,4.378427,0.025928,0.43367,10.00
0.160860,4.362412,0.110842,0.43640,10.00
0.160870,4.350438,0.199924,0.43896,10.00
0.160880,4.342659,0.292538,0.44136,10.00
0.160890,4.339197,0.388019,0.44355,10.00
0.160900,4.340215,0.485668,0.44553,10.00
0.160910,4.345978,0.584729,0.44726,10.00
0.160920,4.356230,0.684437,0.44874,10.00
0.160930,4.370959,0.784035,0.44996,10.00
0.160940,4.390119,0.882759,0.45092,10.00
0.160950,4.413351,0.979842,0.45159,10.00
0.160960,4.439709,1.074653,0.45204,10.00
0.160970,4.470172,1.166530,0.45220,10.00
0.160980,4.504568,1.254733,0.45207,10.00
0.160990,4.542693,1.338540,0.45164,10.00
0.161000,4.584246,1.417257,0.45092,10.00
0.161010,4.628768,1.490250,0.44992,10.00
0.161020,4.676230,1.556911,0.44863,10.00
0.161030,4.726314,1.616650,0.44706,10.00
0.161040,4.778680,1.668926,0.44522,10.00
0.161050,4.833274,1.713247,0.44313,10.00
0.161060,4.890637,1.749025,0.44070,10.00
0.161070,4.949118,1.775780,0.43805,10.00
0.161080,5.008295,1.793196,0.43518,10.00
0.161090,5.067732,1.801024,0.43211,10.00
0.161100,5.127158,1.799084,0.42887,10.00
0.161110,5.186627,1.787188,0.42543,10.00
0.161120,5.245013,1.765248,0.42187,10.00
0.161130,5.301865,1.733308,0.41821,10.00
0.161140,5.356741,1.691485,0.41447,10.00
0.161150,5.408799,1.639976,0.41069,10.00
0.161160,5.456411,1.579250,0.40699,10.00
0.161170,5.500812,1.509785,0.40332,10.00
0.161180,5.541631,1.432003,0.39968,10.00
0.161190,5.578521,1.346393,0.39613,10.00
0.161200,5.611228,1.253510,0.39268,10.00
0.161210,5.639661,1.153938,0.38934,10.00
0.161220,5.663280,1.048331,0.38616,10.00
0.161230,5.681854,0.937417,0.38317,10.00
0.161240,5.695184,0.821976,0.38039,10.00
0.161250,5.703098,0.702830,0.37784,10.00
0.161260,5.705436,0.580846,0.37555,10.00
0.161270,5.702173,0.456922,0.37355,10.00
0.161280,5.693270,0.331977,0.37184,10.00
0.161290,5.678733,0.206948,0.37044,10.00
0.161300,5.658831,0.082785,0.36938,10.00
0.161310,5.634310,-0.039663,0.36861,10.00
0.161320,5.604412,-0.159516,0.36818,10.00
0.161330,5.569304,-0.275832,0.36811,10.00
0.161340,5.529197,-0.387683,0.36841,10.00
0.161350,5.484232,-0.494163,0.36907,10.00
0.161360,5.436869,-0.500000,0.37004,10.00
0.161370,5.389721,-0.500000,0.37114,10.00
0.161380,5.342787,-0.500000,0.37238,10.00
0.161390,5.296065,-0.500000,0.37375,10.00
0.161400,5.249532,-0.500000,0.37524,10.00
0.161410,5.203114,-0.500000,0.37687,10.00
0.161420,5.156907,-0.500000,0.37863,10.00
0.161430,5.110910,-0.500000,0.38052,10.00
0.161440,5.065122,-0.500000,0.38253,10.00
0.161450,5.019674,-0.500000,0.38467,10.00
0.161460,4.974964,-0.500000,0.38690,10.00
0.161470,4.930456,-0.500000,0.38926,10.00
0.161480,4.886150,-0.500000,0.39174,10.00
0.161490,4.842046,-0.500000,0.39434,10.00
0.161500,4.798208,-0.500000,0.39706,10.00
0.161510,4.754890,-0.497052,0.39989,10.00
0.161520,4.712111,-0.486385,0.40282,10.00
0.161530,4.670222,-0.467960,0.40584,10.00
0.161540,4.629569,-0.441827,0.40893,10.00
0.161550,4.590132,-0.408100,0.41206,10.00
0.161560,4.551164,-0.366773,0.41530,10.00
0.161570,4.514452,-0.317959,0.41855,10.00
0.161580,4.480320,-0.261942,0.42179,10.00
0.161590,4.449072,-0.199070,0.42497,10.00
0.161600,4.421201,-0.129742,0.42810,10.00
0.161610,4.397585,-0.054513,0.43108,10.00
0.161620,4.377637,0.026043,0.43395,10.00
0.161630,4.361567,0.111371,0.43668,10.00
0.161640,4.349557,0.200876,0.43925,10.00
0.161650,4.341831,0.293919,0.44164,10.00
0.161660,4.338719,0.389797,0.44382,10.00
0.161670,4.340031,0.487786,0.44579,10.00
0.161680,4.345824,0.587161,0.44751,10.00
0.161690,4.356120,0.687175,0.44900,10.00
0.161700,4.370689,0.787072,0.45022,10.00
0.161710,4.388836,0.886187,0.45122,10.00
0.161720,4.411360,0.983824,0.45195,10.00
0.161730,4.438154,1.079217,0.45238,10.00
0.161740,4.469076,1.171606,0.45253,10.00
0.161750,4.504120,1.260247,0.45237,10.00
0.161760,4.543588,1.344334,0.45188,10.00
0.161770,4.586550,1.423111,0.45108,10.00
0.161780,4.632731,1.495910,0.44999,10.00
0.161790,4.681828,1.562100,0.44861,10.00
0.161800,4.733435,1.621092,0.44694,10.00
0.161810,4.786976,1.672382,0.44502,10.00
0.161820,4.842380,1.715509,0.44284,10.00
0.161830,4.899256,1.750039,0.44041,10.00
0.161840,4.957199,1.775603,0.43776,10.00
0.161850,5.016186,1.791895,0.43489,10.00
0.161860,5.076979,1.798480,0.43173,10.00
0.161870,5.137522,1.795058,0.42840,10.00
0.161880,5.197361,1.781531,0.42491,10.00
0.161890,5.256038,1.757877,0.42130,10.00
0.161900,5.312522,1.724148,0.41759,10.00
0.161910,5.364641,1.680758,0.41396,10.00
0.161920,5.414303,1.628105,0.41030,10.00
0.161930,5.461104,1.566474,0.40663,10.00
0.161940,5.504661,1.496224,0.40298,10.00
0.161950,5.544743,1.417784,0.39938,10.00
0.161960,5.581412,1.331584,0.39583,10.00
0.161970,5.613804,1.238141,0.39238,10.00
0.161980,5.641626,1.138076,0.38907,10.00
0.161990,5.664618,1.032070,0.38592,10.00
0.162000,5.682660,0.920855,0.38295,10.00
0.162010,5.695879,0.805163,0.38017,10.00
0.162020,5.703685,0.685782,0.37763,10.00
0.162030,5.705960,0.563577,0.37534,10.00
0.162040,5.702623,0.439441,0.37334,10.00
0.162050,5.693646,0.314296,0.37163,10.00
0.162060,5.679052,0.189077,0.37024,10.00
0.162070,5.658863,0.064734,0.36918,10.00
0.162080,5.633171,-0.057777,0.36847,10.00
0.162090,5.602109,-0.177502,0.36810,10.00
0.162100,5.565917,-0.293497,0.36810,10.00
0.162110,5.525004,-0.404865,0.36845,10.00
0.162120,5.479468,-0.500000,0.36916,10.00
0.162130,5.432630,-0.500000,0.37012,10.00
0.162140,5.386004,-0.500000,0.37121,10.00
0.162150,5.339610,-0.500000,0.37243,10.00
0.162160,5.293504,-0.500000,0.37378,10.00
0.162170,5.247606,-0.500000,0.37525,10.00
0.162180,5.201918,-0.500000,0.37685,10.00
0.162190,5.156436,-0.500000,0.37857,10.00
0.162200,5.111253,-0.500000,0.38042,10.00
0.162210,5.066643,-0.500000,0.38238,10.00
0.162220,5.022235,-0.500000,0.38445,10.00
0.162230,4.978028,-0.500000,0.38665,10.00
0.162240,4.934023,-0.500000,0.38897,10.00
0.162250,4.889809,-0.500000,0.39142,10.00
0.162260,4.844171,-0.500000,0.39408,10.00
0.162270,4.798740,-0.500000,0.39688,10.00
0.162280,4.753565,-0.497134,0.39980,10.00
0.162290,4.708941,-0.486299,0.40283,10.00
0.162300,4.665489,-0.467400,0.40595,10.00
0.162310,4.624341,-0.440616,0.40908,10.00
0.162320,4.584805,-0.406145,0.41225,10.00
0.162330,4.547217,-0.364161,0.41544,10.00
0.162340,4.511904,-0.314900,0.41863,10.00
0.162350,4.479250,-0.258655,0.42180,10.00
0.162360,4.449766,-0.195809,0.42490,10.00
0.162370,4.423437,-0.126792,0.42793,10.00
0.162380,4.400516,-0.052059,0.43087,10.00
0.162390,4.381234,0.027884,0.43370,10.00
0.162400,4.365647,0.112485,0.43638,10.00
0.162410,4.353489,0.201225,0.43895,10.00
0.162420,4.345512,0.293518,0.44134,10.00
0.162430,4.341840,0.388702,0.44354,10.00
0.162440,4.342566,0.486080,0.44552,10.00
0.162450,4.347916,0.584932,0.44727,10.00
0.162460,4.358417,0.684438,0.44874,10.00
0.162470,4.373383,0.783789,0.44994,10.00
0.162480,4.392767,0.882221,0.45087,10.00
0.162490,4.416486,0.978969,0.45152,10.00
0.162500,4.444172,1.073270,0.45189,10.00
0.162510,4.474929,1.164493,0.45202,10.00
0.162520,4.509587,1.251983,0.45186,10.00
0.162530,4.547939,1.335025,0.45141,10.00
0.162540,4.589746,1.412927,0.45066,10.00
0.162550,4.634741,1.485030,0.44961,10.00
0.162560,4.682620,1.550711,0.44829,10.00
0.162570,4.733074,1.609390,0.44668,10.00
0.162580,4.785757,1.660531,0.44481,10.00
0.162590,4.840305,1.703650,0.44267,10.00
0.162600,4.896390,1.738316,0.44030,10.00
0.162610,4.953783,1.764133,0.43768,10.00
0.162620,5.011839,1.780775,0.43485,10.00
0.162630,5.070130,1.788001,0.43183,10.00
0.162640,5.128223,1.785637,0.42864,10.00
0.162650,5.185593,1.773583,0.42531,10.00
0.162660,5.241532,1.751854,0.42187,10.00
0.162670,5.295970,1.720523,0.41834,10.00
0.162680,5.348480,1.679712,0.41475,10.00
0.162690,5.398647,1.629612,0.41111,10.00
0.162700,5.446110,1.570491,0.40745,10.00
0.162710,5.490614,1.502665,0.40380,10.00
0.162720,5.531611,1.426530,0.40019,10.00
0.162730,5.568753,1.342561,0.39666,10.00
0.162740,5.601715,1.251301,0.39322,10.00
0.162750,5.630047,1.153355,0.38991,10.00
0.162760,5.653019,1.049461,0.38679,10.00
0.162770,5.671030,0.940387,0.38386,10.00
0.162780,5.683887,0.826900,0.38113,10.00
0.162790,5.691435,0.709808,0.37864,10.00
0.162800,5.693800,0.589958,0.37640,10.00
0.162810,5.691624,0.468111,0.37438,10.00
0.162820,5.683894,0.345090,0.37264,10.00
0.162830,5.670607,0.221819,0.37121,10.00
0.162840,5.651803,0.099229,0.37011,10.00
0.162850,5.627464,-0.021737,0.36934,10.00
0.162860,5.597421,-0.140093,0.36894,10.00
0.162870,5.562239,-0.254875,0.36890,10.00
0.162880,5.522127,-0.365167,0.36921,10.00
0.162890,5.477336,-0.470075,0.36989,10.00
0.162900,5.429701,-0.500000,0.37089,10.00
0.162910,5.382607,-0.500000,0.37202,10.00
0.162920,5.335727,-0.500000,0.37327,10.00
0.162930,5.289060,-0.500000,0.37466,10.00
0.162940,5.242604,-0.500000,0.37617,10.00
0.162950,5.196316,-0.500000,0.37781,10.00
0.162960,5.150064,-0.500000,0.37959,10.00
0.162970,5.104023,-0.500000,0.38150,10.00
0.162980,5.058190,-0.500000,0.38354,10.00
0.162990,5.012565,-0.500000,0.38570,10.00
0.163000,4.967168,-0.500000,0.38799,10.00
0.163010,4.922057,-0.500000,0.39040,10.00
0.163020,4.877151,-0.500000,0.39294,10.00
0.163030,4.832449,-0.500000,0.39560,10.00
0.163040,4.787951,-0.499825,0.39838,10.00
0.163050,4.743793,-0.494222,0.40128,10.00
0.163060,4.700334,-0.480715,0.40429,10.00
0.163070,4.657900,-0.459321,0.40737,10.00
0.163080,4.616842,-0.430113,0.41051,10.00
0.163090,4.577506,-0.393224,0.41370,10.00
0.163100,4.540137,-0.348847,0.41689,10.00
0.163110,4.504792,-0.297193,0.42011,10.00
0.163120,4.472144,-0.238543,0.42330,10.00
0.163130,4.442486,-0.173264,0.42643,10.00
0.163140,4.416096,-0.101778,0.42949,10.00
0.163150,4.393125,-0.024560,0.43245,10.00
0.163160,4.373497,0.057915,0.43531,10.00
0.163170,4.357831,0.145112,0.43804,10.00
0.163180,4.346307,0.236419,0.44059,10.00
0.163190,4.339074,0.331185,0.44297,10.00
0.163200,4.336325,0.428726,0.44514,10.00
0.163210,4.338361,0.528293,0.44708,10.00
0.163220,4.344942,0.629123,0.44877,10.00
0.163230,4.356085,0.730460,0.45021,10.00
0.163240,4.371770,0.831532,0.45139,10.00
0.163250,4.392111,0.931564,0.45229,10.00
0.163260,4.417513,1.029696,0.45285,10.00
0.163270,4.447180,1.125098,0.45312,10.00
0.163280,4.480949,1.217007,0.45309,10.00
0.163290,4.518622,1.304677,0.45276,10.00
0.163300,4.559788,1.387385,0.45213,10.00
0.163310,4.603644,1.464523,0.45124,10.00
0.163320,4.650636,1.535492,0.45005,10.00
0.163330,4.700451,1.599672,0.44857,10.00
0.163340,4.752754,1.656490,0.44682,10.00
0.163350,4.807339,1.705420,0.44479,10.00
0.163360,4.864285,1.745915,0.44247,10.00
0.163370,4.922568,1.777511,0.43991,10.00
0.163380,4.981770,1.799856,0.43712,10.00
0.163390,5.041458,1.812665,0.43412,10.00
0.163400,5.101024,1.815721,0.43093,10.00
0.163410,5.159523,1.808961,0.42763,10.00
0.163420,5.217181,1.792369,0.42419,10.00
0.163430,5.273558,1.765949,0.42064,10.00
0.163440,5.328214,1.729781,0.41700,10.00
0.163450,5.380779,1.684019,0.41330,10.00
0.163460,5.431015,1.628865,0.40956,10.00
0.163470,5.478270,1.564601,0.40581,10.00
0.163480,5.522157,1.491605,0.40210,10.00
0.163490,5.562304,1.410326,0.39843,10.00
0.163500,5.598555,1.321279,0.39486,10.00
0.163510,5.631148,1.224956,0.39135,10.00
0.163520,5.659037,1.121940,0.38798,10.00
0.163530,5.681960,1.012933,0.38477,10.00
0.163540,5.699688,0.898690,0.38177,10.00
0.163550,5.711937,0.780016,0.37898,10.00
0.163560,5.718280,0.657805,0.37646,10.00
0.163570,5.718975,0.532971,0.37421,10.00
0.163580,5.713953,0.406433,0.37225,10.00
0.163590,5.703188,0.279131,0.37060,10.00
0.163600,5.686524,0.152026,0.36928,10.00
0.163610,5.663501,0.026170,0.36834,10.00
0.163620,5.634931,-0.097408,0.36776,10.00
0.163630,5.600968,-0.217739,0.36754,10.00
0.163640,5.561811,-0.333869,0.36769,10.00
0.163650,5.517820,-0.444864,0.36821,10.00
0.163660,5.470438,-0.500000,0.36906,10.00
0.163670,5.422853,-0.500000,0.37009,10.00
0.163680,5.375485,-0.500000,0.37125,10.00
0.163690,5.328331,-0.500000,0.37254,10.00
0.163700,5.281545,-0.500000,0.37396,10.00
0.163710,5.235580,-0.500000,0.37547,10.00
0.163720,5.189824,-0.500000,0.37711,10.00
0.163730,5.144275,-0.500000,0.37887,10.00
0.163740,5.098933,-0.500000,0.38076,10.00
0.163750,5.053717,-0.500000,0.38278,10.00
0.163760,5.008387,-0.500000,0.38494,10.00
0.163770,4.963262,-0.500000,0.38723,10.00
0.163780,4.918343,-0.500000,0.38964,10.00
0.163790,4.873627,-0.500000,0.39218,10.00
0.163800,4.829033,-0.500000,0.39484,10.00
0.163810,4.784321,-0.499931,0.39764,10.00
0.163820,4.739925,-0.494828,0.40057,10.00
0.163830,4.696179,-0.481763,0.40359,10.00
0.163840,4.653441,-0.460747,0.40670,10.00
0.163850,4.612231,-0.431849,0.40988,10.00
0.163860,4.573391,-0.395280,0.41305,10.00
0.163870,4.536590,-0.351285,0.41624,10.00
0.163880,4.502148,-0.300116,0.41941,10.00
0.163890,4.470372,-0.242082,0.42256,10.00
0.163900,4.441220,-0.177546,0.42566,10.00
0.163910,4.413973,-0.106768,0.42876,10.00
0.163920,4.390223,-0.030108,0.43178,10.00
0.163930,4.370207,0.051917,0.43467,10.00
0.163940,4.354136,0.138739,0.43742,10.00
0.163950,4.342424,0.229753,0.44001,10.00
0.163960,4.335905,0.324198,0.44237,10.00
0.163970,4.333777,0.421318,0.44451,10.00
0.163980,4.336120,0.520401,0.44644,10.00
0.163990,4.342985,0.620710,0.44812,10.00
0.164000,4.354492,0.721492,0.44956,10.00
0.164010,4.370938,0.821928,0.45070,10.00
0.164020,4.391838,0.921210,0.45156,10.00
0.164030,4.417097,1.018562,0.45214,10.00
0.164040,4.446588,1.113216,0.45242,10.00
0.164050,4.480214,1.204413,0.45240,10.00
0.164060,4.517973,1.291381,0.45206,10.00
0.164070,4.559374,1.373380,0.45143,10.00
0.164080,4.604155,1.449722,0.45049,10.00
0.164090,4.652028,1.519751,0.44926,10.00
0.164100,4.702446,1.582855,0.44773,10.00
0.164110,4.754388,1.638574,0.44599,10.00
0.164120,4.808412,1.686465,0.44398,10.00
0.164130,4.864139,1.726064,0.44172,10.00
0.164140,4.921174,1.756966,0.43922,10.00
0.164150,4.979116,1.778827,0.43650,10.00
0.164160,5.037566,1.791363,0.43357,10.00
0.164170,5.096060,1.794359,0.43046,10.00
0.164180,5.154161,1.787675,0.42719,10.00
0.164190,5.211430,1.771240,0.42379,10.00
0.164200,5.267319,1.745059,0.42027,10.00
0.164210,5.321068,1.709262,0.41670,10.00
0.164220,5.372692,1.664039,0.41307,10.00
0.164230,5.421777,1.609617,0.40941,10.00
0.164240,5.467928,1.546297,0.40575,10.00
0.164250,5.511025,1.474451,0.40212,10.00
0.164260,5.551492,1.394392,0.39847,10.00
0.164270,5.587929,1.306545,0.39491,10.00
0.164280,5.620015,1.211480,0.39146,10.00
0.164290,5.647461,1.109833,0.38814,10.00
0.164300,5.669693,1.002297,0.38499,10.00
0.164310,5.685549,0.889768,0.38212,10.00
0.164320,5.696112,0.773143,0.37947,10.00
0.164330,5.701245,0.653260,0.37706,10.00
0.164340,5.700846,0.530990,0.37492,10.00
0.164350,5.695104,0.407235,0.37307,10.00
0.164360,5.684733,0.282798,0.37146,10.00
0.164370,5.668765,0.158538,0.37016,10.00
0.164380,5.647258,0.035402,0.36920,10.00
0.164390,5.620315,-0.085661,0.36858,10.00
0.164400,5.587842,-0.203703,0.36832,10.00
0.164410,5.549314,-0.317676,0.36848,10.00
0.164420,5.505924,-0.426587,0.36900,10.00
0.164430,5.458304,-0.500000,0.36989,10.00
0.164440,5.410042,-0.500000,0.37099,10.00
0.164450,5.362076,-0.500000,0.37222,10.00
0.164460,5.314637,-0.500000,0.37357,10.00
0.164470,5.267413,-0.500000,0.37504,10.00
0.164480,5.220404,-0.500000,0.37665,10.00
0.164490,5.173608,-0.500000,0.37839,10.00
0.164500,5.127094,-0.500000,0.38025,10.00
0.164510,5.081071,-0.500000,0.38223,10.00
0.164520,5.035257,-0.500000,0.38433,10.00
0.164530,4.989650,-0.500000,0.38657,10.00
0.164540,4.944250,-0.500000,0.38892,10.00
0.164550,4.898859,-0.500000,0.39141,10.00
0.164560,4.852886,-0.500000,0.39407,10.00
0.164570,4.807122,-0.500000,0.39685,10.00
0.164580,4.761601,-0.497822,0.39976,10.00
0.164590,4.716593,-0.487818,0.40279,10.00
0.164600,4.672639,-0.469710,0.40591,10.00
0.164610,4.630625,-0.443629,0.40906,10.00
0.164620,4.590198,-0.409740,0.41225,10.00
0.164630,4.551701,-0.368211,0.41548,10.00
0.164640,4.515466,-0.319273,0.41870,10.00
0.164650,4.481781,-0.263214,0.42190,10.00
0.164660,4.450865,-0.200367,0.42507,10.00
0.164670,4.423116,-0.131123,0.42817,10.00
0.164680,4.398798,-0.055938,0.43119,10.00
0.164690,4.378151,0.024682,0.43409,10.00
0.164700,4.361506,0.110184,0.43685,10.00
0.164710,4.349390,0.199915,0.43943,10.00
0.164720,4.341499,0.293201,0.44183,10.00
0.164730,4.337958,0.389369,0.44403,10.00
0.164740,4.338858,0.487718,0.44602,10.00
0.164750,4.343977,0.587518,0.44777,10.00
0.164760,4.352502,0.688160,0.44935,10.00
0.164770,4.365563,0.788973,0.45067,10.00
0.164780,4.383125,0.889187,0.45172,10.00
0.164790,4.405120,0.988027,0.45249,10.00
0.164800,4.431561,1.084720,0.45297,10.00
0.164810,4.462663,1.178441,0.45312,10.00
0.164820,4.497775,1.268399,0.45298,10.00
0.164830,4.536690,1.353858,0.45253,10.00
0.164840,4.579167,1.434109,0.45178,10.00
0.164850,4.624947,1.508474,0.45073,10.00
0.164860,4.673772,1.576305,0.44939,10.00
0.164870,4.725259,1.636998,0.44775,10.00
0.164880,4.779060,1.690000,0.44585,10.00
0.164890,4.834799,1.734811,0.44367,10.00
0.164900,4.891942,1.770987,0.44125,10.00
0.164910,4.949653,1.798214,0.43863,10.00
0.164920,5.008086,1.816218,0.43579,10.00
0.164930,5.066814,1.824748,0.43276,10.00
0.164940,5.125401,1.823621,0.42956,10.00
0.164950,5.183671,1.812726,0.42621,10.00
0.164960,5.241977,1.791896,0.42266,10.00
0.164970,5.298801,1.761079,0.41901,10.00
0.164980,5.353700,1.720387,0.41528,10.00
0.164990,5.406239,1.670006,0.41150,10.00
0.165000,5.456154,1.610202,0.40770,10.00
0.165010,5.503514,1.541235,0.40388,10.00
0.165020,5.547288,1.463466,0.40009,10.00
0.165030,5.587106,1.377379,0.39636,10.00
0.165040,5.622624,1.283525,0.39274,10.00
0.165050,5.653570,1.182524,0.38924,10.00
0.165060,5.679792,1.075034,0.38589,10.00
0.165070,5.700859,0.961780,0.38271,10.00
0.165080,5.716553,0.843551,0.37975,10.00
0.165090,5.726695,0.721186,0.37703,10.00
0.165100,5.730909,0.595565,0.37456,10.00
0.165110,5.728390,0.467718,0.37244,10.00
0.165120,5.720046,0.338669,0.37062,10.00
0.165130,5.705874,0.209384,0.36912,10.00
0.165140,5.685917,0.080843,0.36797,10.00
0.165150,5.660174,-0.045966,0.36717,10.00
0.165160,5.628517,-0.170017,0.36675,10.00
0.165170,5.591473,-0.290303,0.36671,10.00
0.165180,5.549265,-0.405863,0.36704,10.00
0.165190,5.502300,-0.500000,0.36776,10.00
0.165200,5.454257,-0.500000,0.36872,10.00
0.165210,5.406866,-0.500000,0.36978,10.00
0.165220,5.359689,-0.500000,0.37098,10.00
0.165230,5.312726,-0.500000,0.37231,10.00
0.165240,5.265976,-0.500000,0.37377,10.00
0.165250,5.219348,-0.500000,0.37535,10.00
0.165260,5.172571,-0.500000,0.37709,10.00
0.165270,5.126007,-0.500000,0.37896,10.00
0.165280,5.079653,-0.500000,0.38096,10.00
0.165290,5.033510,-0.500000,0.38308,10.00
0.165300,4.987592,-0.500000,0.38534,10.00
0.165310,4.941945,-0.500000,0.38771,10.00
0.165320,4.896505,-0.500000,0.39022,10.00
0.165330,4.851271,-0.500000,0.39285,10.00
0.165340,4.806243,-0.500000,0.39560,10.00
0.165350,4.761583,-0.498777,0.39848,10.00
0.165360,4.717958,-0.490415,0.40143,10.00
0.165370,4.675125,-0.474161,0.40448,10.00
0.165380,4.633438,-0.450051,0.40760,10.00
0.165390,4.593246,-0.418179,0.41078,10.00
0.165400,4.554993,-0.378700,0.41398,10.00
0.165410,4.519314,-0.331880,0.41717,10.00
0.165420,4.486115,-0.278023,0.42034,10.00
0.165430,4.455694,-0.217463,0.42346,10.00
0.165440,4.428332,-0.150585,0.42653,10.00
0.165450,4.404015,-0.077827,0.42951,10.00
0.165460,4.382160,0.000455,0.43246,10.00
0.165470,4.364097,0.083814,0.43527,10.00
0.165480,4.350023,0.171673,0.43794,10.00
0.165490,4.340107,0.263411,0.44044,10.00
0.165500,4.334813,0.358371,0.44276,10.00
0.165510,4.335215,0.455707,0.44478,10.00
0.165520,4.340076,0.554596,0.44657,10.00
0.165530,4.349426,0.654297,0.44812,10.00
0.165540,4.363262,0.754058,0.44940,10.00
0.165550,4.381416,0.853112,0.45042,10.00
0.165560,4.403433,0.950755,0.45120,10.00
0.165570,4.429726,1.046262,0.45168,10.00
0.165580,4.460156,1.138875,0.45188,10.00
0.165590,4.494553,1.227850,0.45178,10.00
0.165600,4.532583,1.312459,0.45138,10.00
0.165610,4.573617,1.392065,0.45071,10.00
0.165620,4.617926,1.466039,0.44976,10.00
0.165630,4.665222,1.533746,0.44851,10.00
0.165640,4.715191,1.594590,0.44698,10.00
0.165650,4.767653,1.648020,0.44518,10.00
0.165660,4.822726,1.693458,0.44308,10.00
0.165670,4.879382,1.730406,0.44072,10.00
0.165680,4.937216,1.758474,0.43813,10.00
0.165690,4.995811,1.777339,0.43533,10.00
0.165700,5.054598,1.786741,0.43232,10.00
0.165710,5.112718,1.786560,0.42918,10.00
0.165720,5.170303,1.776722,0.42589,10.00
0.165730,5.226916,1.757183,0.42247,10.00
0.165740,5.282123,1.727971,0.41894,10.00
0.165750,5.335558,1.689188,0.41534,10.00
0.165760,5.386999,1.640979,0.41168,10.00
0.165770,5.435768,1.583573,0.40799,10.00
0.165780,5.481468,1.517292,0.40431,10.00
0.165790,5.523720,1.442531,0.40067,10.00
0.165800,5.562133,1.359754,0.39709,10.00
0.165810,5.596269,1.269511,0.39361,10.00
0.165820,5.625966,1.172405,0.39025,10.00
0.165830,5.650950,1.069093,0.38705,10.00
0.165840,5.670982,0.960282,0.38402,10.00
0.165850,5.685908,0.846735,0.38119,10.00
0.165860,5.695719,0.729229,0.37857,10.00
0.165870,5.700065,0.608593,0.37621,10.00
0.165880,5.698854,0.485706,0.37411,10.00
0.165890,5.692032,0.361475,0.37231,10.00
0.165900,5.679435,0.236827,0.37081,10.00
0.165910,5.660633,0.112781,0.36968,10.00
0.165920,5.636327,-0.009662,0.36888,10.00
0.165930,5.606643,-0.129552,0.36844,10.00
0.165940,5.571745,-0.245946,0.36836,10.00
0.165950,5.531856,-0.357916,0.36863,10.00
0.165960,5.487264,-0.464565,0.36927,10.00
0.165970,5.439489,-0.500000,0.37024,10.00
0.165980,5.391796,-0.500000,0.37137,10.00
0.165990,5.344319,-0.500000,0.37263,10.00
0.166000,5.297019,-0.500000,0.37402,10.00
0.166010,5.249783,-0.500000,0.37555,10.00
0.166020,5.202760,-0.500000,0.37721,10.00
0.166030,5.155952,-0.500000,0.37900,10.00
0.166040,5.109355,-0.500000,0.38092,10.00
0.166050,5.062728,-0.500000,0.38297,10.00
0.166060,5.015350,-0.500000,0.38520,10.00
0.166070,4.968187,-0.500000,0.38758,10.00
0.166080,4.921237,-0.500000,0.39008,10.00
0.166090,4.874501,-0.500000,0.39271,10.00
0.166100,4.828518,-0.500000,0.39547,10.00
0.166110,4.784911,-0.499800,0.39822,10.00
0.166120,4.741634,-0.494150,0.40108,10.00
0.166130,4.699021,-0.480727,0.40405,10.00
0.166140,4.657423,-0.459547,0.40709,10.00
0.166150,4.616951,-0.430682,0.41020,10.00
0.166160,4.577250,-0.394152,0.41340,10.00
0.166170,4.539594,-0.350073,0.41662,10.00
0.166180,4.504309,-0.298695,0.41983,10.00
0.166190,4.471706,-0.240326,0.42302,10.00
0.166200,4.442151,-0.175333,0.42615,10.00
0.166210,4.416124,-0.104167,0.42919,10.00
0.166220,4.393601,-0.027325,0.43213,10.00
0.166230,4.374809,0.054672,0.43495,10.00
0.166240,4.359950,0.141256,0.43763,10.00
0.166250,4.349172,0.231820,0.44014,10.00
0.166260,4.342547,0.325727,0.44248,10.00
0.166270,4.340288,0.422306,0.44461,10.00
0.166280,4.342477,0.520849,0.44652,10.00
0.166290,4.349164,0.620626,0.44820,10.00
0.166300,4.360400,0.720885,0.44963,10.00
0.166310,4.376276,0.820846,0.45078,10.00
0.166320,4.396588,0.919729,0.45165,10.00
0.166330,4.421247,1.016762,0.45225,10.00
0.166340,4.450129,1.111180,0.45255,10.00
0.166350,4.483225,1.202227,0.45255,10.00
0.166360,4.520795,1.289092,0.45221,10.00
0.166370,4.562003,1.371009,0.45158,10.00
0.166380,4.606589,1.447290,0.45064,10.00
0.166390,4.654266,1.517282,0.44941,10.00
0.166400,4.704427,1.580372,0.44789,10.00
0.166410,4.755870,1.636131,0.44617,10.00
0.166420,4.809401,1.684135,0.44418,10.00
0.166430,4.864645,1.723922,0.44194,10.00
0.166440,4.921209,1.755085,0.43946,10.00
0.166450,4.978777,1.777280,0.43676,10.00
0.166460,5.037194,1.790182,0.43384,10.00
0.166470,5.095671,1.793548,0.43073,10.00
0.166480,5.153773,1.787234,0.42747,10.00
0.166490,5.211060,1.771168,0.42406,10.00
0.166500,5.267046,1.745352,0.42054,10.00
0.166510,5.321160,1.709883,0.41695,10.00
0.166520,5.373160,1.664926,0.41330,10.00
0.166530,5.422631,1.610707,0.40962,10.00
0.166540,5.469172,1.547523,0.40594,10.00
0.166550,5.512463,1.475745,0.40229,10.00
0.166560,5.552330,1.395783,0.39867,10.00
0.166570,5.588177,1.308123,0.39513,10.00
0.166580,5.619687,1.213338,0.39171,10.00
0.166590,5.646574,1.112061,0.38843,10.00
0.166600,5.668549,1.004984,0.38531,10.00
0.166610,5.685284,0.892866,0.38239,10.00
0.166620,5.696737,0.776510,0.37970,10.00
0.166630,5.702764,0.656750,0.37724,10.00
0.166640,5.703257,0.534454,0.37505,10.00
0.166650,5.698086,0.410522,0.37314,10.00
0.166660,5.687032,0.285909,0.37156,10.00
0.166670,5.670378,0.161574,0.37029,10.00
0.166680,5.648189,0.038467,0.36936,10.00
0.166690,5.620570,-0.082461,0.36878,10.00
0.166700,5.587720,-0.200264,0.36855,10.00
0.166710,5.549973,-0.314031,0.36866,10.00
0.166720,5.507366,-0.422863,0.36915,10.00
0.166730,5.460458,-0.500000,0.36999,10.00
0.166740,5.412804,-0.500000,0.37105,10.00
0.166750,5.365217,-0.500000,0.37225,10.00
0.166760,5.317253,-0.500000,0.37361,10.00
0.166770,5.269506,-0.500000,0.37510,10.00
0.166780,5.221976,-0.500000,0.37673,10.00
0.166790,5.174662,-0.500000,0.37849,10.00
0.166800,5.127589,-0.500000,0.38038,10.00
0.166810,5.080833,-0.500000,0.38239,10.00
0.166820,5.034290,-0.500000,0.38453,10.00
0.166830,4.987958,-0.500000,0.38681,10.00
0.166840,4.941835,-0.500000,0.38921,10.00
0.166850,4.896194,-0.500000,0.39173,10.00
0.166860,4.851843,-0.500000,0.39432,10.00
0.166870,4.807693,-0.500000,0.39702,10.00
0.166880,4.763778,-0.497823,0.39985,10.00
0.166890,4.720364,-0.488057,0.40279,10.00
0.166900,4.677875,-0.470452,0.40582,10.00
0.166910,4.636874,-0.445090,0.40890,10.00
0.166920,4.597419,-0.412097,0.41203,10.00
0.166930,4.559843,-0.371638,0.41518,10.00
0.166940,4.524472,-0.323938,0.41833,10.00
0.166950,4.491145,-0.269276,0.42147,10.00
0.166960,4.458758,-0.207763,0.42468,10.00
0.166970,4.429490,-0.139638,0.42784,10.00
0.166980,4.403616,-0.065344,0.43091,10.00
0.166990,4.381386,0.014622,0.43388,10.00
0.167000,4.363437,0.099716,0.43671,10.00
0.167010,4.351185,0.189148,0.43929,10.00
0.167020,4.343145,0.282153,0.44169,10.00
0.167030,4.339444,0.378060,0.44390,10.00
0.167040,4.340173,0.476170,0.44589,10.00
0.167050,4.345214,0.575756,0.44765,10.00
0.167060,4.354057,0.676160,0.44921,10.00
0.167070,4.367421,0.776681,0.45050,10.00
0.167080,4.385271,0.876551,0.45153,10.00
0.167090,4.407535,0.974996,0.45228,10.00
0.167100,4.434093,1.071245,0.45274,10.00
0.167110,4.464759,1.164541,0.45291,10.00
0.167120,4.499421,1.254139,0.45278,10.00
0.167130,4.537872,1.339307,0.45236,10.00
0.167140,4.579876,1.419339,0.45163,10.00
0.167150,4.625176,1.493559,0.45060,10.00
0.167160,4.673511,1.561323,0.44928,10.00
0.167170,4.724510,1.622028,0.44767,10.00
0.167180,4.777827,1.675122,0.44579,10.00
0.167190,4.833092,1.720106,0.44365,10.00
0.167200,4.890068,1.756535,0.44125,10.00
0.167210,4.948799,1.783952,0.43859,10.00
0.167220,5.008253,1.801985,0.43570,10.00
0.167230,5.067994,1.810381,0.43262,10.00
0.167240,5.127578,1.808956,0.42936,10.00
0.167250,5.186292,1.797598,0.42595,10.00
0.167260,5.242897,1.776399,0.42248,10.00
0.167270,5.298019,1.745483,0.41891,10.00
0.167280,5.351226,1.704967,0.41527,10.00
0.167290,5.402096,1.655040,0.41159,10.00
0.167300,5.450278,1.595965,0.40789,10.00
0.167310,5.495554,1.528052,0.40419,10.00
0.167320,5.537311,1.451689,0.40053,10.00
0.167330,5.575194,1.367352,0.39693,10.00
0.167340,5.608875,1.275587,0.39344,10.00
0.167350,5.638372,1.177000,0.39007,10.00
0.167360,5.664369,1.072101,0.38677,10.00
0.167370,5.685331,0.961508,0.38366,10.00
0.167380,5.701043,0.845993,0.38074,10.00
0.167390,5.711327,0.726372,0.37805,10.00
0.167400,5.715941,0.603506,0.37562,10.00
0.167410,5.714471,0.478342,0.37349,10.00
0.167420,5.707289,0.351836,0.37166,10.00
0.167430,5.694385,0.224934,0.37014,10.00
0.167440,5.675794,0.098598,0.36895,10.00
0.167450,5.651323,-0.026206,0.36810,10.00
0.167460,5.620291,-0.148379,0.36768,10.00
0.167470,5.583952,-0.266872,0.36763,10.00
0.167480,5.542525,-0.380740,0.36795,10.00
0.167490,5.496267,-0.489059,0.36864,10.00
0.167500,5.447967,-0.500000,0.36963,10.00
0.167510,5.400634,-0.500000,0.37071,10.00
0.167520,5.353516,-0.500000,0.37192,10.00
0.167530,5.306611,-0.500000,0.37327,10.00
0.167540,5.259920,-0.500000,0.37474,10.00
0.167550,5.213420,-0.500000,0.37634,10.00
0.167560,5.167055,-0.500000,0.37808,10.00
0.167570,5.120899,-0.500000,0.37994,10.00
0.167580,5.074953,-0.500000,0.38193,10.00
0.167590,5.029216,-0.500000,0.38405,10.00
0.167600,4.983618,-0.500000,0.38630,10.00
0.167610,4.937956,-0.500000,0.38869,10.00
0.167620,4.892501,-0.500000,0.39120,10.00
0.167630,4.847252,-0.500000,0.39384,10.00
0.167640,4.802208,-0.500000,0.39661,10.00
0.167650,4.757691,-0.497704,0.39950,10.00
0.167660,4.714821,-0.487780,0.40243,10.00
0.167670,4.672808,-0.470086,0.40545,10.00
0.167680,4.631998,-0.444669,0.40853,10.00
0.167690,4.592735,-0.411635,0.41166,10.00
0.167700,4.555196,-0.371150,0.41482,10.00
0.167710,4.519240,-0.323362,0.41802,10.00
0.167720,4.485809,-0.268501,0.42120,10.00
0.167730,4.455203,-0.206907,0.42434,10.00
0.167740,4.427706,-0.138971,0.42741,10.00
0.167750,4.403597,-0.065141,0.43040,10.00
0.167760,4.383176,0.014078,0.43328,10.00
0.167770,4.366576,0.098137,0.43602,10.00
0.167780,4.353983,0.186447,0.43860,10.00
0.167790,4.345555,0.278382,0.44102,10.00
0.167800,4.341455,0.373282,0.44323,10.00
0.167810,4.341883,0.470437,0.44523,10.00
0.167820,4.346761,0.569117,0.44700,10.00
0.167830,4.356119,0.668586,0.44853,10.00
0.167840,4.369951,0.768090,0.44980,10.00
0.167850,4.387983,0.866867,0.45080,10.00
0.167860,4.409442,0.964264,0.45158,10.00
0.167870,4.435169,1.059595,0.45208,10.00
0.167880,4.465030,1.152104,0.45229,10.00
0.167890,4.498859,1.241048,0.45220,10.00
0.167900,4.536431,1.325702,0.45182,10.00
0.167910,4.577443,1.405377,0.45114,10.00
0.167920,4.621733,1.479410,0.45017,10.00
0.167930,4.669013,1.547164,0.44892,10.00
0.167940,4.718966,1.608044,0.44738,10.00
0.167950,4.771633,1.661498,0.44557,10.00
0.167960,4.827773,1.706844,0.44340,10.00
0.167970,4.885482,1.743512,0.44097,10.00
0.167980,4.944346,1.771114,0.43831,10.00
0.167990,5.003941,1.789326,0.43543,10.00
0.168000,5.063912,1.797892,0.43236,10.00
0.168010,5.124060,1.796587,0.42908,10.00
0.168020,5.183602,1.785272,0.42565,10.00
0.168030,5.242088,1.763908,0.42210,10.00
0.168040,5.299066,1.732532,0.41843,10.00
0.168050,5.353768,1.691260,0.41470,10.00
0.168060,5.404797,1.640440,0.41100,10.00
0.168070,5.453037,1.580444,0.40728,10.00
0.168080,5.498095,1.511616,0.40358,10.00
0.168090,5.539594,1.434371,0.39993,10.00
0.168100,5.577211,1.349193,0.39634,10.00
0.168110,5.610701,1.256619,0.39285,10.00
0.168120,5.639652,1.157253,0.38949,10.00
0.168130,5.663794,1.051767,0.38628,10.00
0.168140,5.682891,0.940889,0.38326,10.00
0.168150,5.696640,0.825395,0.38045,10.00
0.168160,5.704573,0.706158,0.37790,10.00
0.168170,5.706980,0.584072,0.37560,10.00
0.168180,5.703781,0.460029,0.37359,10.00
0.168190,5.694936,0.334950,0.37187,10.00
0.168200,5.680628,0.209774,0.37047,10.00
0.168210,5.661436,0.085365,0.36936,10.00
0.168220,5.636728,-0.037380,0.36858,10.00
0.168230,5.606631,-0.157507,0.36816,10.00
0.168240,5.571314,-0.274070,0.36809,10.00
0.168250,5.530939,-0.386140,0.36839,10.00
0.168260,5.485614,-0.492786,0.36907,10.00
0.168270,5.438255,-0.500000,0.37004,10.00
0.168280,5.391112,-0.500000,0.37114,10.00
0.168290,5.344181,-0.500000,0.37237,10.00
0.168300,5.297508,-0.500000,0.37373,10.00
0.168310,5.251223,-0.500000,0.37521,10.00
0.168320,5.205148,-0.500000,0.37682,10.00
0.168330,5.159282,-0.500000,0.37856,10.00
0.168340,5.113624,-0.500000,0.38042,10.00
0.168350,5.068027,-0.500000,0.38241,10.00
0.168360,5.022058,-0.500000,0.38456,10.00
0.168370,4.976297,-0.500000,0.38684,10.00
0.168380,4.930744,-0.500000,0.38924,10.00
0.168390,4.885397,-0.500000,0.39177,10.00
0.168400,4.840184,-0.500000,0.39443,10.00
0.168410,4.794892,-0.500000,0.39723,10.00
0.168420,4.749873,-0.496417,0.40016,10.00
0.168430,4.705440,-0.484798,0.40319,10.00
0.168440,4.661954,-0.465140,0.40631,10.00
0.168450,4.620013,-0.437501,0.40950,10.00
0.168460,4.580673,-0.402115,0.41267,10.00
0.168470,4.543323,-0.359241,0.41586,10.00
0.168480,4.508285,-0.309121,0.41905,10.00
0.168490,4.475871,-0.252053,0.42221,10.00
0.168500,4.446428,-0.188396,0.42533,10.00
0.168510,4.420392,-0.118584,0.42836,10.00
0.168520,4.397798,-0.043099,0.43129,10.00
0.168530,4.378874,0.037548,0.43410,10.00
0.168540,4.363823,0.122800,0.43678,10.00
0.168550,4.352859,0.212057,0.43929,10.00
0.168560,4.346247,0.304665,0.44161,10.00
0.168570,4.343942,0.399939,0.44374,10.00
0.168580,4.346026,0.497183,0.44564,10.00
0.168590,4.352550,0.595673,0.44732,10.00
0.168600,4.363590,0.694670,0.44874,10.00
0.168610,4.379308,0.793392,0.44989,10.00
0.168620,4.399409,0.891058,0.45077,10.00
0.168630,4.423803,0.986909,0.45137,10.00
0.168640,4.452367,1.080186,0.45167,10.00
0.168650,4.484968,1.170145,0.45169,10.00
0.168660,4.521480,1.256044,0.45140,10.00
0.168670,4.561595,1.337168,0.45082,10.00
0.168680,4.605064,1.412839,0.44994,10.00
0.168690,4.651604,1.482409,0.44878,10.00
0.168700,4.700662,1.545269,0.44732,10.00
0.168710,4.751170,1.600977,0.44566,10.00
0.168720,4.803770,1.649097,0.44373,10.00
0.168730,4.858098,1.689166,0.44156,10.00
0.168740,4.913768,1.720779,0.43914,10.00
0.168750,4.970169,1.743588,0.43651,10.00
0.168760,5.026254,1.757414,0.43373,10.00
0.168770,5.082464,1.762107,0.43078,10.00
0.168780,5.138380,1.757518,0.42766,10.00
0.168790,5.193579,1.743567,0.42441,10.00
0.168800,5.247668,1.720243,0.42105,10.00
0.168810,5.300315,1.687595,0.41759,10.00
0.168820,5.350990,1.645745,0.41408,10.00
0.168830,5.399291,1.594898,0.41052,10.00
0.168840,5.444827,1.535330,0.40696,10.00
0.168850,5.487328,1.467388,0.40343,10.00
0.168860,5.526749,1.391433,0.39991,10.00
0.168870,5.562337,1.307912,0.39647,10.00
0.168880,5.593781,1.217367,0.39312,10.00
0.168890,5.620796,1.120400,0.38991,10.00
0.168900,5.642992,1.017671,0.38686,10.00
0.168910,5.659736,0.909956,0.38402,10.00
0.168920,5.671400,0.798059,0.38139,10.00
0.168930,5.677839,0.682780,0.37899,10.00
0.168940,5.678946,0.564953,0.37685,10.00
0.168950,5.674744,0.445445,0.37498,10.00
0.168960,5.665474,0.325099,0.37337,10.00
0.168970,5.650783,0.204792,0.37207,10.00
0.168980,5.630723,0.085439,0.37109,10.00
0.168990,5.605387,-0.032042,0.37044,10.00
0.169000,5.575183,-0.146733,0.37014,10.00
0.169010,5.541107,-0.257862,0.37011,10.00
0.169020,5.502258,-0.364630,0.37042,10.00
0.169030,5.458881,-0.466172,0.37109,10.00
0.169040,5.412474,-0.500000,0.37208,10.00
0.169050,5.365865,-0.500000,0.37321,10.00
0.169060,5.318333,-0.500000,0.37455,10.00
0.169070,5.271016,-0.500000,0.37602,10.00
0.169080,5.223915,-0.500000,0.37762,10.00
0.169090,5.177027,-0.500000,0.37935,10.00
0.169100,5.130510,-0.500000,0.38122,10.00
0.169110,5.084837,-0.500000,0.38316,10.00
0.169120,5.039371,-0.500000,0.38524,10.00
0.169130,4.994111,-0.500000,0.38744,10.00
0.169140,4.949057,-0.500000,0.38977,10.00
0.169150,4.904047,-0.500000,0.39222,10.00
0.169160,4.858604,-0.500000,0.39484,10.00
0.169170,4.813367,-0.500000,0.39758,10.00
0.169180,4.768374,-0.497677,0.40044,10.00
0.169190,4.723897,-0.487590,0.40342,10.00
0.169200,4.680400,-0.469511,0.40649,10.00
0.169210,4.638546,-0.443536,0.40961,10.00
0.169220,4.598271,-0.409805,0.41277,10.00
0.169230,4.559917,-0.368487,0.41596,10.00
0.169240,4.523813,-0.319811,0.41916,10.00
0.169250,4.490331,-0.264062,0.42233,10.00
0.169260,4.459934,-0.201612,0.42545,10.00
0.169270,4.432682,-0.132877,0.42850,10.00
0.169280,4.408833,-0.058311,0.43145,10.00
0.169290,4.388622,0.021584,0.43430,10.00
0.169300,4.372212,0.106260,0.43701,10.00
0.169310,4.359644,0.195147,0.43958,10.00
0.169320,4.351266,0.287632,0.44198,10.00
0.169330,4.347206,0.383047,0.44417,10.00
0.169340,4.347556,0.480698,0.44616,10.00
0.169350,4.352390,0.579863,0.44792,10.00
0.169360,4.361772,0.679796,0.44942,10.00
0.169370,4.375648,0.779735,0.45067,10.00
0.169380,4.393977,0.878917,0.45165,10.00
0.169390,4.416685,0.976572,0.45235,10.00
0.169400,4.443524,1.071934,0.45277,10.00
0.169410,4.473941,1.164310,0.45292,10.00
0.169420,4.508315,1.253002,0.45278,10.00
0.169430,4.546439,1.337285,0.45234,10.00
0.169440,4.588077,1.416461,0.45160,10.00
0.169450,4.633036,1.489860,0.45057,10.00
0.169460,4.681232,1.556816,0.44923,10.00
0.169470,4.732057,1.616714,0.44761,10.00
0.169480,4.785164,1.669009,0.44572,10.00
0.169490,4.840184,1.713206,0.44357,10.00
0.169500,4.896615,1.748869,0.44116,10.00
0.169510,4.953714,1.775674,0.43856,10.00
0.169520,5.011523,1.793342,0.43575,10.00
0.169530,5.069616,1.801626,0.43274,10.00
0.169540,5.127562,1.800346,0.42956,10.00
0.169550,5.184891,1.789393,0.42623,10.00
0.169560,5.241069,1.768746,0.42279,10.00
0.169570,5.295792,1.738454,0.41925,10.00
0.169580,5.348632,1.698628,0.41563,10.00
0.169590,5.399170,1.649452,0.41197,10.00
0.169600,5.446933,1.591187,0.40830,10.00
0.169610,5.491334,1.524195,0.40465,10.00
0.169620,5.532266,1.448900,0.40104,10.00
0.169630,5.569382,1.365774,0.39751,10.00
0.169640,5.602356,1.275351,0.39407,10.00
0.169650,5.631076,1.178232,0.39075,10.00
0.169660,5.655818,1.074985,0.38754,10.00
0.169670,5.675611,0.966261,0.38451,10.00
0.169680,5.690250,0.852820,0.38168,10.00
0.169690,5.699566,0.735467,0.37908,10.00
0.169700,5.703421,0.615048,0.37672,10.00
0.169710,5.701704,0.492444,0.37465,10.00
0.169720,5.694393,0.368564,0.37286,10.00
0.169730,5.681482,0.244335,0.37138,10.00
0.169740,5.663005,0.120697,0.37022,10.00
0.169750,5.639056,-0.001402,0.36940,10.00
0.169760,5.609798,-0.121021,0.36893,10.00
0.169770,5.575336,-0.237226,0.36881,10.00
0.169780,5.535872,-0.349092,0.36906,10.00
0.169790,5.491651,-0.455713,0.36967,10.00
0.169800,5.444037,-0.500000,0.37062,10.00
0.169810,5.396727,-0.500000,0.37171,10.00
0.169820,5.349633,-0.500000,0.37293,10.00
0.169830,5.302752,-0.500000,0.37428,10.00
0.169840,5.256084,-0.500000,0.37577,10.00
0.169850,5.209343,-0.500000,0.37738,10.00
0.169860,5.161678,-0.500000,0.37920,10.00
0.169870,5.114229,-0.500000,0.38114,10.00
0.169880,5.066995,-0.500000,0.38322,10.00
0.169890,5.019976,-0.500000,0.38543,10.00
0.169900,4.973353,-0.500000,0.38777,10.00
0.169910,4.927673,-0.500000,0.39019,10.00
0.169920,4.882201,-0.500000,0.39274,10.00
0.169930,4.836935,-0.500000,0.39541,10.00
0.169940,4.791875,-0.499948,0.39821,10.00
0.169950,4.746946,-0.494910,0.40113,10.00
0.169960,4.701937,-0.481792,0.40420,10.00
0.169970,4.657950,-0.460542,0.40736,10.00
0.169980,4.615346,-0.431229,0.41058,10.00
0.169990,4.574482,-0.393986,0.41385,10.00
0.170000,4.536170,-0.349003,0.41713,10.00
0.170010,4.502129,-0.296761,0.42029,10.00
0.170020,4.470800,-0.237726,0.42342,10.00
0.170030,4.442468,-0.172270,0.42649,10.00
0.170040,4.417399,-0.100820,0.42948,10.00
0.170050,4.395634,-0.023853,0.43237,10.00
0.170060,4.376788,0.058206,0.43518,10.00
0.170070,4.361878,0.144853,0.43786,10.00
0.170080,4.351077,0.235479,0.44037,10.00
0.170090,4.344530,0.329438,0.44269,10.00
0.170100,4.342435,0.426049,0.44482,10.00
0.170110,4.345121,0.524563,0.44670,10.00
0.170120,4.352298,0.624222,0.44834,10.00
0.170130,4.363978,0.724275,0.44973,10.00
0.170140,4.380137,0.823961,0.45086,10.00
0.170150,4.400426,0.922511,0.45171,10.00
0.170160,4.423883,1.019298,0.45235,10.00
0.170170,4.451561,1.113653,0.45270,10.00
0.170180,4.483311,1.204824,0.45277,10.00
0.170190,4.518949,1.292075,0.45253,10.00
0.170200,4.558411,1.374689,0.45200,10.00
0.170210,4.601895,1.451904,0.45113,10.00
0.170220,4.648521,1.523016,0.44997,10.00
0.170230,4.697982,1.587404,0.44852,10.00
0.170240,4.749942,1.644492,0.44679,10.00
0.170250,4.804084,1.693755,0.44479,10.00
0.170260,4.860144,1.734700,0.44252,10.00
0.170270,4.917571,1.766898,0.44001,10.00
0.170280,4.975952,1.789995,0.43728,10.00
0.170290,5.034860,1.803701,0.43434,10.00
0.170300,5.093864,1.807796,0.43121,10.00
0.170310,5.152528,1.802127,0.42792,10.00
0.170320,5.210400,1.786616,0.42449,10.00
0.170330,5.267038,1.761259,0.42095,10.00
0.170340,5.322002,1.726127,0.41731,10.00
0.170350,5.375007,1.681366,0.41362,10.00
0.170360,5.426074,1.627128,0.40985,10.00
0.170370,5.474196,1.563658,0.40607,10.00
0.170380,5.518976,1.491327,0.40232,10.00
0.170390,5.560041,1.410576,0.39862,10.00
0.170400,5.596630,1.321915,0.39501,10.00
0.170410,5.627208,1.226119,0.39161,10.00
0.170420,5.653125,1.123961,0.38835,10.00
0.170430,5.674133,1.016140,0.38526,10.00
0.170440,5.690016,0.903407,0.38237,10.00
0.170450,5.700595,0.786559,0.37971,10.00
0.170460,5.705724,0.666437,0.37729,10.00
0.170470,5.705311,0.543915,0.37513,10.00
0.170480,5.699296,0.419895,0.37327,10.00
0.170490,5.687663,0.295303,0.37171,10.00
0.170500,5.670456,0.171080,0.37047,10.00
0.170510,5.647802,0.048164,0.36956,10.00
0.170520,5.619733,-0.072498,0.36900,10.00
0.170530,5.586399,-0.189962,0.36879,10.00
0.170540,5.547997,-0.303296,0.36895,10.00
0.170550,5.504831,-0.411587,0.36947,10.00
0.170560,5.457514,-0.500000,0.37034,10.00
0.170570,5.409086,-0.500000,0.37145,10.00
0.170580,5.360877,-0.500000,0.37269,10.00
0.170590,5.312887,-0.500000,0.37407,10.00
0.170600,5.265420,-0.500000,0.37558,10.00
0.170610,5.219384,-0.500000,0.37714,10.00
0.170620,5.173558,-0.500000,0.37883,10.00
0.170630,5.127939,-0.500000,0.38065,10.00
0.170640,5.082528,-0.500000,0.38259,10.00
0.170650,5.036921,-0.500000,0.38466,10.00
0.170660,4.989919,-0.500000,0.38696,10.00
0.170670,4.943130,-0.500000,0.38939,10.00
0.170680,4.896554,-0.500000,0.39195,10.00
0.170690,4.850189,-0.500000,0.39463,10.00
0.170700,4.804408,-0.500000,0.39745,10.00
0.170710,4.760376,-0.497139,0.40029,10.00
0.170720,4.716883,-0.486497,0.40324,10.00
0.170730,4.674286,-0.467999,0.40629,10.00
0.170740,4.632933,-0.441696,0.40939,10.00
0.170750,4.592878,-0.407700,0.41255,10.00
0.170760,4.553581,-0.366041,0.41580,10.00
0.170770,4.516558,-0.316852,0.41906,10.00
0.170780,4.482134,-0.260423,0.42230,10.00
0.170790,4.450615,-0.197100,0.42550,10.00
0.170800,4.422401,-0.127289,0.42863,10.00
0.170810,4.398085,-0.051499,0.43165,10.00
0.170820,4.377469,0.029722,0.43455,10.00
0.170830,4.360766,0.115819,0.43731,10.00
0.170840,4.348163,0.206189,0.43992,10.00
0.170850,4.339742,0.300190,0.44234,10.00
0.170860,4.335398,0.397184,0.44459,10.00
0.170870,4.335539,0.496488,0.44663,10.00
0.170880,4.340231,0.597370,0.44843,10.00
0.170890,4.349505,0.699075,0.44998,10.00
0.170900,4.363762,0.800835,0.45127,10.00
0.170910,4.384176,0.901674,0.45218,10.00
0.170920,4.409026,1.000676,0.45280,10.00
0.170930,4.438186,1.097061,0.45312,10.00
0.170940,4.471498,1.190058,0.45314,10.00
0.170950,4.508509,1.278914,0.45286,10.00
0.170960,4.548226,1.363022,0.45234,10.00
0.170970,4.591436,1.441763,0.45151,10.00
0.170980,4.637860,1.514470,0.45039,10.00
0.170990,4.687193,1.580511,0.44898,10.00
0.171000,4.739160,1.639298,0.44729,10.00
0.171010,4.793573,1.690266,0.44531,10.00
0.171020,4.849827,1.732910,0.44306,10.00
0.171030,4.907524,1.766799,0.44057,10.00
0.171040,4.966249,1.791567,0.43785,10.00
0.171050,5.025519,1.806911,0.43492,10.00
0.171060,5.084725,1.812625,0.43181,10.00
0.171070,5.143657,1.808563,0.42854,10.00
0.171080,5.201868,1.794636,0.42512,10.00
0.171090,5.258914,1.770827,0.42158,10.00
0.171100,5.314400,1.737195,0.41794,10.00
0.171110,5.368034,1.693852,0.41423,10.00
0.171120,5.419198,1.640991,0.41048,10.00
0.171130,5.467479,1.578899,0.40672,10.00
0.171140,5.512480,1.507932,0.40298,10.00
0.171150,5.553737,1.428523,0.39928,10.00
0.171160,5.590631,1.341214,0.39569,10.00
0.171170,5.623196,1.246601,0.39221,10.00
0.171180,5.651137,1.145315,0.38886,10.00
0.171190,5.674189,1.038045,0.38567,10.00
0.171200,5.692193,0.925532,0.38268,10.00
0.171210,5.705157,0.808536,0.37988,10.00
0.171220,5.712652,0.687869,0.37733,10.00
0.171230,5.714558,0.564405,0.37503,10.00
0.171240,5.710799,0.439049,0.37303,10.00
0.171250,5.701272,0.312730,0.37132,10.00
0.171260,5.685780,0.186432,0.36995,10.00
0.171270,5.664652,0.061136,0.36892,10.00
0.171280,5.637985,-0.062191,0.36823,10.00
0.171290,5.605920,-0.182587,0.36791,10.00
0.171300,5.568799,-0.299103,0.36794,10.00
0.171310,5.527321,-0.410880,0.36831,10.00
0.171320,5.481265,-0.500000,0.36905,10.00
0.171330,5.434133,-0.500000,0.37002,10.00
0.171340,5.387215,-0.500000,0.37112,10.00
0.171350,5.340482,-0.500000,0.37235,10.00
0.171360,5.293846,-0.500000,0.37372,10.00
0.171370,5.247423,-0.500000,0.37522,10.00
0.171380,5.201210,-0.500000,0.37684,10.00
0.171390,5.155206,-0.500000,0.37860,10.00
0.171400,5.109318,-0.500000,0.38048,10.00
0.171410,5.063265,-0.500000,0.38251,10.00
0.171420,5.017420,-0.500000,0.38467,10.00
0.171430,4.971784,-0.500000,0.38696,10.00
0.171440,4.926354,-0.500000,0.38937,10.00
0.171450,4.880971,-0.500000,0.39191,10.00
0.171460,4.835154,-0.500000,0.39461,10.00
0.171470,4.789545,-0.500000,0.39745,10.00
0.171480,4.744234,-0.495592,0.40040,10.00
0.171490,4.699549,-0.483087,0.40346,10.00
0.171500,4.656068,-0.462489,0.40661,10.00
0.171510,4.614790,-0.433965,0.40978,10.00
0.171520,4.575204,-0.397713,0.41298,10.00
0.171530,4.537649,-0.353921,0.41620,10.00
0.171540,4.502451,-0.302836,0.41941,10.00
0.171550,4.469938,-0.244765,0.42260,10.00
0.171560,4.440456,-0.180081,0.42573,10.00
0.171570,4.414213,-0.109205,0.42879,10.00
0.171580,4.391462,-0.032610,0.43174,10.00
0.171590,4.372433,0.049187,0.43458,10.00
0.171600,4.357415,0.135619,0.43728,10.00
0.171610,4.346834,0.226038,0.43979,10.00
0.171620,4.340496,0.319771,0.44212,10.00
0.171630,4.338514,0.416139,0.44424,10.00
0.171640,4.340969,0.514436,0.44615,10.00
0.171650,4.347929,0.613930,0.44782,10.00
0.171660,4.359472,0.713863,0.44923,10.00
0.171670,4.375490,0.813468,0.45038,10.00
0.171680,4.395928,0.911977,0.45125,10.00
0.171690,4.420695,1.008622,0.45184,10.00
0.171700,4.449431,1.102639,0.45213,10.00
0.171710,4.481277,1.193390,0.45219,10.00
0.171720,4.516993,1.280215,0.45196,10.00
0.171730,4.556362,1.362402,0.45143,10.00
0.171740,4.599139,1.439264,0.45061,10.00
0.171750,4.645048,1.510146,0.44949,10.00
0.171760,4.693787,1.574434,0.44809,10.00
0.171770,4.745028,1.631553,0.44640,10.00
0.171780,4.798421,1.680979,0.44446,10.00
0.171790,4.853593,1.722237,0.44225,10.00
0.171800,4.910192,1.754911,0.43981,10.00
0.171810,4.967927,1.778625,0.43713,10.00
0.171820,5.026224,1.793076,0.43425,10.00
0.171830,5.084655,1.798038,0.43118,10.00
0.171840,5.142784,1.793354,0.42794,10.00
0.171850,5.200206,1.778940,0.42456,10.00
0.171860,5.256586,1.754769,0.42106,10.00
0.171870,5.311348,1.720892,0.41747,10.00
0.171880,5.364064,1.677447,0.41382,10.00
0.171890,5.414313,1.624646,0.41012,10.00
0.171900,5.461469,1.562776,0.40642,10.00
0.171910,5.504480,1.492302,0.40280,10.00
0.171920,5.543877,1.413727,0.39923,10.00
0.171930,5.579321,1.327548,0.39574,10.00
0.171940,5.610500,1.234329,0.39237,10.00
0.171950,5.637245,1.134691,0.38912,10.00
0.171960,5.659647,1.029259,0.38601,10.00
0.171970,5.677022,0.918726,0.38309,10.00
0.171980,5.689182,0.803870,0.38039,10.00
0.171990,5.695977,0.685513,0.37791,10.00
0.172000,5.697575,0.564511,0.37570,10.00
0.172010,5.694731,0.441618,0.37370,10.00
0.172020,5.686291,0.317656,0.37199,10.00
0.172030,5.672258,0.193553,0.37059,10.00
0.172040,5.652677,0.070253,0.36952,10.00
0.172050,5.627518,-0.051298,0.36879,10.00
0.172060,5.596569,-0.170098,0.36844,10.00
0.172070,5.560469,-0.285174,0.36844,10.00
0.172080,5.519434,-0.395605,0.36881,10.00
0.172090,5.473727,-0.500000,0.36955,10.00
0.172100,5.426129,-0.500000,0.37056,10.00
0.172110,5.377804,-0.500000,0.37175,10.00
0.172120,5.329698,-0.500000,0.37309,10.00
0.172130,5.281809,-0.500000,0.37455,10.00
0.172140,5.234139,-0.500000,0.37615,10.00
0.172150,5.186858,-0.500000,0.37788,10.00
0.172160,5.140485,-0.500000,0.37969,10.00
0.172170,5.094322,-0.500000,0.38164,10.00
0.172180,5.048369,-0.500000,0.38371,10.00
0.172190,5.002625,-0.500000,0.38591,10.00
0.172200,4.957265,-0.500000,0.38823,10.00
0.172210,4.912816,-0.500000,0.39064,10.00
0.172220,4.868569,-0.500000,0.39317,10.00
0.172230,4.824522,-0.500000,0.39582,10.00
0.172240,4.780680,-0.499562,0.39859,10.00
0.172250,4.737267,-0.493016,0.40148,10.00
0.172260,4.694815,-0.478687,0.40445,10.00
0.172270,4.653417,-0.456617,0.40750,10.00
0.172280,4.613418,-0.426888,0.41061,10.00
0.172290,4.575154,-0.389638,0.41374,10.00
0.172300,4.538785,-0.345066,0.41689,10.00
0.172310,4.504125,-0.293346,0.42008,10.00
0.172320,4.472157,-0.234738,0.42323,10.00
0.172330,4.443173,-0.169609,0.42633,10.00
0.172340,4.417443,-0.098382,0.42935,10.00
0.172350,4.395117,-0.021530,0.43227,10.00
0.172360,4.376123,0.060471,0.43510,10.00
0.172370,4.361063,0.147088,0.43778,10.00
0.172380,4.350113,0.237710,0.44030,10.00
0.172390,4.343419,0.331693,0.44264,10.00
0.172400,4.341417,0.428355,0.44478,10.00
0.172410,4.345151,0.526831,0.44661,10.00
0.172420,4.353365,0.626286,0.44820,10.00
0.172430,4.366063,0.725968,0.44953,10.00
0.172440,4.383215,0.825115,0.45060,10.00
0.172450,4.404402,0.922962,0.45139,10.00
0.172460,4.428473,1.018914,0.45199,10.00
0.172470,4.456723,1.112326,0.45230,10.00
0.172480,4.488995,1.202453,0.45232,10.00
0.172490,4.525104,1.288563,0.45204,10.00
0.172500,4.564959,1.369949,0.45147,10.00
0.172510,4.608697,1.445867,0.45057,10.00
0.172520,4.655516,1.515625,0.44937,10.00
0.172530,4.705106,1.578615,0.44790,10.00
0.172540,4.757130,1.634271,0.44614,10.00
0.172550,4.811135,1.682077,0.44412,10.00
0.172560,4.866453,1.721615,0.44187,10.00
0.172570,4.923079,1.752514,0.43938,10.00
0.172580,4.980607,1.774430,0.43667,10.00
0.172590,5.038617,1.787083,0.43377,10.00
0.172600,5.096708,1.790262,0.43068,10.00
0.172610,5.154525,1.783813,0.42742,10.00
0.172620,5.211523,1.767655,0.42403,10.00
0.172630,5.267264,1.741791,0.42052,10.00
0.172640,5.321317,1.706298,0.41694,10.00
0.172650,5.373278,1.661327,0.41329,10.00
0.172660,5.422799,1.607092,0.40961,10.00
0.172670,5.469390,1.543884,0.40592,10.00
0.172680,5.512665,1.472074,0.40226,10.00
0.172690,5.552262,1.392101,0.39866,10.00
0.172700,5.587823,1.304475,0.39514,10.00
0.172710,5.618985,1.209775,0.39173,10.00
0.172720,5.645531,1.108641,0.38847,10.00
0.172730,5.667209,1.001763,0.38537,10.00
0.172740,5.683800,0.889883,0.38247,10.00
0.172750,5.695072,0.773793,0.37978,10.00
0.172760,5.700731,0.654346,0.37735,10.00
0.172770,5.700874,0.532427,0.37518,10.00
0.172780,5.695439,0.408934,0.37330,10.00
0.172790,5.684404,0.284786,0.37172,10.00
0.172800,5.667831,0.160919,0.37046,10.00
0.172810,5.645904,0.038260,0.36953,10.00
0.172820,5.618566,-0.082258,0.36893,10.00
0.172830,5.585965,-0.199691,0.36869,10.00
0.172840,5.548289,-0.313108,0.36881,10.00
0.172850,5.505750,-0.421599,0.36930,10.00
0.172860,5.458816,-0.500000,0.37015,10.00
0.172870,5.411099,-0.500000,0.37122,10.00
0.172880,5.363598,-0.500000,0.37242,10.00
0.172890,5.316313,-0.500000,0.37375,10.00
0.172900,5.269327,-0.500000,0.37521,10.00
0.172910,5.222892,-0.500000,0.37679,10.00
0.172920,5.176667,-0.500000,0.37849,10.00
0.172930,5.130653,-0.500000,0.38031,10.00
0.172940,5.084847,-0.500000,0.38227,10.00
0.172950,5.039297,-0.500000,0.38435,10.00
0.172960,4.994143,-0.500000,0.38655,10.00
0.172970,4.949194,-0.500000,0.38887,10.00
0.172980,4.904449,-0.500000,0.39131,10.00
0.172990,4.859907,-0.500000,0.39388,10.00
0.173000,4.815190,-0.500000,0.39658,10.00
0.173010,4.769192,-0.498548,0.39949,10.00
0.173020,4.723661,-0.489605,0.40252,10.00
0.173030,4.678966,-0.472492,0.40565,10.00
0.173040,4.635471,-0.447246,0.40885,10.00
0.173050,4.593642,-0.413968,0.41211,10.00
0.173060,4.554139,-0.372868,0.41537,10.00
0.173070,4.516886,-0.324203,0.41864,10.00
0.173080,4.482210,-0.268258,0.42189,10.00
0.173090,4.450420,-0.205376,0.42510,10.00
0.173100,4.421887,-0.135958,0.42825,10.00
0.173110,4.397122,-0.060497,0.43129,10.00
0.173120,4.376045,0.020474,0.43422,10.00
0.173130,4.358874,0.106401,0.43701,10.00
0.173140,4.345801,0.196683,0.43964,10.00
0.173150,4.337128,0.290680,0.44210,10.00
0.173160,4.333403,0.387650,0.44433,10.00
0.173170,4.334158,0.486839,0.44633,10.00
0.173180,4.339453,0.587514,0.44811,10.00
0.173190,4.349315,0.688920,0.44963,10.00
0.173200,4.363889,0.790291,0.45089,10.00
0.173210,4.383591,0.890774,0.45184,10.00
0.173220,4.407720,0.989538,0.45250,10.00
0.173230,4.436155,1.085807,0.45286,10.00
0.173240,4.468742,1.178811,0.45292,10.00
0.173250,4.505144,1.267799,0.45269,10.00
0.173260,4.544692,1.352113,0.45218,10.00
0.173270,4.587742,1.431099,0.45138,10.00
0.173280,4.634021,1.504086,0.45028,10.00
0.173290,4.683222,1.570442,0.44889,10.00
0.173300,4.734958,1.629578,0.44721,10.00
0.173310,4.788702,1.680980,0.44528,10.00
0.173320,4.844311,1.724178,0.44308,10.00
0.173330,4.901395,1.758740,0.44064,10.00
0.173340,4.959544,1.784295,0.43797,10.00
0.173350,5.018531,1.800536,0.43508,10.00
0.173360,5.078507,1.807128,0.43196,10.00
0.173370,5.138241,1.803838,0.42866,10.00
0.173380,5.197283,1.790568,0.42521,10.00
0.173390,5.255182,1.767295,0.42164,10.00
0.173400,5.311409,1.734073,0.41797,10.00
0.173410,5.365276,1.691070,0.41426,10.00
0.173420,5.416686,1.638520,0.41050,10.00
0.173430,5.465226,1.576706,0.40674,10.00
0.173440,5.510496,1.505982,0.40299,10.00
0.173450,5.551895,1.426778,0.39929,10.00
0.173460,5.588398,1.339700,0.39572,10.00
0.173470,5.620586,1.245388,0.39226,10.00
0.173480,5.648166,1.144468,0.38894,10.00
0.173490,5.670878,1.037629,0.38578,10.00
0.173500,5.688735,0.925611,0.38281,10.00
0.173510,5.702256,0.809086,0.38000,10.00
0.173520,5.710323,0.688810,0.37742,10.00
0.173530,5.712815,0.565650,0.37511,10.00
0.173540,5.709650,0.440508,0.37307,10.00
0.173550,5.700933,0.314312,0.37134,10.00
0.173560,5.687097,0.187939,0.36989,10.00
0.173570,5.667607,0.062301,0.36877,10.00
0.173580,5.642548,-0.061637,0.36799,10.00
0.173590,5.612048,-0.182912,0.36757,10.00
0.173600,5.575894,-0.300570,0.36751,10.00
0.173610,5.533155,-0.413486,0.36792,10.00
0.173620,5.485828,-0.500000,0.36871,10.00
0.173630,5.437544,-0.500000,0.36972,10.00
0.173640,5.389479,-0.500000,0.37087,10.00
0.173650,5.341686,-0.500000,0.37216,10.00
0.173660,5.294324,-0.500000,0.37356,10.00
0.173670,5.247176,-0.500000,0.37509,10.00
0.173680,5.200243,-0.500000,0.37676,10.00
0.173690,5.153522,-0.500000,0.37855,10.00
0.173700,5.107248,-0.500000,0.38047,10.00
0.173710,5.062123,-0.500000,0.38246,10.00
0.173720,5.017202,-0.500000,0.38458,10.00
0.173730,4.972485,-0.500000,0.38682,10.00
0.173740,4.927970,-0.500000,0.38918,10.00
0.173750,4.883683,-0.500000,0.39167,10.00
0.173760,4.839696,-0.500000,0.39427,10.00
0.173770,4.795909,-0.500000,0.39700,10.00
0.173780,4.752377,-0.496911,0.39984,10.00
0.173790,4.709394,-0.486031,0.40279,10.00
0.173800,4.667210,-0.467351,0.40583,10.00
0.173810,4.625869,-0.440876,0.40896,10.00
0.173820,4.586127,-0.406686,0.41213,10.00
0.173830,4.548324,-0.364954,0.41533,10.00
0.173840,4.512785,-0.315911,0.41853,10.00
0.173850,4.479739,-0.259850,0.42171,10.00
0.173860,4.449227,-0.197076,0.42486,10.00
0.173870,4.421877,-0.127964,0.42795,10.00
0.173880,4.397948,-0.052969,0.43094,10.00
0.173890,4.377680,0.027403,0.43383,10.00
0.173900,4.361351,0.112601,0.43657,10.00
0.173910,4.349350,0.201996,0.43915,10.00
0.173920,4.341559,0.294930,0.44154,10.00
0.173930,4.338100,0.390733,0.44374,10.00
0.173940,4.339066,0.488705,0.44572,10.00
0.173950,4.344634,0.588121,0.44747,10.00
0.173960,4.355187,0.688179,0.44894,10.00
0.173970,4.370231,0.788080,0.45015,10.00
0.173980,4.389717,0.887057,0.45109,10.00
0.173990,4.413562,0.984340,0.45174,10.00
0.174000,4.441201,1.079163,0.45211,10.00
0.174010,4.471149,1.170985,0.45229,10.00
0.174020,4.505033,1.259212,0.45218,10.00
0.174030,4.542652,1.343124,0.45178,10.00
0.174040,4.583772,1.422025,0.45108,10.00
0.174050,4.628163,1.495250,0.45009,10.00
0.174060,4.675622,1.562154,0.44880,10.00
0.174070,4.725714,1.622138,0.44724,10.00
0.174080,4.778100,1.674658,0.44540,10.00
0.174090,4.832415,1.719219,0.44330,10.00
0.174100,4.888491,1.755382,0.44096,10.00
0.174110,4.946563,1.782664,0.43833,10.00
0.174120,5.005357,1.800677,0.43549,10.00
0.174130,5.064444,1.809168,0.43245,10.00
0.174140,5.123383,1.807954,0.42923,10.00
0.174150,5.181883,1.796924,0.42587,10.00
0.174160,5.239944,1.775966,0.42234,10.00
0.174170,5.296520,1.745069,0.41870,10.00
0.174180,5.351169,1.704346,0.41499,10.00
0.174190,5.403459,1.653983,0.41124,10.00
0.174200,5.452695,1.594245,0.40746,10.00
0.174210,5.497651,1.525605,0.40377,10.00
0.174220,5.539058,1.448564,0.40012,10.00
0.174230,5.576564,1.363605,0.39654,10.00
0.174240,5.609843,1.271276,0.39306,10.00
0.174250,5.638705,1.172191,0.38971,10.00
0.174260,5.663207,1.066966,0.38649,10.00
0.174270,5.682674,0.956292,0.38345,10.00
0.174280,5.696900,0.840942,0.38062,10.00
0.174290,5.705720,0.721739,0.37802,10.00
0.174300,5.709208,0.599540,0.37568,10.00
0.174310,5.707876,0.475141,0.37356,10.00
0.174320,5.700867,0.349397,0.37174,10.00
0.174330,5.688169,0.223247,0.37023,10.00
0.174340,5.669817,0.097646,0.36905,10.00
0.174350,5.645847,-0.026446,0.36821,10.00
0.174360,5.616259,-0.148045,0.36773,10.00
0.174370,5.581379,-0.266185,0.36761,10.00
0.174380,5.541413,-0.379925,0.36786,10.00
0.174390,5.496610,-0.488347,0.36848,10.00
0.174400,5.449167,-0.500000,0.36940,10.00
0.174410,5.400464,-0.500000,0.37055,10.00
0.174420,5.351983,-0.500000,0.37183,10.00
0.174430,5.303721,-0.500000,0.37325,10.00
0.174440,5.255679,-0.500000,0.37480,10.00
0.174450,5.208261,-0.500000,0.37648,10.00
0.174460,5.162683,-0.500000,0.37819,10.00
0.174470,5.117312,-0.500000,0.38003,10.00
0.174480,5.072146,-0.500000,0.38199,10.00
0.174490,5.027186,-0.500000,0.38408,10.00
0.174500,4.982523,-0.500000,0.38629,10.00
0.174510,4.938440,-0.500000,0.38861,10.00
0.174520,4.894556,-0.500000,0.39104,10.00
0.174530,4.850872,-0.500000,0.39359,10.00
0.174540,4.807386,-0.500000,0.39627,10.00
0.174550,4.763952,-0.498465,0.39907,10.00
0.174560,4.720305,-0.489639,0.40202,10.00
0.174570,4.677472,-0.472930,0.40506,10.00
0.174580,4.635805,-0.448376,0.40817,10.00
0.174590,4.595653,-0.416075,0.41134,10.00
0.174600,4.557099,-0.376187,0.41453,10.00
0.174610,4.519712,-0.328804,0.41780,10.00
0.174620,4.484845,-0.274119,0.42105,10.00
0.174630,4.452808,-0.212467,0.42427,10.00
0.174640,4.423894,-0.144238,0.42742,10.00
0.174650,4.398560,-0.069877,0.43049,10.00
0.174660,4.377602,0.010029,0.43341,10.00
0.174670,4.360501,0.094874,0.43619,10.00
0.174680,4.347447,0.184067,0.43882,10.00
0.174690,4.338603,0.276974,0.44127,10.00
0.174700,4.334241,0.372929,0.44353,10.00
0.174710,4.334879,0.471165,0.44554,10.00
0.174720,4.340015,0.570910,0.44732,10.00
0.174730,4.349676,0.671418,0.44885,10.00
0.174740,4.363857,0.771928,0.45013,10.00
0.174750,4.382089,0.871669,0.45112,10.00
0.174760,4.403027,0.970073,0.45195,10.00
0.174770,4.428283,1.066509,0.45249,10.00
0.174780,4.457729,1.160214,0.45274,10.00
0.174790,4.491201,1.250437,0.45270,10.00
0.174800,4.528738,1.336444,0.45235,10.00
0.174810,4.570817,1.417411,0.45165,10.00
0.174820,4.616223,1.492580,0.45064,10.00
0.174830,4.664660,1.561303,0.44934,10.00
0.174840,4.715805,1.622975,0.44776,10.00
0.174850,4.769391,1.677037,0.44589,10.00
0.174860,4.825282,1.722944,0.44374,10.00
0.174870,4.882768,1.760216,0.44134,10.00
0.174880,4.941440,1.788463,0.43869,10.00
0.174890,5.000874,1.807356,0.43583,10.00
0.174900,5.060614,1.816635,0.43277,10.00
0.174910,5.120159,1.816118,0.42954,10.00
0.174920,5.179140,1.805695,0.42615,10.00
0.174930,5.237110,1.785320,0.42263,10.00
0.174940,5.293622,1.755027,0.41901,10.00
0.174950,5.348243,1.714922,0.41531,10.00
0.174960,5.400564,1.665186,0.41156,10.00
0.174970,5.450134,1.606076,0.40780,10.00
0.174980,5.496550,1.537926,0.40403,10.00
0.174990,5.539427,1.461142,0.40031,10.00
0.175000,5.578386,1.376203,0.39666,10.00
0.175010,5.613048,1.283662,0.39310,10.00
0.175020,5.643160,1.184133,0.38967,10.00
0.175030,5.668446,1.078289,0.38640,10.00
0.175040,5.688660,0.966856,0.38331,10.00
0.175050,5.703413,0.850614,0.38042,10.00
0.175060,5.712003,0.730475,0.37781,10.00
0.175070,5.715019,0.607362,0.37547,10.00
0.175080,5.712375,0.482175,0.37340,10.00
0.175090,5.704029,0.355842,0.37163,10.00
0.175100,5.690213,0.229309,0.37018,10.00
0.175110,5.671665,0.103423,0.36900,10.00
0.175120,5.647527,-0.020925,0.36816,10.00
0.175130,5.617921,-0.142772,0.36768,10.00
0.175140,5.583012,-0.261161,0.36756,10.00
0.175150,5.542911,-0.375149,0.36781,10.00
0.175160,5.497583,-0.483770,0.36845,10.00
0.175170,5.449776,-0.500000,0.36940,10.00
0.175180,5.402186,-0.500000,0.37049,10.00
0.175190,5.354812,-0.500000,0.37171,10.00
0.175200,5.307713,-0.500000,0.37307,10.00
0.175210,5.261066,-0.500000,0.37453,10.00
0.175220,5.214630,-0.500000,0.37613,10.00
0.175230,5.168405,-0.500000,0.37785,10.00
0.175240,5.122390,-0.500000,0.37971,10.00
0.175250,5.076617,-0.500000,0.38169,10.00
0.175260,5.031186,-0.500000,0.38379,10.00
0.175270,4.985960,-0.500000,0.38601,10.00
0.175280,4.940940,-0.500000,0.38836,10.00
0.175290,4.896123,-0.500000,0.39083,10.00
0.175300,4.851324,-0.500000,0.39343,10.00
0.175310,4.805983,-0.500000,0.39620,10.00
0.175320,4.760874,-0.498308,0.39910,10.00
0.175330,4.716243,-0.489057,0.40210,10.00
0.175340,4.672454,-0.471756,0.40521,10.00
0.175350,4.629809,-0.446445,0.40838,10.00
0.175360,4.588489,-0.413197,0.41163,10.00
0.175370,4.549078,-0.372156,0.41490,10.00
0.175380,4.511915,-0.323548,0.41818,10.00
0.175390,4.477325,-0.267655,0.42144,10.00
0.175400,4.445732,-0.204821,0.42467,10.00
0.175410,4.417762,-0.135501,0.42780,10.00
0.175420,4.393229,-0.060186,0.43083,10.00
0.175430,4.372376,0.020617,0.43376,10.00
0.175440,4.355420,0.106354,0.43655,10.00
0.175450,4.342446,0.196426,0.43919,10.00
0.175460,4.333299,0.290246,0.44167,10.00
0.175470,4.328538,0.387173,0.44396,10.00
0.175480,4.328264,0.486503,0.44604,10.00
0.175490,4.332546,0.587502,0.44788,10.00
0.175500,4.341862,0.689417,0.44947,10.00
0.175510,4.357532,0.791263,0.45069,10.00
0.175520,4.377728,0.892115,0.45163,10.00
0.175530,4.402362,0.991189,0.45228,10.00
0.175540,4.431313,1.087702,0.45264,10.00
0.175550,4.464054,1.180885,0.45269,10.00
0.175560,4.499292,1.270161,0.45253,10.00
0.175570,4.538301,1.354919,0.45208,10.00
0.175580,4.580839,1.434454,0.45132,10.00
0.175590,4.626634,1.508092,0.45026,10.00
0.175600,4.675405,1.575198,0.44892,10.00
0.175610,4.726880,1.635168,0.44728,10.00
0.175620,4.780634,1.687450,0.44537,10.00
0.175630,4.836296,1.731548,0.44320,10.00
0.175640,4.893473,1.767023,0.44077,10.00
0.175650,4.951806,1.793498,0.43812,10.00
0.175660,5.011025,1.810633,0.43524,10.00
0.175670,5.070492,1.818165,0.43216,10.00
0.175680,5.129765,1.815918,0.42891,10.00
0.175690,5.188398,1.803786,0.42551,10.00
0.175700,5.246150,1.781739,0.42198,10.00
0.175710,5.303190,1.749723,0.41831,10.00
0.175720,5.358248,1.707790,0.41456,10.00
0.175730,5.410888,1.656138,0.41076,10.00
0.175740,5.460686,1.595039,0.40695,10.00
0.175750,5.507099,1.524841,0.40315,10.00
0.175760,5.549326,1.446033,0.39943,10.00
0.175770,5.587565,1.359154,0.39578,10.00
0.175780,5.621481,1.264764,0.39223,10.00
0.175790,5.650770,1.163491,0.38882,10.00
0.175800,5.674994,1.056019,0.38557,10.00
0.175810,5.693419,0.943171,0.38255,10.00
0.175820,5.706513,0.825792,0.37974,10.00
0.175830,5.714118,0.704721,0.37717,10.00
0.175840,5.716116,0.580832,0.37487,10.00
0.175850,5.712629,0.455034,0.37285,10.00
0.175860,5.704221,0.328164,0.37109,10.00
0.175870,5.690086,0.201107,0.36964,10.00
0.175880,5.670268,0.074827,0.36853,10.00
0.175890,5.644854,-0.049705,0.36776,10.00
0.175900,5.613756,-0.171521,0.36735,10.00
0.175910,5.576489,-0.289556,0.36737,10.00
0.175920,5.534164,-0.402795,0.36775,10.00
0.175930,5.487139,-0.500000,0.36851,10.00
0.175940,5.438774,-0.500000,0.36953,10.00
0.175950,5.390694,-0.500000,0.37068,10.00
0.175960,5.343091,-0.500000,0.37195,10.00
0.175970,5.295703,-0.500000,0.37335,10.00
0.175980,5.248531,-0.500000,0.37488,10.00
0.175990,5.201573,-0.500000,0.37654,10.00
0.176000,5.154952,-0.500000,0.37833,10.00
0.176010,5.109040,-0.500000,0.38022,10.00
0.176020,5.063336,-0.500000,0.38223,10.00
0.176030,5.017839,-0.500000,0.38438,10.00
0.176040,4.972549,-0.500000,0.38664,10.00
0.176050,4.927262,-0.500000,0.38904,10.00
0.176060,4.881375,-0.500000,0.39161,10.00
0.176070,4.835695,-0.500000,0.39430,10.00
0.176080,4.790223,-0.500000,0.39713,10.00
0.176090,4.745035,-0.496055,0.40007,10.00
0.176100,4.700657,-0.484033,0.40313,10.00
0.176110,4.658062,-0.464031,0.40622,10.00
0.176120,4.616783,-0.436180,0.40937,10.00
0.176130,4.577166,-0.400602,0.41257,10.00
0.176140,4.539549,-0.357479,0.41578,10.00
0.176150,4.504120,-0.307057,0.41900,10.00
0.176160,4.470776,-0.249568,0.42222,10.00
0.176170,4.440377,-0.185325,0.42540,10.00
0.176180,4.413205,-0.114743,0.42850,10.00
0.176190,4.389521,-0.038286,0.43151,10.00
0.176200,4.369350,0.043529,0.43440,10.00
0.176210,4.352273,0.130239,0.43721,10.00
0.176220,4.339330,0.221308,0.43986,10.00
0.176230,4.330680,0.316088,0.44233,10.00
0.176240,4.326455,0.413899,0.44460,10.00
0.176250,4.326992,0.514027,0.44665,10.00
0.176260,4.333066,0.615617,0.44841,10.00
0.176270,4.343741,0.717831,0.44991,10.00
0.176280,4.359003,0.819894,0.45114,10.00
0.176290,4.378805,0.921020,0.45210,10.00
0.176300,4.402973,1.020424,0.45276,10.00
0.176310,4.431123,1.117366,0.45316,10.00
0.176320,4.463459,1.211103,0.45325,10.00
0.176330,4.499796,1.300876,0.45304,10.00
0.176340,4.539916,1.385950,0.45252,10.00
0.176350,4.583505,1.465616,0.45170,10.00
0.176360,4.630093,1.539228,0.45060,10.00
0.176370,4.679629,1.606169,0.44920,10.00
0.176380,4.731782,1.665844,0.44752,10.00
0.176390,4.786195,1.717708,0.44556,10.00
0.176400,4.842657,1.761267,0.44334,10.00
0.176410,4.901267,1.796003,0.44082,10.00
0.176420,4.960937,1.821489,0.43807,10.00
0.176430,5.021233,1.837413,0.43511,10.00
0.176440,5.081711,1.843536,0.43195,10.00
0.176450,5.141928,1.839690,0.42861,10.00
0.176460,5.201448,1.825775,0.42513,10.00
0.176470,5.259790,1.801772,0.42153,10.00
0.176480,5.316506,1.767738,0.41782,10.00
0.176490,5.371150,1.723807,0.41405,10.00
0.176500,5.423347,1.670192,0.41024,10.00
0.176510,5.472851,1.607152,0.40641,10.00
0.176520,5.519021,1.535033,0.40259,10.00
0.176530,5.561473,1.454270,0.39882,10.00
0.176540,5.599844,1.365371,0.39513,10.00
0.176550,5.633613,1.268913,0.39154,10.00
0.176560,5.661917,1.165628,0.38814,10.00
0.176570,5.685238,1.056277,0.38491,10.00
0.176580,5.703345,0.941617,0.38187,10.00
0.176590,5.716041,0.822457,0.37906,10.00
0.176600,5.723360,0.699647,0.37649,10.00
0.176610,5.725745,0.573986,0.37414,10.00
0.176620,5.722361,0.446333,0.37207,10.00
0.176630,5.713168,0.317635,0.37032,10.00
0.176640,5.698172,0.188858,0.36888,10.00
0.176650,5.677456,0.060981,0.36779,10.00
0.176660,5.651212,-0.065031,0.36705,10.00
0.176670,5.619445,-0.188205,0.36666,10.00
0.176680,5.582332,-0.307572,0.36665,10.00
0.176690,5.540099,-0.422178,0.36702,10.00
0.176700,5.493344,-0.500000,0.36775,10.00
0.176710,5.445738,-0.500000,0.36871,10.00
0.176720,5.398348,-0.500000,0.36981,10.00
0.176730,5.351173,-0.500000,0.37103,10.00
0.176740,5.304212,-0.500000,0.37238,10.00
0.176750,5.257541,-0.500000,0.37386,10.00
0.176760,5.211384,-0.500000,0.37546,10.00
0.176770,5.165437,-0.500000,0.37718,10.00
0.176780,5.119699,-0.500000,0.37902,10.00
0.176790,5.074168,-0.500000,0.38100,10.00
0.176800,5.028802,-0.500000,0.38310,10.00
0.176810,4.983475,-0.500000,0.38534,10.00
0.176820,4.938354,-0.500000,0.38770,10.00
0.176830,4.893437,-0.500000,0.39018,10.00
0.176840,4.848724,-0.500000,0.39280,10.00
0.176850,4.804255,-0.500000,0.39553,10.00
0.176860,4.760165,-0.498751,0.39838,10.00
0.176870,4.716514,-0.490362,0.40134,10.00
0.176880,4.673658,-0.474072,0.40439,10.00
0.176890,4.631949,-0.449917,0.40752,10.00
0.176900,4.591705,-0.417992,0.41070,10.00
0.176910,4.553165,-0.378436,0.41392,10.00
0.176920,4.516799,-0.331454,0.41714,10.00
0.176930,4.482925,-0.277319,0.42035,10.00
0.176940,4.451849,-0.216363,0.42353,10.00
0.176950,4.424060,-0.148974,0.42664,10.00
0.176960,4.400431,-0.075691,0.42961,10.00
0.176970,4.380383,0.002925,0.43247,10.00
0.176980,4.364124,0.086336,0.43520,10.00
0.176990,4.351841,0.173959,0.43778,10.00
0.177000,4.343345,0.265170,0.44019,10.00
0.177010,4.337738,0.359481,0.44249,10.00
0.177020,4.336506,0.456316,0.44458,10.00
0.177030,4.339726,0.554963,0.44645,10.00
0.177040,4.347439,0.654688,0.44809,10.00
0.177050,4.359711,0.754739,0.44946,10.00
0.177060,4.376690,0.854325,0.45056,10.00
0.177070,4.398078,0.952657,0.45138,10.00
0.177080,4.423779,1.048968,0.45191,10.00
0.177090,4.453659,1.142495,0.45216,10.00
0.177100,4.487693,1.232486,0.45210,10.00
0.177110,4.526094,1.318142,0.45171,10.00
0.177120,4.568070,1.398708,0.45102,10.00
0.177130,4.613357,1.473505,0.45003,10.00
0.177140,4.661660,1.541889,0.44874,10.00
0.177150,4.712674,1.603257,0.44717,10.00
0.177160,4.766105,1.657044,0.44532,10.00
0.177170,4.821516,1.702739,0.44321,10.00
0.177180,4.878517,1.739891,0.44084,10.00
0.177190,4.936704,1.768112,0.43823,10.00
0.177200,4.995590,1.787073,0.43541,10.00
0.177210,5.054550,1.796546,0.43241,10.00
0.177220,5.113410,1.796362,0.42923,10.00
0.177230,5.171729,1.786402,0.42589,10.00
0.177240,5.229063,1.766619,0.42243,10.00
0.177250,5.285178,1.737043,0.41886,10.00
0.177260,5.340245,1.697678,0.41517,10.00
0.177270,5.393012,1.648636,0.41142,10.00
0.177280,5.443057,1.590170,0.40765,10.00
0.177290,5.489973,1.522609,0.40388,10.00
0.177300,5.533226,1.446353,0.40016,10.00
0.177310,5.572014,1.361948,0.39653,10.00
0.177320,5.606588,1.269981,0.39300,10.00
0.177330,5.636641,1.171060,0.38959,10.00
0.177340,5.661896,1.065851,0.38634,10.00
0.177350,5.681867,0.955077,0.38327,10.00
0.177360,5.695631,0.839629,0.38046,10.00
0.177370,5.703987,0.720405,0.37789,10.00
0.177380,5.706814,0.598266,0.37558,10.00
0.177390,5.704028,0.474106,0.37354,10.00
0.177400,5.695764,0.348844,0.37180,10.00
0.177410,5.682549,0.223333,0.37033,10.00
0.177420,5.663712,0.098468,0.36919,10.00
0.177430,5.639336,-0.024793,0.36839,10.00
0.177440,5.609545,-0.145494,0.36795,10.00
0.177450,5.574389,-0.262686,0.36786,10.00
0.177460,5.533736,-0.375380,0.36817,10.00
0.177470,5.488299,-0.482626,0.36884,10.00
0.177480,5.440356,-0.500000,0.36983,10.00
0.177490,5.392631,-0.500000,0.37095,10.00
0.177500,5.345231,-0.500000,0.37221,10.00
0.177510,5.298479,-0.500000,0.37357,10.00
0.177520,5.251938,-0.500000,0.37506,10.00
0.177530,5.205609,-0.500000,0.37668,10.00
0.177540,5.159490,-0.500000,0.37842,10.00
0.177550,5.113437,-0.500000,0.38030,10.00
0.177560,5.067026,-0.500000,0.38234,10.00
0.177570,5.020825,-0.500000,0.38450,10.00
0.177580,4.974834,-0.500000,0.38680,10.00
0.177590,4.929051,-0.500000,0.38922,10.00
0.177600,4.883449,-0.500000,0.39177,10.00
0.177610,4.837942,-0.500000,0.39445,10.00
0.177620,4.792643,-0.500000,0.39726,10.00
0.177630,4.747624,-0.496156,0.40019,10.00
0.177640,4.703203,-0.484270,0.40323,10.00
0.177650,4.659875,-0.464341,0.40635,10.00
0.177660,4.618397,-0.436494,0.40951,10.00
0.177670,4.578582,-0.400893,0.41272,10.00
0.177680,4.540770,-0.357723,0.41594,10.00
0.177690,4.505289,-0.307226,0.41916,10.00
0.177700,4.472517,-0.249703,0.42235,10.00
0.177710,4.442941,-0.185546,0.42548,10.00
0.177720,4.416581,-0.115187,0.42853,10.00
0.177730,4.393691,-0.039094,0.43149,10.00
0.177740,4.374501,0.042218,0.43433,10.00
0.177750,4.359088,0.128187,0.43703,10.00
0.177760,4.347249,0.218272,0.43960,10.00
0.177770,4.339649,0.311873,0.44200,10.00
0.177780,4.336410,0.408314,0.44419,10.00
0.177790,4.337622,0.506891,0.44616,10.00
0.177800,4.343373,0.606872,0.44790,10.00
0.177810,4.353776,0.707495,0.44939,10.00
0.177820,4.368697,0.807986,0.45061,10.00
0.177830,4.388088,0.907573,0.45155,10.00
0.177840,4.411867,1.005481,0.45222,10.00
0.177850,4.440116,1.100942,0.45259,10.00
0.177860,4.473279,1.193096,0.45261,10.00
0.177870,4.510364,1.281133,0.45233,10.00
0.177880,4.551146,1.364327,0.45175,10.00
0.177890,4.595369,1.441982,0.45087,10.00
0.177900,4.642828,1.513435,0.44968,10.00
0.177910,4.693447,1.578024,0.44819,10.00
0.177920,4.746566,1.635144,0.44642,10.00
0.177930,4.801820,1.684266,0.44437,10.00
0.177940,4.858822,1.724914,0.44206,10.00
0.177950,4.916686,1.756673,0.43951,10.00
0.177960,4.973550,1.779423,0.43685,10.00
0.177970,5.030941,1.793035,0.43400,10.00
0.177980,5.088435,1.797292,0.43096,10.00
0.177990,5.145602,1.792045,0.42776,10.00
0.178000,5.202100,1.777215,0.42443,10.00
0.178010,5.257758,1.752754,0.42096,10.00
0.178020,5.311793,1.718700,0.41740,10.00
0.178030,5.363779,1.675194,0.41378,10.00
0.178040,5.413302,1.622449,0.41013,10.00
0.178050,5.460021,1.560754,0.40647,10.00
0.178060,5.503722,1.490439,0.40282,10.00
0.178070,5.543810,1.411914,0.39921,10.00
0.178080,5.579940,1.325676,0.39569,10.00
0.178090,5.611797,1.232286,0.39227,10.00
0.178100,5.639319,1.132367,0.38899,10.00
0.178110,5.662922,1.026488,0.38582,10.00
0.178120,5.681467,0.915309,0.38283,10.00
0.178130,5.694757,0.799610,0.38005,10.00
0.178140,5.702634,0.680216,0.37750,10.00
0.178150,5.704793,0.557990,0.37522,10.00
0.178160,5.700602,0.433916,0.37326,10.00
0.178170,5.690775,0.308975,0.37160,10.00
0.178180,5.675321,0.184106,0.37027,10.00
0.178190,5.654296,0.060261,0.36926,10.00
0.178200,5.627831,-0.061606,0.36860,10.00
0.178210,5.596161,-0.180561,0.36828,10.00
0.178220,5.559340,-0.295674,0.36833,10.00
0.178230,5.517589,-0.406023,0.36874,10.00
0.178240,5.471269,-0.500000,0.36951,10.00
0.178250,5.423327,-0.500000,0.37054,10.00
0.178260,5.374231,-0.500000,0.37179,10.00
0.178270,5.325358,-0.500000,0.37317,10.00
0.178280,5.276706,-0.500000,0.37469,10.00
0.178290,5.228275,-0.500000,0.37634,10.00
0.178300,5.180196,-0.500000,0.37812,10.00
0.178310,5.132861,-0.500000,0.38001,10.00
0.178320,5.085742,-0.500000,0.38202,10.00
0.178330,5.038836,-0.500000,0.38417,10.00
0.178340,4.992144,-0.500000,0.38645,10.00
0.178350,4.946037,-0.500000,0.38885,10.00
0.178360,4.901632,-0.500000,0.39129,10.00
0.178370,4.857428,-0.500000,0.39385,10.00
0.178380,4.813425,-0.500000,0.39653,10.00
0.178390,4.769642,-0.498615,0.39934,10.00
0.178400,4.725929,-0.490068,0.40225,10.00
0.178410,4.681519,-0.473524,0.40536,10.00
0.178420,4.638282,-0.448898,0.40854,10.00
0.178430,4.596576,-0.416286,0.41178,10.00
0.178440,4.556753,-0.375843,0.41505,10.00
0.178450,4.519448,-0.327789,0.41833,10.00
0.178460,4.485863,-0.272545,0.42152,10.00
0.178470,4.455122,-0.210546,0.42466,10.00
0.178480,4.427508,-0.142187,0.42774,10.00
0.178490,4.403284,-0.067918,0.43074,10.00
0.178500,4.382797,0.011763,0.43362,10.00
0.178510,4.366585,0.096256,0.43634,10.00
0.178520,4.354396,0.184936,0.43891,10.00
0.178530,4.346385,0.277173,0.44130,10.00
0.178540,4.342676,0.372302,0.44349,10.00
0.178550,4.343181,0.469628,0.44548,10.00
0.178560,4.347412,0.568522,0.44728,10.00
0.178570,4.356139,0.668302,0.44883,10.00
0.178580,4.369359,0.768216,0.45013,10.00
0.178590,4.387038,0.867498,0.45117,10.00
0.178600,4.409324,0.965382,0.45192,10.00
0.178610,4.436762,1.060993,0.45233,10.00
0.178620,4.468331,1.153503,0.45245,10.00
0.178630,4.503853,1.242164,0.45226,10.00
0.178640,4.543114,1.326250,0.45178,10.00
0.178650,4.585874,1.405060,0.45099,10.00
0.178660,4.631871,1.477926,0.44991,10.00
0.178670,4.680788,1.544214,0.44854,10.00
0.178680,4.732298,1.603336,0.44689,10.00
0.178690,4.786049,1.654751,0.44496,10.00
0.178700,4.841482,1.697970,0.44277,10.00
0.178710,4.897656,1.732651,0.44038,10.00
0.178720,4.954908,1.758482,0.43777,10.00
0.178730,5.012825,1.775156,0.43494,10.00
0.178740,5.070980,1.782431,0.43193,10.00
0.178750,5.128744,1.780136,0.42874,10.00
0.178760,5.185097,1.768264,0.42546,10.00
0.178770,5.240394,1.746850,0.42206,10.00
0.178780,5.294211,1.715938,0.41857,10.00
0.178790,5.346125,1.675647,0.41501,10.00
0.178800,5.395712,1.626168,0.41141,10.00
0.178810,5.442540,1.567768,0.40779,10.00
0.178820,5.486271,1.500786,0.40419,10.00
0.178830,5.526539,1.425627,0.40063,10.00
0.178840,5.563003,1.342760,0.39715,10.00
0.178850,5.595511,1.252723,0.39376,10.00
0.178860,5.624267,1.156031,0.39045,10.00
0.178870,5.648338,1.053285,0.38730,10.00
0.178880,5.667489,0.945191,0.38432,10.00
0.178890,5.681522,0.832507,0.38155,10.00
0.178900,5.690237,0.716033,0.37900,10.00
0.178910,5.693405,0.596627,0.37671,10.00
0.178920,5.691082,0.475170,0.37470,10.00
0.178930,5.683225,0.352563,0.37297,10.00
0.178940,5.669830,0.229724,0.37155,10.00
0.178950,5.650891,0.107584,0.37045,10.00
0.178960,5.626351,-0.012897,0.36970,10.00
0.178970,5.596523,-0.130768,0.36929,10.00
0.178980,5.561576,-0.245098,0.36924,10.00
0.178990,5.521718,-0.354978,0.36955,10.00
0.179000,5.477298,-0.459516,0.37022,10.00
0.179010,5.429958,-0.500000,0.37119,10.00
0.179020,5.382645,-0.500000,0.37233,10.00
0.179030,5.335547,-0.500000,0.37359,10.00
0.179040,5.288663,-0.500000,0.37499,10.00
0.179050,5.242142,-0.500000,0.37651,10.00
0.179060,5.196435,-0.500000,0.37813,10.00
0.179070,5.150935,-0.500000,0.37987,10.00
0.179080,5.105642,-0.500000,0.38174,10.00
0.179090,5.060554,-0.500000,0.38373,10.00
0.179100,5.015457,-0.500000,0.38585,10.00
0.179110,4.969714,-0.500000,0.38815,10.00
0.179120,4.924178,-0.500000,0.39057,10.00
0.179130,4.878849,-0.500000,0.39312,10.00
0.179140,4.833725,-0.500000,0.39580,10.00
0.179150,4.788863,-0.499791,0.39860,10.00
0.179160,4.744555,-0.494008,0.40151,10.00
0.179170,4.700927,-0.480299,0.40452,10.00
0.179180,4.658335,-0.458680,0.40761,10.00
0.179190,4.617131,-0.429224,0.41076,10.00
0.179200,4.577686,-0.392067,0.41395,10.00
0.179210,4.540412,-0.347417,0.41714,10.00
0.179220,4.505532,-0.295536,0.42033,10.00
0.179230,4.473353,-0.236737,0.42349,10.00
0.179240,4.444168,-0.171390,0.42660,10.00
0.179250,4.418239,-0.099918,0.42963,10.00
0.179260,4.395785,-0.022791,0.43256,10.00
0.179270,4.377075,0.059469,0.43537,10.00
0.179280,4.362308,0.146293,0.43804,10.00
0.179290,4.351658,0.237071,0.44054,10.00
0.179300,4.345265,0.331154,0.44285,10.00
0.179310,4.343235,0.427862,0.44497,10.00
0.179320,4.345657,0.526486,0.44686,10.00
0.179330,4.352577,0.626294,0.44851,10.00
0.179340,4.364009,0.726535,0.44992,10.00
0.179350,4.380027,0.826446,0.45106,10.00
0.179360,4.400864,0.925212,0.45189,10.00
0.179370,4.426037,1.022030,0.45245,10.00
0.179380,4.455417,1.116136,0.45271,10.00
0.179390,4.488842,1.206775,0.45267,10.00
0.179400,4.526004,1.293210,0.45233,10.00
0.179410,4.566343,1.374784,0.45173,10.00
0.179420,4.610052,1.450847,0.45082,10.00
0.179430,4.656848,1.520750,0.44963,10.00
0.179440,4.706422,1.583883,0.44814,10.00
0.179450,4.758806,1.639677,0.44639,10.00
0.179460,4.814742,1.687439,0.44427,10.00
0.179470,4.872358,1.726582,0.44189,10.00
0.179480,4.931244,1.756702,0.43927,10.00
0.179490,4.990976,1.777456,0.43642,10.00
0.179500,5.050811,1.788568,0.43337,10.00
0.179510,5.109397,1.789982,0.43022,10.00
0.179520,5.167517,1.781665,0.42691,10.00
0.179530,5.224729,1.763560,0.42346,10.00
0.179540,5.280594,1.735683,0.41991,10.00
0.179550,5.334698,1.698126,0.41628,10.00
0.179560,5.386679,1.651043,0.41259,10.00
0.179570,5.436034,1.594669,0.40888,10.00
0.179580,5.482361,1.529318,0.40516,10.00
0.179590,5.525278,1.455377,0.40148,10.00
0.179600,5.564399,1.373303,0.39786,10.00
0.179610,5.599319,1.283630,0.39434,10.00
0.179620,5.629820,1.186956,0.39093,10.00
0.179630,5.655620,1.083929,0.38767,10.00
0.179640,5.676472,0.975256,0.38459,10.00
0.179650,5.692113,0.861694,0.38170,10.00
0.179660,5.702213,0.744072,0.37905,10.00
0.179670,5.706841,0.623250,0.37665,10.00
0.179680,5.705900,0.500110,0.37452,10.00
0.179690,5.699334,0.375559,0.37268,10.00
0.179700,5.686946,0.250528,0.37115,10.00
0.179710,5.668219,0.126051,0.36999,10.00
0.179720,5.643968,0.003140,0.36917,10.00
0.179730,5.614316,-0.117250,0.36871,10.00
0.179740,5.579427,-0.234173,0.36860,10.00
0.179750,5.539525,-0.346697,0.36885,10.00
0.179760,5.494910,-0.453921,0.36947,10.00
0.179770,5.446757,-0.500000,0.37043,10.00
0.179780,5.398548,-0.500000,0.37156,10.00
0.179790,5.350559,-0.500000,0.37282,10.00
0.179800,5.302910,-0.500000,0.37422,10.00
0.179810,5.255972,-0.500000,0.37572,10.00
0.179820,5.209247,-0.500000,0.37734,10.00
0.179830,5.162734,-0.500000,0.37910,10.00
0.179840,5.116432,-0.500000,0.38098,10.00
0.179850,5.070647,-0.500000,0.38300,10.00
0.179860,5.026291,-0.500000,0.38506,10.00
0.179870,4.982136,-0.500000,0.38724,10.00
0.179880,4.938182,-0.500000,0.38955,10.00
0.179890,4.894427,-0.500000,0.39198,10.00
0.179900,4.850599,-0.500000,0.39453,10.00
0.179910,4.805883,-0.500000,0.39726,10.00
0.179920,4.761415,-0.497403,0.40013,10.00
0.179930,4.717476,-0.487029,0.40310,10.00
0.179940,4.674423,-0.468727,0.40616,10.00
0.179950,4.632845,-0.442548,0.40929,10.00
0.179960,4.593788,-0.408713,0.41241,10.00
0.179970,4.556646,-0.367470,0.41555,10.00
0.179980,4.521740,-0.319049,0.41870,10.00
0.179990,4.489379,-0.263737,0.42181,10.00
0.180000,4.459398,-0.201877,0.42489,10.00
0.180010,4.430714,-0.133646,0.42801,10.00
0.180020,4.405422,-0.059345,0.43105,10.00
0.180030,4.383770,0.020529,0.43398,10.00
0.180040,4.365980,0.105431,0.43678,10.00
0.180050,4.352333,0.194770,0.43943,10.00
0.180060,4.343257,0.287871,0.44188,10.00
0.180070,4.338531,0.384039,0.44414,10.00
0.180080,4.338258,0.482574,0.44618,10.00
0.180090,4.342504,0.582748,0.44800,10.00
0.180100,4.351413,0.683815,0.44956,10.00
0.180110,4.365312,0.784957,0.45084,10.00
0.180120,4.383719,0.885365,0.45185,10.00
0.180130,4.406561,0.984260,0.45258,10.00
0.180140,4.433726,1.080868,0.45301,10.00
0.180150,4.465356,1.174420,0.45315,10.00
0.180160,4.502117,1.264024,0.45291,10.00
0.180170,4.542650,1.348855,0.45236,10.00
0.180180,4.586701,1.428204,0.45152,10.00
0.180190,4.633987,1.501397,0.45037,10.00
0.180200,4.683776,1.567796,0.44892,10.00
0.180210,4.734479,1.627014,0.44730,10.00
0.180220,4.787434,1.678645,0.44541,10.00
0.180230,4.842273,1.722200,0.44325,10.00
0.180240,4.898609,1.757247,0.44086,10.00
0.180250,4.956238,1.783412,0.43823,10.00
0.180260,5.015337,1.800288,0.43534,10.00
0.180270,5.074673,1.807567,0.43226,10.00
0.180280,5.133804,1.805074,0.42900,10.00
0.180290,5.192285,1.792707,0.42560,10.00
0.180300,5.249529,1.770437,0.42207,10.00
0.180310,5.304674,1.738378,0.41848,10.00
0.180320,5.357852,1.696701,0.41482,10.00
0.180330,5.408640,1.645602,0.41112,10.00
0.180340,5.456629,1.585355,0.40741,10.00
0.180350,5.501385,1.516306,0.40371,10.00
0.180360,5.542419,1.438889,0.40007,10.00
0.180370,5.579537,1.353605,0.39650,10.00
0.180380,5.612417,1.261006,0.39303,10.00
0.180390,5.640760,1.161706,0.38970,10.00
0.180400,5.664631,1.056378,0.38652,10.00
0.180410,5.684768,0.945592,0.38344,10.00
0.180420,5.699655,0.830018,0.38057,10.00
0.180430,5.709119,0.710476,0.37793,10.00
0.180440,5.713029,0.587827,0.37554,10.00
0.180450,5.711100,0.462965,0.37344,10.00
0.180460,5.702713,0.336907,0.37167,10.00
0.180470,5.688635,0.210658,0.37023,10.00
0.180480,5.668911,0.085176,0.36911,10.00
0.180490,5.643626,-0.038574,0.36835,10.00
0.180500,5.612889,-0.159632,0.36793,10.00
0.180510,5.576810,-0.277032,0.36789,10.00
0.180520,5.535690,-0.389831,0.36821,10.00
0.180530,5.489785,-0.497114,0.36891,10.00
0.180540,5.442034,-0.500000,0.36988,10.00
0.180550,5.394489,-0.500000,0.37099,10.00
0.180560,5.347120,-0.500000,0.37224,10.00
0.180570,5.299965,-0.500000,0.37361,10.00
0.180580,5.253024,-0.500000,0.37512,10.00
0.180590,5.206296,-0.500000,0.37675,10.00
0.180600,5.159636,-0.500000,0.37852,10.00
0.180610,5.112608,-0.500000,0.38045,10.00
0.180620,5.065793,-0.500000,0.38251,10.00
0.180630,5.019191,-0.500000,0.38470,10.00
0.180640,4.972800,-0.500000,0.38702,10.00
0.180650,4.926729,-0.500000,0.38947,10.00
0.180660,4.881306,-0.500000,0.39202,10.00
0.180670,4.836089,-0.500000,0.39469,10.00
0.180680,4.791077,-0.500000,0.39749,10.00
0.180690,4.746357,-0.495741,0.40041,10.00
0.180700,4.702267,-0.483485,0.40344,10.00
0.180710,4.659218,-0.463244,0.40655,10.00
0.180720,4.617499,-0.435087,0.40972,10.00
0.180730,4.577459,-0.399137,0.41294,10.00
0.180740,4.539440,-0.355581,0.41617,10.00
0.180750,4.503725,-0.304663,0.41941,10.00
0.180760,4.470489,-0.246665,0.42262,10.00
0.180770,4.440220,-0.181934,0.42579,10.00
0.180780,4.413200,-0.110886,0.42889,10.00
0.180790,4.389686,-0.033993,0.43189,10.00
0.180800,4.370036,0.048227,0.43478,10.00
0.180810,4.354821,0.135148,0.43749,10.00
0.180820,4.343730,0.226120,0.44003,10.00
0.180830,4.336913,0.320494,0.44239,10.00
0.180840,4.334485,0.417587,0.44455,10.00
0.180850,4.336663,0.516688,0.44649,10.00
0.180860,4.343887,0.616997,0.44816,10.00
0.180870,4.355644,0.717719,0.44957,10.00
0.180880,4.371911,0.818086,0.45072,10.00
0.180890,4.392630,0.917324,0.45158,10.00
0.180900,4.417564,1.014659,0.45217,10.00
0.180910,4.446156,1.109392,0.45249,10.00
0.180920,4.478828,1.200812,0.45252,10.00
0.180930,4.515393,1.288179,0.45225,10.00
0.180940,4.555628,1.370774,0.45168,10.00
0.180950,4.599455,1.447905,0.45082,10.00
0.180960,4.647106,1.518831,0.44961,10.00
0.180970,4.697574,1.582877,0.44811,10.00
0.180980,4.750518,1.639468,0.44633,10.00
0.180990,4.805573,1.688078,0.44428,10.00
0.181000,4.862249,1.728237,0.44197,10.00
0.181010,4.919823,1.759584,0.43945,10.00
0.181020,4.978310,1.781806,0.43670,10.00
0.181030,5.037285,1.794618,0.43375,10.00
0.181040,5.096312,1.797806,0.43062,10.00
0.181050,5.155177,1.791226,0.42732,10.00
0.181060,5.214108,1.774697,0.42383,10.00
0.181070,5.271749,1.748148,0.42022,10.00
0.181080,5.327653,1.711657,0.41652,10.00
0.181090,5.381380,1.665379,0.41276,10.00
0.181100,5.432274,1.609543,0.40897,10.00
0.181110,5.479241,1.544569,0.40524,10.00
0.181120,5.522809,1.470910,0.40153,10.00
0.181130,5.562612,1.389021,0.39789,10.00
0.181140,5.598306,1.299423,0.39433,10.00
0.181150,5.629384,1.202703,0.39089,10.00
0.181160,5.654981,1.099602,0.38764,10.00
0.181170,5.675629,0.990891,0.38457,10.00
0.181180,5.691116,0.877327,0.38169,10.00
0.181190,5.701267,0.759713,0.37904,10.00
0.181200,5.706230,0.638897,0.37664,10.00
0.181210,5.706761,0.515618,0.37444,10.00
0.181220,5.701648,0.390693,0.37252,10.00
0.181230,5.690866,0.265051,0.37091,10.00
0.181240,5.674436,0.139638,0.36962,10.00
0.181250,5.652482,0.015411,0.36867,10.00
0.181260,5.625299,-0.106700,0.36805,10.00
0.181270,5.592779,-0.225764,0.36779,10.00
0.181280,5.555109,-0.340837,0.36788,10.00
0.181290,5.512519,-0.450995,0.36835,10.00
0.181300,5.466100,-0.500000,0.36916,10.00
0.181310,5.419060,-0.500000,0.37017,10.00
0.181320,5.372234,-0.500000,0.37132,10.00
0.181330,5.325620,-0.500000,0.37259,10.00
0.181340,5.279218,-0.500000,0.37399,10.00
0.181350,5.233092,-0.500000,0.37552,10.00
0.181360,5.187436,-0.500000,0.37716,10.00
0.181370,5.141987,-0.500000,0.37893,10.00
0.181380,5.096744,-0.500000,0.38082,10.00
0.181390,5.051707,-0.500000,0.38284,10.00
0.181400,5.006819,-0.500000,0.38498,10.00
0.181410,4.961915,-0.500000,0.38726,10.00
0.181420,4.917216,-0.500000,0.38966,10.00
0.181430,4.872719,-0.500000,0.39219,10.00
0.181440,4.828425,-0.500000,0.39485,10.00
0.181450,4.784375,-0.499934,0.39762,10.00
0.181460,4.740809,-0.494925,0.40050,10.00
0.181470,4.697881,-0.482089,0.40348,10.00
0.181480,4.655943,-0.461437,0.40655,10.00
0.181490,4.615344,-0.433036,0.40968,10.00
0.181500,4.576257,-0.397015,0.41284,10.00
0.181510,4.538510,-0.353482,0.41607,10.00
0.181520,4.503110,-0.302626,0.41929,10.00
0.181530,4.470371,-0.244754,0.42248,10.00
0.181540,4.440588,-0.180225,0.42563,10.00
0.181550,4.414111,-0.109458,0.42870,10.00
0.181560,4.391407,-0.032954,0.43166,10.00
0.181570,4.372420,0.048744,0.43450,10.00
0.181580,4.357355,0.135071,0.43719,10.00
0.181590,4.346386,0.225422,0.43972,10.00
0.181600,4.339570,0.319150,0.44207,10.00
0.181610,4.336752,0.415622,0.44424,10.00
0.181620,4.338383,0.514161,0.44619,10.00
0.181630,4.344516,0.614036,0.44791,10.00
0.181640,4.355172,0.714498,0.44938,10.00
0.181650,4.370421,0.814784,0.45058,10.00
0.181660,4.390469,0.914082,0.45149,10.00
0.181670,4.414886,1.011591,0.45211,10.00
0.181680,4.443549,1.106542,0.45244,10.00
0.181690,4.476302,1.198177,0.45248,10.00
0.181700,4.512960,1.285753,0.45221,10.00
0.181710,4.553309,1.368547,0.45164,10.00
0.181720,4.597085,1.445867,0.45078,10.00
0.181730,4.644006,1.517053,0.44961,10.00
0.181740,4.693762,1.581484,0.44816,10.00
0.181750,4.745856,1.638583,0.44643,10.00
0.181760,4.799448,1.687902,0.44447,10.00
0.181770,4.854813,1.729019,0.44225,10.00
0.181780,4.911559,1.761518,0.43979,10.00
0.181790,4.969278,1.785043,0.43711,10.00
0.181800,5.027710,1.799303,0.43422,10.00
0.181810,5.086894,1.803999,0.43111,10.00
0.181820,5.145756,1.798923,0.42783,10.00
0.181830,5.203854,1.783992,0.42441,10.00
0.181840,5.260741,1.759199,0.42087,10.00
0.181850,5.315869,1.724609,0.41724,10.00
0.181860,5.368477,1.680418,0.41358,10.00
0.181870,5.418586,1.626878,0.40988,10.00
0.181880,5.465791,1.564281,0.40618,10.00
0.181890,5.509703,1.492991,0.40249,10.00
0.181900,5.549679,1.413445,0.39887,10.00
0.181910,5.584554,1.326279,0.39539,10.00
0.181920,5.615125,1.232151,0.39202,10.00
0.181930,5.641110,1.131692,0.38880,10.00
0.181940,5.662264,1.025590,0.38574,10.00
0.181950,5.678621,0.914581,0.38288,10.00
0.181960,5.690745,0.799329,0.38017,10.00
0.181970,5.697487,0.680579,0.37770,10.00
0.181980,5.698735,0.559191,0.37548,10.00
0.181990,5.694419,0.436055,0.37355,10.00
0.182000,5.684536,0.312087,0.37192,10.00
0.182010,5.669178,0.188207,0.37059,10.00
0.182020,5.648294,0.065349,0.36960,10.00
0.182030,5.621980,-0.055540,0.36895,10.00
0.182040,5.590377,-0.173517,0.36864,10.00
0.182050,5.553740,-0.287649,0.36870,10.00
0.182060,5.512516,-0.397058,0.36910,10.00
0.182070,5.466673,-0.500000,0.36987,10.00
0.182080,5.419208,-0.500000,0.37090,10.00
0.182090,5.371959,-0.500000,0.37206,10.00
0.182100,5.325087,-0.500000,0.37336,10.00
0.182110,5.279076,-0.500000,0.37474,10.00
0.182120,5.233273,-0.500000,0.37625,10.00
0.182130,5.187679,-0.500000,0.37789,10.00
0.182140,5.142291,-0.500000,0.37965,10.00
0.182150,5.096921,-0.500000,0.38154,10.00
0.182160,5.051002,-0.500000,0.38360,10.00
0.182170,5.005293,-0.500000,0.38579,10.00
0.182180,4.959790,-0.500000,0.38810,10.00
0.182190,4.914494,-0.500000,0.39055,10.00
0.182200,4.869433,-0.500000,0.39311,10.00
0.182210,4.824693,-0.500000,0.39580,10.00
0.182220,4.780161,-0.499546,0.39861,10.00
0.182230,4.736000,-0.492880,0.40153,10.00
0.182240,4.692557,-0.478288,0.40456,10.00
0.182250,4.650011,-0.455792,0.40766,10.00
0.182260,4.608180,-0.425387,0.41087,10.00
0.182270,4.568133,-0.387156,0.41411,10.00
0.182280,4.530210,-0.341302,0.41738,10.00
0.182290,4.494742,-0.288086,0.42063,10.00
0.182300,4.462037,-0.227832,0.42385,10.00
0.182310,4.432377,-0.160914,0.42701,10.00
0.182320,4.406060,-0.087766,0.43010,10.00
0.182330,4.383339,-0.008874,0.43308,10.00
0.182340,4.364445,0.075224,0.43594,10.00
0.182350,4.349622,0.163947,0.43865,10.00
0.182360,4.339170,0.256650,0.44118,10.00
0.182370,4.333063,0.352655,0.44352,10.00
0.182380,4.331415,0.451268,0.44565,10.00
0.182390,4.334301,0.551763,0.44755,10.00
0.182400,4.341793,0.653394,0.44922,10.00
0.182410,4.353972,0.755384,0.45061,10.00
0.182420,4.370715,0.856947,0.45174,10.00
0.182430,4.391960,0.957301,0.45259,10.00
0.182440,4.417610,1.055662,0.45314,10.00
0.182450,4.447426,1.151252,0.45340,10.00
0.182460,4.480916,1.243358,0.45338,10.00
0.182470,4.518322,1.331267,0.45307,10.00
0.182480,4.559416,1.414255,0.45244,10.00
0.182490,4.603938,1.491627,0.45152,10.00
0.182500,4.651653,1.562721,0.45030,10.00
0.182510,4.702404,1.626889,0.44877,10.00
0.182520,4.755634,1.683539,0.44696,10.00
0.182530,4.810975,1.732143,0.44488,10.00
0.182540,4.868039,1.772232,0.44255,10.00
0.182550,4.926500,1.803393,0.43996,10.00
0.182560,4.986166,1.825239,0.43714,10.00
0.182570,5.046291,1.837463,0.43410,10.00
0.182580,5.106430,1.839852,0.43088,10.00
0.182590,5.166134,1.832266,0.42750,10.00
0.182600,5.225210,1.814639,0.42398,10.00
0.182610,5.283982,1.786854,0.42028,10.00
0.182620,5.340949,1.748913,0.41649,10.00
0.182630,5.395664,1.700978,0.41264,10.00
0.182640,5.447689,1.643291,0.40876,10.00
0.182650,5.496427,1.576171,0.40488,10.00
0.182660,5.540953,1.500097,0.40107,10.00
0.182670,5.581594,1.415593,0.39733,10.00
0.182680,5.617999,1.323200,0.39368,10.00
0.182690,5.649847,1.223523,0.39014,10.00
0.182700,5.676706,1.117231,0.38676,10.00
0.182710,5.697908,1.005118,0.38359,10.00
0.182720,5.713788,0.888011,0.38063,10.00
0.182730,5.724165,0.766740,0.37790,10.00
0.182740,5.728901,0.642176,0.37543,10.00
0.182750,5.728160,0.515226,0.37323,10.00
0.182760,5.722674,0.386698,0.37127,10.00
0.182770,5.711359,0.257466,0.36962,10.00
0.182780,5.694236,0.128504,0.36830,10.00
0.182790,5.671370,0.000795,0.36733,10.00
0.182800,5.642787,-0.124674,0.36672,10.00
0.182810,5.608392,-0.246881,0.36650,10.00
0.182820,5.568721,-0.364831,0.36665,10.00
0.182830,5.524017,-0.477573,0.36718,10.00
0.182840,5.476480,-0.500000,0.36804,10.00
0.182850,5.429282,-0.500000,0.36903,10.00
0.182860,5.382812,-0.500000,0.37013,10.00
0.182870,5.336553,-0.500000,0.37135,10.00
0.182880,5.290504,-0.500000,0.37270,10.00
0.182890,5.244663,-0.500000,0.37418,10.00
0.182900,5.198755,-0.500000,0.37578,10.00
0.182910,5.151952,-0.500000,0.37758,10.00
0.182920,5.105362,-0.500000,0.37952,10.00
0.182930,5.058983,-0.500000,0.38158,10.00
0.182940,5.012815,-0.500000,0.38377,10.00
0.182950,4.966944,-0.500000,0.38608,10.00
0.182960,4.921635,-0.500000,0.38850,10.00
0.182970,4.876531,-0.500000,0.39105,10.00
0.182980,4.831631,-0.500000,0.39372,10.00
0.182990,4.786936,-0.500000,0.39652,10.00
0.183000,4.742362,-0.496508,0.39943,10.00
0.183010,4.697782,-0.484975,0.40250,10.00
0.183020,4.654149,-0.465352,0.40565,10.00
0.183030,4.611822,-0.437696,0.40887,10.00
0.183040,4.571159,-0.402127,0.41213,10.00
0.183050,4.532540,-0.358826,0.41542,10.00
0.183060,4.496404,-0.308052,0.41870,10.00
0.183070,4.462932,-0.250120,0.42195,10.00
0.183080,4.432427,-0.185388,0.42516,10.00
0.183090,4.405173,-0.114275,0.42829,10.00
0.183100,4.381566,-0.037250,0.43133,10.00
0.183110,4.362246,0.045101,0.43421,10.00
0.183120,4.346881,0.132166,0.43695,10.00
0.183130,4.335650,0.223333,0.43953,10.00
0.183140,4.328702,0.317952,0.44192,10.00
0.183150,4.326116,0.415339,0.44411,10.00
0.183160,4.327854,0.514799,0.44609,10.00
0.183170,4.334136,0.615610,0.44783,10.00
0.183180,4.344983,0.717013,0.44932,10.00
0.183190,4.360379,0.818239,0.45054,10.00
0.183200,4.380112,0.918510,0.45149,10.00
0.183210,4.403610,1.017124,0.45219,10.00
0.183220,4.431413,1.113358,0.45260,10.00
0.183230,4.463373,1.206446,0.45271,10.00
0.183240,4.499309,1.295637,0.45252,10.00
0.183250,4.539109,1.380198,0.45203,10.00
0.183260,4.582836,1.459376,0.45121,10.00
0.183270,4.629793,1.532463,0.45009,10.00
0.183280,4.679673,1.598826,0.44867,10.00
0.183290,4.732140,1.657874,0.44697,10.00
0.183300,4.786812,1.709063,0.44500,10.00
0.183310,4.843237,1.751916,0.44276,10.00
0.183320,4.901114,1.786011,0.44028,10.00
0.183330,4.960028,1.810976,0.43757,10.00
0.183340,5.019551,1.826509,0.43465,10.00
0.183350,5.079524,1.832372,0.43154,10.00
0.183360,5.140326,1.828267,0.42818,10.00
0.183370,5.200390,1.814011,0.42467,10.00
0.183380,5.259258,1.789585,0.42104,10.00
0.183390,5.316474,1.755051,0.41732,10.00
0.183400,5.371410,1.710544,0.41352,10.00
0.183410,5.423083,1.656369,0.40974,10.00
0.183420,5.471809,1.592876,0.40594,10.00
0.183430,5.517187,1.520435,0.40216,10.00
0.183440,5.558840,1.439486,0.39844,10.00
0.183450,5.596500,1.350539,0.39480,10.00
0.183460,5.630107,1.254130,0.39124,10.00
0.183470,5.658998,1.150871,0.38782,10.00
0.183480,5.682903,1.041463,0.38457,10.00
0.183490,5.701585,0.926663,0.38151,10.00
0.183500,5.714770,0.807278,0.37867,10.00
0.183510,5.722068,0.684197,0.37609,10.00
0.183520,5.723669,0.558334,0.37379,10.00
0.183530,5.719498,0.430614,0.37177,10.00
0.183540,5.709523,0.301985,0.37006,10.00
0.183550,5.693702,0.173414,0.36868,10.00
0.183560,5.671927,0.045906,0.36766,10.00
0.183570,5.644519,-0.079540,0.36699,10.00
0.183580,5.611623,-0.201945,0.36668,10.00
0.183590,5.573428,-0.320340,0.36675,10.00
0.183600,5.530342,-0.433777,0.36719,10.00
0.183610,5.483724,-0.500000,0.36796,10.00
0.183620,5.436706,-0.500000,0.36892,10.00
0.183630,5.389902,-0.500000,0.37001,10.00
0.183640,5.343309,-0.500000,0.37123,10.00
0.183650,5.296853,-0.500000,0.37257,10.00
0.183660,5.250307,-0.500000,0.37407,10.00
0.183670,5.203973,-0.500000,0.37569,10.00
0.183680,5.157849,-0.500000,0.37744,10.00
0.183690,5.111934,-0.500000,0.37932,10.00
0.183700,5.066340,-0.500000,0.38133,10.00
0.183710,5.021406,-0.500000,0.38343,10.00
0.183720,4.976675,-0.500000,0.38566,10.00
0.183730,4.932148,-0.500000,0.38801,10.00
0.183740,4.887822,-0.500000,0.39049,10.00
0.183750,4.843404,-0.500000,0.39309,10.00
0.183760,4.798011,-0.500000,0.39588,10.00
0.183770,4.752855,-0.498033,0.39880,10.00
0.183780,4.708199,-0.488315,0.40184,10.00
0.183790,4.664406,-0.470516,0.40497,10.00
0.183800,4.621892,-0.444682,0.40817,10.00
0.183810,4.581172,-0.410943,0.41140,10.00
0.183820,4.542378,-0.369485,0.41467,10.00
0.183830,4.505847,-0.320537,0.41793,10.00
0.183840,4.471899,-0.264386,0.42118,10.00
0.183850,4.440775,-0.201378,0.42439,10.00
0.183860,4.412566,-0.131886,0.42754,10.00
0.183870,4.387804,-0.056343,0.43061,10.00
0.183880,4.366735,0.024742,0.43356,10.00
0.183890,4.349578,0.110814,0.43638,10.00
0.183900,4.336884,0.201271,0.43905,10.00
0.183910,4.329879,0.295300,0.44144,10.00
0.183920,4.327250,0.392105,0.44363,10.00
0.183930,4.329084,0.490979,0.44560,10.00
0.183940,4.335436,0.591188,0.44733,10.00
0.183950,4.345791,0.691978,0.44881,10.00
0.183960,4.358550,0.792842,0.45017,10.00
0.183970,4.375816,0.893180,0.45126,10.00
0.183980,4.397523,0.992217,0.45206,10.00
0.183990,4.423572,1.089177,0.45258,10.00
0.184000,4.454074,1.183293,0.45280,10.00
0.184010,4.489597,1.273689,0.45266,10.00
0.184020,4.528939,1.359548,0.45222,10.00
0.184030,4.571858,1.440155,0.45147,10.00
0.184040,4.618080,1.514829,0.45042,10.00
0.184050,4.667510,1.582924,0.44907,10.00
0.184060,4.720431,1.643740,0.44739,10.00
0.184070,4.775657,1.696653,0.44542,10.00
0.184080,4.832807,1.741161,0.44319,10.00
0.184090,4.891477,1.776819,0.44070,10.00
0.184100,4.951112,1.803245,0.43797,10.00
0.184110,5.010875,1.820186,0.43506,10.00
0.184120,5.070872,1.827440,0.43196,10.00
0.184130,5.130658,1.824831,0.42868,10.00
0.184140,5.189782,1.812255,0.42526,10.00
0.184150,5.247951,1.789685,0.42170,10.00
0.184160,5.305180,1.757092,0.41801,10.00
0.184170,5.360398,1.714551,0.41425,10.00
0.184180,5.413170,1.662261,0.41044,10.00
0.184190,5.463070,1.600501,0.40661,10.00
0.184200,5.509562,1.529622,0.40280,10.00
0.184210,5.551875,1.450114,0.39906,10.00
0.184220,5.590165,1.362518,0.39541,10.00
0.184230,5.624101,1.267399,0.39185,10.00
0.184240,5.653377,1.165390,0.38843,10.00
0.184250,5.677571,1.057181,0.38517,10.00
0.184260,5.696005,0.943590,0.38214,10.00
0.184270,5.709074,0.825465,0.37933,10.00
0.184280,5.716621,0.703648,0.37676,10.00
0.184290,5.718527,0.579020,0.37445,10.00
0.184300,5.714808,0.452494,0.37244,10.00
0.184310,5.705708,0.324964,0.37070,10.00
0.184320,5.690857,0.197359,0.36928,10.00
0.184330,5.670304,0.070647,0.36820,10.00
0.184340,5.644143,-0.054198,0.36748,10.00
0.184350,5.612194,-0.176204,0.36711,10.00
0.184360,5.573695,-0.294254,0.36719,10.00
0.184370,5.530147,-0.407301,0.36765,10.00
0.184380,5.481957,-0.500000,0.36848,10.00
0.184390,5.432589,-0.500000,0.36957,10.00
0.184400,5.383983,-0.500000,0.37079,10.00
0.184410,5.337744,-0.500000,0.37201,10.00
0.184420,5.291714,-0.500000,0.37335,10.00
0.184430,5.245893,-0.500000,0.37482,10.00
0.184440,5.200280,-0.500000,0.37642,10.00
0.184450,5.154754,-0.500000,0.37815,10.00
0.184460,5.108956,-0.500000,0.38003,10.00
0.184470,5.063365,-0.500000,0.38204,10.00
0.184480,5.017982,-0.500000,0.38418,10.00
0.184490,4.972804,-0.500000,0.38644,10.00
0.184500,4.927656,-0.500000,0.38882,10.00
0.184510,4.882013,-0.500000,0.39138,10.00
0.184520,4.836577,-0.500000,0.39406,10.00
0.184530,4.791347,-0.500000,0.39687,10.00
0.184540,4.746389,-0.496492,0.39980,10.00
0.184550,4.702173,-0.484944,0.40284,10.00
0.184560,4.659535,-0.465430,0.40593,10.00
0.184570,4.618191,-0.438060,0.40908,10.00
0.184580,4.578487,-0.402954,0.41228,10.00
0.184590,4.540763,-0.360292,0.41550,10.00
0.184600,4.505468,-0.310313,0.41871,10.00
0.184610,4.473282,-0.253374,0.42187,10.00
0.184620,4.444006,-0.189871,0.42498,10.00
0.184630,4.417912,-0.120213,0.42802,10.00
0.184640,4.395255,-0.044862,0.43096,10.00
0.184650,4.376079,0.035670,0.43379,10.00
0.184660,4.360043,0.120917,0.43652,10.00
0.184670,4.348064,0.210341,0.43910,10.00
0.184680,4.340295,0.303304,0.44149,10.00
0.184690,4.336860,0.399138,0.44369,10.00
0.184700,4.337960,0.497141,0.44568,10.00
0.184710,4.343979,0.596535,0.44740,10.00
0.184720,4.354500,0.696540,0.44888,10.00
0.184730,4.369509,0.796397,0.45009,10.00
0.184740,4.388959,0.895338,0.45103,10.00
0.184750,4.412686,0.992593,0.45169,10.00
0.184760,4.440333,1.087437,0.45208,10.00
0.184770,4.472075,1.179138,0.45218,10.00
0.184780,4.507731,1.266955,0.45197,10.00
0.184790,4.547086,1.350169,0.45147,10.00
0.184800,4.589824,1.428086,0.45067,10.00
0.184810,4.635456,1.500078,0.44960,10.00
0.184820,4.683972,1.565544,0.44824,10.00
0.184830,4.735047,1.623904,0.44659,10.00
0.184840,4.788331,1.674622,0.44468,10.00
0.184850,4.843613,1.717216,0.44251,10.00
0.184860,4.900975,1.751183,0.44006,10.00
0.184870,4.959372,1.776105,0.43737,10.00
0.184880,5.018381,1.791678,0.43448,10.00
0.184890,5.077569,1.797668,0.43139,10.00
0.184900,5.136431,1.793910,0.42814,10.00
0.184910,5.194335,1.780341,0.42476,10.00
0.184920,5.251092,1.756963,0.42125,10.00
0.184930,5.306266,1.723832,0.41766,10.00
0.184940,5.359423,1.681081,0.41399,10.00
0.184950,5.409938,1.628915,0.41029,10.00
0.184960,5.456796,1.567712,0.40663,10.00
0.184970,5.500429,1.497894,0.40299,10.00
0.184980,5.540471,1.419885,0.39940,10.00
0.184990,5.576581,1.334178,0.39589,10.00
0.185000,5.608726,1.241330,0.39249,10.00
0.185010,5.637468,1.141821,0.38914,10.00
0.185020,5.661397,1.036236,0.38595,10.00
0.185030,5.680278,0.925301,0.38295,10.00
0.185040,5.693913,0.809796,0.38016,10.00
0.185050,5.702015,0.690542,0.37760,10.00
0.185060,5.704094,0.568460,0.37533,10.00
0.185070,5.700570,0.444486,0.37334,10.00
0.185080,5.691407,0.319538,0.37165,10.00
0.185090,5.676611,0.194554,0.37027,10.00
0.185100,5.656151,0.070485,0.36923,10.00
0.185110,5.629871,-0.051674,0.36855,10.00
0.185120,5.598243,-0.170945,0.36823,10.00
0.185130,5.561448,-0.286385,0.36827,10.00
0.185140,5.519708,-0.397070,0.36867,10.00
0.185150,5.473322,-0.500000,0.36944,10.00
0.185160,5.425406,-0.500000,0.37047,10.00
0.185170,5.377708,-0.500000,0.37164,10.00
0.185180,5.330226,-0.500000,0.37294,10.00
0.185190,5.282959,-0.500000,0.37437,10.00
0.185200,5.235859,-0.500000,0.37594,10.00
0.185210,5.188777,-0.500000,0.37764,10.00
0.185220,5.141910,-0.500000,0.37948,10.00
0.185230,5.095255,-0.500000,0.38144,10.00
0.185240,5.048812,-0.500000,0.38354,10.00
0.185250,5.002679,-0.500000,0.38576,10.00
0.185260,4.957153,-0.500000,0.38808,10.00
0.185270,4.911834,-0.500000,0.39054,10.00
0.185280,4.866720,-0.500000,0.39311,10.00
0.185290,4.821811,-0.500000,0.39581,10.00
0.185300,4.777089,-0.499411,0.39864,10.00
0.185310,4.732663,-0.492373,0.40159,10.00
0.185320,4.688975,-0.477358,0.40464,10.00
0.185330,4.646383,-0.454390,0.40776,10.00
0.185340,4.605242,-0.423554,0.41095,10.00
0.185350,4.565933,-0.384995,0.41416,10.00
0.185360,4.528899,-0.338936,0.41739,10.00
0.185370,4.494321,-0.285654,0.42060,10.00
0.185380,4.462506,-0.225474,0.42377,10.00
0.185390,4.433746,-0.158775,0.42689,10.00
0.185400,4.408247,-0.085992,0.42993,10.00
0.185410,4.386070,-0.007581,0.43287,10.00
0.185420,4.367694,0.075944,0.43570,10.00
0.185430,4.353316,0.164005,0.43837,10.00
0.185440,4.343108,0.255979,0.44088,10.00
0.185450,4.337047,0.351209,0.44319,10.00
0.185460,4.334758,0.449084,0.44535,10.00
0.185470,4.336976,0.548937,0.44727,10.00
0.185480,4.343751,0.650027,0.44896,10.00
0.185490,4.355098,0.751595,0.45040,10.00
0.185500,4.371580,0.852869,0.45156,10.00
0.185510,4.394875,0.952787,0.45230,10.00
0.185520,4.422538,1.050378,0.45275,10.00
0.185530,4.454421,1.144867,0.45289,10.00
0.185540,4.490345,1.235491,0.45273,10.00
0.185550,4.529794,1.321509,0.45226,10.00
0.185560,4.571629,1.402351,0.45156,10.00
0.185570,4.616788,1.477431,0.45057,10.00
0.185580,4.664977,1.546104,0.44928,10.00
0.185590,4.715873,1.607764,0.44771,10.00
0.185600,4.769061,1.661855,0.44585,10.00
0.185610,4.823961,1.707901,0.44376,10.00
0.185620,4.880472,1.745476,0.44141,10.00
0.185630,4.938192,1.774185,0.43882,10.00
0.185640,4.996702,1.793701,0.43602,10.00
0.185650,5.055670,1.803759,0.43301,10.00
0.185660,5.114937,1.804120,0.42981,10.00
0.185670,5.173683,1.794630,0.42645,10.00
0.185680,5.231462,1.775239,0.42296,10.00
0.185690,5.287831,1.745972,0.41936,10.00
0.185700,5.342269,1.706929,0.41569,10.00
0.185710,5.394107,1.658325,0.41198,10.00
0.185720,5.443252,1.600438,0.40825,10.00
0.185730,5.489301,1.533593,0.40453,10.00
0.185740,5.531874,1.458190,0.40085,10.00
0.185750,5.570777,1.374695,0.39723,10.00
0.185760,5.606167,1.283565,0.39366,10.00
0.185770,5.637067,1.185346,0.39021,10.00
0.185780,5.663192,1.080696,0.38691,10.00
0.185790,5.684292,0.970335,0.38379,10.00
0.185800,5.699786,0.855030,0.38087,10.00
0.185810,5.708406,0.735775,0.37827,10.00
0.185820,5.711491,0.613548,0.37593,10.00
0.185830,5.708957,0.489242,0.37387,10.00
0.185840,5.700760,0.363778,0.37211,10.00
0.185850,5.687035,0.238094,0.37065,10.00
0.185860,5.668235,0.113079,0.36950,10.00
0.185870,5.643888,-0.010353,0.36868,10.00
0.185880,5.614117,-0.131245,0.36822,10.00
0.185890,5.579087,-0.248646,0.36812,10.00
0.185900,5.539024,-0.361621,0.36838,10.00
0.185910,5.494225,-0.469265,0.36901,10.00
0.185920,5.446394,-0.500000,0.36997,10.00
0.185930,5.398691,-0.500000,0.37107,10.00
0.185940,5.351203,-0.500000,0.37231,10.00
0.185950,5.303821,-0.500000,0.37368,10.00
0.185960,5.256210,-0.500000,0.37521,10.00
0.185970,5.208815,-0.500000,0.37687,10.00
0.185980,5.161635,-0.500000,0.37866,10.00
0.185990,5.114669,-0.500000,0.38058,10.00
0.186000,5.068225,-0.500000,0.38263,10.00
0.186010,5.023222,-0.500000,0.38473,10.00
0.186020,4.978423,-0.500000,0.38696,10.00
0.186030,4.933828,-0.500000,0.38931,10.00
0.186040,4.889435,-0.500000,0.39178,10.00
0.186050,4.845220,-0.500000,0.39438,10.00
0.186060,4.801111,-0.500000,0.39711,10.00
0.186070,4.757252,-0.497210,0.39995,10.00
0.186080,4.713928,-0.486671,0.40290,10.00
0.186090,4.671493,-0.468290,0.40595,10.00
0.186100,4.630518,-0.442120,0.40905,10.00
0.186110,4.592008,-0.408379,0.41215,10.00
0.186120,4.555405,-0.367309,0.41527,10.00
0.186130,4.521025,-0.319141,0.41839,10.00
0.186140,4.489174,-0.264161,0.42148,10.00
0.186150,4.459818,-0.202711,0.42453,10.00
0.186160,4.432277,-0.135032,0.42760,10.00
0.186170,4.408093,-0.061466,0.43057,10.00
0.186180,4.387505,0.017493,0.43344,10.00
0.186190,4.370728,0.101305,0.43618,10.00
0.186200,4.358128,0.189384,0.43876,10.00
0.186210,4.350399,0.281018,0.44113,10.00
0.186220,4.346943,0.375490,0.44330,10.00
0.186230,4.347850,0.472110,0.44525,10.00
0.186240,4.353178,0.570163,0.44698,10.00
0.186250,4.362937,0.668913,0.44847,10.00
0.186260,4.377072,0.767622,0.44970,10.00
0.186270,4.395603,0.865535,0.45067,10.00
0.186280,4.418452,0.961894,0.45135,10.00
0.186290,4.445510,1.055941,0.45175,10.00
0.186300,4.476617,1.146927,0.45187,10.00
0.186310,4.511552,1.234125,0.45169,10.00
0.186320,4.550165,1.316825,0.45121,10.00
0.186330,4.592216,1.394338,0.45044,10.00
0.186340,4.637437,1.466008,0.44938,10.00
0.186350,4.685490,1.531214,0.44803,10.00
0.186360,4.735933,1.589396,0.44642,10.00
0.186370,4.788583,1.640035,0.44454,10.00
0.186380,4.843075,1.682651,0.44240,10.00
0.186390,4.899024,1.716817,0.44002,10.00
0.186400,4.955854,1.742169,0.43741,10.00
0.186410,5.012621,1.758489,0.43464,10.00
0.186420,5.069621,1.765597,0.43169,10.00
0.186430,5.126430,1.763324,0.42857,10.00
0.186440,5.182620,1.751571,0.42530,10.00
0.186450,5.238151,1.730310,0.42192,10.00
0.186460,5.293752,1.699397,0.41834,10.00
0.186470,5.347434,1.658822,0.41469,10.00
0.186480,5.398773,1.608774,0.41099,10.00
0.186490,5.447357,1.549518,0.40728,10.00
0.186500,5.492411,1.481389,0.40358,10.00
0.186510,5.532434,1.404980,0.40001,10.00
0.186520,5.568598,1.320892,0.39652,10.00
0.186530,5.600586,1.229670,0.39313,10.00
0.186540,5.628110,1.131920,0.38988,10.00
0.186550,5.651121,1.028307,0.38678,10.00
0.186560,5.670013,0.919446,0.38380,10.00
0.186570,5.683753,0.806032,0.38104,10.00
0.186580,5.692180,0.688873,0.37850,10.00
0.186590,5.695172,0.568814,0.37621,10.00
0.186600,5.692593,0.446733,0.37420,10.00
0.186610,5.684256,0.323557,0.37249,10.00
0.186620,5.670359,0.200226,0.37109,10.00
0.186630,5.650948,0.077675,0.37002,10.00
0.186640,5.626108,-0.043152,0.36928,10.00
0.186650,5.595657,-0.161318,0.36890,10.00
0.186660,5.558839,-0.275740,0.36894,10.00
0.186670,5.517123,-0.385402,0.36935,10.00
0.186680,5.470772,-0.489412,0.37013,10.00
0.186690,5.422287,-0.500000,0.37120,10.00
0.186700,5.374484,-0.500000,0.37240,10.00
0.186710,5.328739,-0.500000,0.37362,10.00
0.186720,5.283202,-0.500000,0.37497,10.00
0.186730,5.237871,-0.500000,0.37644,10.00
0.186740,5.192746,-0.500000,0.37804,10.00
0.186750,5.147568,-0.500000,0.37977,10.00
0.186760,5.101562,-0.500000,0.38168,10.00
0.186770,5.055766,-0.500000,0.38372,10.00
0.186780,5.010177,-0.500000,0.38589,10.00
0.186790,4.964794,-0.500000,0.38819,10.00
0.186800,4.919823,-0.500000,0.39061,10.00
0.186810,4.875874,-0.500000,0.39310,10.00
0.186820,4.832124,-0.500000,0.39572,10.00
0.186830,4.788575,-0.499817,0.39845,10.00
0.186840,4.745352,-0.494266,0.40130,10.00
0.186850,4.702458,-0.480964,0.40425,10.00
0.186860,4.659253,-0.459764,0.40737,10.00
0.186870,4.617423,-0.430630,0.41055,10.00
0.186880,4.577317,-0.393694,0.41377,10.00
0.186890,4.539278,-0.349148,0.41701,10.00
0.186900,4.503785,-0.297245,0.42024,10.00
0.186910,4.471602,-0.238368,0.42341,10.00
0.186920,4.442417,-0.172937,0.42652,10.00
0.186930,4.416501,-0.101375,0.42955,10.00
0.186940,4.394106,-0.024159,0.43249,10.00
0.186950,4.375224,0.058187,0.43530,10.00
0.186960,4.359358,0.145206,0.43803,10.00
0.186970,4.347627,0.236362,0.44059,10.00
0.186980,4.340183,0.331007,0.44298,10.00
0.186990,4.337146,0.428457,0.44516,10.00
0.187000,4.338630,0.527999,0.44712,10.00
0.187010,4.344766,0.628885,0.44883,10.00
0.187020,4.355470,0.730347,0.45030,10.00
0.187030,4.370727,0.831617,0.45150,10.00
0.187040,4.390486,0.931916,0.45242,10.00
0.187050,4.414928,1.030465,0.45305,10.00
0.187060,4.444727,1.126358,0.45333,10.00
0.187070,4.478648,1.218741,0.45330,10.00
0.187080,4.516494,1.306866,0.45296,10.00
0.187090,4.558034,1.390004,0.45232,10.00
0.187100,4.602830,1.467458,0.45138,10.00
0.187110,4.650071,1.538650,0.45018,10.00
0.187120,4.700143,1.603015,0.44870,10.00
0.187130,4.752710,1.659975,0.44693,10.00
0.187140,4.807408,1.709004,0.44489,10.00
0.187150,4.863747,1.749628,0.44260,10.00
0.187160,4.921009,1.781486,0.44008,10.00
0.187170,4.979211,1.804259,0.43735,10.00
0.187180,5.037927,1.817660,0.43441,10.00
0.187190,5.096724,1.821472,0.43128,10.00
0.187200,5.155093,1.815546,0.42800,10.00
0.187210,5.212382,1.799840,0.42459,10.00
0.187220,5.268432,1.774375,0.42107,10.00
0.187230,5.322809,1.739225,0.41746,10.00
0.187240,5.375083,1.694537,0.41379,10.00
0.187250,5.425199,1.640534,0.41009,10.00
0.187260,5.473825,1.577337,0.40629,10.00
0.187270,5.519119,1.505197,0.40252,10.00
0.187280,5.560700,1.424554,0.39879,10.00
0.187290,5.598214,1.335915,0.39514,10.00
0.187300,5.631146,1.239858,0.39161,10.00
0.187310,5.658644,1.137111,0.38826,10.00
0.187320,5.681191,1.028434,0.38508,10.00
0.187330,5.698562,0.914582,0.38209,10.00
0.187340,5.710566,0.796356,0.37932,10.00
0.187350,5.717201,0.674604,0.37680,10.00
0.187360,5.718799,0.550136,0.37451,10.00
0.187370,5.714689,0.423816,0.37251,10.00
0.187380,5.704839,0.296585,0.37081,10.00
0.187390,5.689257,0.169397,0.36943,10.00
0.187400,5.667839,0.043221,0.36839,10.00
0.187410,5.640200,-0.080893,0.36775,10.00
0.187420,5.607135,-0.201924,0.36747,10.00
0.187430,5.568836,-0.318913,0.36755,10.00
0.187440,5.525535,-0.430923,0.36801,10.00
0.187450,5.477966,-0.500000,0.36884,10.00
0.187460,5.429805,-0.500000,0.36988,10.00
0.187470,5.381862,-0.500000,0.37104,10.00
0.187480,5.334137,-0.500000,0.37234,10.00
0.187490,5.286629,-0.500000,0.37378,10.00
0.187500,5.239631,-0.500000,0.37534,10.00
0.187510,5.194023,-0.500000,0.37696,10.00
0.187520,5.148622,-0.500000,0.37870,10.00
0.187530,5.103427,-0.500000,0.38057,10.00
0.187540,5.058437,-0.500000,0.38257,10.00
0.187550,5.013460,-0.500000,0.38469,10.00
0.187560,4.967925,-0.500000,0.38698,10.00
0.187570,4.922596,-0.500000,0.38940,10.00
0.187580,4.877473,-0.500000,0.39195,10.00
0.187590,4.832555,-0.500000,0.39461,10.00
0.187600,4.787813,-0.500000,0.39741,10.00
0.187610,4.743261,-0.495519,0.40033,10.00
0.187620,4.699331,-0.483058,0.40336,10.00
0.187630,4.656384,-0.462624,0.40647,10.00
0.187640,4.614774,-0.434280,0.40965,10.00
0.187650,4.574924,-0.398153,0.41286,10.00
0.187660,4.537388,-0.354465,0.41608,10.00
0.187670,4.502204,-0.303486,0.41930,10.00
0.187680,4.469685,-0.245522,0.42249,10.00
0.187690,4.440124,-0.180936,0.42562,10.00
0.187700,4.413715,-0.110144,0.42868,10.00
0.187710,4.390462,-0.033577,0.43167,10.00
0.187720,4.370933,0.048276,0.43454,10.00
0.187730,4.355338,0.134848,0.43726,10.00
0.187740,4.343856,0.225532,0.43983,10.00
0.187750,4.336529,0.319683,0.44221,10.00
0.187760,4.333153,0.416672,0.44442,10.00
0.187770,4.334254,0.515826,0.44641,10.00
0.187780,4.339891,0.616410,0.44816,10.00
0.187790,4.350087,0.717671,0.44967,10.00
0.187800,4.365045,0.818841,0.45091,10.00
0.187810,4.385355,0.919041,0.45182,10.00
0.187820,4.410072,1.017421,0.45244,10.00
0.187830,4.439072,1.113207,0.45277,10.00
0.187840,4.472198,1.205631,0.45280,10.00
0.187850,4.509387,1.293946,0.45253,10.00
0.187860,4.550799,1.377362,0.45192,10.00
0.187870,4.595656,1.455138,0.45100,10.00
0.187880,4.643669,1.526609,0.44979,10.00
0.187890,4.694521,1.591150,0.44828,10.00
0.187900,4.747749,1.648182,0.44649,10.00
0.187910,4.802632,1.697232,0.44446,10.00
0.187920,4.859263,1.737866,0.44216,10.00
0.187930,4.917243,1.769668,0.43963,10.00
0.187940,4.976153,1.792285,0.43687,10.00
0.187950,5.035584,1.805431,0.43390,10.00
0.187960,5.095159,1.808876,0.43074,10.00
0.187970,5.154352,1.802469,0.42742,10.00
0.187980,5.212715,1.786134,0.42396,10.00
0.187990,5.269801,1.759873,0.42039,10.00
0.188000,5.324851,1.723763,0.41672,10.00
0.188010,5.376484,1.678111,0.41308,10.00
0.188020,5.425559,1.623248,0.40941,10.00
0.188030,5.471678,1.559478,0.40574,10.00
0.188040,5.514461,1.487176,0.40210,10.00
0.188050,5.553592,1.406789,0.39851,10.00
0.188060,5.588868,1.318806,0.39501,10.00
0.188070,5.619799,1.223788,0.39161,10.00
0.188080,5.646101,1.122372,0.38835,10.00
0.188090,5.667525,1.015252,0.38527,10.00
0.188100,5.684039,0.903172,0.38238,10.00
0.188110,5.696015,0.786833,0.37966,10.00
0.188120,5.702561,0.667009,0.37718,10.00
0.188130,5.703566,0.544569,0.37496,10.00
0.188140,5.698961,0.420410,0.37303,10.00
0.188150,5.688691,0.295458,0.37140,10.00
0.188160,5.672691,0.170665,0.37009,10.00
0.188170,5.651128,0.046990,0.36912,10.00
0.188180,5.624105,-0.074610,0.36850,10.00
0.188190,5.591766,-0.193188,0.36823,10.00
0.188200,5.554156,-0.307804,0.36832,10.00
0.188210,5.511082,-0.417471,0.36881,10.00
0.188220,5.463587,-0.500000,0.36968,10.00
0.188230,5.415211,-0.500000,0.37076,10.00
0.188240,5.367054,-0.500000,0.37199,10.00
0.188250,5.319418,-0.500000,0.37334,10.00
0.188260,5.273203,-0.500000,0.37475,10.00
0.188270,5.227197,-0.500000,0.37629,10.00
0.188280,5.181401,-0.500000,0.37796,10.00
0.188290,5.135812,-0.500000,0.37975,10.00
0.188300,5.089944,-0.500000,0.38167,10.00
0.188310,5.042343,-0.500000,0.38384,10.00
0.188320,4.994959,-0.500000,0.38614,10.00
0.188330,4.947789,-0.500000,0.38857,10.00
0.188340,4.900834,-0.500000,0.39113,10.00
0.188350,4.854440,-0.500000,0.39382,10.00
0.188360,4.809647,-0.500000,0.39656,10.00
0.188370,4.765082,-0.498314,0.39941,10.00
0.188380,4.720992,-0.489154,0.40238,10.00
0.188390,4.677734,-0.472046,0.40544,10.00
0.188400,4.635553,-0.447030,0.40858,10.00
0.188410,4.594471,-0.414153,0.41179,10.00
0.188420,4.555279,-0.373540,0.41504,10.00
0.188430,4.518313,-0.325412,0.41829,10.00
0.188440,4.483897,-0.270051,0.42152,10.00
0.188450,4.452387,-0.207796,0.42472,10.00
0.188460,4.424221,-0.139066,0.42783,10.00
0.188470,4.399466,-0.064330,0.43086,10.00
0.188480,4.378366,0.015913,0.43378,10.00
0.188490,4.361140,0.101112,0.43657,10.00
0.188500,4.348015,0.190672,0.43920,10.00
0.188510,4.339261,0.283943,0.44165,10.00
0.188520,4.334865,0.380242,0.44391,10.00
0.188530,4.334923,0.478867,0.44594,10.00
0.188540,4.339502,0.579090,0.44775,10.00
0.188550,4.348626,0.680163,0.44931,10.00
0.188560,4.362273,0.781325,0.45061,10.00
0.188570,4.380431,0.881803,0.45164,10.00
0.188580,4.403029,0.980820,0.45239,10.00
0.188590,4.429959,1.077600,0.45285,10.00
0.188600,4.460960,1.171373,0.45300,10.00
0.188610,4.495506,1.261442,0.45289,10.00
0.188620,4.533864,1.347111,0.45248,10.00
0.188630,4.575799,1.427668,0.45177,10.00
0.188640,4.621043,1.502436,0.45076,10.00
0.188650,4.669592,1.570769,0.44945,10.00
0.188660,4.721989,1.631926,0.44779,10.00
0.188670,4.776712,1.685256,0.44584,10.00
0.188680,4.833381,1.730254,0.44363,10.00
0.188690,4.891597,1.766472,0.44116,10.00
0.188700,4.950753,1.793525,0.43846,10.00
0.188710,5.009849,1.811184,0.43559,10.00
0.188720,5.069218,1.819260,0.43252,10.00
0.188730,5.128419,1.817572,0.42927,10.00
0.188740,5.187007,1.806012,0.42588,10.00
0.188750,5.244518,1.784544,0.42236,10.00
0.188760,5.300467,1.753217,0.41875,10.00
0.188770,5.354474,1.712153,0.41506,10.00
0.188780,5.406112,1.661542,0.41133,10.00
0.188790,5.454965,1.601653,0.40758,10.00
0.188800,5.500857,1.532826,0.40384,10.00
0.188810,5.544068,1.455369,0.40009,10.00
0.188820,5.583343,1.369691,0.39640,10.00
0.188830,5.618341,1.276344,0.39281,10.00
0.188840,5.648750,1.175944,0.38935,10.00
0.188850,5.674015,1.069168,0.38605,10.00
0.188860,5.693068,0.956882,0.38300,10.00
0.188870,5.706811,0.839963,0.38016,10.00
0.188880,5.715080,0.719243,0.37756,10.00
0.188890,5.717751,0.595594,0.37522,10.00
0.188900,5.714793,0.469921,0.37316,10.00
0.188910,5.706317,0.343129,0.37139,10.00
0.188920,5.692119,0.216155,0.36994,10.00
0.188930,5.672242,0.089960,0.36883,10.00
0.188940,5.646773,-0.034487,0.36806,10.00
0.188950,5.615872,-0.156216,0.36764,10.00
0.188960,5.579796,-0.274283,0.36759,10.00
0.188970,5.538647,-0.387755,0.36791,10.00
0.188980,5.492685,-0.495712,0.36860,10.00
0.188990,5.444800,-0.500000,0.36957,10.00
0.189000,5.397054,-0.500000,0.37068,10.00
0.189010,5.349215,-0.500000,0.37194,10.00
0.189020,5.301592,-0.500000,0.37333,10.00
0.189030,5.254186,-0.500000,0.37486,10.00
0.189040,5.206994,-0.500000,0.37651,10.00
0.189050,5.160250,-0.500000,0.37830,10.00
0.189060,5.114645,-0.500000,0.38016,10.00
0.189070,5.069247,-0.500000,0.38214,10.00
0.189080,5.024056,-0.500000,0.38425,10.00
0.189090,4.979069,-0.500000,0.38648,10.00
0.189100,4.934281,-0.500000,0.38884,10.00
0.189110,4.889673,-0.500000,0.39132,10.00
0.189120,4.845268,-0.500000,0.39393,10.00
0.189130,4.801065,-0.500000,0.39666,10.00
0.189140,4.757101,-0.497629,0.39951,10.00
0.189150,4.713514,-0.487594,0.40247,10.00
0.189160,4.670256,-0.469627,0.40555,10.00
0.189170,4.628226,-0.443733,0.40871,10.00
0.189180,4.587775,-0.410017,0.41191,10.00
0.189190,4.549246,-0.368648,0.41514,10.00
0.189200,4.513123,-0.319854,0.41838,10.00
0.189210,4.480174,-0.263997,0.42155,10.00
0.189220,4.450092,-0.201469,0.42468,10.00
0.189230,4.423155,-0.132673,0.42774,10.00
0.189240,4.399623,-0.058061,0.43071,10.00
0.189250,4.379471,0.021862,0.43357,10.00
0.189260,4.362141,0.106671,0.43636,10.00
0.189270,4.348858,0.195859,0.43900,10.00
0.189280,4.339788,0.288793,0.44146,10.00
0.189290,4.335061,0.384807,0.44373,10.00
0.189300,4.334833,0.483201,0.44578,10.00
0.189310,4.339330,0.583223,0.44759,10.00
0.189320,4.348372,0.684111,0.44916,10.00
0.189330,4.361956,0.785100,0.45046,10.00
0.189340,4.380044,0.885419,0.45150,10.00
0.189350,4.402526,0.984290,0.45225,10.00
0.189360,4.429175,1.080958,0.45272,10.00
0.189370,4.460012,1.174669,0.45290,10.00
0.189380,4.494862,1.264667,0.45277,10.00
0.189390,4.533518,1.350219,0.45235,10.00
0.189400,4.575799,1.430615,0.45162,10.00
0.189410,4.621598,1.505149,0.45058,10.00
0.189420,4.670397,1.573161,0.44925,10.00
0.189430,4.721867,1.634049,0.44763,10.00
0.189440,4.775660,1.687260,0.44573,10.00
0.189450,4.831476,1.732292,0.44357,10.00
0.189460,4.889146,1.768663,0.44113,10.00
0.189470,4.947959,1.795962,0.43847,10.00
0.189480,5.007489,1.813870,0.43558,10.00
0.189490,5.067299,1.822132,0.43250,10.00
0.189500,5.126858,1.820566,0.42924,10.00
0.189510,5.185453,1.809102,0.42585,10.00
0.189520,5.242992,1.787735,0.42233,10.00
0.189530,5.299032,1.756505,0.41872,10.00
0.189540,5.353135,1.715526,0.41503,10.00
0.189550,5.404850,1.664990,0.41129,10.00
0.189560,5.453694,1.605175,0.40755,10.00
0.189570,5.499358,1.536427,0.40382,10.00
0.189580,5.541461,1.459161,0.40012,10.00
0.189590,5.579648,1.373859,0.39650,10.00
0.189600,5.613580,1.281072,0.39298,10.00
0.189610,5.642945,1.181414,0.38959,10.00
0.189620,5.667482,1.075562,0.38635,10.00
0.189630,5.686955,0.964244,0.38330,10.00
0.189640,5.701157,0.848240,0.38046,10.00
0.189650,5.709914,0.728375,0.37785,10.00
0.189660,5.713069,0.605518,0.37550,10.00
0.189670,5.710576,0.480571,0.37343,10.00
0.189680,5.702389,0.354458,0.37166,10.00
0.189690,5.688508,0.228123,0.37021,10.00
0.189700,5.669193,0.102526,0.36908,10.00
0.189710,5.645176,-0.021476,0.36825,10.00
0.189720,5.615707,-0.142989,0.36777,10.00
0.189730,5.580949,-0.261061,0.36765,10.00
0.189740,5.541107,-0.374751,0.36789,10.00
0.189750,5.496417,-0.483141,0.36851,10.00
0.189760,5.449175,-0.500000,0.36943,10.00
0.189770,5.402148,-0.500000,0.37049,10.00
0.189780,5.355334,-0.500000,0.37169,10.00
0.189790,5.308732,-0.500000,0.37301,10.00
0.189800,5.262327,-0.500000,0.37446,10.00
0.189810,5.216073,-0.500000,0.37604,10.00
0.189820,5.170029,-0.500000,0.37775,10.00
0.189830,5.124194,-0.500000,0.37959,10.00
0.189840,5.078567,-0.500000,0.38156,10.00
0.189850,5.033058,-0.500000,0.38365,10.00
0.189860,4.987402,-0.500000,0.38589,10.00
0.189870,4.941954,-0.500000,0.38826,10.00
0.189880,4.896712,-0.500000,0.39075,10.00
0.189890,4.851675,-0.500000,0.39337,10.00
0.189900,4.807005,-0.500000,0.39611,10.00
0.189910,4.763210,-0.498522,0.39894,10.00
0.189920,4.719869,-0.489799,0.40187,10.00
0.189930,4.677333,-0.473241,0.40490,10.00
0.189940,4.635955,-0.448883,0.40800,10.00
0.189950,4.595978,-0.416824,0.41115,10.00
0.189960,4.557439,-0.377171,0.41435,10.00
0.189970,4.521077,-0.330108,0.41757,10.00
0.189980,4.487211,-0.275909,0.42077,10.00
0.189990,4.456144,-0.214906,0.42392,10.00
0.190000,4.428395,-0.147487,0.42702,10.00
0.190010,4.404918,-0.074206,0.42997,10.00
0.190020,4.385018,0.004369,0.43281,10.00
0.190030,4.368906,0.087698,0.43552,10.00
0.190040,4.356763,0.175199,0.43808,10.00
0.190050,4.348482,0.266251,0.44046,10.00
0.190060,4.343408,0.360323,0.44272,10.00
0.190070,4.342694,0.456816,0.44477,10.00
0.190080,4.346411,0.555020,0.44660,10.00
0.190090,4.354595,0.654202,0.44819,10.00
0.190100,4.367224,0.753613,0.44952,10.00
0.190110,4.384186,0.852508,0.45060,10.00
0.190120,4.405527,0.950131,0.45140,10.00
0.190130,4.431147,1.045719,0.45191,10.00
0.190140,4.460915,1.138514,0.45214,10.00
0.190150,4.494860,1.227772,0.45207,10.00
0.190160,4.533366,1.312670,0.45165,10.00
0.190170,4.575412,1.392442,0.45093,10.00
0.190180,4.620731,1.466413,0.44991,10.00
0.190190,4.669027,1.533947,0.44861,10.00
0.190200,4.719655,1.594445,0.44702,10.00
0.190210,4.771306,1.647515,0.44524,10.00
0.190220,4.824919,1.692764,0.44320,10.00
0.190230,4.880118,1.729748,0.44091,10.00
0.190240,4.936510,1.758083,0.43839,10.00
0.190250,4.993876,1.777443,0.43566,10.00
0.190260,5.052354,1.787480,0.43269,10.00
0.190270,5.110762,1.787939,0.42954,10.00
0.190280,5.168662,1.778698,0.42624,10.00
0.190290,5.225615,1.759708,0.42280,10.00
0.190300,5.281115,1.730990,0.41926,10.00
0.190310,5.334528,1.692677,0.41567,10.00
0.190320,5.385703,1.644962,0.41202,10.00
0.190330,5.434231,1.588092,0.40835,10.00
0.190340,5.479717,1.522388,0.40468,10.00
0.190350,5.521789,1.448239,0.40105,10.00
0.190360,5.560108,1.366104,0.39749,10.00
0.190370,5.594322,1.276507,0.39401,10.00
0.190380,5.624125,1.180039,0.39066,10.00
0.190390,5.649245,1.077347,0.38745,10.00
0.190400,5.669556,0.969138,0.38441,10.00
0.190410,5.685201,0.856110,0.38155,10.00
0.190420,5.695533,0.739025,0.37891,10.00
0.190430,5.700415,0.618723,0.37652,10.00
0.190440,5.699749,0.496082,0.37440,10.00
0.190450,5.693696,0.372004,0.37256,10.00
0.190460,5.682880,0.247312,0.37097,10.00
0.190470,5.666459,0.122875,0.36971,10.00
0.190480,5.644497,-0.000355,0.36878,10.00
0.190490,5.617098,-0.121429,0.36819,10.00
0.190500,5.584303,-0.239398,0.36796,10.00
0.190510,5.545980,-0.353277,0.36812,10.00
0.190520,5.502798,-0.462114,0.36864,10.00
0.190530,5.456292,-0.500000,0.36950,10.00
0.190540,5.409844,-0.500000,0.37051,10.00
0.190550,5.363480,-0.500000,0.37165,10.00
0.190560,5.316820,-0.500000,0.37295,10.00
0.190570,5.270372,-0.500000,0.37438,10.00
0.190580,5.224135,-0.500000,0.37594,10.00
0.190590,5.178107,-0.500000,0.37763,10.00
0.190600,5.132177,-0.500000,0.37944,10.00
0.190610,5.086010,-0.500000,0.38141,10.00
0.190620,5.040052,-0.500000,0.38351,10.00
0.190630,4.994302,-0.500000,0.38573,10.00
0.190640,4.948760,-0.500000,0.38808,10.00
0.190650,4.903464,-0.500000,0.39056,10.00
0.190660,4.858530,-0.500000,0.39315,10.00
0.190670,4.813799,-0.500000,0.39587,10.00
0.190680,4.769283,-0.499063,0.39871,10.00
0.190690,4.725186,-0.491171,0.40167,10.00
0.190700,4.681932,-0.475334,0.40472,10.00
0.190710,4.640081,-0.451617,0.40783,10.00
0.190720,4.599708,-0.420133,0.41099,10.00
0.190730,4.561155,-0.381033,0.41419,10.00
0.190740,4.524753,-0.334530,0.41739,10.00
0.190750,4.490580,-0.280893,0.42058,10.00
0.190760,4.458217,-0.220334,0.42379,10.00
0.190770,4.428930,-0.153156,0.42695,10.00
0.190780,4.402995,-0.079797,0.43003,10.00
0.190790,4.380662,-0.000746,0.43300,10.00
0.190800,4.362186,0.083458,0.43585,10.00
0.190810,4.347846,0.172219,0.43853,10.00
0.190820,4.337708,0.264903,0.44105,10.00
0.190830,4.331912,0.360844,0.44338,10.00
0.190840,4.330568,0.459349,0.44550,10.00
0.190850,4.333781,0.559691,0.44739,10.00
0.190860,4.341678,0.661111,0.44903,10.00
0.190870,4.354152,0.762835,0.45042,10.00
0.190880,4.371175,0.864087,0.45153,10.00
0.190890,4.392683,0.964085,0.45236,10.00
0.190900,4.418661,1.062049,0.45290,10.00
0.190910,4.449218,1.157163,0.45312,10.00
0.190920,4.483857,1.248638,0.45304,10.00
0.190930,4.522371,1.335727,0.45266,10.00
0.190940,4.564526,1.417711,0.45197,10.00
0.190950,4.610214,1.493899,0.45098,10.00
0.190960,4.659613,1.563559,0.44965,10.00
0.190970,4.711756,1.626025,0.44803,10.00
0.190980,4.766286,1.680731,0.44612,10.00
0.190990,4.822828,1.727162,0.44395,10.00
0.191000,4.880887,1.764861,0.44152,10.00
0.191010,4.939764,1.793476,0.43887,10.00
0.191020,4.999417,1.812709,0.43600,10.00
0.191030,5.059410,1.822294,0.43293,10.00
0.191040,5.119299,1.822039,0.42969,10.00
0.191050,5.178541,1.811824,0.42628,10.00
0.191060,5.236412,1.791647,0.42277,10.00
0.191070,5.292834,1.761567,0.41916,10.00
0.191080,5.347369,1.721692,0.41547,10.00
0.191090,5.399584,1.672202,0.41173,10.00
0.191100,5.449148,1.613357,0.40796,10.00
0.191110,5.495915,1.545446,0.40419,10.00
0.191120,5.539151,1.468846,0.40045,10.00
0.191130,5.578489,1.384034,0.39678,10.00
0.191140,5.613590,1.291553,0.39320,10.00
0.191150,5.644237,1.192012,0.38975,10.00
0.191160,5.670431,1.086035,0.38642,10.00
0.191170,5.691539,0.974320,0.38328,10.00
0.191180,5.707345,0.857645,0.38034,10.00
0.191190,5.717670,0.736837,0.37763,10.00
0.191200,5.722307,0.612764,0.37518,10.00
0.191210,5.720956,0.486363,0.37302,10.00
0.191220,5.713835,0.358588,0.37116,10.00
0.191230,5.700934,0.230395,0.36962,10.00
0.191240,5.682287,0.102752,0.36842,10.00
0.191250,5.658011,-0.023362,0.36756,10.00
0.191260,5.628344,-0.146988,0.36705,10.00
0.191270,5.593294,-0.267170,0.36690,10.00
0.191280,5.553066,-0.382952,0.36713,10.00
0.191290,5.507909,-0.493399,0.36773,10.00
0.191300,5.460638,-0.500000,0.36863,10.00
0.191310,5.413430,-0.500000,0.36966,10.00
0.191320,5.366437,-0.500000,0.37083,10.00
0.191330,5.319656,-0.500000,0.37213,10.00
0.191340,5.273088,-0.500000,0.37356,10.00
0.191350,5.226773,-0.500000,0.37511,10.00
0.191360,5.180834,-0.500000,0.37679,10.00
0.191370,5.135104,-0.500000,0.37859,10.00
0.191380,5.089581,-0.500000,0.38052,10.00
0.191390,5.044265,-0.500000,0.38257,10.00
0.191400,4.999275,-0.500000,0.38475,10.00
0.191410,4.954969,-0.500000,0.38702,10.00
0.191420,4.910865,-0.500000,0.38942,10.00
0.191430,4.866961,-0.500000,0.39193,10.00
0.191440,4.823256,-0.500000,0.39457,10.00
0.191450,4.779384,-0.499909,0.39733,10.00
0.191460,4.734367,-0.494623,0.40030,10.00
0.191470,4.690015,-0.481259,0.40338,10.00
0.191480,4.646690,-0.459827,0.40654,10.00
0.191490,4.604752,-0.430398,0.40976,10.00
0.191500,4.564963,-0.393107,0.41303,10.00
0.191510,4.528883,-0.348346,0.41620,10.00
0.191520,4.495192,-0.296504,0.41937,10.00
0.191530,4.464191,-0.237896,0.42250,10.00
0.191540,4.436166,-0.172893,0.42557,10.00
0.191550,4.411244,-0.101918,0.42856,10.00
0.191560,4.389256,-0.025379,0.43149,10.00
0.191570,4.370982,0.056247,0.43430,10.00
0.191580,4.356620,0.142396,0.43696,10.00
0.191590,4.346340,0.232459,0.43946,10.00
0.191600,4.340189,0.325793,0.44178,10.00
0.191610,4.337991,0.421768,0.44391,10.00
0.191620,4.340213,0.519710,0.44583,10.00
0.191630,4.346906,0.618892,0.44751,10.00
0.191640,4.358084,0.718569,0.44895,10.00
0.191650,4.373724,0.817983,0.45012,10.00
0.191660,4.393755,0.916371,0.45101,10.00
0.191670,4.418113,1.012968,0.45163,10.00
0.191680,4.446676,1.107012,0.45196,10.00
0.191690,4.479289,1.197752,0.45199,10.00
0.191700,4.515532,1.284451,0.45172,10.00
0.191710,4.554494,1.366509,0.45122,10.00
0.191720,4.596862,1.443314,0.45042,10.00
0.191730,4.642364,1.514213,0.44933,10.00
0.191740,4.690701,1.578592,0.44795,10.00
0.191750,4.741641,1.635877,0.44630,10.00
0.191760,4.795107,1.685498,0.44436,10.00
0.191770,4.850362,1.726949,0.44216,10.00
0.191780,4.907015,1.759813,0.43972,10.00
0.191790,4.964659,1.783732,0.43706,10.00
0.191800,5.023102,1.798412,0.43419,10.00
0.191810,5.082592,1.803516,0.43107,10.00
0.191820,5.141776,1.798812,0.42779,10.00
0.191830,5.200210,1.784214,0.42436,10.00
0.191840,5.257445,1.759709,0.42082,10.00
0.191850,5.313190,1.725363,0.41718,10.00
0.191860,5.367448,1.681242,0.41344,10.00
0.191870,5.419195,1.627512,0.40966,10.00
0.191880,5.468015,1.564464,0.40587,10.00
0.191890,5.513507,1.492462,0.40210,10.00
0.191900,5.554858,1.411944,0.39838,10.00
0.191910,5.590422,1.323627,0.39486,10.00
0.191920,5.621621,1.228226,0.39144,10.00
0.191930,5.648173,1.126381,0.38817,10.00
0.191940,5.669824,1.018788,0.38506,10.00
0.191950,5.686520,0.906194,0.38215,10.00
0.191960,5.698565,0.789315,0.37942,10.00
0.191970,5.705153,0.668935,0.37693,10.00
0.191980,5.706176,0.545927,0.37471,10.00
0.191990,5.701562,0.421193,0.37277,10.00
0.192000,5.691530,0.295662,0.37113,10.00
0.192010,5.676825,0.170159,0.36975,10.00
0.192020,5.656514,0.045559,0.36870,10.00
0.192030,5.630689,-0.077178,0.36800,10.00
0.192040,5.599486,-0.197098,0.36765,10.00
0.192050,5.562726,-0.313254,0.36767,10.00
0.192060,5.519572,-0.424546,0.36814,10.00
0.192070,5.472078,-0.500000,0.36898,10.00
0.192080,5.423913,-0.500000,0.37003,10.00
0.192090,5.375967,-0.500000,0.37121,10.00
0.192100,5.328448,-0.500000,0.37253,10.00
0.192110,5.281983,-0.500000,0.37393,10.00
0.192120,5.235728,-0.500000,0.37545,10.00
0.192130,5.189684,-0.500000,0.37711,10.00
0.192140,5.143848,-0.500000,0.37889,10.00
0.192150,5.098227,-0.500000,0.38079,10.00
0.192160,5.052840,-0.500000,0.38282,10.00
0.192170,5.007660,-0.500000,0.38498,10.00
0.192180,4.962684,-0.500000,0.38726,10.00
0.192190,4.917912,-0.500000,0.38967,10.00
0.192200,4.873301,-0.500000,0.39220,10.00
0.192210,4.828724,-0.500000,0.39486,10.00
0.192220,4.784349,-0.499928,0.39765,10.00
0.192230,4.740288,-0.494840,0.40056,10.00
0.192240,4.696874,-0.481846,0.40357,10.00
0.192250,4.654364,-0.460955,0.40666,10.00
0.192260,4.612823,-0.432190,0.40984,10.00
0.192270,4.572988,-0.395649,0.41306,10.00
0.192280,4.535199,-0.351523,0.41630,10.00
0.192290,4.499785,-0.300061,0.41953,10.00
0.192300,4.467357,-0.241572,0.42274,10.00
0.192310,4.439101,-0.176567,0.42581,10.00
0.192320,4.414087,-0.105564,0.42881,10.00
0.192330,4.392561,-0.029037,0.43171,10.00
0.192340,4.374743,0.052492,0.43448,10.00
0.192350,4.360519,0.138458,0.43711,10.00
0.192360,4.349134,0.228403,0.43965,10.00
0.192370,4.341978,0.321786,0.44202,10.00
0.192380,4.339169,0.417932,0.44418,10.00
0.192390,4.340794,0.516137,0.44612,10.00
0.192400,4.346809,0.615673,0.44783,10.00
0.192410,4.356945,0.715841,0.44932,10.00
0.192420,4.371579,0.815911,0.45055,10.00
0.192430,4.390667,0.915116,0.45150,10.00
0.192440,4.414128,1.012685,0.45217,10.00
0.192450,4.442011,1.107851,0.45255,10.00
0.192460,4.474656,1.199776,0.45260,10.00
0.192470,4.511216,1.287662,0.45234,10.00
0.192480,4.551470,1.370788,0.45178,10.00
0.192490,4.595167,1.448458,0.45092,10.00
0.192500,4.641934,1.520011,0.44977,10.00
0.192510,4.691184,1.584867,0.44835,10.00
0.192520,4.742959,1.642479,0.44665,10.00
0.192530,4.796902,1.692315,0.44468,10.00
0.192540,4.852639,1.733898,0.44245,10.00
0.192550,4.909907,1.766808,0.43998,10.00
0.192560,4.968689,1.790622,0.43725,10.00
0.192570,5.028030,1.805002,0.43431,10.00
0.192580,5.087491,1.809720,0.43118,10.00
0.192590,5.146629,1.804620,0.42789,10.00
0.192600,5.204964,1.789620,0.42445,10.00
0.192610,5.261948,1.764726,0.42090,10.00
0.192620,5.317276,1.730017,0.41727,10.00
0.192630,5.370515,1.685634,0.41356,10.00
0.192640,5.421240,1.631797,0.40983,10.00
0.192650,5.469041,1.568798,0.40609,10.00
0.192660,5.513525,1.497003,0.40237,10.00
0.192670,5.554321,1.416851,0.39870,10.00
0.192680,5.591079,1.328847,0.39511,10.00
0.192690,5.623477,1.233566,0.39163,10.00
0.192700,5.651364,1.131642,0.38829,10.00
0.192710,5.674903,1.023700,0.38508,10.00
0.192720,5.693290,0.910441,0.38206,10.00
0.192730,5.706329,0.792662,0.37926,10.00
0.192740,5.713861,0.671203,0.37670,10.00
0.192750,5.715681,0.546942,0.37440,10.00
0.192760,5.711450,0.420833,0.37241,10.00
0.192770,5.701490,0.293840,0.37073,10.00
0.192780,5.685812,0.166919,0.36937,10.00
0.192790,5.664470,0.041036,0.36834,10.00
0.192800,5.637275,-0.082840,0.36767,10.00
0.192810,5.603501,-0.203601,0.36744,10.00
0.192820,5.564511,-0.320197,0.36757,10.00
0.192830,5.520544,-0.431691,0.36808,10.00
0.192840,5.472367,-0.500000,0.36895,10.00
0.192850,5.424002,-0.500000,0.37003,10.00
0.192860,5.376996,-0.500000,0.37116,10.00
0.192870,5.330203,-0.500000,0.37243,10.00
0.192880,5.283623,-0.500000,0.37383,10.00
0.192890,5.237254,-0.500000,0.37535,10.00
0.192900,5.191008,-0.500000,0.37701,10.00
0.192910,5.144622,-0.500000,0.37881,10.00
0.192920,5.098448,-0.500000,0.38074,10.00
0.192930,5.052483,-0.500000,0.38280,10.00
0.192940,5.006726,-0.500000,0.38499,10.00
0.192950,4.961318,-0.500000,0.38731,10.00
0.192960,4.916679,-0.500000,0.38971,10.00
0.192970,4.872242,-0.500000,0.39224,10.00
0.192980,4.828007,-0.500000,0.39489,10.00
0.192990,4.783973,-0.499917,0.39766,10.00
0.193000,4.740074,-0.494808,0.40055,10.00
0.193010,4.696107,-0.481760,0.40359,10.00
0.193020,4.653149,-0.460725,0.40671,10.00
0.193030,4.611557,-0.431772,0.40990,10.00
0.193040,4.571680,-0.395032,0.41312,10.00
0.193050,4.533905,-0.350697,0.41637,10.00
0.193060,4.498705,-0.299041,0.41959,10.00
0.193070,4.466200,-0.240390,0.42279,10.00
0.193080,4.436686,-0.175112,0.42593,10.00
0.193090,4.410438,-0.103629,0.42900,10.00
0.193100,4.387688,-0.026416,0.43197,10.00
0.193110,4.368599,0.056013,0.43483,10.00
0.193120,4.353466,0.143096,0.43754,10.00
0.193130,4.342466,0.234220,0.44008,10.00
0.193140,4.335744,0.328735,0.44244,10.00
0.193150,4.333761,0.425958,0.44460,10.00
0.193160,4.337625,0.525009,0.44645,10.00
0.193170,4.345995,0.625039,0.44805,10.00
0.193180,4.358874,0.725294,0.44940,10.00
0.193190,4.376232,0.825006,0.45048,10.00
0.193200,4.397761,0.923407,0.45128,10.00
0.193210,4.422645,1.019840,0.45186,10.00
0.193220,4.451722,1.113623,0.45214,10.00
0.193230,4.484832,1.204002,0.45214,10.00
0.193240,4.521783,1.290246,0.45183,10.00
0.193250,4.562281,1.371641,0.45122,10.00
0.193260,4.605872,1.447539,0.45034,10.00
0.193270,4.652544,1.517311,0.44916,10.00
0.193280,4.701989,1.580349,0.44770,10.00
0.193290,4.753873,1.636086,0.44596,10.00
0.193300,4.807935,1.684006,0.44395,10.00
0.193310,4.864082,1.723599,0.44167,10.00
0.193320,4.921533,1.754429,0.43915,10.00
0.193330,4.979875,1.776150,0.43640,10.00
0.193340,5.038684,1.788483,0.43346,10.00
0.193350,5.097427,1.791218,0.43033,10.00
0.193360,5.155380,1.784260,0.42706,10.00
0.193370,5.212489,1.767573,0.42366,10.00
0.193380,5.268317,1.741163,0.42015,10.00
0.193390,5.322430,1.705111,0.41655,10.00
0.193400,5.374453,1.659572,0.41290,10.00
0.193410,5.424118,1.604750,0.40921,10.00
0.193420,5.470823,1.540933,0.40551,10.00
0.193430,5.514185,1.468494,0.40184,10.00
0.193440,5.553840,1.387880,0.39823,10.00
0.193450,5.589213,1.299601,0.39470,10.00
0.193460,5.619299,1.204348,0.39135,10.00
0.193470,5.644754,1.102835,0.38814,10.00
0.193480,5.665334,0.995758,0.38510,10.00
0.193490,5.680827,0.883863,0.38226,10.00
0.193500,5.691062,0.767942,0.37964,10.00
0.193510,5.695905,0.648827,0.37726,10.00
0.193520,5.695254,0.527385,0.37515,10.00
0.193530,5.689054,0.404510,0.37333,10.00
0.193540,5.677290,0.281121,0.37180,10.00
0.193550,5.660316,0.158148,0.37060,10.00
0.193560,5.639174,0.036375,0.36965,10.00
0.193570,5.612656,-0.083364,0.36903,10.00
0.193580,5.580902,-0.200134,0.36877,10.00
0.193590,5.544097,-0.313011,0.36886,10.00
0.193600,5.502158,-0.421089,0.36931,10.00
0.193610,5.454678,-0.500000,0.37020,10.00
0.193620,5.406398,-0.500000,0.37131,10.00
0.193630,5.358336,-0.500000,0.37255,10.00
0.193640,5.310493,-0.500000,0.37393,10.00
0.193650,5.263039,-0.500000,0.37544,10.00
0.193660,5.216487,-0.500000,0.37704,10.00
0.193670,5.170146,-0.500000,0.37876,10.00
0.193680,5.124015,-0.500000,0.38062,10.00
0.193690,5.078093,-0.500000,0.38260,10.00
0.193700,5.032539,-0.500000,0.38470,10.00
0.193710,4.987825,-0.500000,0.38690,10.00
0.193720,4.943314,-0.500000,0.38922,10.00
0.193730,4.899005,-0.500000,0.39166,10.00
0.193740,4.854897,-0.500000,0.39422,10.00
0.193750,4.810827,-0.500000,0.39691,10.00
0.193760,4.766337,-0.498140,0.39975,10.00
0.193770,4.722333,-0.488707,0.40271,10.00
0.193780,4.679173,-0.471346,0.40577,10.00
0.193790,4.637212,-0.446100,0.40889,10.00
0.193800,4.596661,-0.413070,0.41207,10.00
0.193810,4.557453,-0.372355,0.41531,10.00
0.193820,4.520476,-0.324131,0.41855,10.00
0.193830,4.486053,-0.268680,0.42178,10.00
0.193840,4.454491,-0.206342,0.42497,10.00
0.193850,4.426489,-0.137514,0.42809,10.00
0.193860,4.403539,-0.062846,0.43102,10.00
0.193870,4.384224,0.017027,0.43384,10.00
0.193880,4.368750,0.101553,0.43652,10.00
0.193890,4.357293,0.190141,0.43904,10.00
0.193900,4.349768,0.282159,0.44139,10.00
0.193910,4.345588,0.377058,0.44359,10.00
0.193920,4.345798,0.474220,0.44559,10.00
0.193930,4.350460,0.572930,0.44736,10.00
0.193940,4.359604,0.672449,0.44889,10.00
0.193950,4.373314,0.772023,0.45016,10.00
0.193960,4.391818,0.870849,0.45114,10.00
0.193970,4.414682,0.968131,0.45183,10.00
0.193980,4.441795,1.063105,0.45225,10.00
0.193990,4.473015,1.155015,0.45236,10.00
0.194000,4.508065,1.243120,0.45218,10.00
0.194010,4.546448,1.326746,0.45173,10.00
0.194020,4.588314,1.405227,0.45098,10.00
0.194030,4.633394,1.477901,0.44994,10.00
0.194040,4.681394,1.544139,0.44861,10.00
0.194050,4.731932,1.603356,0.44700,10.00
0.194060,4.784482,1.655040,0.44514,10.00
0.194070,4.838923,1.698723,0.44302,10.00
0.194080,4.894870,1.733972,0.44065,10.00
0.194090,4.951923,1.760413,0.43805,10.00
0.194100,5.009578,1.777735,0.43524,10.00
0.194110,5.067136,1.785735,0.43227,10.00
0.194120,5.124539,1.784269,0.42913,10.00
0.194130,5.181354,1.773228,0.42584,10.00
0.194140,5.237148,1.752578,0.42242,10.00
0.194150,5.291585,1.722358,0.41891,10.00
0.194160,5.344517,1.682633,0.41531,10.00
0.194170,5.395151,1.633559,0.41166,10.00
0.194180,5.443081,1.575394,0.40799,10.00
0.194190,5.487913,1.508467,0.40433,10.00
0.194200,5.529290,1.433181,0.40071,10.00
0.194210,5.566902,1.349998,0.39716,10.00
0.194220,5.600367,1.259449,0.39370,10.00
0.194230,5.629385,1.162134,0.39036,10.00
0.194240,5.653687,1.058709,0.38718,10.00
0.194250,5.673232,0.949887,0.38418,10.00
0.194260,5.688403,0.836333,0.38133,10.00
0.194270,5.698242,0.718791,0.37871,10.00
0.194280,5.702614,0.598105,0.37633,10.00
0.194290,5.701426,0.475155,0.37423,10.00
0.194300,5.694369,0.350849,0.37241,10.00
0.194310,5.680675,0.226238,0.37097,10.00
0.194320,5.661405,0.102348,0.36986,10.00
0.194330,5.636643,-0.019868,0.36909,10.00
0.194340,5.606516,-0.139461,0.36867,10.00
0.194350,5.571311,-0.255490,0.36860,10.00
0.194360,5.531582,-0.367085,0.36887,10.00
0.194370,5.487112,-0.473381,0.36951,10.00
0.194380,5.439784,-0.500000,0.37046,10.00
0.194390,5.392616,-0.500000,0.37156,10.00
0.194400,5.345505,-0.500000,0.37279,10.00
0.194410,5.297983,-0.500000,0.37418,10.00
0.194420,5.250676,-0.500000,0.37572,10.00
0.194430,5.203584,-0.500000,0.37738,10.00
0.194440,5.156705,-0.500000,0.37917,10.00
0.194450,5.110252,-0.500000,0.38109,10.00
0.194460,5.064858,-0.500000,0.38309,10.00
0.194470,5.019670,-0.500000,0.38521,10.00
0.194480,4.974687,-0.500000,0.38745,10.00
0.194490,4.929908,-0.500000,0.38982,10.00
0.194500,4.885078,-0.500000,0.39232,10.00
0.194510,4.839437,-0.500000,0.39500,10.00
0.194520,4.794003,-0.500000,0.39781,10.00
0.194530,4.748866,-0.495622,0.40074,10.00
0.194540,4.704351,-0.483192,0.40379,10.00
0.194550,4.661035,-0.462712,0.40691,10.00
0.194560,4.619914,-0.434350,0.41005,10.00
0.194570,4.580476,-0.398301,0.41323,10.00
0.194580,4.543058,-0.354753,0.41642,10.00
0.194590,4.507985,-0.303952,0.41962,10.00
0.194600,4.475458,-0.246202,0.42278,10.00
0.194610,4.445452,-0.181814,0.42592,10.00
0.194620,4.418676,-0.111167,0.42899,10.00
0.194630,4.395387,-0.034730,0.43196,10.00
0.194640,4.375816,0.046982,0.43482,10.00
0.194650,4.360181,0.133403,0.43753,10.00
0.194660,4.348688,0.223924,0.44008,10.00
0.194670,4.341451,0.317897,0.44245,10.00
0.194680,4.338588,0.414644,0.44462,10.00
0.194690,4.340186,0.513455,0.44657,10.00
0.194700,4.346578,0.613599,0.44828,10.00
0.194710,4.358611,0.714191,0.44967,10.00
0.194720,4.375145,0.814373,0.45079,10.00
0.194730,4.396120,0.913374,0.45164,10.00
0.194740,4.421441,1.010421,0.45220,10.00
0.194750,4.450972,1.104746,0.45247,10.00
0.194760,4.484523,1.195598,0.45244,10.00
0.194770,4.521933,1.282240,0.45211,10.00
0.194780,4.562973,1.363958,0.45147,10.00
0.194790,4.607383,1.440064,0.45055,10.00
0.194800,4.654768,1.509908,0.44932,10.00
0.194810,4.704490,1.572930,0.44784,10.00
0.194820,4.756647,1.628599,0.44608,10.00
0.194830,4.810881,1.676398,0.44405,10.00
0.194840,4.866812,1.715863,0.44177,10.00
0.194850,4.924023,1.746591,0.43925,10.00
0.194860,4.982041,1.768246,0.43652,10.00
0.194870,5.040525,1.780558,0.43358,10.00
0.194880,5.099042,1.783317,0.43046,10.00
0.194890,5.157156,1.776382,0.42718,10.00
0.194900,5.214372,1.759686,0.42377,10.00
0.194910,5.270096,1.733260,0.42026,10.00
0.194920,5.324106,1.697203,0.41666,10.00
0.194930,5.375975,1.651668,0.41301,10.00
0.194940,5.425291,1.596887,0.40933,10.00
0.194950,5.471476,1.533160,0.40565,10.00
0.194960,5.513625,1.460949,0.40204,10.00
0.194970,5.552088,1.380754,0.39849,10.00
0.194980,5.586532,1.293088,0.39503,10.00
0.194990,5.616653,1.198527,0.39168,10.00
0.195000,5.642140,1.097704,0.38848,10.00
0.195010,5.662649,0.991326,0.38545,10.00
0.195020,5.678106,0.880145,0.38262,10.00
0.195030,5.688335,0.764948,0.38000,10.00
0.195040,5.693201,0.646563,0.37764,10.00
0.195050,5.692837,0.525851,0.37553,10.00
0.195060,5.687867,0.403590,0.37365,10.00
0.195070,5.677349,0.280618,0.37207,10.00
0.195080,5.661302,0.157861,0.37080,10.00
0.195090,5.639786,0.036255,0.36986,10.00
0.195100,5.613013,-0.083260,0.36926,10.00
0.195110,5.581455,-0.199804,0.36899,10.00
0.195120,5.544854,-0.312490,0.36907,10.00
0.195130,5.503432,-0.420414,0.36951,10.00
0.195140,5.457684,-0.500000,0.37030,10.00
0.195150,5.410715,-0.500000,0.37132,10.00
0.195160,5.362387,-0.500000,0.37256,10.00
0.195170,5.314278,-0.500000,0.37394,10.00
0.195180,5.266388,-0.500000,0.37545,10.00
0.195190,5.218715,-0.500000,0.37709,10.00
0.195200,5.171362,-0.500000,0.37887,10.00
0.195210,5.124637,-0.500000,0.38075,10.00
0.195220,5.078124,-0.500000,0.38276,10.00
0.195230,5.031822,-0.500000,0.38490,10.00
0.195240,4.985730,-0.500000,0.38717,10.00
0.195250,4.939813,-0.500000,0.38956,10.00
0.195260,4.893967,-0.500000,0.39209,10.00
0.195270,4.848329,-0.500000,0.39475,10.00
0.195280,4.802899,-0.500000,0.39753,10.00
0.195290,4.757731,-0.496852,0.40044,10.00
0.195300,4.713709,-0.485682,0.40345,10.00
0.195310,4.672919,-0.466751,0.40641,10.00
0.195320,4.633378,-0.440301,0.40943,10.00
0.195330,4.595419,-0.406450,0.41249,10.00
0.195340,4.559365,-0.365370,0.41557,10.00
0.195350,4.524909,-0.317294,0.41865,10.00
0.195360,4.490503,-0.262209,0.42187,10.00
0.195370,4.458940,-0.200252,0.42504,10.00
0.195380,4.430510,-0.131818,0.42815,10.00
0.195390,4.405480,-0.057355,0.43118,10.00
0.195400,4.384545,0.022638,0.43410,10.00
0.195410,4.369267,0.107396,0.43676,10.00
0.195420,4.358015,0.196181,0.43928,10.00
0.195430,4.350938,0.288359,0.44161,10.00
0.195440,4.348152,0.383265,0.44374,10.00
0.195450,4.349412,0.480204,0.44566,10.00
0.195460,4.353787,0.578618,0.44743,10.00
0.195470,4.362633,0.677876,0.44896,10.00
0.195480,4.375947,0.777230,0.45024,10.00
0.195490,4.393694,0.875918,0.45125,10.00
0.195500,4.415799,0.973177,0.45198,10.00
0.195510,4.442152,1.068246,0.45243,10.00
0.195520,4.472621,1.160371,0.45258,10.00
0.195530,4.507033,1.248809,0.45244,10.00
0.195540,4.545185,1.332839,0.45201,10.00
0.195550,4.586693,1.411764,0.45127,10.00
0.195560,4.630854,1.484987,0.45028,10.00
0.195570,4.677968,1.551925,0.44901,10.00
0.195580,4.727720,1.611990,0.44745,10.00
0.195590,4.779772,1.664637,0.44563,10.00
0.195600,4.833942,1.709371,0.44354,10.00
0.195610,4.890387,1.745666,0.44116,10.00
0.195620,4.947981,1.773082,0.43855,10.00
0.195630,5.006308,1.791298,0.43573,10.00
0.195640,5.064941,1.800062,0.43271,10.00
0.195650,5.123629,1.799189,0.42952,10.00
0.195660,5.182482,1.788476,0.42612,10.00
0.195670,5.240312,1.767824,0.42260,10.00
0.195680,5.296672,1.737266,0.41898,10.00
0.195690,5.351123,1.696911,0.41528,10.00
0.195700,5.403135,1.646947,0.41153,10.00
0.195710,5.451999,1.587681,0.40779,10.00
0.195720,5.497708,1.519482,0.40406,10.00
0.195730,5.539881,1.442759,0.40037,10.00
0.195740,5.578161,1.357990,0.39675,10.00
0.195750,5.612249,1.265722,0.39323,10.00
0.195760,5.641946,1.166547,0.38982,10.00
0.195770,5.666836,1.061124,0.38657,10.00
0.195780,5.686676,0.950178,0.38350,10.00
0.195790,5.701261,0.834486,0.38064,10.00
0.195800,5.710354,0.714869,0.37801,10.00
0.195810,5.713628,0.592222,0.37566,10.00
0.195820,5.711262,0.467461,0.37358,10.00
0.195830,5.703210,0.341510,0.37180,10.00
0.195840,5.689470,0.215312,0.37034,10.00
0.195850,5.670190,0.089825,0.36920,10.00
0.195860,5.645773,-0.034041,0.36839,10.00
0.195870,5.615912,-0.155359,0.36792,10.00
0.195880,5.580774,-0.273175,0.36782,10.00
0.195890,5.540568,-0.386550,0.36808,10.00
0.195900,5.495463,-0.494568,0.36872,10.00
0.195910,5.448063,-0.500000,0.36966,10.00
0.195920,5.400877,-0.500000,0.37073,10.00
0.195930,5.353906,-0.500000,0.37194,10.00
0.195940,5.307147,-0.500000,0.37327,10.00
0.195950,5.260549,-0.500000,0.37474,10.00
0.195960,5.213957,-0.500000,0.37634,10.00
0.195970,5.167576,-0.500000,0.37808,10.00
0.195980,5.121406,-0.500000,0.37994,10.00
0.195990,5.075445,-0.500000,0.38193,10.00
0.196000,5.029745,-0.500000,0.38405,10.00
0.196010,4.984458,-0.500000,0.38628,10.00
0.196020,4.939376,-0.500000,0.38864,10.00
0.196030,4.894499,-0.500000,0.39112,10.00
0.196040,4.849825,-0.500000,0.39373,10.00
0.196050,4.805554,-0.500000,0.39646,10.00
0.196060,4.762308,-0.498219,0.39926,10.00
0.196070,4.719534,-0.489065,0.40217,10.00
0.196080,4.677581,-0.472166,0.40517,10.00
0.196090,4.636794,-0.447565,0.40823,10.00
0.196100,4.597268,-0.415361,0.41135,10.00
0.196110,4.558595,-0.375593,0.41456,10.00
0.196120,4.522104,-0.328399,0.41778,10.00
0.196130,4.488117,-0.274053,0.42098,10.00
0.196140,4.456936,-0.212889,0.42414,10.00
0.196150,4.429019,-0.145295,0.42724,10.00
0.196160,4.405135,-0.071796,0.43021,10.00
0.196170,4.384841,0.007060,0.43307,10.00
0.196180,4.368351,0.090732,0.43580,10.00
0.196190,4.355850,0.178634,0.43838,10.00
0.196200,4.347384,0.270144,0.44078,10.00
0.196210,4.342753,0.364656,0.44302,10.00
0.196220,4.342498,0.461517,0.44505,10.00
0.196230,4.346686,0.560013,0.44685,10.00
0.196240,4.355352,0.659409,0.44842,10.00
0.196250,4.368420,0.758954,0.44972,10.00
0.196260,4.385635,0.857922,0.45078,10.00
0.196270,4.407229,0.955572,0.45156,10.00
0.196280,4.433102,1.051141,0.45206,10.00
0.196290,4.463119,1.143869,0.45227,10.00
0.196300,4.497272,1.233013,0.45218,10.00
0.196310,4.535840,1.317768,0.45175,10.00
0.196320,4.577940,1.397379,0.45102,10.00
0.196330,4.623305,1.471173,0.45000,10.00
0.196340,4.671639,1.538514,0.44868,10.00
0.196350,4.722384,1.598806,0.44708,10.00
0.196360,4.774495,1.651615,0.44527,10.00
0.196370,4.828552,1.696519,0.44319,10.00
0.196380,4.884175,1.733078,0.44088,10.00
0.196390,4.940968,1.760908,0.43833,10.00
0.196400,4.998738,1.779689,0.43556,10.00
0.196410,5.057710,1.789059,0.43255,10.00
0.196420,5.116577,1.788759,0.42936,10.00
0.196430,5.174897,1.778671,0.42602,10.00
0.196440,5.232227,1.758750,0.42254,10.00
0.196450,5.287952,1.729027,0.41897,10.00
0.196460,5.341124,1.689688,0.41536,10.00
0.196470,5.392013,1.640971,0.41171,10.00
0.196480,5.440211,1.583131,0.40803,10.00
0.196490,5.485325,1.516494,0.40437,10.00
0.196500,5.526669,1.441459,0.40074,10.00
0.196510,5.562960,1.358645,0.39727,10.00
0.196520,5.595133,1.268688,0.39389,10.00
0.196530,5.622898,1.172183,0.39063,10.00
0.196540,5.645995,1.069785,0.38753,10.00
0.196550,5.664564,0.962201,0.38461,10.00
0.196560,5.679508,0.850007,0.38180,10.00
0.196570,5.689183,0.733882,0.37921,10.00
0.196580,5.693458,0.614661,0.37687,10.00
0.196590,5.692240,0.493213,0.37480,10.00
0.196600,5.685704,0.370433,0.37301,10.00
0.196610,5.674513,0.247131,0.37147,10.00
0.196620,5.657784,0.124164,0.37024,10.00
0.196630,5.635583,0.002471,0.36935,10.00
0.196640,5.608018,-0.117007,0.36880,10.00
0.196650,5.574980,-0.233334,0.36860,10.00
0.196660,5.535889,-0.345463,0.36883,10.00
0.196670,5.492025,-0.452406,0.36942,10.00
0.196680,5.444585,-0.500000,0.37035,10.00
0.196690,5.397057,-0.500000,0.37145,10.00
0.196700,5.349616,-0.500000,0.37269,10.00
0.196710,5.301875,-0.500000,0.37409,10.00
0.196720,5.254350,-0.500000,0.37562,10.00
0.196730,5.207041,-0.500000,0.37728,10.00
0.196740,5.159947,-0.500000,0.37907,10.00
0.196750,5.113282,-0.500000,0.38099,10.00
0.196760,5.067694,-0.500000,0.38299,10.00
0.196770,5.022312,-0.500000,0.38511,10.00
0.196780,4.977136,-0.500000,0.38736,10.00
0.196790,4.932165,-0.500000,0.38973,10.00
0.196800,4.887195,-0.500000,0.39223,10.00
0.196810,4.841618,-0.500000,0.39490,10.00
0.196820,4.796248,-0.500000,0.39770,10.00
0.196830,4.751163,-0.495984,0.40063,10.00
0.196840,4.706685,-0.483929,0.40366,10.00
0.196850,4.663182,-0.463836,0.40678,10.00
0.196860,4.621038,-0.435769,0.40996,10.00
0.196870,4.580572,-0.399855,0.41319,10.00
0.196880,4.542129,-0.356277,0.41644,10.00
0.196890,4.506041,-0.305279,0.41968,10.00
0.196900,4.472585,-0.247167,0.42291,10.00
0.196910,4.441939,-0.182281,0.42609,10.00
0.196920,4.414552,-0.111027,0.42920,10.00
0.196930,4.390684,-0.033874,0.43222,10.00
0.196940,4.370573,0.048656,0.43511,10.00
0.196950,4.354564,0.135994,0.43787,10.00
0.196960,4.343234,0.227465,0.44043,10.00
0.196970,4.336202,0.322374,0.44280,10.00
0.196980,4.333585,0.420035,0.44497,10.00
0.196990,4.335470,0.519733,0.44692,10.00
0.197000,4.341834,0.620727,0.44863,10.00
0.197010,4.352479,0.722296,0.45011,10.00
0.197020,4.367682,0.823692,0.45132,10.00
0.197030,4.387393,0.924135,0.45225,10.00
0.197040,4.411527,1.022845,0.45290,10.00
0.197050,4.440089,1.119045,0.45325,10.00
0.197060,4.473287,1.211908,0.45328,10.00
0.197070,4.510438,1.300642,0.45299,10.00
0.197080,4.551317,1.384518,0.45241,10.00
0.197090,4.595667,1.462833,0.45152,10.00
0.197100,4.643053,1.534919,0.45033,10.00
0.197110,4.692719,1.600221,0.44888,10.00
0.197120,4.744926,1.658202,0.44716,10.00
0.197130,4.799314,1.708330,0.44516,10.00
0.197140,4.855504,1.750122,0.44290,10.00
0.197150,4.913326,1.783158,0.44040,10.00
0.197160,4.973046,1.806964,0.43761,10.00
0.197170,5.033315,1.821172,0.43461,10.00
0.197180,5.093688,1.825553,0.43141,10.00
0.197190,5.153714,1.819951,0.42805,10.00
0.197200,5.212800,1.804285,0.42455,10.00
0.197210,5.270073,1.778618,0.42097,10.00
0.197220,5.325652,1.743067,0.41729,10.00
0.197230,5.379100,1.697779,0.41355,10.00
0.197240,5.429990,1.642980,0.40978,10.00
0.197250,5.477822,1.578968,0.40601,10.00
0.197260,5.521933,1.506161,0.40228,10.00
0.197270,5.562313,1.425033,0.39861,10.00
0.197280,5.598613,1.336100,0.39502,10.00
0.197290,5.630515,1.239942,0.39154,10.00
0.197300,5.657751,1.137202,0.38821,10.00
0.197310,5.680128,1.028569,0.38504,10.00
0.197320,5.697333,0.914792,0.38206,10.00
0.197330,5.709176,0.796672,0.37931,10.00
0.197340,5.715507,0.675054,0.37680,10.00
0.197350,5.716290,0.550822,0.37456,10.00
0.197360,5.711674,0.424852,0.37259,10.00
0.197370,5.701338,0.298059,0.37092,10.00
0.197380,5.685295,0.171396,0.36958,10.00
0.197390,5.663605,0.045828,0.36858,10.00
0.197400,5.636163,-0.077676,0.36793,10.00
0.197410,5.602501,-0.198052,0.36769,10.00
0.197420,5.563641,-0.314281,0.36782,10.00
0.197430,5.519818,-0.425427,0.36832,10.00
0.197440,5.471681,-0.500000,0.36919,10.00
0.197450,5.423168,-0.500000,0.37028,10.00
0.197460,5.375960,-0.500000,0.37143,10.00
0.197470,5.328966,-0.500000,0.37271,10.00
0.197480,5.282185,-0.500000,0.37412,10.00
0.197490,5.235617,-0.500000,0.37566,10.00
0.197500,5.189174,-0.500000,0.37733,10.00
0.197510,5.142600,-0.500000,0.37915,10.00
0.197520,5.096237,-0.500000,0.38110,10.00
0.197530,5.050085,-0.500000,0.38317,10.00
0.197540,5.004142,-0.500000,0.38538,10.00
0.197550,4.958619,-0.500000,0.38771,10.00
0.197560,4.914151,-0.500000,0.39011,10.00
0.197570,4.869884,-0.500000,0.39264,10.00
0.197580,4.825817,-0.500000,0.39528,10.00
0.197590,4.781953,-0.499781,0.39806,10.00
0.197600,4.738378,-0.494006,0.40094,10.00
0.197610,4.695291,-0.480385,0.40394,10.00
0.197620,4.653231,-0.458919,0.40702,10.00
0.197630,4.612548,-0.429682,0.41016,10.00
0.197640,4.573584,-0.392808,0.41334,10.00
0.197650,4.536613,-0.348492,0.41653,10.00
0.197660,4.501777,-0.296958,0.41973,10.00
0.197670,4.469626,-0.238497,0.42290,10.00
0.197680,4.440454,-0.173476,0.42601,10.00
0.197690,4.414533,-0.102317,0.42905,10.00
0.197700,4.392045,-0.025492,0.43199,10.00
0.197710,4.373007,0.056511,0.43483,10.00
0.197720,4.357905,0.143147,0.43753,10.00
0.197730,4.346914,0.233807,0.44006,10.00
0.197740,4.340181,0.327844,0.44241,10.00
0.197750,4.337710,0.424579,0.44455,10.00
0.197760,4.339256,0.523354,0.44651,10.00
0.197770,4.345317,0.623474,0.44823,10.00
0.197780,4.355911,0.724188,0.44969,10.00
0.197790,4.371025,0.824731,0.45090,10.00
0.197800,4.391076,0.924331,0.45183,10.00
0.197810,4.417367,1.021988,0.45235,10.00
0.197820,4.447895,1.116778,0.45258,10.00
0.197830,4.482489,1.207940,0.45251,10.00
0.197840,4.520945,1.294732,0.45213,10.00
0.197850,4.562712,1.376435,0.45145,10.00
0.197860,4.606579,1.452514,0.45055,10.00
0.197870,4.653533,1.522420,0.44935,10.00
0.197880,4.703264,1.585542,0.44787,10.00
0.197890,4.755434,1.641313,0.44612,10.00
0.197900,4.809796,1.689216,0.44409,10.00
0.197910,4.866302,1.728732,0.44178,10.00
0.197920,4.924105,1.759420,0.43924,10.00
0.197930,4.982789,1.780935,0.43647,10.00
0.197940,5.041927,1.792999,0.43349,10.00
0.197950,5.100892,1.795403,0.43034,10.00
0.197960,5.158679,1.788098,0.42707,10.00
0.197970,5.215608,1.771082,0.42367,10.00
0.197980,5.271242,1.744364,0.42016,10.00
0.197990,5.325149,1.708026,0.41657,10.00
0.198000,5.376988,1.662226,0.41292,10.00
0.198010,5.426595,1.607154,0.40922,10.00
0.198020,5.473233,1.543090,0.40552,10.00
0.198030,5.516516,1.470408,0.40185,10.00
0.198040,5.556080,1.389556,0.39823,10.00
0.198050,5.591687,1.301048,0.39470,10.00
0.198060,5.623323,1.205415,0.39126,10.00
0.198070,5.650296,1.103265,0.38796,10.00
0.198080,5.672351,0.995293,0.38483,10.00
0.198090,5.689266,0.882250,0.38189,10.00
0.198100,5.700993,0.764933,0.37918,10.00
0.198110,5.707795,0.644117,0.37667,10.00
0.198120,5.709009,0.520632,0.37443,10.00
0.198130,5.704563,0.395385,0.37247,10.00
0.198140,5.694428,0.269307,0.37082,10.00
0.198150,5.678491,0.143346,0.36948,10.00
0.198160,5.656427,0.018524,0.36852,10.00
0.198170,5.628855,-0.104155,0.36791,10.00
0.198180,5.595924,-0.223733,0.36765,10.00
0.198190,5.557822,-0.339261,0.36776,10.00
0.198200,5.514558,-0.449812,0.36825,10.00
0.198210,5.466653,-0.500000,0.36913,10.00
0.198220,5.418635,-0.500000,0.37019,10.00
0.198230,5.370836,-0.500000,0.37139,10.00
0.198240,5.323253,-0.500000,0.37271,10.00
0.198250,5.276222,-0.500000,0.37417,10.00
0.198260,5.230741,-0.500000,0.37567,10.00
0.198270,5.185467,-0.500000,0.37730,10.00
0.198280,5.140399,-0.500000,0.37905,10.00
0.198290,5.095534,-0.500000,0.38093,10.00
0.198300,5.050515,-0.500000,0.38293,10.00
0.198310,5.004267,-0.500000,0.38515,10.00
0.198320,4.958228,-0.500000,0.38750,10.00
0.198330,4.912399,-0.500000,0.38997,10.00
0.198340,4.866777,-0.500000,0.39257,10.00
0.198350,4.821398,-0.500000,0.39530,10.00
0.198360,4.776368,-0.499624,0.39814,10.00
0.198370,4.731705,-0.493085,0.40111,10.00
0.198380,4.687760,-0.478525,0.40417,10.00
0.198390,4.644893,-0.455963,0.40732,10.00
0.198400,4.603261,-0.425480,0.41052,10.00
0.198410,4.562621,-0.387123,0.41381,10.00
0.198420,4.524118,-0.341028,0.41712,10.00
0.198430,4.488085,-0.287461,0.42041,10.00
0.198440,4.454842,-0.226743,0.42368,10.00
0.198450,4.424930,-0.159255,0.42689,10.00
0.198460,4.399343,-0.085552,0.42997,10.00
0.198470,4.377373,-0.006202,0.43293,10.00
0.198480,4.359243,0.078253,0.43577,10.00
0.198490,4.345153,0.167227,0.43845,10.00
0.198500,4.335268,0.260091,0.44097,10.00
0.198510,4.329720,0.356182,0.44329,10.00
0.198520,4.328628,0.454803,0.44540,10.00
0.198530,4.332068,0.555227,0.44729,10.00
0.198540,4.340080,0.656708,0.44893,10.00
0.198550,4.352879,0.758479,0.45031,10.00
0.198560,4.371058,0.859664,0.45137,10.00
0.198570,4.393708,0.959413,0.45214,10.00
0.198580,4.420724,1.056944,0.45262,10.00
0.198590,4.451964,1.151482,0.45280,10.00
0.198600,4.487079,1.242266,0.45268,10.00
0.198610,4.525342,1.328639,0.45230,10.00
0.198620,4.567215,1.409941,0.45161,10.00
0.198630,4.612432,1.485488,0.45063,10.00
0.198640,4.660700,1.554630,0.44935,10.00
0.198650,4.711838,1.616759,0.44778,10.00
0.198660,4.765918,1.671245,0.44590,10.00
0.198670,4.822003,1.717531,0.44375,10.00
0.198680,4.879700,1.755161,0.44135,10.00
0.198690,4.938597,1.783740,0.43870,10.00
0.198700,4.998428,1.802937,0.43584,10.00
0.198710,5.059231,1.812411,0.43273,10.00
0.198720,5.119916,1.811918,0.42944,10.00
0.198730,5.180030,1.801337,0.42600,10.00
0.198740,5.239114,1.780623,0.42242,10.00
0.198750,5.296409,1.749808,0.41874,10.00
0.198760,5.350551,1.709150,0.41505,10.00
0.198770,5.402342,1.658935,0.41132,10.00
0.198780,5.451365,1.599428,0.40758,10.00
0.198790,5.497221,1.530966,0.40384,10.00
0.198800,5.539524,1.453961,0.40015,10.00
0.198810,5.577902,1.368894,0.39652,10.00
0.198820,5.612040,1.276315,0.39299,10.00
0.198830,5.641633,1.176837,0.38959,10.00
0.198840,5.666405,1.071130,0.38635,10.00
0.198850,5.686179,0.959923,0.38329,10.00
0.198860,5.700934,0.843964,0.38042,10.00
0.198870,5.710250,0.724057,0.37779,10.00
0.198880,5.713996,0.601065,0.37541,10.00
0.198890,5.712081,0.475886,0.37330,10.00
0.198900,5.704396,0.349445,0.37150,10.00
0.198910,5.690748,0.222719,0.37003,10.00
0.198920,5.671427,0.096688,0.36888,10.00
0.198930,5.646517,-0.027681,0.36809,10.00
0.198940,5.616146,-0.149422,0.36765,10.00
0.198950,5.580448,-0.267577,0.36757,10.00
0.198960,5.539530,-0.381188,0.36788,10.00
0.198970,5.493789,-0.489322,0.36855,10.00
0.198980,5.445832,-0.500000,0.36952,10.00
0.198990,5.398092,-0.500000,0.37063,10.00
0.199000,5.350840,-0.500000,0.37187,10.00
0.199010,5.304885,-0.500000,0.37318,10.00
0.199020,5.259137,-0.500000,0.37461,10.00
0.199030,5.213598,-0.500000,0.37616,10.00
0.199040,5.168265,-0.500000,0.37784,10.00
0.199050,5.122945,-0.500000,0.37965,10.00
0.199060,5.077062,-0.500000,0.38163,10.00
0.199070,5.031387,-0.500000,0.38374,10.00
0.199080,4.985919,-0.500000,0.38598,10.00
0.199090,4.940658,-0.500000,0.38834,10.00
0.199100,4.895558,-0.500000,0.39083,10.00
0.199110,4.850486,-0.500000,0.39345,10.00
0.199120,4.805619,-0.500000,0.39620,10.00
0.199130,4.760980,-0.498318,0.39907,10.00
0.199140,4.716816,-0.489144,0.40206,10.00
0.199150,4.673533,-0.471995,0.40513,10.00
0.199160,4.631627,-0.446934,0.40827,10.00
0.199170,4.591262,-0.414078,0.41146,10.00
0.199180,4.552778,-0.373588,0.41468,10.00
0.199190,4.516509,-0.325686,0.41790,10.00
0.199200,4.482904,-0.270653,0.42111,10.00
0.199210,4.452652,-0.208891,0.42424,10.00
0.199220,4.425513,-0.140837,0.42730,10.00
0.199230,4.401746,-0.066938,0.43028,10.00
0.199240,4.381587,0.012308,0.43314,10.00
0.199250,4.365002,0.096357,0.43587,10.00
0.199260,4.351446,0.184739,0.43851,10.00
0.199270,4.342066,0.276910,0.44098,10.00
0.199280,4.336998,0.372206,0.44326,10.00
0.199290,4.336346,0.469936,0.44533,10.00
0.199300,4.340281,0.569379,0.44717,10.00
0.199310,4.349142,0.669745,0.44874,10.00
0.199320,4.362523,0.770243,0.45006,10.00
0.199330,4.380388,0.870105,0.45110,10.00
0.199340,4.402667,0.968557,0.45186,10.00
0.199350,4.429473,1.064828,0.45234,10.00
0.199360,4.461310,1.158049,0.45246,10.00
0.199370,4.497130,1.247398,0.45228,10.00
0.199380,4.536718,1.332143,0.45180,10.00
0.199390,4.579830,1.411579,0.45102,10.00
0.199400,4.626089,1.485031,0.44994,10.00
0.199410,4.674895,1.551913,0.44859,10.00
0.199420,4.726323,1.611662,0.44696,10.00
0.199430,4.780020,1.663734,0.44505,10.00
0.199440,4.835616,1.707636,0.44288,10.00
0.199450,4.892717,1.742929,0.44046,10.00
0.199460,4.950913,1.769238,0.43782,10.00
0.199470,5.009787,1.786251,0.43495,10.00
0.199480,5.068907,1.793721,0.43190,10.00
0.199490,5.127833,1.791472,0.42867,10.00
0.199500,5.185915,1.779402,0.42530,10.00
0.199510,5.242098,1.757578,0.42185,10.00
0.199520,5.296772,1.726114,0.41831,10.00
0.199530,5.349511,1.685129,0.41469,10.00
0.199540,5.399896,1.634817,0.41104,10.00
0.199550,5.447569,1.575446,0.40737,10.00
0.199560,5.492278,1.507333,0.40371,10.00
0.199570,5.533465,1.430874,0.40008,10.00
0.199580,5.570780,1.346547,0.39653,10.00
0.199590,5.603898,1.254897,0.39308,10.00
0.199600,5.632589,1.156532,0.38975,10.00
0.199610,5.656787,1.052084,0.38657,10.00
0.199620,5.675986,0.942252,0.38356,10.00
0.199630,5.689987,0.827806,0.38076,10.00
0.199640,5.698624,0.709558,0.37820,10.00
0.199650,5.701800,0.588362,0.37588,10.00
0.199660,5.699502,0.465091,0.37384,10.00
0.199670,5.691587,0.340650,0.37209,10.00
0.199680,5.678051,0.215970,0.37065,10.00
0.199690,5.658936,0.091997,0.36953,10.00
0.199700,5.634215,-0.030318,0.36876,10.00
0.199710,5.603691,-0.149973,0.36837,10.00
0.199720,5.567972,-0.265989,0.36833,10.00
0.199730,5.527272,-0.377440,0.36866,10.00
0.199740,5.481845,-0.483423,0.36936,10.00
0.199750,5.433899,-0.500000,0.37036,10.00
0.199760,5.385875,-0.500000,0.37152,10.00
0.199770,5.338069,-0.500000,0.37281,10.00
0.199780,5.290480,-0.500000,0.37424,10.00
0.199790,5.243107,-0.500000,0.37579,10.00
0.199800,5.196144,-0.500000,0.37748,10.00
0.199810,5.150174,-0.500000,0.37925,10.00
0.199820,5.104413,-0.500000,0.38114,10.00
0.199830,5.058859,-0.500000,0.38316,10.00
0.199840,5.013512,-0.500000,0.38531,10.00
0.199850,4.968195,-0.500000,0.38758,10.00
0.199860,4.922385,-0.500000,0.39003,10.00
0.199870,4.876782,-0.500000,0.39260,10.00
0.199880,4.831386,-0.500000,0.39529,10.00
0.199890,4.786198,-0.499857,0.39811,10.00
0.199900,4.741449,-0.494343,0.40106,10.00
0.199910,4.697800,-0.480855,0.40408,10.00
0.199920,4.655178,-0.459440,0.40718,10.00
0.199930,4.613935,-0.430171,0.41034,10.00
0.199940,4.574418,-0.393182,0.41354,10.00
0.199950,4.536898,-0.348666,0.41676,10.00
0.199960,4.501502,-0.296846,0.41998,10.00
0.199970,4.468810,-0.238010,0.42318,10.00
0.199980,4.439118,-0.172529,0.42633,10.00
0.199990,4.412703,-0.100825,0.42940,10.00
