time_s,Vout_V,iL_A,duty,Rload_ohm
0.000000,5.000364,0.500000,0.41875,10.00
0.000010,5.002173,0.499826,0.41866,10.00
0.000020,5.003958,0.499362,0.41857,10.00
0.000030,5.005707,0.498615,0.41848,10.00
0.000040,5.007406,0.497589,0.41838,10.00
0.000050,5.008781,0.496294,0.41830,10.00
0.000060,5.009036,0.494866,0.41827,10.00
0.000070,5.009225,0.493400,0.41826,10.00
0.000080,5.009345,0.491907,0.41824,10.00
0.000090,5.009397,0.490397,0.41823,10.00
0.000100,5.009074,0.488882,0.41823,10.00
0.000110,5.007464,0.487519,0.41830,10.00
0.000120,5.005806,0.486417,0.41838,10.00
0.000130,5.004114,0.485582,0.41846,10.00
0.000140,5.002398,0.485018,0.41854,10.00
0.000150,5.000796,0.484730,0.41862,10.00
0.000160,4.999687,0.484659,0.41868,10.00
0.000170,4.998585,0.484766,0.41873,10.00
0.000180,4.997498,0.485048,0.41879,10.00
0.000190,4.996433,0.485504,0.41885,10.00
0.000200,4.995542,0.486129,0.41890,10.00
0.000210,4.995259,0.486849,0.41892,10.00
0.000220,4.995011,0.487613,0.41894,10.00
0.000230,4.994800,0.488416,0.41895,10.00
0.000240,4.994627,0.489250,0.41896,10.00
0.000250,4.994529,0.490111,0.41898,10.00
0.000260,4.994609,0.490975,0.41898,10.00
0.000270,4.994727,0.491824,0.41898,10.00
0.000280,4.994883,0.492653,0.41897,10.00
0.000290,4.995075,0.493456,0.41897,10.00
0.000300,4.995263,0.494226,0.41896,10.00
0.000310,4.995332,0.494977,0.41896,10.00
0.000320,4.995434,0.495715,0.41896,10.00
0.000330,4.995569,0.496436,0.41896,10.00
0.000340,4.995735,0.497134,0.41895,10.00
0.000350,4.995800,0.497804,0.41895,10.00
0.000360,4.995366,0.498505,0.41897,10.00
0.000370,4.994969,0.499274,0.41900,10.00
0.000380,4.994610,0.500104,0.41902,10.00
0.000390,4.994292,0.500991,0.41904,10.00
0.000400,4.993860,0.501927,0.41906,10.00
0.000410,4.992852,0.502979,0.41911,10.00
0.000420,4.991901,0.504191,0.41917,10.00
0.000430,4.991014,0.505552,0.41922,10.00
0.000440,4.990196,0.507053,0.41927,10.00
0.000450,4.989632,0.508681,0.41931,10.00
0.000460,4.989862,0.510339,0.41931,10.00
0.000470,4.990164,0.511957,0.41931,10.00
0.000480,4.990537,0.513523,0.41930,10.00
0.000490,4.990978,0.515027,0.41928,10.00
0.000500,4.991532,0.516457,0.41926,10.00
0.000510,4.992341,0.517780,0.41923,10.00
0.000520,4.993203,0.518971,0.41919,10.00
0.000530,4.994111,0.520022,0.41915,10.00
0.000540,4.995059,0.520926,0.41911,10.00
0.000550,4.996201,0.521677,0.41907,10.00
0.000560,4.998009,0.522192,0.41898,10.00
0.000570,4.999824,0.522417,0.41889,10.00
0.000580,5.001634,0.522351,0.41880,10.00
0.000590,5.003424,0.521997,0.41871,10.00
0.000600,5.004862,0.521356,0.41861,10.00
0.000610,5.004982,0.520590,0.41860,10.00
0.000620,5.005066,0.519806,0.41860,10.00
0.000630,5.005114,0.519009,0.41859,10.00
0.000640,5.005125,0.518207,0.41858,10.00
0.000650,5.005427,0.517404,0.41858,10.00
0.000660,5.006997,0.516449,0.41850,10.00
0.000670,5.008510,0.515246,0.41841,10.00
0.000680,5.009955,0.513802,0.41833,10.00
0.000690,5.011321,0.512131,0.41826,10.00
0.000700,5.012419,0.510244,0.41818,10.00
0.000710,5.012700,0.508244,0.41816,10.00
0.000720,5.012888,0.506202,0.41814,10.00
0.000730,5.012982,0.504135,0.41812,10.00
0.000740,5.012981,0.502056,0.41811,10.00
0.000750,5.012979,0.499981,0.41810,10.00
0.000760,5.013258,0.497881,0.41808,10.00
0.000770,5.013439,0.495740,0.41806,10.00
0.000780,5.013521,0.493574,0.41804,10.00
0.000790,5.013504,0.491400,0.41803,10.00
0.000800,5.013196,0.489232,0.41802,10.00
0.000810,5.012027,0.487179,0.41807,10.00
0.000820,5.010775,0.485317,0.41812,10.00
0.000830,5.009450,0.483659,0.41818,10.00
0.000840,5.008061,0.482216,0.41824,10.00
0.000850,5.006744,0.480997,0.41831,10.00
0.000860,5.005879,0.479952,0.41835,10.00
0.000870,5.004974,0.479047,0.41839,10.00
0.000880,5.004036,0.478289,0.41843,10.00
0.000890,5.003072,0.477681,0.41848,10.00
0.000900,5.001912,0.477230,0.41852,10.00
0.000910,5.000038,0.477021,0.41861,10.00
0.000920,4.998170,0.477112,0.41871,10.00
0.000930,4.996324,0.477502,0.41880,10.00
0.000940,4.994512,0.478185,0.41890,10.00
0.000950,4.992936,0.479158,0.41899,10.00
0.000960,4.992172,0.480319,0.41904,10.00
0.000970,4.991468,0.481601,0.41908,10.00
0.000980,4.990829,0.482993,0.41912,10.00
0.000990,4.990258,0.484484,0.41916,10.00
0.001000,4.989701,0.486064,0.41919,10.00
0.001010,4.988982,0.487749,0.41923,10.00
0.001020,4.988346,0.489545,0.41928,10.00
0.001030,4.987797,0.491440,0.41931,10.00
0.001040,4.987338,0.493419,0.41935,10.00
0.001050,4.986964,0.495468,0.41938,10.00
0.001060,4.986647,0.497575,0.41940,10.00
0.001070,4.986428,0.499729,0.41943,10.00
0.001080,4.986309,0.501914,0.41944,10.00
0.001090,4.986290,0.504114,0.41946,10.00
0.001100,4.986745,0.506313,0.41947,10.00
0.001110,4.988787,0.508315,0.41937,10.00
0.001120,4.990902,0.509986,0.41928,10.00
0.001130,4.993074,0.511317,0.41918,10.00
0.001140,4.995287,0.512298,0.41907,10.00
0.001150,4.997254,0.512923,0.41896,10.00
0.001160,4.998152,0.513319,0.41892,10.00
0.001170,4.999060,0.513572,0.41887,10.00
0.001180,4.999971,0.513678,0.41883,10.00
0.001190,5.000879,0.513639,0.41878,10.00
0.001200,5.001776,0.513454,0.41874,10.00
0.001210,5.002647,0.513127,0.41869,10.00
0.001220,5.003497,0.512662,0.41865,10.00
0.001230,5.004317,0.512062,0.41860,10.00
0.001240,5.005103,0.511331,0.41856,10.00
0.001250,5.005875,0.510476,0.41852,10.00
0.001260,5.006707,0.509491,0.41847,10.00
0.001270,5.007486,0.508376,0.41843,10.00
0.001280,5.008208,0.507137,0.41838,10.00
0.001290,5.008867,0.505786,0.41834,10.00
0.001300,5.009383,0.504332,0.41830,10.00
0.001310,5.009527,0.502822,0.41829,10.00
0.001320,5.009601,0.501293,0.41828,10.00
0.001330,5.009605,0.499754,0.41827,10.00
0.001340,5.009539,0.498218,0.41826,10.00
0.001350,5.009281,0.496695,0.41826,10.00
0.001360,5.008467,0.495256,0.41829,10.00
0.001370,5.007594,0.493949,0.41833,10.00
0.001380,5.006670,0.492785,0.41837,10.00
0.001390,5.005702,0.491770,0.41841,10.00
0.001400,5.004784,0.490913,0.41846,10.00
0.001410,5.004190,0.490175,0.41849,10.00
0.001420,5.003568,0.489533,0.41851,10.00
0.001430,5.002921,0.488993,0.41854,10.00
0.001440,5.002256,0.488556,0.41857,10.00
0.001450,5.001641,0.488227,0.41861,10.00
0.001460,5.001270,0.487976,0.41862,10.00
0.001470,5.000891,0.487786,0.41864,10.00
0.001480,5.000506,0.487656,0.41866,10.00
0.001490,5.000119,0.487588,0.41868,10.00
0.001500,4.999682,0.487582,0.41870,10.00
0.001510,4.999043,0.487663,0.41873,10.00
0.001520,4.998414,0.487845,0.41876,10.00
0.001530,4.997799,0.488128,0.41880,10.00
0.001540,4.997202,0.488508,0.41883,10.00
0.001550,4.996517,0.488983,0.41886,10.00
0.001560,4.995420,0.489602,0.41892,10.00
0.001570,4.994360,0.490396,0.41897,10.00
0.001580,4.993345,0.491357,0.41903,10.00
0.001590,4.992384,0.492478,0.41908,10.00
0.001600,4.991653,0.493751,0.41914,10.00
0.001610,4.991669,0.495084,0.41914,10.00
0.001620,4.991746,0.496411,0.41915,10.00
0.001630,4.991882,0.497724,0.41915,10.00
0.001640,4.992077,0.499012,0.41914,10.00
0.001650,4.992240,0.500267,0.41914,10.00
0.001660,4.992108,0.501522,0.41915,10.00
0.001670,4.992034,0.502795,0.41916,10.00
0.001680,4.992018,0.504077,0.41917,10.00
0.001690,4.992061,0.505360,0.41918,10.00
0.001700,4.992242,0.506633,0.41918,10.00
0.001710,4.992798,0.507849,0.41916,10.00
0.001720,4.993405,0.508974,0.41913,10.00
0.001730,4.994057,0.509999,0.41910,10.00
0.001740,4.994750,0.510919,0.41907,10.00
0.001750,4.995540,0.511726,0.41904,10.00
0.001760,4.996610,0.512385,0.41899,10.00
0.001770,4.997700,0.512872,0.41894,10.00
0.001780,4.998802,0.513183,0.41889,10.00
0.001790,4.999908,0.513318,0.41883,10.00
0.001800,5.001039,0.513276,0.41878,10.00
0.001810,5.002271,0.513044,0.41871,10.00
0.001820,5.003481,0.512615,0.41865,10.00
0.001830,5.004660,0.511994,0.41859,10.00
0.001840,5.005802,0.511186,0.41853,10.00
0.001850,5.006766,0.510197,0.41847,10.00
0.001860,5.007161,0.509097,0.41844,10.00
0.001870,5.007503,0.507936,0.41842,10.00
0.001880,5.007788,0.506722,0.41840,10.00
0.001890,5.008017,0.505465,0.41838,10.00
0.001900,5.008277,0.504174,0.41836,10.00
0.001910,5.008840,0.502815,0.41833,10.00
0.001920,5.009337,0.501368,0.41829,10.00
0.001930,5.009764,0.499845,0.41826,10.00
0.001940,5.010118,0.498257,0.41824,10.00
0.001950,5.010108,0.496614,0.41822,10.00
0.001960,5.008875,0.495069,0.41827,10.00
0.001970,5.007584,0.493724,0.41833,10.00
0.001980,5.006243,0.492588,0.41839,10.00
0.001990,5.004862,0.491668,0.41845,10.00
0.002000,5.003636,0.490971,0.41852,10.00
0.002010,5.003124,0.490412,0.41854,10.00
0.002020,5.002590,0.489936,0.41856,10.00
0.002030,5.002040,0.489546,0.41859,10.00
0.002040,5.001478,0.489245,0.41862,10.00
0.002050,5.000734,0.489035,0.41864,10.00
0.002060,4.999303,0.488998,0.41872,10.00
0.002070,4.997883,0.489191,0.41879,10.00
0.002080,4.996484,0.489610,0.41886,10.00
0.002090,4.995117,0.490252,0.41893,10.00
0.002100,4.994329,0.491111,0.41900,10.00
0.002110,4.995728,0.491922,0.41894,10.00
0.002120,4.997152,0.492508,0.41887,10.00
0.002130,4.998590,0.492866,0.41880,10.00
0.002140,5.000032,0.492993,0.41873,10.00
0.002150,5.000915,0.492890,0.41866,10.00
0.002160,4.999592,0.492822,0.41872,10.00
0.002170,4.998278,0.492966,0.41879,10.00
0.002180,4.996982,0.493319,0.41886,10.00
0.002190,4.995713,0.493879,0.41892,10.00
0.002200,4.994795,0.494640,0.41899,10.00
0.002210,4.995173,0.495446,0.41897,10.00
0.002220,4.995584,0.496190,0.41896,10.00
0.002230,4.996025,0.496868,0.41894,10.00
0.002240,4.996493,0.497473,0.41892,10.00
0.002250,4.996871,0.498002,0.41890,10.00
0.002260,4.996817,0.498507,0.41890,10.00
0.002270,4.996786,0.499019,0.41891,10.00
0.002280,4.996779,0.499535,0.41891,10.00
0.002290,4.996795,0.500051,0.41891,10.00
0.002300,4.996733,0.500564,0.41891,10.00
0.002310,4.996291,0.501117,0.41894,10.00
0.002320,4.995878,0.501741,0.41896,10.00
0.002330,4.995497,0.502429,0.41898,10.00
0.002340,4.995151,0.503177,0.41901,10.00
0.002350,4.995159,0.503978,0.41903,10.00
0.002360,4.996468,0.504676,0.41896,10.00
0.002370,4.997798,0.505162,0.41890,10.00
0.002380,4.999137,0.505436,0.41883,10.00
0.002390,5.000478,0.505494,0.41877,10.00
0.002400,5.001725,0.505338,0.41870,10.00
0.002410,5.002622,0.505010,0.41865,10.00
0.002420,5.003497,0.504539,0.41861,10.00
0.002430,5.004342,0.503930,0.41856,10.00
0.002440,5.005152,0.503186,0.41852,10.00
0.002450,5.005723,0.502315,0.41847,10.00
0.002460,5.005463,0.501417,0.41848,10.00
0.002470,5.005164,0.500562,0.41849,10.00
0.002480,5.004829,0.499757,0.41850,10.00
0.002490,5.004461,0.499006,0.41852,10.00
0.002500,5.004221,0.498316,0.41853,10.00
0.002510,5.004586,0.497615,0.41851,10.00
0.002520,5.004915,0.496857,0.41849,10.00
0.002530,5.005208,0.496048,0.41847,10.00
0.002540,5.005461,0.495193,0.41846,10.00
0.002550,5.005840,0.494300,0.41844,10.00
0.002560,5.006839,0.493295,0.41839,10.00
0.002570,5.007784,0.492131,0.41833,10.00
0.002580,5.008668,0.490820,0.41828,10.00
0.002590,5.009485,0.489369,0.41823,10.00
0.002600,5.010025,0.487791,0.41819,10.00
0.002610,5.009678,0.486194,0.41819,10.00
0.002620,5.009262,0.484657,0.41821,10.00
0.002630,5.008779,0.483188,0.41822,10.00
0.002640,5.008235,0.481800,0.41824,10.00
0.002650,5.007762,0.480502,0.41827,10.00
0.002660,5.007753,0.479240,0.41826,10.00
0.002670,5.007687,0.477982,0.41826,10.00
0.002680,5.007564,0.476737,0.41826,10.00
0.002690,5.007387,0.475514,0.41826,10.00
0.002700,5.007079,0.474322,0.41826,10.00
0.002710,5.006417,0.473206,0.41829,10.00
0.002720,5.005711,0.472198,0.41832,10.00
0.002730,5.004966,0.471305,0.41835,10.00
0.002740,5.004186,0.470533,0.41839,10.00
0.002750,5.003014,0.469887,0.41842,10.00
0.002760,5.000373,0.469546,0.41856,10.00
0.002770,4.997740,0.469628,0.41869,10.00
0.002780,4.995134,0.470131,0.41882,10.00
0.002790,4.992574,0.471049,0.41895,10.00
0.002800,4.990516,0.472375,0.41909,10.00
0.002810,4.990282,0.473887,0.41911,10.00
0.002820,4.990119,0.475433,0.41912,10.00
0.002830,4.990028,0.477003,0.41914,10.00
0.002840,4.990008,0.478585,0.41915,10.00
0.002850,4.989722,0.480166,0.41915,10.00
0.002860,4.988163,0.481899,0.41924,10.00
0.002870,4.986695,0.483878,0.41932,10.00
0.002880,4.985331,0.486087,0.41940,10.00
0.002890,4.984079,0.488510,0.41948,10.00
0.002900,4.983326,0.491129,0.41955,10.00
0.002910,4.984204,0.493742,0.41952,10.00
0.002920,4.985192,0.496209,0.41949,10.00
0.002930,4.986284,0.498515,0.41944,10.00
0.002940,4.987471,0.500641,0.41940,10.00
0.002950,4.988593,0.502573,0.41934,10.00
0.002960,4.989195,0.504371,0.41932,10.00
0.002970,4.989873,0.506068,0.41930,10.00
0.002980,4.990622,0.507655,0.41927,10.00
0.002990,4.991436,0.509118,0.41924,10.00
0.003000,4.992360,0.510448,0.41920,10.00
0.003010,4.993543,0.511612,0.41915,10.00
0.003020,4.994769,0.512584,0.41909,10.00
0.003030,4.996027,0.513359,0.41903,10.00
0.003040,4.997309,0.513931,0.41897,10.00
0.003050,4.998633,0.514296,0.41891,10.00
0.003060,5.000066,0.514441,0.41884,10.00
0.003070,5.001492,0.514357,0.41876,10.00
0.003080,5.002903,0.514045,0.41869,10.00
0.003090,5.004286,0.513508,0.41862,10.00
0.003100,5.005427,0.512751,0.41855,10.00
0.003110,5.005700,0.511879,0.41853,10.00
0.003120,5.005931,0.510965,0.41851,10.00
0.003130,5.006119,0.510015,0.41850,10.00
0.003140,5.006262,0.509038,0.41849,10.00
0.003150,5.006525,0.508039,0.41848,10.00
0.003160,5.007400,0.506947,0.41843,10.00
0.003170,5.008218,0.505718,0.41838,10.00
0.003180,5.008973,0.504360,0.41833,10.00
0.003190,5.009660,0.502884,0.41829,10.00
0.003200,5.010393,0.501301,0.41825,10.00
0.003210,5.011524,0.499566,0.41818,10.00
0.003220,5.012567,0.497653,0.41812,10.00
0.003230,5.013514,0.495577,0.41806,10.00
0.003240,5.014358,0.493354,0.41801,10.00
0.003250,5.014847,0.491000,0.41796,10.00
0.003260,5.014244,0.488652,0.41798,10.00
0.003270,5.013539,0.486404,0.41800,10.00
0.003280,5.012739,0.484274,0.41803,10.00
0.003290,5.011850,0.482275,0.41806,10.00
0.003300,5.011022,0.480423,0.41810,10.00
0.003310,5.010696,0.478660,0.41811,10.00
0.003320,5.010294,0.476952,0.41812,10.00
0.003330,5.009817,0.475313,0.41813,10.00
0.003340,5.009270,0.473752,0.41815,10.00
0.003350,5.008359,0.472283,0.41818,10.00
0.003360,5.006203,0.471057,0.41828,10.00
0.003370,5.004009,0.470178,0.41838,10.00
0.003380,5.001796,0.469651,0.41849,10.00
0.003390,4.999578,0.469479,0.41860,10.00
0.003400,4.997374,0.469663,0.41871,10.00
0.003410,4.995206,0.470197,0.41882,10.00
0.003420,4.993082,0.471077,0.41893,10.00
0.003430,4.991017,0.472295,0.41904,10.00
0.003440,4.989026,0.473840,0.41915,10.00
0.003450,4.986998,0.475701,0.41926,10.00
0.003460,4.984577,0.477922,0.41939,10.00
0.003470,4.982278,0.480526,0.41952,10.00
0.003480,4.980118,0.483492,0.41965,10.00
0.003490,4.978111,0.486798,0.41976,10.00
0.003500,4.976403,0.490418,0.41988,10.00
0.003510,4.975394,0.494262,0.41995,10.00
0.003520,4.974568,0.498260,0.42001,10.00
0.003530,4.973931,0.502383,0.42006,10.00
0.003540,4.973487,0.506599,0.42011,10.00
0.003550,4.973495,0.510878,0.42015,10.00
0.003560,4.974725,0.515065,0.42011,10.00
0.003570,4.976133,0.519048,0.42006,10.00
0.003580,4.977710,0.522798,0.42000,10.00
0.003590,4.979442,0.526288,0.41993,10.00
0.003600,4.981232,0.529495,0.41985,10.00
0.003610,4.982811,0.532436,0.41979,10.00
0.003620,4.984508,0.535120,0.41972,10.00
0.003630,4.986313,0.537527,0.41964,10.00
0.003640,4.988210,0.539641,0.41956,10.00
0.003650,4.990306,0.541447,0.41947,10.00
0.003660,4.992943,0.542877,0.41935,10.00
0.003670,4.995621,0.543882,0.41922,10.00
0.003680,4.998320,0.544457,0.41909,10.00
0.003690,5.001022,0.544600,0.41895,10.00
0.003700,5.003413,0.544310,0.41881,10.00
0.003710,5.004602,0.543732,0.41875,10.00
0.003720,5.005754,0.542965,0.41869,10.00
0.003730,5.006861,0.542015,0.41863,10.00
0.003740,5.007915,0.540890,0.41857,10.00
0.003750,5.008994,0.539598,0.41851,10.00
0.003760,5.010348,0.538109,0.41844,10.00
0.003770,5.011622,0.536406,0.41836,10.00
0.003780,5.012807,0.534503,0.41829,10.00
0.003790,5.013896,0.532413,0.41823,10.00
0.003800,5.015223,0.530154,0.41817,10.00
0.003810,5.017802,0.527576,0.41802,10.00
0.003820,5.020241,0.524592,0.41788,10.00
0.003830,5.022523,0.521223,0.41775,10.00
0.003840,5.024632,0.517497,0.41763,10.00
0.003850,5.026356,0.513440,0.41751,10.00
0.003860,5.027093,0.509178,0.41745,10.00
0.003870,5.027630,0.504807,0.41740,10.00
0.003880,5.027964,0.500359,0.41736,10.00
0.003890,5.028094,0.495866,0.41732,10.00
0.003900,5.027969,0.491361,0.41730,10.00
0.003910,5.027444,0.486900,0.41731,10.00
0.003920,5.026722,0.482531,0.41732,10.00
0.003930,5.025808,0.478287,0.41734,10.00
0.003940,5.024709,0.474197,0.41737,10.00
0.003950,5.023283,0.470290,0.41742,10.00
0.003960,5.021083,0.466668,0.41751,10.00
0.003970,5.018739,0.463404,0.41761,10.00
0.003980,5.016268,0.460521,0.41771,10.00
0.003990,5.013689,0.458039,0.41783,10.00
0.004000,5.011183,0.455974,0.41795,10.00
0.004010,5.009258,0.454262,0.41804,10.00
0.004020,5.007273,0.452860,0.41813,10.00
0.004030,5.005242,0.451778,0.41823,10.00
0.004040,5.003179,0.451024,0.41833,10.00
0.004050,5.001074,0.450600,0.41843,10.00
0.004060,4.998861,0.450523,0.41854,10.00
0.004070,4.996664,0.450800,0.41865,10.00
0.004080,4.994499,0.451427,0.41876,10.00
0.004090,4.992382,0.452400,0.41887,10.00
0.004100,4.990494,0.453709,0.41898,10.00
0.004110,4.989344,0.455265,0.41905,10.00
0.004120,4.988275,0.457001,0.41911,10.00
0.004130,4.987294,0.458905,0.41917,10.00
0.004140,4.986409,0.460963,0.41923,10.00
0.004150,4.985359,0.463158,0.41928,10.00
0.004160,4.983363,0.465601,0.41939,10.00
0.004170,4.981494,0.468360,0.41950,10.00
0.004180,4.979768,0.471411,0.41961,10.00
0.004190,4.978195,0.474733,0.41970,10.00
0.004200,4.976935,0.478300,0.41979,10.00
0.004210,4.976437,0.482014,0.41984,10.00
0.004220,4.976112,0.485800,0.41988,10.00
0.004230,4.975961,0.489632,0.41990,10.00
0.004240,4.975985,0.493480,0.41992,10.00
0.004250,4.976142,0.497317,0.41993,10.00
0.004260,4.976302,0.501135,0.41995,10.00
0.004270,4.976634,0.504920,0.41995,10.00
0.004280,4.977135,0.508644,0.41995,10.00
0.004290,4.977801,0.512282,0.41993,10.00
0.004300,4.978534,0.515806,0.41991,10.00
0.004310,4.979061,0.519235,0.41990,10.00
0.004320,4.979738,0.522573,0.41989,10.00
0.004330,4.980560,0.525796,0.41986,10.00
0.004340,4.981521,0.528882,0.41983,10.00
0.004350,4.982827,0.531808,0.41979,10.00
0.004360,4.985107,0.534451,0.41969,10.00
0.004370,4.987486,0.536724,0.41959,10.00
0.004380,4.989946,0.538613,0.41947,10.00
0.004390,4.992471,0.540105,0.41935,10.00
0.004400,4.995119,0.541190,0.41923,10.00
0.004410,4.998106,0.541825,0.41909,10.00
0.004420,5.001095,0.541981,0.41894,10.00
0.004430,5.004064,0.541659,0.41879,10.00
0.004440,5.006993,0.540862,0.41864,10.00
0.004450,5.009758,0.539600,0.41848,10.00
0.004460,5.012036,0.537930,0.41836,10.00
0.004470,5.014219,0.535898,0.41824,10.00
0.004480,5.016290,0.533522,0.41812,10.00
0.004490,5.018235,0.530819,0.41801,10.00
0.004500,5.020067,0.527811,0.41790,10.00
0.004510,5.021853,0.524507,0.41780,10.00
0.004520,5.023473,0.520923,0.41770,10.00
0.004530,5.024916,0.517088,0.41760,10.00
0.004540,5.026172,0.513029,0.41752,10.00
0.004550,5.027196,0.508777,0.41744,10.00
0.004560,5.027867,0.504382,0.41738,10.00
0.004570,5.028333,0.499888,0.41734,10.00
0.004580,5.028591,0.495328,0.41730,10.00
0.004590,5.028640,0.490736,0.41727,10.00
0.004600,5.028631,0.486144,0.41725,10.00
0.004610,5.029012,0.481515,0.41721,10.00
0.004620,5.029180,0.476834,0.41718,10.00
0.004630,5.029134,0.472136,0.41715,10.00
0.004640,5.028875,0.467454,0.41714,10.00
0.004650,5.028083,0.462822,0.41714,10.00
0.004660,5.025800,0.458429,0.41723,10.00
0.004670,5.023338,0.454410,0.41733,10.00
0.004680,5.020716,0.450793,0.41744,10.00
0.004690,5.017952,0.447601,0.41756,10.00
0.004700,5.015155,0.444857,0.41769,10.00
0.004710,5.012600,0.442539,0.41781,10.00
0.004720,5.009962,0.440633,0.41793,10.00
0.004730,5.007261,0.439153,0.41806,10.00
0.004740,5.004517,0.438108,0.41819,10.00
0.004750,5.001694,0.437503,0.41833,10.00
0.004760,4.998643,0.437370,0.41848,10.00
0.004770,4.995613,0.437724,0.41863,10.00
0.004780,4.992626,0.438562,0.41879,10.00
0.004790,4.989703,0.439876,0.41894,10.00
0.004800,4.987037,0.441655,0.41909,10.00
0.004810,4.985156,0.443802,0.41920,10.00
0.004820,4.983388,0.446246,0.41930,10.00
0.004830,4.981747,0.448967,0.41940,10.00
0.004840,4.980244,0.451946,0.41949,10.00
0.004850,4.978645,0.455160,0.41957,10.00
0.004860,4.976229,0.458702,0.41971,10.00
0.004870,4.973994,0.462623,0.41985,10.00
0.004880,4.971958,0.466894,0.41997,10.00
0.004890,4.970133,0.471483,0.42009,10.00
0.004900,4.968589,0.476354,0.42020,10.00
0.004910,4.967503,0.481444,0.42028,10.00
0.004920,4.966656,0.486699,0.42035,10.00
0.004930,4.966056,0.492079,0.42041,10.00
0.004940,4.965705,0.497544,0.42046,10.00
0.004950,4.965344,0.503055,0.42049,10.00
0.004960,4.964196,0.508697,0.42058,10.00
0.004970,4.963314,0.514511,0.42066,10.00
0.004980,4.962703,0.520455,0.42072,10.00
0.004990,4.962367,0.526485,0.42077,10.00
0.005000,4.962500,0.532556,0.42080,10.00
0.005010,4.963675,0.538533,0.42078,10.00
0.005020,4.965111,0.544311,0.42074,10.00
0.005030,4.966795,0.549848,0.42068,10.00
0.005040,4.968716,0.555104,0.42061,10.00
0.005050,4.971026,0.560044,0.42053,10.00
0.005060,4.974205,0.564551,0.42040,10.00
0.005070,4.977561,0.568541,0.42025,10.00
0.005080,4.981068,0.571986,0.42010,10.00
0.005090,4.984699,0.574864,0.41993,10.00
0.005100,4.988602,0.577156,0.41975,10.00
0.005110,4.993265,0.578765,0.41953,10.00
0.005120,4.997958,0.579624,0.41930,10.00
0.005130,5.002649,0.579732,0.41906,10.00
0.005140,5.007303,0.579089,0.41883,10.00
0.005150,5.011716,0.577704,0.41859,10.00
0.005160,5.015345,0.575670,0.41840,10.00
0.005170,5.018851,0.573060,0.41821,10.00
0.005180,5.022206,0.569894,0.41802,10.00
0.005190,5.025388,0.566198,0.41784,10.00
0.005200,5.028301,0.562000,0.41767,10.00
0.005210,5.030702,0.557368,0.41752,10.00
0.005220,5.032871,0.552361,0.41739,10.00
0.005230,5.034794,0.547017,0.41726,10.00
0.005240,5.036458,0.541375,0.41715,10.00
0.005250,5.037868,0.535479,0.41705,10.00
0.005260,5.039064,0.529362,0.41695,10.00
0.005270,5.039972,0.523066,0.41687,10.00
0.005280,5.040587,0.516637,0.41681,10.00
0.005290,5.040905,0.510122,0.41675,10.00
0.005300,5.041012,0.503569,0.41672,10.00
0.005310,5.041172,0.496983,0.41667,10.00
0.005320,5.041032,0.490384,0.41665,10.00
0.005330,5.040594,0.483820,0.41663,10.00
0.005340,5.039862,0.477338,0.41663,10.00
0.005350,5.038750,0.470987,0.41665,10.00
0.005360,5.036985,0.464855,0.41670,10.00
0.005370,5.034957,0.459017,0.41677,10.00
0.005380,5.032683,0.453515,0.41686,10.00
0.005390,5.030180,0.448387,0.41696,10.00
0.005400,5.027571,0.443669,0.41707,10.00
0.005410,5.025183,0.439344,0.41716,10.00
0.005420,5.022621,0.435409,0.41727,10.00
0.005430,5.019904,0.431892,0.41739,10.00
0.005440,5.017051,0.428815,0.41751,10.00
0.005450,5.013901,0.426201,0.41765,10.00
0.005460,5.009932,0.424155,0.41784,10.00
0.005470,5.005906,0.422746,0.41803,10.00
0.005480,5.001851,0.421984,0.41823,10.00
0.005490,4.997799,0.421872,0.41843,10.00
0.005500,4.993734,0.422408,0.41864,10.00
0.005510,4.989560,0.423607,0.41885,10.00
0.005520,4.985477,0.425471,0.41907,10.00
0.005530,4.981515,0.427984,0.41928,10.00
0.005540,4.977702,0.431125,0.41949,10.00
0.005550,4.974495,0.434870,0.41969,10.00
0.005560,4.973197,0.438984,0.41978,10.00
0.005570,4.972097,0.443297,0.41986,10.00
0.005580,4.971202,0.447778,0.41993,10.00
0.005590,4.970518,0.452394,0.41999,10.00
0.005600,4.969778,0.457110,0.42003,10.00
0.005610,4.968177,0.462023,0.42014,10.00
0.005620,4.966814,0.467182,0.42024,10.00
0.005630,4.965696,0.472549,0.42032,10.00
0.005640,4.964832,0.478085,0.42040,10.00
0.005650,4.964456,0.483748,0.42046,10.00
0.005660,4.965257,0.489387,0.42045,10.00
0.005670,4.966307,0.494887,0.42043,10.00
0.005680,4.967597,0.500209,0.42039,10.00
0.005690,4.969117,0.505315,0.42034,10.00
0.005700,4.970650,0.510167,0.42028,10.00
0.005710,4.971576,0.514831,0.42026,10.00
0.005720,4.972704,0.519338,0.42023,10.00
0.005730,4.974027,0.523656,0.42019,10.00
0.005740,4.975534,0.527754,0.42013,10.00
0.005750,4.976890,0.531603,0.42007,10.00
0.005760,4.977124,0.535331,0.42008,10.00
0.005770,4.977524,0.539015,0.42008,10.00
0.005780,4.978088,0.542627,0.42007,10.00
0.005790,4.978810,0.546142,0.42005,10.00
0.005800,4.979989,0.549534,0.42003,10.00
0.005810,4.982518,0.552634,0.41992,10.00
0.005820,4.985166,0.555324,0.41980,10.00
0.005830,4.987912,0.557585,0.41967,10.00
0.005840,4.990737,0.559403,0.41954,10.00
0.005850,4.993655,0.560766,0.41940,10.00
0.005860,4.996752,0.561647,0.41925,10.00
0.005870,4.999861,0.562032,0.41910,10.00
0.005880,5.002961,0.561919,0.41894,10.00
0.005890,5.006027,0.561311,0.41879,10.00
0.005900,5.008943,0.560213,0.41863,10.00
0.005910,5.011400,0.558682,0.41850,10.00
0.005920,5.013766,0.556761,0.41837,10.00
0.005930,5.016024,0.554466,0.41824,10.00
0.005940,5.018157,0.551814,0.41812,10.00
0.005950,5.020220,0.548825,0.41801,10.00
0.005960,5.022405,0.545490,0.41788,10.00
0.005970,5.024419,0.541813,0.41776,10.00
0.005980,5.026249,0.537820,0.41764,10.00
0.005990,5.027881,0.533542,0.41754,10.00
0.006000,5.029076,0.529012,0.41744,10.00
0.006010,5.029143,0.524373,0.41741,10.00
0.006020,5.028999,0.519731,0.41739,10.00
0.006030,5.028646,0.515121,0.41739,10.00
0.006040,5.028087,0.510577,0.41739,10.00
0.006050,5.027415,0.506130,0.41740,10.00
0.006060,5.026900,0.501771,0.41741,10.00
0.006070,5.026192,0.497503,0.41742,10.00
0.006080,5.025296,0.493356,0.41744,10.00
0.006090,5.024221,0.489360,0.41747,10.00
0.006100,5.023172,0.485544,0.41751,10.00
0.006110,5.022748,0.481839,0.41752,10.00
0.006120,5.022160,0.478209,0.41753,10.00
0.006130,5.021413,0.474680,0.41754,10.00
0.006140,5.020513,0.471278,0.41757,10.00
0.006150,5.019235,0.468026,0.41760,10.00
0.006160,5.016900,0.465058,0.41771,10.00
0.006170,5.014451,0.462470,0.41781,10.00
0.006180,5.011907,0.460278,0.41793,10.00
0.006190,5.009286,0.458497,0.41805,10.00
0.006200,5.006769,0.457139,0.41818,10.00
0.006210,5.004859,0.456133,0.41827,10.00
0.006220,5.002920,0.455435,0.41836,10.00
0.006230,5.000966,0.455049,0.41846,10.00
0.006240,4.999013,0.454975,0.41856,10.00
0.006250,4.997003,0.455214,0.41865,10.00
0.006260,4.994743,0.455797,0.41877,10.00
0.006270,4.992529,0.456739,0.41889,10.00
0.006280,4.990378,0.458034,0.41900,10.00
0.006290,4.988304,0.459671,0.41911,10.00
0.006300,4.986386,0.461635,0.41922,10.00
0.006310,4.984826,0.463883,0.41932,10.00
0.006320,4.983381,0.466376,0.41940,10.00
0.006330,4.982062,0.469095,0.41948,10.00
0.006340,4.980879,0.472019,0.41956,10.00
0.006350,4.979873,0.475127,0.41963,10.00
0.006360,4.979154,0.478380,0.41968,10.00
0.006370,4.978589,0.481740,0.41973,10.00
0.006380,4.978182,0.485185,0.41977,10.00
0.006390,4.977934,0.488689,0.41980,10.00
0.006400,4.977726,0.492225,0.41982,10.00
0.006410,4.977197,0.495826,0.41987,10.00
0.006420,4.976836,0.499505,0.41991,10.00
0.006430,4.976645,0.503235,0.41994,10.00
0.006440,4.976625,0.506988,0.41996,10.00
0.006450,4.976983,0.510737,0.41997,10.00
0.006460,4.978338,0.514355,0.41992,10.00
0.006470,4.979845,0.517750,0.41986,10.00
0.006480,4.981492,0.520897,0.41980,10.00
0.006490,4.983267,0.523774,0.41973,10.00
0.006500,4.984877,0.526363,0.41965,10.00
0.006510,4.985478,0.528778,0.41963,10.00
0.006520,4.986182,0.531093,0.41961,10.00
0.006530,4.986985,0.533290,0.41958,10.00
0.006540,4.987881,0.535355,0.41954,10.00
0.006550,4.988980,0.537272,0.41950,10.00
0.006560,4.990624,0.538973,0.41943,10.00
0.006570,4.992330,0.540407,0.41935,10.00
0.006580,4.994087,0.541565,0.41927,10.00
0.006590,4.995880,0.542441,0.41919,10.00
0.006600,4.997838,0.543028,0.41910,10.00
0.006610,5.000367,0.543255,0.41897,10.00
0.006620,5.002883,0.543078,0.41885,10.00
0.006630,5.005369,0.542499,0.41872,10.00
0.006640,5.007807,0.541523,0.41859,10.00
0.006650,5.009787,0.540160,0.41846,10.00
0.006660,5.010129,0.538608,0.41844,10.00
0.006670,5.010397,0.537004,0.41842,10.00
0.006680,5.010590,0.535360,0.41840,10.00
0.006690,5.010707,0.533688,0.41838,10.00
0.006700,5.010893,0.532001,0.41837,10.00
0.006710,5.011583,0.530240,0.41833,10.00
0.006720,5.012188,0.528372,0.41829,10.00
0.006730,5.012702,0.526411,0.41825,10.00
0.006740,5.013123,0.524371,0.41822,10.00
0.006750,5.013673,0.522267,0.41819,10.00
0.006760,5.015021,0.520008,0.41811,10.00
0.006770,5.016255,0.517537,0.41803,10.00
0.006780,5.017366,0.514874,0.41796,10.00
0.006790,5.018346,0.512039,0.41790,10.00
0.006800,5.019254,0.509052,0.41784,10.00
0.006810,5.020282,0.505905,0.41777,10.00
0.006820,5.021158,0.502599,0.41771,10.00
0.006830,5.021876,0.499160,0.41766,10.00
0.006840,5.022432,0.495613,0.41761,10.00
0.006850,5.022730,0.491984,0.41757,10.00
0.006860,5.022492,0.488343,0.41756,10.00
0.006870,5.022092,0.484748,0.41756,10.00
0.006880,5.021532,0.481224,0.41757,10.00
0.006890,5.020817,0.477796,0.41759,10.00
0.006900,5.019852,0.474489,0.41761,10.00
0.006910,5.018345,0.471375,0.41767,10.00
0.006920,5.016711,0.468508,0.41774,10.00
0.006930,5.014961,0.465908,0.41781,10.00
0.006940,5.013108,0.463592,0.41789,10.00
0.006950,5.011289,0.461577,0.41798,10.00
0.006960,5.009880,0.459818,0.41804,10.00
0.006970,5.008404,0.458288,0.41811,10.00
0.006980,5.006871,0.456997,0.41818,10.00
0.006990,5.005293,0.455953,0.41825,10.00
0.007000,5.003558,0.455164,0.41833,10.00
0.007010,5.001308,0.454694,0.41844,10.00
0.007020,4.999057,0.454584,0.41855,10.00
0.007030,4.996820,0.454834,0.41866,10.00
0.007040,4.994615,0.455442,0.41878,10.00
0.007050,4.992571,0.456401,0.41889,10.00
0.007060,4.991044,0.457648,0.41897,10.00
0.007070,4.989587,0.459137,0.41905,10.00
0.007080,4.988210,0.460857,0.41913,10.00
0.007090,4.986924,0.462793,0.41921,10.00
0.007100,4.985825,0.464931,0.41928,10.00
0.007110,4.985184,0.467213,0.41932,10.00
0.007120,4.984652,0.469593,0.41936,10.00
0.007130,4.984233,0.472054,0.41940,10.00
0.007140,4.983929,0.474577,0.41943,10.00
0.007150,4.983507,0.477144,0.41945,10.00
0.007160,4.982268,0.479848,0.41953,10.00
0.007170,4.981162,0.482746,0.41960,10.00
0.007180,4.980198,0.485815,0.41966,10.00
0.007190,4.979381,0.489032,0.41972,10.00
0.007200,4.978912,0.492374,0.41977,10.00
0.007210,4.979371,0.495722,0.41977,10.00
0.007220,4.979978,0.498990,0.41976,10.00
0.007230,4.980727,0.502155,0.41974,10.00
0.007240,4.981614,0.505194,0.41971,10.00
0.007250,4.982505,0.508086,0.41967,10.00
0.007260,4.983022,0.510870,0.41966,10.00
0.007270,4.983660,0.513565,0.41964,10.00
0.007280,4.984415,0.516154,0.41962,10.00
0.007290,4.985281,0.518616,0.41959,10.00
0.007300,4.986061,0.520936,0.41955,10.00
0.007310,4.986188,0.523187,0.41956,10.00
0.007320,4.986415,0.525413,0.41956,10.00
0.007330,4.986741,0.527598,0.41956,10.00
0.007340,4.987163,0.529727,0.41955,10.00
0.007350,4.987567,0.531784,0.41953,10.00
0.007360,4.987616,0.533808,0.41954,10.00
0.007370,4.987757,0.535820,0.41954,10.00
0.007380,4.987988,0.537806,0.41954,10.00
0.007390,4.988307,0.539750,0.41954,10.00
0.007400,4.989185,0.541640,0.41953,10.00
0.007410,4.992035,0.543233,0.41939,10.00
0.007420,4.994931,0.544368,0.41925,10.00
0.007430,4.997852,0.545038,0.41911,10.00
0.007440,5.000778,0.545240,0.41897,10.00
0.007450,5.003492,0.544973,0.41882,10.00
0.007460,5.005392,0.544335,0.41872,10.00
0.007470,5.007246,0.543395,0.41862,10.00
0.007480,5.009041,0.542160,0.41853,10.00
0.007490,5.010763,0.540640,0.41843,10.00
0.007500,5.012782,0.538848,0.41834,10.00
0.007510,5.016216,0.536615,0.41815,10.00
0.007520,5.019518,0.533838,0.41797,10.00
0.007530,5.022665,0.530538,0.41780,10.00
0.007540,5.025634,0.526741,0.41763,10.00
0.007550,5.027974,0.522477,0.41747,10.00
0.007560,5.028380,0.517985,0.41742,10.00
0.007570,5.028579,0.513437,0.41739,10.00
0.007580,5.028571,0.508865,0.41736,10.00
0.007590,5.028355,0.504304,0.41735,10.00
0.007600,5.027921,0.499786,0.41734,10.00
0.007610,5.027237,0.495350,0.41736,10.00
0.007620,5.026357,0.491031,0.41738,10.00
0.007630,5.025290,0.486862,0.41741,10.00
0.007640,5.024043,0.482871,0.41745,10.00
0.007650,5.022381,0.479088,0.41750,10.00
0.007660,5.019584,0.475655,0.41762,10.00
0.007670,5.016657,0.472676,0.41775,10.00
0.007680,5.013621,0.470171,0.41789,10.00
0.007690,5.010498,0.468156,0.41803,10.00
0.007700,5.007717,0.466644,0.41818,10.00
0.007710,5.006506,0.465450,0.41824,10.00
0.007720,5.005253,0.464452,0.41830,10.00
0.007730,5.003965,0.463656,0.41836,10.00
0.007740,5.002652,0.463068,0.41842,10.00
0.007750,5.001375,0.462690,0.41848,10.00
0.007760,5.000292,0.462502,0.41854,10.00
0.007770,4.999209,0.462487,0.41859,10.00
0.007780,4.998136,0.462646,0.41865,10.00
0.007790,4.997080,0.462976,0.41870,10.00
0.007800,4.996287,0.463474,0.41876,10.00
0.007810,4.996480,0.464022,0.41875,10.00
0.007820,4.996696,0.464538,0.41874,10.00
0.007830,4.996933,0.465018,0.41873,10.00
0.007840,4.997190,0.465460,0.41872,10.00
0.007850,4.996945,0.465861,0.41871,10.00
0.007860,4.994650,0.466466,0.41883,10.00
0.007870,4.992403,0.467436,0.41895,10.00
0.007880,4.990219,0.468765,0.41906,10.00
0.007890,4.988116,0.470439,0.41918,10.00
0.007900,4.986464,0.472447,0.41929,10.00
0.007910,4.986341,0.474601,0.41931,10.00
0.007920,4.986316,0.476770,0.41932,10.00
0.007930,4.986390,0.478940,0.41933,10.00
0.007940,4.986562,0.481093,0.41933,10.00
0.007950,4.986475,0.483215,0.41933,10.00
0.007960,4.985070,0.485461,0.41941,10.00
0.007970,4.983780,0.487926,0.41949,10.00
0.007980,4.982613,0.490594,0.41956,10.00
0.007990,4.981578,0.493442,0.41963,10.00
0.008000,4.980889,0.496451,0.41969,10.00
0.008010,4.981174,0.499497,0.41970,10.00
0.008020,4.981594,0.502491,0.41969,10.00
0.008030,4.982147,0.505413,0.41968,10.00
0.008040,4.982827,0.508241,0.41966,10.00
0.008050,4.983597,0.510955,0.41963,10.00
0.008060,4.984359,0.513550,0.41961,10.00
0.008070,4.985232,0.516019,0.41958,10.00
0.008080,4.986208,0.518343,0.41954,10.00
0.008090,4.987282,0.520507,0.41950,10.00
0.008100,4.988380,0.522494,0.41945,10.00
0.008110,4.989306,0.524323,0.41942,10.00
0.008120,4.990305,0.526000,0.41938,10.00
0.008130,4.991372,0.527515,0.41933,10.00
0.008140,4.992499,0.528855,0.41928,10.00
0.008150,4.993633,0.530013,0.41923,10.00
0.008160,4.994638,0.531001,0.41918,10.00
0.008170,4.995680,0.531826,0.41914,10.00
0.008180,4.996749,0.532483,0.41909,10.00
0.008190,4.997839,0.532968,0.41903,10.00
0.008200,4.998941,0.533277,0.41898,10.00
0.008210,5.000045,0.533410,0.41893,10.00
0.008220,5.001146,0.533366,0.41887,10.00
0.008230,5.002235,0.533146,0.41881,10.00
0.008240,5.003305,0.532752,0.41876,10.00
0.008250,5.004453,0.532187,0.41870,10.00
0.008260,5.005987,0.531407,0.41862,10.00
0.008270,5.007473,0.530382,0.41854,10.00
0.008280,5.008899,0.529122,0.41846,10.00
0.008290,5.010255,0.527636,0.41839,10.00
0.008300,5.011621,0.525936,0.41831,10.00
0.008310,5.013249,0.523992,0.41822,10.00
0.008320,5.014775,0.521793,0.41813,10.00
0.008330,5.016188,0.519353,0.41805,10.00
0.008340,5.017478,0.516692,0.41797,10.00
0.008350,5.018478,0.513830,0.41790,10.00
0.008360,5.018715,0.510864,0.41787,10.00
0.008370,5.018814,0.507866,0.41785,10.00
0.008380,5.018777,0.504858,0.41783,10.00
0.008390,5.018604,0.501861,0.41783,10.00
0.008400,5.018480,0.498898,0.41782,10.00
0.008410,5.018952,0.495901,0.41778,10.00
0.008420,5.019285,0.492835,0.41775,10.00
0.008430,5.019476,0.489722,0.41772,10.00
0.008440,5.019523,0.486584,0.41771,10.00
0.008450,5.019223,0.483445,0.41769,10.00
0.008460,5.017964,0.480425,0.41774,10.00
0.008470,5.016579,0.477613,0.41779,10.00
0.008480,5.015080,0.475027,0.41785,10.00
0.008490,5.013476,0.472686,0.41792,10.00
0.008500,5.011760,0.470606,0.41800,10.00
0.008510,5.009887,0.468811,0.41808,10.00
0.008520,5.007948,0.467318,0.41817,10.00
0.008530,5.005959,0.466139,0.41826,10.00
0.008540,5.003935,0.465279,0.41836,10.00
0.008550,5.001922,0.464745,0.41846,10.00
0.008560,5.000034,0.464524,0.41855,10.00
0.008570,4.998153,0.464604,0.41865,10.00
0.008580,4.996292,0.464986,0.41874,10.00
0.008590,4.994465,0.465664,0.41884,10.00
0.008600,4.992733,0.466633,0.41893,10.00
0.008610,4.991255,0.467861,0.41901,10.00
0.008620,4.989845,0.469323,0.41909,10.00
0.008630,4.988515,0.471008,0.41917,10.00
0.008640,4.987272,0.472903,0.41924,10.00
0.008650,4.986134,0.474992,0.41931,10.00
0.008660,4.985132,0.477257,0.41937,10.00
0.008670,4.984241,0.479678,0.41943,10.00
0.008680,4.983468,0.482237,0.41948,10.00
0.008690,4.982818,0.484914,0.41953,10.00
0.008700,4.982494,0.487690,0.41957,10.00
0.008710,4.983087,0.490450,0.41956,10.00
0.008720,4.983801,0.493109,0.41954,10.00
0.008730,4.984628,0.495649,0.41951,10.00
0.008740,4.985564,0.498053,0.41947,10.00
0.008750,4.986324,0.500302,0.41943,10.00
0.008760,4.986083,0.502513,0.41946,10.00
0.008770,4.985943,0.504759,0.41948,10.00
0.008780,4.985907,0.507022,0.41949,10.00
0.008790,4.985974,0.509287,0.41950,10.00
0.008800,4.986179,0.511537,0.41950,10.00
0.008810,4.986630,0.513739,0.41949,10.00
0.008820,4.987177,0.515863,0.41948,10.00
0.008830,4.987815,0.517897,0.41946,10.00
0.008840,4.988539,0.519824,0.41943,10.00
0.008850,4.989760,0.521632,0.41940,10.00
0.008860,4.992706,0.523108,0.41926,10.00
0.008870,4.995692,0.524110,0.41912,10.00
0.008880,4.998698,0.524634,0.41897,10.00
0.008890,5.001700,0.524675,0.41882,10.00
0.008900,5.004038,0.524238,0.41867,10.00
0.008910,5.003788,0.523631,0.41868,10.00
0.008920,5.003512,0.523066,0.41869,10.00
0.008930,5.003213,0.522546,0.41870,10.00
0.008940,5.002894,0.522074,0.41871,10.00
0.008950,5.002591,0.521654,0.41873,10.00
0.008960,5.002416,0.521272,0.41873,10.00
0.008970,5.002224,0.520918,0.41874,10.00
0.008980,5.002018,0.520596,0.41875,10.00
0.008990,5.001800,0.520306,0.41876,10.00
0.009000,5.001776,0.520053,0.41877,10.00
0.009010,5.002559,0.519737,0.41873,10.00
0.009020,5.003321,0.519297,0.41869,10.00
0.009030,5.004056,0.518736,0.41865,10.00
0.009040,5.004759,0.518059,0.41861,10.00
0.009050,5.005329,0.517270,0.41857,10.00
0.009060,5.005473,0.516423,0.41856,10.00
0.009070,5.005577,0.515554,0.41855,10.00
0.009080,5.005641,0.514670,0.41854,10.00
0.009090,5.005664,0.513778,0.41853,10.00
0.009100,5.005575,0.512883,0.41853,10.00
0.009110,5.005160,0.512027,0.41855,10.00
0.009120,5.004710,0.511240,0.41856,10.00
0.009130,5.004228,0.510525,0.41859,10.00
0.009140,5.003718,0.509889,0.41861,10.00
0.009150,5.003469,0.509336,0.41863,10.00
0.009160,5.004339,0.508731,0.41858,10.00
0.009170,5.005173,0.507989,0.41854,10.00
0.009180,5.005967,0.507115,0.41849,10.00
0.009190,5.006713,0.506116,0.41845,10.00
0.009200,5.007119,0.504999,0.41841,10.00
0.009210,5.006320,0.503913,0.41844,10.00
0.009220,5.005478,0.502955,0.41848,10.00
0.009230,5.004601,0.502135,0.41852,10.00
0.009240,5.003694,0.501455,0.41856,10.00
0.009250,5.003069,0.500922,0.41861,10.00
0.009260,5.003638,0.500393,0.41857,10.00
0.009270,5.004177,0.499774,0.41854,10.00
0.009280,5.004684,0.499070,0.41851,10.00
0.009290,5.005154,0.498286,0.41849,10.00
0.009300,5.005414,0.497429,0.41846,10.00
0.009310,5.004955,0.496586,0.41848,10.00
0.009320,5.004461,0.495818,0.41850,10.00
0.009330,5.003937,0.495131,0.41852,10.00
0.009340,5.003387,0.494528,0.41855,10.00
0.009350,5.002833,0.494015,0.41857,10.00
0.009360,5.002333,0.493585,0.41860,10.00
0.009370,5.001818,0.493237,0.41862,10.00
0.009380,5.001293,0.492971,0.41864,10.00
0.009390,5.000759,0.492790,0.41867,10.00
0.009400,5.000206,0.492694,0.41870,10.00
0.009410,4.999585,0.492692,0.41873,10.00
0.009420,4.998971,0.492790,0.41876,10.00
0.009430,4.998366,0.492985,0.41879,10.00
0.009440,4.997775,0.493277,0.41882,10.00
0.009450,4.997221,0.493663,0.41885,10.00
0.009460,4.996764,0.494131,0.41888,10.00
0.009470,4.996332,0.494671,0.41890,10.00
0.009480,4.995929,0.495279,0.41893,10.00
0.009490,4.995556,0.495950,0.41895,10.00
0.009500,4.995271,0.496679,0.41897,10.00
0.009510,4.995235,0.497436,0.41897,10.00
0.009520,4.995234,0.498197,0.41898,10.00
0.009530,4.995267,0.498956,0.41898,10.00
0.009540,4.995334,0.499709,0.41898,10.00
0.009550,4.995616,0.500450,0.41898,10.00
0.009560,4.996652,0.501086,0.41893,10.00
0.009570,4.997707,0.501556,0.41888,10.00
0.009580,4.998774,0.501856,0.41883,10.00
0.009590,4.999845,0.501985,0.41878,10.00
0.009600,5.000692,0.501942,0.41872,10.00
0.009610,5.000650,0.501835,0.41873,10.00
0.009620,5.000604,0.501735,0.41873,10.00
0.009630,5.000553,0.501643,0.41873,10.00
0.009640,5.000499,0.501558,0.41873,10.00
0.009650,5.000606,0.501483,0.41873,10.00
0.009660,5.001363,0.501338,0.41870,10.00
0.009670,5.002107,0.501072,0.41866,10.00
0.009680,5.002832,0.500688,0.41862,10.00
0.009690,5.003533,0.500189,0.41858,10.00
0.009700,5.004169,0.499578,0.41854,10.00
0.009710,5.004629,0.498879,0.41852,10.00
0.009720,5.005053,0.498108,0.41849,10.00
0.009730,5.005439,0.497270,0.41847,10.00
0.009740,5.005783,0.496373,0.41845,10.00
0.009750,5.005933,0.495422,0.41843,10.00
0.009760,5.005441,0.494497,0.41844,10.00
0.009770,5.004912,0.493652,0.41847,10.00
0.009780,5.004349,0.492894,0.41849,10.00
0.009790,5.003757,0.492227,0.41852,10.00
0.009800,5.003333,0.491656,0.41854,10.00
0.009810,5.003659,0.491092,0.41853,10.00
0.009820,5.003957,0.490477,0.41851,10.00
0.009830,5.004224,0.489815,0.41849,10.00
0.009840,5.004458,0.489113,0.41847,10.00
0.009850,5.004415,0.488374,0.41846,10.00
0.009860,5.003367,0.487722,0.41851,10.00
0.009870,5.002299,0.487238,0.41856,10.00
0.009880,5.001219,0.486926,0.41861,10.00
0.009890,5.000134,0.486787,0.41867,10.00
0.009900,4.999029,0.486822,0.41872,10.00
0.009910,4.997839,0.487041,0.41878,10.00
0.009920,4.996670,0.487450,0.41884,10.00
0.009930,4.995530,0.488045,0.41890,10.00
0.009940,4.994428,0.488821,0.41896,10.00
0.009950,4.993508,0.489772,0.41902,10.00
0.009960,4.993193,0.490824,0.41904,10.00
0.009970,4.992928,0.491924,0.41906,10.00
0.009980,4.992715,0.493064,0.41908,10.00
0.009990,4.992556,0.494236,0.41909,10.00
0.010000,4.992158,0.495432,0.41910,10.00
0.010010,4.990646,0.496782,0.41919,10.00
0.010020,4.989208,0.498372,0.41927,10.00
0.010030,4.987856,0.500189,0.41935,10.00
0.010040,4.986598,0.502218,0.41942,10.00
0.010050,4.985732,0.504444,0.41949,10.00
0.010060,4.986128,0.506712,0.41948,10.00
0.010070,4.986623,0.508912,0.41947,10.00
0.010080,4.987214,0.511028,0.41945,10.00
0.010090,4.987895,0.513046,0.41943,10.00
0.010100,4.988744,0.514952,0.41940,10.00
0.010110,4.990001,0.516691,0.41935,10.00
0.010120,4.991326,0.518226,0.41929,10.00
0.010130,4.992709,0.519547,0.41923,10.00
0.010140,4.994139,0.520643,0.41916,10.00
0.010150,4.995399,0.521510,0.41909,10.00
0.010160,4.995862,0.522239,0.41907,10.00
0.010170,4.996355,0.522893,0.41905,10.00
0.010180,4.996872,0.523466,0.41903,10.00
0.010190,4.997411,0.523956,0.41900,10.00
0.010200,4.997984,0.524358,0.41898,10.00
0.010210,4.998638,0.524663,0.41895,10.00
0.010220,4.999300,0.524863,0.41891,10.00
0.010230,4.999964,0.524956,0.41888,10.00
0.010240,5.000627,0.524943,0.41885,10.00
0.010250,5.001270,0.524823,0.41882,10.00
0.010260,5.001843,0.524606,0.41879,10.00
0.010270,5.002401,0.524297,0.41876,10.00
0.010280,5.002940,0.523900,0.41873,10.00
0.010290,5.003457,0.523417,0.41870,10.00
0.010300,5.004241,0.522853,0.41867,10.00
0.010310,5.006166,0.522070,0.41857,10.00
0.010320,5.008038,0.520980,0.41847,10.00
0.010330,5.009844,0.519594,0.41837,10.00
0.010340,5.011571,0.517922,0.41828,10.00
0.010350,5.013125,0.515976,0.41818,10.00
0.010360,5.014254,0.513813,0.41811,10.00
0.010370,5.015274,0.511472,0.41805,10.00
0.010380,5.016179,0.508974,0.41799,10.00
0.010390,5.016963,0.506335,0.41794,10.00
0.010400,5.017398,0.503576,0.41789,10.00
0.010410,5.016815,0.500825,0.41790,10.00
0.010420,5.016112,0.498171,0.41793,10.00
0.010430,5.015296,0.495636,0.41795,10.00
0.010440,5.014371,0.493235,0.41799,10.00
0.010450,5.013581,0.490987,0.41802,10.00
0.010460,5.013633,0.488794,0.41801,10.00
0.010470,5.013585,0.486598,0.41800,10.00
0.010480,5.013437,0.484413,0.41800,10.00
0.010490,5.013192,0.482256,0.41800,10.00
0.010500,5.012799,0.480143,0.41800,10.00
0.010510,5.012103,0.478113,0.41803,10.00
0.010520,5.011321,0.476199,0.41806,10.00
0.010530,5.010459,0.474414,0.41809,10.00
0.010540,5.009524,0.472769,0.41813,10.00
0.010550,5.008660,0.471278,0.41817,10.00
0.010560,5.008281,0.469884,0.41818,10.00
0.010570,5.007843,0.468553,0.41820,10.00
0.010580,5.007348,0.467295,0.41821,10.00
0.010590,5.006800,0.466118,0.41823,10.00
0.010600,5.005937,0.465032,0.41826,10.00
0.010610,5.003969,0.464171,0.41835,10.00
0.010620,5.001979,0.463627,0.41845,10.00
0.010630,4.999983,0.463402,0.41855,10.00
0.010640,4.997994,0.463496,0.41865,10.00
0.010650,4.996214,0.463908,0.41875,10.00
0.010660,4.995215,0.464544,0.41880,10.00
0.010670,4.994253,0.465339,0.41886,10.00
0.010680,4.993336,0.466286,0.41891,10.00
0.010690,4.992470,0.467378,0.41896,10.00
0.010700,4.991496,0.468606,0.41900,10.00
0.010710,4.989925,0.470041,0.41909,10.00
0.010720,4.988434,0.471724,0.41917,10.00
0.010730,4.987032,0.473643,0.41925,10.00
0.010740,4.985729,0.475782,0.41933,10.00
0.010750,4.984798,0.478125,0.41940,10.00
0.010760,4.985025,0.480529,0.41941,10.00
0.010770,4.985360,0.482892,0.41940,10.00
0.010780,4.985799,0.485197,0.41939,10.00
0.010790,4.986339,0.487427,0.41938,10.00
0.010800,4.986796,0.489567,0.41936,10.00
0.010810,4.986632,0.491687,0.41938,10.00
0.010820,4.986565,0.493829,0.41939,10.00
0.010830,4.986596,0.495978,0.41940,10.00
0.010840,4.986724,0.498118,0.41941,10.00
0.010850,4.986944,0.500234,0.41941,10.00
0.010860,4.987241,0.502311,0.41941,10.00
0.010870,4.987630,0.504337,0.41940,10.00
0.010880,4.988107,0.506297,0.41938,10.00
0.010890,4.988669,0.508177,0.41937,10.00
0.010900,4.989410,0.509963,0.41934,10.00
0.010910,4.990617,0.511597,0.41929,10.00
0.010920,4.991887,0.513034,0.41924,10.00
0.010930,4.993212,0.514265,0.41918,10.00
0.010940,4.994580,0.515282,0.41911,10.00
0.010950,4.995874,0.516078,0.41905,10.00
0.010960,4.996760,0.516701,0.41901,10.00
0.010970,4.997666,0.517181,0.41896,10.00
0.010980,4.998585,0.517515,0.41892,10.00
0.010990,4.999512,0.517702,0.41887,10.00
0.011000,5.000531,0.517740,0.41883,10.00
0.011010,5.001910,0.517585,0.41876,10.00
0.011020,5.003270,0.517211,0.41869,10.00
0.011030,5.004601,0.516619,0.41862,10.00
0.011040,5.005893,0.515816,0.41855,10.00
0.011050,5.007043,0.514808,0.41848,10.00
0.011060,5.007759,0.513648,0.41844,10.00
0.011070,5.008416,0.512376,0.41840,10.00
0.011080,5.009009,0.511002,0.41836,10.00
0.011090,5.009535,0.509535,0.41833,10.00
0.011100,5.009962,0.507987,0.41830,10.00
0.011110,5.010202,0.506383,0.41827,10.00
0.011120,5.010367,0.504744,0.41826,10.00
0.011130,5.010456,0.503081,0.41824,10.00
0.011140,5.010469,0.501407,0.41823,10.00
0.011150,5.010351,0.499734,0.41823,10.00
0.011160,5.009935,0.498101,0.41824,10.00
0.011170,5.009449,0.496538,0.41826,10.00
0.011180,5.008896,0.495056,0.41828,10.00
0.011190,5.008281,0.493664,0.41830,10.00
0.011200,5.007411,0.492374,0.41833,10.00
0.011210,5.005704,0.491288,0.41840,10.00
0.011220,5.003963,0.490477,0.41849,10.00
0.011230,5.002201,0.489946,0.41857,10.00
0.011240,5.000430,0.489698,0.41866,10.00
0.011250,4.998793,0.489733,0.41875,10.00
0.011260,4.997690,0.489988,0.41881,10.00
0.011270,4.996608,0.490419,0.41886,10.00
0.011280,4.995555,0.491022,0.41892,10.00
0.011290,4.994539,0.491792,0.41897,10.00
0.011300,4.993401,0.492723,0.41903,10.00
0.011310,4.991649,0.493887,0.41912,10.00
0.011320,4.989966,0.495330,0.41921,10.00
0.011330,4.988363,0.497038,0.41930,10.00
0.011340,4.986852,0.498999,0.41939,10.00
0.011350,4.985937,0.501198,0.41947,10.00
0.011360,4.987100,0.503381,0.41942,10.00
0.011370,4.988352,0.505374,0.41937,10.00
0.011380,4.989683,0.507162,0.41932,10.00
0.011390,4.991083,0.508735,0.41925,10.00
0.011400,4.992284,0.510081,0.41919,10.00
0.011410,4.992504,0.511315,0.41918,10.00
0.011420,4.992778,0.512512,0.41918,10.00
0.011430,4.993104,0.513662,0.41917,10.00
0.011440,4.993479,0.514758,0.41915,10.00
0.011450,4.993932,0.515792,0.41914,10.00
0.011460,4.994550,0.516741,0.41911,10.00
0.011470,4.995205,0.517590,0.41908,10.00
0.011480,4.995894,0.518333,0.41905,10.00
0.011490,4.996609,0.518964,0.41902,10.00
0.011500,4.997312,0.519479,0.41899,10.00
0.011510,4.997892,0.519892,0.41896,10.00
0.011520,4.998486,0.520212,0.41893,10.00
0.011530,4.999089,0.520436,0.41890,10.00
0.011540,4.999696,0.520563,0.41887,10.00
0.011550,5.000527,0.520592,0.41884,10.00
0.011560,5.002238,0.520418,0.41876,10.00
0.011570,5.003926,0.519970,0.41867,10.00
0.011580,5.005580,0.519253,0.41858,10.00
0.011590,5.007185,0.518274,0.41850,10.00
0.011600,5.008638,0.517040,0.41841,10.00
0.011610,5.009644,0.515606,0.41835,10.00
0.011620,5.010575,0.514014,0.41830,10.00
0.011630,5.011427,0.512276,0.41825,10.00
0.011640,5.012192,0.510405,0.41820,10.00
0.011650,5.012845,0.508416,0.41815,10.00
0.011660,5.013321,0.506333,0.41812,10.00
0.011670,5.013699,0.504177,0.41809,10.00
0.011680,5.013975,0.501966,0.41806,10.00
0.011690,5.014148,0.499714,0.41804,10.00
0.011700,5.014089,0.497439,0.41803,10.00
0.011710,5.013413,0.495219,0.41805,10.00
0.011720,5.012641,0.493112,0.41807,10.00
0.011730,5.011781,0.491132,0.41811,10.00
0.011740,5.010839,0.489293,0.41814,10.00
0.011750,5.010029,0.487608,0.41819,10.00
0.011760,5.009977,0.485990,0.41818,10.00
0.011770,5.009852,0.484383,0.41818,10.00
0.011780,5.009655,0.482799,0.41818,10.00
0.011790,5.009388,0.481250,0.41818,10.00
0.011800,5.008939,0.479747,0.41819,10.00
0.011810,5.007974,0.478355,0.41823,10.00
0.011820,5.006954,0.477119,0.41828,10.00
0.011830,5.005888,0.476050,0.41832,10.00
0.011840,5.004782,0.475152,0.41838,10.00
0.011850,5.003985,0.474434,0.41843,10.00
0.011860,5.004514,0.473735,0.41840,10.00
0.011870,5.005007,0.472954,0.41837,10.00
0.011880,5.005460,0.472096,0.41834,10.00
0.011890,5.005870,0.471167,0.41832,10.00
0.011900,5.005894,0.470174,0.41829,10.00
0.011910,5.004516,0.469289,0.41836,10.00
0.011920,5.003111,0.468625,0.41842,10.00
0.011930,5.001688,0.468188,0.41849,10.00
0.011940,5.000257,0.467979,0.41856,10.00
0.011950,4.998884,0.467999,0.41864,10.00
0.011960,4.997740,0.468221,0.41869,10.00
0.011970,4.996615,0.468626,0.41875,10.00
0.011980,4.995519,0.469210,0.41881,10.00
0.011990,4.994460,0.469968,0.41887,10.00
0.012000,4.993281,0.470894,0.41892,10.00
0.012010,4.991504,0.472060,0.41902,10.00
0.012020,4.989797,0.473506,0.41911,10.00
0.012030,4.988170,0.475223,0.41920,10.00
0.012040,4.986636,0.477197,0.41929,10.00
0.012050,4.985419,0.479413,0.41938,10.00
0.012060,4.985167,0.481750,0.41940,10.00
0.012070,4.985023,0.484123,0.41942,10.00
0.012080,4.984988,0.486514,0.41944,10.00
0.012090,4.985062,0.488907,0.41945,10.00
0.012100,4.985055,0.491283,0.41945,10.00
0.012110,4.984402,0.493716,0.41950,10.00
0.012120,4.983866,0.496249,0.41954,10.00
0.012130,4.983449,0.498862,0.41957,10.00
0.012140,4.983154,0.501538,0.41960,10.00
0.012150,4.982967,0.504255,0.41962,10.00
0.012160,4.982838,0.507002,0.41965,10.00
0.012170,4.982834,0.509765,0.41966,10.00
0.012180,4.982956,0.512522,0.41967,10.00
0.012190,4.983202,0.515255,0.41967,10.00
0.012200,4.983801,0.517944,0.41967,10.00
0.012210,4.985443,0.520457,0.41960,10.00
0.012220,4.987184,0.522702,0.41952,10.00
0.012230,4.989012,0.524665,0.41944,10.00
0.012240,4.990912,0.526332,0.41936,10.00
0.012250,4.992746,0.527692,0.41927,10.00
0.012260,4.994125,0.528797,0.41920,10.00
0.012270,4.995542,0.529679,0.41914,10.00
0.012280,4.996986,0.530332,0.41907,10.00
0.012290,4.998447,0.530754,0.41900,10.00
0.012300,4.999837,0.530941,0.41892,10.00
0.012310,5.000916,0.530929,0.41887,10.00
0.012320,5.001985,0.530746,0.41882,10.00
0.012330,5.003036,0.530391,0.41876,10.00
0.012340,5.004062,0.529870,0.41871,10.00
0.012350,5.004960,0.529185,0.41865,10.00
0.012360,5.005439,0.528388,0.41862,10.00
0.012370,5.005878,0.527516,0.41860,10.00
0.012380,5.006273,0.526576,0.41857,10.00
0.012390,5.006622,0.525574,0.41855,10.00
0.012400,5.007099,0.524518,0.41853,10.00
0.012410,5.008228,0.523331,0.41847,10.00
0.012420,5.009293,0.521966,0.41840,10.00
0.012430,5.010286,0.520433,0.41835,10.00
0.012440,5.011201,0.518744,0.41829,10.00
0.012450,5.012008,0.516913,0.41824,10.00
0.012460,5.012629,0.514963,0.41820,10.00
0.012470,5.013156,0.512918,0.41816,10.00
0.012480,5.013585,0.510793,0.41813,10.00
0.012490,5.013915,0.508603,0.41810,10.00
0.012500,5.014239,0.506364,0.41808,10.00
0.012510,5.014846,0.504047,0.41803,10.00
0.012520,5.015343,0.501637,0.41799,10.00
0.012530,5.015725,0.499153,0.41796,10.00
0.012540,5.015992,0.496612,0.41793,10.00
0.012550,5.016124,0.494033,0.41791,10.00
0.012560,5.016068,0.491444,0.41790,10.00
0.012570,5.015896,0.488869,0.41790,10.00
0.012580,5.015608,0.486327,0.41790,10.00
0.012590,5.015207,0.483835,0.41790,10.00
0.012600,5.014445,0.481412,0.41792,10.00
0.012610,5.012575,0.479197,0.41800,10.00
0.012620,5.010621,0.477284,0.41809,10.00
0.012630,5.008598,0.475688,0.41818,10.00
0.012640,5.006520,0.474418,0.41827,10.00
0.012650,5.004389,0.473483,0.41838,10.00
0.012660,5.002176,0.472895,0.41848,10.00
0.012670,4.999956,0.472661,0.41859,10.00
0.012680,4.997746,0.472783,0.41871,10.00
0.012690,4.995560,0.473258,0.41882,10.00
0.012700,4.993518,0.474082,0.41893,10.00
0.012710,4.991939,0.475198,0.41901,10.00
0.012720,4.990425,0.476563,0.41910,10.00
0.012730,4.988987,0.478169,0.41918,10.00
0.012740,4.987634,0.480001,0.41926,10.00
0.012750,4.986290,0.482046,0.41933,10.00
0.012760,4.984706,0.484330,0.41942,10.00
0.012770,4.983240,0.486862,0.41951,10.00
0.012780,4.981902,0.489624,0.41959,10.00
0.012790,4.980701,0.492594,0.41967,10.00
0.012800,4.979958,0.495750,0.41974,10.00
0.012810,4.980606,0.498920,0.41972,10.00
0.012820,4.981393,0.501980,0.41970,10.00
0.012830,4.982311,0.504908,0.41967,10.00
0.012840,4.983354,0.507684,0.41963,10.00
0.012850,4.984122,0.510287,0.41959,10.00
0.012860,4.983438,0.512889,0.41964,10.00
0.012870,4.982877,0.515595,0.41968,10.00
0.012880,4.982445,0.518385,0.41972,10.00
0.012890,4.982143,0.521239,0.41975,10.00
0.012900,4.982571,0.524135,0.41977,10.00
0.012910,4.985512,0.526766,0.41964,10.00
0.012920,4.988546,0.528922,0.41950,10.00
0.012930,4.991650,0.530588,0.41935,10.00
0.012940,4.994803,0.531755,0.41920,10.00
0.012950,4.997522,0.532416,0.41904,10.00
0.012960,4.998419,0.532788,0.41900,10.00
0.012970,4.999324,0.533016,0.41896,10.00
0.012980,5.000232,0.533098,0.41891,10.00
0.012990,5.001136,0.533035,0.41887,10.00
0.013000,5.002210,0.532828,0.41882,10.00
0.013010,5.003988,0.532391,0.41873,10.00
0.013020,5.005729,0.531671,0.41864,10.00
0.013030,5.007423,0.530673,0.41855,10.00
0.013040,5.009057,0.529407,0.41846,10.00
0.013050,5.010699,0.527882,0.41837,10.00
0.013060,5.012581,0.526072,0.41827,10.00
0.013070,5.014364,0.523964,0.41817,10.00
0.013080,5.016036,0.521575,0.41807,10.00
0.013090,5.017585,0.518923,0.41798,10.00
0.013100,5.019238,0.516029,0.41789,10.00
0.013110,5.021698,0.512800,0.41775,10.00
0.013120,5.023989,0.509184,0.41762,10.00
0.013130,5.026096,0.505208,0.41749,10.00
0.013140,5.028004,0.500904,0.41737,10.00
0.013150,5.029436,0.496303,0.41726,10.00
0.013160,5.029598,0.491566,0.41723,10.00
0.013170,5.029543,0.486813,0.41720,10.00
0.013180,5.029273,0.482078,0.41719,10.00
0.013190,5.028791,0.477394,0.41719,10.00
0.013200,5.027969,0.472798,0.41720,10.00
0.013210,5.026423,0.468383,0.41725,10.00
0.013220,5.024690,0.464224,0.41732,10.00
0.013230,5.022783,0.460350,0.41739,10.00
0.013240,5.020719,0.456789,0.41748,10.00
0.013250,5.018427,0.453564,0.41757,10.00
0.013260,5.015679,0.450739,0.41769,10.00
0.013270,5.012827,0.448359,0.41782,10.00
0.013280,5.009892,0.446439,0.41796,10.00
0.013290,5.006896,0.444992,0.41810,10.00
0.013300,5.003922,0.444027,0.41825,10.00
0.013310,5.001174,0.443519,0.41838,10.00
0.013320,4.998426,0.443452,0.41852,10.00
0.013330,4.995700,0.443825,0.41866,10.00
0.013340,4.993015,0.444633,0.41880,10.00
0.013350,4.990522,0.445868,0.41894,10.00
0.013360,4.988626,0.447458,0.41904,10.00
0.013370,4.986819,0.449349,0.41914,10.00
0.013380,4.985114,0.451524,0.41924,10.00
0.013390,4.983523,0.453969,0.41933,10.00
0.013400,4.981754,0.456663,0.41942,10.00
0.013410,4.978921,0.459731,0.41958,10.00
0.013420,4.976251,0.463246,0.41973,10.00
0.013430,4.973765,0.467181,0.41988,10.00
0.013440,4.971479,0.471507,0.42002,10.00
0.013450,4.969397,0.476189,0.42014,10.00
0.013460,4.967495,0.481199,0.42027,10.00
0.013470,4.965836,0.486504,0.42038,10.00
0.013480,4.964433,0.492063,0.42048,10.00
0.013490,4.963294,0.497837,0.42057,10.00
0.013500,4.962405,0.503781,0.42064,10.00
0.013510,4.961707,0.509862,0.42071,10.00
0.013520,4.961290,0.516044,0.42077,10.00
0.013530,4.961158,0.522280,0.42081,10.00
0.013540,4.961309,0.528525,0.42083,10.00
0.013550,4.962061,0.534734,0.42085,10.00
0.013560,4.964355,0.540709,0.42076,10.00
0.013570,4.966900,0.546305,0.42067,10.00
0.013580,4.969676,0.551484,0.42055,10.00
0.013590,4.972663,0.556209,0.42043,10.00
0.013600,4.975648,0.560447,0.42029,10.00
0.013610,4.978048,0.564260,0.42019,10.00
0.013620,4.980599,0.567682,0.42009,10.00
0.013630,4.983283,0.570690,0.41997,10.00
0.013640,4.986080,0.573262,0.41984,10.00
0.013650,4.989078,0.575382,0.41971,10.00
0.013660,4.992584,0.576984,0.41954,10.00
0.013670,4.996132,0.578021,0.41937,10.00
0.013680,4.999696,0.578490,0.41919,10.00
0.013690,5.003249,0.578387,0.41901,10.00
0.013700,5.006689,0.577717,0.41883,10.00
0.013710,5.009767,0.576522,0.41867,10.00
0.013720,5.012763,0.574837,0.41851,10.00
0.013730,5.015655,0.572676,0.41836,10.00
0.013740,5.018424,0.570057,0.41820,10.00
0.013750,5.021135,0.567000,0.41805,10.00
0.013760,5.024024,0.563488,0.41789,10.00
0.013770,5.026727,0.559521,0.41773,10.00
0.013780,5.029227,0.555129,0.41758,10.00
0.013790,5.031505,0.550346,0.41744,10.00
0.013800,5.033729,0.545208,0.41731,10.00
0.013810,5.036432,0.539666,0.41715,10.00
0.013820,5.038859,0.533702,0.41699,10.00
0.013830,5.040994,0.527361,0.41685,10.00
0.013840,5.042823,0.520692,0.41672,10.00
0.013850,5.043814,0.513742,0.41661,10.00
0.013860,5.042415,0.506814,0.41664,10.00
0.013870,5.040715,0.500122,0.41669,10.00
0.013880,5.038726,0.493715,0.41676,10.00
0.013890,5.036464,0.487638,0.41684,10.00
0.013900,5.034029,0.481935,0.41693,10.00
0.013910,5.031683,0.476605,0.41702,10.00
0.013920,5.029117,0.471660,0.41712,10.00
0.013930,5.026349,0.467135,0.41724,10.00
0.013940,5.023400,0.463062,0.41736,10.00
0.013950,5.020841,0.459467,0.41750,10.00
0.013960,5.020324,0.456113,0.41750,10.00
0.013970,5.019660,0.452849,0.41752,10.00
0.013980,5.018854,0.449697,0.41754,10.00
0.013990,5.017912,0.446680,0.41758,10.00
0.014000,5.016693,0.443820,0.41761,10.00
0.014010,5.014764,0.441208,0.41770,10.00
0.014020,5.012734,0.438910,0.41779,10.00
0.014030,5.010618,0.436941,0.41788,10.00
0.014040,5.008431,0.435314,0.41798,10.00
0.014050,5.005902,0.434040,0.41809,10.00
0.014060,5.002188,0.433265,0.41827,10.00
0.014070,4.998472,0.433085,0.41845,10.00
0.014080,4.994781,0.433500,0.41864,10.00
0.014090,4.991142,0.434505,0.41883,10.00
0.014100,4.987694,0.436089,0.41902,10.00
0.014110,4.984799,0.438185,0.41917,10.00
0.014120,4.982025,0.440740,0.41933,10.00
0.014130,4.979392,0.443734,0.41947,10.00
0.014140,4.976918,0.447143,0.41962,10.00
0.014150,4.974927,0.450941,0.41975,10.00
0.014160,4.974348,0.454952,0.41980,10.00
0.014170,4.973957,0.459049,0.41985,10.00
0.014180,4.973754,0.463200,0.41988,10.00
0.014190,4.973742,0.467375,0.41990,10.00
0.014200,4.973855,0.471545,0.41992,10.00
0.014210,4.973901,0.475710,0.41994,10.00
0.014220,4.974136,0.479859,0.41995,10.00
0.014230,4.974556,0.483963,0.41995,10.00
0.014240,4.975159,0.487992,0.41994,10.00
0.014250,4.975887,0.491916,0.41992,10.00
0.014260,4.976574,0.495734,0.41991,10.00
0.014270,4.977429,0.499435,0.41989,10.00
0.014280,4.978444,0.502993,0.41986,10.00
0.014290,4.979611,0.506381,0.41982,10.00
0.014300,4.980548,0.509576,0.41977,10.00
0.014310,4.980131,0.512735,0.41981,10.00
0.014320,4.979861,0.515954,0.41984,10.00
0.014330,4.979740,0.519211,0.41986,10.00
0.014340,4.979767,0.522480,0.41988,10.00
0.014350,4.980129,0.525738,0.41989,10.00
0.014360,4.981378,0.528873,0.41984,10.00
0.014370,4.982757,0.531802,0.41979,10.00
0.014380,4.984258,0.534504,0.41973,10.00
0.014390,4.985867,0.536962,0.41966,10.00
0.014400,4.987212,0.539157,0.41959,10.00
0.014410,4.987200,0.541249,0.41960,10.00
0.014420,4.987283,0.543339,0.41960,10.00
0.014430,4.987460,0.545411,0.41961,10.00
0.014440,4.987730,0.547451,0.41960,10.00
0.014450,4.988622,0.549443,0.41960,10.00
0.014460,4.991722,0.551118,0.41945,10.00
0.014470,4.994870,0.552295,0.41930,10.00
0.014480,4.998043,0.552965,0.41914,10.00
0.014490,5.001218,0.553127,0.41899,10.00
0.014500,5.004359,0.552782,0.41883,10.00
0.014510,5.007400,0.551939,0.41867,10.00
0.014520,5.010376,0.550611,0.41851,10.00
0.014530,5.013266,0.548811,0.41836,10.00
0.014540,5.016048,0.546551,0.41821,10.00
0.014550,5.018390,0.543852,0.41806,10.00
0.014560,5.019344,0.540883,0.41799,10.00
0.014570,5.020155,0.537767,0.41794,10.00
0.014580,5.020818,0.534527,0.41789,10.00
0.014590,5.021327,0.531187,0.41784,10.00
0.014600,5.021819,0.527772,0.41780,10.00
0.014610,5.022701,0.524241,0.41774,10.00
0.014620,5.023414,0.520576,0.41769,10.00
0.014630,5.023956,0.516804,0.41764,10.00
0.014640,5.024321,0.512952,0.41760,10.00
0.014650,5.024461,0.509049,0.41757,10.00
0.014660,5.024233,0.505146,0.41756,10.00
0.014670,5.023829,0.501288,0.41756,10.00
0.014680,5.023255,0.497501,0.41757,10.00
0.014690,5.022514,0.493813,0.41758,10.00
0.014700,5.021495,0.490251,0.41761,10.00
0.014710,5.019858,0.486896,0.41767,10.00
0.014720,5.018083,0.483810,0.41774,10.00
0.014730,5.016185,0.481012,0.41782,10.00
0.014740,5.014176,0.478524,0.41791,10.00
0.014750,5.012359,0.476361,0.41800,10.00
0.014760,5.011604,0.474401,0.41803,10.00
0.014770,5.010766,0.472566,0.41806,10.00
0.014780,5.009853,0.470868,0.41810,10.00
0.014790,5.008871,0.469320,0.41814,10.00
0.014800,5.007552,0.467932,0.41819,10.00
0.014810,5.005085,0.466845,0.41830,10.00
0.014820,5.002591,0.466155,0.41842,10.00
0.014830,5.000088,0.465865,0.41855,10.00
0.014840,4.997595,0.465975,0.41867,10.00
0.014850,4.995155,0.466484,0.41880,10.00
0.014860,4.992868,0.467373,0.41892,10.00
0.014870,4.990642,0.468627,0.41904,10.00
0.014880,4.988493,0.470233,0.41916,10.00
0.014890,4.986436,0.472180,0.41927,10.00
0.014900,4.984806,0.474453,0.41938,10.00
0.014910,4.984573,0.476878,0.41940,10.00
0.014920,4.984452,0.479337,0.41942,10.00
0.014930,4.984444,0.481810,0.41944,10.00
0.014940,4.984548,0.484280,0.41945,10.00
0.014950,4.984705,0.486728,0.41945,10.00
0.014960,4.984743,0.489166,0.41946,10.00
0.014970,4.984891,0.491592,0.41947,10.00
0.014980,4.985147,0.493991,0.41947,10.00
0.014990,4.985510,0.496344,0.41946,10.00
0.015000,4.985766,0.498634,0.41945,10.00
0.015010,4.985280,0.500947,0.41949,10.00
0.015020,4.984905,0.503333,0.41952,10.00
0.015030,4.984640,0.505774,0.41955,10.00
0.015040,4.984489,0.508253,0.41957,10.00
0.015050,4.984600,0.510751,0.41958,10.00
0.015060,4.985419,0.513179,0.41955,10.00
0.015070,4.986340,0.515471,0.41952,10.00
0.015080,4.987357,0.517612,0.41948,10.00
0.015090,4.988462,0.519586,0.41944,10.00
0.015100,4.989612,0.521380,0.41939,10.00
0.015110,4.990696,0.522997,0.41934,10.00
0.015120,4.991843,0.524438,0.41929,10.00
0.015130,4.993045,0.525693,0.41924,10.00
0.015140,4.994294,0.526753,0.41918,10.00
0.015150,4.995460,0.527611,0.41912,10.00
0.015160,4.996179,0.528319,0.41909,10.00
0.015170,4.996924,0.528911,0.41905,10.00
0.015180,4.997689,0.529383,0.41902,10.00
0.015190,4.998469,0.529731,0.41898,10.00
0.015200,4.999217,0.529954,0.41894,10.00
0.015210,4.999809,0.530070,0.41891,10.00
0.015220,5.000401,0.530090,0.41888,10.00
0.015230,5.000989,0.530016,0.41885,10.00
0.015240,5.001568,0.529848,0.41882,10.00
0.015250,5.002295,0.529587,0.41879,10.00
0.015260,5.003641,0.529160,0.41872,10.00
0.015270,5.004956,0.528518,0.41866,10.00
0.015280,5.006230,0.527667,0.41859,10.00
0.015290,5.007455,0.526614,0.41852,10.00
0.015300,5.008731,0.525367,0.41845,10.00
0.015310,5.010379,0.523883,0.41836,10.00
0.015320,5.011945,0.522138,0.41828,10.00
0.015330,5.013418,0.520147,0.41819,10.00
0.015340,5.014788,0.517924,0.41811,10.00
0.015350,5.016214,0.515486,0.41803,10.00
0.015360,5.018194,0.512771,0.41792,10.00
0.015370,5.020033,0.509744,0.41781,10.00
0.015380,5.021718,0.506430,0.41771,10.00
0.015390,5.023237,0.502852,0.41761,10.00
0.015400,5.024478,0.499039,0.41753,10.00
0.015410,5.025121,0.495068,0.41747,10.00
0.015420,5.025579,0.491001,0.41743,10.00
0.015430,5.025849,0.486870,0.41739,10.00
0.015440,5.025928,0.482703,0.41736,10.00
0.015450,5.025567,0.478532,0.41735,10.00
0.015460,5.024018,0.474507,0.41740,10.00
0.015470,5.022300,0.470738,0.41747,10.00
0.015480,5.020427,0.467250,0.41754,10.00
0.015490,5.018412,0.464069,0.41763,10.00
0.015500,5.016126,0.461215,0.41772,10.00
0.015510,5.013153,0.458780,0.41785,10.00
0.015520,5.010097,0.456824,0.41800,10.00
0.015530,5.006979,0.455360,0.41815,10.00
0.015540,5.003822,0.454398,0.41830,10.00
0.015550,5.000729,0.453942,0.41845,10.00
0.015560,4.997959,0.453956,0.41859,10.00
0.015570,4.995215,0.454413,0.41873,10.00
0.015580,4.992515,0.455308,0.41887,10.00
0.015590,4.989880,0.456632,0.41901,10.00
0.015600,4.987480,0.458376,0.41915,10.00
0.015610,4.985785,0.460451,0.41925,10.00
0.015620,4.984198,0.462794,0.41934,10.00
0.015630,4.982732,0.465386,0.41943,10.00
0.015640,4.981396,0.468207,0.41951,10.00
0.015650,4.980471,0.471236,0.41959,10.00
0.015660,4.980767,0.474322,0.41959,10.00
0.015670,4.981201,0.477354,0.41958,10.00
0.015680,4.981769,0.480311,0.41957,10.00
0.015690,4.982466,0.483172,0.41955,10.00
0.015700,4.982968,0.485916,0.41953,10.00
0.015710,4.982325,0.488676,0.41957,10.00
0.015720,4.981812,0.491534,0.41961,10.00
0.015730,4.981433,0.494468,0.41965,10.00
0.015740,4.981191,0.497457,0.41968,10.00
0.015750,4.981069,0.500480,0.41970,10.00
0.015760,4.981016,0.503521,0.41972,10.00
0.015770,4.981102,0.506565,0.41973,10.00
0.015780,4.981324,0.509590,0.41974,10.00
0.015790,4.981682,0.512573,0.41973,10.00
0.015800,4.982042,0.515493,0.41973,10.00
0.015810,4.982014,0.518391,0.41974,10.00
0.015820,4.982117,0.521289,0.41975,10.00
0.015830,4.982351,0.524164,0.41976,10.00
0.015840,4.982713,0.526996,0.41975,10.00
0.015850,4.983321,0.529764,0.41974,10.00
0.015860,4.984531,0.532392,0.41970,10.00
0.015870,4.985849,0.534820,0.41965,10.00
0.015880,4.987265,0.537034,0.41959,10.00
0.015890,4.988770,0.539016,0.41952,10.00
0.015900,4.990490,0.540755,0.41945,10.00
0.015910,4.992832,0.542170,0.41934,10.00
0.015920,4.995218,0.543207,0.41923,10.00
0.015930,4.997629,0.543862,0.41911,10.00
0.015940,5.000049,0.544129,0.41899,10.00
0.015950,5.002287,0.544009,0.41887,10.00
0.015960,5.003816,0.543587,0.41879,10.00
0.015970,5.005313,0.542920,0.41871,10.00
0.015980,5.006765,0.542016,0.41863,10.00
0.015990,5.008164,0.540881,0.41856,10.00
0.016000,5.009743,0.539525,0.41848,10.00
0.016010,5.012220,0.537840,0.41835,10.00
0.016020,5.014599,0.535763,0.41822,10.00
0.016030,5.016862,0.533309,0.41809,10.00
0.016040,5.018994,0.530498,0.41797,10.00
0.016050,5.020819,0.527352,0.41785,10.00
0.016060,5.021847,0.523971,0.41778,10.00
0.016070,5.022712,0.520433,0.41772,10.00
0.016080,5.023409,0.516763,0.41767,10.00
0.016090,5.023933,0.512989,0.41762,10.00
0.016100,5.024260,0.509138,0.41758,10.00
0.016110,5.024324,0.505249,0.41756,10.00
0.016120,5.024211,0.501357,0.41754,10.00
0.016130,5.023922,0.497491,0.41753,10.00
0.016140,5.023460,0.493678,0.41754,10.00
0.016150,5.022519,0.489947,0.41755,10.00
0.016160,5.020179,0.486472,0.41765,10.00
0.016170,5.017702,0.483378,0.41775,10.00
0.016180,5.015106,0.480687,0.41787,10.00
0.016190,5.012412,0.478415,0.41799,10.00
0.016200,5.009827,0.476578,0.41812,10.00
0.016210,5.007933,0.475097,0.41821,10.00
0.016220,5.005990,0.473923,0.41830,10.00
0.016230,5.004010,0.473061,0.41839,10.00
0.016240,5.002009,0.472517,0.41849,10.00
0.016250,5.000169,0.472294,0.41859,10.00
0.016260,4.999006,0.472312,0.41865,10.00
0.016270,4.997854,0.472515,0.41871,10.00
0.016280,4.996722,0.472903,0.41877,10.00
0.016290,4.995618,0.473471,0.41882,10.00
0.016300,4.994598,0.474214,0.41888,10.00
0.016310,4.993820,0.475103,0.41893,10.00
0.016320,4.993089,0.476115,0.41897,10.00
0.016330,4.992411,0.477242,0.41901,10.00
0.016340,4.991789,0.478476,0.41905,10.00
0.016350,4.991108,0.479806,0.41908,10.00
0.016360,4.990009,0.481282,0.41914,10.00
0.016370,4.988987,0.482930,0.41921,10.00
0.016380,4.988048,0.484739,0.41926,10.00
0.016390,4.987200,0.486694,0.41932,10.00
0.016400,4.986444,0.488782,0.41936,10.00
0.016410,4.985773,0.490987,0.41941,10.00
0.016420,4.985208,0.493296,0.41945,10.00
0.016430,4.984752,0.495690,0.41949,10.00
0.016440,4.984409,0.498153,0.41952,10.00
0.016450,4.983896,0.500665,0.41954,10.00
0.016460,4.982366,0.503347,0.41963,10.00
0.016470,4.980971,0.506267,0.41972,10.00
0.016480,4.979720,0.509405,0.41980,10.00
0.016490,4.978624,0.512736,0.41987,10.00
0.016500,4.977952,0.516237,0.41994,10.00
0.016510,4.978500,0.519753,0.41993,10.00
0.016520,4.979203,0.523174,0.41991,10.00
0.016530,4.980055,0.526477,0.41989,10.00
0.016540,4.981049,0.529637,0.41986,10.00
0.016550,4.982226,0.532632,0.41982,10.00
0.016560,4.983726,0.535417,0.41976,10.00
0.016570,4.985338,0.537957,0.41969,10.00
0.016580,4.987051,0.540234,0.41961,10.00
0.016590,4.988853,0.542233,0.41954,10.00
0.016600,4.990868,0.543940,0.41945,10.00
0.016610,4.993499,0.545277,0.41933,10.00
0.016620,4.996168,0.546191,0.41920,10.00
0.016630,4.998854,0.546676,0.41906,10.00
0.016640,5.001539,0.546731,0.41893,10.00
0.016650,5.004039,0.546357,0.41880,10.00
0.016660,5.005852,0.545635,0.41870,10.00
0.016670,5.007616,0.544625,0.41861,10.00
0.016680,5.009318,0.543335,0.41851,10.00
0.016690,5.010947,0.541775,0.41842,10.00
0.016700,5.012366,0.539958,0.41834,10.00
0.016710,5.013190,0.537957,0.41828,10.00
0.016720,5.013916,0.535828,0.41824,10.00
0.016730,5.014539,0.533588,0.41819,10.00
0.016740,5.015054,0.531252,0.41815,10.00
0.016750,5.015602,0.528837,0.41812,10.00
0.016760,5.016601,0.526295,0.41806,10.00
0.016770,5.017476,0.523597,0.41800,10.00
0.016780,5.018221,0.520765,0.41794,10.00
0.016790,5.018831,0.517819,0.41790,10.00
0.016800,5.019091,0.514781,0.41786,10.00
0.016810,5.018374,0.511774,0.41788,10.00
0.016820,5.017526,0.508888,0.41790,10.00
0.016830,5.016556,0.506143,0.41794,10.00
0.016840,5.015469,0.503558,0.41798,10.00
0.016850,5.014585,0.501152,0.41802,10.00
0.016860,5.014834,0.498792,0.41800,10.00
0.016870,5.014974,0.496398,0.41798,10.00
0.016880,5.015003,0.493985,0.41796,10.00
0.016890,5.014924,0.491573,0.41796,10.00
0.016900,5.014471,0.489178,0.41795,10.00
0.016910,5.012862,0.486945,0.41802,10.00
0.016920,5.011166,0.484972,0.41809,10.00
0.016930,5.009396,0.483275,0.41817,10.00
0.016940,5.007565,0.481864,0.41826,10.00
0.016950,5.006033,0.480749,0.41835,10.00
0.016960,5.005847,0.479769,0.41835,10.00
0.016970,5.005619,0.478821,0.41836,10.00
0.016980,5.005349,0.477912,0.41837,10.00
0.016990,5.005041,0.477047,0.41838,10.00
0.017000,5.004492,0.476234,0.41839,10.00
0.017010,5.003099,0.475575,0.41846,10.00
0.017020,5.001688,0.475141,0.41852,10.00
0.017030,5.000270,0.474932,0.41859,10.00
0.017040,4.998855,0.474951,0.41867,10.00
0.017050,4.997610,0.475196,0.41874,10.00
0.017060,4.997008,0.475590,0.41877,10.00
0.017070,4.996429,0.476080,0.41880,10.00
0.017080,4.995877,0.476661,0.41883,10.00
0.017090,4.995357,0.477330,0.41886,10.00
0.017100,4.994881,0.478080,0.41889,10.00
0.017110,4.994476,0.478902,0.41891,10.00
0.017120,4.994112,0.479788,0.41894,10.00
0.017130,4.993791,0.480731,0.41896,10.00
0.017140,4.993516,0.481723,0.41898,10.00
0.017150,4.993476,0.482757,0.41900,10.00
0.017160,4.994228,0.483735,0.41896,10.00
0.017170,4.995019,0.484592,0.41893,10.00
0.017180,4.995841,0.485321,0.41889,10.00
0.017190,4.996688,0.485918,0.41885,10.00
0.017200,4.997378,0.486377,0.41881,10.00
0.017210,4.997375,0.486783,0.41881,10.00
0.017220,4.997391,0.487188,0.41882,10.00
0.017230,4.997424,0.487591,0.41882,10.00
0.017240,4.997476,0.487987,0.41882,10.00
0.017250,4.997533,0.488374,0.41881,10.00
0.017260,4.997560,0.488755,0.41882,10.00
0.017270,4.997604,0.489132,0.41882,10.00
0.017280,4.997665,0.489500,0.41881,10.00
0.017290,4.997742,0.489858,0.41881,10.00
0.017300,4.997615,0.490204,0.41881,10.00
0.017310,4.996632,0.490639,0.41886,10.00
0.017320,4.995677,0.491230,0.41891,10.00
0.017330,4.994758,0.491973,0.41896,10.00
0.017340,4.993881,0.492862,0.41901,10.00
0.017350,4.993119,0.493888,0.41906,10.00
0.017360,4.992679,0.495014,0.41909,10.00
0.017370,4.992294,0.496207,0.41911,10.00
0.017380,4.991966,0.497460,0.41914,10.00
0.017390,4.991698,0.498762,0.41916,10.00
0.017400,4.991576,0.500105,0.41917,10.00
0.017410,4.991847,0.501438,0.41917,10.00
0.017420,4.992176,0.502726,0.41916,10.00
0.017430,4.992560,0.503958,0.41915,10.00
0.017440,4.992997,0.505126,0.41913,10.00
0.017450,4.993458,0.506223,0.41911,10.00
0.017460,4.993862,0.507252,0.41910,10.00
0.017470,4.994309,0.508214,0.41908,10.00
0.017480,4.994796,0.509103,0.41906,10.00
0.017490,4.995318,0.509912,0.41904,10.00
0.017500,4.995732,0.510637,0.41901,10.00
0.017510,4.995612,0.511339,0.41902,10.00
0.017520,4.995525,0.512058,0.41903,10.00
0.017530,4.995471,0.512791,0.41904,10.00
0.017540,4.995451,0.513530,0.41904,10.00
0.017550,4.995500,0.514271,0.41905,10.00
0.017560,4.995726,0.514991,0.41904,10.00
0.017570,4.995982,0.515674,0.41903,10.00
0.017580,4.996267,0.516314,0.41902,10.00
0.017590,4.996579,0.516908,0.41901,10.00
0.017600,4.997025,0.517450,0.41899,10.00
0.017610,4.997932,0.517885,0.41895,10.00
0.017620,4.998852,0.518174,0.41891,10.00
0.017630,4.999776,0.518315,0.41886,10.00
0.017640,5.000698,0.518308,0.41881,10.00
0.017650,5.001501,0.518154,0.41877,10.00
0.017660,5.001849,0.517907,0.41875,10.00
0.017670,5.002183,0.517605,0.41873,10.00
0.017680,5.002500,0.517250,0.41871,10.00
0.017690,5.002799,0.516845,0.41870,10.00
0.017700,5.003334,0.516392,0.41868,10.00
0.017710,5.004872,0.515773,0.41860,10.00
0.017720,5.006368,0.514909,0.41852,10.00
0.017730,5.007811,0.513808,0.41844,10.00
0.017740,5.009192,0.512478,0.41836,10.00
0.017750,5.010249,0.510929,0.41829,10.00
0.017760,5.010228,0.509295,0.41828,10.00
0.017770,5.010133,0.507668,0.41828,10.00
0.017780,5.009964,0.506059,0.41828,10.00
0.017790,5.009725,0.504480,0.41828,10.00
0.017800,5.009524,0.502942,0.41829,10.00
0.017810,5.009687,0.501404,0.41827,10.00
0.017820,5.009779,0.499844,0.41826,10.00
0.017830,5.009799,0.498271,0.41825,10.00
0.017840,5.009748,0.496699,0.41824,10.00
0.017850,5.009682,0.495138,0.41824,10.00
0.017860,5.009769,0.493572,0.41823,10.00
0.017870,5.009784,0.491996,0.41822,10.00
0.017880,5.009728,0.490420,0.41821,10.00
0.017890,5.009601,0.488856,0.41821,10.00
0.017900,5.009409,0.487316,0.41821,10.00
0.017910,5.009171,0.485807,0.41822,10.00
0.017920,5.008866,0.484340,0.41822,10.00
0.017930,5.008497,0.482924,0.41823,10.00
0.017940,5.008068,0.481570,0.41825,10.00
0.017950,5.007409,0.480288,0.41827,10.00
0.017960,5.006015,0.479168,0.41833,10.00
0.017970,5.004583,0.478273,0.41840,10.00
0.017980,5.003123,0.477608,0.41847,10.00
0.017990,5.001646,0.477179,0.41854,10.00
0.018000,5.000353,0.476986,0.41861,10.00
0.018010,4.999819,0.476940,0.41864,10.00
0.018020,4.999287,0.476979,0.41866,10.00
0.018030,4.998762,0.477103,0.41869,10.00
0.018040,4.998248,0.477311,0.41872,10.00
0.018050,4.997619,0.477601,0.41875,10.00
0.018060,4.996498,0.478032,0.41880,10.00
0.018070,4.995407,0.478642,0.41886,10.00
0.018080,4.994353,0.479425,0.41892,10.00
0.018090,4.993344,0.480374,0.41897,10.00
0.018100,4.992076,0.481484,0.41903,10.00
0.018110,4.989631,0.482893,0.41916,10.00
0.018120,4.987271,0.484690,0.41929,10.00
0.018130,4.985014,0.486862,0.41941,10.00
0.018140,4.982876,0.489389,0.41953,10.00
0.018150,4.981016,0.492254,0.41965,10.00
0.018160,4.979885,0.495363,0.41972,10.00
0.018170,4.978904,0.498648,0.41979,10.00
0.018180,4.978082,0.502083,0.41985,10.00
0.018190,4.977422,0.505642,0.41990,10.00
0.018200,4.977137,0.509300,0.41995,10.00
0.018210,4.977847,0.512931,0.41993,10.00
0.018220,4.978716,0.516440,0.41991,10.00
0.018230,4.979736,0.519804,0.41987,10.00
0.018240,4.980900,0.522999,0.41983,10.00
0.018250,4.982075,0.526001,0.41978,10.00
0.018260,4.982883,0.528849,0.41976,10.00
0.018270,4.983813,0.531563,0.41973,10.00
0.018280,4.984857,0.534122,0.41969,10.00
0.018290,4.986009,0.536510,0.41964,10.00
0.018300,4.987194,0.538709,0.41959,10.00
0.018310,4.988214,0.540734,0.41955,10.00
0.018320,4.989316,0.542592,0.41951,10.00
0.018330,4.990493,0.544271,0.41946,10.00
0.018340,4.991735,0.545758,0.41940,10.00
0.018350,4.993304,0.547043,0.41934,10.00
0.018360,4.995993,0.547989,0.41921,10.00
0.018370,4.998701,0.548502,0.41908,10.00
0.018380,5.001409,0.548582,0.41895,10.00
0.018390,5.004096,0.548229,0.41881,10.00
0.018400,5.006625,0.547447,0.41867,10.00
0.018410,5.008630,0.546300,0.41857,10.00
0.018420,5.010564,0.544834,0.41846,10.00
0.018430,5.012415,0.543061,0.41836,10.00
0.018440,5.014169,0.540996,0.41826,10.00
0.018450,5.015830,0.538655,0.41816,10.00
0.018460,5.017432,0.536047,0.41807,10.00
0.018470,5.018902,0.533189,0.41798,10.00
0.018480,5.020229,0.530100,0.41790,10.00
0.018490,5.021405,0.526806,0.41782,10.00
0.018500,5.022220,0.523330,0.41775,10.00
0.018510,5.022075,0.519794,0.41774,10.00
0.018520,5.021771,0.516287,0.41773,10.00
0.018530,5.021310,0.512837,0.41774,10.00
0.018540,5.020697,0.509466,0.41775,10.00
0.018550,5.020192,0.506199,0.41777,10.00
0.018560,5.020560,0.502938,0.41773,10.00
0.018570,5.020776,0.499625,0.41771,10.00
0.018580,5.020841,0.496283,0.41768,10.00
0.018590,5.020753,0.492938,0.41767,10.00
0.018600,5.020540,0.489613,0.41766,10.00
0.018610,5.020279,0.486320,0.41766,10.00
0.018620,5.019872,0.483075,0.41766,10.00
0.018630,5.019322,0.479902,0.41767,10.00
0.018640,5.018632,0.476823,0.41769,10.00
0.018650,5.017916,0.473860,0.41772,10.00
0.018660,5.017498,0.470984,0.41772,10.00
0.018670,5.016953,0.468180,0.41773,10.00
0.018680,5.016287,0.465468,0.41775,10.00
0.018690,5.015503,0.462868,0.41778,10.00
0.018700,5.014308,0.460399,0.41781,10.00
0.018710,5.011815,0.458222,0.41792,10.00
0.018720,5.009246,0.456447,0.41804,10.00
0.018730,5.006620,0.455087,0.41817,10.00
0.018740,5.003955,0.454149,0.41829,10.00
0.018750,5.001517,0.453639,0.41843,10.00
0.018760,5.000056,0.453441,0.41850,10.00
0.018770,4.998599,0.453478,0.41857,10.00
0.018780,4.997158,0.453747,0.41865,10.00
0.018790,4.995741,0.454246,0.41872,10.00
0.018800,4.994311,0.454971,0.41879,10.00
0.018810,4.992734,0.455939,0.41888,10.00
0.018820,4.991215,0.457158,0.41896,10.00
0.018830,4.989765,0.458616,0.41904,10.00
0.018840,4.988394,0.460304,0.41912,10.00
0.018850,4.986901,0.462208,0.41919,10.00
0.018860,4.984666,0.464415,0.41932,10.00
0.018870,4.982552,0.466975,0.41944,10.00
0.018880,4.980572,0.469868,0.41955,10.00
0.018890,4.978741,0.473072,0.41966,10.00
0.018900,4.977037,0.476562,0.41976,10.00
0.018910,4.975373,0.480329,0.41987,10.00
0.018920,4.973893,0.484355,0.41996,10.00
0.018930,4.972610,0.488609,0.42005,10.00
0.018940,4.971531,0.493061,0.42013,10.00
0.018950,4.970969,0.497676,0.42020,10.00
0.018960,4.971841,0.502275,0.42018,10.00
0.018970,4.972913,0.506725,0.42015,10.00
0.018980,4.974177,0.510996,0.42011,10.00
0.018990,4.975624,0.515056,0.42006,10.00
0.019000,4.977171,0.518877,0.42000,10.00
0.019010,4.978595,0.522466,0.41995,10.00
0.019020,4.980170,0.525821,0.41989,10.00
0.019030,4.981883,0.528917,0.41982,10.00
0.019040,4.983720,0.531734,0.41974,10.00
0.019050,4.985770,0.534251,0.41966,10.00
0.019060,4.988315,0.536404,0.41954,10.00
0.019070,4.990936,0.538146,0.41942,10.00
0.019080,4.993612,0.539465,0.41929,10.00
0.019090,4.996324,0.540355,0.41916,10.00
0.019100,4.998969,0.540808,0.41903,10.00
0.019110,5.001275,0.540865,0.41891,10.00
0.019120,5.003564,0.540554,0.41880,10.00
0.019130,5.005818,0.539877,0.41868,10.00
0.019140,5.008021,0.538840,0.41856,10.00
0.019150,5.010279,0.537454,0.41845,10.00
0.019160,5.012937,0.535670,0.41831,10.00
0.019170,5.015490,0.533465,0.41817,10.00
0.019180,5.017921,0.530857,0.41803,10.00
0.019190,5.020211,0.527864,0.41790,10.00
0.019200,5.022036,0.524511,0.41777,10.00
0.019210,5.022456,0.520973,0.41773,10.00
0.019220,5.022712,0.517373,0.41770,10.00
0.019230,5.022803,0.513740,0.41768,10.00
0.019240,5.022728,0.510099,0.41766,10.00
0.019250,5.022784,0.506477,0.41765,10.00
0.019260,5.023852,0.502759,0.41758,10.00
0.019270,5.024742,0.498877,0.41751,10.00
0.019280,5.025448,0.494860,0.41746,10.00
0.019290,5.025965,0.490738,0.41741,10.00
0.019300,5.026135,0.486541,0.41737,10.00
0.019310,5.025490,0.482376,0.41738,10.00
0.019320,5.024661,0.478321,0.41740,10.00
0.019330,5.023656,0.474407,0.41743,10.00
0.019340,5.022482,0.470662,0.41747,10.00
0.019350,5.021012,0.467111,0.41751,10.00
0.019360,5.018848,0.463846,0.41760,10.00
0.019370,5.016555,0.460933,0.41770,10.00
0.019380,5.014150,0.458392,0.41781,10.00
0.019390,5.011652,0.456241,0.41792,10.00
0.019400,5.009185,0.454493,0.41804,10.00
0.019410,5.007086,0.453109,0.41814,10.00
0.019420,5.004944,0.452063,0.41824,10.00
0.019430,5.002773,0.451362,0.41835,10.00
0.019440,5.000589,0.451009,0.41845,10.00
0.019450,4.998534,0.451007,0.41856,10.00
0.019460,4.996997,0.451292,0.41864,10.00
0.019470,4.995487,0.451823,0.41872,10.00
0.019480,4.994013,0.452595,0.41880,10.00
0.019490,4.992589,0.453601,0.41888,10.00
0.019500,4.991104,0.454833,0.41895,10.00
0.019510,4.989220,0.456337,0.41905,10.00
0.019520,4.987421,0.458140,0.41915,10.00
0.019530,4.985719,0.460227,0.41925,10.00
0.019540,4.984128,0.462582,0.41934,10.00
0.019550,4.982626,0.465188,0.41943,10.00
0.019560,4.981129,0.468038,0.41952,10.00
0.019570,4.979775,0.471123,0.41961,10.00
0.019580,4.978573,0.474418,0.41969,10.00
0.019590,4.977531,0.477899,0.41976,10.00
0.019600,4.976665,0.481540,0.41982,10.00
0.019610,4.976009,0.485309,0.41987,10.00
0.019620,4.975530,0.489176,0.41992,10.00
0.019630,4.975231,0.493112,0.41996,10.00
0.019640,4.975113,0.497088,0.41998,10.00
0.019650,4.975328,0.501076,0.42000,10.00
0.019660,4.976324,0.504973,0.41997,10.00
0.019670,4.977488,0.508703,0.41993,10.00
0.019680,4.978811,0.512241,0.41989,10.00
0.019690,4.980283,0.515560,0.41983,10.00
0.019700,4.982025,0.518637,0.41977,10.00
0.019710,4.984422,0.521387,0.41966,10.00
0.019720,4.986923,0.523749,0.41955,10.00
0.019730,4.989509,0.525707,0.41943,10.00
0.019740,4.992160,0.527248,0.41931,10.00
0.019750,4.994605,0.528361,0.41918,10.00
0.019760,4.996070,0.529163,0.41911,10.00
0.019770,4.997559,0.529729,0.41904,10.00
0.019780,4.999060,0.530056,0.41896,10.00
0.019790,5.000563,0.530142,0.41889,10.00
0.019800,5.001853,0.529988,0.41881,10.00
0.019810,5.002319,0.529692,0.41879,10.00
0.019820,5.002768,0.529323,0.41876,10.00
0.019830,5.003195,0.528882,0.41874,10.00
0.019840,5.003599,0.528373,0.41872,10.00
0.019850,5.003998,0.527801,0.41869,10.00
0.019860,5.004454,0.527159,0.41867,10.00
0.019870,5.004878,0.526446,0.41864,10.00
0.019880,5.005265,0.525665,0.41862,10.00
0.019890,5.005613,0.524824,0.41860,10.00
0.019900,5.006241,0.523929,0.41858,10.00
0.019910,5.008099,0.522833,0.41848,10.00
0.019920,5.009891,0.521442,0.41838,10.00
0.019930,5.011604,0.519767,0.41829,10.00
0.019940,5.013226,0.517822,0.41819,10.00
0.019950,5.014688,0.515621,0.41811,10.00
0.019960,5.015811,0.513208,0.41804,10.00
0.019970,5.016814,0.510621,0.41797,10.00
0.019980,5.017691,0.507878,0.41791,10.00
0.019990,5.018436,0.505001,0.41786,10.00
0.020000,5.018843,0.502010,0.41781,10.00
0.020010,5.018306,0.499024,0.41782,10.00
0.020020,5.017639,0.496130,0.41784,10.00
0.020030,5.016846,0.493348,0.41787,10.00
0.020040,5.015934,0.490698,0.41790,10.00
0.020050,5.014866,0.488198,0.41793,10.00
0.020060,5.013517,0.485889,0.41799,10.00
0.020070,5.012075,0.483800,0.41805,10.00
0.020080,5.010551,0.481945,0.41812,10.00
0.020090,5.008956,0.480337,0.41819,10.00
0.020100,5.007297,0.478987,0.41826,10.00
0.020110,5.005569,0.477907,0.41834,10.00
0.020120,5.003807,0.477105,0.41843,10.00
0.020130,5.002025,0.476587,0.41851,10.00
0.020140,5.000234,0.476354,0.41860,10.00
0.020150,4.998687,0.476408,0.41869,10.00
0.020160,4.998105,0.476633,0.41872,10.00
0.020170,4.997538,0.476951,0.41875,10.00
0.020180,4.996991,0.477359,0.41878,10.00
0.020190,4.996467,0.477853,0.41881,10.00
0.020200,4.995787,0.478431,0.41884,10.00
0.020210,4.994409,0.479175,0.41891,10.00
0.020220,4.993077,0.480137,0.41899,10.00
0.020230,4.991801,0.481311,0.41906,10.00
0.020240,4.990589,0.482687,0.41912,10.00
0.020250,4.989498,0.484253,0.41919,10.00
0.020260,4.988674,0.485976,0.41924,10.00
0.020270,4.987937,0.487828,0.41929,10.00
0.020280,4.987290,0.489793,0.41933,10.00
0.020290,4.986738,0.491859,0.41937,10.00
0.020300,4.986475,0.494008,0.41940,10.00
0.020310,4.987076,0.496135,0.41938,10.00
0.020320,4.987767,0.498161,0.41936,10.00
0.020330,4.988544,0.500073,0.41933,10.00
0.020340,4.989401,0.501857,0.41930,10.00
0.020350,4.990113,0.503500,0.41926,10.00
0.020360,4.990024,0.505097,0.41928,10.00
0.020370,4.990009,0.506705,0.41928,10.00
0.020380,4.990066,0.508312,0.41929,10.00
0.020390,4.990196,0.509906,0.41929,10.00
0.020400,4.990483,0.511477,0.41929,10.00
0.020410,4.991179,0.512971,0.41926,10.00
0.020420,4.991936,0.514352,0.41923,10.00
0.020430,4.992750,0.515608,0.41920,10.00
0.020440,4.993613,0.516732,0.41916,10.00
0.020450,4.994160,0.517716,0.41912,10.00
0.020460,4.993315,0.518726,0.41917,10.00
0.020470,4.992523,0.519868,0.41922,10.00
0.020480,4.991791,0.521135,0.41926,10.00
0.020490,4.991122,0.522516,0.41930,10.00
0.020500,4.990861,0.524001,0.41934,10.00
0.020510,4.992023,0.525416,0.41929,10.00
0.020520,4.993239,0.526643,0.41923,10.00
0.020530,4.994500,0.527672,0.41918,10.00
0.020540,4.995796,0.528499,0.41912,10.00
0.020550,4.997151,0.529116,0.41905,10.00
0.020560,4.998653,0.529505,0.41898,10.00
0.020570,5.000160,0.529653,0.41890,10.00
0.020580,5.001659,0.529560,0.41883,10.00
0.020590,5.003141,0.529228,0.41875,10.00
0.020600,5.004710,0.528659,0.41868,10.00
0.020610,5.006697,0.527803,0.41857,10.00
0.020620,5.008627,0.526632,0.41847,10.00
0.020630,5.010487,0.525154,0.41837,10.00
0.020640,5.012263,0.523382,0.41827,10.00
0.020650,5.013709,0.521329,0.41817,10.00
0.020660,5.014117,0.519124,0.41814,10.00
0.020670,5.014422,0.516858,0.41811,10.00
0.020680,5.014621,0.514547,0.41809,10.00
0.020690,5.014714,0.512209,0.41807,10.00
0.020700,5.014820,0.509861,0.41806,10.00
0.020710,5.015297,0.507461,0.41802,10.00
0.020720,5.015662,0.504990,0.41799,10.00
0.020730,5.015911,0.502466,0.41797,10.00
0.020740,5.016044,0.499906,0.41795,10.00
0.020750,5.015927,0.497330,0.41793,10.00
0.020760,5.015169,0.494820,0.41796,10.00
0.020770,5.014303,0.492436,0.41799,10.00
0.020780,5.013337,0.490195,0.41802,10.00
0.020790,5.012278,0.488112,0.41806,10.00
0.020800,5.010992,0.486203,0.41811,10.00
0.020810,5.009062,0.484549,0.41820,10.00
0.020820,5.007074,0.483206,0.41829,10.00
0.020830,5.005042,0.482184,0.41839,10.00
0.020840,5.002983,0.481488,0.41849,10.00
0.020850,5.001062,0.481123,0.41859,10.00
0.020860,4.999745,0.481017,0.41865,10.00
0.020870,4.998435,0.481122,0.41872,10.00
0.020880,4.997141,0.481436,0.41879,10.00
0.020890,4.995873,0.481957,0.41885,10.00
0.020900,4.994488,0.482679,0.41892,10.00
0.020910,4.992539,0.483670,0.41902,10.00
0.020920,4.990653,0.484970,0.41912,10.00
0.020930,4.988843,0.486570,0.41922,10.00
0.020940,4.987121,0.488456,0.41932,10.00
0.020950,4.985732,0.490613,0.41941,10.00
0.020960,4.985381,0.492914,0.41944,10.00
0.020970,4.985136,0.495266,0.41947,10.00
0.020980,4.985001,0.497653,0.41949,10.00
0.020990,4.984975,0.500058,0.41950,10.00
0.021000,4.984953,0.502461,0.41951,10.00
0.021010,4.984622,0.504898,0.41954,10.00
0.021020,4.984403,0.507382,0.41956,10.00
0.021030,4.984300,0.509897,0.41958,10.00
0.021040,4.984311,0.512423,0.41960,10.00
0.021050,4.984556,0.514942,0.41960,10.00
0.021060,4.985389,0.517380,0.41958,10.00
0.021070,4.986325,0.519679,0.41954,10.00
0.021080,4.987357,0.521824,0.41950,10.00
0.021090,4.988477,0.523801,0.41946,10.00
0.021100,4.989613,0.525594,0.41941,10.00
0.021110,4.990570,0.527222,0.41937,10.00
0.021120,4.991592,0.528695,0.41932,10.00
0.021130,4.992672,0.530001,0.41928,10.00
0.021140,4.993801,0.531131,0.41923,10.00
0.021150,4.995071,0.532079,0.41917,10.00
0.021160,4.996769,0.532791,0.41909,10.00
0.021170,4.998485,0.533229,0.41901,10.00
0.021180,5.000204,0.533392,0.41892,10.00
0.021190,5.001916,0.533280,0.41884,10.00
0.021200,5.003670,0.532895,0.41875,10.00
0.021210,5.005636,0.532210,0.41865,10.00
0.021220,5.007554,0.531212,0.41854,10.00
0.021230,5.009409,0.529909,0.41844,10.00
0.021240,5.011189,0.528313,0.41835,10.00
0.021250,5.012810,0.526435,0.41825,10.00
0.021260,5.014048,0.524324,0.41818,10.00
0.021270,5.015179,0.522019,0.41811,10.00
0.021280,5.016195,0.519538,0.41804,10.00
0.021290,5.017091,0.516899,0.41798,10.00
0.021300,5.017870,0.514122,0.41793,10.00
0.021310,5.018563,0.511222,0.41788,10.00
0.021320,5.019118,0.508217,0.41784,10.00
0.021330,5.019532,0.505128,0.41780,10.00
0.021340,5.019803,0.501980,0.41777,10.00
0.021350,5.019780,0.498794,0.41774,10.00
0.021360,5.019027,0.495666,0.41777,10.00
0.021370,5.018139,0.492663,0.41779,10.00
0.021380,5.017122,0.489808,0.41783,10.00
0.021390,5.015985,0.487122,0.41787,10.00
0.021400,5.014671,0.484622,0.41792,10.00
0.021410,5.012992,0.482358,0.41799,10.00
0.021420,5.011226,0.480367,0.41807,10.00
0.021430,5.009386,0.478662,0.41815,10.00
0.021440,5.007485,0.477255,0.41824,10.00
0.021450,5.005757,0.476154,0.41833,10.00
0.021460,5.004877,0.475260,0.41837,10.00
0.021470,5.003964,0.474509,0.41841,10.00
0.021480,5.003025,0.473906,0.41846,10.00
0.021490,5.002068,0.473454,0.41850,10.00
0.021500,5.001101,0.473156,0.41855,10.00
0.021510,5.000145,0.473012,0.41860,10.00
0.021520,4.999190,0.473021,0.41864,10.00
0.021530,4.998245,0.473183,0.41869,10.00
0.021540,4.997315,0.473495,0.41874,10.00
0.021550,4.996529,0.473956,0.41879,10.00
0.021560,4.996252,0.474503,0.41881,10.00
0.021570,4.996003,0.475094,0.41882,10.00
0.021580,4.995783,0.475723,0.41884,10.00
0.021590,4.995594,0.476386,0.41885,10.00
0.021600,4.994954,0.477079,0.41886,10.00
0.021610,4.992431,0.478026,0.41899,10.00
0.021620,4.989973,0.479375,0.41912,10.00
0.021630,4.987599,0.481115,0.41925,10.00
0.021640,4.985324,0.483230,0.41938,10.00
0.021650,4.983505,0.485705,0.41950,10.00
0.021660,4.983168,0.488358,0.41953,10.00
0.021670,4.982955,0.491059,0.41956,10.00
0.021680,4.982866,0.493789,0.41958,10.00
0.021690,4.982901,0.496528,0.41959,10.00
0.021700,4.983171,0.499256,0.41960,10.00
0.021710,4.984001,0.501901,0.41957,10.00
0.021720,4.984944,0.504408,0.41953,10.00
0.021730,4.985992,0.506759,0.41950,10.00
0.021740,4.987138,0.508939,0.41945,10.00
0.021750,4.988088,0.510931,0.41940,10.00
0.021760,4.987986,0.512858,0.41941,10.00
0.021770,4.987972,0.514798,0.41943,10.00
0.021780,4.988047,0.516737,0.41943,10.00
0.021790,4.988208,0.518659,0.41943,10.00
0.021800,4.988595,0.520552,0.41943,10.00
0.021810,4.989621,0.522335,0.41939,10.00
0.021820,4.990719,0.523950,0.41934,10.00
0.021830,4.991880,0.525387,0.41929,10.00
0.021840,4.993096,0.526635,0.41924,10.00
0.021850,4.994342,0.527687,0.41918,10.00
0.021860,4.995562,0.528542,0.41913,10.00
0.021870,4.996809,0.529201,0.41907,10.00
0.021880,4.998076,0.529658,0.41901,10.00
0.021890,4.999352,0.529913,0.41894,10.00
0.021900,5.000505,0.529963,0.41888,10.00
0.021910,5.001162,0.529867,0.41885,10.00
0.021920,5.001808,0.529667,0.41881,10.00
0.021930,5.002440,0.529363,0.41878,10.00
0.021940,5.003053,0.528959,0.41875,10.00
0.021950,5.003723,0.528458,0.41871,10.00
0.021960,5.004693,0.527824,0.41866,10.00
0.021970,5.005626,0.527037,0.41861,10.00
0.021980,5.006515,0.526101,0.41856,10.00
0.021990,5.007353,0.525025,0.41851,10.00
0.022000,5.008444,0.523818,0.41847,10.00
0.022010,5.010701,0.522339,0.41835,10.00
0.022020,5.012872,0.520502,0.41823,10.00
0.022030,5.014940,0.518322,0.41811,10.00
0.022040,5.016890,0.515816,0.41800,10.00
0.022050,5.018399,0.513002,0.41789,10.00
0.022060,5.018526,0.510053,0.41787,10.00
0.022070,5.018518,0.507089,0.41786,10.00
0.022080,5.018375,0.504131,0.41785,10.00
0.022090,5.018100,0.501203,0.41784,10.00
0.022100,5.017788,0.498324,0.41785,10.00
0.022110,5.017719,0.495470,0.41784,10.00
0.022120,5.017522,0.492633,0.41783,10.00
0.022130,5.017198,0.489833,0.41783,10.00
0.022140,5.016749,0.487090,0.41784,10.00
0.022150,5.016129,0.484424,0.41785,10.00
0.022160,5.015190,0.481879,0.41789,10.00
0.022170,5.014143,0.479489,0.41793,10.00
0.022180,5.012998,0.477271,0.41797,10.00
0.022190,5.011762,0.475241,0.41802,10.00
0.022200,5.010629,0.473412,0.41808,10.00
0.022210,5.010154,0.471709,0.41809,10.00
0.022220,5.009606,0.470085,0.41811,10.00
0.022230,5.008989,0.468552,0.41814,10.00
0.022240,5.008309,0.467121,0.41816,10.00
0.022250,5.007611,0.465801,0.41819,10.00
0.022260,5.007024,0.464583,0.41821,10.00
0.022270,5.006387,0.463460,0.41824,10.00
0.022280,5.005705,0.462442,0.41827,10.00
0.022290,5.004983,0.461535,0.41830,10.00
0.022300,5.004135,0.460746,0.41833,10.00
0.022310,5.002896,0.460123,0.41839,10.00
0.022320,5.001640,0.459699,0.41845,10.00
0.022330,5.000376,0.459477,0.41852,10.00
0.022340,4.999114,0.459457,0.41858,10.00
0.022350,4.997813,0.459640,0.41864,10.00
0.022360,4.996340,0.460045,0.41872,10.00
0.022370,4.994899,0.460686,0.41880,10.00
0.022380,4.993500,0.461555,0.41887,10.00
0.022390,4.992152,0.462647,0.41894,10.00
0.022400,4.991136,0.463952,0.41902,10.00
0.022410,4.991264,0.465331,0.41902,10.00
0.022420,4.991453,0.466687,0.41901,10.00
0.022430,4.991702,0.468011,0.41901,10.00
0.022440,4.992009,0.469292,0.41900,10.00
0.022450,4.992011,0.470522,0.41899,10.00
0.022460,4.990638,0.471864,0.41907,10.00
0.022470,4.989337,0.473424,0.41914,10.00
0.022480,4.988119,0.475188,0.41921,10.00
0.022490,4.986992,0.477144,0.41928,10.00
0.022500,4.985807,0.479276,0.41934,10.00
0.022510,4.984107,0.481644,0.41944,10.00
0.022520,4.982530,0.484279,0.41953,10.00
0.022530,4.981086,0.487160,0.41962,10.00
0.022540,4.979786,0.490267,0.41970,10.00
0.022550,4.978669,0.493576,0.41978,10.00
0.022560,4.977833,0.497047,0.41984,10.00
0.022570,4.977162,0.500645,0.41989,10.00
0.022580,4.976661,0.504343,0.41994,10.00
0.022590,4.976331,0.508115,0.41997,10.00
0.022600,4.976280,0.511931,0.42000,10.00
0.022610,4.976819,0.515715,0.42000,10.00
0.022620,4.977524,0.519406,0.41998,10.00
0.022630,4.978391,0.522977,0.41996,10.00
0.022640,4.979412,0.526402,0.41992,10.00
0.022650,4.980758,0.529657,0.41988,10.00
0.022660,4.982953,0.532634,0.41979,10.00
0.022670,4.985264,0.535254,0.41969,10.00
0.022680,4.987673,0.537499,0.41958,10.00
0.022690,4.990163,0.539355,0.41947,10.00
0.022700,4.992523,0.540809,0.41935,10.00
0.022710,4.994170,0.541944,0.41927,10.00
0.022720,4.995853,0.542814,0.41919,10.00
0.022730,4.997561,0.543413,0.41911,10.00
0.022740,4.999280,0.543737,0.41902,10.00
0.022750,5.000765,0.543786,0.41894,10.00
0.022760,5.001305,0.543672,0.41891,10.00
0.022770,5.001835,0.543472,0.41888,10.00
0.022780,5.002351,0.543188,0.41885,10.00
0.022790,5.002849,0.542821,0.41883,10.00
0.022800,5.003565,0.542375,0.41880,10.00
0.022810,5.005203,0.541739,0.41871,10.00
0.022820,5.006797,0.540843,0.41863,10.00
0.022830,5.008337,0.539693,0.41855,10.00
0.022840,5.009811,0.538299,0.41846,10.00
0.022850,5.011436,0.536672,0.41838,10.00
0.022860,5.013881,0.534715,0.41825,10.00
0.022870,5.016216,0.532372,0.41812,10.00
0.022880,5.018423,0.529659,0.41800,10.00
0.022890,5.020488,0.526599,0.41788,10.00
0.022900,5.022210,0.523215,0.41776,10.00
0.022910,5.023022,0.519621,0.41770,10.00
0.022920,5.023664,0.515905,0.41765,10.00
0.022930,5.024132,0.512093,0.41760,10.00
0.022940,5.024423,0.508213,0.41757,10.00
0.022950,5.024703,0.504294,0.41754,10.00
0.022960,5.025471,0.500285,0.41748,10.00
0.022970,5.026051,0.496160,0.41743,10.00
0.022980,5.026438,0.491951,0.41739,10.00
0.022990,5.026632,0.487688,0.41736,10.00
0.023000,5.026337,0.483402,0.41733,10.00
0.023010,5.024683,0.479266,0.41739,10.00
0.023020,5.022856,0.475401,0.41746,10.00
0.023030,5.020870,0.471837,0.41754,10.00
0.023040,5.018740,0.468596,0.41763,10.00
0.023050,5.016517,0.465703,0.41773,10.00
0.023060,5.014325,0.463159,0.41783,10.00
0.023070,5.012037,0.460970,0.41793,10.00
0.023080,5.009670,0.459151,0.41804,10.00
0.023090,5.007241,0.457715,0.41815,10.00
0.023100,5.004872,0.456669,0.41827,10.00
0.023110,5.002883,0.455971,0.41837,10.00
0.023120,5.000881,0.455593,0.41846,10.00
0.023130,4.998879,0.455536,0.41856,10.00
0.023140,4.996892,0.455799,0.41866,10.00
0.023150,4.995096,0.456379,0.41877,10.00
0.023160,4.993983,0.457194,0.41883,10.00
0.023170,4.992917,0.458185,0.41889,10.00
0.023180,4.991906,0.459345,0.41894,10.00
0.023190,4.990956,0.460664,0.41900,10.00
0.023200,4.989910,0.462133,0.41905,10.00
0.023210,4.988283,0.463820,0.41914,10.00
0.023220,4.986747,0.465763,0.41923,10.00
0.023230,4.985313,0.467948,0.41931,10.00
0.023240,4.983991,0.470358,0.41939,10.00
0.023250,4.982617,0.472975,0.41947,10.00
0.023260,4.980687,0.475862,0.41958,10.00
0.023270,4.978904,0.479052,0.41969,10.00
0.023280,4.977283,0.482521,0.41979,10.00
0.023290,4.975833,0.486242,0.41988,10.00
0.023300,4.974651,0.490187,0.41996,10.00
0.023310,4.974006,0.494287,0.42002,10.00
0.023320,4.973553,0.498481,0.42006,10.00
0.023330,4.973294,0.502740,0.42010,10.00
0.023340,4.973230,0.507032,0.42013,10.00
0.023350,4.973351,0.511326,0.42014,10.00
0.023360,4.973622,0.515595,0.42015,10.00
0.023370,4.974085,0.519813,0.42015,10.00
0.023380,4.974735,0.523949,0.42014,10.00
0.023390,4.975567,0.527973,0.42012,10.00
0.023400,4.976745,0.531856,0.42009,10.00
0.023410,4.978770,0.535489,0.42001,10.00
0.023420,4.980941,0.538791,0.41992,10.00
0.023430,4.983243,0.541739,0.41982,10.00
0.023440,4.985658,0.544314,0.41971,10.00
0.023450,4.988014,0.546498,0.41960,10.00
0.023460,4.989830,0.548350,0.41952,10.00
0.023470,4.991715,0.549908,0.41943,10.00
0.023480,4.993653,0.551162,0.41934,10.00
0.023490,4.995631,0.552104,0.41925,10.00
0.023500,4.997695,0.552727,0.41915,10.00
0.023510,5.000012,0.552999,0.41904,10.00
0.023520,5.002321,0.552901,0.41892,10.00
0.023530,5.004605,0.552433,0.41880,10.00
0.023540,5.006847,0.551601,0.41869,10.00
0.023550,5.008744,0.550412,0.41857,10.00
0.023560,5.009418,0.549015,0.41853,10.00
0.023570,5.010024,0.547512,0.41849,10.00
0.023580,5.010556,0.545915,0.41845,10.00
0.023590,5.011011,0.544235,0.41842,10.00
0.023600,5.011830,0.542486,0.41839,10.00
0.023610,5.014335,0.540467,0.41826,10.00
0.023620,5.016727,0.538051,0.41812,10.00
0.023630,5.018987,0.535258,0.41800,10.00
0.023640,5.021101,0.532109,0.41787,10.00
0.023650,5.022912,0.528627,0.41776,10.00
0.023660,5.023988,0.524908,0.41768,10.00
0.023670,5.024885,0.521024,0.41762,10.00
0.023680,5.025598,0.517004,0.41756,10.00
0.023690,5.026123,0.512878,0.41751,10.00
0.023700,5.026276,0.508676,0.41747,10.00
0.023710,5.025524,0.504515,0.41748,10.00
0.023720,5.024589,0.500482,0.41751,10.00
0.023730,5.023480,0.496606,0.41754,10.00
0.023740,5.022205,0.492914,0.41759,10.00
0.023750,5.020945,0.489434,0.41764,10.00
0.023760,5.020223,0.486107,0.41766,10.00
0.023770,5.019356,0.482901,0.41768,10.00
0.023780,5.018351,0.479841,0.41772,10.00
0.023790,5.017217,0.476946,0.41776,10.00
0.023800,5.015808,0.474239,0.41781,10.00
0.023810,5.013680,0.471812,0.41790,10.00
0.023820,5.011460,0.469729,0.41800,10.00
0.023830,5.009166,0.468005,0.41811,10.00
0.023840,5.006814,0.466651,0.41822,10.00
0.023850,5.004873,0.465675,0.41833,10.00
0.023860,5.004701,0.464868,0.41834,10.00
0.023870,5.004495,0.464090,0.41834,10.00
0.023880,5.004254,0.463346,0.41835,10.00
0.023890,5.003983,0.462643,0.41836,10.00
0.023900,5.003398,0.461984,0.41837,10.00
0.023910,5.001660,0.461511,0.41846,10.00
0.023920,4.999916,0.461317,0.41854,10.00
0.023930,4.998179,0.461403,0.41863,10.00
0.023940,4.996461,0.461765,0.41872,10.00
0.023950,4.994944,0.462402,0.41881,10.00
0.023960,4.994141,0.463227,0.41885,10.00
0.023970,4.993383,0.464178,0.41889,10.00
0.023980,4.992674,0.465249,0.41894,10.00
0.023990,4.992021,0.466431,0.41898,10.00
0.024000,4.991258,0.467715,0.41901,10.00
0.024010,4.989890,0.469173,0.41909,10.00
0.024020,4.988600,0.470847,0.41916,10.00
0.024030,4.987398,0.472724,0.41923,10.00
0.024040,4.986291,0.474790,0.41930,10.00
0.024050,4.985418,0.477028,0.41936,10.00
0.024060,4.985170,0.479361,0.41939,10.00
0.024070,4.985030,0.481729,0.41941,10.00
0.024080,4.984998,0.484115,0.41942,10.00
0.024090,4.985076,0.486501,0.41943,10.00
0.024100,4.984921,0.488870,0.41944,10.00
0.024110,4.983521,0.491369,0.41952,10.00
0.024120,4.982247,0.494086,0.41960,10.00
0.024130,4.981107,0.497002,0.41967,10.00
0.024140,4.980110,0.500094,0.41974,10.00
0.024150,4.979191,0.503340,0.41980,10.00
0.024160,4.978144,0.506749,0.41987,10.00
0.024170,4.977261,0.510319,0.41993,10.00
0.024180,4.976548,0.514022,0.41999,10.00
0.024190,4.976010,0.517833,0.42004,10.00
0.024200,4.975987,0.521722,0.42007,10.00
0.024210,4.977492,0.525499,0.42002,10.00
0.024220,4.979155,0.529028,0.41996,10.00
0.024230,4.980962,0.532284,0.41988,10.00
0.024240,4.982902,0.535245,0.41980,10.00
0.024250,4.985024,0.537890,0.41971,10.00
0.024260,4.987511,0.540170,0.41960,10.00
0.024270,4.990080,0.542047,0.41948,10.00
0.024280,4.992711,0.543511,0.41936,10.00
0.024290,4.995384,0.544551,0.41923,10.00
0.024300,4.997945,0.545161,0.41910,10.00
0.024310,4.999966,0.545405,0.41900,10.00
0.024320,5.001981,0.545325,0.41890,10.00
0.024330,5.003974,0.544923,0.41879,10.00
0.024340,5.005931,0.544203,0.41869,10.00
0.024350,5.007702,0.543172,0.41859,10.00
0.024360,5.008871,0.541903,0.41853,10.00
0.024370,5.009972,0.540449,0.41846,10.00
0.024380,5.010997,0.538821,0.41840,10.00
0.024390,5.011939,0.537033,0.41834,10.00
0.024400,5.012634,0.535098,0.41829,10.00
0.024410,5.012608,0.533105,0.41828,10.00
0.024420,5.012491,0.531120,0.41828,10.00
0.024430,5.012285,0.529158,0.41828,10.00
0.024440,5.011992,0.527232,0.41828,10.00
0.024450,5.012155,0.525357,0.41829,10.00
0.024460,5.014384,0.523286,0.41817,10.00
0.024470,5.016500,0.520862,0.41805,10.00
0.024480,5.018487,0.518105,0.41793,10.00
0.024490,5.020332,0.515036,0.41782,10.00
0.024500,5.021702,0.511678,0.41772,10.00
0.024510,5.021639,0.508209,0.41770,10.00
0.024520,5.021419,0.504757,0.41770,10.00
0.024530,5.021044,0.501347,0.41770,10.00
0.024540,5.020518,0.498003,0.41770,10.00
0.024550,5.019690,0.494750,0.41772,10.00
0.024560,5.018107,0.491685,0.41778,10.00
0.024570,5.016398,0.488878,0.41785,10.00
0.024580,5.014578,0.486351,0.41793,10.00
0.024590,5.012659,0.484119,0.41801,10.00
0.024600,5.011026,0.482197,0.41810,10.00
0.024610,5.010792,0.480423,0.41811,10.00
0.024620,5.010480,0.478689,0.41811,10.00
0.024630,5.010092,0.477009,0.41812,10.00
0.024640,5.009632,0.475394,0.41814,10.00
0.024650,5.009060,0.473855,0.41816,10.00
0.024660,5.008253,0.472425,0.41819,10.00
0.024670,5.007389,0.471127,0.41823,10.00
0.024680,5.006473,0.469970,0.41826,10.00
0.024690,5.005514,0.468961,0.41831,10.00
0.024700,5.004210,0.468108,0.41835,10.00
0.024710,5.001655,0.467563,0.41848,10.00
0.024720,4.999099,0.467427,0.41861,10.00
0.024730,4.996559,0.467701,0.41873,10.00
0.024740,4.994055,0.468379,0.41886,10.00
0.024750,4.991669,0.469457,0.41899,10.00
0.024760,4.989615,0.470894,0.41910,10.00
0.024770,4.987644,0.472656,0.41921,10.00
0.024780,4.985771,0.474729,0.41932,10.00
0.024790,4.984008,0.477098,0.41942,10.00
0.024800,4.982570,0.479744,0.41951,10.00
0.024810,4.982066,0.482551,0.41955,10.00
0.024820,4.981695,0.485433,0.41959,10.00
0.024830,4.981457,0.488369,0.41962,10.00
0.024840,4.981354,0.491337,0.41964,10.00
0.024850,4.981379,0.494316,0.41965,10.00
0.024860,4.981507,0.497288,0.41966,10.00
0.024870,4.981768,0.500234,0.41967,10.00
0.024880,4.982160,0.503133,0.41966,10.00
0.024890,4.982681,0.505963,0.41965,10.00
0.024900,4.983442,0.508705,0.41963,10.00
0.024910,4.984791,0.511282,0.41958,10.00
0.024920,4.986244,0.513638,0.41952,10.00
0.024930,4.987791,0.515758,0.41945,10.00
0.024940,4.989420,0.517626,0.41938,10.00
0.024950,4.991042,0.519231,0.41931,10.00
0.024960,4.992414,0.520598,0.41925,10.00
0.024970,4.993835,0.521743,0.41918,10.00
0.024980,4.995295,0.522658,0.41911,10.00
0.024990,4.996784,0.523339,0.41904,10.00
0.025000,4.998262,0.523780,0.41897,10.00
0.025010,4.999631,0.523993,0.41890,10.00
0.025020,5.000997,0.523987,0.41883,10.00
0.025030,5.002351,0.523763,0.41876,10.00
0.025040,5.003682,0.523322,0.41869,10.00
0.025050,5.004786,0.522670,0.41863,10.00
0.025060,5.005071,0.521905,0.41861,10.00
0.025070,5.005318,0.521096,0.41859,10.00
0.025080,5.005526,0.520249,0.41857,10.00
0.025090,5.005693,0.519370,0.41856,10.00
0.025100,5.005922,0.518466,0.41855,10.00
0.025110,5.006517,0.517494,0.41852,10.00
0.025120,5.007062,0.516429,0.41848,10.00
0.025130,5.007554,0.515279,0.41845,10.00
0.025140,5.007990,0.514052,0.41842,10.00
0.025150,5.008243,0.512758,0.41840,10.00
0.025160,5.007944,0.511465,0.41840,10.00
0.025170,5.007589,0.510223,0.41842,10.00
0.025180,5.007180,0.509040,0.41843,10.00
0.025190,5.006722,0.507924,0.41845,10.00
0.025200,5.006698,0.506883,0.41847,10.00
0.025210,5.008544,0.505695,0.41837,10.00
0.025220,5.010320,0.504213,0.41827,10.00
0.025230,5.012012,0.502451,0.41818,10.00
0.025240,5.013610,0.500422,0.41808,10.00
0.025250,5.014960,0.498141,0.41800,10.00
0.025260,5.015632,0.495695,0.41795,10.00
0.025270,5.016187,0.493145,0.41791,10.00
0.025280,5.016622,0.490512,0.41787,10.00
0.025290,5.016933,0.487815,0.41784,10.00
0.025300,5.016925,0.485073,0.41782,10.00
0.025310,5.016022,0.482399,0.41785,10.00
0.025320,5.015006,0.479875,0.41789,10.00
0.025330,5.013885,0.477519,0.41793,10.00
0.025340,5.012666,0.475346,0.41798,10.00
0.025350,5.011254,0.473372,0.41803,10.00
0.025360,5.009341,0.471662,0.41812,10.00
0.025370,5.007368,0.470261,0.41821,10.00
0.025380,5.005348,0.469179,0.41831,10.00
0.025390,5.003298,0.468421,0.41841,10.00
0.025400,5.001112,0.467992,0.41851,10.00
0.025410,4.998450,0.467952,0.41864,10.00
0.025420,4.995810,0.468337,0.41877,10.00
0.025430,4.993211,0.469144,0.41891,10.00
0.025440,4.990672,0.470364,0.41904,10.00
0.025450,4.988212,0.471988,0.41918,10.00
0.025460,4.985851,0.474002,0.41930,10.00
0.025470,4.983602,0.476390,0.41943,10.00
0.025480,4.981482,0.479132,0.41955,10.00
0.025490,4.979505,0.482208,0.41967,10.00
0.025500,4.977850,0.485594,0.41978,10.00
0.025510,4.977021,0.489185,0.41984,10.00
0.025520,4.976363,0.492902,0.41989,10.00
0.025530,4.975879,0.496717,0.41994,10.00
0.025540,4.975572,0.500602,0.41997,10.00
0.025550,4.975746,0.504529,0.42000,10.00
0.025560,4.977302,0.508323,0.41994,10.00
0.025570,4.979015,0.511862,0.41988,10.00
0.025580,4.980874,0.515120,0.41980,10.00
0.025590,4.982864,0.518074,0.41972,10.00
0.025600,4.984505,0.520705,0.41963,10.00
0.025610,4.984393,0.523218,0.41965,10.00
0.025620,4.984396,0.525743,0.41966,10.00
0.025630,4.984513,0.528264,0.41967,10.00
0.025640,4.984744,0.530760,0.41967,10.00
0.025650,4.985252,0.533215,0.41967,10.00
0.025660,4.986531,0.535530,0.41961,10.00
0.025670,4.987904,0.537636,0.41956,10.00
0.025680,4.989360,0.539519,0.41949,10.00
0.025690,4.990889,0.541165,0.41943,10.00
0.025700,4.992626,0.542563,0.41935,10.00
0.025710,4.995001,0.543634,0.41924,10.00
0.025720,4.997404,0.544322,0.41912,10.00
0.025730,4.999816,0.544626,0.41900,10.00
0.025740,5.002221,0.544543,0.41888,10.00
0.025750,5.004450,0.544075,0.41876,10.00
0.025760,5.006043,0.543300,0.41868,10.00
0.025770,5.007585,0.542272,0.41859,10.00
0.025780,5.009068,0.541000,0.41851,10.00
0.025790,5.010479,0.539492,0.41843,10.00
0.025800,5.012211,0.537762,0.41836,10.00
0.025810,5.015446,0.535630,0.41818,10.00
0.025820,5.018556,0.532984,0.41801,10.00
0.025830,5.021518,0.529847,0.41785,10.00
0.025840,5.024312,0.526243,0.41769,10.00
0.025850,5.026553,0.522198,0.41754,10.00
0.025860,5.027142,0.517920,0.41748,10.00
0.025870,5.027532,0.513556,0.41744,10.00
0.025880,5.027720,0.509138,0.41741,10.00
0.025890,5.027707,0.504698,0.41738,10.00
0.025900,5.027464,0.500268,0.41737,10.00
0.025910,5.026911,0.495895,0.41737,10.00
0.025920,5.026165,0.491619,0.41739,10.00
0.025930,5.025231,0.487470,0.41741,10.00
0.025940,5.024118,0.483479,0.41745,10.00
0.025950,5.023218,0.479673,0.41749,10.00
0.025960,5.023685,0.475895,0.41745,10.00
0.025970,5.023977,0.472051,0.41741,10.00
0.025980,5.024092,0.468167,0.41738,10.00
0.025990,5.024030,0.464272,0.41737,10.00
0.026000,5.023509,0.460395,0.41736,10.00
0.026010,5.021687,0.456699,0.41743,10.00
0.026020,5.019714,0.453302,0.41751,10.00
0.026030,5.017604,0.450227,0.41760,10.00
0.026040,5.015374,0.447496,0.41769,10.00
0.026050,5.013243,0.445126,0.41780,10.00
0.026060,5.011833,0.443037,0.41786,10.00
0.026070,5.010341,0.441177,0.41792,10.00
0.026080,5.008778,0.439559,0.41799,10.00
0.026090,5.007155,0.438195,0.41807,10.00
0.026100,5.005230,0.437093,0.41814,10.00
0.026110,5.002256,0.436383,0.41829,10.00
0.026120,4.999277,0.436150,0.41844,10.00
0.026130,4.996314,0.436393,0.41859,10.00
0.026140,4.993388,0.437110,0.41874,10.00
0.026150,4.990353,0.438293,0.41889,10.00
0.026160,4.986732,0.440013,0.41908,10.00
0.026170,4.983222,0.442308,0.41927,10.00
0.026180,4.979846,0.445160,0.41945,10.00
0.026190,4.976630,0.448547,0.41963,10.00
0.026200,4.973954,0.452441,0.41981,10.00
0.026210,4.972907,0.456640,0.41988,10.00
0.026220,4.972059,0.461000,0.41995,10.00
0.026230,4.971417,0.465486,0.42000,10.00
0.026240,4.970983,0.470067,0.42005,10.00
0.026250,4.970661,0.474709,0.42009,10.00
0.026260,4.970152,0.479425,0.42014,10.00
0.026270,4.969861,0.484214,0.42018,10.00
0.026280,4.969790,0.489040,0.42021,10.00
0.026290,4.969939,0.493868,0.42023,10.00
0.026300,4.970183,0.498663,0.42024,10.00
0.026310,4.970156,0.503449,0.42026,10.00
0.026320,4.970346,0.508230,0.42028,10.00
0.026330,4.970752,0.512972,0.42029,10.00
0.026340,4.971369,0.517639,0.42028,10.00
0.026350,4.972217,0.522199,0.42026,10.00
0.026360,4.973362,0.526607,0.42023,10.00
0.026370,4.974697,0.530823,0.42019,10.00
0.026380,4.976211,0.534817,0.42013,10.00
0.026390,4.977893,0.538562,0.42007,10.00
0.026400,4.979834,0.542030,0.41999,10.00
0.026410,4.982327,0.545148,0.41989,10.00
0.026420,4.984939,0.547862,0.41977,10.00
0.026430,4.987652,0.550153,0.41965,10.00
0.026440,4.990444,0.552005,0.41952,10.00
0.026450,4.993421,0.553408,0.41938,10.00
0.026460,4.996939,0.554291,0.41921,10.00
0.026470,5.000466,0.554611,0.41904,10.00
0.026480,5.003976,0.554366,0.41886,10.00
0.026490,5.007443,0.553560,0.41868,10.00
0.026500,5.010548,0.552202,0.41850,10.00
0.026510,5.012385,0.550444,0.41840,10.00
0.026520,5.014125,0.548396,0.41830,10.00
0.026530,5.015758,0.546073,0.41821,10.00
0.026540,5.017270,0.543494,0.41812,10.00
0.026550,5.019121,0.540678,0.41803,10.00
0.026560,5.022696,0.537421,0.41784,10.00
0.026570,5.026092,0.533599,0.41764,10.00
0.026580,5.029284,0.529242,0.41746,10.00
0.026590,5.032250,0.524383,0.41729,10.00
0.026600,5.034625,0.519059,0.41712,10.00
0.026610,5.035364,0.513476,0.41705,10.00
0.026620,5.035844,0.507785,0.41700,10.00
0.026630,5.036061,0.502029,0.41696,10.00
0.026640,5.036016,0.496249,0.41693,10.00
0.026650,5.035615,0.490488,0.41691,10.00
0.026660,5.034581,0.484831,0.41693,10.00
0.026670,5.033301,0.479351,0.41697,10.00
0.026680,5.031783,0.474086,0.41701,10.00
0.026690,5.030040,0.469074,0.41707,10.00
0.026700,5.028235,0.464349,0.41715,10.00
0.026710,5.026826,0.459875,0.41719,10.00
0.026720,5.025228,0.455635,0.41725,10.00
0.026730,5.023451,0.451659,0.41732,10.00
0.026740,5.021509,0.447974,0.41739,10.00
0.026750,5.019286,0.444607,0.41748,10.00
0.026760,5.016402,0.441645,0.41761,10.00
0.026770,5.013409,0.439149,0.41775,10.00
0.026780,5.010330,0.437136,0.41789,10.00
0.026790,5.007187,0.435620,0.41804,10.00
0.026800,5.004156,0.434609,0.41819,10.00
0.026810,5.001711,0.434037,0.41831,10.00
0.026820,4.999262,0.433856,0.41843,10.00
0.026830,4.996826,0.434067,0.41856,10.00
0.026840,4.994422,0.434668,0.41868,10.00
0.026850,4.992034,0.435652,0.41880,10.00
0.026860,4.989586,0.437026,0.41894,10.00
0.026870,4.987222,0.438789,0.41906,10.00
0.026880,4.984959,0.440926,0.41919,10.00
0.026890,4.982813,0.443422,0.41931,10.00
0.026900,4.980538,0.446255,0.41943,10.00
0.026910,4.977370,0.449531,0.41960,10.00
0.026920,4.974378,0.453307,0.41977,10.00
0.026930,4.971585,0.457554,0.41994,10.00
0.026940,4.969008,0.462240,0.42009,10.00
0.026950,4.967035,0.467328,0.42024,10.00
0.026960,4.966772,0.472604,0.42028,10.00
0.026970,4.966751,0.477913,0.42031,10.00
0.026980,4.966971,0.483215,0.42033,10.00
0.026990,4.967430,0.488471,0.42033,10.00
0.027000,4.968062,0.493645,0.42033,10.00
0.027010,4.968681,0.498726,0.42032,10.00
0.027020,4.969525,0.503700,0.42031,10.00
0.027030,4.970587,0.508528,0.42028,10.00
0.027040,4.971858,0.513178,0.42024,10.00
0.027050,4.973327,0.517615,0.42019,10.00
0.027060,4.974972,0.521810,0.42013,10.00
0.027070,4.976793,0.525734,0.42006,10.00
0.027080,4.978776,0.529360,0.41998,10.00
0.027090,4.980906,0.532661,0.41989,10.00
0.027100,4.983002,0.535616,0.41980,10.00
0.027110,4.984562,0.538282,0.41973,10.00
0.027120,4.986228,0.540693,0.41966,10.00
0.027130,4.987989,0.542833,0.41959,10.00
0.027140,4.989832,0.544688,0.41950,10.00
0.027150,4.991739,0.546244,0.41942,10.00
0.027160,4.993685,0.547494,0.41933,10.00
0.027170,4.995671,0.548429,0.41923,10.00
0.027180,4.997682,0.549046,0.41913,10.00
0.027190,4.999703,0.549339,0.41903,10.00
0.027200,5.001823,0.549309,0.41893,10.00
0.027210,5.004335,0.548907,0.41880,10.00
0.027220,5.006806,0.548103,0.41868,10.00
0.027230,5.009219,0.546907,0.41855,10.00
0.027240,5.011556,0.545326,0.41842,10.00
0.027250,5.013775,0.543375,0.41830,10.00
0.027260,5.015780,0.541082,0.41819,10.00
0.027270,5.017663,0.538472,0.41808,10.00
0.027280,5.019411,0.535566,0.41797,10.00
0.027290,5.021011,0.532386,0.41788,10.00
0.027300,5.022323,0.528956,0.41779,10.00
0.027310,5.022949,0.525365,0.41773,10.00
0.027320,5.023407,0.521681,0.41769,10.00
0.027330,5.023693,0.517930,0.41766,10.00
0.027340,5.023807,0.514141,0.41763,10.00
0.027350,5.024002,0.510340,0.41761,10.00
0.027360,5.025037,0.506435,0.41754,10.00
0.027370,5.025886,0.502371,0.41747,10.00
0.027380,5.026544,0.498179,0.41742,10.00
0.027390,5.027005,0.493891,0.41737,10.00
0.027400,5.027049,0.489537,0.41734,10.00
0.027410,5.026025,0.485254,0.41736,10.00
0.027420,5.024816,0.481143,0.41740,10.00
0.027430,5.023431,0.477234,0.41745,10.00
0.027440,5.021882,0.473553,0.41751,10.00
0.027450,5.020240,0.470127,0.41757,10.00
0.027460,5.018698,0.466951,0.41763,10.00
0.027470,5.017026,0.464027,0.41770,10.00
0.027480,5.015236,0.461376,0.41778,10.00
0.027490,5.013342,0.459017,0.41786,10.00
0.027500,5.011261,0.456965,0.41795,10.00
0.027510,5.008722,0.455280,0.41807,10.00
0.027520,5.006130,0.454005,0.41819,10.00
0.027530,5.003502,0.453147,0.41832,10.00
0.027540,5.000859,0.452710,0.41845,10.00
0.027550,4.998569,0.452697,0.41858,10.00
0.027560,4.997691,0.452938,0.41862,10.00
0.027570,4.996832,0.453319,0.41867,10.00
0.027580,4.995997,0.453837,0.41871,10.00
0.027590,4.995194,0.454488,0.41876,10.00
0.027600,4.994148,0.455266,0.41880,10.00
0.027610,4.992035,0.456299,0.41891,10.00
0.027620,4.989988,0.457668,0.41902,10.00
0.027630,4.988021,0.459362,0.41913,10.00
0.027640,4.986148,0.461367,0.41924,10.00
0.027650,4.984335,0.463668,0.41934,10.00
0.027660,4.982450,0.466269,0.41944,10.00
0.027670,4.980701,0.469167,0.41955,10.00
0.027680,4.979098,0.472339,0.41965,10.00
0.027690,4.977654,0.475761,0.41974,10.00
0.027700,4.976175,0.479407,0.41982,10.00
0.027710,4.974071,0.483347,0.41995,10.00
0.027720,4.972165,0.487616,0.42007,10.00
0.027730,4.970469,0.492182,0.42018,10.00
0.027740,4.968995,0.497009,0.42028,10.00
0.027750,4.968214,0.502063,0.42037,10.00
0.027760,4.969503,0.507085,0.42033,10.00
0.027770,4.971009,0.511891,0.42028,10.00
0.027780,4.972718,0.516447,0.42022,10.00
0.027790,4.974620,0.520721,0.42015,10.00
0.027800,4.976594,0.524683,0.42006,10.00
0.027810,4.978315,0.528355,0.42000,10.00
0.027820,4.980187,0.531745,0.41992,10.00
0.027830,4.982196,0.534829,0.41984,10.00
0.027840,4.984327,0.537586,0.41975,10.00
0.027850,4.986406,0.539997,0.41965,10.00
0.027860,4.987944,0.542121,0.41958,10.00
0.027870,4.989565,0.543996,0.41951,10.00
0.027880,4.991257,0.545607,0.41943,10.00
0.027890,4.993006,0.546945,0.41935,10.00
0.027900,4.994975,0.548001,0.41927,10.00
0.027910,4.997670,0.548683,0.41914,10.00
0.027920,5.000372,0.548934,0.41900,10.00
0.027930,5.003061,0.548752,0.41887,10.00
0.027940,5.005718,0.548140,0.41873,10.00
0.027950,5.008270,0.547105,0.41860,10.00
0.027960,5.010542,0.545681,0.41847,10.00
0.027970,5.012728,0.543896,0.41835,10.00
0.027980,5.014814,0.541765,0.41824,10.00
0.027990,5.016785,0.539305,0.41813,10.00
0.028000,5.018563,0.536534,0.41802,10.00
0.028010,5.019944,0.533504,0.41793,10.00
0.028020,5.021175,0.530260,0.41785,10.00
0.028030,5.022249,0.526825,0.41778,10.00
0.028040,5.023156,0.523225,0.41772,10.00
0.028050,5.023848,0.519486,0.41766,10.00
0.028060,5.024184,0.515659,0.41762,10.00
0.028070,5.024343,0.511785,0.41759,10.00
0.028080,5.024326,0.507893,0.41757,10.00
0.028090,5.024131,0.504011,0.41756,10.00
0.028100,5.023919,0.500168,0.41756,10.00
0.028110,5.024157,0.496316,0.41752,10.00
0.028120,5.024218,0.492433,0.41750,10.00
0.028130,5.024102,0.488549,0.41748,10.00
0.028140,5.023811,0.484690,0.41748,10.00
0.028150,5.023221,0.480885,0.41748,10.00
0.028160,5.021959,0.477223,0.41752,10.00
0.028170,5.020541,0.473769,0.41758,10.00
0.028180,5.018980,0.470549,0.41764,10.00
0.028190,5.017287,0.467584,0.41771,10.00
0.028200,5.015565,0.464896,0.41778,10.00
0.028210,5.014102,0.462459,0.41784,10.00
0.028220,5.012542,0.460260,0.41791,10.00
0.028230,5.010895,0.458316,0.41798,10.00
0.028240,5.009175,0.456638,0.41806,10.00
0.028250,5.007394,0.455239,0.41814,10.00
0.028260,5.005562,0.454127,0.41823,10.00
0.028270,5.003697,0.453311,0.41831,10.00
0.028280,5.001811,0.452794,0.41841,10.00
0.028290,4.999918,0.452580,0.41850,10.00
0.028300,4.998206,0.452669,0.41860,10.00
0.028310,4.997202,0.452977,0.41865,10.00
0.028320,4.996222,0.453444,0.41870,10.00
0.028330,4.995271,0.454068,0.41875,10.00
0.028340,4.994357,0.454842,0.41880,10.00
0.028350,4.993146,0.455761,0.41885,10.00
0.028360,4.990634,0.456981,0.41898,10.00
0.028370,4.988199,0.458600,0.41911,10.00
0.028380,4.985859,0.460606,0.41924,10.00
0.028390,4.983631,0.462982,0.41937,10.00
0.028400,4.981388,0.465709,0.41949,10.00
0.028410,4.978722,0.468835,0.41964,10.00
0.028420,4.976222,0.472381,0.41978,10.00
0.028430,4.973904,0.476320,0.41992,10.00
0.028440,4.971786,0.480622,0.42005,10.00
0.028450,4.969845,0.485255,0.42017,10.00
0.028460,4.967986,0.490200,0.42029,10.00
0.028470,4.966367,0.495433,0.42040,10.00
0.028480,4.965000,0.500914,0.42050,10.00
0.028490,4.963894,0.506604,0.42058,10.00
0.028500,4.963324,0.512459,0.42066,10.00
0.028510,4.964089,0.518308,0.42065,10.00
0.028520,4.965113,0.524024,0.42063,10.00
0.028530,4.966387,0.529565,0.42060,10.00
0.028540,4.967901,0.534891,0.42055,10.00
0.028550,4.970173,0.539966,0.42049,10.00
0.028560,4.974770,0.544497,0.42028,10.00
0.028570,4.979530,0.548285,0.42007,10.00
0.028580,4.984421,0.551305,0.41984,10.00
0.028590,4.989404,0.553537,0.41960,10.00
0.028600,4.993878,0.554969,0.41936,10.00
0.028610,4.996118,0.555864,0.41925,10.00
0.028620,4.998378,0.556399,0.41914,10.00
0.028630,5.000643,0.556572,0.41902,10.00
0.028640,5.002895,0.556382,0.41891,10.00
0.028650,5.005171,0.555832,0.41880,10.00
0.028660,5.007611,0.554902,0.41867,10.00
0.028670,5.009987,0.553584,0.41854,10.00
0.028680,5.012282,0.551889,0.41842,10.00
0.028690,5.014480,0.549830,0.41830,10.00
0.028700,5.016518,0.547423,0.41818,10.00
0.028710,5.018243,0.544710,0.41808,10.00
0.028720,5.019830,0.541726,0.41798,10.00
0.028730,5.021267,0.538495,0.41789,10.00
0.028740,5.022545,0.535039,0.41781,10.00
0.028750,5.023322,0.531386,0.41773,10.00
0.028760,5.022601,0.527722,0.41775,10.00
0.028770,5.021721,0.524180,0.41777,10.00
0.028780,5.020687,0.520785,0.41781,10.00
0.028790,5.019509,0.517562,0.41785,10.00
0.028800,5.018539,0.514533,0.41790,10.00
0.028810,5.018813,0.511555,0.41787,10.00
0.028820,5.018949,0.508538,0.41784,10.00
0.028830,5.018947,0.505506,0.41783,10.00
0.028840,5.018808,0.502480,0.41782,10.00
0.028850,5.018463,0.499481,0.41782,10.00
0.028860,5.017709,0.496566,0.41784,10.00
0.028870,5.016829,0.493777,0.41787,10.00
0.028880,5.015830,0.491134,0.41790,10.00
0.028890,5.014721,0.488656,0.41794,10.00
0.028900,5.013570,0.486359,0.41799,10.00
0.028910,5.012567,0.484232,0.41803,10.00
0.028920,5.011478,0.482269,0.41807,10.00
0.028930,5.010308,0.480484,0.41812,10.00
0.028940,5.009069,0.478889,0.41818,10.00
0.028950,5.008001,0.477496,0.41823,10.00
0.028960,5.007808,0.476201,0.41824,10.00
0.028970,5.007559,0.474940,0.41824,10.00
0.028980,5.007254,0.473721,0.41825,10.00
0.028990,5.006897,0.472554,0.41826,10.00
0.029000,5.006146,0.471446,0.41828,10.00
0.029010,5.003980,0.470570,0.41838,10.00
0.029020,5.001794,0.470042,0.41849,10.00
0.029030,4.999603,0.469865,0.41860,10.00
0.029040,4.997423,0.470039,0.41871,10.00
0.029050,4.995342,0.470560,0.41882,10.00
0.029060,4.993587,0.471390,0.41891,10.00
0.029070,4.991884,0.472500,0.41900,10.00
0.029080,4.990248,0.473879,0.41909,10.00
0.029090,4.988688,0.475518,0.41918,10.00
0.029100,4.987266,0.477403,0.41926,10.00
0.029110,4.986141,0.479495,0.41933,10.00
0.029120,4.985121,0.481763,0.41939,10.00
0.029130,4.984213,0.484191,0.41945,10.00
0.029140,4.983423,0.486758,0.41951,10.00
0.029150,4.982849,0.489447,0.41955,10.00
0.029160,4.982771,0.492193,0.41957,10.00
0.029170,4.982819,0.494946,0.41959,10.00
0.029180,4.982991,0.497687,0.41959,10.00
0.029190,4.983287,0.500394,0.41959,10.00
0.029200,4.983642,0.503049,0.41959,10.00
0.029210,4.983877,0.505661,0.41959,10.00
0.029220,4.984228,0.508231,0.41958,10.00
0.029230,4.984693,0.510740,0.41958,10.00
0.029240,4.985268,0.513169,0.41956,10.00
0.029250,4.986011,0.515502,0.41954,10.00
0.029260,4.987112,0.517691,0.41949,10.00
0.029270,4.988301,0.519700,0.41945,10.00
0.029280,4.989571,0.521514,0.41939,10.00
0.029290,4.990912,0.523122,0.41933,10.00
0.029300,4.992405,0.524513,0.41927,10.00
0.029310,4.994313,0.525633,0.41918,10.00
0.029320,4.996255,0.526446,0.41909,10.00
0.029330,4.998216,0.526947,0.41899,10.00
0.029340,5.000183,0.527134,0.41890,10.00
0.029350,5.002078,0.527005,0.41880,10.00
0.029360,5.003701,0.526594,0.41871,10.00
0.029370,5.005292,0.525925,0.41863,10.00
0.029380,5.006838,0.525002,0.41855,10.00
0.029390,5.008329,0.523834,0.41847,10.00
0.029400,5.009665,0.522429,0.41839,10.00
0.029410,5.010576,0.520842,0.41833,10.00
0.029420,5.011406,0.519113,0.41828,10.00
0.029430,5.012151,0.517253,0.41823,10.00
0.029440,5.012805,0.515279,0.41819,10.00
0.029450,5.013219,0.513203,0.41815,10.00
0.029460,5.012956,0.511112,0.41815,10.00
0.029470,5.012601,0.509066,0.41816,10.00
0.029480,5.012156,0.507082,0.41817,10.00
0.029490,5.011625,0.505172,0.41819,10.00
0.029500,5.011218,0.503351,0.41821,10.00
0.029510,5.011551,0.501532,0.41818,10.00
0.029520,5.011799,0.499664,0.41816,10.00
0.029530,5.011960,0.497759,0.41814,10.00
0.029540,5.012033,0.495833,0.41813,10.00
0.029550,5.011866,0.493898,0.41812,10.00
0.029560,5.011002,0.492043,0.41815,10.00
0.029570,5.010061,0.490330,0.41819,10.00
0.029580,5.009051,0.488770,0.41823,10.00
0.029590,5.007980,0.487375,0.41828,10.00
0.029600,5.006908,0.486154,0.41833,10.00
0.029610,5.006000,0.485089,0.41837,10.00
0.029620,5.005052,0.484172,0.41841,10.00
0.029630,5.004071,0.483408,0.41845,10.00
0.029640,5.003064,0.482803,0.41850,10.00
0.029650,5.002187,0.482359,0.41855,10.00
0.029660,5.001891,0.482009,0.41856,10.00
0.029670,5.001582,0.481707,0.41858,10.00
0.029680,5.001262,0.481455,0.41859,10.00
0.029690,5.000934,0.481255,0.41861,10.00
0.029700,5.000381,0.481108,0.41862,10.00
0.029710,4.998961,0.481119,0.41869,10.00
0.029720,4.997553,0.481357,0.41877,10.00
0.029730,4.996168,0.481820,0.41884,10.00
0.029740,4.994817,0.482503,0.41891,10.00
0.029750,4.993665,0.483401,0.41898,10.00
0.029760,4.993184,0.484431,0.41901,10.00
0.029770,4.992754,0.485537,0.41904,10.00
0.029780,4.992377,0.486709,0.41906,10.00
0.029790,4.992058,0.487939,0.41908,10.00
0.029800,4.992047,0.489218,0.41910,10.00
0.029810,4.993090,0.490416,0.41906,10.00
0.029820,4.994178,0.491446,0.41901,10.00
0.029830,4.995303,0.492299,0.41896,10.00
0.029840,4.996457,0.492972,0.41890,10.00
0.029850,4.997448,0.493458,0.41885,10.00
0.029860,4.997726,0.493844,0.41884,10.00
0.029870,4.998018,0.494185,0.41882,10.00
0.029880,4.998324,0.494478,0.41881,10.00
0.029890,4.998640,0.494722,0.41880,10.00
0.029900,4.999050,0.494915,0.41878,10.00
0.029910,4.999808,0.495015,0.41874,10.00
0.029920,5.000565,0.494993,0.41871,10.00
0.029930,5.001313,0.494850,0.41867,10.00
0.029940,5.002048,0.494589,0.41863,10.00
0.029950,5.002691,0.494210,0.41859,10.00
0.029960,5.003014,0.493753,0.41857,10.00
0.029970,5.003315,0.493245,0.41855,10.00
0.029980,5.003589,0.492691,0.41854,10.00
0.029990,5.003836,0.492094,0.41852,10.00
0.030000,5.003920,0.491458,0.41851,10.00
0.030010,5.003444,0.490853,0.41853,10.00
0.030020,5.002945,0.490325,0.41855,10.00
0.030030,5.002427,0.489878,0.41857,10.00
0.030040,5.001893,0.489514,0.41860,10.00
0.030050,5.001478,0.489237,0.41862,10.00
0.030060,5.001575,0.488985,0.41862,10.00
0.030070,5.001660,0.488717,0.41861,10.00
0.030080,5.001732,0.488437,0.41861,10.00
0.030090,5.001791,0.488146,0.41860,10.00
0.030100,5.001651,0.487846,0.41860,10.00
0.030110,5.000761,0.487628,0.41864,10.00
0.030120,4.999869,0.487553,0.41869,10.00
0.030130,4.998982,0.487620,0.41873,10.00
0.030140,4.998106,0.487829,0.41878,10.00
0.030150,4.997117,0.488178,0.41882,10.00
0.030160,4.995637,0.488726,0.41890,10.00
0.030170,4.994195,0.489509,0.41898,10.00
0.030180,4.992802,0.490521,0.41905,10.00
0.030190,4.991467,0.491754,0.41912,10.00
0.030200,4.990435,0.493198,0.41920,10.00
0.030210,4.990414,0.494729,0.41921,10.00
0.030220,4.990463,0.496260,0.41921,10.00
0.030230,4.990581,0.497780,0.41921,10.00
0.030240,4.990767,0.499279,0.41921,10.00
0.030250,4.990909,0.500745,0.41921,10.00
0.030260,4.990676,0.502221,0.41923,10.00
0.030270,4.990513,0.503731,0.41924,10.00
0.030280,4.990419,0.505264,0.41926,10.00
0.030290,4.990396,0.506809,0.41927,10.00
0.030300,4.990615,0.508355,0.41927,10.00
0.030310,4.991585,0.509809,0.41923,10.00
0.030320,4.992612,0.511104,0.41919,10.00
0.030330,4.993689,0.512233,0.41914,10.00
0.030340,4.994807,0.513187,0.41909,10.00
0.030350,4.995822,0.513961,0.41903,10.00
0.030360,4.996317,0.514614,0.41901,10.00
0.030370,4.996837,0.515188,0.41899,10.00
0.030380,4.997379,0.515677,0.41897,10.00
0.030390,4.997938,0.516078,0.41894,10.00
0.030400,4.998658,0.516390,0.41891,10.00
0.030410,4.999978,0.516538,0.41885,10.00
0.030420,5.001292,0.516474,0.41878,10.00
0.030430,5.002592,0.516201,0.41872,10.00
0.030440,5.003868,0.515721,0.41865,10.00
0.030450,5.004963,0.515037,0.41858,10.00
0.030460,5.005429,0.514227,0.41855,10.00
0.030470,5.005855,0.513344,0.41853,10.00
0.030480,5.006236,0.512395,0.41850,10.00
0.030490,5.006571,0.511386,0.41848,10.00
0.030500,5.006851,0.510326,0.41846,10.00
0.030510,5.007050,0.509225,0.41845,10.00
0.030520,5.007199,0.508094,0.41843,10.00
0.030530,5.007294,0.506942,0.41842,10.00
0.030540,5.007337,0.505777,0.41841,10.00
0.030550,5.007430,0.504607,0.41841,10.00
0.030560,5.007882,0.503392,0.41838,10.00
0.030570,5.008276,0.502106,0.41835,10.00
0.030580,5.008608,0.500760,0.41833,10.00
0.030590,5.008875,0.499363,0.41831,10.00
0.030600,5.009155,0.497927,0.41829,10.00
0.030610,5.009679,0.496423,0.41825,10.00
0.030620,5.010130,0.494838,0.41822,10.00
0.030630,5.010505,0.493185,0.41819,10.00
0.030640,5.010802,0.491475,0.41817,10.00
0.030650,5.010860,0.489721,0.41815,10.00
0.030660,5.010208,0.488011,0.41817,10.00
0.030670,5.009484,0.486409,0.41820,10.00
0.030680,5.008695,0.484926,0.41823,10.00
0.030690,5.007844,0.483572,0.41827,10.00
0.030700,5.006836,0.482357,0.41831,10.00
0.030710,5.005367,0.481338,0.41837,10.00
0.030720,5.003864,0.480556,0.41845,10.00
0.030730,5.002340,0.480016,0.41852,10.00
0.030740,5.000804,0.479721,0.41859,10.00
0.030750,4.999516,0.479671,0.41867,10.00
0.030760,4.999219,0.479749,0.41869,10.00
0.030770,4.998929,0.479874,0.41870,10.00
0.030780,4.998648,0.480045,0.41872,10.00
0.030790,4.998376,0.480261,0.41873,10.00
0.030800,4.998015,0.480520,0.41875,10.00
0.030810,4.997261,0.480870,0.41879,10.00
0.030820,4.996530,0.481339,0.41882,10.00
0.030830,4.995827,0.481924,0.41886,10.00
0.030840,4.995157,0.482620,0.41890,10.00
0.030850,4.994489,0.483422,0.41894,10.00
0.030860,4.993722,0.484341,0.41898,10.00
0.030870,4.993004,0.485380,0.41902,10.00
0.030880,4.992339,0.486533,0.41906,10.00
0.030890,4.991733,0.487789,0.41910,10.00
0.030900,4.991403,0.489140,0.41913,10.00
0.030910,4.991990,0.490473,0.41911,10.00
0.030920,4.992632,0.491709,0.41909,10.00
0.030930,4.993325,0.492841,0.41906,10.00
0.030940,4.994063,0.493859,0.41903,10.00
0.030950,4.994690,0.494758,0.41899,10.00
0.030960,4.994751,0.495603,0.41899,10.00
0.030970,4.994850,0.496437,0.41899,10.00
0.030980,4.994985,0.497253,0.41899,10.00
0.030990,4.995157,0.498046,0.41899,10.00
0.031000,4.995308,0.498811,0.41898,10.00
0.031010,4.995273,0.499567,0.41899,10.00
0.031020,4.995273,0.500327,0.41899,10.00
0.031030,4.995308,0.501086,0.41899,10.00
0.031040,4.995376,0.501838,0.41899,10.00
0.031050,4.995585,0.502577,0.41899,10.00
0.031060,4.996248,0.503248,0.41896,10.00
0.031070,4.996936,0.503811,0.41893,10.00
0.031080,4.997644,0.504263,0.41890,10.00
0.031090,4.998366,0.504601,0.41886,10.00
0.031100,4.998897,0.504824,0.41883,10.00
0.031110,4.998643,0.505024,0.41884,10.00
0.031120,4.998399,0.505265,0.41886,10.00
0.031130,4.998169,0.505544,0.41887,10.00
0.031140,4.997953,0.505859,0.41888,10.00
0.031150,4.997932,0.506208,0.41889,10.00
0.031160,4.998638,0.506503,0.41886,10.00
0.031170,4.999350,0.506684,0.41882,10.00
0.031180,5.000065,0.506751,0.41879,10.00
0.031190,5.000777,0.506704,0.41875,10.00
0.031200,5.001528,0.506543,0.41872,10.00
0.031210,5.002461,0.506247,0.41867,10.00
0.031220,5.003372,0.505802,0.41862,10.00
0.031230,5.004254,0.505212,0.41857,10.00
0.031240,5.005103,0.504482,0.41853,10.00
0.031250,5.005841,0.503619,0.41848,10.00
0.031260,5.006261,0.502660,0.41846,10.00
0.031270,5.006633,0.501637,0.41843,10.00
0.031280,5.006956,0.500556,0.41841,10.00
0.031290,5.007227,0.499425,0.41839,10.00
0.031300,5.007363,0.498254,0.41837,10.00
0.031310,5.007121,0.497089,0.41838,10.00
0.031320,5.006829,0.495964,0.41839,10.00
0.031330,5.006488,0.494889,0.41840,10.00
0.031340,5.006101,0.493870,0.41841,10.00
0.031350,5.005644,0.492915,0.41843,10.00
0.031360,5.005039,0.492043,0.41845,10.00
0.031370,5.004400,0.491270,0.41848,10.00
0.031380,5.003732,0.490601,0.41851,10.00
0.031390,5.003039,0.490039,0.41854,10.00
0.031400,5.002412,0.489590,0.41858,10.00
0.031410,5.002111,0.489214,0.41859,10.00
0.031420,5.001795,0.488887,0.41860,10.00
0.031430,5.001467,0.488612,0.41862,10.00
0.031440,5.001130,0.488389,0.41863,10.00
0.031450,5.001041,0.488221,0.41865,10.00
0.031460,5.001968,0.487985,0.41860,10.00
0.031470,5.002875,0.487601,0.41856,10.00
0.031480,5.003756,0.487074,0.41851,10.00
0.031490,5.004606,0.486407,0.41846,10.00
0.031500,5.005286,0.485605,0.41842,10.00
0.031510,5.005397,0.484738,0.41841,10.00
0.031520,5.005468,0.483856,0.41840,10.00
0.031530,5.005498,0.482964,0.41839,10.00
0.031540,5.005488,0.482069,0.41839,10.00
0.031550,5.005305,0.481177,0.41839,10.00
0.031560,5.004557,0.480359,0.41842,10.00
0.031570,5.003779,0.479661,0.41845,10.00
0.031580,5.002975,0.479090,0.41849,10.00
0.031590,5.002154,0.478648,0.41853,10.00
0.031600,5.001052,0.478339,0.41857,10.00
0.031610,4.998881,0.478292,0.41868,10.00
0.031620,4.996727,0.478591,0.41879,10.00
0.031630,4.994606,0.479235,0.41890,10.00
0.031640,4.992534,0.480216,0.41901,10.00
0.031650,4.990997,0.481526,0.41912,10.00
0.031660,4.991419,0.482929,0.41910,10.00
0.031670,4.991900,0.484261,0.41908,10.00
0.031680,4.992438,0.485514,0.41906,10.00
0.031690,4.993027,0.486678,0.41904,10.00
0.031700,4.993493,0.487746,0.41902,10.00
0.031710,4.993318,0.488793,0.41903,10.00
0.031720,4.993193,0.489866,0.41904,10.00
0.031730,4.993117,0.490957,0.41905,10.00
0.031740,4.993092,0.492057,0.41906,10.00
0.031750,4.993304,0.493160,0.41906,10.00
0.031760,4.994313,0.494167,0.41902,10.00
0.031770,4.995358,0.495010,0.41897,10.00
0.031780,4.996432,0.495685,0.41892,10.00
0.031790,4.997528,0.496187,0.41887,10.00
0.031800,4.998179,0.496513,0.41882,10.00
0.031810,4.997019,0.496881,0.41888,10.00
0.031820,4.995885,0.497433,0.41894,10.00
0.031830,4.994786,0.498165,0.41899,10.00
0.031840,4.993731,0.499071,0.41905,10.00
0.031850,4.992715,0.500145,0.41911,10.00
0.031860,4.991716,0.501381,0.41917,10.00
0.031870,4.990782,0.502776,0.41922,10.00
0.031880,4.989919,0.504316,0.41927,10.00
0.031890,4.989134,0.505992,0.41932,10.00
0.031900,4.988315,0.507789,0.41936,10.00
0.031910,4.987124,0.509751,0.41943,10.00
0.031920,4.986033,0.511900,0.41950,10.00
0.031930,4.985049,0.514218,0.41956,10.00
0.031940,4.984178,0.516690,0.41962,10.00
0.031950,4.983865,0.519295,0.41967,10.00
0.031960,4.985412,0.521806,0.41961,10.00
0.031970,4.987059,0.524064,0.41954,10.00
0.031980,4.988794,0.526055,0.41946,10.00
0.031990,4.990604,0.527765,0.41938,10.00
0.032000,4.992508,0.529182,0.41929,10.00
0.032010,4.994591,0.530282,0.41919,10.00
0.032020,4.996706,0.531046,0.41909,10.00
0.032030,4.998837,0.531470,0.41899,10.00
0.032040,5.000968,0.531554,0.41888,10.00
0.032050,5.002928,0.531296,0.41877,10.00
0.032060,5.004240,0.530775,0.41871,10.00
0.032070,5.005517,0.530045,0.41864,10.00
0.032080,5.006750,0.529113,0.41857,10.00
0.032090,5.007929,0.527985,0.41851,10.00
0.032100,5.009255,0.526671,0.41844,10.00
0.032110,5.011341,0.525080,0.41833,10.00
0.032120,5.013337,0.523159,0.41822,10.00
0.032130,5.015227,0.520923,0.41811,10.00
0.032140,5.017000,0.518388,0.41801,10.00
0.032150,5.018272,0.515576,0.41791,10.00
0.032160,5.017935,0.512683,0.41791,10.00
0.032170,5.017469,0.509850,0.41792,10.00
0.032180,5.016879,0.507097,0.41794,10.00
0.032190,5.016170,0.504443,0.41796,10.00
0.032200,5.015550,0.501907,0.41798,10.00
0.032210,5.015629,0.499411,0.41797,10.00
0.032220,5.015595,0.496906,0.41795,10.00
0.032230,5.015448,0.494412,0.41795,10.00
0.032240,5.015189,0.491946,0.41795,10.00
0.032250,5.014834,0.489526,0.41795,10.00
0.032260,5.014427,0.487163,0.41796,10.00
0.032270,5.013917,0.484870,0.41797,10.00
0.032280,5.013308,0.482663,0.41799,10.00
0.032290,5.012604,0.480557,0.41802,10.00
0.032300,5.011920,0.478568,0.41804,10.00
0.032310,5.011586,0.476658,0.41805,10.00
0.032320,5.011169,0.474804,0.41806,10.00
0.032330,5.010671,0.473021,0.41808,10.00
0.032340,5.010097,0.471321,0.41810,10.00
0.032350,5.009104,0.469717,0.41812,10.00
0.032360,5.006668,0.468384,0.41824,10.00
0.032370,5.004192,0.467444,0.41835,10.00
0.032380,5.001696,0.466902,0.41848,10.00
0.032390,4.999198,0.466759,0.41860,10.00
0.032400,4.997069,0.467016,0.41873,10.00
0.032410,4.996380,0.467500,0.41876,10.00
0.032420,4.995720,0.468093,0.41880,10.00
0.032430,4.995092,0.468791,0.41884,10.00
0.032440,4.994501,0.469587,0.41887,10.00
0.032450,4.993918,0.470477,0.41890,10.00
0.032460,4.993247,0.471469,0.41894,10.00
0.032470,4.992627,0.472567,0.41898,10.00
0.032480,4.992062,0.473762,0.41901,10.00
0.032490,4.991557,0.475044,0.41905,10.00
0.032500,4.990929,0.476406,0.41908,10.00
0.032510,4.989633,0.477924,0.41915,10.00
0.032520,4.988417,0.479646,0.41922,10.00
0.032530,4.987290,0.481560,0.41929,10.00
0.032540,4.986260,0.483650,0.41935,10.00
0.032550,4.985476,0.485900,0.41941,10.00
0.032560,4.985364,0.488227,0.41943,10.00
0.032570,4.985359,0.490566,0.41944,10.00
0.032580,4.985461,0.492902,0.41945,10.00
0.032590,4.985667,0.495218,0.41945,10.00
0.032600,4.985856,0.497496,0.41945,10.00
0.032610,4.985669,0.499778,0.41947,10.00
0.032620,4.985587,0.502085,0.41948,10.00
0.032630,4.985611,0.504401,0.41950,10.00
0.032640,4.985739,0.506709,0.41950,10.00
0.032650,4.986049,0.508991,0.41950,10.00
0.032660,4.986772,0.511195,0.41948,10.00
0.032670,4.987588,0.513279,0.41945,10.00
0.032680,4.988492,0.515228,0.41941,10.00
0.032690,4.989476,0.517030,0.41937,10.00
0.032700,4.990513,0.518670,0.41933,10.00
0.032710,4.991538,0.520148,0.41929,10.00
0.032720,4.992620,0.521458,0.41924,10.00
0.032730,4.993752,0.522594,0.41919,10.00
0.032740,4.994926,0.523546,0.41914,10.00
0.032750,4.995989,0.524308,0.41908,10.00
0.032760,4.996508,0.524945,0.41906,10.00
0.032770,4.997051,0.525498,0.41903,10.00
0.032780,4.997615,0.525962,0.41901,10.00
0.032790,4.998194,0.526335,0.41898,10.00
0.032800,4.999041,0.526615,0.41895,10.00
0.032810,5.000910,0.526678,0.41886,10.00
0.032820,5.002766,0.526441,0.41876,10.00
0.032830,5.004595,0.525908,0.41867,10.00
0.032840,5.006384,0.525083,0.41857,10.00
0.032850,5.007988,0.523974,0.41848,10.00
0.032860,5.009007,0.522653,0.41842,10.00
0.032870,5.009957,0.521172,0.41837,10.00
0.032880,5.010831,0.519541,0.41832,10.00
0.032890,5.011624,0.517773,0.41827,10.00
0.032900,5.012524,0.515883,0.41822,10.00
0.032910,5.014108,0.513789,0.41813,10.00
0.032920,5.015583,0.511446,0.41804,10.00
0.032930,5.016939,0.508872,0.41796,10.00
0.032940,5.018166,0.506087,0.41788,10.00
0.032950,5.018961,0.503110,0.41781,10.00
0.032960,5.018440,0.500107,0.41782,10.00
0.032970,5.017787,0.497192,0.41784,10.00
0.032980,5.017009,0.494387,0.41786,10.00
0.032990,5.016110,0.491712,0.41789,10.00
0.033000,5.015145,0.489186,0.41793,10.00
0.033010,5.014264,0.486804,0.41796,10.00
0.033020,5.013282,0.484567,0.41800,10.00
0.033030,5.012208,0.482492,0.41804,10.00
0.033040,5.011049,0.480592,0.41809,10.00
0.033050,5.009679,0.478881,0.41814,10.00
0.033060,5.007701,0.477436,0.41823,10.00
0.033070,5.005675,0.476309,0.41833,10.00
0.033080,5.003616,0.475509,0.41843,10.00
0.033090,5.001539,0.475039,0.41853,10.00
0.033100,4.999582,0.474903,0.41863,10.00
0.033110,4.998125,0.475040,0.41871,10.00
0.033120,4.996687,0.475410,0.41878,10.00
0.033130,4.995279,0.476009,0.41885,10.00
0.033140,4.993911,0.476832,0.41893,10.00
0.033150,4.992506,0.477872,0.41900,10.00
0.033160,4.990820,0.479162,0.41909,10.00
0.033170,4.989207,0.480719,0.41918,10.00
0.033180,4.987679,0.482531,0.41927,10.00
0.033190,4.986247,0.484584,0.41935,10.00
0.033200,4.985145,0.486862,0.41943,10.00
0.033210,4.985049,0.489240,0.41945,10.00
0.033220,4.985061,0.491628,0.41946,10.00
0.033230,4.985182,0.494010,0.41946,10.00
0.033240,4.985410,0.496368,0.41947,10.00
0.033250,4.985766,0.498686,0.41946,10.00
0.033260,4.986319,0.500934,0.41945,10.00
0.033270,4.986968,0.503090,0.41943,10.00
0.033280,4.987709,0.505138,0.41940,10.00
0.033290,4.988537,0.507063,0.41937,10.00
0.033300,4.989460,0.508853,0.41933,10.00
0.033310,4.990517,0.510486,0.41929,10.00
0.033320,4.991639,0.511948,0.41924,10.00
0.033330,4.992817,0.513227,0.41919,10.00
0.033340,4.994043,0.514316,0.41913,10.00
0.033350,4.995395,0.515206,0.41908,10.00
0.033360,4.997128,0.515851,0.41899,10.00
0.033370,4.998875,0.516217,0.41891,10.00
0.033380,5.000623,0.516303,0.41882,10.00
0.033390,5.002359,0.516110,0.41873,10.00
0.033400,5.003665,0.515639,0.41864,10.00
0.033410,5.003325,0.515090,0.41866,10.00
0.033420,5.002964,0.514597,0.41867,10.00
0.033430,5.002583,0.514162,0.41869,10.00
0.033440,5.002185,0.513789,0.41871,10.00
0.033450,5.002139,0.513480,0.41873,10.00
0.033460,5.003528,0.513062,0.41865,10.00
0.033470,5.004886,0.512423,0.41858,10.00
0.033480,5.006203,0.511568,0.41851,10.00
0.033490,5.007470,0.510505,0.41844,10.00
0.033500,5.008812,0.509241,0.41837,10.00
0.033510,5.010625,0.507721,0.41828,10.00
0.033520,5.012352,0.505915,0.41818,10.00
0.033530,5.013982,0.503836,0.41809,10.00
0.033540,5.015503,0.501501,0.41800,10.00
0.033550,5.016716,0.498927,0.41791,10.00
0.033560,5.017047,0.496225,0.41788,10.00
0.033570,5.017252,0.493475,0.41786,10.00
0.033580,5.017331,0.490698,0.41784,10.00
0.033590,5.017283,0.487914,0.41783,10.00
0.033600,5.016999,0.485142,0.41782,10.00
0.033610,5.016153,0.482457,0.41785,10.00
0.033620,5.015194,0.479912,0.41788,10.00
0.033630,5.014127,0.477525,0.41792,10.00
0.033640,5.012961,0.475314,0.41797,10.00
0.033650,5.011563,0.473293,0.41802,10.00
0.033660,5.009515,0.471545,0.41811,10.00
0.033670,5.007406,0.470128,0.41821,10.00
0.033680,5.005252,0.469051,0.41831,10.00
0.033690,5.003068,0.468320,0.41842,10.00
0.033700,5.000911,0.467940,0.41853,10.00
0.033710,4.998917,0.467892,0.41863,10.00
0.033720,4.996939,0.468163,0.41873,10.00
0.033730,4.994991,0.468750,0.41883,10.00
0.033740,4.993087,0.469647,0.41893,10.00
0.033750,4.991559,0.470847,0.41903,10.00
0.033760,4.991364,0.472187,0.41904,10.00
0.033770,4.991232,0.473556,0.41906,10.00
0.033780,4.991164,0.474944,0.41907,10.00
0.033790,4.991159,0.476340,0.41908,10.00
0.033800,4.991171,0.477734,0.41908,10.00
0.033810,4.991064,0.479138,0.41910,10.00
0.033820,4.991021,0.480557,0.41910,10.00
0.033830,4.991043,0.481980,0.41911,10.00
0.033840,4.991130,0.483397,0.41912,10.00
0.033850,4.991266,0.484797,0.41912,10.00
0.033860,4.991408,0.486178,0.41912,10.00
0.033870,4.991611,0.487533,0.41911,10.00
0.033880,4.991874,0.488853,0.41911,10.00
0.033890,4.992195,0.490129,0.41910,10.00
0.033900,4.992292,0.491351,0.41909,10.00
0.033910,4.991331,0.492644,0.41914,10.00
0.033920,4.990437,0.494089,0.41919,10.00
0.033930,4.989617,0.495673,0.41924,10.00
0.033940,4.988876,0.497386,0.41929,10.00
0.033950,4.988477,0.499214,0.41933,10.00
0.033960,4.989191,0.501019,0.41931,10.00
0.033970,4.989981,0.502707,0.41928,10.00
0.033980,4.990841,0.504266,0.41924,10.00
0.033990,4.991764,0.505683,0.41920,10.00
0.034000,4.992851,0.506951,0.41916,10.00
0.034010,4.994421,0.508008,0.41909,10.00
0.034020,4.996025,0.508812,0.41901,10.00
0.034030,4.997651,0.509357,0.41893,10.00
0.034040,4.999287,0.509642,0.41885,10.00
0.034050,5.000948,0.509665,0.41877,10.00
0.034060,5.002702,0.509414,0.41868,10.00
0.034070,5.004428,0.508883,0.41859,10.00
0.034080,5.006115,0.508077,0.41850,10.00
0.034090,5.007750,0.507003,0.41842,10.00
0.034100,5.009143,0.505670,0.41833,10.00
0.034110,5.009748,0.504174,0.41829,10.00
0.034120,5.010279,0.502585,0.41826,10.00
0.034130,5.010734,0.500913,0.41822,10.00
0.034140,5.011108,0.499172,0.41820,10.00
0.034150,5.011118,0.497375,0.41817,10.00
0.034160,5.009917,0.495670,0.41822,10.00
0.034170,5.008650,0.494160,0.41828,10.00
0.034180,5.007325,0.492856,0.41834,10.00
0.034190,5.005953,0.491765,0.41840,10.00
0.034200,5.004670,0.490896,0.41847,10.00
0.034210,5.003860,0.490194,0.41850,10.00
0.034220,5.003025,0.489622,0.41854,10.00
0.034230,5.002172,0.489185,0.41858,10.00
0.034240,5.001307,0.488885,0.41862,10.00
0.034250,5.000530,0.488724,0.41867,10.00
0.034260,5.000127,0.488657,0.41869,10.00
0.034270,4.999725,0.488655,0.41871,10.00
0.034280,4.999327,0.488717,0.41873,10.00
0.034290,4.998935,0.488843,0.41875,10.00
0.034300,4.998794,0.489031,0.41877,10.00
0.034310,4.999625,0.489164,0.41873,10.00
0.034320,5.000456,0.489164,0.41868,10.00
0.034330,5.001279,0.489031,0.41864,10.00
0.034340,5.002089,0.488767,0.41860,10.00
0.034350,5.002565,0.488374,0.41856,10.00
0.034360,5.001767,0.488007,0.41860,10.00
0.034370,5.000959,0.487767,0.41864,10.00
0.034380,5.000148,0.487658,0.41868,10.00
0.034390,4.999339,0.487678,0.41872,10.00
0.034400,4.998598,0.487827,0.41876,10.00
0.034410,4.998107,0.488076,0.41878,10.00
0.034420,4.997633,0.488402,0.41881,10.00
0.034430,4.997177,0.488804,0.41883,10.00
0.034440,4.996743,0.489278,0.41886,10.00
0.034450,4.996662,0.489820,0.41888,10.00
0.034460,4.997910,0.490269,0.41882,10.00
0.034470,4.999167,0.490519,0.41876,10.00
0.034480,5.000425,0.490567,0.41870,10.00
0.034490,5.001673,0.490414,0.41863,10.00
0.034500,5.002641,0.490062,0.41857,10.00
0.034510,5.002539,0.489639,0.41857,10.00
0.034520,5.002419,0.489234,0.41858,10.00
0.034530,5.002281,0.488849,0.41858,10.00
0.034540,5.002128,0.488487,0.41859,10.00
0.034550,5.001941,0.488150,0.41860,10.00
0.034560,5.001669,0.487849,0.41861,10.00
0.034570,5.001386,0.487593,0.41862,10.00
0.034580,5.001094,0.487382,0.41863,10.00
0.034590,5.000795,0.487218,0.41865,10.00
0.034600,5.000730,0.487102,0.41866,10.00
0.034610,5.001615,0.486921,0.41862,10.00
0.034620,5.002483,0.486598,0.41857,10.00
0.034630,5.003328,0.486138,0.41853,10.00
0.034640,5.004146,0.485543,0.41848,10.00
0.034650,5.004514,0.484819,0.41844,10.00
0.034660,5.003190,0.484170,0.41850,10.00
0.034670,5.001850,0.483734,0.41857,10.00
0.034680,5.000501,0.483514,0.41863,10.00
0.034690,4.999154,0.483509,0.41870,10.00
0.034700,4.998004,0.483719,0.41877,10.00
0.034710,4.997606,0.484055,0.41879,10.00
0.034720,4.997228,0.484452,0.41881,10.00
0.034730,4.996871,0.484910,0.41883,10.00
0.034740,4.996538,0.485424,0.41885,10.00
0.034750,4.996041,0.485990,0.41887,10.00
0.034760,4.994816,0.486696,0.41894,10.00
0.034770,4.993633,0.487596,0.41900,10.00
0.034780,4.992503,0.488683,0.41906,10.00
0.034790,4.991431,0.489949,0.41912,10.00
0.034800,4.990541,0.491383,0.41918,10.00
0.034810,4.990181,0.492921,0.41921,10.00
0.034820,4.989894,0.494513,0.41923,10.00
0.034830,4.989681,0.496147,0.41925,10.00
0.034840,4.989544,0.497813,0.41927,10.00
0.034850,4.989494,0.499497,0.41928,10.00
0.034860,4.989558,0.501183,0.41928,10.00
0.034870,4.989697,0.502856,0.41929,10.00
0.034880,4.989912,0.504503,0.41928,10.00
0.034890,4.990199,0.506113,0.41928,10.00
0.034900,4.990784,0.507673,0.41927,10.00
0.034910,4.992345,0.509064,0.41920,10.00
0.034920,4.993955,0.510203,0.41912,10.00
0.034930,4.995602,0.511082,0.41905,10.00
0.034940,4.997275,0.511696,0.41897,10.00
0.034950,4.998651,0.512042,0.41888,10.00
0.034960,4.998801,0.512266,0.41888,10.00
0.034970,4.998960,0.512465,0.41887,10.00
0.034980,4.999126,0.512639,0.41886,10.00
0.034990,4.999299,0.512785,0.41885,10.00
0.035000,4.999658,0.512904,0.41885,10.00
0.035010,5.000742,0.512907,0.41879,10.00
0.035020,5.001815,0.512736,0.41874,10.00
0.035030,5.002872,0.512394,0.41868,10.00
0.035040,5.003904,0.511884,0.41863,10.00
0.035050,5.004757,0.511210,0.41857,10.00
0.035060,5.004991,0.510448,0.41856,10.00
0.035070,5.005188,0.509650,0.41854,10.00
0.035080,5.005347,0.508821,0.41853,10.00
0.035090,5.005467,0.507969,0.41852,10.00
0.035100,5.005737,0.507099,0.41851,10.00
0.035110,5.006724,0.506127,0.41846,10.00
0.035120,5.007658,0.504998,0.41840,10.00
0.035130,5.008532,0.503723,0.41835,10.00
0.035140,5.009341,0.502310,0.41831,10.00
0.035150,5.009932,0.500771,0.41826,10.00
0.035160,5.009865,0.499187,0.41825,10.00
0.035170,5.009726,0.497617,0.41825,10.00
0.035180,5.009517,0.496072,0.41826,10.00
0.035190,5.009240,0.494563,0.41826,10.00
0.035200,5.008633,0.493102,0.41827,10.00
0.035210,5.006916,0.491825,0.41835,10.00
0.035220,5.005156,0.490824,0.41843,10.00
0.035230,5.003367,0.490107,0.41852,10.00
0.035240,5.001560,0.489677,0.41861,10.00
0.035250,5.000253,0.489536,0.41870,10.00
0.035260,5.000951,0.489444,0.41866,10.00
0.035270,5.001639,0.489241,0.41862,10.00
0.035280,5.002312,0.488928,0.41859,10.00
0.035290,5.002965,0.488508,0.41855,10.00
0.035300,5.003386,0.487985,0.41852,10.00
0.035310,5.002958,0.487462,0.41854,10.00
0.035320,5.002510,0.487008,0.41856,10.00
0.035330,5.002046,0.486626,0.41858,10.00
0.035340,5.001569,0.486319,0.41860,10.00
0.035350,5.000972,0.486090,0.41863,10.00
0.035360,4.999937,0.485991,0.41868,10.00
0.035370,4.998906,0.486057,0.41873,10.00
0.035380,4.997888,0.486289,0.41878,10.00
0.035390,4.996889,0.486682,0.41883,10.00
0.035400,4.996070,0.487235,0.41888,10.00
0.035410,4.995895,0.487868,0.41890,10.00
0.035420,4.995750,0.488528,0.41891,10.00
0.035430,4.995636,0.489210,0.41892,10.00
0.035440,4.995555,0.489909,0.41893,10.00
0.035450,4.995288,0.490620,0.41893,10.00
0.035460,4.994192,0.491441,0.41899,10.00
0.035470,4.993143,0.492436,0.41905,10.00
0.035480,4.992149,0.493597,0.41910,10.00
0.035490,4.991216,0.494914,0.41916,10.00
0.035500,4.990642,0.496377,0.41921,10.00
0.035510,4.991302,0.497837,0.41918,10.00
0.035520,4.992022,0.499188,0.41916,10.00
0.035530,4.992797,0.500421,0.41912,10.00
0.035540,4.993621,0.501528,0.41909,10.00
0.035550,4.994404,0.502502,0.41905,10.00
0.035560,4.994891,0.503375,0.41903,10.00
0.035570,4.995413,0.504169,0.41901,10.00
0.035580,4.995966,0.504877,0.41899,10.00
0.035590,4.996547,0.505496,0.41896,10.00
0.035600,4.997058,0.506021,0.41893,10.00
0.035610,4.997221,0.506493,0.41893,10.00
0.035620,4.997405,0.506937,0.41892,10.00
0.035630,4.997606,0.507352,0.41891,10.00
0.035640,4.997825,0.507733,0.41890,10.00
0.035650,4.998052,0.508078,0.41889,10.00
0.035660,4.998262,0.508389,0.41888,10.00
0.035670,4.998485,0.508666,0.41887,10.00
0.035680,4.998718,0.508906,0.41886,10.00
0.035690,4.998960,0.509109,0.41885,10.00
0.035700,4.999479,0.509272,0.41884,10.00
0.035710,5.001075,0.509266,0.41876,10.00
0.035720,5.002656,0.509005,0.41868,10.00
0.035730,5.004211,0.508492,0.41860,10.00
0.035740,5.005729,0.507731,0.41852,10.00
0.035750,5.006937,0.506729,0.41844,10.00
0.035760,5.007041,0.505620,0.41843,10.00
0.035770,5.007094,0.504496,0.41842,10.00
0.035780,5.007096,0.503366,0.41841,10.00
0.035790,5.007047,0.502238,0.41841,10.00
0.035800,5.007141,0.501120,0.41841,10.00
0.035810,5.007956,0.499927,0.41836,10.00
0.035820,5.008710,0.498605,0.41832,10.00
0.035830,5.009398,0.497166,0.41828,10.00
0.035840,5.010014,0.495620,0.41824,10.00
0.035850,5.010635,0.493978,0.41820,10.00
0.035860,5.011501,0.492215,0.41815,10.00
0.035870,5.012278,0.490316,0.41810,10.00
0.035880,5.012963,0.488297,0.41805,10.00
0.035890,5.013550,0.486172,0.41801,10.00
0.035900,5.013926,0.483958,0.41798,10.00
0.035910,5.013760,0.481723,0.41797,10.00
0.035920,5.013495,0.479518,0.41797,10.00
0.035930,5.013133,0.477361,0.41798,10.00
0.035940,5.012676,0.475265,0.41799,10.00
0.035950,5.011908,0.473247,0.41801,10.00
0.035960,5.010181,0.471426,0.41808,10.00
0.035970,5.008387,0.469884,0.41817,10.00
0.035980,5.006539,0.468632,0.41825,10.00
0.035990,5.004651,0.467678,0.41834,10.00
0.036000,5.003044,0.467028,0.41843,10.00
0.036010,5.002650,0.466537,0.41845,10.00
0.036020,5.002238,0.466110,0.41847,10.00
0.036030,5.001809,0.465750,0.41849,10.00
0.036040,5.001369,0.465459,0.41851,10.00
0.036050,5.000722,0.465240,0.41853,10.00
0.036060,4.999290,0.465187,0.41860,10.00
0.036070,4.997868,0.465363,0.41867,10.00
0.036080,4.996467,0.465766,0.41875,10.00
0.036090,4.995096,0.466393,0.41882,10.00
0.036100,4.993690,0.467237,0.41889,10.00
0.036110,4.992034,0.468329,0.41898,10.00
0.036120,4.990441,0.469684,0.41907,10.00
0.036130,4.988924,0.471290,0.41915,10.00
0.036140,4.987493,0.473137,0.41923,10.00
0.036150,4.986202,0.475208,0.41931,10.00
0.036160,4.985186,0.477468,0.41937,10.00
0.036170,4.984283,0.479886,0.41943,10.00
0.036180,4.983496,0.482444,0.41949,10.00
0.036190,4.982833,0.485123,0.41953,10.00
0.036200,4.982396,0.487902,0.41958,10.00
0.036210,4.982484,0.490715,0.41959,10.00
0.036220,4.982699,0.493508,0.41959,10.00
0.036230,4.983038,0.496261,0.41959,10.00
0.036240,4.983499,0.498955,0.41958,10.00
0.036250,4.983972,0.501570,0.41957,10.00
0.036260,4.984140,0.504138,0.41957,10.00
0.036270,4.984422,0.506675,0.41957,10.00
0.036280,4.984817,0.509161,0.41957,10.00
0.036290,4.985322,0.511579,0.41955,10.00
0.036300,4.985886,0.513912,0.41954,10.00
0.036310,4.986371,0.516165,0.41952,10.00
0.036320,4.986954,0.518335,0.41951,10.00
0.036330,4.987631,0.520408,0.41948,10.00
0.036340,4.988395,0.522369,0.41946,10.00
0.036350,4.989102,0.524204,0.41942,10.00
0.036360,4.989329,0.525967,0.41942,10.00
0.036370,4.989633,0.527691,0.41941,10.00
0.036380,4.990014,0.529362,0.41940,10.00
0.036390,4.990466,0.530968,0.41939,10.00
0.036400,4.991196,0.532500,0.41937,10.00
0.036410,4.992817,0.533845,0.41930,10.00
0.036420,4.994485,0.534928,0.41922,10.00
0.036430,4.996187,0.535742,0.41914,10.00
0.036440,4.997911,0.536282,0.41906,10.00
0.036450,4.999521,0.536546,0.41897,10.00
0.036460,5.000635,0.536592,0.41892,10.00
0.036470,5.001742,0.536459,0.41886,10.00
0.036480,5.002833,0.536149,0.41880,10.00
0.036490,5.003901,0.535665,0.41875,10.00
0.036500,5.004982,0.535011,0.41869,10.00
0.036510,5.006208,0.534171,0.41862,10.00
0.036520,5.007385,0.533136,0.41856,10.00
0.036530,5.008504,0.531916,0.41850,10.00
0.036540,5.009558,0.530518,0.41844,10.00
0.036550,5.010703,0.528955,0.41838,10.00
0.036560,5.012422,0.527158,0.41828,10.00
0.036570,5.014044,0.525091,0.41819,10.00
0.036580,5.015558,0.522768,0.41810,10.00
0.036590,5.016953,0.520207,0.41802,10.00
0.036600,5.018294,0.517429,0.41794,10.00
0.036610,5.019793,0.514417,0.41785,10.00
0.036620,5.021143,0.511172,0.41776,10.00
0.036630,5.022334,0.507717,0.41768,10.00
0.036640,5.023357,0.504078,0.41761,10.00
0.036650,5.024042,0.500283,0.41755,10.00
0.036660,5.023893,0.496439,0.41754,10.00
0.036670,5.023571,0.492625,0.41753,10.00
0.036680,5.023079,0.488870,0.41754,10.00
0.036690,5.022421,0.485201,0.41755,10.00
0.036700,5.021539,0.481645,0.41757,10.00
0.036710,5.020251,0.478256,0.41762,10.00
0.036720,5.018820,0.475080,0.41767,10.00
0.036730,5.017259,0.472139,0.41773,10.00
0.036740,5.015577,0.469453,0.41780,10.00
0.036750,5.013942,0.467041,0.41788,10.00
0.036760,5.012819,0.464847,0.41792,10.00
0.036770,5.011608,0.462836,0.41797,10.00
0.036780,5.010316,0.461023,0.41803,10.00
0.036790,5.008953,0.459420,0.41809,10.00
0.036800,5.007590,0.458038,0.41815,10.00
0.036810,5.006419,0.456857,0.41820,10.00
0.036820,5.005205,0.455866,0.41826,10.00
0.036830,5.003957,0.455070,0.41832,10.00
0.036840,5.002684,0.454476,0.41838,10.00
0.036850,5.001156,0.454087,0.41844,10.00
0.036860,4.998671,0.454020,0.41857,10.00
0.036870,4.996204,0.454350,0.41869,10.00
0.036880,4.993775,0.455074,0.41882,10.00
0.036890,4.991400,0.456184,0.41894,10.00
0.036900,4.989131,0.457673,0.41907,10.00
0.036910,4.987085,0.459510,0.41918,10.00
0.036920,4.985142,0.461671,0.41929,10.00
0.036930,4.983313,0.464138,0.41939,10.00
0.036940,4.981613,0.466893,0.41949,10.00
0.036950,4.979893,0.469915,0.41959,10.00
0.036960,4.977687,0.473256,0.41972,10.00
0.036970,4.975652,0.476945,0.41984,10.00
0.036980,4.973803,0.480951,0.41995,10.00
0.036990,4.972151,0.485245,0.42006,10.00
0.037000,4.971080,0.489795,0.42016,10.00
0.037010,4.971704,0.494388,0.42015,10.00
0.037020,4.972531,0.498873,0.42013,10.00
0.037030,4.973553,0.503218,0.42010,10.00
0.037040,4.974763,0.507390,0.42007,10.00
0.037050,4.975934,0.511362,0.42002,10.00
0.037060,4.976405,0.515208,0.42002,10.00
0.037070,4.977047,0.518971,0.42000,10.00
0.037080,4.977853,0.522625,0.41998,10.00
0.037090,4.978817,0.526142,0.41995,10.00
0.037100,4.980073,0.529499,0.41992,10.00
0.037110,4.982025,0.532604,0.41984,10.00
0.037120,4.984101,0.535390,0.41975,10.00
0.037130,4.986284,0.537840,0.41965,10.00
0.037140,4.988560,0.539935,0.41955,10.00
0.037150,4.990860,0.541663,0.41944,10.00
0.037160,4.993022,0.543035,0.41934,10.00
0.037170,4.995227,0.544059,0.41923,10.00
0.037180,4.997458,0.544729,0.41913,10.00
0.037190,4.999700,0.545040,0.41901,10.00
0.037200,5.001934,0.544992,0.41890,10.00
0.037210,5.004140,0.544588,0.41879,10.00
0.037220,5.006307,0.543832,0.41868,10.00
0.037230,5.008421,0.542730,0.41856,10.00
0.037240,5.010466,0.541293,0.41845,10.00
0.037250,5.012489,0.539532,0.41835,10.00
0.037260,5.014660,0.537430,0.41823,10.00
0.037270,5.016715,0.534986,0.41811,10.00
0.037280,5.018641,0.532218,0.41800,10.00
0.037290,5.020425,0.529147,0.41789,10.00
0.037300,5.021960,0.525797,0.41779,10.00
0.037310,5.022953,0.522238,0.41772,10.00
0.037320,5.023777,0.518527,0.41766,10.00
0.037330,5.024425,0.514691,0.41761,10.00
0.037340,5.024893,0.510759,0.41756,10.00
0.037350,5.025131,0.506760,0.41753,10.00
0.037360,5.024993,0.502746,0.41751,10.00
0.037370,5.024675,0.498761,0.41751,10.00
0.037380,5.024179,0.494835,0.41751,10.00
0.037390,5.023509,0.490996,0.41752,10.00
0.037400,5.022656,0.487271,0.41754,10.00
0.037410,5.021582,0.483694,0.41758,10.00
0.037420,5.020355,0.480296,0.41762,10.00
0.037430,5.018985,0.477101,0.41767,10.00
0.037440,5.017482,0.474131,0.41773,10.00
0.037450,5.015796,0.471407,0.41780,10.00
0.037460,5.013756,0.468977,0.41789,10.00
0.037470,5.011623,0.466879,0.41798,10.00
0.037480,5.009415,0.465125,0.41808,10.00
0.037490,5.007147,0.463727,0.41819,10.00
0.037500,5.005150,0.462695,0.41830,10.00
0.037510,5.004383,0.461883,0.41833,10.00
0.037520,5.003586,0.461196,0.41837,10.00
0.037530,5.002764,0.460637,0.41841,10.00
0.037540,5.001925,0.460211,0.41845,10.00
0.037550,5.000875,0.459920,0.41849,10.00
0.037560,4.999031,0.459861,0.41858,10.00
0.037570,4.997201,0.460097,0.41868,10.00
0.037580,4.995398,0.460625,0.41877,10.00
0.037590,4.993635,0.461440,0.41886,10.00
0.037600,4.991880,0.462536,0.41895,10.00
0.037610,4.990009,0.463925,0.41905,10.00
0.037620,4.988218,0.465610,0.41915,10.00
0.037630,4.986520,0.467578,0.41925,10.00
0.037640,4.984926,0.469814,0.41934,10.00
0.037650,4.983645,0.472301,0.41943,10.00
0.037660,4.983272,0.474924,0.41946,10.00
0.037670,4.983021,0.477603,0.41949,10.00
0.037680,4.982894,0.480316,0.41951,10.00
0.037690,4.982892,0.483045,0.41953,10.00
0.037700,4.982865,0.485768,0.41953,10.00
0.037710,4.982370,0.488539,0.41957,10.00
0.037720,4.982006,0.491383,0.41961,10.00
0.037730,4.981774,0.494280,0.41964,10.00
0.037740,4.981675,0.497208,0.41966,10.00
0.037750,4.981771,0.500147,0.41967,10.00
0.037760,4.982238,0.503045,0.41966,10.00
0.037770,4.982833,0.505863,0.41965,10.00
0.037780,4.983550,0.508581,0.41963,10.00
0.037790,4.984385,0.511178,0.41960,10.00
0.037800,4.985190,0.513638,0.41957,10.00
0.037810,4.985547,0.516008,0.41956,10.00
0.037820,4.986009,0.518316,0.41955,10.00
0.037830,4.986570,0.520546,0.41953,10.00
0.037840,4.987228,0.522682,0.41951,10.00
0.037850,4.987992,0.524709,0.41949,10.00
0.037860,4.988898,0.526605,0.41945,10.00
0.037870,4.989882,0.528352,0.41941,10.00
0.037880,4.990937,0.529939,0.41937,10.00
0.037890,4.992054,0.531353,0.41932,10.00
0.037900,4.993420,0.532587,0.41927,10.00
0.037910,4.995605,0.533537,0.41916,10.00
0.037920,4.997814,0.534136,0.41905,10.00
0.037930,5.000030,0.534381,0.41894,10.00
0.037940,5.002237,0.534271,0.41883,10.00
0.037950,5.004349,0.533808,0.41872,10.00
0.037960,5.006135,0.533032,0.41863,10.00
0.037970,5.007871,0.531971,0.41853,10.00
0.037980,5.009543,0.530635,0.41844,10.00
0.037990,5.011139,0.529035,0.41835,10.00
0.038000,5.012473,0.527182,0.41827,10.00
0.038010,5.013008,0.525175,0.41823,10.00
0.038020,5.013447,0.523087,0.41820,10.00
0.038030,5.013787,0.520933,0.41817,10.00
0.038040,5.014027,0.518728,0.41814,10.00
0.038050,5.014389,0.516489,0.41813,10.00
0.038060,5.015539,0.514125,0.41805,10.00
0.038070,5.016573,0.511581,0.41799,10.00
0.038080,5.017482,0.508877,0.41793,10.00
0.038090,5.018260,0.506033,0.41787,10.00
0.038100,5.018924,0.503070,0.41783,10.00
0.038110,5.019532,0.500000,0.41778,10.00
0.038120,5.019997,0.496838,0.41774,10.00
0.038130,5.020314,0.493608,0.41771,10.00
0.038140,5.020481,0.490334,0.41768,10.00
0.038150,5.020419,0.487039,0.41766,10.00
0.038160,5.019889,0.483786,0.41767,10.00
0.038170,5.019217,0.480625,0.41769,10.00
0.038180,5.018407,0.477576,0.41771,10.00
0.038190,5.017467,0.474663,0.41774,10.00
0.038200,5.016477,0.471907,0.41778,10.00
0.038210,5.015667,0.469290,0.41781,10.00
0.038220,5.014747,0.466807,0.41784,10.00
0.038230,5.013722,0.464476,0.41788,10.00
0.038240,5.012600,0.462314,0.41792,10.00
0.038250,5.011118,0.460336,0.41797,10.00
0.038260,5.008477,0.458685,0.41809,10.00
0.038270,5.005785,0.457460,0.41822,10.00
0.038280,5.003060,0.456667,0.41836,10.00
0.038290,5.000325,0.456311,0.41849,10.00
0.038300,4.997935,0.456394,0.41863,10.00
0.038310,4.996919,0.456750,0.41868,10.00
0.038320,4.995928,0.457268,0.41873,10.00
0.038330,4.994969,0.457944,0.41879,10.00
0.038340,4.994050,0.458771,0.41884,10.00
0.038350,4.992701,0.459744,0.41889,10.00
0.038360,4.989517,0.461083,0.41905,10.00
0.038370,4.986421,0.462929,0.41922,10.00
0.038380,4.983437,0.465266,0.41938,10.00
0.038390,4.980585,0.468075,0.41954,10.00
0.038400,4.978446,0.471334,0.41969,10.00
0.038410,4.978707,0.474751,0.41970,10.00
0.038420,4.979120,0.478118,0.41969,10.00
0.038430,4.979683,0.481414,0.41968,10.00
0.038440,4.980389,0.484613,0.41967,10.00
0.038450,4.980930,0.487694,0.41964,10.00
0.038460,4.980391,0.490780,0.41968,10.00
0.038470,4.979996,0.493946,0.41972,10.00
0.038480,4.979749,0.497169,0.41975,10.00
0.038490,4.979650,0.500425,0.41977,10.00
0.038500,4.979598,0.503691,0.41979,10.00
0.038510,4.979293,0.506991,0.41982,10.00
0.038520,4.979139,0.510334,0.41985,10.00
0.038530,4.979139,0.513695,0.41987,10.00
0.038540,4.979291,0.517049,0.41988,10.00
0.038550,4.979974,0.520372,0.41988,10.00
0.038560,4.982312,0.523458,0.41978,10.00
0.038570,4.984770,0.526165,0.41967,10.00
0.038580,4.987328,0.528473,0.41956,10.00
0.038590,4.989968,0.530368,0.41943,10.00
0.038600,4.992531,0.531838,0.41931,10.00
0.038610,4.994579,0.532939,0.41921,10.00
0.038620,4.996659,0.533712,0.41911,10.00
0.038630,4.998756,0.534150,0.41901,10.00
0.038640,5.000854,0.534252,0.41890,10.00
0.038650,5.002931,0.534018,0.41880,10.00
0.038660,5.004955,0.533455,0.41869,10.00
0.038670,5.006936,0.532569,0.41859,10.00
0.038680,5.008858,0.531368,0.41848,10.00
0.038690,5.010709,0.529863,0.41838,10.00
0.038700,5.012379,0.528064,0.41829,10.00
0.038710,5.013565,0.526032,0.41821,10.00
0.038720,5.014649,0.523815,0.41815,10.00
0.038730,5.015622,0.521429,0.41809,10.00
0.038740,5.016479,0.518892,0.41803,10.00
0.038750,5.017083,0.516222,0.41798,10.00
0.038760,5.017045,0.513503,0.41797,10.00
0.038770,5.016883,0.510795,0.41796,10.00
0.038780,5.016600,0.508117,0.41796,10.00
0.038790,5.016198,0.505490,0.41796,10.00
0.038800,5.015724,0.502933,0.41798,10.00
0.038810,5.015311,0.500442,0.41798,10.00
0.038820,5.014789,0.498021,0.41800,10.00
0.038830,5.014162,0.495689,0.41801,10.00
0.038840,5.013435,0.493461,0.41804,10.00
0.038850,5.012544,0.491354,0.41807,10.00
0.038860,5.011292,0.489416,0.41812,10.00
0.038870,5.009964,0.487681,0.41818,10.00
0.038880,5.008568,0.486161,0.41824,10.00
0.038890,5.007116,0.484868,0.41830,10.00
0.038900,5.005923,0.483809,0.41837,10.00
0.038910,5.005903,0.482846,0.41837,10.00
0.038920,5.005840,0.481888,0.41837,10.00
0.038930,5.005734,0.480942,0.41837,10.00
0.038940,5.005586,0.480015,0.41837,10.00
0.038950,5.005253,0.479113,0.41838,10.00
0.038960,5.004305,0.478313,0.41842,10.00
0.038970,5.003330,0.477665,0.41846,10.00
0.038980,5.002334,0.477175,0.41851,10.00
0.038990,5.001325,0.476845,0.41856,10.00
0.039000,5.000105,0.476677,0.41861,10.00
0.039010,4.998073,0.476770,0.41871,10.00
0.039020,4.996064,0.477188,0.41882,10.00
0.039030,4.994091,0.477925,0.41892,10.00
0.039040,4.992169,0.478977,0.41902,10.00
0.039050,4.990432,0.480334,0.41912,10.00
0.039060,4.989249,0.481928,0.41919,10.00
0.039070,4.988149,0.483707,0.41925,10.00
0.039080,4.987139,0.485660,0.41931,10.00
0.039090,4.986227,0.487769,0.41937,10.00
0.039100,4.985398,0.490021,0.41942,10.00
0.039110,4.984599,0.492407,0.41948,10.00
0.039120,4.983915,0.494917,0.41953,10.00
0.039130,4.983352,0.497530,0.41957,10.00
0.039140,4.982911,0.500229,0.41960,10.00
0.039150,4.982867,0.502993,0.41964,10.00
0.039160,4.984021,0.505672,0.41959,10.00
0.039170,4.985286,0.508162,0.41954,10.00
0.039180,4.986653,0.510445,0.41949,10.00
0.039190,4.988111,0.512506,0.41942,10.00
0.039200,4.989586,0.514329,0.41936,10.00
0.039210,4.990875,0.515933,0.41930,10.00
0.039220,4.992225,0.517328,0.41924,10.00
0.039230,4.993626,0.518505,0.41918,10.00
0.039240,4.995069,0.519455,0.41911,10.00
0.039250,4.996689,0.520173,0.41904,10.00
0.039260,4.998914,0.520584,0.41893,10.00
0.039270,5.001138,0.520638,0.41882,10.00
0.039280,5.003345,0.520336,0.41871,10.00
0.039290,5.005519,0.519682,0.41860,10.00
0.039300,5.007363,0.518682,0.41848,10.00
0.039310,5.008026,0.517479,0.41844,10.00
0.039320,5.008628,0.516173,0.41841,10.00
0.039330,5.009167,0.514772,0.41837,10.00
0.039340,5.009636,0.513288,0.41834,10.00
0.039350,5.010191,0.511732,0.41831,10.00
0.039360,5.011290,0.510040,0.41825,10.00
0.039370,5.012304,0.508176,0.41819,10.00
0.039380,5.013224,0.506153,0.41813,10.00
0.039390,5.014044,0.503987,0.41808,10.00
0.039400,5.014556,0.501694,0.41803,10.00
0.039410,5.014155,0.499389,0.41804,10.00
0.039420,5.013653,0.497151,0.41805,10.00
0.039430,5.013053,0.494999,0.41807,10.00
0.039440,5.012362,0.492946,0.41809,10.00
0.039450,5.011620,0.491008,0.41812,10.00
0.039460,5.010942,0.489181,0.41814,10.00
0.039470,5.010188,0.487465,0.41817,10.00
0.039480,5.009362,0.485873,0.41820,10.00
0.039490,5.008472,0.484416,0.41824,10.00
0.039500,5.007559,0.483105,0.41828,10.00
0.039510,5.006740,0.481930,0.41832,10.00
0.039520,5.005875,0.480888,0.41835,10.00
0.039530,5.004970,0.479987,0.41839,10.00
0.039540,5.004032,0.479232,0.41844,10.00
0.039550,5.003071,0.478628,0.41848,10.00
0.039560,5.002099,0.478179,0.41853,10.00
0.039570,5.001115,0.477886,0.41858,10.00
0.039580,5.000127,0.477751,0.41862,10.00
0.039590,4.999141,0.477774,0.41867,10.00
0.039600,4.997981,0.477955,0.41872,10.00
0.039610,4.996106,0.478380,0.41882,10.00
0.039620,4.994266,0.479104,0.41892,10.00
0.039630,4.992476,0.480120,0.41901,10.00
0.039640,4.990748,0.481420,0.41911,10.00
0.039650,4.989083,0.482995,0.41920,10.00
0.039660,4.987463,0.484835,0.41929,10.00
0.039670,4.985940,0.486932,0.41938,10.00
0.039680,4.984526,0.489267,0.41946,10.00
0.039690,4.983230,0.491824,0.41954,10.00
0.039700,4.982276,0.494583,0.41961,10.00
0.039710,4.982309,0.497421,0.41963,10.00
0.039720,4.982471,0.500248,0.41963,10.00
0.039730,4.982759,0.503044,0.41963,10.00
0.039740,4.983172,0.505788,0.41963,10.00
0.039750,4.983524,0.508462,0.41962,10.00
0.039760,4.983273,0.511131,0.41964,10.00
0.039770,4.983145,0.513836,0.41966,10.00
0.039780,4.983141,0.516555,0.41968,10.00
0.039790,4.983260,0.519270,0.41969,10.00
0.039800,4.983444,0.521961,0.41969,10.00
0.039810,4.983522,0.524635,0.41970,10.00
0.039820,4.983720,0.527292,0.41970,10.00
0.039830,4.984037,0.529911,0.41970,10.00
0.039840,4.984470,0.532475,0.41970,10.00
0.039850,4.985276,0.534964,0.41968,10.00
0.039860,4.987225,0.537236,0.41960,10.00
0.039870,4.989259,0.539192,0.41950,10.00
0.039880,4.991364,0.540820,0.41941,10.00
0.039890,4.993524,0.542107,0.41931,10.00
0.039900,4.995755,0.543047,0.41920,10.00
0.039910,4.998139,0.543618,0.41908,10.00
0.039920,5.000528,0.543806,0.41897,10.00
0.039930,5.002904,0.543613,0.41885,10.00
0.039940,5.005251,0.543039,0.41873,10.00
0.039950,5.007571,0.542092,0.41860,10.00
0.039960,5.009914,0.540768,0.41848,10.00
0.039970,5.012177,0.539073,0.41836,10.00
0.039980,5.014342,0.537019,0.41824,10.00
0.039990,5.016394,0.534623,0.41812,10.00
0.040000,5.018291,0.531903,0.41801,10.00
0.040010,5.019930,0.528894,0.41791,10.00
0.040020,5.021419,0.525630,0.41782,10.00
0.040030,5.022746,0.522133,0.41773,10.00
0.040040,5.023903,0.518431,0.41766,10.00
0.040050,5.025054,0.514551,0.41759,10.00
0.040060,5.026706,0.510440,0.41748,10.00
0.040070,5.028156,0.506072,0.41738,10.00
0.040080,5.029396,0.501481,0.41730,10.00
0.040090,5.030416,0.496701,0.41722,10.00
0.040100,5.031155,0.491767,0.41715,10.00
0.040110,5.031441,0.486742,0.41711,10.00
0.040120,5.031496,0.481681,0.41708,10.00
0.040130,5.031322,0.476622,0.41706,10.00
0.040140,5.030919,0.471600,0.41706,10.00
0.040150,5.030301,0.466652,0.41706,10.00
0.040160,5.029497,0.461810,0.41707,10.00
0.040170,5.028482,0.457106,0.41710,10.00
0.040180,5.027262,0.452573,0.41714,10.00
0.040190,5.025847,0.448244,0.41718,10.00
0.040200,5.024011,0.444150,0.41724,10.00
0.040210,5.021057,0.440434,0.41737,10.00
0.040220,5.017962,0.437197,0.41751,10.00
0.040230,5.014747,0.434461,0.41765,10.00
0.040240,5.011437,0.432244,0.41781,10.00
0.040250,5.008123,0.430561,0.41797,10.00
0.040260,5.005034,0.429390,0.41812,10.00
0.040270,5.001919,0.428714,0.41827,10.00
0.040280,4.998801,0.428538,0.41842,10.00
0.040290,4.995703,0.428861,0.41858,10.00
0.040300,4.992791,0.429679,0.41874,10.00
0.040310,4.990512,0.430915,0.41886,10.00
0.040320,4.988310,0.432513,0.41898,10.00
0.040330,4.986200,0.434460,0.41910,10.00
0.040340,4.984197,0.436741,0.41921,10.00
0.040350,4.982266,0.439338,0.41932,10.00
0.040360,4.980272,0.442254,0.41943,10.00
0.040370,4.978428,0.445484,0.41954,10.00
0.040380,4.976747,0.449003,0.41965,10.00
0.040390,4.975241,0.452784,0.41974,10.00
0.040400,4.973741,0.456798,0.41983,10.00
0.040410,4.971723,0.461102,0.41996,10.00
0.040420,4.969919,0.465721,0.42007,10.00
0.040430,4.968341,0.470618,0.42018,10.00
0.040440,4.966998,0.475759,0.42027,10.00
0.040450,4.966023,0.481105,0.42036,10.00
0.040460,4.965785,0.486557,0.42040,10.00
0.040470,4.965796,0.492037,0.42043,10.00
0.040480,4.966056,0.497504,0.42044,10.00
0.040490,4.966561,0.502919,0.42045,10.00
0.040500,4.966987,0.508244,0.42044,10.00
0.040510,4.966375,0.513592,0.42050,10.00
0.040520,4.966010,0.519028,0.42055,10.00
0.040530,4.965895,0.524511,0.42058,10.00
0.040540,4.966029,0.530003,0.42061,10.00
0.040550,4.966461,0.535462,0.42062,10.00
0.040560,4.967332,0.540826,0.42060,10.00
0.040570,4.968438,0.546040,0.42057,10.00
0.040580,4.969771,0.551067,0.42054,10.00
0.040590,4.971320,0.555871,0.42048,10.00
0.040600,4.973137,0.560418,0.42042,10.00
0.040610,4.975403,0.564644,0.42033,10.00
0.040620,4.977841,0.568500,0.42023,10.00
0.040630,4.980431,0.571959,0.42012,10.00
0.040640,4.983156,0.574997,0.42000,10.00
0.040650,4.986204,0.577594,0.41987,10.00
0.040660,4.990179,0.579630,0.41968,10.00
0.040670,4.994212,0.581027,0.41949,10.00
0.040680,4.998272,0.581777,0.41929,10.00
0.040690,5.002330,0.581876,0.41908,10.00
0.040700,5.006401,0.581325,0.41888,10.00
0.040710,5.010588,0.580111,0.41866,10.00
0.040720,5.014682,0.578230,0.41845,10.00
0.040730,5.018655,0.575697,0.41823,10.00
0.040740,5.022477,0.572535,0.41802,10.00
0.040750,5.025934,0.568767,0.41782,10.00
0.040760,5.028441,0.564513,0.41767,10.00
0.040770,5.030732,0.559868,0.41753,10.00
0.040780,5.032792,0.554864,0.41740,10.00
0.040790,5.034607,0.549541,0.41728,10.00
0.040800,5.035945,0.543937,0.41717,10.00
0.040810,5.036138,0.538201,0.41713,10.00
0.040820,5.036070,0.532445,0.41710,10.00
0.040830,5.035742,0.526710,0.41709,10.00
0.040840,5.035156,0.521039,0.41709,10.00
0.040850,5.034671,0.515472,0.41710,10.00
0.040860,5.035343,0.509880,0.41703,10.00
0.040870,5.035756,0.504192,0.41698,10.00
0.040880,5.035906,0.498448,0.41694,10.00
0.040890,5.035795,0.492692,0.41692,10.00
0.040900,5.035541,0.486964,0.41691,10.00
0.040910,5.035493,0.481251,0.41688,10.00
0.040920,5.035187,0.475557,0.41686,10.00
0.040930,5.034625,0.469922,0.41686,10.00
0.040940,5.033812,0.464389,0.41687,10.00
0.040950,5.032405,0.458996,0.41689,10.00
0.040960,5.029367,0.453951,0.41702,10.00
0.040970,5.026128,0.449401,0.41716,10.00
0.040980,5.022711,0.445378,0.41730,10.00
0.040990,5.019141,0.441909,0.41746,10.00
0.041000,5.015542,0.439017,0.41763,10.00
0.041010,5.012223,0.436675,0.41779,10.00
0.041020,5.008827,0.434869,0.41795,10.00
0.041030,5.005379,0.433610,0.41811,10.00
0.041040,5.001905,0.432904,0.41828,10.00
0.041050,4.998609,0.432755,0.41846,10.00
0.041060,4.996049,0.433076,0.41859,10.00
0.041070,4.993526,0.433805,0.41872,10.00
0.041080,4.991059,0.434937,0.41885,10.00
0.041090,4.988666,0.436461,0.41898,10.00
0.041100,4.986209,0.438365,0.41910,10.00
0.041110,4.983250,0.440707,0.41926,10.00
0.041120,4.980423,0.443518,0.41942,10.00
0.041130,4.977749,0.446776,0.41957,10.00
0.041140,4.975246,0.450455,0.41972,10.00
0.041150,4.973008,0.454527,0.41986,10.00
0.041160,4.971276,0.458925,0.41997,10.00
0.041170,4.969758,0.463591,0.42007,10.00
0.041180,4.968465,0.468492,0.42016,10.00
0.041190,4.967406,0.473589,0.42024,10.00
0.041200,4.966412,0.478846,0.42031,10.00
0.041210,4.964962,0.484309,0.42041,10.00
0.041220,4.963774,0.489992,0.42050,10.00
0.041230,4.962853,0.495855,0.42058,10.00
0.041240,4.962207,0.501853,0.42065,10.00
0.041250,4.962052,0.507944,0.42070,10.00
0.041260,4.963028,0.513978,0.42068,10.00
0.041270,4.964268,0.519846,0.42065,10.00
0.041280,4.965764,0.525503,0.42061,10.00
0.041290,4.967503,0.530911,0.42055,10.00
0.041300,4.969629,0.536030,0.42048,10.00
0.041310,4.972599,0.540749,0.42036,10.00
0.041320,4.975755,0.544984,0.42022,10.00
0.041330,4.979076,0.548706,0.42008,10.00
0.041340,4.982536,0.551891,0.41992,10.00
0.041350,4.985885,0.554516,0.41975,10.00
0.041360,4.988428,0.556672,0.41964,10.00
0.041370,4.991047,0.558418,0.41952,10.00
0.041380,4.993722,0.559741,0.41939,10.00
0.041390,4.996433,0.560634,0.41926,10.00
0.041400,4.999357,0.561092,0.41912,10.00
0.041410,5.003059,0.561019,0.41894,10.00
0.041420,5.006725,0.560354,0.41875,10.00
0.041430,5.010328,0.559104,0.41856,10.00
0.041440,5.013842,0.557280,0.41838,10.00
0.041450,5.016963,0.554898,0.41819,10.00
0.041460,5.018837,0.552111,0.41809,10.00
0.041470,5.020568,0.549030,0.41798,10.00
0.041480,5.022144,0.545677,0.41788,10.00
0.041490,5.023554,0.542079,0.41779,10.00
0.041500,5.024962,0.538263,0.41771,10.00
0.041510,5.026882,0.534172,0.41759,10.00
0.041520,5.028599,0.529783,0.41748,10.00
0.041530,5.030102,0.525127,0.41738,10.00
0.041540,5.031380,0.520240,0.41729,10.00
0.041550,5.032514,0.515158,0.41721,10.00
0.041560,5.033760,0.509876,0.41712,10.00
0.041570,5.034756,0.504406,0.41704,10.00
0.041580,5.035495,0.498786,0.41697,10.00
0.041590,5.035973,0.493059,0.41692,10.00
0.041600,5.035857,0.487267,0.41688,10.00
0.041610,5.034163,0.481610,0.41693,10.00
0.041620,5.032227,0.476235,0.41700,10.00
0.041630,5.030065,0.471180,0.41708,10.00
0.041640,5.027693,0.466480,0.41717,10.00
0.041650,5.025491,0.462168,0.41728,10.00
0.041660,5.024555,0.458101,0.41730,10.00
0.041670,5.023443,0.454191,0.41734,10.00
0.041680,5.022163,0.450467,0.41738,10.00
0.041690,5.020726,0.446955,0.41743,10.00
0.041700,5.018778,0.443679,0.41749,10.00
0.041710,5.015250,0.440838,0.41766,10.00
0.041720,5.011625,0.438566,0.41783,10.00
0.041730,5.007929,0.436878,0.41800,10.00
0.041740,5.004189,0.435784,0.41818,10.00
0.041750,5.000606,0.435291,0.41837,10.00
0.041760,4.997724,0.435315,0.41851,10.00
0.041770,4.994870,0.435801,0.41866,10.00
0.041780,4.992062,0.436742,0.41880,10.00
0.041790,4.989322,0.438130,0.41895,10.00
0.041800,4.986767,0.439953,0.41909,10.00
0.041810,4.984704,0.442151,0.41921,10.00
0.041820,4.982759,0.444674,0.41932,10.00
0.041830,4.980946,0.447503,0.41943,10.00
0.041840,4.979277,0.450617,0.41953,10.00
0.041850,4.977773,0.453992,0.41962,10.00
0.041860,4.976467,0.457599,0.41971,10.00
0.041870,4.975335,0.461407,0.41978,10.00
0.041880,4.974387,0.465390,0.41985,10.00
0.041890,4.973628,0.469516,0.41991,10.00
0.041900,4.972775,0.473756,0.41997,10.00
0.041910,4.970975,0.478216,0.42008,10.00
0.041920,4.969394,0.482955,0.42018,10.00
0.041930,4.968041,0.487938,0.42028,10.00
0.041940,4.966927,0.493128,0.42036,10.00
0.041950,4.966216,0.498486,0.42044,10.00
0.041960,4.966389,0.503896,0.42046,10.00
0.041970,4.966806,0.509268,0.42047,10.00
0.041980,4.967462,0.514563,0.42046,10.00
0.041990,4.968353,0.519743,0.42045,10.00
0.042000,4.969459,0.524771,0.42042,10.00
0.042010,4.970739,0.529615,0.42038,10.00
0.042020,4.972227,0.534246,0.42033,10.00
0.042030,4.973911,0.538630,0.42027,10.00
0.042040,4.975780,0.542736,0.42020,10.00
0.042050,4.977949,0.546535,0.42012,10.00
0.042060,4.980797,0.549938,0.41999,10.00
0.042070,4.983773,0.552879,0.41986,10.00
0.042080,4.986856,0.555339,0.41972,10.00
0.042090,4.990023,0.557301,0.41957,10.00
0.042100,4.993208,0.558752,0.41942,10.00
0.042110,4.996257,0.559706,0.41927,10.00
0.042120,4.999323,0.560170,0.41912,10.00
0.042130,5.002383,0.560144,0.41896,10.00
0.042140,5.005414,0.559628,0.41881,10.00
0.042150,5.008345,0.558628,0.41865,10.00
0.042160,5.011010,0.557177,0.41851,10.00
0.042170,5.013585,0.555303,0.41837,10.00
0.042180,5.016052,0.553021,0.41824,10.00
0.042190,5.018394,0.550348,0.41810,10.00
0.042200,5.020665,0.547307,0.41798,10.00
0.042210,5.023064,0.543885,0.41784,10.00
0.042220,5.025286,0.540086,0.41771,10.00
0.042230,5.027317,0.535939,0.41758,10.00
0.042240,5.029141,0.531475,0.41747,10.00
0.042250,5.030617,0.526728,0.41736,10.00
0.042260,5.031347,0.521796,0.41730,10.00
0.042270,5.031847,0.516756,0.41724,10.00
0.042280,5.032115,0.511646,0.41720,10.00
0.042290,5.032148,0.506504,0.41717,10.00
0.042300,5.032062,0.501365,0.41715,10.00
0.042310,5.032200,0.496214,0.41712,10.00
0.042320,5.032104,0.491050,0.41710,10.00
0.042330,5.031775,0.485912,0.41708,10.00
0.042340,5.031215,0.480836,0.41708,10.00
0.042350,5.030436,0.475860,0.41710,10.00
0.042360,5.029461,0.471016,0.41712,10.00
0.042370,5.028275,0.466337,0.41715,10.00
0.042380,5.026888,0.461857,0.41720,10.00
0.042390,5.025309,0.457607,0.41726,10.00
0.042400,5.023336,0.453618,0.41732,10.00
0.042410,5.020337,0.450021,0.41745,10.00
0.042420,5.017202,0.446911,0.41759,10.00
0.042430,5.013954,0.444308,0.41774,10.00
0.042440,5.010616,0.442229,0.41790,10.00
0.042450,5.007520,0.440688,0.41806,10.00
0.042460,5.005601,0.439547,0.41815,10.00
0.042470,5.003648,0.438715,0.41824,10.00
0.042480,5.001674,0.438197,0.41834,10.00
0.042490,4.999694,0.437996,0.41844,10.00
0.042500,4.997391,0.438112,0.41854,10.00
0.042510,4.993791,0.438702,0.41872,10.00
0.042520,4.990250,0.439867,0.41890,10.00
0.042530,4.986794,0.441595,0.41909,10.00
0.042540,4.983447,0.443873,0.41927,10.00
0.042550,4.980593,0.446682,0.41944,10.00
0.042560,4.979328,0.449826,0.41952,10.00
0.042570,4.978216,0.453166,0.41960,10.00
0.042580,4.977266,0.456678,0.41967,10.00
0.042590,4.976484,0.460335,0.41972,10.00
0.042600,4.975799,0.464111,0.41978,10.00
0.042610,4.974989,0.468013,0.41984,10.00
0.042620,4.974363,0.472037,0.41989,10.00
0.042630,4.973925,0.476154,0.41994,10.00
0.042640,4.973677,0.480332,0.41997,10.00
0.042650,4.973710,0.484543,0.42000,10.00
0.042660,4.974285,0.488712,0.41999,10.00
0.042670,4.975045,0.492781,0.41997,10.00
0.042680,4.975982,0.496721,0.41995,10.00
0.042690,4.977089,0.500504,0.41991,10.00
0.042700,4.978312,0.504102,0.41987,10.00
0.042710,4.979501,0.507513,0.41983,10.00
0.042720,4.980834,0.510728,0.41978,10.00
0.042730,4.982302,0.513723,0.41972,10.00
0.042740,4.983892,0.516478,0.41966,10.00
0.042750,4.985405,0.518973,0.41959,10.00
0.042760,4.986268,0.521282,0.41956,10.00
0.042770,4.987229,0.523448,0.41952,10.00
0.042780,4.988279,0.525456,0.41948,10.00
0.042790,4.989411,0.527293,0.41943,10.00
0.042800,4.990669,0.528945,0.41938,10.00
0.042810,4.992202,0.530376,0.41931,10.00
0.042820,4.993787,0.531559,0.41924,10.00
0.042830,4.995410,0.532486,0.41916,10.00
0.042840,4.997062,0.533152,0.41908,10.00
0.042850,4.998623,0.533552,0.41900,10.00
0.042860,4.999768,0.533736,0.41894,10.00
0.042870,5.000911,0.533736,0.41889,10.00
0.042880,5.002044,0.533554,0.41883,10.00
0.042890,5.003159,0.533190,0.41877,10.00
0.042900,5.004239,0.532649,0.41871,10.00
0.042910,5.005250,0.531939,0.41866,10.00
0.042920,5.006221,0.531068,0.41861,10.00
0.042930,5.007143,0.530044,0.41855,10.00
0.042940,5.008011,0.528874,0.41850,10.00
0.042950,5.009006,0.527568,0.41846,10.00
0.042960,5.010681,0.526045,0.41836,10.00
0.042970,5.012272,0.524257,0.41827,10.00
0.042980,5.013768,0.522218,0.41819,10.00
0.042990,5.015159,0.519944,0.41811,10.00
0.043000,5.016254,0.517452,0.41803,10.00
0.043010,5.016512,0.514846,0.41800,10.00
0.043020,5.016650,0.512205,0.41798,10.00
0.043030,5.016666,0.509547,0.41796,10.00
0.043040,5.016562,0.506890,0.41795,10.00
0.043050,5.016474,0.504256,0.41795,10.00
0.043060,5.016805,0.501598,0.41792,10.00
0.043070,5.017013,0.498891,0.41790,10.00
0.043080,5.017096,0.496157,0.41788,10.00
0.043090,5.017055,0.493414,0.41786,10.00
0.043100,5.016827,0.490684,0.41786,10.00
0.043110,5.016230,0.488015,0.41787,10.00
0.043120,5.015517,0.485447,0.41789,10.00
0.043130,5.014693,0.482997,0.41792,10.00
0.043140,5.013766,0.480684,0.41796,10.00
0.043150,5.012682,0.478524,0.41800,10.00
0.043160,5.011265,0.476561,0.41806,10.00
0.043170,5.009773,0.474828,0.41812,10.00
0.043180,5.008215,0.473337,0.41819,10.00
0.043190,5.006603,0.472098,0.41827,10.00
0.043200,5.004990,0.471119,0.41834,10.00
0.043210,5.003509,0.470386,0.41841,10.00
0.043220,5.002007,0.469892,0.41849,10.00
0.043230,5.000497,0.469639,0.41856,10.00
0.043240,4.998989,0.469628,0.41864,10.00
0.043250,4.997518,0.469858,0.41871,10.00
0.043260,4.996169,0.470315,0.41878,10.00
0.043270,4.994852,0.470987,0.41885,10.00
0.043280,4.993577,0.471868,0.41892,10.00
0.043290,4.992354,0.472951,0.41899,10.00
0.043300,4.991160,0.474228,0.41905,10.00
0.043310,4.989914,0.475703,0.41912,10.00
0.043320,4.988745,0.477374,0.41919,10.00
0.043330,4.987663,0.479229,0.41926,10.00
0.043340,4.986675,0.481254,0.41932,10.00
0.043350,4.985789,0.483432,0.41937,10.00
0.043360,4.985016,0.485748,0.41942,10.00
0.043370,4.984356,0.488182,0.41947,10.00
0.043380,4.983812,0.490718,0.41951,10.00
0.043390,4.983388,0.493335,0.41955,10.00
0.043400,4.983352,0.496015,0.41958,10.00
0.043410,4.984497,0.498611,0.41953,10.00
0.043420,4.985751,0.501019,0.41948,10.00
0.043430,4.987102,0.503222,0.41943,10.00
0.043440,4.988541,0.505204,0.41937,10.00
0.043450,4.989660,0.506953,0.41930,10.00
0.043460,4.989267,0.508647,0.41933,10.00
0.043470,4.988954,0.510400,0.41935,10.00
0.043480,4.988723,0.512200,0.41938,10.00
0.043490,4.988576,0.514033,0.41939,10.00
0.043500,4.988654,0.515886,0.41941,10.00
0.043510,4.989373,0.517678,0.41938,10.00
0.043520,4.990168,0.519352,0.41935,10.00
0.043530,4.991032,0.520895,0.41931,10.00
0.043540,4.991957,0.522297,0.41928,10.00
0.043550,4.993104,0.523549,0.41923,10.00
0.043560,4.994959,0.524561,0.41915,10.00
0.043570,4.996842,0.525275,0.41905,10.00
0.043580,4.998742,0.525687,0.41896,10.00
0.043590,5.000643,0.525794,0.41887,10.00
0.043600,5.002637,0.525597,0.41877,10.00
0.043610,5.005025,0.525048,0.41865,10.00
0.043620,5.007367,0.524118,0.41853,10.00
0.043630,5.009646,0.522816,0.41841,10.00
0.043640,5.011845,0.521152,0.41829,10.00
0.043650,5.013814,0.519139,0.41817,10.00
0.043660,5.015134,0.516859,0.41809,10.00
0.043670,5.016339,0.514373,0.41802,10.00
0.043680,5.017420,0.511699,0.41795,10.00
0.043690,5.018371,0.508856,0.41789,10.00
0.043700,5.019171,0.505868,0.41783,10.00
0.043710,5.019776,0.502761,0.41778,10.00
0.043720,5.020235,0.499564,0.41774,10.00
0.043730,5.020546,0.496299,0.41771,10.00
0.043740,5.020705,0.492992,0.41768,10.00
0.043750,5.020682,0.489665,0.41766,10.00
0.043760,5.020386,0.486358,0.41766,10.00
0.043770,5.019942,0.483104,0.41766,10.00
0.043780,5.019355,0.479928,0.41768,10.00
0.043790,5.018629,0.476852,0.41770,10.00
0.043800,5.017731,0.473898,0.41772,10.00
0.043810,5.016553,0.471106,0.41777,10.00
0.043820,5.015258,0.468507,0.41782,10.00
0.043830,5.013857,0.466121,0.41787,10.00
0.043840,5.012360,0.463963,0.41794,10.00
0.043850,5.010834,0.462049,0.41801,10.00
0.043860,5.009452,0.460365,0.41807,10.00
0.043870,5.008005,0.458905,0.41813,10.00
0.043880,5.006506,0.457679,0.41820,10.00
0.043890,5.004964,0.456695,0.41827,10.00
0.043900,5.003367,0.455960,0.41835,10.00
0.043910,5.001652,0.455490,0.41843,10.00
0.043920,4.999931,0.455295,0.41852,10.00
0.043930,4.998216,0.455375,0.41860,10.00
0.043940,4.996520,0.455730,0.41869,10.00
0.043950,4.994881,0.456355,0.41878,10.00
0.043960,4.993389,0.457233,0.41886,10.00
0.043970,4.991950,0.458347,0.41893,10.00
0.043980,4.990575,0.459690,0.41901,10.00
0.043990,4.989272,0.461250,0.41908,10.00
0.044000,4.987968,0.463015,0.41916,10.00
0.044010,4.986422,0.465013,0.41924,10.00
0.044020,4.984981,0.467253,0.41933,10.00
0.044030,4.983654,0.469720,0.41941,10.00
0.044040,4.982450,0.472394,0.41948,10.00
0.044050,4.981644,0.475256,0.41955,10.00
0.044060,4.982031,0.478156,0.41955,10.00
0.044070,4.982546,0.480989,0.41954,10.00
0.044080,4.983185,0.483734,0.41952,10.00
0.044090,4.983943,0.486372,0.41950,10.00
0.044100,4.984726,0.488884,0.41947,10.00
0.044110,4.985263,0.491294,0.41945,10.00
0.044120,4.985905,0.493614,0.41944,10.00
0.044130,4.986646,0.495827,0.41941,10.00
0.044140,4.987481,0.497917,0.41938,10.00
0.044150,4.988247,0.499869,0.41934,10.00
0.044160,4.988474,0.501746,0.41934,10.00
0.044170,4.988783,0.503582,0.41934,10.00
0.044180,4.989174,0.505366,0.41933,10.00
0.044190,4.989641,0.507083,0.41931,10.00
0.044200,4.989966,0.508723,0.41930,10.00
0.044210,4.989502,0.510376,0.41933,10.00
0.044220,4.989117,0.512101,0.41936,10.00
0.044230,4.988814,0.513883,0.41938,10.00
0.044240,4.988594,0.515711,0.41940,10.00
0.044250,4.988690,0.517570,0.41942,10.00
0.044260,4.989788,0.519336,0.41937,10.00
0.044270,4.990957,0.520923,0.41932,10.00
0.044280,4.992187,0.522320,0.41927,10.00
0.044290,4.993470,0.523518,0.41921,10.00
0.044300,4.994968,0.524508,0.41915,10.00
0.044310,4.997187,0.525202,0.41904,10.00
0.044320,4.999417,0.525539,0.41893,10.00
0.044330,5.001643,0.525519,0.41882,10.00
0.044340,5.003848,0.525144,0.41871,10.00
0.044350,5.005779,0.524417,0.41860,10.00
0.044360,5.006713,0.523459,0.41854,10.00
0.044370,5.007596,0.522352,0.41849,10.00
0.044380,5.008421,0.521107,0.41845,10.00
0.044390,5.009182,0.519733,0.41840,10.00
0.044400,5.009880,0.518239,0.41836,10.00
0.044410,5.010528,0.516634,0.41832,10.00
0.044420,5.011098,0.514929,0.41828,10.00
0.044430,5.011586,0.513136,0.41824,10.00
0.044440,5.011988,0.511268,0.41821,10.00
0.044450,5.012425,0.509340,0.41819,10.00
0.044460,5.013263,0.507305,0.41813,10.00
0.044470,5.014001,0.505141,0.41808,10.00
0.044480,5.014635,0.502863,0.41804,10.00
0.044490,5.015159,0.500488,0.41800,10.00
0.044500,5.015441,0.498034,0.41797,10.00
0.044510,5.015089,0.495581,0.41797,10.00
0.044520,5.014628,0.493189,0.41798,10.00
0.044530,5.014063,0.490876,0.41800,10.00
0.044540,5.013399,0.488657,0.41802,10.00
0.044550,5.012588,0.486548,0.41805,10.00
0.044560,5.011487,0.484590,0.41809,10.00
0.044570,5.010307,0.482811,0.41814,10.00
0.044580,5.009057,0.481224,0.41819,10.00
0.044590,5.007746,0.479840,0.41825,10.00
0.044600,5.006559,0.478669,0.41831,10.00
0.044610,5.006028,0.477633,0.41833,10.00
0.044620,5.005454,0.476684,0.41836,10.00
0.044630,5.004842,0.475829,0.41838,10.00
0.044640,5.004197,0.475073,0.41841,10.00
0.044650,5.003385,0.474422,0.41844,10.00
0.044660,5.002000,0.473947,0.41851,10.00
0.044670,5.000605,0.473694,0.41858,10.00
0.044680,4.999211,0.473664,0.41865,10.00
0.044690,4.997828,0.473857,0.41872,10.00
0.044700,4.996477,0.474271,0.41879,10.00
0.044710,4.995202,0.474897,0.41886,10.00
0.044720,4.993967,0.475725,0.41892,10.00
0.044730,4.992780,0.476749,0.41899,10.00
0.044740,4.991650,0.477961,0.41905,10.00
0.044750,4.990753,0.479351,0.41911,10.00
0.044760,4.990596,0.480829,0.41913,10.00
0.044770,4.990508,0.482328,0.41914,10.00
0.044780,4.990488,0.483839,0.41915,10.00
0.044790,4.990537,0.485350,0.41916,10.00
0.044800,4.990608,0.486851,0.41916,10.00
0.044810,4.990567,0.488352,0.41917,10.00
0.044820,4.990593,0.489856,0.41917,10.00
0.044830,4.990688,0.491354,0.41918,10.00
0.044840,4.990849,0.492834,0.41918,10.00
0.044850,4.990923,0.494285,0.41917,10.00
0.044860,4.990449,0.495770,0.41921,10.00
0.044870,4.990046,0.497329,0.41924,10.00
0.044880,4.989718,0.498949,0.41926,10.00
0.044890,4.989466,0.500618,0.41928,10.00
0.044900,4.989402,0.502324,0.41930,10.00
0.044910,4.989850,0.504002,0.41929,10.00
0.044920,4.990370,0.505605,0.41927,10.00
0.044930,4.990959,0.507123,0.41925,10.00
0.044940,4.991611,0.508543,0.41922,10.00
0.044950,4.992216,0.509856,0.41919,10.00
0.044960,4.992458,0.511103,0.41919,10.00
0.044970,4.992754,0.512309,0.41918,10.00
0.044980,4.993103,0.513466,0.41917,10.00
0.044990,4.993500,0.514564,0.41916,10.00
0.045000,4.994004,0.515597,0.41914,10.00
0.045010,4.994790,0.516528,0.41910,10.00
0.045020,4.995611,0.517331,0.41907,10.00
0.045030,4.996461,0.518002,0.41903,10.00
0.045040,4.997333,0.518535,0.41899,10.00
0.045050,4.998237,0.518928,0.41895,10.00
0.045060,4.999207,0.519171,0.41890,10.00
0.045070,5.000179,0.519258,0.41885,10.00
0.045080,5.001147,0.519190,0.41880,10.00
0.045090,5.002103,0.518967,0.41875,10.00
0.045100,5.002926,0.518592,0.41870,10.00
0.045110,5.003266,0.518122,0.41868,10.00
0.045120,5.003582,0.517599,0.41866,10.00
0.045130,5.003872,0.517027,0.41865,10.00
0.045140,5.004133,0.516409,0.41863,10.00
0.045150,5.004292,0.515750,0.41861,10.00
0.045160,5.004134,0.515090,0.41862,10.00
0.045170,5.003947,0.514457,0.41862,10.00
0.045180,5.003733,0.513854,0.41863,10.00
0.045190,5.003494,0.513287,0.41864,10.00
0.045200,5.003464,0.512759,0.41865,10.00
0.045210,5.004338,0.512162,0.41860,10.00
0.045220,5.005176,0.511426,0.41856,10.00
0.045230,5.005974,0.510558,0.41851,10.00
0.045240,5.006725,0.509564,0.41847,10.00
0.045250,5.007560,0.508452,0.41843,10.00
0.045260,5.008879,0.507165,0.41836,10.00
0.045270,5.010128,0.505670,0.41829,10.00
0.045280,5.011298,0.503978,0.41822,10.00
0.045290,5.012381,0.502102,0.41815,10.00
0.045300,5.013150,0.500057,0.41809,10.00
0.045310,5.012945,0.497963,0.41809,10.00
0.045320,5.012647,0.495906,0.41810,10.00
0.045330,5.012258,0.493901,0.41810,10.00
0.045340,5.011781,0.491961,0.41812,10.00
0.045350,5.011344,0.490101,0.41813,10.00
0.045360,5.011315,0.488276,0.41813,10.00
0.045370,5.011203,0.486459,0.41812,10.00
0.045380,5.011010,0.484663,0.41812,10.00
0.045390,5.010737,0.482902,0.41813,10.00
0.045400,5.010212,0.481188,0.41813,10.00
0.045410,5.008919,0.479616,0.41819,10.00
0.045420,5.007566,0.478255,0.41825,10.00
0.045430,5.006163,0.477112,0.41832,10.00
0.045440,5.004721,0.476196,0.41838,10.00
0.045450,5.003207,0.475512,0.41845,10.00
0.045460,5.001500,0.475086,0.41854,10.00
0.045470,4.999790,0.474933,0.41862,10.00
0.045480,4.998088,0.475054,0.41871,10.00
0.045490,4.996406,0.475447,0.41879,10.00
0.045500,4.995105,0.476108,0.41888,10.00
0.045510,4.995231,0.476864,0.41888,10.00
0.045520,4.995390,0.477599,0.41887,10.00
0.045530,4.995581,0.478307,0.41887,10.00
0.045540,4.995803,0.478983,0.41886,10.00
0.045550,4.995803,0.479623,0.41885,10.00
0.045560,4.994835,0.480342,0.41890,10.00
0.045570,4.993908,0.481214,0.41895,10.00
0.045580,4.993029,0.482232,0.41900,10.00
0.045590,4.992203,0.483390,0.41905,10.00
0.045600,4.991502,0.484676,0.41910,10.00
0.045610,4.991119,0.486053,0.41912,10.00
0.045620,4.990802,0.487487,0.41915,10.00
0.045630,4.990553,0.488970,0.41917,10.00
0.045640,4.990373,0.490490,0.41919,10.00
0.045650,4.990307,0.492035,0.41920,10.00
0.045660,4.990483,0.493575,0.41920,10.00
0.045670,4.990727,0.495083,0.41920,10.00
0.045680,4.991037,0.496550,0.41919,10.00
0.045690,4.991410,0.497964,0.41918,10.00
0.045700,4.991458,0.499316,0.41916,10.00
0.045710,4.990026,0.500781,0.41924,10.00
0.045720,4.988673,0.502473,0.41932,10.00
0.045730,4.987408,0.504377,0.41939,10.00
0.045740,4.986241,0.506479,0.41946,10.00
0.045750,4.985487,0.508764,0.41953,10.00
0.045760,4.986064,0.511067,0.41951,10.00
0.045770,4.986740,0.513274,0.41949,10.00
0.045780,4.987511,0.515367,0.41946,10.00
0.045790,4.988369,0.517334,0.41943,10.00
0.045800,4.989353,0.519160,0.41939,10.00
0.045810,4.990583,0.520810,0.41934,10.00
0.045820,4.991878,0.522261,0.41928,10.00
0.045830,4.993226,0.523503,0.41922,10.00
0.045840,4.994619,0.524526,0.41916,10.00
0.045850,4.996265,0.525324,0.41909,10.00
0.045860,4.998803,0.525788,0.41897,10.00
0.045870,5.001339,0.525846,0.41884,10.00
0.045880,5.003856,0.525497,0.41871,10.00
0.045890,5.006334,0.524748,0.41858,10.00
0.045900,5.008549,0.523603,0.41846,10.00
0.045910,5.009862,0.522173,0.41838,10.00
0.045920,5.011100,0.520536,0.41831,10.00
0.045930,5.012252,0.518705,0.41824,10.00
0.045940,5.013310,0.516692,0.41818,10.00
0.045950,5.014076,0.514515,0.41812,10.00
0.045960,5.013972,0.512280,0.41811,10.00
0.045970,5.013768,0.510066,0.41811,10.00
0.045980,5.013464,0.507889,0.41811,10.00
0.045990,5.013065,0.505765,0.41812,10.00
0.046000,5.012764,0.503708,0.41814,10.00
0.046010,5.013131,0.501643,0.41811,10.00
0.046020,5.013401,0.499522,0.41808,10.00
0.046030,5.013572,0.497363,0.41806,10.00
0.046040,5.013645,0.495181,0.41804,10.00
0.046050,5.013456,0.492991,0.41803,10.00
0.046060,5.012526,0.490887,0.41807,10.00
0.046070,5.011510,0.488936,0.41811,10.00
0.046080,5.010414,0.487151,0.41815,10.00
0.046090,5.009246,0.485544,0.41820,10.00
0.046100,5.008077,0.484128,0.41826,10.00
0.046110,5.007092,0.482881,0.41830,10.00
0.046120,5.006060,0.481795,0.41835,10.00
0.046130,5.004988,0.480876,0.41840,10.00
0.046140,5.003883,0.480129,0.41845,10.00
0.046150,5.002531,0.479561,0.41850,10.00
0.046160,5.000272,0.479282,0.41861,10.00
0.046170,4.998020,0.479365,0.41873,10.00
0.046180,4.995793,0.479807,0.41884,10.00
0.046190,4.993605,0.480604,0.41895,10.00
0.046200,4.991744,0.481749,0.41907,10.00
0.046210,4.991033,0.483103,0.41911,10.00
0.046220,4.990390,0.484568,0.41915,10.00
0.046230,4.989819,0.486133,0.41919,10.00
0.046240,4.989324,0.487786,0.41922,10.00
0.046250,4.988771,0.489515,0.41925,10.00
0.046260,4.987752,0.491373,0.41931,10.00
0.046270,4.986827,0.493391,0.41937,10.00
0.046280,4.986002,0.495552,0.41942,10.00
0.046290,4.985282,0.497842,0.41947,10.00
0.046300,4.984607,0.500242,0.41951,10.00
0.046310,4.983787,0.502766,0.41957,10.00
0.046320,4.983089,0.505416,0.41962,10.00
0.046330,4.982517,0.508172,0.41966,10.00
0.046340,4.982076,0.511015,0.41970,10.00
0.046350,4.981938,0.513922,0.41973,10.00
0.046360,4.982616,0.516791,0.41971,10.00
0.046370,4.983419,0.519546,0.41969,10.00
0.046380,4.984339,0.522168,0.41966,10.00
0.046390,4.985370,0.524637,0.41962,10.00
0.046400,4.986467,0.526937,0.41957,10.00
0.046410,4.987513,0.529068,0.41953,10.00
0.046420,4.988646,0.531028,0.41949,10.00
0.046430,4.989858,0.532803,0.41943,10.00
0.046440,4.991140,0.534381,0.41938,10.00
0.046450,4.992540,0.535751,0.41932,10.00
0.046460,4.994226,0.536875,0.41924,10.00
0.046470,4.995948,0.537728,0.41916,10.00
0.046480,4.997693,0.538304,0.41907,10.00
0.046490,4.999449,0.538599,0.41899,10.00
0.046500,5.001246,0.538613,0.41890,10.00
0.046510,5.003200,0.538326,0.41880,10.00
0.046520,5.005124,0.537727,0.41870,10.00
0.046530,5.007004,0.536821,0.41860,10.00
0.046540,5.008825,0.535617,0.41850,10.00
0.046550,5.010497,0.534124,0.41841,10.00
0.046560,5.011771,0.532391,0.41833,10.00
0.046570,5.012955,0.530458,0.41826,10.00
0.046580,5.014041,0.528340,0.41820,10.00
0.046590,5.015021,0.526052,0.41814,10.00
0.046600,5.015832,0.523611,0.41808,10.00
0.046610,5.016297,0.521064,0.41804,10.00
0.046620,5.016642,0.518447,0.41801,10.00
0.046630,5.016866,0.515780,0.41799,10.00
0.046640,5.016966,0.513083,0.41797,10.00
0.046650,5.017009,0.510374,0.41795,10.00
0.046660,5.017187,0.507643,0.41793,10.00
0.046670,5.017239,0.504889,0.41791,10.00
0.046680,5.017167,0.502131,0.41790,10.00
0.046690,5.016970,0.499391,0.41789,10.00
0.046700,5.016600,0.496687,0.41790,10.00
0.046710,5.015908,0.494064,0.41792,10.00
0.046720,5.015104,0.491556,0.41794,10.00
0.046730,5.014194,0.489182,0.41797,10.00
0.046740,5.013184,0.486958,0.41801,10.00
0.046750,5.012058,0.484899,0.41806,10.00
0.046760,5.010755,0.483032,0.41811,10.00
0.046770,5.009379,0.481377,0.41817,10.00
0.046780,5.007940,0.479945,0.41824,10.00
0.046790,5.006449,0.478746,0.41830,10.00
0.046800,5.004863,0.477787,0.41838,10.00
0.046810,5.003031,0.477101,0.41846,10.00
0.046820,5.001184,0.476710,0.41855,10.00
0.046830,4.999336,0.476614,0.41865,10.00
0.046840,4.997500,0.476814,0.41874,10.00
0.046850,4.995847,0.477307,0.41883,10.00
0.046860,4.994859,0.478013,0.41889,10.00
0.046870,4.993912,0.478876,0.41894,10.00
0.046880,4.993013,0.479888,0.41899,10.00
0.046890,4.992168,0.481042,0.41904,10.00
0.046900,4.991555,0.482329,0.41908,10.00
0.046910,4.991694,0.483657,0.41909,10.00
0.046920,4.991892,0.484960,0.41908,10.00
0.046930,4.992147,0.486229,0.41908,10.00
0.046940,4.992457,0.487454,0.41907,10.00
0.046950,4.992752,0.488628,0.41906,10.00
0.046960,4.992827,0.489774,0.41906,10.00
0.046970,4.992953,0.490906,0.41906,10.00
0.046980,4.993130,0.492016,0.41906,10.00
0.046990,4.993355,0.493096,0.41905,10.00
0.047000,4.993645,0.494137,0.41904,10.00
0.047010,4.994049,0.495125,0.41903,10.00
0.047020,4.994494,0.496046,0.41901,10.00
0.047030,4.994977,0.496895,0.41899,10.00
0.047040,4.995495,0.497664,0.41897,10.00
0.047050,4.995937,0.498350,0.41895,10.00
0.047060,4.995984,0.498997,0.41895,10.00
0.047070,4.996060,0.499636,0.41895,10.00
0.047080,4.996165,0.500261,0.41894,10.00
0.047090,4.996297,0.500868,0.41894,10.00
0.047100,4.996617,0.501453,0.41894,10.00
0.047110,4.997606,0.501934,0.41889,10.00
0.047120,4.998609,0.502256,0.41884,10.00
0.047130,4.999617,0.502417,0.41879,10.00
0.047140,5.000623,0.502417,0.41874,10.00
0.047150,5.001348,0.502256,0.41869,10.00
0.047160,5.000978,0.502066,0.41871,10.00
0.047170,5.000602,0.501936,0.41873,10.00
0.047180,5.000223,0.501866,0.41874,10.00
0.047190,4.999845,0.501857,0.41876,10.00
0.047200,4.999662,0.501908,0.41878,10.00
0.047210,5.000253,0.501927,0.41875,10.00
0.047220,5.000839,0.501851,0.41872,10.00
0.047230,5.001416,0.501681,0.41869,10.00
0.047240,5.001980,0.501420,0.41866,10.00
0.047250,5.002489,0.501069,0.41863,10.00
0.047260,5.002822,0.500650,0.41862,10.00
0.047270,5.003133,0.500178,0.41860,10.00
0.047280,5.003420,0.499658,0.41858,10.00
0.047290,5.003681,0.499093,0.41856,10.00
0.047300,5.003637,0.498487,0.41855,10.00
0.047310,5.002466,0.497978,0.41861,10.00
0.047320,5.001283,0.497656,0.41866,10.00
0.047330,5.000095,0.497525,0.41872,10.00
0.047340,4.998911,0.497584,0.41878,10.00
0.047350,4.997948,0.497831,0.41884,10.00
0.047360,4.997827,0.498166,0.41885,10.00
0.047370,4.997723,0.498520,0.41886,10.00
0.047380,4.997636,0.498889,0.41886,10.00
0.047390,4.997566,0.499272,0.41887,10.00
0.047400,4.997572,0.499665,0.41887,10.00
0.047410,4.997823,0.500039,0.41886,10.00
0.047420,4.998089,0.500371,0.41885,10.00
0.047430,4.998368,0.500660,0.41884,10.00
0.047440,4.998657,0.500904,0.41882,10.00
0.047450,4.998723,0.501102,0.41881,10.00
0.047460,4.997874,0.501363,0.41885,10.00
0.047470,4.997044,0.501758,0.41890,10.00
0.047480,4.996240,0.502286,0.41894,10.00
0.047490,4.995466,0.502941,0.41898,10.00
0.047500,4.994791,0.503719,0.41903,10.00
0.047510,4.994403,0.504583,0.41905,10.00
0.047520,4.994057,0.505507,0.41907,10.00
0.047530,4.993757,0.506485,0.41909,10.00
0.047540,4.993503,0.507509,0.41911,10.00
0.047550,4.993217,0.508572,0.41913,10.00
0.047560,4.992655,0.509704,0.41916,10.00
0.047570,4.992150,0.510924,0.41919,10.00
0.047580,4.991704,0.512222,0.41922,10.00
0.047590,4.991322,0.513589,0.41925,10.00
0.047600,4.991359,0.515014,0.41927,10.00
0.047610,4.992874,0.516317,0.41920,10.00
0.047620,4.994434,0.517375,0.41913,10.00
0.047630,4.996028,0.518182,0.41905,10.00
0.047640,4.997645,0.518733,0.41898,10.00
0.047650,4.998942,0.519024,0.41890,10.00
0.047660,4.998924,0.519213,0.41890,10.00
0.047670,4.998914,0.519404,0.41890,10.00
0.047680,4.998913,0.519597,0.41890,10.00
0.047690,4.998920,0.519789,0.41890,10.00
0.047700,4.999008,0.519979,0.41890,10.00
0.047710,4.999388,0.520133,0.41888,10.00
0.047720,4.999771,0.520225,0.41887,10.00
0.047730,5.000155,0.520255,0.41885,10.00
0.047740,5.000537,0.520224,0.41883,10.00
0.047750,5.000949,0.520132,0.41881,10.00
0.047760,5.001492,0.519963,0.41878,10.00
0.047770,5.002022,0.519708,0.41875,10.00
0.047780,5.002536,0.519368,0.41872,10.00
0.047790,5.003030,0.518947,0.41870,10.00
0.047800,5.003600,0.518447,0.41867,10.00
0.047810,5.004539,0.517825,0.41862,10.00
0.047820,5.005442,0.517055,0.41857,10.00
0.047830,5.006302,0.516141,0.41852,10.00
0.047840,5.007112,0.515092,0.41848,10.00
0.047850,5.008075,0.513915,0.41843,10.00
0.047860,5.009801,0.512521,0.41834,10.00
0.047870,5.011448,0.510853,0.41825,10.00
0.047880,5.013005,0.508925,0.41816,10.00
0.047890,5.014461,0.506752,0.41807,10.00
0.047900,5.015576,0.504351,0.41799,10.00
0.047910,5.015659,0.501849,0.41797,10.00
0.047920,5.015627,0.499339,0.41796,10.00
0.047930,5.015482,0.496839,0.41796,10.00
0.047940,5.015224,0.494367,0.41796,10.00
0.047950,5.015004,0.491941,0.41796,10.00
0.047960,5.015262,0.489508,0.41793,10.00
0.047970,5.015408,0.487038,0.41791,10.00
0.047980,5.015440,0.484550,0.41790,10.00
0.047990,5.015359,0.482061,0.41789,10.00
0.048000,5.015192,0.479591,0.41789,10.00
0.048010,5.015019,0.477143,0.41788,10.00
0.048020,5.014737,0.474728,0.41788,10.00
0.048030,5.014348,0.472363,0.41789,10.00
0.048040,5.013855,0.470065,0.41790,10.00
0.048050,5.012839,0.467850,0.41792,10.00
0.048060,5.010048,0.465937,0.41805,10.00
0.048070,5.007194,0.464474,0.41818,10.00
0.048080,5.004299,0.463470,0.41832,10.00
0.048090,5.001385,0.462930,0.41847,10.00
0.048100,4.998498,0.462858,0.41861,10.00
0.048110,4.995740,0.463239,0.41875,10.00
0.048120,4.993023,0.464059,0.41889,10.00
0.048130,4.990368,0.465313,0.41903,10.00
0.048140,4.987794,0.466988,0.41917,10.00
0.048150,4.985421,0.469072,0.41931,10.00
0.048160,4.983576,0.471498,0.41941,10.00
0.048170,4.981858,0.474215,0.41951,10.00
0.048180,4.980277,0.477201,0.41961,10.00
0.048190,4.978847,0.480433,0.41970,10.00
0.048200,4.977526,0.483889,0.41978,10.00
0.048210,4.976174,0.487565,0.41987,10.00
0.048220,4.975002,0.491449,0.41995,10.00
0.048230,4.974016,0.495514,0.42002,10.00
0.048240,4.973223,0.499728,0.42008,10.00
0.048250,4.972665,0.504061,0.42013,10.00
0.048260,4.972453,0.508464,0.42017,10.00
0.048270,4.972442,0.512891,0.42019,10.00
0.048280,4.972632,0.517312,0.42021,10.00
0.048290,4.973022,0.521694,0.42021,10.00
0.048300,4.973643,0.526005,0.42021,10.00
0.048310,4.974605,0.530196,0.42018,10.00
0.048320,4.975749,0.534226,0.42015,10.00
0.048330,4.977064,0.538064,0.42010,10.00
0.048340,4.978543,0.541685,0.42005,10.00
0.048350,4.980537,0.545063,0.41998,10.00
0.048360,4.984122,0.547998,0.41982,10.00
0.048370,4.987808,0.550355,0.41965,10.00
0.048380,4.991569,0.552118,0.41947,10.00
0.048390,4.995375,0.553276,0.41928,10.00
0.048400,4.998853,0.553823,0.41910,10.00
0.048410,5.000940,0.553925,0.41899,10.00
0.048420,5.003013,0.553693,0.41889,10.00
0.048430,5.005057,0.553130,0.41878,10.00
0.048440,5.007058,0.552240,0.41868,10.00
0.048450,5.008881,0.551033,0.41857,10.00
0.048460,5.010160,0.549574,0.41850,10.00
0.048470,5.011361,0.547914,0.41843,10.00
0.048480,5.012476,0.546064,0.41836,10.00
0.048490,5.013498,0.544040,0.41830,10.00
0.048500,5.014846,0.541856,0.41824,10.00
0.048510,5.017786,0.539324,0.41808,10.00
0.048520,5.020585,0.536327,0.41793,10.00
0.048530,5.023224,0.532888,0.41777,10.00
0.048540,5.025683,0.529034,0.41763,10.00
0.048550,5.027728,0.524794,0.41749,10.00
0.048560,5.028695,0.520305,0.41742,10.00
0.048570,5.029450,0.515670,0.41736,10.00
0.048580,5.029988,0.510923,0.41731,10.00
0.048590,5.030306,0.506100,0.41726,10.00
0.048600,5.030418,0.501235,0.41723,10.00
0.048610,5.030368,0.496356,0.41721,10.00
0.048620,5.030097,0.491495,0.41719,10.00
0.048630,5.029609,0.486686,0.41719,10.00
0.048640,5.028907,0.481965,0.41720,10.00
0.048650,5.028034,0.477365,0.41722,10.00
0.048660,5.027107,0.472902,0.41725,10.00
0.048670,5.025985,0.468596,0.41728,10.00
0.048680,5.024679,0.464477,0.41732,10.00
0.048690,5.023197,0.460576,0.41737,10.00
0.048700,5.021377,0.456918,0.41744,10.00
0.048710,5.018710,0.453615,0.41755,10.00
0.048720,5.015917,0.450745,0.41768,10.00
0.048730,5.013018,0.448326,0.41781,10.00
0.048740,5.010036,0.446376,0.41795,10.00
0.048750,5.007183,0.444906,0.41809,10.00
0.048760,5.005051,0.443835,0.41819,10.00
0.048770,5.002889,0.443106,0.41830,10.00
0.048780,5.000714,0.442724,0.41841,10.00
0.048790,4.998540,0.442691,0.41851,10.00
0.048800,4.996294,0.443006,0.41862,10.00
0.048810,4.993719,0.443708,0.41876,10.00
0.048820,4.991198,0.444821,0.41889,10.00
0.048830,4.988751,0.446335,0.41902,10.00
0.048840,4.986394,0.448237,0.41915,10.00
0.048850,4.983951,0.450513,0.41927,10.00
0.048860,4.980863,0.453236,0.41944,10.00
0.048870,4.977927,0.456448,0.41961,10.00
0.048880,4.975162,0.460124,0.41977,10.00
0.048890,4.972588,0.464234,0.41992,10.00
0.048900,4.970444,0.468748,0.42006,10.00
0.048910,4.969403,0.473525,0.42014,10.00
0.048920,4.968589,0.478460,0.42021,10.00
0.048930,4.968005,0.483515,0.42026,10.00
0.048940,4.967656,0.488654,0.42031,10.00
0.048950,4.967471,0.493839,0.42034,10.00
0.048960,4.967240,0.499066,0.42038,10.00
0.048970,4.967247,0.504321,0.42041,10.00
0.048980,4.967493,0.509564,0.42043,10.00
0.048990,4.967974,0.514758,0.42043,10.00
0.049000,4.968873,0.519864,0.42042,10.00
0.049010,4.970738,0.524758,0.42036,10.00
0.049020,4.972809,0.529344,0.42028,10.00
0.049030,4.975069,0.533590,0.42019,10.00
0.049040,4.977502,0.537467,0.42009,10.00
0.049050,4.979910,0.540947,0.41998,10.00
0.049060,4.981741,0.544093,0.41990,10.00
0.049070,4.983699,0.546940,0.41982,10.00
0.049080,4.985768,0.549469,0.41973,10.00
0.049090,4.987934,0.551661,0.41963,10.00
0.049100,4.990101,0.553503,0.41953,10.00
0.049110,4.992018,0.555021,0.41944,10.00
0.049120,4.993988,0.556228,0.41935,10.00
0.049130,4.995994,0.557119,0.41925,10.00
0.049140,4.998023,0.557687,0.41916,10.00
0.049150,5.000062,0.557929,0.41906,10.00
0.049160,5.002104,0.557844,0.41895,10.00
0.049170,5.004124,0.557432,0.41885,10.00
0.049180,5.006107,0.556698,0.41875,10.00
0.049190,5.008039,0.555648,0.41864,10.00
0.049200,5.009773,0.554292,0.41854,10.00
0.049210,5.010898,0.552703,0.41848,10.00
0.049220,5.011941,0.550937,0.41841,10.00
0.049230,5.012895,0.549008,0.41836,10.00
0.049240,5.013753,0.546930,0.41830,10.00
0.049250,5.014765,0.544718,0.41825,10.00
0.049260,5.016690,0.542267,0.41814,10.00
0.049270,5.018487,0.539512,0.41804,10.00
0.049280,5.020142,0.536476,0.41794,10.00
0.049290,5.021646,0.533180,0.41784,10.00
0.049300,5.022952,0.529651,0.41776,10.00
0.049310,5.023949,0.525930,0.41769,10.00
0.049320,5.024769,0.522057,0.41762,10.00
0.049330,5.025406,0.518061,0.41757,10.00
0.049340,5.025856,0.513970,0.41753,10.00
0.049350,5.026230,0.509815,0.41749,10.00
0.049360,5.026866,0.505572,0.41744,10.00
0.049370,5.027303,0.501236,0.41739,10.00
0.049380,5.027540,0.496838,0.41735,10.00
0.049390,5.027575,0.492410,0.41733,10.00
0.049400,5.027382,0.487986,0.41731,10.00
0.049410,5.026883,0.483609,0.41731,10.00
0.049420,5.026190,0.479321,0.41732,10.00
0.049430,5.025309,0.475152,0.41735,10.00
0.049440,5.024246,0.471132,0.41738,10.00
0.049450,5.023165,0.467289,0.41742,10.00
0.049460,5.022532,0.463578,0.41743,10.00
0.049470,5.021737,0.459975,0.41745,10.00
0.049480,5.020785,0.456507,0.41748,10.00
0.049490,5.019685,0.453197,0.41752,10.00
0.049500,5.018296,0.450070,0.41756,10.00
0.049510,5.016185,0.447218,0.41765,10.00
0.049520,5.013965,0.444710,0.41775,10.00
0.049530,5.011650,0.442562,0.41785,10.00
0.049540,5.009258,0.440788,0.41797,10.00
0.049550,5.006814,0.439399,0.41808,10.00
0.049560,5.004353,0.438403,0.41820,10.00
0.049570,5.001870,0.437802,0.41832,10.00
0.049580,4.999381,0.437599,0.41844,10.00
0.049590,4.996905,0.437794,0.41857,10.00
0.049600,4.994522,0.438385,0.41869,10.00
0.049610,4.992430,0.439337,0.41881,10.00
0.049620,4.990401,0.440621,0.41891,10.00
0.049630,4.988447,0.442227,0.41902,10.00
0.049640,4.986584,0.444143,0.41912,10.00
0.049650,4.984726,0.446353,0.41923,10.00
0.049660,4.982589,0.448888,0.41935,10.00
0.049670,4.980587,0.451760,0.41946,10.00
0.049680,4.978732,0.454946,0.41957,10.00
0.049690,4.977039,0.458423,0.41968,10.00
0.049700,4.975513,0.462164,0.41977,10.00
0.049710,4.974148,0.466144,0.41986,10.00
0.049720,4.972976,0.470334,0.41994,10.00
0.049730,4.972005,0.474704,0.42002,10.00
0.049740,4.971240,0.479220,0.42008,10.00
0.049750,4.970572,0.483850,0.42013,10.00
0.049760,4.969660,0.488615,0.42021,10.00
0.049770,4.968972,0.493517,0.42027,10.00
0.049780,4.968513,0.498519,0.42032,10.00
0.049790,4.968284,0.503585,0.42036,10.00
0.049800,4.968319,0.508678,0.42038,10.00
0.049810,4.968709,0.513745,0.42039,10.00
0.049820,4.969325,0.518740,0.42039,10.00
0.049830,4.970162,0.523627,0.42037,10.00
0.049840,4.971214,0.528371,0.42035,10.00
0.049850,4.972639,0.532937,0.42031,10.00
0.049860,4.974928,0.537213,0.42022,10.00
0.049870,4.977389,0.541115,0.42011,10.00
0.049880,4.980006,0.544616,0.42000,10.00
0.049890,4.982759,0.547692,0.41988,10.00
0.049900,4.985629,0.550322,0.41975,10.00
0.049910,4.988606,0.552487,0.41961,10.00
0.049920,4.991654,0.554172,0.41947,10.00
0.049930,4.994751,0.555366,0.41932,10.00
0.049940,4.997875,0.556063,0.41917,10.00
0.049950,5.000858,0.556259,0.41901,10.00
0.049960,5.003250,0.556023,0.41889,10.00
0.049970,5.005609,0.555406,0.41877,10.00
0.049980,5.007920,0.554412,0.41865,10.00
0.049990,5.010165,0.553051,0.41853,10.00
0.050000,5.012562,0.551334,0.41841,10.00
0.050010,4.993113,0.550619,0.41915,5.00
0.050020,4.973892,0.553006,0.42013,5.00
0.050030,4.955036,0.558455,0.42110,5.00
0.050040,4.936680,0.566900,0.42207,5.00
0.050050,4.918648,0.578255,0.42302,5.00
0.050060,4.900159,0.592562,0.42402,5.00
0.050070,4.882567,0.609790,0.42499,5.00
0.050080,4.865989,0.629790,0.42593,5.00
0.050090,4.850539,0.652395,0.42683,5.00
0.050100,4.836614,0.677420,0.42768,5.00
0.050110,4.825179,0.704523,0.42840,5.00
0.050120,4.815123,0.733397,0.42906,5.00
0.050130,4.806509,0.763817,0.42965,5.00
0.050140,4.799388,0.795552,0.43018,5.00
0.050150,4.793604,0.828360,0.43064,5.00
0.050160,4.788611,0.862088,0.43107,5.00
0.050170,4.785212,0.896546,0.43143,5.00
0.050180,4.783418,0.931478,0.43171,5.00
0.050190,4.783228,0.966627,0.43190,5.00
0.050200,4.784642,1.001735,0.43202,5.00
0.050210,4.787665,1.036546,0.43206,5.00
0.050220,4.792222,1.070804,0.43201,5.00
0.050230,4.798269,1.104268,0.43189,5.00
0.050240,4.805749,1.136699,0.43169,5.00
0.050250,4.814531,1.167871,0.43141,5.00
0.050260,4.824342,1.197601,0.43108,5.00
0.050270,4.835368,1.225705,0.43068,5.00
0.050280,4.847517,1.251994,0.43021,5.00
0.050290,4.860694,1.276289,0.42968,5.00
0.050300,4.874805,1.298433,0.42909,5.00
0.050310,4.889777,1.318276,0.42844,5.00
0.050320,4.905445,1.335688,0.42775,5.00
0.050330,4.921692,1.350563,0.42701,5.00
0.050340,4.938394,1.362815,0.42624,5.00
0.050350,4.955591,1.372374,0.42544,5.00
0.050360,4.973642,1.379115,0.42456,5.00
0.050370,4.991755,1.382960,0.42367,5.00
0.050380,5.009800,1.383904,0.42277,5.00
0.050390,5.027646,1.381963,0.42186,5.00
0.050400,5.045136,1.377176,0.42096,5.00
0.050410,5.062060,1.369613,0.42006,5.00
0.050420,5.078416,1.359360,0.41918,5.00
0.050430,5.094088,1.346514,0.41833,5.00
0.050440,5.108969,1.331189,0.41749,5.00
0.050450,5.122945,1.313515,0.41669,5.00
0.050460,5.135888,1.293646,0.41593,5.00
0.050470,5.147759,1.271747,0.41522,5.00
0.050480,5.158478,1.247993,0.41455,5.00
0.050490,5.167979,1.222571,0.41393,5.00
0.050500,5.175971,1.195679,0.41337,5.00
0.050510,5.181722,1.167634,0.41292,5.00
0.050520,5.186125,1.138723,0.41254,5.00
0.050530,5.189161,1.109162,0.41223,5.00
0.050540,5.190818,1.079170,0.41198,5.00
0.050550,5.191141,1.048969,0.41180,5.00
0.050560,5.190274,1.018758,0.41168,5.00
0.050570,5.188051,0.988740,0.41162,5.00
0.050580,5.184499,0.959133,0.41164,5.00
0.050590,5.179655,0.930147,0.41172,5.00
0.050600,5.173604,0.901988,0.41187,5.00
0.050610,5.166519,0.874833,0.41208,5.00
0.050620,5.158301,0.848859,0.41235,5.00
0.050630,5.149016,0.824244,0.41268,5.00
0.050640,5.138742,0.801156,0.41306,5.00
0.050650,5.127769,0.779750,0.41351,5.00
0.050660,5.116798,0.760069,0.41395,5.00
0.050670,5.105083,0.742174,0.41444,5.00
0.050680,5.092716,0.726182,0.41497,5.00
0.050690,5.079790,0.712192,0.41554,5.00
0.050700,5.066245,0.700291,0.41615,5.00
0.050710,5.051708,0.690623,0.41682,5.00
0.050720,5.036928,0.683292,0.41752,5.00
0.050730,5.022015,0.678333,0.41824,5.00
0.050740,5.007077,0.675761,0.41898,5.00
0.050750,4.992351,0.675577,0.41972,5.00
0.050760,4.978323,0.677701,0.42043,5.00
0.050770,4.964580,0.682058,0.42115,5.00
0.050780,4.951218,0.688598,0.42185,5.00
0.050790,4.938332,0.697257,0.42254,5.00
0.050800,4.926046,0.707955,0.42322,5.00
0.050810,4.914553,0.720580,0.42386,5.00
0.050820,4.903786,0.735013,0.42448,5.00
0.050830,4.893817,0.751136,0.42507,5.00
0.050840,4.884710,0.768817,0.42562,5.00
0.050850,4.876272,0.787916,0.42613,5.00
0.050860,4.867798,0.808406,0.42667,5.00
0.050870,4.860365,0.830207,0.42716,5.00
0.050880,4.854018,0.853151,0.42760,5.00
0.050890,4.848795,0.877062,0.42799,5.00
0.050900,4.844763,0.901760,0.42833,5.00
0.050910,4.842060,0.927039,0.42860,5.00
0.050920,4.840537,0.952700,0.42882,5.00
0.050930,4.840195,0.978553,0.42897,5.00
0.050940,4.841029,1.004409,0.42907,5.00
0.050950,4.843125,1.030081,0.42911,5.00
0.050960,4.846768,1.055334,0.42906,5.00
0.050970,4.851506,1.079956,0.42896,5.00
0.050980,4.857294,1.103773,0.42880,5.00
0.050990,4.864082,1.126618,0.42858,5.00
0.051000,4.872071,1.148335,0.42831,5.00
0.051010,4.881958,1.168652,0.42792,5.00
0.051020,4.892632,1.187349,0.42749,5.00
0.051030,4.904009,1.204306,0.42701,5.00
0.051040,4.916001,1.219413,0.42648,5.00
0.051050,4.927982,1.232576,0.42593,5.00
0.051060,4.938275,1.243970,0.42547,5.00
0.051070,4.948946,1.253698,0.42499,5.00
0.051080,4.959914,1.261702,0.42448,5.00
0.051090,4.971097,1.267938,0.42395,5.00
0.051100,4.982626,1.272376,0.42340,5.00
0.051110,4.995049,1.274895,0.42279,5.00
0.051120,5.007421,1.275425,0.42217,5.00
0.051130,5.019650,1.273977,0.42155,5.00
0.051140,5.031650,1.270579,0.42093,5.00
0.051150,5.043620,1.265270,0.42031,5.00
0.051160,5.056323,1.257968,0.41963,5.00
0.051170,5.068526,1.248651,0.41897,5.00
0.051180,5.080143,1.237403,0.41832,5.00
0.051190,5.091095,1.224320,0.41770,5.00
0.051200,5.101019,1.209513,0.41711,5.00
0.051210,5.108987,1.193242,0.41662,5.00
0.051220,5.116112,1.175729,0.41616,5.00
0.051230,5.122348,1.157110,0.41575,5.00
0.051240,5.127659,1.137530,0.41537,5.00
0.051250,5.132186,1.117138,0.41504,5.00
0.051260,5.136426,1.096006,0.41471,5.00
0.051270,5.139651,1.074235,0.41443,5.00
0.051280,5.141849,1.051991,0.41420,5.00
0.051290,5.143009,1.029436,0.41401,5.00
0.051300,5.143072,1.006739,0.41388,5.00
0.051310,5.141864,0.984093,0.41382,5.00
0.051320,5.139647,0.961681,0.41381,5.00
0.051330,5.136445,0.939666,0.41385,5.00
0.051340,5.132290,0.918202,0.41394,5.00
0.051350,5.127166,0.897441,0.41408,5.00
0.051360,5.120965,0.877553,0.41428,5.00
0.051370,5.113947,0.858692,0.41453,5.00
0.051380,5.106169,0.840985,0.41482,5.00
0.051390,5.097694,0.824553,0.41516,5.00
0.051400,5.088364,0.809504,0.41553,5.00
0.051410,5.077582,0.796043,0.41600,5.00
0.051420,5.066336,0.784328,0.41650,5.00
0.051430,5.054710,0.774429,0.41702,5.00
0.051440,5.042791,0.766403,0.41758,5.00
0.051450,5.030943,0.760293,0.41815,5.00
0.051460,5.020066,0.755997,0.41867,5.00
0.051470,5.009141,0.753445,0.41921,5.00
0.051480,4.998246,0.752640,0.41975,5.00
0.051490,4.987461,0.753575,0.42029,5.00
0.051500,4.976652,0.756228,0.42084,5.00
0.051510,4.965265,0.760668,0.42143,5.00
0.051520,4.954233,0.766915,0.42202,5.00
0.051530,4.943631,0.774910,0.42260,5.00
0.051540,4.933533,0.784581,0.42315,5.00
0.051550,4.924280,0.795844,0.42369,5.00
0.051560,4.916740,0.808474,0.42414,5.00
0.051570,4.909873,0.822283,0.42456,5.00
0.051580,4.903723,0.837160,0.42495,5.00
0.051590,4.898329,0.852990,0.42530,5.00
0.051600,4.893489,0.869649,0.42562,5.00
0.051610,4.888539,0.887122,0.42597,5.00
0.051620,4.884446,0.905351,0.42627,5.00
0.051630,4.881233,0.924197,0.42653,5.00
0.051640,4.878916,0.943518,0.42676,5.00
0.051650,4.877745,0.963171,0.42693,5.00
0.051660,4.878434,0.982896,0.42700,5.00
0.051670,4.880007,1.002472,0.42703,5.00
0.051680,4.882444,1.021758,0.42701,5.00
0.051690,4.885722,1.040618,0.42695,5.00
0.051700,4.889723,1.058917,0.42684,5.00
0.051710,4.894156,1.076569,0.42672,5.00
0.051720,4.899328,1.093479,0.42655,5.00
0.051730,4.905197,1.109529,0.42634,5.00
0.051740,4.911713,1.124612,0.42610,5.00
0.051750,4.918765,1.138624,0.42581,5.00
0.051760,4.926121,1.151502,0.42551,5.00
0.051770,4.933962,1.163179,0.42518,5.00
0.051780,4.942226,1.173582,0.42482,5.00
0.051790,4.950849,1.182645,0.42444,5.00
0.051800,4.959867,1.190314,0.42403,5.00
0.051810,4.969503,1.196495,0.42358,5.00
0.051820,4.979289,1.201126,0.42312,5.00
0.051830,4.989154,1.204184,0.42264,5.00
0.051840,4.999026,1.205662,0.42215,5.00
0.051850,5.008885,1.205559,0.42165,5.00
0.051860,5.018818,1.203866,0.42115,5.00
0.051870,5.028542,1.200589,0.42064,5.00
0.051880,5.037987,1.195765,0.42014,5.00
0.051890,5.047087,1.189443,0.41965,5.00
0.051900,5.055709,1.181678,0.41917,5.00
0.051910,5.063584,1.172575,0.41872,5.00
0.051920,5.070942,1.162230,0.41829,5.00
0.051930,5.077733,1.150730,0.41789,5.00
0.051940,5.083912,1.138167,0.41751,5.00
0.051950,5.089383,1.124641,0.41716,5.00
0.051960,5.093945,1.110285,0.41685,5.00
0.051970,5.097796,1.095227,0.41657,5.00
0.051980,5.100913,1.079582,0.41633,5.00
0.051990,5.103280,1.063469,0.41612,5.00
0.052000,5.104815,1.047008,0.41595,5.00
0.052010,5.105302,1.030355,0.41584,5.00
0.052020,5.105028,1.013655,0.41576,5.00
0.052030,5.104002,0.997030,0.41572,5.00
0.052040,5.102237,0.980600,0.41572,5.00
0.052050,5.099620,0.964482,0.41575,5.00
0.052060,5.095781,0.948854,0.41586,5.00
0.052070,5.091287,0.933868,0.41600,5.00
0.052080,5.086175,0.919626,0.41618,5.00
0.052090,5.080486,0.906227,0.41639,5.00
0.052100,5.074302,0.893761,0.41664,5.00
0.052110,5.067777,0.882293,0.41690,5.00
0.052120,5.060820,0.871888,0.41719,5.00
0.052130,5.053485,0.862612,0.41751,5.00
0.052140,5.045829,0.854524,0.41785,5.00
0.052150,5.038002,0.847673,0.41821,5.00
0.052160,5.030343,0.842053,0.41856,5.00
0.052170,5.022533,0.837665,0.41893,5.00
0.052180,5.014628,0.834532,0.41931,5.00
0.052190,5.006688,0.832665,0.41970,5.00
0.052200,4.998827,0.832069,0.42009,5.00
0.052210,4.991273,0.832709,0.42047,5.00
0.052220,4.983849,0.834553,0.42085,5.00
0.052230,4.976609,0.837578,0.42123,5.00
0.052240,4.969602,0.841752,0.42161,5.00
0.052250,4.962819,0.847035,0.42197,5.00
0.052260,4.956128,0.853410,0.42234,5.00
0.052270,4.949815,0.860839,0.42270,5.00
0.052280,4.943923,0.869262,0.42304,5.00
0.052290,4.938491,0.878607,0.42336,5.00
0.052300,4.933659,0.888801,0.42366,5.00
0.052310,4.929765,0.899713,0.42392,5.00
0.052320,4.926417,0.911225,0.42415,5.00
0.052330,4.923635,0.923249,0.42435,5.00
0.052340,4.921434,0.935692,0.42453,5.00
0.052350,4.919953,0.948463,0.42468,5.00
0.052360,4.919574,0.961404,0.42477,5.00
0.052370,4.919786,0.974381,0.42483,5.00
0.052380,4.920583,0.987298,0.42486,5.00
0.052390,4.921953,1.000063,0.42486,5.00
0.052400,4.923801,1.012584,0.42483,5.00
0.052410,4.925867,1.024811,0.42479,5.00
0.052420,4.928458,1.036685,0.42473,5.00
0.052430,4.931552,1.048122,0.42463,5.00
0.052440,4.935122,1.059042,0.42451,5.00
0.052450,4.939171,1.069371,0.42437,5.00
0.052460,4.943759,1.079024,0.42419,5.00
0.052470,4.948723,1.087924,0.42399,5.00
0.052480,4.954023,1.096015,0.42377,5.00
0.052490,4.959618,1.103244,0.42352,5.00
0.052500,4.965392,1.109565,0.42327,5.00
0.052510,4.971084,1.114976,0.42301,5.00
0.052520,4.976944,1.119466,0.42274,5.00
0.052530,4.982929,1.123013,0.42246,5.00
0.052540,4.988994,1.125596,0.42217,5.00
0.052550,4.994893,1.127206,0.42187,5.00
0.052560,4.999983,1.127935,0.42162,5.00
0.052570,5.005038,1.127849,0.42136,5.00
0.052580,5.010022,1.126956,0.42110,5.00
0.052590,5.014898,1.125268,0.42085,5.00
0.052600,5.019547,1.122805,0.42060,5.00
0.052610,5.023682,1.119630,0.42037,5.00
0.052620,5.027618,1.115801,0.42015,5.00
0.052630,5.031328,1.111351,0.41994,5.00
0.052640,5.034787,1.106315,0.41974,5.00
0.052650,5.038264,1.100737,0.41955,5.00
0.052660,5.042605,1.094520,0.41930,5.00
0.052670,5.046607,1.087621,0.41906,5.00
0.052680,5.050242,1.080097,0.41883,5.00
0.052690,5.053489,1.072005,0.41863,5.00
0.052700,5.056537,1.063411,0.41844,5.00
0.052710,5.060000,1.054278,0.41821,5.00
0.052720,5.063003,1.044609,0.41801,5.00
0.052730,5.065529,1.034479,0.41783,5.00
0.052740,5.067561,1.023965,0.41767,5.00
0.052750,5.068786,1.013146,0.41753,5.00
0.052760,5.068291,1.002250,0.41750,5.00
0.052770,5.067310,0.991452,0.41749,5.00
0.052780,5.065853,0.980832,0.41750,5.00
0.052790,5.063935,0.970463,0.41754,5.00
0.052800,5.061789,0.960420,0.41760,5.00
0.052810,5.060073,0.950670,0.41764,5.00
0.052820,5.057938,0.941211,0.41769,5.00
0.052830,5.055404,0.932111,0.41777,5.00
0.052840,5.052492,0.923432,0.41787,5.00
0.052850,5.049082,0.915235,0.41799,5.00
0.052860,5.044770,0.907643,0.41816,5.00
0.052870,5.040173,0.900753,0.41835,5.00
0.052880,5.035325,0.894610,0.41856,5.00
0.052890,5.030265,0.889252,0.41879,5.00
0.052900,5.024854,0.884712,0.41902,5.00
0.052910,5.018616,0.881099,0.41932,5.00
0.052920,5.012297,0.878488,0.41962,5.00
0.052930,5.005944,0.876890,0.41993,5.00
0.052940,4.999605,0.876309,0.42024,5.00
0.052950,4.993313,0.876739,0.42056,5.00
0.052960,4.987083,0.878177,0.42088,5.00
0.052970,4.981002,0.880605,0.42120,5.00
0.052980,4.975112,0.883999,0.42151,5.00
0.052990,4.969455,0.888325,0.42182,5.00
0.053000,4.964053,0.893546,0.42212,5.00
0.053010,4.958895,0.899624,0.42241,5.00
0.053020,4.954081,0.906513,0.42269,5.00
0.053030,4.949644,0.914156,0.42295,5.00
0.053040,4.945612,0.922493,0.42320,5.00
0.053050,4.942158,0.931456,0.42343,5.00
0.053060,4.939737,0.940906,0.42360,5.00
0.053070,4.937777,0.950724,0.42375,5.00
0.053080,4.936288,0.960836,0.42388,5.00
0.053090,4.935276,0.971166,0.42399,5.00
0.053100,4.934926,0.981636,0.42407,5.00
0.053110,4.935775,0.992085,0.42409,5.00
0.053120,4.937086,1.002377,0.42408,5.00
0.053130,4.938846,1.012440,0.42404,5.00
0.053140,4.941037,1.022203,0.42399,5.00
0.053150,4.943583,1.031596,0.42391,5.00
0.053160,4.946290,1.040584,0.42382,5.00
0.053170,4.949367,1.049122,0.42371,5.00
0.053180,4.952790,1.057152,0.42358,5.00
0.053190,4.956530,1.064620,0.42344,5.00
0.053200,4.960212,1.071476,0.42327,5.00
0.053210,4.962777,1.077842,0.42318,5.00
0.053220,4.965596,1.083786,0.42307,5.00
0.053230,4.968646,1.089267,0.42294,5.00
0.053240,4.971903,1.094251,0.42281,5.00
0.053250,4.975719,1.098705,0.42266,5.00
0.053260,4.981179,1.102420,0.42240,5.00
0.053270,4.986734,1.105256,0.42214,5.00
0.053280,4.992343,1.107200,0.42187,5.00
0.053290,4.997965,1.108245,0.42159,5.00
0.053300,5.003541,1.108390,0.42131,5.00
0.053310,5.008974,1.107650,0.42103,5.00
0.053320,5.014301,1.106044,0.42076,5.00
0.053330,5.019484,1.103590,0.42048,5.00
0.053340,5.024486,1.100314,0.42021,5.00
0.053350,5.029105,1.096245,0.41995,5.00
0.053360,5.032808,1.091500,0.41974,5.00
0.053370,5.036247,1.086172,0.41954,5.00
0.053380,5.039398,1.080306,0.41935,5.00
0.053390,5.042242,1.073947,0.41917,5.00
0.053400,5.044723,1.067146,0.41900,5.00
0.053410,5.046718,1.059973,0.41887,5.00
0.053420,5.048362,1.052495,0.41874,5.00
0.053430,5.049645,1.044769,0.41863,5.00
0.053440,5.050561,1.036852,0.41854,5.00
0.053450,5.051446,1.028803,0.41847,5.00
0.053460,5.053304,1.020520,0.41833,5.00
0.053470,5.054763,1.011956,0.41821,5.00
0.053480,5.055814,1.003175,0.41811,5.00
0.053490,5.056454,0.994243,0.41803,5.00
0.053500,5.056477,0.985226,0.41797,5.00
0.053510,5.055281,0.976287,0.41798,5.00
0.053520,5.053696,0.967556,0.41801,5.00
0.053530,5.051737,0.959094,0.41807,5.00
0.053540,5.049422,0.950961,0.41814,5.00
0.053550,5.046770,0.943212,0.41823,5.00
0.053560,5.043805,0.935902,0.41834,5.00
0.053570,5.040549,0.929078,0.41846,5.00
0.053580,5.037027,0.922786,0.41861,5.00
0.053590,5.033268,0.917068,0.41876,5.00
0.053600,5.029168,0.911961,0.41893,5.00
0.053610,5.024360,0.907561,0.41915,5.00
0.053620,5.019418,0.903936,0.41938,5.00
0.053630,5.014377,0.901106,0.41962,5.00
0.053640,5.009277,0.899086,0.41986,5.00
0.053650,5.003828,0.897884,0.42011,5.00
0.053660,4.997109,0.897657,0.42045,5.00
0.053670,4.990470,0.898502,0.42078,5.00
0.053680,4.983958,0.900404,0.42112,5.00
0.053690,4.977620,0.903342,0.42145,5.00
0.053700,4.971864,0.907285,0.42178,5.00
0.053710,4.967814,0.912023,0.42201,5.00
0.053720,4.964032,0.917397,0.42223,5.00
0.053730,4.960545,0.923365,0.42244,5.00
0.053740,4.957374,0.929877,0.42263,5.00
0.053750,4.954474,0.936883,0.42281,5.00
0.053760,4.951669,0.944358,0.42299,5.00
0.053770,4.949239,0.952267,0.42316,5.00
0.053780,4.947200,0.960548,0.42331,5.00
0.053790,4.945563,0.969139,0.42343,5.00
0.053800,4.944479,0.977974,0.42354,5.00
0.053810,4.944378,0.986919,0.42360,5.00
0.053820,4.944683,0.995863,0.42363,5.00
0.053830,4.945389,1.004741,0.42364,5.00
0.053840,4.946487,1.013488,0.42364,5.00
0.053850,4.947885,1.022044,0.42361,5.00
0.053860,4.949332,1.030385,0.42358,5.00
0.053870,4.951136,1.038480,0.42353,5.00
0.053880,4.953283,1.046270,0.42347,5.00
0.053890,4.955753,1.053702,0.42338,5.00
0.053900,4.958737,1.060726,0.42328,5.00
0.053910,4.962834,1.067193,0.42311,5.00
0.053920,4.967169,1.072993,0.42293,5.00
0.053930,4.971709,1.078089,0.42273,5.00
0.053940,4.976418,1.082452,0.42251,5.00
0.053950,4.981066,1.086054,0.42229,5.00
0.053960,4.985042,1.088969,0.42211,5.00
0.053970,4.989096,1.091244,0.42191,5.00
0.053980,4.993199,1.092867,0.42172,5.00
0.053990,4.997321,1.093831,0.42152,5.00
0.054000,5.001334,1.094136,0.42131,5.00
0.054010,5.004923,1.093830,0.42113,5.00
0.054020,5.008450,1.092951,0.42095,5.00
0.054030,5.011890,1.091511,0.42077,5.00
0.054040,5.015218,1.089524,0.42059,5.00
0.054050,5.018654,1.087009,0.42041,5.00
0.054060,5.022893,1.083873,0.42018,5.00
0.054070,5.026933,1.080067,0.41996,5.00
0.054080,5.030746,1.075622,0.41974,5.00
0.054090,5.034308,1.070577,0.41954,5.00
0.054100,5.037401,1.064973,0.41934,5.00
0.054110,5.039435,1.058947,0.41921,5.00
0.054120,5.041168,1.052608,0.41908,5.00
0.054130,5.042592,1.046004,0.41898,5.00
0.054140,5.043698,1.039185,0.41888,5.00
0.054150,5.044553,1.032202,0.41881,5.00
0.054160,5.045373,1.025072,0.41873,5.00
0.054170,5.045858,1.017825,0.41866,5.00
0.054180,5.046009,1.010515,0.41861,5.00
0.054190,5.045827,1.003193,0.41858,5.00
0.054200,5.045337,0.995915,0.41857,5.00
0.054210,5.044610,0.988721,0.41857,5.00
0.054220,5.043567,0.981658,0.41858,5.00
0.054230,5.042219,0.974773,0.41861,5.00
0.054240,5.040576,0.968117,0.41866,5.00
0.054250,5.038852,0.961736,0.41872,5.00
0.054260,5.037645,0.955579,0.41874,5.00
0.054270,5.036176,0.949626,0.41879,5.00
0.054280,5.034458,0.943920,0.41884,5.00
0.054290,5.032503,0.938498,0.41891,5.00
0.054300,5.029930,0.933398,0.41899,5.00
0.054310,5.025571,0.928847,0.41918,5.00
0.054320,5.021063,0.925000,0.41939,5.00
0.054330,5.016443,0.921879,0.41960,5.00
0.054340,5.011742,0.919502,0.41983,5.00
0.054350,5.007373,0.917879,0.42006,5.00
0.054360,5.004484,0.916835,0.42019,5.00
0.054370,5.001586,0.916256,0.42034,5.00
0.054380,4.998701,0.916139,0.42048,5.00
0.054390,4.995849,0.916483,0.42063,5.00
0.054400,4.992688,0.917282,0.42077,5.00
0.054410,4.988161,0.918700,0.42101,5.00
0.054420,4.983759,0.920837,0.42124,5.00
0.054430,4.979513,0.923673,0.42147,5.00
0.054440,4.975453,0.927180,0.42169,5.00
0.054450,4.971589,0.931329,0.42190,5.00
0.054460,4.967900,0.936091,0.42211,5.00
0.054470,4.964477,0.941433,0.42232,5.00
0.054480,4.961341,0.947310,0.42250,5.00
0.054490,4.958513,0.953677,0.42268,5.00
0.054500,4.955845,0.960482,0.42284,5.00
0.054510,4.952858,0.967753,0.42303,5.00
0.054520,4.950240,0.975487,0.42321,5.00
0.054530,4.948007,0.983623,0.42336,5.00
0.054540,4.946172,0.992100,0.42350,5.00
0.054550,4.944977,1.000853,0.42362,5.00
0.054560,4.945112,1.009706,0.42366,5.00
0.054570,4.945646,1.018519,0.42368,5.00
0.054580,4.946572,1.027231,0.42368,5.00
0.054590,4.947880,1.035778,0.42366,5.00
0.054600,4.949780,1.044099,0.42362,5.00
0.054610,4.952916,1.052030,0.42351,5.00
0.054620,4.956370,1.059445,0.42338,5.00
0.054630,4.960113,1.066295,0.42323,5.00
0.054640,4.964115,1.072533,0.42306,5.00
0.054650,4.968478,1.078121,0.42288,5.00
0.054660,4.973559,1.082959,0.42265,5.00
0.054670,4.978790,1.086978,0.42241,5.00
0.054680,4.984134,1.090153,0.42216,5.00
0.054690,4.989549,1.092470,0.42190,5.00
0.054700,4.994913,1.093917,0.42163,5.00
0.054710,4.999941,1.094533,0.42138,5.00
0.054720,5.004928,1.094344,0.42113,5.00
0.054730,5.009841,1.093360,0.42088,5.00
0.054740,5.014643,1.091593,0.42063,5.00
0.054750,5.019113,1.089063,0.42038,5.00
0.054760,5.022664,1.085885,0.42018,5.00
0.054770,5.026024,1.082145,0.42000,5.00
0.054780,5.029169,1.077876,0.41981,5.00
0.054790,5.032079,1.073113,0.41964,5.00
0.054800,5.034858,1.067894,0.41948,5.00
0.054810,5.037860,1.062202,0.41930,5.00
0.054820,5.040564,1.056041,0.41913,5.00
0.054830,5.042952,1.049461,0.41897,5.00
0.054840,5.045011,1.042512,0.41883,5.00
0.054850,5.046611,1.035247,0.41871,5.00
0.054860,5.047397,1.027778,0.41863,5.00
0.054870,5.047835,1.020197,0.41856,5.00
0.054880,5.047924,1.012561,0.41852,5.00
0.054890,5.047666,1.004926,0.41849,5.00
0.054900,5.047074,0.997345,0.41848,5.00
0.054910,5.046176,0.989872,0.41848,5.00
0.054920,5.044951,0.982555,0.41850,5.00
0.054930,5.043412,0.975448,0.41854,5.00
0.054940,5.041572,0.968601,0.41859,5.00
0.054950,5.039555,0.962059,0.41867,5.00
0.054960,5.037700,0.955818,0.41872,5.00
0.054970,5.035588,0.949884,0.41880,5.00
0.054980,5.033235,0.944299,0.41889,5.00
0.054990,5.030661,0.939100,0.41899,5.00
0.055000,5.027887,0.934321,0.41910,5.00
0.055010,5.024935,0.929995,0.41922,5.00
0.055020,5.021827,0.926147,0.41936,5.00
0.055030,5.018586,0.922803,0.41950,5.00
0.055040,5.015238,0.919983,0.41966,5.00
0.055050,5.011869,0.917702,0.41982,5.00
0.055060,5.008687,0.915944,0.41997,5.00
0.055070,5.005469,0.914697,0.42012,5.00
0.055080,5.002237,0.913966,0.42028,5.00
0.055090,4.999016,0.913752,0.42044,5.00
0.055100,4.995641,0.914052,0.42060,5.00
0.055110,4.991582,0.914951,0.42081,5.00
0.055120,4.987619,0.916495,0.42102,5.00
0.055130,4.983778,0.918669,0.42122,5.00
0.055140,4.980087,0.921452,0.42142,5.00
0.055150,4.976489,0.924818,0.42162,5.00
0.055160,4.972765,0.928778,0.42182,5.00
0.055170,4.969270,0.933325,0.42202,5.00
0.055180,4.966027,0.938421,0.42222,5.00
0.055190,4.963059,0.944025,0.42239,5.00
0.055200,4.960183,0.950091,0.42256,5.00
0.055210,4.956824,0.956669,0.42277,5.00
0.055220,4.953808,0.963769,0.42296,5.00
0.055230,4.951153,0.971338,0.42313,5.00
0.055240,4.948877,0.979315,0.42329,5.00
0.055250,4.947353,0.987640,0.42343,5.00
0.055260,4.947665,0.996077,0.42346,5.00
0.055270,4.948354,1.004447,0.42347,5.00
0.055280,4.949413,1.012692,0.42346,5.00
0.055290,4.950830,1.020751,0.42343,5.00
0.055300,4.952625,1.028569,0.42339,5.00
0.055310,4.954871,1.036075,0.42331,5.00
0.055320,4.957428,1.043208,0.42323,5.00
0.055330,4.960272,1.049920,0.42312,5.00
0.055340,4.963383,1.056165,0.42300,5.00
0.055350,4.966611,1.061901,0.42286,5.00
0.055360,4.969566,1.067150,0.42274,5.00
0.055370,4.972720,1.071917,0.42261,5.00
0.055380,4.976046,1.076172,0.42246,5.00
0.055390,4.979521,1.079887,0.42231,5.00
0.055400,4.983150,1.083040,0.42215,5.00
0.055410,4.987005,1.085598,0.42197,5.00
0.055420,4.990924,1.087535,0.42178,5.00
0.055430,4.994879,1.088842,0.42159,5.00
0.055440,4.998839,1.089516,0.42139,5.00
0.055450,5.002718,1.089556,0.42120,5.00
0.055460,5.006311,1.088996,0.42101,5.00
0.055470,5.009831,1.087863,0.42083,5.00
0.055480,5.013252,1.086171,0.42065,5.00
0.055490,5.016550,1.083935,0.42047,5.00
0.055500,5.019819,1.081177,0.42030,5.00
0.055510,5.023376,1.077866,0.42010,5.00
0.055520,5.026736,1.073993,0.41991,5.00
0.055530,5.029876,1.069591,0.41973,5.00
0.055540,5.032775,1.064696,0.41956,5.00
0.055550,5.035524,1.059348,0.41939,5.00
0.055560,5.038438,1.053535,0.41922,5.00
0.055570,5.041049,1.047269,0.41905,5.00
0.055580,5.043342,1.040597,0.41890,5.00
0.055590,5.045302,1.033573,0.41876,5.00
0.055600,5.046660,1.026249,0.41864,5.00
0.055610,5.046645,1.018804,0.41860,5.00
0.055620,5.046292,1.011376,0.41858,5.00
0.055630,5.045608,1.004019,0.41857,5.00
0.055640,5.044600,0.996784,0.41858,5.00
0.055650,5.043362,0.989724,0.41861,5.00
0.055660,5.042151,0.982849,0.41864,5.00
0.055670,5.040645,0.976180,0.41867,5.00
0.055680,5.038858,0.969763,0.41873,5.00
0.055690,5.036804,0.963645,0.41880,5.00
0.055700,5.034554,0.957865,0.41888,5.00
0.055710,5.032281,0.952439,0.41897,5.00
0.055720,5.029793,0.947386,0.41906,5.00
0.055730,5.027110,0.942740,0.41917,5.00
0.055740,5.024253,0.938531,0.41929,5.00
0.055750,5.021002,0.934786,0.41942,5.00
0.055760,5.016668,0.931643,0.41962,5.00
0.055770,5.012250,0.929199,0.41983,5.00
0.055780,5.007780,0.927464,0.42005,5.00
0.055790,5.003292,0.926445,0.42027,5.00
0.055800,4.999018,0.926145,0.42049,5.00
0.055810,4.995583,0.926463,0.42066,5.00
0.055820,4.992209,0.927329,0.42084,5.00
0.055830,4.988919,0.928732,0.42101,5.00
0.055840,4.985737,0.930657,0.42118,5.00
0.055850,4.982851,0.933086,0.42135,5.00
0.055860,4.980774,0.935918,0.42147,5.00
0.055870,4.978853,0.939076,0.42158,5.00
0.055880,4.977102,0.942535,0.42169,5.00
0.055890,4.975530,0.946267,0.42179,5.00
0.055900,4.974375,0.950242,0.42188,5.00
0.055910,4.974319,0.954322,0.42190,5.00
0.055920,4.974448,0.958403,0.42192,5.00
0.055930,4.974760,0.962455,0.42193,5.00
0.055940,4.975251,0.966451,0.42192,5.00
0.055950,4.975397,0.970360,0.42191,5.00
0.055960,4.973649,0.974405,0.42202,5.00
0.055970,4.972107,0.978721,0.42212,5.00
0.055980,4.970782,0.983275,0.42221,5.00
0.055990,4.969680,0.988032,0.42229,5.00
0.056000,4.969064,0.992955,0.42236,5.00
0.056010,4.969695,0.997885,0.42236,5.00
0.056020,4.970541,1.002705,0.42234,5.00
0.056030,4.971593,1.007381,0.42232,5.00
0.056040,4.972843,1.011880,0.42228,5.00
0.056050,4.974165,1.016170,0.42223,5.00
0.056060,4.975207,1.020278,0.42220,5.00
0.056070,4.976421,1.024212,0.42216,5.00
0.056080,4.977797,1.027945,0.42211,5.00
0.056090,4.979323,1.031450,0.42205,5.00
0.056100,4.980936,1.034706,0.42199,5.00
0.056110,4.982470,1.037714,0.42193,5.00
0.056120,4.984119,1.040471,0.42186,5.00
0.056130,4.985871,1.042960,0.42178,5.00
0.056140,4.987712,1.045164,0.42170,5.00
0.056150,4.989481,1.047070,0.42162,5.00
0.056160,4.990731,1.048736,0.42156,5.00
0.056170,4.992039,1.050200,0.42151,5.00
0.056180,4.993396,1.051452,0.42144,5.00
0.056190,4.994792,1.052485,0.42138,5.00
0.056200,4.996172,1.053292,0.42131,5.00
0.056210,4.997395,1.053892,0.42125,5.00
0.056220,4.998629,1.054295,0.42119,5.00
0.056230,4.999865,1.054501,0.42113,5.00
0.056240,5.001093,1.054508,0.42107,5.00
0.056250,5.002559,1.054319,0.42101,5.00
0.056260,5.005007,1.053815,0.42088,5.00
0.056270,5.007399,1.052921,0.42076,5.00
0.056280,5.009719,1.051647,0.42064,5.00
0.056290,5.011950,1.050005,0.42051,5.00
0.056300,5.014323,1.048010,0.42040,5.00
0.056310,5.017556,1.045561,0.42022,5.00
0.056320,5.020635,1.042601,0.42005,5.00
0.056330,5.023538,1.039156,0.41989,5.00
0.056340,5.026247,1.035253,0.41973,5.00
0.056350,5.028508,1.030926,0.41958,5.00
0.056360,5.029614,1.026321,0.41950,5.00
0.056370,5.030496,1.021548,0.41943,5.00
0.056380,5.031151,1.016643,0.41937,5.00
0.056390,5.031575,1.011643,0.41932,5.00
0.056400,5.031823,1.006586,0.41928,5.00
0.056410,5.032061,1.001480,0.41924,5.00
0.056420,5.032066,0.996346,0.41922,5.00
0.056430,5.031838,0.991221,0.41920,5.00
0.056440,5.031381,0.986142,0.41919,5.00
0.056450,5.030439,0.981146,0.41920,5.00
0.056460,5.028245,0.976393,0.41929,5.00
0.056470,5.025865,0.971999,0.41938,5.00
0.056480,5.023318,0.967994,0.41949,5.00
0.056490,5.020624,0.964402,0.41960,5.00
0.056500,5.018093,0.961248,0.41973,5.00
0.056510,5.016605,0.958410,0.41979,5.00
0.056520,5.015009,0.955815,0.41985,5.00
0.056530,5.013317,0.953480,0.41992,5.00
0.056540,5.011542,0.951420,0.42000,5.00
0.056550,5.009619,0.949647,0.42008,5.00
0.056560,5.007329,0.948209,0.42019,5.00
0.056570,5.005005,0.947140,0.42030,5.00
0.056580,5.002664,0.946444,0.42042,5.00
0.056590,5.000322,0.946122,0.42053,5.00
0.056600,4.998079,0.946175,0.42065,5.00
0.056610,4.996192,0.946560,0.42075,5.00
0.056620,4.994347,0.947245,0.42084,5.00
0.056630,4.992558,0.948224,0.42094,5.00
0.056640,4.990837,0.949486,0.42103,5.00
0.056650,4.989251,0.951020,0.42112,5.00
0.056660,4.987970,0.952788,0.42120,5.00
0.056670,4.986786,0.954757,0.42127,5.00
0.056680,4.985707,0.956910,0.42133,5.00
0.056690,4.984741,0.959232,0.42139,5.00
0.056700,4.983797,0.961704,0.42145,5.00
0.056710,4.982603,0.964352,0.42152,5.00
0.056720,4.981545,0.967186,0.42159,5.00
0.056730,4.980629,0.970183,0.42165,5.00
0.056740,4.979861,0.973320,0.42171,5.00
0.056750,4.979162,0.976574,0.42176,5.00
0.056760,4.978288,0.979960,0.42182,5.00
0.056770,4.977578,0.983479,0.42188,5.00
0.056780,4.977037,0.987105,0.42192,5.00
0.056790,4.976667,0.990810,0.42196,5.00
0.056800,4.976563,0.994567,0.42199,5.00
0.056810,4.976996,0.998303,0.42199,5.00
0.056820,4.977593,1.001964,0.42198,5.00
0.056830,4.978348,1.005522,0.42196,5.00
0.056840,4.979253,1.008953,0.42193,5.00
0.056850,4.980295,1.012233,0.42190,5.00
0.056860,4.981444,1.015342,0.42186,5.00
0.056870,4.982718,1.018262,0.42181,5.00
0.056880,4.984107,1.020973,0.42176,5.00
0.056890,4.985601,1.023457,0.42169,5.00
0.056900,4.987295,1.025698,0.42163,5.00
0.056910,4.989500,1.027630,0.42153,5.00
0.056920,4.991763,1.029206,0.42142,5.00
0.056930,4.994066,1.030417,0.42131,5.00
0.056940,4.996394,1.031259,0.42120,5.00
0.056950,4.998832,1.031728,0.42109,5.00
0.056960,5.001667,1.031774,0.42094,5.00
0.056970,5.004466,1.031367,0.42080,5.00
0.056980,5.007209,1.030515,0.42066,5.00
0.056990,5.009877,1.029226,0.42052,5.00
0.057000,5.011749,1.027515,0.42038,5.00
0.057010,5.010728,1.025732,0.42042,5.00
0.057020,5.009640,1.024115,0.42047,5.00
0.057030,5.008493,1.022675,0.42052,5.00
0.057040,5.007297,1.021420,0.42057,5.00
0.057050,5.006675,1.020358,0.42063,5.00
0.057060,5.008458,1.019200,0.42053,5.00
0.057070,5.010164,1.017761,0.42044,5.00
0.057080,5.011782,1.016051,0.42035,5.00
0.057090,5.013302,1.014087,0.42026,5.00
0.057100,5.014556,1.011884,0.42018,5.00
0.057110,5.015073,1.009535,0.42014,5.00
0.057120,5.015477,1.007108,0.42010,5.00
0.057130,5.015766,1.004621,0.42008,5.00
0.057140,5.015938,1.002093,0.42005,5.00
0.057150,5.015982,0.999542,0.42004,5.00
0.057160,5.015866,0.996992,0.42003,5.00
0.057170,5.015636,0.994466,0.42003,5.00
0.057180,5.015294,0.991982,0.42003,5.00
0.057190,5.014845,0.989556,0.42004,5.00
0.057200,5.014009,0.987207,0.42005,5.00
0.057210,5.011957,0.985086,0.42015,5.00
0.057220,5.009836,0.983297,0.42024,5.00
0.057230,5.007662,0.981849,0.42034,5.00
0.057240,5.005452,0.980750,0.42045,5.00
0.057250,5.003246,0.980007,0.42056,5.00
0.057260,5.001127,0.979609,0.42066,5.00
0.057270,4.999019,0.979550,0.42076,5.00
0.057280,4.996937,0.979827,0.42087,5.00
0.057290,4.994895,0.980436,0.42098,5.00
0.057300,4.993163,0.981370,0.42108,5.00
0.057310,4.992510,0.982497,0.42112,5.00
0.057320,4.991916,0.983726,0.42116,5.00
0.057330,4.991386,0.985047,0.42119,5.00
0.057340,4.990923,0.986450,0.42122,5.00
0.057350,4.990293,0.987924,0.42125,5.00
0.057360,4.988795,0.989572,0.42133,5.00
0.057370,4.987392,0.991456,0.42141,5.00
0.057380,4.986093,0.993560,0.42149,5.00
0.057390,4.984907,0.995867,0.42156,5.00
0.057400,4.984304,0.998359,0.42163,5.00
0.057410,4.985667,1.000793,0.42157,5.00
0.057420,4.987121,1.003006,0.42151,5.00
0.057430,4.988656,1.004983,0.42145,5.00
0.057440,4.990259,1.006711,0.42138,5.00
0.057450,4.991613,1.008179,0.42130,5.00
0.057460,4.991792,1.009528,0.42130,5.00
0.057470,4.992030,1.010845,0.42129,5.00
0.057480,4.992324,1.012121,0.42129,5.00
0.057490,4.992672,1.013348,0.42128,5.00
0.057500,4.993039,1.014517,0.42126,5.00
0.057510,4.993328,1.015635,0.42125,5.00
0.057520,4.993664,1.016705,0.42124,5.00
0.057530,4.994043,1.017720,0.42123,5.00
0.057540,4.994463,1.018671,0.42121,5.00
0.057550,4.994954,1.019554,0.42119,5.00
0.057560,4.995607,1.020346,0.42117,5.00
0.057570,4.996288,1.021032,0.42114,5.00
0.057580,4.996990,1.021609,0.42110,5.00
0.057590,4.997709,1.022071,0.42107,5.00
0.057600,4.998449,1.022419,0.42103,5.00
0.057610,4.999232,1.022644,0.42100,5.00
0.057620,5.000014,1.022744,0.42096,5.00
0.057630,5.000791,1.022719,0.42092,5.00
0.057640,5.001556,1.022570,0.42088,5.00
0.057650,5.002212,1.022299,0.42084,5.00
0.057660,5.002484,1.021953,0.42082,5.00
0.057670,5.002737,1.021564,0.42081,5.00
0.057680,5.002969,1.021135,0.42080,5.00
0.057690,5.003179,1.020670,0.42078,5.00
0.057700,5.003609,1.020172,0.42077,5.00
0.057710,5.004987,1.019528,0.42070,5.00
0.057720,5.006316,1.018666,0.42063,5.00
0.057730,5.007589,1.017593,0.42056,5.00
0.057740,5.008796,1.016318,0.42049,5.00
0.057750,5.009620,1.014854,0.42042,5.00
0.057760,5.009137,1.013360,0.42044,5.00
0.057770,5.008592,1.011946,0.42046,5.00
0.057780,5.007991,1.010621,0.42048,5.00
0.057790,5.007338,1.009394,0.42051,5.00
0.057800,5.006991,1.008274,0.42054,5.00
0.057810,5.008001,1.007099,0.42048,5.00
0.057820,5.008944,1.005764,0.42043,5.00
0.057830,5.009814,1.004282,0.42037,5.00
0.057840,5.010606,1.002664,0.42033,5.00
0.057850,5.011025,1.000922,0.42028,5.00
0.057860,5.010211,0.999210,0.42031,5.00
0.057870,5.009330,0.997630,0.42035,5.00
0.057880,5.008390,0.996194,0.42039,5.00
0.057890,5.007397,0.994911,0.42043,5.00
0.057900,5.006657,0.993788,0.42048,5.00
0.057910,5.007059,0.992691,0.42045,5.00
0.057920,5.007406,0.991532,0.42043,5.00
0.057930,5.007695,0.990319,0.42040,5.00
0.057940,5.007926,0.989063,0.42039,5.00
0.057950,5.008020,0.987773,0.42037,5.00
0.057960,5.007748,0.986494,0.42038,5.00
0.057970,5.007421,0.985262,0.42039,5.00
0.057980,5.007043,0.984084,0.42040,5.00
0.057990,5.006617,0.982968,0.42042,5.00
0.058000,5.006068,0.981923,0.42043,5.00
0.058010,5.005168,0.980993,0.42047,5.00
0.058020,5.004237,0.980208,0.42052,5.00
0.058030,5.003284,0.979573,0.42056,5.00
0.058040,5.002315,0.979091,0.42061,5.00
0.058050,5.001279,0.978765,0.42065,5.00
0.058060,5.000013,0.978623,0.42072,5.00
0.058070,4.998758,0.978684,0.42078,5.00
0.058080,4.997523,0.978945,0.42084,5.00
0.058090,4.996315,0.979402,0.42091,5.00
0.058100,4.995125,0.980051,0.42097,5.00
0.058110,4.993900,0.980896,0.42103,5.00
0.058120,4.992730,0.981934,0.42110,5.00
0.058130,4.991622,0.983156,0.42116,5.00
0.058140,4.990585,0.984554,0.42122,5.00
0.058150,4.989480,0.986114,0.42128,5.00
0.058160,4.987883,0.987894,0.42137,5.00
0.058170,4.986388,0.989925,0.42145,5.00
0.058180,4.985006,0.992190,0.42153,5.00
0.058190,4.983744,0.994672,0.42161,5.00
0.058200,4.982783,0.997350,0.42168,5.00
0.058210,4.982638,1.000122,0.42170,5.00
0.058220,4.982620,1.002911,0.42172,5.00
0.058230,4.982729,1.005698,0.42173,5.00
0.058240,4.982963,1.008462,0.42173,5.00
0.058250,4.983257,1.011184,0.42173,5.00
0.058260,4.983426,1.013873,0.42174,5.00
0.058270,4.983715,1.016530,0.42174,5.00
0.058280,4.984120,1.019135,0.42173,5.00
0.058290,4.984637,1.021671,0.42172,5.00
0.058300,4.985030,1.024119,0.42170,5.00
0.058310,4.984604,1.026574,0.42173,5.00
0.058320,4.984295,1.029092,0.42176,5.00
0.058330,4.984103,1.031655,0.42179,5.00
0.058340,4.984031,1.034242,0.42180,5.00
0.058350,4.984500,1.036837,0.42182,5.00
0.058360,4.986765,1.039215,0.42172,5.00
0.058370,4.989108,1.041228,0.42161,5.00
0.058380,4.991511,1.042863,0.42150,5.00
0.058390,4.993955,1.044111,0.42138,5.00
0.058400,4.996399,1.044967,0.42126,5.00
0.058410,4.998755,1.045439,0.42115,5.00
0.058420,5.001100,1.045533,0.42103,5.00
0.058430,5.003419,1.045254,0.42091,5.00
0.058440,5.005694,1.044604,0.42079,5.00
0.058450,5.007868,1.043593,0.42068,5.00
0.058460,5.009806,1.042250,0.42057,5.00
0.058470,5.011658,1.040600,0.42047,5.00
0.058480,5.013409,1.038657,0.42037,5.00
0.058490,5.015050,1.036439,0.42028,5.00
0.058500,5.016212,1.033963,0.42019,5.00
0.058510,5.015831,1.031420,0.42019,5.00
0.058520,5.015340,1.028943,0.42020,5.00
0.058530,5.014743,1.026548,0.42022,5.00
0.058540,5.014046,1.024254,0.42024,5.00
0.058550,5.013390,1.022074,0.42027,5.00
0.058560,5.013180,1.019960,0.42027,5.00
0.058570,5.012878,1.017884,0.42027,5.00
0.058580,5.012486,1.015859,0.42028,5.00
0.058590,5.012008,1.013901,0.42030,5.00
0.058600,5.011358,1.012023,0.42031,5.00
0.058610,5.010275,1.010280,0.42036,5.00
0.058620,5.009128,1.008714,0.42041,5.00
0.058630,5.007925,1.007333,0.42046,5.00
0.058640,5.006676,1.006147,0.42052,5.00
0.058650,5.005750,1.005163,0.42057,5.00
0.058660,5.006220,1.004213,0.42055,5.00
0.058670,5.006640,1.003190,0.42052,5.00
0.058680,5.007009,1.002102,0.42049,5.00
0.058690,5.007324,1.000957,0.42047,5.00
0.058700,5.007283,0.999764,0.42045,5.00
0.058710,5.005997,0.998676,0.42051,5.00
0.058720,5.004680,0.997794,0.42057,5.00
0.058730,5.003340,0.997125,0.42064,5.00
0.058740,5.001988,0.996671,0.42070,5.00
0.058750,5.001040,0.996433,0.42077,5.00
0.058760,5.001712,0.996217,0.42073,5.00
0.058770,5.002365,0.995894,0.42070,5.00
0.058780,5.002995,0.995468,0.42066,5.00
0.058790,5.003597,0.994942,0.42063,5.00
0.058800,5.004033,0.994321,0.42060,5.00
0.058810,5.003898,0.993675,0.42060,5.00
0.058820,5.003735,0.993051,0.42061,5.00
0.058830,5.003547,0.992455,0.42061,5.00
0.058840,5.003334,0.991890,0.42062,5.00
0.058850,5.003269,0.991361,0.42063,5.00
0.058860,5.003861,0.990788,0.42060,5.00
0.058870,5.004420,0.990121,0.42057,5.00
0.058880,5.004940,0.989367,0.42054,5.00
0.058890,5.005420,0.988532,0.42051,5.00
0.058900,5.006042,0.987622,0.42048,5.00
0.058910,5.007358,0.986554,0.42041,5.00
0.058920,5.008608,0.985279,0.42034,5.00
0.058930,5.009784,0.983807,0.42027,5.00
0.058940,5.010877,0.982150,0.42021,5.00
0.058950,5.011626,0.980322,0.42015,5.00
0.058960,5.011266,0.978460,0.42016,5.00
0.058970,5.010827,0.976659,0.42017,5.00
0.058980,5.010312,0.974932,0.42019,5.00
0.058990,5.009726,0.973291,0.42021,5.00
0.059000,5.008816,0.971746,0.42023,5.00
0.059010,5.006825,0.970431,0.42032,5.00
0.059020,5.004800,0.969437,0.42042,5.00
0.059030,5.002758,0.968768,0.42052,5.00
0.059040,5.000713,0.968427,0.42062,5.00
0.059050,4.998892,0.968412,0.42072,5.00
0.059060,4.997942,0.968620,0.42077,5.00
0.059070,4.997014,0.968979,0.42082,5.00
0.059080,4.996114,0.969485,0.42087,5.00
0.059090,4.995250,0.970135,0.42091,5.00
0.059100,4.994359,0.970921,0.42096,5.00
0.059110,4.993247,0.971869,0.42102,5.00
0.059120,4.992194,0.972993,0.42108,5.00
0.059130,4.991205,0.974283,0.42114,5.00
0.059140,4.990288,0.975728,0.42119,5.00
0.059150,4.989672,0.977317,0.42124,5.00
0.059160,4.990021,0.978931,0.42123,5.00
0.059170,4.990438,0.980485,0.42122,5.00
0.059180,4.990920,0.981970,0.42120,5.00
0.059190,4.991463,0.983376,0.42118,5.00
0.059200,4.991808,0.984692,0.42116,5.00
0.059210,4.991199,0.986032,0.42120,5.00
0.059220,4.990659,0.987467,0.42123,5.00
0.059230,4.990191,0.988985,0.42127,5.00
0.059240,4.989799,0.990574,0.42129,5.00
0.059250,4.989482,0.992224,0.42132,5.00
0.059260,4.989241,0.993921,0.42134,5.00
0.059270,4.989079,0.995653,0.42136,5.00
0.059280,4.988999,0.997408,0.42137,5.00
0.059290,4.988998,0.999172,0.42138,5.00
0.059300,4.988935,1.000933,0.42139,5.00
0.059310,4.988386,1.002747,0.42142,5.00
0.059320,4.987925,1.004644,0.42146,5.00
0.059330,4.987557,1.006611,0.42149,5.00
0.059340,4.987283,1.008633,0.42151,5.00
0.059350,4.987232,1.010695,0.42153,5.00
0.059360,4.987780,1.012720,0.42152,5.00
0.059370,4.988413,1.014654,0.42149,5.00
0.059380,4.989125,1.016483,0.42147,5.00
0.059390,4.989910,1.018195,0.42144,5.00
0.059400,4.990792,1.019778,0.42140,5.00
0.059410,4.991853,1.021208,0.42136,5.00
0.059420,4.992964,1.022466,0.42131,5.00
0.059430,4.994118,1.023544,0.42126,5.00
0.059440,4.995304,1.024436,0.42120,5.00
0.059450,4.996530,1.025137,0.42115,5.00
0.059460,4.997832,1.025635,0.42108,5.00
0.059470,4.999139,1.025926,0.42102,5.00
0.059480,5.000441,1.026007,0.42095,5.00
0.059490,5.001730,1.025880,0.42089,5.00
0.059500,5.002949,1.025547,0.42082,5.00
0.059510,5.003951,1.025036,0.42077,5.00
0.059520,5.004916,1.024365,0.42072,5.00
0.059530,5.005838,1.023542,0.42067,5.00
0.059540,5.006710,1.022574,0.42062,5.00
0.059550,5.007464,1.021467,0.42057,5.00
0.059560,5.007906,1.020263,0.42054,5.00
0.059570,5.008288,1.018991,0.42052,5.00
0.059580,5.008608,1.017660,0.42049,5.00
0.059590,5.008863,1.016280,0.42047,5.00
0.059600,5.009045,1.014862,0.42046,5.00
0.059610,5.009136,1.013420,0.42044,5.00
0.059620,5.009161,1.011966,0.42043,5.00
0.059630,5.009119,1.010511,0.42043,5.00
0.059640,5.009012,1.009065,0.42043,5.00
0.059650,5.008976,1.007639,0.42043,5.00
0.059660,5.009416,1.006177,0.42040,5.00
0.059670,5.009783,1.004649,0.42037,5.00
0.059680,5.010076,1.003065,0.42035,5.00
0.059690,5.010294,1.001437,0.42033,5.00
0.059700,5.010467,0.999778,0.42031,5.00
0.059710,5.010688,0.998084,0.42029,5.00
0.059720,5.010831,0.996358,0.42027,5.00
0.059730,5.010893,0.994612,0.42026,5.00
0.059740,5.010875,0.992860,0.42025,5.00
0.059750,5.010794,0.991115,0.42025,5.00
0.059760,5.010697,0.989380,0.42024,5.00
0.059770,5.010522,0.987665,0.42024,5.00
0.059780,5.010272,0.985981,0.42025,5.00
0.059790,5.009950,0.984340,0.42025,5.00
0.059800,5.009381,0.982753,0.42026,5.00
0.059810,5.008046,0.981317,0.42032,5.00
0.059820,5.006665,0.980097,0.42039,5.00
0.059830,5.005246,0.979099,0.42045,5.00
0.059840,5.003802,0.978330,0.42052,5.00
0.059850,5.002384,0.977792,0.42059,5.00
0.059860,5.001129,0.977469,0.42065,5.00
0.059870,4.999876,0.977346,0.42071,5.00
0.059880,4.998635,0.977423,0.42078,5.00
0.059890,4.997413,0.977699,0.42084,5.00
0.059900,4.996254,0.978168,0.42090,5.00
0.059910,4.995265,0.978812,0.42096,5.00
0.059920,4.994318,0.979612,0.42101,5.00
0.059930,4.993420,0.980561,0.42106,5.00
0.059940,4.992576,0.981652,0.42111,5.00
0.059950,4.991973,0.982876,0.42115,5.00
0.059960,4.992146,0.984136,0.42115,5.00
0.059970,4.992373,0.985367,0.42115,5.00
0.059980,4.992653,0.986558,0.42114,5.00
0.059990,4.992983,0.987704,0.42113,5.00
0.060000,4.993094,0.988794,0.42111,5.00
0.060010,4.992195,0.989950,0.42117,5.00
0.060020,4.991361,0.991246,0.42121,5.00
0.060030,4.990596,0.992674,0.42126,5.00
0.060040,4.989907,0.994220,0.42130,5.00
0.060050,4.989401,0.995874,0.42134,5.00
0.060060,4.989394,0.997572,0.42135,5.00
0.060070,4.989464,0.999267,0.42136,5.00
0.060080,4.989610,1.000948,0.42136,5.00
0.060090,4.989830,1.002603,0.42136,5.00
0.060100,4.990076,1.004219,0.42135,5.00
0.060110,4.990205,1.005808,0.42136,5.00
0.060120,4.990405,1.007373,0.42135,5.00
0.060130,4.990672,1.008904,0.42135,5.00
0.060140,4.991006,1.010389,0.42134,5.00
0.060150,4.991604,1.011817,0.42133,5.00
0.060160,4.993061,1.013083,0.42126,5.00
0.060170,4.994556,1.014114,0.42119,5.00
0.060180,4.996078,1.014904,0.42112,5.00
0.060190,4.997615,1.015450,0.42105,5.00
0.060200,4.998925,1.015750,0.42097,5.00
0.060210,4.999310,1.015915,0.42095,5.00
0.060220,4.999698,1.016017,0.42093,5.00
0.060230,5.000085,1.016057,0.42091,5.00
0.060240,5.000468,1.016036,0.42089,5.00
0.060250,5.000894,1.015953,0.42087,5.00
0.060260,5.001500,1.015787,0.42084,5.00
0.060270,5.002090,1.015525,0.42081,5.00
0.060280,5.002660,1.015169,0.42078,5.00
0.060290,5.003206,1.014722,0.42075,5.00
0.060300,5.003784,1.014189,0.42072,5.00
0.060310,5.004565,1.013547,0.42068,5.00
0.060320,5.005305,1.012780,0.42064,5.00
0.060330,5.006001,1.011898,0.42060,5.00
0.060340,5.006648,1.010905,0.42056,5.00
0.060350,5.007029,1.009812,0.42053,5.00
0.060360,5.006511,1.008727,0.42055,5.00
0.060370,5.005952,1.007728,0.42057,5.00
0.060380,5.005354,1.006819,0.42059,5.00
0.060390,5.004724,1.006007,0.42062,5.00
0.060400,5.004344,1.005297,0.42065,5.00
0.060410,5.005049,1.004560,0.42061,5.00
0.060420,5.005710,1.003712,0.42057,5.00
0.060430,5.006325,1.002760,0.42054,5.00
0.060440,5.006888,1.001712,0.42050,5.00
0.060450,5.007233,1.000576,0.42047,5.00
0.060460,5.006875,0.999439,0.42048,5.00
0.060470,5.006470,0.998362,0.42050,5.00
0.060480,5.006022,0.997351,0.42051,5.00
0.060490,5.005535,0.996413,0.42053,5.00
0.060500,5.004899,0.995555,0.42055,5.00
0.060510,5.003787,0.994836,0.42061,5.00
0.060520,5.002658,0.994296,0.42066,5.00
0.060530,5.001519,0.993937,0.42072,5.00
0.060540,5.000379,0.993760,0.42077,5.00
0.060550,4.999518,0.993765,0.42083,5.00
0.060560,4.999750,0.993821,0.42082,5.00
0.060570,4.999981,0.993840,0.42081,5.00
0.060580,5.000209,0.993822,0.42079,5.00
0.060590,5.000434,0.993768,0.42078,5.00
0.060600,5.000683,0.993678,0.42077,5.00
0.060610,5.001043,0.993539,0.42075,5.00
0.060620,5.001392,0.993342,0.42073,5.00
0.060630,5.001728,0.993091,0.42072,5.00
0.060640,5.002048,0.992786,0.42070,5.00
0.060650,5.002188,0.992432,0.42068,5.00
0.060660,5.001668,0.992107,0.42071,5.00
0.060670,5.001141,0.991865,0.42073,5.00
0.060680,5.000610,0.991709,0.42076,5.00
0.060690,5.000078,0.991637,0.42078,5.00
0.060700,4.999518,0.991650,0.42081,5.00
0.060710,4.998835,0.991763,0.42084,5.00
0.060720,4.998167,0.991985,0.42088,5.00
0.060730,4.997518,0.992313,0.42091,5.00
0.060740,4.996892,0.992744,0.42095,5.00
0.060750,4.996337,0.993274,0.42098,5.00
0.060760,4.995987,0.993878,0.42100,5.00
0.060770,4.995668,0.994537,0.42102,5.00
0.060780,4.995383,0.995245,0.42104,5.00
0.060790,4.995134,0.995997,0.42105,5.00
0.060800,4.994823,0.996787,0.42107,5.00
0.060810,4.994159,0.997658,0.42111,5.00
0.060820,4.993543,0.998632,0.42114,5.00
0.060830,4.992979,0.999703,0.42118,5.00
0.060840,4.992471,1.000862,0.42121,5.00
0.060850,4.992178,1.002099,0.42124,5.00
0.060860,4.992560,1.003332,0.42123,5.00
0.060870,4.992993,1.004501,0.42121,5.00
0.060880,4.993473,1.005599,0.42119,5.00
0.060890,4.993996,1.006618,0.42117,5.00
0.060900,4.994726,1.007552,0.42115,5.00
0.060910,4.996154,1.008314,0.42108,5.00
0.060920,4.997598,1.008846,0.42101,5.00
0.060930,4.999047,1.009147,0.42094,5.00
0.060940,5.000489,1.009217,0.42087,5.00
0.060950,5.001585,1.009056,0.42080,5.00
0.060960,5.001343,1.008827,0.42081,5.00
0.060970,5.001094,1.008636,0.42082,5.00
0.060980,5.000839,1.008486,0.42083,5.00
0.060990,5.000581,1.008377,0.42084,5.00
0.061000,5.000392,1.008308,0.42086,5.00
0.061010,5.000482,1.008248,0.42085,5.00
0.061020,5.000568,1.008173,0.42085,5.00
0.061030,5.000650,1.008085,0.42084,5.00
0.061040,5.000726,1.007983,0.42084,5.00
0.061050,5.000602,1.007870,0.42083,5.00
0.061060,4.999696,1.007839,0.42088,5.00
0.061070,4.998801,1.007953,0.42092,5.00
0.061080,4.997923,1.008209,0.42097,5.00
0.061090,4.997069,1.008605,0.42101,5.00
0.061100,4.996457,1.009136,0.42106,5.00
0.061110,4.996723,1.009695,0.42105,5.00
0.061120,4.997012,1.010211,0.42104,5.00
0.061130,4.997320,1.010680,0.42102,5.00
0.061140,4.997645,1.011099,0.42101,5.00
0.061150,4.998062,1.011465,0.42099,5.00
0.061160,4.998798,1.011739,0.42096,5.00
0.061170,4.999536,1.011895,0.42092,5.00
0.061180,5.000271,1.011933,0.42089,5.00
0.061190,5.000999,1.011854,0.42085,5.00
0.061200,5.001772,1.011659,0.42081,5.00
0.061210,5.002762,1.011321,0.42076,5.00
0.061220,5.003723,1.010827,0.42071,5.00
0.061230,5.004649,1.010180,0.42066,5.00
0.061240,5.005533,1.009386,0.42061,5.00
0.061250,5.006135,1.008453,0.42056,5.00
0.061260,5.005755,1.007501,0.42058,5.00
0.061270,5.005336,1.006611,0.42059,5.00
0.061280,5.004882,1.005790,0.42061,5.00
0.061290,5.004398,1.005042,0.42063,5.00
0.061300,5.004049,1.004373,0.42065,5.00
0.061310,5.004323,1.003709,0.42064,5.00
0.061320,5.004562,1.003003,0.42062,5.00
0.061330,5.004767,1.002260,0.42061,5.00
0.061340,5.004935,1.001485,0.42059,5.00
0.061350,5.005043,1.000685,0.42058,5.00
0.061360,5.005019,0.999877,0.42058,5.00
0.061370,5.004959,0.999075,0.42058,5.00
0.061380,5.004864,0.998283,0.42058,5.00
0.061390,5.004734,0.997508,0.42058,5.00
0.061400,5.004516,0.996756,0.42059,5.00
0.061410,5.004050,0.996057,0.42061,5.00
0.061420,5.003558,0.995433,0.42063,5.00
0.061430,5.003045,0.994890,0.42065,5.00
0.061440,5.002514,0.994429,0.42067,5.00
0.061450,5.001993,0.994054,0.42070,5.00
0.061460,5.001556,0.993756,0.42072,5.00
0.061470,5.001111,0.993527,0.42074,5.00
0.061480,5.000662,0.993370,0.42076,5.00
0.061490,5.000212,0.993285,0.42078,5.00
0.061500,4.999801,0.993272,0.42081,5.00
0.061510,4.999542,0.993313,0.42082,5.00
0.061520,4.999288,0.993395,0.42083,5.00
0.061530,4.999041,0.993518,0.42085,5.00
0.061540,4.998803,0.993680,0.42086,5.00
0.061550,4.998754,0.993879,0.42087,5.00
0.061560,4.999423,0.994029,0.42084,5.00
0.061570,5.000091,0.994072,0.42081,5.00
0.061580,5.000751,0.994008,0.42077,5.00
0.061590,5.001400,0.993839,0.42074,5.00
0.061600,5.001867,0.993567,0.42071,5.00
0.061610,5.001655,0.993275,0.42071,5.00
0.061620,5.001432,0.993016,0.42072,5.00
0.061630,5.001201,0.992794,0.42073,5.00
0.061640,5.000963,0.992609,0.42075,5.00
0.061650,5.000588,0.992463,0.42076,5.00
0.061660,4.999690,0.992418,0.42080,5.00
0.061670,4.998801,0.992517,0.42085,5.00
0.061680,4.997928,0.992758,0.42089,5.00
0.061690,4.997078,0.993137,0.42094,5.00
0.061700,4.996450,0.993651,0.42098,5.00
0.061710,4.996623,0.994203,0.42097,5.00
0.061720,4.996819,0.994726,0.42097,5.00
0.061730,4.997036,0.995217,0.42096,5.00
0.061740,4.997273,0.995672,0.42095,5.00
0.061750,4.997423,0.996088,0.42094,5.00
0.061760,4.997178,0.996514,0.42095,5.00
0.061770,4.996955,0.996977,0.42097,5.00
0.061780,4.996757,0.997475,0.42098,5.00
0.061790,4.996584,0.998003,0.42099,5.00
0.061800,4.996640,0.998559,0.42100,5.00
0.061810,4.997528,0.999039,0.42096,5.00
0.061820,4.998426,0.999377,0.42092,5.00
0.061830,4.999328,0.999570,0.42087,5.00
0.061840,5.000226,0.999620,0.42083,5.00
0.061850,5.000945,0.999527,0.42078,5.00
0.061860,5.000979,0.999372,0.42078,5.00
0.061870,5.001005,0.999213,0.42078,5.00
0.061880,5.001024,0.999050,0.42078,5.00
0.061890,5.001035,0.998884,0.42078,5.00
0.061900,5.001103,0.998717,0.42078,5.00
0.061910,5.001421,0.998519,0.42076,5.00
0.061920,5.001726,0.998270,0.42074,5.00
0.061930,5.002015,0.997973,0.42073,5.00
0.061940,5.002287,0.997630,0.42071,5.00
0.061950,5.002357,0.997245,0.42070,5.00
0.061960,5.001681,0.996908,0.42073,5.00
0.061970,5.000999,0.996679,0.42076,5.00
0.061980,5.000316,0.996560,0.42079,5.00
0.061990,4.999636,0.996550,0.42083,5.00
0.062000,4.998769,0.996648,0.42086,5.00
0.062010,4.997137,0.996947,0.42095,5.00
0.062020,4.995540,0.997506,0.42103,5.00
0.062030,4.993990,0.998319,0.42111,5.00
0.062040,4.992498,0.999377,0.42119,5.00
0.062050,4.991503,1.000671,0.42127,5.00
0.062060,4.992287,1.001984,0.42124,5.00
0.062070,4.993121,1.003169,0.42120,5.00
0.062080,4.993997,1.004220,0.42116,5.00
0.062090,4.994909,1.005128,0.42112,5.00
0.062100,4.995684,1.005889,0.42108,5.00
0.062110,4.995822,1.006578,0.42108,5.00
0.062120,4.995989,1.007244,0.42107,5.00
0.062130,4.996185,1.007882,0.42107,5.00
0.062140,4.996406,1.008487,0.42106,5.00
0.062150,4.996673,1.009056,0.42105,5.00
0.062160,4.997042,1.009575,0.42103,5.00
0.062170,4.997430,1.010034,0.42102,5.00
0.062180,4.997834,1.010430,0.42100,5.00
0.062190,4.998250,1.010761,0.42098,5.00
0.062200,4.998595,1.011024,0.42096,5.00
0.062210,4.998631,1.011258,0.42096,5.00
0.062220,4.998677,1.011485,0.42096,5.00
0.062230,4.998732,1.011705,0.42096,5.00
0.062240,4.998797,1.011915,0.42095,5.00
0.062250,4.998970,1.012114,0.42095,5.00
0.062260,4.999548,1.012254,0.42092,5.00
0.062270,5.000125,1.012300,0.42089,5.00
0.062280,5.000696,1.012255,0.42086,5.00
0.062290,5.001257,1.012119,0.42084,5.00
0.062300,5.001735,1.011893,0.42081,5.00
0.062310,5.001915,1.011614,0.42080,5.00
0.062320,5.002081,1.011306,0.42079,5.00
0.062330,5.002231,1.010973,0.42078,5.00
0.062340,5.002364,1.010617,0.42077,5.00
0.062350,5.002294,1.010239,0.42076,5.00
0.062360,5.001476,1.009933,0.42080,5.00
0.062370,5.000654,1.009758,0.42084,5.00
0.062380,4.999836,1.009714,0.42088,5.00
0.062390,4.999027,1.009800,0.42092,5.00
0.062400,4.998612,1.010015,0.42096,5.00
0.062410,4.999722,1.010175,0.42091,5.00
0.062420,5.000825,1.010157,0.42085,5.00
0.062430,5.001912,1.009963,0.42080,5.00
0.062440,5.002975,1.009597,0.42074,5.00
0.062450,5.003789,1.009061,0.42069,5.00
0.062460,5.003697,1.008467,0.42069,5.00
0.062470,5.003579,1.007888,0.42069,5.00
0.062480,5.003437,1.007329,0.42069,5.00
0.062490,5.003271,1.006794,0.42070,5.00
0.062500,5.003432,1.006286,0.42071,5.00
0.062510,5.004953,1.005643,0.42063,5.00
0.062520,5.006425,1.004757,0.42055,5.00
0.062530,5.007838,1.003639,0.42047,5.00
0.062540,5.009181,1.002298,0.42040,5.00
0.062550,5.010290,1.000744,0.42033,5.00
0.062560,5.010700,0.999067,0.42030,5.00
0.062570,5.011028,0.997327,0.42027,5.00
0.062580,5.011274,0.995538,0.42025,5.00
0.062590,5.011435,0.993714,0.42023,5.00
0.062600,5.011440,0.991867,0.42022,5.00
0.062610,5.011080,0.990046,0.42022,5.00
0.062620,5.010642,0.988286,0.42024,5.00
0.062630,5.010130,0.986599,0.42025,5.00
0.062640,5.009549,0.984997,0.42027,5.00
0.062650,5.008796,0.983491,0.42030,5.00
0.062660,5.007559,0.982142,0.42035,5.00
0.062670,5.006277,0.980993,0.42041,5.00
0.062680,5.004961,0.980051,0.42047,5.00
0.062690,5.003619,0.979321,0.42053,5.00
0.062700,5.002357,0.978806,0.42060,5.00
0.062710,5.001463,0.978464,0.42064,5.00
0.062720,5.000565,0.978265,0.42069,5.00
0.062730,4.999670,0.978210,0.42073,5.00
0.062740,4.998785,0.978297,0.42078,5.00
0.062750,4.997764,0.978526,0.42082,5.00
0.062760,4.996164,0.978966,0.42090,5.00
0.062770,4.994606,0.979660,0.42099,5.00
0.062780,4.993100,0.980602,0.42107,5.00
0.062790,4.991656,0.981782,0.42115,5.00
0.062800,4.990658,0.983190,0.42122,5.00
0.062810,4.991221,0.984636,0.42120,5.00
0.062820,4.991841,0.985989,0.42118,5.00
0.062830,4.992514,0.987240,0.42115,5.00
0.062840,4.993235,0.988382,0.42112,5.00
0.062850,4.993680,0.989407,0.42109,5.00
0.062860,4.992899,0.990461,0.42113,5.00
0.062870,4.992176,0.991638,0.42118,5.00
0.062880,4.991516,0.992927,0.42122,5.00
0.062890,4.990924,0.994319,0.42125,5.00
0.062900,4.990457,0.995804,0.42129,5.00
0.062910,4.990280,0.997342,0.42131,5.00
0.062920,4.990175,0.998906,0.42132,5.00
0.062930,4.990143,1.000483,0.42133,5.00
0.062940,4.990182,1.002063,0.42134,5.00
0.062950,4.990177,1.003633,0.42134,5.00
0.062960,4.989785,1.005238,0.42137,5.00
0.062970,4.989470,1.006902,0.42139,5.00
0.062980,4.989235,1.008613,0.42141,5.00
0.062990,4.989081,1.010359,0.42143,5.00
0.063000,4.989233,1.012125,0.42144,5.00
0.063010,4.990358,1.013792,0.42140,5.00
0.063020,4.991544,1.015276,0.42134,5.00
0.063030,4.992781,1.016568,0.42129,5.00
0.063040,4.994060,1.017661,0.42123,5.00
0.063050,4.995566,1.018547,0.42117,5.00
0.063060,4.997866,1.019128,0.42106,5.00
0.063070,5.000161,1.019342,0.42094,5.00
0.063080,5.002435,1.019189,0.42083,5.00
0.063090,5.004672,1.018674,0.42071,5.00
0.063100,5.006511,1.017803,0.42060,5.00
0.063110,5.006914,1.016750,0.42057,5.00
0.063120,5.007264,1.015635,0.42055,5.00
0.063130,5.007560,1.014466,0.42053,5.00
0.063140,5.007798,1.013253,0.42051,5.00
0.063150,5.008066,1.012003,0.42050,5.00
0.063160,5.008622,1.010685,0.42046,5.00
0.063170,5.009111,1.009281,0.42043,5.00
0.063180,5.009530,1.007802,0.42040,5.00
0.063190,5.009876,1.006258,0.42037,5.00
0.063200,5.010245,1.004662,0.42035,5.00
0.063210,5.010924,1.002980,0.42031,5.00
0.063220,5.011518,1.001192,0.42027,5.00
0.063230,5.012023,0.999312,0.42023,5.00
0.063240,5.012436,0.997356,0.42020,5.00
0.063250,5.012890,0.995338,0.42017,5.00
0.063260,5.013779,0.993208,0.42012,5.00
0.063270,5.014560,0.990941,0.42007,5.00
0.063280,5.015228,0.988554,0.42002,5.00
0.063290,5.015778,0.986064,0.41998,5.00
0.063300,5.015992,0.983492,0.41994,5.00
0.063310,5.015221,0.980960,0.41997,5.00
0.063320,5.014346,0.978556,0.42000,5.00
0.063330,5.013374,0.976297,0.42004,5.00
0.063340,5.012312,0.974197,0.42008,5.00
0.063350,5.011081,0.972270,0.42012,5.00
0.063360,5.009421,0.970572,0.42020,5.00
0.063370,5.007708,0.969143,0.42028,5.00
0.063380,5.005952,0.967990,0.42036,5.00
0.063390,5.004168,0.967119,0.42044,5.00
0.063400,5.002338,0.966534,0.42053,5.00
0.063410,5.000384,0.966253,0.42063,5.00
0.063420,4.998445,0.966283,0.42072,5.00
0.063430,4.996532,0.966623,0.42082,5.00
0.063440,4.994661,0.967268,0.42092,5.00
0.063450,4.992657,0.968210,0.42102,5.00
0.063460,4.989980,0.969530,0.42116,5.00
0.063470,4.987398,0.971275,0.42130,5.00
0.063480,4.984930,0.973428,0.42143,5.00
0.063490,4.982592,0.975970,0.42156,5.00
0.063500,4.980696,0.978881,0.42169,5.00
0.063510,4.980131,0.981995,0.42173,5.00
0.063520,4.979714,0.985192,0.42177,5.00
0.063530,4.979448,0.988450,0.42180,5.00
0.063540,4.979333,0.991744,0.42183,5.00
0.063550,4.979220,0.995051,0.42184,5.00
0.063560,4.978672,0.998416,0.42189,5.00
0.063570,4.978284,1.001862,0.42193,5.00
0.063580,4.978056,1.005364,0.42196,5.00
0.063590,4.977990,1.008895,0.42198,5.00
0.063600,4.978338,1.012430,0.42200,5.00
0.063610,4.979848,1.015821,0.42194,5.00
0.063620,4.981492,1.018965,0.42187,5.00
0.063630,4.983255,1.021841,0.42180,5.00
0.063640,4.985125,1.024430,0.42172,5.00
0.063650,4.986990,1.026716,0.42163,5.00
0.063660,4.988549,1.028730,0.42157,5.00
0.063670,4.990177,1.030492,0.42149,5.00
0.063680,4.991864,1.031991,0.42142,5.00
0.063690,4.993595,1.033218,0.42134,5.00
0.063700,4.995459,1.034166,0.42125,5.00
0.063710,4.997739,1.034782,0.42114,5.00
0.063720,5.000016,1.035034,0.42103,5.00
0.063730,5.002274,1.034922,0.42092,5.00
0.063740,5.004497,1.034449,0.42080,5.00
0.063750,5.006545,1.033623,0.42069,5.00
0.063760,5.008037,1.032511,0.42061,5.00
0.063770,5.009459,1.031163,0.42053,5.00
0.063780,5.010801,1.029591,0.42045,5.00
0.063790,5.012054,1.027807,0.42038,5.00
0.063800,5.013276,1.025827,0.42031,5.00
0.063810,5.014657,1.023634,0.42023,5.00
0.063820,5.015920,1.021225,0.42015,5.00
0.063830,5.017057,1.018619,0.42008,5.00
0.063840,5.018060,1.015837,0.42002,5.00
0.063850,5.018631,1.012900,0.41996,5.00
0.063860,5.017892,1.009971,0.41998,5.00
0.063870,5.017030,1.007166,0.42001,5.00
0.063880,5.016053,1.004504,0.42004,5.00
0.063890,5.014969,1.002002,0.42008,5.00
0.063900,5.014039,0.999679,0.42013,5.00
0.063910,5.014024,0.997427,0.42012,5.00
0.063920,5.013908,0.995181,0.42011,5.00
0.063930,5.013691,0.992959,0.42011,5.00
0.063940,5.013377,0.990775,0.42011,5.00
0.063950,5.012861,0.988646,0.42012,5.00
0.063960,5.011831,0.986638,0.42016,5.00
0.063970,5.010723,0.984797,0.42021,5.00
0.063980,5.009548,0.983137,0.42026,5.00
0.063990,5.008313,0.981668,0.42031,5.00
0.064000,5.007067,0.980398,0.42037,5.00
0.064010,5.005937,0.979318,0.42042,5.00
0.064020,5.004773,0.978419,0.42047,5.00
0.064030,5.003584,0.977708,0.42053,5.00
0.064040,5.002379,0.977188,0.42059,5.00
0.064050,5.001237,0.976862,0.42065,5.00
0.064060,5.000375,0.976696,0.42069,5.00
0.064070,4.999517,0.976668,0.42073,5.00
0.064080,4.998669,0.976777,0.42078,5.00
0.064090,4.997838,0.977021,0.42082,5.00
0.064100,4.996935,0.977397,0.42086,5.00
0.064110,4.995686,0.977947,0.42093,5.00
0.064120,4.994479,0.978695,0.42099,5.00
0.064130,4.993322,0.979634,0.42105,5.00
0.064140,4.992224,0.980756,0.42112,5.00
0.064150,4.991224,0.982052,0.42118,5.00
0.064160,4.990429,0.983493,0.42122,5.00
0.064170,4.989710,0.985059,0.42127,5.00
0.064180,4.989072,0.986737,0.42131,5.00
0.064190,4.988519,0.988513,0.42135,5.00
0.064200,4.988058,0.990374,0.42138,5.00
0.064210,4.987706,0.992303,0.42141,5.00
0.064220,4.987447,0.994285,0.42143,5.00
0.064230,4.987282,0.996304,0.42145,5.00
0.064240,4.987209,0.998346,0.42147,5.00
0.064250,4.987032,1.000396,0.42148,5.00
0.064260,4.986161,1.002533,0.42153,5.00
0.064270,4.985398,1.004805,0.42158,5.00
0.064280,4.984749,1.007195,0.42163,5.00
0.064290,4.984216,1.009683,0.42167,5.00
0.064300,4.983828,1.012252,0.42170,5.00
0.064310,4.983662,1.014869,0.42172,5.00
0.064320,4.983616,1.017508,0.42174,5.00
0.064330,4.983691,1.020149,0.42175,5.00
0.064340,4.983884,1.022773,0.42176,5.00
0.064350,4.984261,1.025361,0.42175,5.00
0.064360,4.985020,1.027861,0.42173,5.00
0.064370,4.985882,1.030236,0.42170,5.00
0.064380,4.986841,1.032469,0.42166,5.00
0.064390,4.987887,1.034544,0.42162,5.00
0.064400,4.988920,1.036449,0.42158,5.00
0.064410,4.989657,1.038214,0.42155,5.00
0.064420,4.990463,1.039858,0.42152,5.00
0.064430,4.991333,1.041370,0.42148,5.00
0.064440,4.992260,1.042741,0.42144,5.00
0.064450,4.993567,1.043961,0.42140,5.00
0.064460,4.996225,1.044864,0.42127,5.00
0.064470,4.998888,1.045341,0.42114,5.00
0.064480,5.001537,1.045392,0.42101,5.00
0.064490,5.004153,1.045020,0.42087,5.00
0.064500,5.006616,1.044232,0.42074,5.00
0.064510,5.008606,1.043085,0.42064,5.00
0.064520,5.010517,1.041622,0.42053,5.00
0.064530,5.012337,1.039857,0.42043,5.00
0.064540,5.014052,1.037804,0.42033,5.00
0.064550,5.015549,1.035482,0.42024,5.00
0.064560,5.016515,1.032958,0.42018,5.00
0.064570,5.017353,1.030285,0.42012,5.00
0.064580,5.018058,1.027484,0.42007,5.00
0.064590,5.018628,1.024574,0.42003,5.00
0.064600,5.019194,1.021580,0.41999,5.00
0.064610,5.020160,1.018457,0.41992,5.00
0.064620,5.020971,1.015186,0.41986,5.00
0.064630,5.021623,1.011792,0.41981,5.00
0.064640,5.022113,1.008300,0.41977,5.00
0.064650,5.022588,1.004737,0.41973,5.00
0.064660,5.023487,1.001057,0.41967,5.00
0.064670,5.024207,0.997241,0.41961,5.00
0.064680,5.024745,0.993318,0.41956,5.00
0.064690,5.025099,0.989316,0.41952,5.00
0.064700,5.025062,0.985265,0.41949,5.00
0.064710,5.024029,0.981294,0.41952,5.00
0.064720,5.022830,0.977495,0.41956,5.00
0.064730,5.021476,0.973895,0.41961,5.00
0.064740,5.019976,0.970518,0.41967,5.00
0.064750,5.018260,0.967386,0.41973,5.00
0.064760,5.016092,0.964562,0.41983,5.00
0.064770,5.013824,0.962089,0.41993,5.00
0.064780,5.011475,0.959982,0.42003,5.00
0.064790,5.009063,0.958254,0.42015,5.00
0.064800,5.006756,0.956915,0.42026,5.00
0.064810,5.005022,0.955898,0.42034,5.00
0.064820,5.003266,0.955160,0.42043,5.00
0.064830,5.001500,0.954703,0.42051,5.00
0.064840,4.999737,0.954530,0.42060,5.00
0.064850,4.997985,0.954638,0.42069,5.00
0.064860,4.996241,0.955027,0.42078,5.00
0.064870,4.994539,0.955694,0.42087,5.00
0.064880,4.992890,0.956631,0.42096,5.00
0.064890,4.991305,0.957830,0.42104,5.00
0.064900,4.989665,0.959279,0.42113,5.00
0.064910,4.987595,0.961029,0.42124,5.00
0.064920,4.985632,0.963106,0.42135,5.00
0.064930,4.983789,0.965493,0.42145,5.00
0.064940,4.982079,0.968169,0.42155,5.00
0.064950,4.980552,0.971113,0.42165,5.00
0.064960,4.979333,0.974282,0.42173,5.00
0.064970,4.978274,0.977640,0.42180,5.00
0.064980,4.977381,0.981161,0.42186,5.00
0.064990,4.976659,0.984817,0.42192,5.00
0.065000,4.976292,0.988582,0.42197,5.00
0.065010,4.976813,0.992340,0.42196,5.00
0.065020,4.977498,0.996009,0.42195,5.00
0.065030,4.978339,0.999561,0.42192,5.00
0.065040,4.979330,1.002972,0.42189,5.00
0.065050,4.980419,1.006219,0.42185,5.00
0.065060,4.981470,1.009299,0.42182,5.00
0.065070,4.982646,1.012206,0.42178,5.00
0.065080,4.983938,1.014920,0.42173,5.00
0.065090,4.985336,1.017422,0.42167,5.00
0.065100,4.986989,1.019696,0.42161,5.00
0.065110,4.989363,1.021651,0.42150,5.00
0.065120,4.991794,1.023223,0.42139,5.00
0.065130,4.994264,1.024405,0.42127,5.00
0.065140,4.996754,1.025190,0.42115,5.00
0.065150,4.998928,1.025576,0.42102,5.00
0.065160,4.999827,1.025716,0.42098,5.00
0.065170,5.000720,1.025713,0.42094,5.00
0.065180,5.001600,1.025567,0.42089,5.00
0.065190,5.002463,1.025280,0.42085,5.00
0.065200,5.003308,1.024857,0.42080,5.00
0.065210,5.004155,1.024297,0.42076,5.00
0.065220,5.004966,1.023602,0.42071,5.00
0.065230,5.005734,1.022780,0.42067,5.00
0.065240,5.006454,1.021836,0.42063,5.00
0.065250,5.007049,1.020779,0.42059,5.00
0.065260,5.007296,1.019653,0.42057,5.00
0.065270,5.007489,1.018489,0.42055,5.00
0.065280,5.007627,1.017297,0.42054,5.00
0.065290,5.007709,1.016085,0.42053,5.00
0.065300,5.007861,1.014862,0.42052,5.00
0.065310,5.008459,1.013577,0.42048,5.00
0.065320,5.008991,1.012198,0.42045,5.00
0.065330,5.009453,1.010738,0.42042,5.00
0.065340,5.009843,1.009206,0.42039,5.00
0.065350,5.010053,1.007615,0.42037,5.00
0.065360,5.009765,1.006028,0.42037,5.00
0.065370,5.009408,1.004489,0.42038,5.00
0.065380,5.008988,1.003011,0.42039,5.00
0.065390,5.008505,1.001602,0.42041,5.00
0.065400,5.008186,1.000273,0.42043,5.00
0.065410,5.008688,0.998927,0.42040,5.00
0.065420,5.009121,0.997503,0.42037,5.00
0.065430,5.009485,0.996013,0.42034,5.00
0.065440,5.009776,0.994468,0.42032,5.00
0.065450,5.009947,0.992880,0.42030,5.00
0.065460,5.009858,0.991282,0.42029,5.00
0.065470,5.009698,0.989702,0.42029,5.00
0.065480,5.009469,0.988150,0.42030,5.00
0.065490,5.009172,0.986637,0.42030,5.00
0.065500,5.009039,0.985176,0.42031,5.00
0.065510,5.009745,0.983665,0.42027,5.00
0.065520,5.010373,0.982045,0.42023,5.00
0.065530,5.010920,0.980328,0.42019,5.00
0.065540,5.011382,0.978527,0.42016,5.00
0.065550,5.011372,0.976656,0.42013,5.00
0.065560,5.009754,0.974913,0.42020,5.00
0.065570,5.008078,0.973431,0.42028,5.00
0.065580,5.006357,0.972220,0.42036,5.00
0.065590,5.004605,0.971286,0.42044,5.00
0.065600,5.002852,0.970633,0.42053,5.00
0.065610,5.001165,0.970255,0.42061,5.00
0.065620,4.999485,0.970147,0.42069,5.00
0.065630,4.997821,0.970308,0.42078,5.00
0.065640,4.996188,0.970733,0.42086,5.00
0.065650,4.994624,0.971419,0.42095,5.00
0.065660,4.993229,0.972343,0.42102,5.00
0.065670,4.991894,0.973489,0.42109,5.00
0.065680,4.990629,0.974845,0.42117,5.00
0.065690,4.989442,0.976401,0.42123,5.00
0.065700,4.988344,0.978143,0.42130,5.00
0.065710,4.987346,0.980056,0.42136,5.00
0.065720,4.986449,0.982125,0.42141,5.00
0.065730,4.985658,0.984333,0.42147,5.00
0.065740,4.984977,0.986664,0.42151,5.00
0.065750,4.984527,0.989098,0.42156,5.00
0.065760,4.984659,0.991562,0.42156,5.00
0.065770,4.984901,0.994000,0.42156,5.00
0.065780,4.985250,0.996395,0.42156,5.00
0.065790,4.985703,0.998730,0.42155,5.00
0.065800,4.986348,1.000989,0.42153,5.00
0.065810,4.987458,1.003110,0.42149,5.00
0.065820,4.988649,1.005050,0.42144,5.00
0.065830,4.989912,1.006796,0.42139,5.00
0.065840,4.991236,1.008338,0.42133,5.00
0.065850,4.992436,1.009665,0.42127,5.00
0.065860,4.992975,1.010855,0.42125,5.00
0.065870,4.993561,1.011957,0.42122,5.00
0.065880,4.994188,1.012963,0.42120,5.00
0.065890,4.994853,1.013867,0.42117,5.00
0.065900,4.995729,1.014663,0.42114,5.00
0.065910,4.997343,1.015260,0.42106,5.00
0.065920,4.998962,1.015599,0.42098,5.00
0.065930,5.000575,1.015679,0.42090,5.00
0.065940,5.002169,1.015501,0.42082,5.00
0.065950,5.003642,1.015070,0.42074,5.00
0.065960,5.004709,1.014433,0.42068,5.00
0.065970,5.005734,1.013628,0.42063,5.00
0.065980,5.006707,1.012661,0.42057,5.00
0.065990,5.007624,1.011540,0.42052,5.00
0.066000,5.008318,1.010274,0.42047,5.00
0.066010,5.008307,1.008952,0.42046,5.00
0.066020,5.008236,1.007635,0.42046,5.00
0.066030,5.008106,1.006331,0.42046,5.00
0.066040,5.007919,1.005050,0.42046,5.00
0.066050,5.007785,1.003801,0.42047,5.00
0.066060,5.008025,1.002542,0.42045,5.00
0.066070,5.008205,1.001247,0.42043,5.00
0.066080,5.008324,0.999925,0.42042,5.00
0.066090,5.008381,0.998587,0.42041,5.00
0.066100,5.008308,0.997243,0.42040,5.00
0.066110,5.007903,0.995934,0.42041,5.00
0.066120,5.007444,0.994693,0.42043,5.00
0.066130,5.006935,0.993528,0.42045,5.00
0.066140,5.006380,0.992445,0.42047,5.00
0.066150,5.005817,0.991454,0.42050,5.00
0.066160,5.005350,0.990543,0.42051,5.00
0.066170,5.004848,0.989709,0.42054,5.00
0.066180,5.004315,0.988956,0.42056,5.00
0.066190,5.003755,0.988290,0.42058,5.00
0.066200,5.002932,0.987715,0.42061,5.00
0.066210,5.001134,0.987349,0.42070,5.00
0.066220,4.999344,0.987271,0.42079,5.00
0.066230,4.997575,0.987478,0.42088,5.00
0.066240,4.995838,0.987967,0.42097,5.00
0.066250,4.994444,0.988733,0.42105,5.00
0.066260,4.994281,0.989624,0.42107,5.00
0.066270,4.994161,0.990540,0.42108,5.00
0.066280,4.994085,0.991473,0.42109,5.00
0.066290,4.994051,0.992417,0.42109,5.00
0.066300,4.993972,0.993364,0.42110,5.00
0.066310,4.993586,0.994351,0.42112,5.00
0.066320,4.993249,0.995397,0.42115,5.00
0.066330,4.992964,0.996495,0.42117,5.00
0.066340,4.992733,0.997636,0.42118,5.00
0.066350,4.992752,0.998812,0.42120,5.00
0.066360,4.993600,0.999920,0.42116,5.00
0.066370,4.994487,1.000891,0.42112,5.00
0.066380,4.995406,1.001718,0.42108,5.00
0.066390,4.996351,1.002397,0.42104,5.00
0.066400,4.997165,1.002925,0.42099,5.00
0.066410,4.997400,1.003369,0.42098,5.00
0.066420,4.997652,1.003774,0.42097,5.00
0.066430,4.997919,1.004139,0.42096,5.00
0.066440,4.998199,1.004460,0.42095,5.00
0.066450,4.998597,1.004736,0.42094,5.00
0.066460,4.999427,1.004914,0.42090,5.00
0.066470,5.000255,1.004959,0.42085,5.00
0.066480,5.001073,1.004872,0.42081,5.00
0.066490,5.001876,1.004654,0.42077,5.00
0.066500,5.002455,1.004309,0.42073,5.00
0.066510,5.002198,1.003937,0.42074,5.00
0.066520,5.001927,1.003607,0.42075,5.00
0.066530,5.001646,1.003321,0.42077,5.00
0.066540,5.001355,1.003080,0.42078,5.00
0.066550,5.001166,1.002886,0.42079,5.00
0.066560,5.001404,1.002688,0.42078,5.00
0.066570,5.001630,1.002452,0.42077,5.00
0.066580,5.001842,1.002180,0.42076,5.00
0.066590,5.002040,1.001876,0.42074,5.00
0.066600,5.002354,1.001540,0.42073,5.00
0.066610,5.003178,1.001112,0.42069,5.00
0.066620,5.003972,1.000553,0.42065,5.00
0.066630,5.004731,0.999869,0.42060,5.00
0.066640,5.005448,0.999065,0.42056,5.00
0.066650,5.005992,0.998149,0.42053,5.00
0.066660,5.005987,0.997187,0.42052,5.00
0.066670,5.005938,0.996228,0.42052,5.00
0.066680,5.005846,0.995280,0.42052,5.00
0.066690,5.005712,0.994347,0.42052,5.00
0.066700,5.005502,0.993438,0.42052,5.00
0.066710,5.005108,0.992575,0.42054,5.00
0.066720,5.004680,0.991778,0.42055,5.00
0.066730,5.004222,0.991050,0.42057,5.00
0.066740,5.003737,0.990396,0.42059,5.00
0.066750,5.003175,0.989821,0.42062,5.00
0.066760,5.002379,0.989354,0.42065,5.00
0.066770,5.001573,0.989015,0.42069,5.00
0.066780,5.000762,0.988806,0.42073,5.00
0.066790,4.999952,0.988726,0.42077,5.00
0.066800,4.999265,0.988775,0.42081,5.00
0.066810,4.999043,0.988898,0.42082,5.00
0.066820,4.998831,0.989056,0.42084,5.00
0.066830,4.998628,0.989247,0.42085,5.00
0.066840,4.998437,0.989470,0.42086,5.00
0.066850,4.998134,0.989724,0.42087,5.00
0.066860,4.997351,0.990065,0.42091,5.00
0.066870,4.996594,0.990530,0.42095,5.00
0.066880,4.995869,0.991115,0.42099,5.00
0.066890,4.995179,0.991815,0.42103,5.00
0.066900,4.994848,0.992624,0.42107,5.00
0.066910,4.995818,0.993382,0.42102,5.00
0.066920,4.996809,0.993985,0.42097,5.00
0.066930,4.997814,0.994428,0.42093,5.00
0.066940,4.998826,0.994710,0.42088,5.00
0.066950,4.999232,0.994830,0.42083,5.00
0.066960,4.997234,0.995079,0.42093,5.00
0.066970,4.995273,0.995645,0.42103,5.00
0.066980,4.993364,0.996524,0.42113,5.00
0.066990,4.991520,0.997705,0.42123,5.00
0.067000,4.990148,0.999178,0.42133,5.00
0.067010,4.990421,1.000742,0.42132,5.00
0.067020,4.990761,1.002259,0.42131,5.00
0.067030,4.991166,1.003719,0.42130,5.00
0.067040,4.991631,1.005111,0.42128,5.00
0.067050,4.992198,1.006427,0.42126,5.00
0.067060,4.992992,1.007635,0.42123,5.00
0.067070,4.993831,1.008714,0.42120,5.00
0.067080,4.994707,1.009658,0.42116,5.00
0.067090,4.995614,1.010460,0.42112,5.00
0.067100,4.996549,1.011115,0.42107,5.00
0.067110,4.997512,1.011620,0.42103,5.00
0.067120,4.998486,1.011969,0.42098,5.00
0.067130,4.999462,1.012163,0.42093,5.00
0.067140,5.000435,1.012200,0.42088,5.00
0.067150,5.001164,1.012082,0.42083,5.00
0.067160,5.000958,1.011922,0.42084,5.00
0.067170,5.000747,1.011795,0.42085,5.00
0.067180,5.000533,1.011702,0.42086,5.00
0.067190,5.000318,1.011643,0.42087,5.00
0.067200,5.000249,1.011618,0.42088,5.00
0.067210,5.000760,1.011558,0.42086,5.00
0.067220,5.001261,1.011416,0.42083,5.00
0.067230,5.001748,1.011195,0.42081,5.00
0.067240,5.002220,1.010896,0.42078,5.00
0.067250,5.002999,1.010522,0.42076,5.00
0.067260,5.005057,1.009920,0.42065,5.00
0.067270,5.007059,1.008991,0.42055,5.00
0.067280,5.008993,1.007744,0.42044,5.00
0.067290,5.010844,1.006191,0.42034,5.00
0.067300,5.012246,1.004346,0.42024,5.00
0.067310,5.012132,1.002394,0.42024,5.00
0.067320,5.011932,1.000465,0.42024,5.00
0.067330,5.011647,0.998570,0.42024,5.00
0.067340,5.011281,0.996725,0.42025,5.00
0.067350,5.011205,0.994942,0.42026,5.00
0.067360,5.012520,0.993056,0.42019,5.00
0.067370,5.013732,0.990964,0.42011,5.00
0.067380,5.014833,0.988683,0.42005,5.00
0.067390,5.015816,0.986230,0.41998,5.00
0.067400,5.016328,0.983626,0.41993,5.00
0.067410,5.015334,0.981056,0.41996,5.00
0.067420,5.014236,0.978650,0.42000,5.00
0.067430,5.013045,0.976423,0.42005,5.00
0.067440,5.011769,0.974391,0.42010,5.00
0.067450,5.010466,0.972566,0.42016,5.00
0.067460,5.009294,0.970937,0.42021,5.00
0.067470,5.008064,0.969498,0.42027,5.00
0.067480,5.006785,0.968259,0.42032,5.00
0.067490,5.005468,0.967226,0.42038,5.00
0.067500,5.003830,0.966405,0.42045,5.00
0.067510,5.001019,0.965940,0.42059,5.00
0.067520,4.998225,0.965925,0.42073,5.00
0.067530,4.995467,0.966355,0.42087,5.00
0.067540,4.992766,0.967225,0.42101,5.00
0.067550,4.990462,0.968524,0.42115,5.00
0.067560,4.989524,0.970086,0.42120,5.00
0.067570,4.988670,0.971794,0.42125,5.00
0.067580,4.987905,0.973635,0.42130,5.00
0.067590,4.987233,0.975595,0.42135,5.00
0.067600,4.986761,0.977659,0.42139,5.00
0.067610,4.986794,0.979761,0.42140,5.00
0.067620,4.986922,0.981854,0.42140,5.00
0.067630,4.987143,0.983923,0.42140,5.00
0.067640,4.987454,0.985953,0.42140,5.00
0.067650,4.987512,0.987929,0.42139,5.00
0.067660,4.986300,0.990001,0.42146,5.00
0.067670,4.985199,0.992263,0.42153,5.00
0.067680,4.984215,0.994696,0.42159,5.00
0.067690,4.983354,0.997282,0.42165,5.00
0.067700,4.982612,0.999999,0.42170,5.00
0.067710,4.981969,1.002833,0.42175,5.00
0.067720,4.981462,1.005764,0.42179,5.00
0.067730,4.981094,1.008770,0.42182,5.00
0.067740,4.980868,1.011829,0.42185,5.00
0.067750,4.980982,1.014918,0.42187,5.00
0.067760,4.982029,1.017919,0.42184,5.00
0.067770,4.983198,1.020747,0.42179,5.00
0.067780,4.984479,1.023383,0.42174,5.00
0.067790,4.985862,1.025809,0.42169,5.00
0.067800,4.987393,1.028011,0.42162,5.00
0.067810,4.989228,1.029945,0.42154,5.00
0.067820,4.991127,1.031583,0.42146,5.00
0.067830,4.993074,1.032915,0.42137,5.00
0.067840,4.995055,1.033933,0.42127,5.00
0.067850,4.997052,1.034634,0.42118,5.00
0.067860,4.999036,1.035015,0.42108,5.00
0.067870,5.001012,1.035079,0.42098,5.00
0.067880,5.002964,1.034828,0.42088,5.00
0.067890,5.004878,1.034266,0.42078,5.00
0.067900,5.006681,1.033399,0.42068,5.00
0.067910,5.008179,1.032266,0.42060,5.00
0.067920,5.009607,1.030895,0.42052,5.00
0.067930,5.010953,1.029300,0.42045,5.00
0.067940,5.012209,1.027492,0.42037,5.00
0.067950,5.013057,1.025488,0.42030,5.00
0.067960,5.012575,1.023450,0.42032,5.00
0.067970,5.012007,1.021494,0.42033,5.00
0.067980,5.011358,1.019631,0.42036,5.00
0.067990,5.010633,1.017876,0.42038,5.00
0.068000,5.010197,1.016239,0.42041,5.00
0.068010,5.011117,1.014561,0.42036,5.00
0.068020,5.011949,1.012738,0.42031,5.00
0.068030,5.012686,1.010787,0.42026,5.00
0.068040,5.013326,1.008722,0.42022,5.00
0.068050,5.013699,1.006558,0.42018,5.00
0.068060,5.013318,1.004392,0.42018,5.00
0.068070,5.012843,1.002290,0.42020,5.00
0.068080,5.012279,1.000268,0.42021,5.00
0.068090,5.011632,0.998340,0.42024,5.00
0.068100,5.011044,0.996519,0.42026,5.00
0.068110,5.010929,0.994751,0.42026,5.00
0.068120,5.010736,0.993005,0.42026,5.00
0.068130,5.010467,0.991293,0.42026,5.00
0.068140,5.010123,0.989628,0.42027,5.00
0.068150,5.009623,0.988020,0.42028,5.00
0.068160,5.008716,0.986523,0.42032,5.00
0.068170,5.007752,0.985173,0.42036,5.00
0.068180,5.006741,0.983980,0.42041,5.00
0.068190,5.005689,0.982951,0.42045,5.00
0.068200,5.004383,0.982091,0.42050,5.00
0.068210,5.002173,0.981512,0.42061,5.00
0.068220,4.999966,0.981287,0.42072,5.00
0.068230,4.997779,0.981415,0.42083,5.00
0.068240,4.995627,0.981891,0.42094,5.00
0.068250,4.993800,0.982709,0.42105,5.00
0.068260,4.993127,0.983730,0.42109,5.00
0.068270,4.992509,0.984856,0.42113,5.00
0.068280,4.991950,0.986079,0.42116,5.00
0.068290,4.991454,0.987389,0.42119,5.00
0.068300,4.990823,0.988775,0.42122,5.00
0.068310,4.989468,0.990323,0.42130,5.00
0.068320,4.988201,0.992085,0.42137,5.00
0.068330,4.987031,0.994045,0.42144,5.00
0.068340,4.985965,0.996188,0.42151,5.00
0.068350,4.985191,0.998497,0.42157,5.00
0.068360,4.985250,1.000867,0.42158,5.00
0.068370,4.985414,1.003224,0.42158,5.00
0.068380,4.985683,1.005549,0.42158,5.00
0.068390,4.986054,1.007828,0.42157,5.00
0.068400,4.986579,1.010042,0.42156,5.00
0.068410,4.987423,1.012151,0.42153,5.00
0.068420,4.988350,1.014121,0.42150,5.00
0.068430,4.989354,1.015939,0.42146,5.00
0.068440,4.990427,1.017594,0.42141,5.00
0.068450,4.991619,1.019074,0.42136,5.00
0.068460,4.993097,1.020342,0.42130,5.00
0.068470,4.994611,1.021372,0.42122,5.00
0.068480,4.996153,1.022158,0.42115,5.00
0.068490,4.997709,1.022697,0.42108,5.00
0.068500,4.999002,1.022987,0.42100,5.00
0.068510,4.999232,1.023155,0.42099,5.00
0.068520,4.999466,1.023285,0.42098,5.00
0.068530,4.999703,1.023378,0.42097,5.00
0.068540,4.999941,1.023433,0.42096,5.00
0.068550,5.000344,1.023450,0.42094,5.00
0.068560,5.001402,1.023349,0.42089,5.00
0.068570,5.002441,1.023080,0.42084,5.00
0.068580,5.003454,1.022645,0.42078,5.00
0.068590,5.004433,1.022049,0.42073,5.00
0.068600,5.005188,1.021298,0.42068,5.00
0.068610,5.005160,1.020488,0.42068,5.00
0.068620,5.005097,1.019683,0.42067,5.00
0.068630,5.004997,1.018890,0.42068,5.00
0.068640,5.004863,1.018114,0.42068,5.00
0.068650,5.004982,1.017361,0.42068,5.00
0.068660,5.006202,1.016499,0.42062,5.00
0.068670,5.007366,1.015444,0.42055,5.00
0.068680,5.008467,1.014205,0.42049,5.00
0.068690,5.009497,1.012793,0.42043,5.00
0.068700,5.010448,1.011219,0.42037,5.00
0.068710,5.011313,1.009497,0.42032,5.00
0.068720,5.012087,1.007640,0.42027,5.00
0.068730,5.012768,1.005663,0.42023,5.00
0.068740,5.013349,1.003581,0.42019,5.00
0.068750,5.013670,1.001411,0.42015,5.00
0.068760,5.013258,0.999244,0.42016,5.00
0.068770,5.012754,0.997147,0.42017,5.00
0.068780,5.012161,0.995135,0.42019,5.00
0.068790,5.011485,0.993221,0.42022,5.00
0.068800,5.010784,0.991419,0.42024,5.00
0.068810,5.010220,0.989715,0.42026,5.00
0.068820,5.009587,0.988104,0.42029,5.00
0.068830,5.008890,0.986598,0.42031,5.00
0.068840,5.008133,0.985205,0.42034,5.00
0.068850,5.007484,0.983937,0.42038,5.00
0.068860,5.007420,0.982723,0.42037,5.00
0.068870,5.007302,0.981522,0.42037,5.00
0.068880,5.007131,0.980342,0.42038,5.00
0.068890,5.006909,0.979191,0.42038,5.00
0.068900,5.006478,0.978079,0.42039,5.00
0.068910,5.005367,0.977088,0.42044,5.00
0.068920,5.004226,0.976277,0.42049,5.00
0.068930,5.003063,0.975650,0.42055,5.00
0.068940,5.001888,0.975209,0.42060,5.00
0.068950,5.000791,0.974957,0.42066,5.00
0.068960,5.000029,0.974853,0.42070,5.00
0.068970,4.999273,0.974872,0.42074,5.00
0.068980,4.998528,0.975011,0.42077,5.00
0.068990,4.997798,0.975269,0.42081,5.00
0.069000,4.997076,0.975643,0.42085,5.00
0.069010,4.996322,0.976136,0.42089,5.00
0.069020,4.995601,0.976749,0.42093,5.00
0.069030,4.994917,0.977475,0.42097,5.00
0.069040,4.994275,0.978310,0.42101,5.00
0.069050,4.993546,0.979245,0.42104,5.00
0.069060,4.992336,0.980338,0.42111,5.00
0.069070,4.991192,0.981622,0.42117,5.00
0.069080,4.990121,0.983086,0.42123,5.00
0.069090,4.989131,0.984718,0.42129,5.00
0.069100,4.988326,0.986505,0.42135,5.00
0.069110,4.988003,0.988386,0.42137,5.00
0.069120,4.987770,0.990314,0.42140,5.00
0.069130,4.987627,0.992276,0.42141,5.00
0.069140,4.987575,0.994257,0.42143,5.00
0.069150,4.987684,0.996243,0.42144,5.00
0.069160,4.988163,0.998185,0.42142,5.00
0.069170,4.988723,1.000047,0.42140,5.00
0.069180,4.989361,1.001816,0.42138,5.00
0.069190,4.990069,1.003479,0.42136,5.00
0.069200,4.990811,1.005027,0.42133,5.00
0.069210,4.991483,1.006464,0.42130,5.00
0.069220,4.992212,1.007790,0.42127,5.00
0.069230,4.992990,1.008998,0.42124,5.00
0.069240,4.993813,1.010079,0.42120,5.00
0.069250,4.994679,1.011027,0.42116,5.00
0.069260,4.995600,1.011834,0.42112,5.00
0.069270,4.996545,1.012491,0.42108,5.00
0.069280,4.997507,1.012997,0.42103,5.00
0.069290,4.998479,1.013348,0.42099,5.00
0.069300,4.999376,1.013543,0.42094,5.00
0.069310,4.999961,1.013620,0.42091,5.00
0.069320,5.000541,1.013603,0.42088,5.00
0.069330,5.001113,1.013494,0.42085,5.00
0.069340,5.001672,1.013293,0.42082,5.00
0.069350,5.002165,1.013004,0.42079,5.00
0.069360,5.002440,1.012652,0.42078,5.00
0.069370,5.002695,1.012258,0.42076,5.00
0.069380,5.002929,1.011823,0.42075,5.00
0.069390,5.003140,1.011351,0.42074,5.00
0.069400,5.003353,1.010847,0.42072,5.00
0.069410,5.003646,1.010301,0.42071,5.00
0.069420,5.003911,1.009710,0.42069,5.00
0.069430,5.004144,1.009077,0.42067,5.00
0.069440,5.004347,1.008408,0.42066,5.00
0.069450,5.004498,1.007709,0.42065,5.00
0.069460,5.004547,1.006992,0.42064,5.00
0.069470,5.004562,1.006268,0.42064,5.00
0.069480,5.004544,1.005544,0.42063,5.00
0.069490,5.004494,1.004823,0.42063,5.00
0.069500,5.004527,1.004112,0.42063,5.00
0.069510,5.004986,1.003361,0.42060,5.00
0.069520,5.005405,1.002537,0.42058,5.00
0.069530,5.005781,1.001648,0.42056,5.00
0.069540,5.006111,1.000701,0.42053,5.00
0.069550,5.006339,0.999703,0.42051,5.00
0.069560,5.006295,0.998689,0.42051,5.00
0.069570,5.006205,0.997683,0.42051,5.00
0.069580,5.006072,0.996694,0.42051,5.00
0.069590,5.005895,0.995728,0.42051,5.00
0.069600,5.005612,0.994792,0.42052,5.00
0.069610,5.005027,0.993924,0.42055,5.00
0.069620,5.004410,0.993151,0.42057,5.00
0.069630,5.003768,0.992478,0.42060,5.00
0.069640,5.003103,0.991909,0.42063,5.00
0.069650,5.002443,0.991447,0.42066,5.00
0.069660,5.001859,0.991084,0.42069,5.00
0.069670,5.001267,0.990815,0.42072,5.00
0.069680,5.000671,0.990641,0.42075,5.00
0.069690,5.000074,0.990563,0.42078,5.00
0.069700,4.999711,0.990580,0.42081,5.00
0.069710,5.000263,0.990581,0.42078,5.00
0.069720,5.000807,0.990495,0.42075,5.00
0.069730,5.001340,0.990322,0.42072,5.00
0.069740,5.001859,0.990064,0.42070,5.00
0.069750,5.002314,0.989725,0.42067,5.00
0.069760,5.002572,0.989327,0.42065,5.00
0.069770,5.002808,0.988889,0.42064,5.00
0.069780,5.003022,0.988415,0.42063,5.00
0.069790,5.003211,0.987907,0.42061,5.00
0.069800,5.003222,0.987370,0.42060,5.00
0.069810,5.002600,0.986882,0.42063,5.00
0.069820,5.001964,0.986494,0.42066,5.00
0.069830,5.001319,0.986208,0.42069,5.00
0.069840,5.000670,0.986025,0.42072,5.00
0.069850,5.000057,0.985947,0.42076,5.00
0.069860,4.999592,0.985954,0.42078,5.00
0.069870,4.999134,0.986036,0.42080,5.00
0.069880,4.998685,0.986192,0.42083,5.00
0.069890,4.998249,0.986418,0.42085,5.00
0.069900,4.997667,0.986714,0.42087,5.00
0.069910,4.996459,0.987154,0.42094,5.00
0.069920,4.995287,0.987786,0.42100,5.00
0.069930,4.994159,0.988603,0.42106,5.00
0.069940,4.993084,0.989599,0.42112,5.00
0.069950,4.992196,0.990765,0.42118,5.00
0.069960,4.991882,0.992029,0.42120,5.00
0.069970,4.991629,0.993341,0.42122,5.00
0.069980,4.991438,0.994691,0.42123,5.00
0.069990,4.991312,0.996068,0.42125,5.00
0.070000,4.991212,0.997463,0.42126,5.00
0.070010,4.991029,0.998883,0.42128,5.00
0.070020,4.990912,1.000330,0.42129,5.00
0.070030,4.990863,1.001793,0.42130,5.00
0.070040,4.990880,1.003260,0.42131,5.00
0.070050,4.990792,1.004722,0.42131,5.00
0.070060,4.990089,1.006251,0.42135,5.00
0.070070,4.989464,1.007888,0.42140,5.00
0.070080,4.988922,1.009622,0.42143,5.00
0.070090,4.988465,1.011439,0.42146,5.00
0.070100,4.988239,1.013325,0.42149,5.00
0.070110,4.988664,1.015198,0.42148,5.00
0.070120,4.989169,1.017000,0.42147,5.00
0.070130,4.989749,1.018717,0.42145,5.00
0.070140,4.990398,1.020339,0.42142,5.00
0.070150,4.990903,1.021854,0.42140,5.00
0.070160,4.990638,1.023352,0.42142,5.00
0.070170,4.990445,1.024890,0.42143,5.00
0.070180,4.990324,1.026455,0.42145,5.00
0.070190,4.990275,1.028036,0.42146,5.00
0.070200,4.990568,1.029622,0.42147,5.00
0.070210,4.991999,1.031072,0.42140,5.00
0.070220,4.993477,1.032291,0.42134,5.00
0.070230,4.994990,1.033272,0.42126,5.00
0.070240,4.996527,1.034009,0.42119,5.00
0.070250,4.998008,1.034499,0.42112,5.00
0.070260,4.999217,1.034774,0.42106,5.00
0.070270,5.000421,1.034856,0.42100,5.00
0.070280,5.001614,1.034745,0.42094,5.00
0.070290,5.002785,1.034444,0.42088,5.00
0.070300,5.004078,1.033957,0.42082,5.00
0.070310,5.005934,1.033215,0.42072,5.00
0.070320,5.007731,1.032179,0.42062,5.00
0.070330,5.009457,1.030858,0.42053,5.00
0.070340,5.011101,1.029264,0.42044,5.00
0.070350,5.012411,1.027411,0.42035,5.00
0.070360,5.012669,1.025429,0.42033,5.00
0.070370,5.012834,1.023410,0.42031,5.00
0.070380,5.012906,1.021367,0.42029,5.00
0.070390,5.012884,1.019317,0.42028,5.00
0.070400,5.013004,1.017275,0.42028,5.00
0.070410,5.013965,1.015142,0.42022,5.00
0.070420,5.014817,1.012859,0.42016,5.00
0.070430,5.015553,1.010446,0.42011,5.00
0.070440,5.016171,1.007919,0.42007,5.00
0.070450,5.016744,1.005298,0.42003,5.00
0.070460,5.017504,1.002566,0.41998,5.00
0.070470,5.018130,0.999719,0.41993,5.00
0.070480,5.018618,0.996776,0.41989,5.00
0.070490,5.018967,0.993762,0.41985,5.00
0.070500,5.019129,0.990697,0.41983,5.00
0.070510,5.018967,0.987628,0.41982,5.00
0.070520,5.018668,0.984590,0.41982,5.00
0.070530,5.018236,0.981606,0.41982,5.00
0.070540,5.017674,0.978697,0.41983,5.00
0.070550,5.016857,0.975883,0.41985,5.00
0.070560,5.015403,0.973246,0.41991,5.00
0.070570,5.013848,0.970847,0.41998,5.00
0.070580,5.012206,0.968701,0.42005,5.00
0.070590,5.010488,0.966821,0.42012,5.00
0.070600,5.008761,0.965219,0.42020,5.00
0.070610,5.007189,0.963878,0.42028,5.00
0.070620,5.005579,0.962792,0.42035,5.00
0.070630,5.003940,0.961964,0.42043,5.00
0.070640,5.002286,0.961400,0.42051,5.00
0.070650,5.000631,0.961101,0.42059,5.00
0.070660,4.998994,0.961065,0.42067,5.00
0.070670,4.997378,0.961291,0.42075,5.00
0.070680,4.995793,0.961775,0.42084,5.00
0.070690,4.994251,0.962511,0.42092,5.00
0.070700,4.992594,0.963491,0.42100,5.00
0.070710,4.990329,0.964789,0.42112,5.00
0.070720,4.988153,0.966445,0.42124,5.00
0.070730,4.986080,0.968445,0.42135,5.00
0.070740,4.984127,0.970773,0.42146,5.00
0.070750,4.982399,0.973407,0.42157,5.00
0.070760,4.981190,0.976282,0.42165,5.00
0.070770,4.980128,0.979345,0.42172,5.00
0.070780,4.979219,0.982571,0.42178,5.00
0.070790,4.978467,0.985936,0.42183,5.00
0.070800,4.977769,0.989414,0.42188,5.00
0.070810,4.976801,0.993033,0.42195,5.00
0.070820,4.976009,0.996799,0.42201,5.00
0.070830,4.975399,1.000684,0.42206,5.00
0.070840,4.974973,1.004658,0.42211,5.00
0.070850,4.975028,1.008694,0.42214,5.00
0.070860,4.976441,1.012618,0.42209,5.00
0.070870,4.978013,1.016308,0.42203,5.00
0.070880,4.979731,1.019742,0.42196,5.00
0.070890,4.981582,1.022894,0.42189,5.00
0.070900,4.983579,1.025745,0.42181,5.00
0.070910,4.985794,1.028263,0.42171,5.00
0.070920,4.988092,1.030422,0.42160,5.00
0.070930,4.990458,1.032211,0.42150,5.00
0.070940,4.992873,1.033618,0.42138,5.00
0.070950,4.995228,1.034638,0.42127,5.00
0.070960,4.997235,1.035309,0.42117,5.00
0.070970,4.999245,1.035658,0.42107,5.00
0.070980,5.001243,1.035686,0.42097,5.00
0.070990,5.003217,1.035395,0.42087,5.00
0.071000,5.004963,1.034790,0.42077,5.00
0.071010,5.005910,1.033967,0.42072,5.00
0.071020,5.006808,1.032994,0.42067,5.00
0.071030,5.007650,1.031880,0.42062,5.00
0.071040,5.008430,1.030634,0.42057,5.00
0.071050,5.009300,1.029265,0.42053,5.00
0.071060,5.010719,1.027710,0.42045,5.00
0.071070,5.012048,1.025932,0.42037,5.00
0.071080,5.013279,1.023945,0.42030,5.00
0.071090,5.014403,1.021765,0.42023,5.00
0.071100,5.015308,1.019410,0.42017,5.00
0.071110,5.015670,1.016949,0.42014,5.00
0.071120,5.015915,1.014435,0.42011,5.00
0.071130,5.016044,1.011887,0.42009,5.00
0.071140,5.016055,1.009323,0.42007,5.00
0.071150,5.016224,1.006762,0.42007,5.00
0.071160,5.017363,1.004091,0.41999,5.00
0.071170,5.018365,1.001244,0.41993,5.00
0.071180,5.019225,0.998242,0.41987,5.00
0.071190,5.019938,0.995110,0.41982,5.00
0.071200,5.020251,0.991869,0.41977,5.00
0.071210,5.019427,0.988664,0.41979,5.00
0.071220,5.018469,0.985597,0.41983,5.00
0.071230,5.017386,0.982688,0.41986,5.00
0.071240,5.016185,0.979958,0.41991,5.00
0.071250,5.014965,0.977425,0.41996,5.00
0.071260,5.013999,0.975063,0.42000,5.00
0.071270,5.012939,0.972860,0.42004,5.00
0.071280,5.011793,0.970831,0.42008,5.00
0.071290,5.010571,0.968988,0.42014,5.00
0.071300,5.009231,0.967343,0.42019,5.00
0.071310,5.007635,0.965932,0.42026,5.00
0.071320,5.005996,0.964779,0.42034,5.00
0.071330,5.004327,0.963889,0.42042,5.00
0.071340,5.002641,0.963267,0.42050,5.00
0.071350,5.000992,0.962916,0.42058,5.00
0.071360,4.999523,0.962814,0.42066,5.00
0.071370,4.998069,0.962947,0.42073,5.00
0.071380,4.996641,0.963312,0.42080,5.00
0.071390,4.995248,0.963905,0.42088,5.00
0.071400,4.993782,0.964718,0.42095,5.00
0.071410,4.991901,0.965802,0.42105,5.00
0.071420,4.990095,0.967184,0.42115,5.00
0.071430,4.988376,0.968852,0.42124,5.00
0.071440,4.986754,0.970791,0.42134,5.00
0.071450,4.985288,0.972985,0.42142,5.00
0.071460,4.984118,0.975394,0.42150,5.00
0.071470,4.983072,0.977986,0.42156,5.00
0.071480,4.982159,0.980739,0.42162,5.00
0.071490,4.981382,0.983633,0.42168,5.00
0.071500,4.980762,0.986646,0.42173,5.00
0.071510,4.980351,0.989746,0.42176,5.00
0.071520,4.980086,0.992906,0.42179,5.00
0.071530,4.979967,0.996103,0.42182,5.00
0.071540,4.979995,0.999312,0.42183,5.00
0.071550,4.980585,1.002510,0.42184,5.00
0.071560,4.982973,1.005475,0.42174,5.00
0.071570,4.985463,1.008053,0.42163,5.00
0.071580,4.988036,1.010230,0.42151,5.00
0.071590,4.990673,1.011991,0.42139,5.00
0.071600,4.992790,1.013329,0.42126,5.00
0.071610,4.992698,1.014506,0.42127,5.00
0.071620,4.992661,1.015696,0.42128,5.00
0.071630,4.992677,1.016890,0.42129,5.00
0.071640,4.992748,1.018078,0.42129,5.00
0.071650,4.993188,1.019253,0.42129,5.00
0.071660,4.994933,1.020254,0.42121,5.00
0.071670,4.996701,1.020974,0.42112,5.00
0.071680,4.998477,1.021411,0.42104,5.00
0.071690,5.000249,1.021564,0.42095,5.00
0.071700,5.001758,1.021434,0.42086,5.00
0.071710,5.002263,1.021142,0.42083,5.00
0.071720,5.002747,1.020770,0.42081,5.00
0.071730,5.003208,1.020321,0.42078,5.00
0.071740,5.003642,1.019800,0.42075,5.00
0.071750,5.004273,1.019210,0.42073,5.00
0.071760,5.005768,1.018448,0.42065,5.00
0.071770,5.007209,1.017449,0.42057,5.00
0.071780,5.008585,1.016222,0.42050,5.00
0.071790,5.009887,1.014778,0.42043,5.00
0.071800,5.010919,1.013129,0.42036,5.00
0.071810,5.011117,1.011378,0.42034,5.00
0.071820,5.011233,1.009600,0.42032,5.00
0.071830,5.011267,1.007806,0.42031,5.00
0.071840,5.011219,1.006009,0.42030,5.00
0.071850,5.011106,1.004224,0.42030,5.00
0.071860,5.010970,1.002456,0.42030,5.00
0.071870,5.010757,1.000713,0.42030,5.00
0.071880,5.010467,0.999007,0.42030,5.00
0.071890,5.010104,0.997350,0.42031,5.00
0.071900,5.009614,0.995755,0.42032,5.00
0.071910,5.008834,0.994259,0.42035,5.00
0.071920,5.007997,0.992890,0.42039,5.00
0.071930,5.007108,0.991658,0.42043,5.00
0.071940,5.006176,0.990569,0.42047,5.00
0.071950,5.005179,0.989632,0.42051,5.00
0.071960,5.004041,0.988864,0.42056,5.00
0.071970,5.002884,0.988279,0.42062,5.00
0.071980,5.001715,0.987880,0.42068,5.00
0.071990,5.000544,0.987669,0.42073,5.00
0.072000,4.999636,0.987644,0.42079,5.00
0.072010,4.999760,0.987683,0.42079,5.00
0.072020,4.999884,0.987701,0.42078,5.00
0.072030,5.000008,0.987700,0.42077,5.00
0.072040,5.000129,0.987679,0.42077,5.00
0.072050,4.999885,0.987639,0.42076,5.00
0.072060,4.998201,0.987754,0.42085,5.00
0.072070,4.996545,0.988138,0.42093,5.00
0.072080,4.994928,0.988784,0.42102,5.00
0.072090,4.993363,0.989688,0.42110,5.00
0.072100,4.992103,0.990840,0.42118,5.00
0.072110,4.991881,0.992112,0.42120,5.00
0.072120,4.991721,0.993417,0.42121,5.00
0.072130,4.991621,0.994746,0.42123,5.00
0.072140,4.991583,0.996087,0.42124,5.00
0.072150,4.991373,0.997433,0.42124,5.00
0.072160,4.990298,0.998884,0.42130,5.00
0.072170,4.989302,1.000503,0.42136,5.00
0.072180,4.988394,1.002279,0.42142,5.00
0.072190,4.987578,1.004195,0.42147,5.00
0.072200,4.987266,1.006239,0.42152,5.00
0.072210,4.988669,1.008198,0.42146,5.00
0.072220,4.990142,1.009929,0.42139,5.00
0.072230,4.991673,1.011422,0.42132,5.00
0.072240,4.993252,1.012668,0.42125,5.00
0.072250,4.994541,1.013659,0.42118,5.00
0.072260,4.994568,1.014547,0.42118,5.00
0.072270,4.994635,1.015429,0.42118,5.00
0.072280,4.994741,1.016298,0.42118,5.00
0.072290,4.994885,1.017149,0.42118,5.00
0.072300,4.994868,1.017975,0.42117,5.00
0.072310,4.994103,1.018865,0.42122,5.00
0.072320,4.993388,1.019875,0.42126,5.00
0.072330,4.992729,1.020997,0.42130,5.00
0.072340,4.992129,1.022222,0.42133,5.00
0.072350,4.991700,1.023541,0.42137,5.00
0.072360,4.991761,1.024891,0.42137,5.00
0.072370,4.991883,1.026228,0.42137,5.00
0.072380,4.992063,1.027543,0.42137,5.00
0.072390,4.992301,1.028827,0.42136,5.00
0.072400,4.992661,1.030070,0.42136,5.00
0.072410,4.993343,1.031232,0.42133,5.00
0.072420,4.994068,1.032282,0.42130,5.00
0.072430,4.994831,1.033215,0.42126,5.00
0.072440,4.995626,1.034024,0.42123,5.00
0.072450,4.996606,1.034704,0.42119,5.00
0.072460,4.998235,1.035176,0.42111,5.00
0.072470,4.999864,1.035387,0.42103,5.00
0.072480,5.001481,1.035338,0.42095,5.00
0.072490,5.003073,1.035030,0.42087,5.00
0.072500,5.004769,1.034469,0.42079,5.00
0.072510,5.006966,1.033595,0.42067,5.00
0.072520,5.009095,1.032371,0.42056,5.00
0.072530,5.011140,1.030810,0.42045,5.00
0.072540,5.013086,1.028925,0.42034,5.00
0.072550,5.014779,1.026734,0.42024,5.00
0.072560,5.015783,1.024322,0.42017,5.00
0.072570,5.016664,1.021755,0.42011,5.00
0.072580,5.017418,1.019052,0.42006,5.00
0.072590,5.018039,1.016234,0.42001,5.00
0.072600,5.018779,1.013322,0.41997,5.00
0.072610,5.020395,1.010216,0.41988,5.00
0.072620,5.021848,1.006858,0.41979,5.00
0.072630,5.023129,1.003274,0.41970,5.00
0.072640,5.024231,0.999494,0.41963,5.00
0.072650,5.024743,0.995544,0.41956,5.00
0.072660,5.023460,0.991651,0.41960,5.00
0.072670,5.022018,0.987969,0.41965,5.00
0.072680,5.020428,0.984524,0.41971,5.00
0.072690,5.018704,0.981340,0.41978,5.00
0.072700,5.017075,0.978437,0.41986,5.00
0.072710,5.016191,0.975730,0.41989,5.00
0.072720,5.015197,0.973170,0.41993,5.00
0.072730,5.014101,0.970773,0.41997,5.00
0.072740,5.012911,0.968556,0.42002,5.00
0.072750,5.011713,0.966534,0.42007,5.00
0.072760,5.010746,0.964682,0.42011,5.00
0.072770,5.009709,0.962987,0.42015,5.00
0.072780,5.008609,0.961462,0.42020,5.00
0.072790,5.007454,0.960115,0.42025,5.00
0.072800,5.006010,0.958956,0.42030,5.00
0.072810,5.003565,0.958106,0.42042,5.00
0.072820,5.001113,0.957649,0.42054,5.00
0.072830,4.998674,0.957584,0.42066,5.00
0.072840,4.996264,0.957909,0.42079,5.00
0.072850,4.994123,0.958617,0.42091,5.00
0.072860,4.992921,0.959595,0.42097,5.00
0.072870,4.991780,0.960763,0.42104,5.00
0.072880,4.990707,0.962111,0.42110,5.00
0.072890,4.989710,0.963628,0.42116,5.00
0.072900,4.988500,0.965301,0.42121,5.00
0.072910,4.986210,0.967259,0.42134,5.00
0.072920,4.984039,0.969578,0.42146,5.00
0.072930,4.982002,0.972239,0.42158,5.00
0.072940,4.980114,0.975220,0.42169,5.00
0.072950,4.978697,0.978496,0.42179,5.00
0.072960,4.978691,0.981893,0.42181,5.00
0.072970,4.978838,0.985284,0.42182,5.00
0.072980,4.979136,0.988645,0.42182,5.00
0.072990,4.979583,0.991952,0.42182,5.00
0.073000,4.979853,0.995182,0.42181,5.00
0.073010,4.978990,0.998465,0.42187,5.00
0.073020,4.978287,1.001879,0.42192,5.00
0.073030,4.977749,1.005399,0.42197,5.00
0.073040,4.977376,1.008998,0.42201,5.00
0.073050,4.977339,1.012650,0.42204,5.00
0.073060,4.978133,1.016247,0.42202,5.00
0.073070,4.979079,1.019710,0.42199,5.00
0.073080,4.980168,1.023016,0.42195,5.00
0.073090,4.981393,1.026141,0.42191,5.00
0.073100,4.982726,1.029065,0.42186,5.00
0.073110,4.984109,1.031776,0.42180,5.00
0.073120,4.985595,1.034261,0.42174,5.00
0.073130,4.987174,1.036504,0.42167,5.00
0.073140,4.988833,1.038490,0.42160,5.00
0.073150,4.990380,1.040208,0.42152,5.00
0.073160,4.991268,1.041734,0.42149,5.00
0.073170,4.992212,1.043114,0.42145,5.00
0.073180,4.993207,1.044341,0.42140,5.00
0.073190,4.994243,1.045407,0.42136,5.00
0.073200,4.995607,1.046305,0.42131,5.00
0.073210,4.998154,1.046891,0.42118,5.00
0.073220,5.000693,1.047069,0.42106,5.00
0.073230,5.003207,1.046841,0.42093,5.00
0.073240,5.005677,1.046212,0.42080,5.00
0.073250,5.007992,1.045191,0.42068,5.00
0.073260,5.009861,1.043831,0.42058,5.00
0.073270,5.011643,1.042176,0.42048,5.00
0.073280,5.013327,1.040239,0.42038,5.00
0.073290,5.014900,1.038038,0.42029,5.00
0.073300,5.016241,1.035589,0.42020,5.00
0.073310,5.017010,1.032967,0.42015,5.00
0.073320,5.017650,1.030227,0.42010,5.00
0.073330,5.018157,1.027391,0.42006,5.00
0.073340,5.018529,1.024478,0.42003,5.00
0.073350,5.018843,1.021512,0.42000,5.00
0.073360,5.019332,1.018476,0.41996,5.00
0.073370,5.019677,1.015368,0.41993,5.00
0.073380,5.019876,1.012210,0.41990,5.00
0.073390,5.019930,1.009027,0.41988,5.00
0.073400,5.019903,1.005841,0.41987,5.00
0.073410,5.019986,1.002645,0.41984,5.00
0.073420,5.019922,0.999443,0.41983,5.00
0.073430,5.019715,0.996256,0.41982,5.00
0.073440,5.019366,0.993109,0.41982,5.00
0.073450,5.018870,0.990023,0.41983,5.00
0.073460,5.018207,0.987026,0.41985,5.00
0.073470,5.017416,0.984140,0.41987,5.00
0.073480,5.016506,0.981385,0.41990,5.00
0.073490,5.015484,0.978782,0.41994,5.00
0.073500,5.014409,0.976346,0.41998,5.00
0.073510,5.013446,0.974070,0.42002,5.00
0.073520,5.012393,0.971952,0.42006,5.00
0.073530,5.011258,0.970006,0.42011,5.00
0.073540,5.010050,0.968246,0.42016,5.00
0.073550,5.008782,0.966681,0.42021,5.00
0.073560,5.007472,0.965321,0.42027,5.00
0.073570,5.006118,0.964173,0.42033,5.00
0.073580,5.004730,0.963243,0.42040,5.00
0.073590,5.003319,0.962537,0.42046,5.00
0.073600,5.001871,0.962057,0.42053,5.00
0.073610,5.000327,0.961816,0.42061,5.00
0.073620,4.998793,0.961823,0.42069,5.00
0.073630,4.997281,0.962074,0.42076,5.00
0.073640,4.995799,0.962567,0.42084,5.00
0.073650,4.994250,0.963295,0.42092,5.00
0.073660,4.992314,0.964304,0.42102,5.00
0.073670,4.990450,0.965620,0.42112,5.00
0.073680,4.988671,0.967232,0.42122,5.00
0.073690,4.986988,0.969124,0.42131,5.00
0.073700,4.985405,0.971281,0.42140,5.00
0.073710,4.983906,0.973690,0.42149,5.00
0.073720,4.982536,0.976333,0.42158,5.00
0.073730,4.981304,0.979189,0.42165,5.00
0.073740,4.980218,0.982237,0.42172,5.00
0.073750,4.979295,0.985452,0.42179,5.00
0.073760,4.978575,0.988805,0.42184,5.00
0.073770,4.978016,0.992267,0.42189,5.00
0.073780,4.977621,0.995810,0.42193,5.00
0.073790,4.977391,0.999411,0.42196,5.00
0.073800,4.977681,1.003040,0.42198,5.00
0.073810,4.979536,1.006504,0.42191,5.00
0.073820,4.981523,1.009665,0.42183,5.00
0.073830,4.983626,1.012504,0.42174,5.00
0.073840,4.985829,1.015001,0.42164,5.00
0.073850,4.987705,1.017142,0.42154,5.00
0.073860,4.988018,1.019111,0.42153,5.00
0.073870,4.988415,1.021027,0.42152,5.00
0.073880,4.988894,1.022875,0.42151,5.00
0.073890,4.989450,1.024643,0.42149,5.00
0.073900,4.990190,1.026319,0.42147,5.00
0.073910,4.991439,1.027838,0.42141,5.00
0.073920,4.992741,1.029155,0.42135,5.00
0.073930,4.994084,1.030261,0.42129,5.00
0.073940,4.995460,1.031151,0.42123,5.00
0.073950,4.997042,1.031819,0.42116,5.00
0.073960,4.999366,1.032175,0.42105,5.00
0.073970,5.001674,1.032160,0.42093,5.00
0.073980,5.003951,1.031776,0.42082,5.00
0.073990,5.006180,1.031029,0.42070,5.00
0.074000,5.008152,1.029928,0.42059,5.00
0.074010,5.009277,1.028577,0.42052,5.00
0.074020,5.010325,1.027048,0.42046,5.00
0.074030,5.011291,1.025356,0.42040,5.00
0.074040,5.012167,1.023512,0.42035,5.00
0.074050,5.013140,1.021532,0.42030,5.00
0.074060,5.014774,1.019339,0.42020,5.00
0.074070,5.016287,1.016889,0.42012,5.00
0.074080,5.017669,1.014203,0.42003,5.00
0.074090,5.018911,1.011301,0.41995,5.00
0.074100,5.019800,1.008207,0.41988,5.00
0.074110,5.019719,1.005043,0.41987,5.00
0.074120,5.019497,1.001897,0.41986,5.00
0.074130,5.019135,0.998793,0.41986,5.00
0.074140,5.018637,0.995753,0.41987,5.00
0.074150,5.018035,0.992798,0.41989,5.00
0.074160,5.017409,0.989936,0.41990,5.00
0.074170,5.016663,0.987180,0.41993,5.00
0.074180,5.015801,0.984548,0.41995,5.00
0.074190,5.014832,0.982059,0.41999,5.00
0.074200,5.013784,0.979729,0.42003,5.00
0.074210,5.012725,0.977565,0.42007,5.00
0.074220,5.011583,0.975573,0.42012,5.00
0.074230,5.010365,0.973768,0.42017,5.00
0.074240,5.009083,0.972161,0.42023,5.00
0.074250,5.007617,0.970761,0.42029,5.00
0.074260,5.005600,0.969639,0.42038,5.00
0.074270,5.003560,0.968841,0.42048,5.00
0.074280,5.001511,0.968369,0.42058,5.00
0.074290,4.999468,0.968226,0.42068,5.00
0.074300,4.997637,0.968409,0.42078,5.00
0.074310,4.996598,0.968823,0.42084,5.00
0.074320,4.995593,0.969402,0.42089,5.00
0.074330,4.994627,0.970140,0.42094,5.00
0.074340,4.993707,0.971032,0.42099,5.00
0.074350,4.992816,0.972068,0.42104,5.00
0.074360,4.991891,0.973252,0.42110,5.00
0.074370,4.991032,0.974581,0.42115,5.00
0.074380,4.990244,0.976046,0.42119,5.00
0.074390,4.989534,0.977633,0.42124,5.00
0.074400,4.989028,0.979330,0.42128,5.00
0.074410,4.989095,0.981066,0.42129,5.00
0.074420,4.989240,0.982788,0.42129,5.00
0.074430,4.989461,0.984483,0.42129,5.00
0.074440,4.989755,0.986140,0.42128,5.00
0.074450,4.990085,0.987747,0.42127,5.00
0.074460,4.990342,0.989310,0.42127,5.00
0.074470,4.990666,0.990829,0.42126,5.00
0.074480,4.991054,0.992293,0.42125,5.00
0.074490,4.991503,0.993693,0.42123,5.00
0.074500,4.992072,0.995018,0.42121,5.00
0.074510,4.992937,0.996231,0.42118,5.00
0.074520,4.993846,0.997303,0.42114,5.00
0.074530,4.994791,0.998228,0.42110,5.00
0.074540,4.995765,0.999001,0.42105,5.00
0.074550,4.996653,0.999617,0.42100,5.00
0.074560,4.997124,1.000125,0.42098,5.00
0.074570,4.997611,1.000557,0.42096,5.00
0.074580,4.998112,1.000910,0.42094,5.00
0.074590,4.998622,1.001182,0.42091,5.00
0.074600,4.999198,1.001373,0.42089,5.00
0.074610,5.000013,1.001453,0.42085,5.00
0.074620,5.000820,1.001402,0.42081,5.00
0.074630,5.001615,1.001222,0.42077,5.00
0.074640,5.002390,1.000916,0.42073,5.00
0.074650,5.003143,1.000487,0.42069,5.00
0.074660,5.003871,0.999939,0.42065,5.00
0.074670,5.004565,0.999275,0.42061,5.00
0.074680,5.005219,0.998502,0.42057,5.00
0.074690,5.005829,0.997626,0.42054,5.00
0.074700,5.006150,0.996654,0.42050,5.00
0.074710,5.005459,0.995711,0.42053,5.00
0.074720,5.004735,0.994880,0.42057,5.00
0.074730,5.003983,0.994165,0.42060,5.00
0.074740,5.003208,0.993572,0.42063,5.00
0.074750,5.002381,0.993104,0.42067,5.00
0.074760,5.001400,0.992780,0.42072,5.00
0.074770,5.000416,0.992614,0.42077,5.00
0.074780,4.999439,0.992604,0.42082,5.00
0.074790,4.998474,0.992751,0.42087,5.00
0.074800,4.997615,0.993051,0.42091,5.00
0.074810,4.997127,0.993460,0.42094,5.00
0.074820,4.996664,0.993945,0.42097,5.00
0.074830,4.996229,0.994504,0.42099,5.00
0.074840,4.995825,0.995131,0.42102,5.00
0.074850,4.995606,0.995822,0.42104,5.00
0.074860,4.996023,0.996497,0.42102,5.00
0.074870,4.996464,0.997105,0.42100,5.00
0.074880,4.996927,0.997642,0.42098,5.00
0.074890,4.997408,0.998103,0.42096,5.00
0.074900,4.997649,0.998487,0.42094,5.00
0.074910,4.996891,0.998914,0.42098,5.00
0.074920,4.996163,0.999460,0.42102,5.00
0.074930,4.995470,1.000121,0.42106,5.00
0.074940,4.994815,1.000892,0.42109,5.00
0.074950,4.994308,1.001765,0.42113,5.00
0.074960,4.994258,1.002685,0.42114,5.00
0.074970,4.994251,1.003610,0.42114,5.00
0.074980,4.994286,1.004536,0.42114,5.00
0.074990,4.994362,1.005453,0.42114,5.00
0.075000,4.994558,1.006357,0.42114,5.00
0.075010,4.995109,1.007202,0.42112,5.00
0.075020,4.995691,1.007958,0.42110,5.00
0.075030,4.996300,1.008620,0.42107,5.00
0.075040,4.996930,1.009183,0.42104,5.00
0.075050,4.997887,1.009644,0.42101,5.00
0.075060,5.000084,1.009853,0.42090,5.00
0.075070,5.002261,1.009711,0.42079,5.00
0.075080,5.004403,1.009222,0.42068,5.00
0.075090,5.006493,1.008392,0.42057,5.00
0.075100,5.008138,1.007230,0.42046,5.00
0.075110,5.008193,1.005930,0.42045,5.00
0.075120,5.008189,1.004623,0.42045,5.00
0.075130,5.008126,1.003320,0.42044,5.00
0.075140,5.008005,1.002029,0.42044,5.00
0.075150,5.007938,1.000760,0.42044,5.00
0.075160,5.008260,0.999468,0.42042,5.00
0.075170,5.008518,0.998128,0.42040,5.00
0.075180,5.008712,0.996749,0.42038,5.00
0.075190,5.008841,0.995341,0.42037,5.00
0.075200,5.008869,0.993916,0.42036,5.00
0.075210,5.008687,0.992500,0.42036,5.00
0.075220,5.008444,0.991117,0.42037,5.00
0.075230,5.008142,0.989774,0.42037,5.00
0.075240,5.007783,0.988483,0.42038,5.00
0.075250,5.007279,0.987251,0.42040,5.00
0.075260,5.006361,0.986132,0.42044,5.00
0.075270,5.005405,0.985161,0.42048,5.00
0.075280,5.004418,0.984345,0.42053,5.00
0.075290,5.003407,0.983687,0.42057,5.00
0.075300,5.002771,0.983192,0.42062,5.00
0.075310,5.003676,0.982675,0.42057,5.00
0.075320,5.004545,0.982014,0.42053,5.00
0.075330,5.005373,0.981217,0.42048,5.00
0.075340,5.006154,0.980288,0.42044,5.00
0.075350,5.006396,0.979237,0.42039,5.00
0.075360,5.004658,0.978305,0.42048,5.00
0.075370,5.002901,0.977652,0.42056,5.00
0.075380,5.001137,0.977280,0.42065,5.00
0.075390,4.999381,0.977191,0.42074,5.00
0.075400,4.997832,0.977382,0.42082,5.00
0.075410,4.997061,0.977759,0.42086,5.00
0.075420,4.996316,0.978259,0.42090,5.00
0.075430,4.995605,0.978877,0.42094,5.00
0.075440,4.994931,0.979607,0.42098,5.00
0.075450,4.994352,0.980444,0.42102,5.00
0.075460,4.994029,0.981354,0.42104,5.00
0.075470,4.993752,0.982315,0.42106,5.00
0.075480,4.993522,0.983317,0.42107,5.00
0.075490,4.993341,0.984355,0.42109,5.00
0.075500,4.993073,0.985419,0.42110,5.00
0.075510,4.992319,0.986568,0.42115,5.00
0.075520,4.991626,0.987834,0.42119,5.00
0.075530,4.991001,0.989209,0.42123,5.00
0.075540,4.990446,0.990681,0.42126,5.00
0.075550,4.990046,0.992238,0.42130,5.00
0.075560,4.990044,0.993831,0.42130,5.00
0.075570,4.990113,0.995421,0.42131,5.00
0.075580,4.990254,0.996997,0.42131,5.00
0.075590,4.990465,0.998547,0.42131,5.00
0.075600,4.990504,1.000061,0.42130,5.00
0.075610,4.989666,1.001641,0.42135,5.00
0.075620,4.988910,1.003352,0.42140,5.00
0.075630,4.988241,1.005181,0.42144,5.00
0.075640,4.987665,1.007112,0.42148,5.00
0.075650,4.987228,1.009132,0.42152,5.00
0.075660,4.987066,1.011203,0.42154,5.00
0.075670,4.987000,1.013296,0.42155,5.00
0.075680,4.987029,1.015396,0.42156,5.00
0.075690,4.987153,1.017486,0.42157,5.00
0.075700,4.987353,1.019553,0.42157,5.00
0.075710,4.987577,1.021589,0.42157,5.00
0.075720,4.987890,1.023586,0.42156,5.00
0.075730,4.988290,1.025528,0.42155,5.00
0.075740,4.988772,1.027403,0.42154,5.00
0.075750,4.989216,1.029197,0.42152,5.00
0.075760,4.989275,1.030954,0.42153,5.00
0.075770,4.989413,1.032698,0.42153,5.00
0.075780,4.989628,1.034416,0.42153,5.00
0.075790,4.989918,1.036096,0.42152,5.00
0.075800,4.990519,1.037727,0.42151,5.00
0.075810,4.992137,1.039182,0.42144,5.00
0.075820,4.993798,1.040376,0.42136,5.00
0.075830,4.995491,1.041303,0.42128,5.00
0.075840,4.997204,1.041957,0.42120,5.00
0.075850,4.998833,1.042337,0.42112,5.00
0.075860,5.000101,1.042485,0.42105,5.00
0.075870,5.001358,1.042430,0.42099,5.00
0.075880,5.002596,1.042174,0.42093,5.00
0.075890,5.003806,1.041721,0.42086,5.00
0.075900,5.005110,1.041076,0.42080,5.00
0.075910,5.006888,1.040182,0.42071,5.00
0.075920,5.008601,1.039006,0.42061,5.00
0.075930,5.010238,1.037558,0.42052,5.00
0.075940,5.011788,1.035853,0.42044,5.00
0.075950,5.013086,1.033903,0.42035,5.00
0.075960,5.013670,1.031798,0.42031,5.00
0.075970,5.014151,1.029605,0.42028,5.00
0.075980,5.014526,1.027338,0.42024,5.00
0.075990,5.014793,1.025016,0.42022,5.00
0.076000,5.015311,1.022656,0.42020,5.00
0.076010,5.017142,1.020103,0.42009,5.00
0.076020,5.018833,1.017263,0.41999,5.00
0.076030,5.020372,1.014158,0.41990,5.00
0.076040,5.021751,1.010813,0.41981,5.00
0.076050,5.022764,1.007255,0.41973,5.00
0.076060,5.022822,1.003605,0.41971,5.00
0.076070,5.022715,0.999953,0.41969,5.00
0.076080,5.022444,0.996325,0.41969,5.00
0.076090,5.022012,0.992747,0.41969,5.00
0.076100,5.021531,0.989244,0.41970,5.00
0.076110,5.021321,0.985791,0.41969,5.00
0.076120,5.020958,0.982379,0.41969,5.00
0.076130,5.020445,0.979031,0.41970,5.00
0.076140,5.019788,0.975771,0.41971,5.00
0.076150,5.018884,0.972622,0.41974,5.00
0.076160,5.017421,0.969658,0.41979,5.00
0.076170,5.015844,0.966934,0.41986,5.00
0.076180,5.014164,0.964466,0.41993,5.00
0.076190,5.012395,0.962272,0.42001,5.00
0.076200,5.010514,0.960364,0.42009,5.00
0.076210,5.008430,0.958771,0.42018,5.00
0.076220,5.006301,0.957514,0.42028,5.00
0.076230,5.004144,0.956599,0.42039,5.00
0.076240,5.001975,0.956030,0.42049,5.00
0.076250,4.999718,0.955808,0.42060,5.00
0.076260,4.997122,0.955977,0.42073,5.00
0.076270,4.994567,0.956559,0.42086,5.00
0.076280,4.992074,0.957547,0.42099,5.00
0.076290,4.989658,0.958932,0.42112,5.00
0.076300,4.987452,0.960699,0.42125,5.00
0.076310,4.985805,0.962779,0.42134,5.00
0.076320,4.984276,0.965118,0.42143,5.00
0.076330,4.982872,0.967697,0.42152,5.00
0.076340,4.981604,0.970494,0.42160,5.00
0.076350,4.980488,0.973489,0.42167,5.00
0.076360,4.979553,0.976653,0.42173,5.00
0.076370,4.978775,0.979961,0.42179,5.00
0.076380,4.978156,0.983386,0.42184,5.00
0.076390,4.977701,0.986904,0.42188,5.00
0.076400,4.977569,0.990488,0.42192,5.00
0.076410,4.978227,0.994035,0.42190,5.00
0.076420,4.979036,0.997471,0.42188,5.00
0.076430,4.979990,1.000772,0.42185,5.00
0.076440,4.981081,1.003913,0.42181,5.00
0.076450,4.982176,1.006875,0.42177,5.00
0.076460,4.982903,1.009696,0.42175,5.00
0.076470,4.983748,1.012395,0.42172,5.00
0.076480,4.984703,1.014954,0.42168,5.00
0.076490,4.985762,1.017356,0.42164,5.00
0.076500,4.986911,1.019584,0.42160,5.00
0.076510,4.988133,1.021626,0.42155,5.00
0.076520,4.989430,1.023469,0.42149,5.00
0.076530,4.990794,1.025101,0.42143,5.00
0.076540,4.992213,1.026513,0.42137,5.00
0.076550,4.993611,1.027695,0.42130,5.00
0.076560,4.994781,1.028673,0.42125,5.00
0.076570,4.995980,1.029462,0.42119,5.00
0.076580,4.997199,1.030059,0.42114,5.00
0.076590,4.998428,1.030459,0.42108,5.00
0.076600,4.999697,1.030663,0.42102,5.00
0.076610,5.001108,1.030652,0.42095,5.00
0.076620,5.002500,1.030415,0.42087,5.00
0.076630,5.003863,1.029957,0.42080,5.00
0.076640,5.005186,1.029282,0.42073,5.00
0.076650,5.006495,1.028397,0.42066,5.00
0.076660,5.007883,1.027294,0.42059,5.00
0.076670,5.009201,1.025972,0.42052,5.00
0.076680,5.010443,1.024441,0.42044,5.00
0.076690,5.011598,1.022716,0.42038,5.00
0.076700,5.012465,1.020809,0.42031,5.00
0.076710,5.012460,1.018830,0.42030,5.00
0.076720,5.012364,1.016856,0.42030,5.00
0.076730,5.012181,1.014900,0.42030,5.00
0.076740,5.011912,1.012977,0.42030,5.00
0.076750,5.011973,1.011101,0.42031,5.00
0.076760,5.013595,1.009086,0.42021,5.00
0.076770,5.015105,1.006816,0.42013,5.00
0.076780,5.016491,1.004310,0.42004,5.00
0.076790,5.017745,1.001588,0.41996,5.00
0.076800,5.018523,0.998671,0.41989,5.00
0.076810,5.017819,0.995743,0.41991,5.00
0.076820,5.016992,0.992933,0.41994,5.00
0.076830,5.016048,0.990260,0.41997,5.00
0.076840,5.014997,0.987743,0.42001,5.00
0.076850,5.013940,0.985398,0.42005,5.00
0.076860,5.013170,0.983196,0.42008,5.00
0.076870,5.012310,0.981122,0.42011,5.00
0.076880,5.011368,0.979188,0.42015,5.00
0.076890,5.010351,0.977409,0.42019,5.00
0.076900,5.009215,0.975795,0.42024,5.00
0.076910,5.007811,0.974383,0.42030,5.00
0.076920,5.006362,0.973198,0.42037,5.00
0.076930,5.004878,0.972246,0.42044,5.00
0.076940,5.003372,0.971532,0.42051,5.00
0.076950,5.001962,0.971061,0.42058,5.00
0.076960,5.000981,0.970780,0.42063,5.00
0.076970,5.000000,0.970657,0.42068,5.00
0.076980,4.999028,0.970691,0.42073,5.00
0.076990,4.998069,0.970880,0.42078,5.00
0.077000,4.997067,0.971221,0.42082,5.00
0.077010,4.995833,0.971743,0.42089,5.00
0.077020,4.994639,0.972461,0.42095,5.00
0.077030,4.993493,0.973368,0.42102,5.00
0.077040,4.992404,0.974456,0.42108,5.00
0.077050,4.991277,0.975716,0.42113,5.00
0.077060,4.989819,0.977186,0.42122,5.00
0.077070,4.988446,0.978886,0.42129,5.00
0.077080,4.987168,0.980801,0.42137,5.00
0.077090,4.985995,0.982917,0.42144,5.00
0.077100,4.985109,0.985216,0.42150,5.00
0.077110,4.985039,0.987596,0.42152,5.00
0.077120,4.985079,0.989982,0.42153,5.00
0.077130,4.985225,0.992358,0.42154,5.00
0.077140,4.985477,0.994705,0.42154,5.00
0.077150,4.985714,0.997008,0.42153,5.00
0.077160,4.985582,0.999307,0.42155,5.00
0.077170,4.985556,1.001622,0.42157,5.00
0.077180,4.985636,1.003936,0.42157,5.00
0.077190,4.985818,1.006234,0.42158,5.00
0.077200,4.986117,1.008498,0.42158,5.00
0.077210,4.986570,1.010706,0.42156,5.00
0.077220,4.987117,1.012837,0.42155,5.00
0.077230,4.987752,1.014877,0.42153,5.00
0.077240,4.988472,1.016811,0.42150,5.00
0.077250,4.989411,1.018627,0.42147,5.00
0.077260,4.990983,1.020244,0.42140,5.00
0.077270,4.992606,1.021607,0.42133,5.00
0.077280,4.994269,1.022709,0.42125,5.00
0.077290,4.995960,1.023543,0.42117,5.00
0.077300,4.997583,1.024105,0.42109,5.00
0.077310,4.998876,1.024435,0.42103,5.00
0.077320,5.000167,1.024557,0.42096,5.00
0.077330,5.001447,1.024473,0.42090,5.00
0.077340,5.002705,1.024185,0.42083,5.00
0.077350,5.003821,1.023697,0.42077,5.00
0.077360,5.004456,1.023067,0.42073,5.00
0.077370,5.005053,1.022337,0.42070,5.00
0.077380,5.005610,1.021513,0.42067,5.00
0.077390,5.006121,1.020602,0.42063,5.00
0.077400,5.006718,1.019611,0.42061,5.00
0.077410,5.007793,1.018483,0.42055,5.00
0.077420,5.008802,1.017187,0.42049,5.00
0.077430,5.009739,1.015732,0.42043,5.00
0.077440,5.010598,1.014130,0.42038,5.00
0.077450,5.011433,1.012394,0.42033,5.00
0.077460,5.012423,1.010508,0.42027,5.00
0.077470,5.013313,1.008469,0.42022,5.00
0.077480,5.014100,1.006291,0.42017,5.00
0.077490,5.014777,1.003992,0.42012,5.00
0.077500,5.015193,1.001589,0.42008,5.00
0.077510,5.014903,0.999172,0.42008,5.00
0.077520,5.014508,0.996806,0.42009,5.00
0.077530,5.014011,0.994507,0.42010,5.00
0.077540,5.013416,0.992292,0.42012,5.00
0.077550,5.012586,0.990176,0.42014,5.00
0.077560,5.011098,0.988243,0.42020,5.00
0.077570,5.009542,0.986551,0.42027,5.00
0.077580,5.007931,0.985110,0.42035,5.00
0.077590,5.006276,0.983930,0.42042,5.00
0.077600,5.004860,0.983015,0.42050,5.00
0.077610,5.004499,0.982242,0.42052,5.00
0.077620,5.004109,0.981527,0.42053,5.00
0.077630,5.003691,0.980877,0.42055,5.00
0.077640,5.003249,0.980294,0.42057,5.00
0.077650,5.002637,0.979784,0.42059,5.00
0.077660,5.001419,0.979419,0.42065,5.00
0.077670,5.000200,0.979250,0.42071,5.00
0.077680,4.998990,0.979275,0.42077,5.00
0.077690,4.997798,0.979493,0.42083,5.00
0.077700,4.996598,0.979902,0.42089,5.00
0.077710,4.995299,0.980512,0.42096,5.00
0.077720,4.994046,0.981327,0.42103,5.00
0.077730,4.992847,0.982341,0.42109,5.00
0.077740,4.991709,0.983545,0.42116,5.00
0.077750,4.990792,0.984928,0.42122,5.00
0.077760,4.990550,0.986406,0.42124,5.00
0.077770,4.990378,0.987920,0.42125,5.00
0.077780,4.990276,0.989459,0.42127,5.00
0.077790,4.990246,0.991011,0.42128,5.00
0.077800,4.990242,0.992565,0.42128,5.00
0.077810,4.990130,0.994131,0.42130,5.00
0.077820,4.990091,0.995712,0.42131,5.00
0.077830,4.990124,0.997296,0.42132,5.00
0.077840,4.990228,0.998872,0.42132,5.00
0.077850,4.990151,1.000428,0.42132,5.00
0.077860,4.989146,1.002074,0.42138,5.00
0.077870,4.988230,1.003877,0.42143,5.00
0.077880,4.987407,1.005822,0.42149,5.00
0.077890,4.986683,1.007895,0.42153,5.00
0.077900,4.986391,1.010080,0.42158,5.00
0.077910,4.987503,1.012202,0.42153,5.00
0.077920,4.988697,1.014143,0.42148,5.00
0.077930,4.989962,1.015889,0.42143,5.00
0.077940,4.991290,1.017430,0.42137,5.00
0.077950,4.992755,1.018756,0.42131,5.00
0.077960,4.994602,1.019819,0.42122,5.00
0.077970,4.996472,1.020585,0.42113,5.00
0.077980,4.998352,1.021051,0.42104,5.00
0.077990,5.000228,1.021216,0.42095,5.00
0.078000,5.002047,1.021081,0.42085,5.00
0.078010,5.003683,1.020669,0.42077,5.00
0.078020,5.005279,1.019997,0.42069,5.00
0.078030,5.006822,1.019071,0.42060,5.00
0.078040,5.008303,1.017900,0.42052,5.00
0.078050,5.009635,1.016496,0.42044,5.00
0.078060,5.010583,1.014906,0.42039,5.00
0.078070,5.011446,1.013168,0.42033,5.00
0.078080,5.012218,1.011296,0.42029,5.00
0.078090,5.012896,1.009304,0.42024,5.00
0.078100,5.013402,1.007207,0.42020,5.00
0.078110,5.013523,1.005057,0.42018,5.00
0.078120,5.013544,1.002892,0.42017,5.00
0.078130,5.013468,1.000727,0.42016,5.00
0.078140,5.013294,0.998579,0.42016,5.00
0.078150,5.013063,0.996462,0.42016,5.00
0.078160,5.012891,0.994374,0.42016,5.00
0.078170,5.012627,0.992318,0.42016,5.00
0.078180,5.012274,0.990308,0.42017,5.00
0.078190,5.011834,0.988358,0.42018,5.00
0.078200,5.011448,0.986482,0.42019,5.00
0.078210,5.011525,0.984627,0.42018,5.00
0.078220,5.011518,0.982764,0.42017,5.00
0.078230,5.011426,0.980906,0.42017,5.00
0.078240,5.011251,0.979066,0.42016,5.00
0.078250,5.010693,0.977257,0.42017,5.00
0.078260,5.008857,0.975638,0.42025,5.00
0.078270,5.006973,0.974315,0.42034,5.00
0.078280,5.005053,0.973295,0.42043,5.00
0.078290,5.003114,0.972584,0.42052,5.00
0.078300,5.001296,0.972183,0.42062,5.00
0.078310,4.999992,0.972032,0.42068,5.00
0.078320,4.998698,0.972090,0.42075,5.00
0.078330,4.997425,0.972354,0.42081,5.00
0.078340,4.996180,0.972821,0.42088,5.00
0.078350,4.995009,0.973486,0.42094,5.00
0.078360,4.994025,0.974325,0.42100,5.00
0.078370,4.993092,0.975319,0.42105,5.00
0.078380,4.992216,0.976460,0.42110,5.00
0.078390,4.991404,0.977739,0.42115,5.00
0.078400,4.990714,0.979146,0.42119,5.00
0.078410,4.990310,0.980642,0.42122,5.00
0.078420,4.989978,0.982201,0.42124,5.00
0.078430,4.989721,0.983809,0.42127,5.00
0.078440,4.989540,0.985455,0.42128,5.00
0.078450,4.989476,0.987128,0.42130,5.00
0.078460,4.989645,0.988794,0.42130,5.00
0.078470,4.989887,0.990431,0.42130,5.00
0.078480,4.990199,0.992026,0.42129,5.00
0.078490,4.990580,0.993568,0.42128,5.00
0.078500,4.990784,0.995046,0.42126,5.00
0.078510,4.990093,0.996566,0.42131,5.00
0.078520,4.989480,0.998194,0.42135,5.00
0.078530,4.988949,0.999916,0.42138,5.00
0.078540,4.988503,1.001720,0.42142,5.00
0.078550,4.988243,1.003591,0.42144,5.00
0.078560,4.988464,1.005468,0.42144,5.00
0.078570,4.988766,1.007307,0.42144,5.00
0.078580,4.989147,1.009094,0.42143,5.00
0.078590,4.989605,1.010816,0.42141,5.00
0.078600,4.990074,1.012462,0.42140,5.00
0.078610,4.990373,1.014050,0.42139,5.00
0.078620,4.990739,1.015586,0.42138,5.00
0.078630,4.991171,1.017061,0.42137,5.00
0.078640,4.991663,1.018465,0.42135,5.00
0.078650,4.992297,1.019787,0.42133,5.00
0.078660,4.993320,1.020978,0.42128,5.00
0.078670,4.994382,1.022003,0.42124,5.00
0.078680,4.995477,1.022857,0.42119,5.00
0.078690,4.996596,1.023535,0.42113,5.00
0.078700,4.997597,1.024033,0.42108,5.00
0.078710,4.998079,1.024412,0.42106,5.00
0.078720,4.998572,1.024714,0.42103,5.00
0.078730,4.999072,1.024936,0.42101,5.00
0.078740,4.999575,1.025078,0.42099,5.00
0.078750,5.000080,1.025139,0.42096,5.00
0.078760,5.000591,1.025119,0.42093,5.00
0.078770,5.001094,1.025017,0.42091,5.00
0.078780,5.001585,1.024835,0.42088,5.00
0.078790,5.002062,1.024575,0.42086,5.00
0.078800,5.002512,1.024239,0.42083,5.00
0.078810,5.002908,1.023835,0.42081,5.00
0.078820,5.003280,1.023368,0.42079,5.00
0.078830,5.003626,1.022843,0.42077,5.00
0.078840,5.003943,1.022263,0.42075,5.00
0.078850,5.004466,1.021633,0.42073,5.00
0.078860,5.005891,1.020846,0.42066,5.00
0.078870,5.007261,1.019833,0.42058,5.00
0.078880,5.008567,1.018604,0.42051,5.00
0.078890,5.009800,1.017168,0.42044,5.00
0.078900,5.010513,1.015538,0.42037,5.00
0.078910,5.009404,1.013938,0.42042,5.00
0.078920,5.008237,1.012517,0.42047,5.00
0.078930,5.007021,1.011285,0.42052,5.00
0.078940,5.005766,1.010250,0.42058,5.00
0.078950,5.004847,1.009416,0.42064,5.00
0.078960,5.005355,1.008614,0.42061,5.00
0.078970,5.005820,1.007732,0.42058,5.00
0.078980,5.006238,1.006778,0.42056,5.00
0.078990,5.006609,1.005759,0.42053,5.00
0.079000,5.006838,1.004682,0.42051,5.00
0.079010,5.006660,1.003600,0.42051,5.00
0.079020,5.006435,1.002548,0.42052,5.00
0.079030,5.006165,1.001534,0.42053,5.00
0.079040,5.005853,1.000565,0.42054,5.00
0.079050,5.005381,0.999648,0.42055,5.00
0.079060,5.004392,0.998847,0.42060,5.00
0.079070,5.003381,0.998204,0.42064,5.00
0.079080,5.002354,0.997724,0.42069,5.00
0.079090,5.001319,0.997409,0.42074,5.00
0.079100,5.000435,0.997260,0.42079,5.00
0.079110,5.000155,0.997204,0.42081,5.00
0.079120,4.999876,0.997192,0.42082,5.00
0.079130,4.999600,0.997226,0.42084,5.00
0.079140,4.999329,0.997303,0.42085,5.00
0.079150,4.999053,0.997423,0.42086,5.00
0.079160,4.998734,0.997591,0.42088,5.00
0.079170,4.998427,0.997810,0.42090,5.00
0.079180,4.998133,0.998077,0.42091,5.00
0.079190,4.997856,0.998391,0.42093,5.00
0.079200,4.997650,0.998748,0.42094,5.00
0.079210,4.997674,0.999120,0.42094,5.00
0.079220,4.997715,0.999488,0.42094,5.00
0.079230,4.997771,0.999849,0.42094,5.00
0.079240,4.997843,1.000200,0.42094,5.00
0.079250,4.998083,1.000539,0.42094,5.00
0.079260,4.998941,1.000790,0.42090,5.00
0.079270,4.999800,1.000904,0.42086,5.00
0.079280,5.000652,1.000881,0.42081,5.00
0.079290,5.001491,1.000722,0.42077,5.00
0.079300,5.002071,1.000429,0.42073,5.00
0.079310,5.001671,1.000122,0.42075,5.00
0.079320,5.001263,0.999879,0.42076,5.00
0.079330,5.000849,0.999701,0.42078,5.00
0.079340,5.000433,0.999590,0.42080,5.00
0.079350,5.000278,0.999545,0.42082,5.00
0.079360,5.001165,0.999442,0.42078,5.00
0.079370,5.002035,0.999197,0.42074,5.00
0.079380,5.002882,0.998814,0.42069,5.00
0.079390,5.003700,0.998297,0.42065,5.00
0.079400,5.004385,0.997650,0.42060,5.00
0.079410,5.004636,0.996927,0.42059,5.00
0.079420,5.004852,0.996166,0.42057,5.00
0.079430,5.005030,0.995371,0.42056,5.00
0.079440,5.005169,0.994550,0.42055,5.00
0.079450,5.005042,0.993708,0.42054,5.00
0.079460,5.003973,0.992961,0.42059,5.00
0.079470,5.002884,0.992385,0.42064,5.00
0.079480,5.001783,0.991985,0.42069,5.00
0.079490,5.000679,0.991761,0.42075,5.00
0.079500,4.999582,0.991714,0.42080,5.00
0.079510,4.998505,0.991841,0.42086,5.00
0.079520,4.997448,0.992139,0.42091,5.00
0.079530,4.996419,0.992606,0.42096,5.00
0.079540,4.995424,0.993236,0.42102,5.00
0.079550,4.994761,0.994024,0.42107,5.00
0.079560,4.995292,0.994823,0.42105,5.00
0.079570,4.995853,0.995536,0.42102,5.00
0.079580,4.996438,0.996158,0.42100,5.00
0.079590,4.997044,0.996686,0.42097,5.00
0.079600,4.997377,0.997116,0.42094,5.00
0.079610,4.996582,0.997585,0.42098,5.00
0.079620,4.995819,0.998179,0.42103,5.00
0.079630,4.995093,0.998894,0.42107,5.00
0.079640,4.994409,0.999723,0.42110,5.00
0.079650,4.994087,1.000660,0.42114,5.00
0.079660,4.995068,1.001545,0.42110,5.00
0.079670,4.996076,1.002272,0.42105,5.00
0.079680,4.997103,1.002837,0.42100,5.00
0.079690,4.998142,1.003237,0.42095,5.00
0.079700,4.999126,1.003471,0.42090,5.00
0.079710,4.999869,1.003566,0.42086,5.00
0.079720,5.000606,1.003542,0.42083,5.00
0.079730,5.001333,1.003402,0.42079,5.00
0.079740,5.002043,1.003145,0.42075,5.00
0.079750,5.002802,1.002776,0.42072,5.00
0.079760,5.003810,1.002264,0.42066,5.00
0.079770,5.004782,1.001592,0.42061,5.00
0.079780,5.005710,1.000766,0.42056,5.00
0.079790,5.006589,0.999794,0.42051,5.00
0.079800,5.007123,0.998684,0.42046,5.00
0.079810,5.006453,0.997583,0.42049,5.00
0.079820,5.005742,0.996591,0.42052,5.00
0.079830,5.004996,0.995714,0.42055,5.00
0.079840,5.004220,0.994958,0.42059,5.00
0.079850,5.003422,0.994327,0.42063,5.00
0.079860,5.002611,0.993824,0.42066,5.00
0.079870,5.001788,0.993452,0.42070,5.00
0.079880,5.000959,0.993212,0.42074,5.00
0.079890,5.000130,0.993104,0.42078,5.00
0.079900,4.999457,0.993129,0.42083,5.00
0.079910,4.999391,0.993213,0.42083,5.00
0.079920,4.999329,0.993308,0.42083,5.00
0.079930,4.999272,0.993412,0.42084,5.00
0.079940,4.999221,0.993526,0.42084,5.00
0.079950,4.999042,0.993647,0.42084,5.00
0.079960,4.998340,0.993839,0.42088,5.00
0.079970,4.997656,0.994143,0.42091,5.00
0.079980,4.996994,0.994556,0.42095,5.00
0.079990,4.996361,0.995073,0.42098,5.00
0.080000,4.995556,0.995690,0.42102,5.00
0.080010,4.993981,0.996500,0.42110,5.00
0.080020,4.992464,0.997559,0.42118,5.00
0.080030,4.991015,0.998858,0.42126,5.00
0.080040,4.989645,1.000386,0.42134,5.00
0.080050,4.988497,1.002129,0.42141,5.00
0.080060,4.987979,1.004009,0.42145,5.00
0.080070,4.987553,1.005968,0.42148,5.00
0.080080,4.987221,1.007992,0.42151,5.00
0.080090,4.986985,1.010064,0.42153,5.00
0.080100,4.986967,1.012170,0.42155,5.00
0.080110,4.987522,1.014236,0.42153,5.00
0.080120,4.988162,1.016210,0.42151,5.00
0.080130,4.988884,1.018077,0.42149,5.00
0.080140,4.989681,1.019826,0.42146,5.00
0.080150,4.990369,1.021444,0.42142,5.00
0.080160,4.990422,1.023006,0.42143,5.00
0.080170,4.990545,1.024556,0.42143,5.00
0.080180,4.990737,1.026083,0.42143,5.00
0.080190,4.990995,1.027577,0.42142,5.00
0.080200,4.991511,1.029026,0.42141,5.00
0.080210,4.992857,1.030328,0.42135,5.00
0.080220,4.994244,1.031413,0.42129,5.00
0.080230,4.995662,1.032275,0.42122,5.00
0.080240,4.997099,1.032908,0.42116,5.00
0.080250,4.998652,1.033311,0.42109,5.00
0.080260,5.000624,1.033431,0.42099,5.00
0.080270,5.002575,1.033236,0.42089,5.00
0.080280,5.004490,1.032731,0.42079,5.00
0.080290,5.006357,1.031921,0.42069,5.00
0.080300,5.008210,1.030814,0.42059,5.00
0.080310,5.010177,1.029399,0.42049,5.00
0.080320,5.012053,1.027672,0.42038,5.00
0.080330,5.013825,1.025650,0.42028,5.00
0.080340,5.015483,1.023348,0.42019,5.00
0.080350,5.016907,1.020787,0.42010,5.00
0.080360,5.017775,1.018037,0.42004,5.00
0.080370,5.018507,1.015154,0.41999,5.00
0.080380,5.019098,1.012159,0.41994,5.00
0.080390,5.019545,1.009076,0.41990,5.00
0.080400,5.019639,1.005928,0.41987,5.00
0.080410,5.018761,1.002837,0.41990,5.00
0.080420,5.017756,0.999892,0.41993,5.00
0.080430,5.016630,0.997113,0.41997,5.00
0.080440,5.015393,0.994519,0.42002,5.00
0.080450,5.014333,0.992127,0.42007,5.00
0.080460,5.014279,0.989821,0.42006,5.00
0.080470,5.014122,0.987527,0.42006,5.00
0.080480,5.013863,0.985263,0.42006,5.00
0.080490,5.013505,0.983045,0.42007,5.00
0.080500,5.013036,0.980888,0.42008,5.00
0.080510,5.012412,0.978815,0.42010,5.00
0.080520,5.011702,0.976847,0.42012,5.00
0.080530,5.010912,0.974995,0.42015,5.00
0.080540,5.010049,0.973273,0.42019,5.00
0.080550,5.009090,0.971692,0.42022,5.00
0.080560,5.007951,0.970277,0.42027,5.00
0.080570,5.006763,0.969046,0.42033,5.00
0.080580,5.005535,0.968008,0.42038,5.00
0.080590,5.004277,0.967167,0.42044,5.00
0.080600,5.002971,0.966529,0.42050,5.00
0.080610,5.001547,0.966110,0.42057,5.00
0.080620,5.000123,0.965918,0.42064,5.00
0.080630,4.998709,0.965954,0.42071,5.00
0.080640,4.997317,0.966216,0.42078,5.00
0.080650,4.996017,0.966700,0.42086,5.00
0.080660,4.995009,0.967369,0.42091,5.00
0.080670,4.994045,0.968199,0.42096,5.00
0.080680,4.993132,0.969181,0.42101,5.00
0.080690,4.992275,0.970306,0.42106,5.00
0.080700,4.991210,0.971567,0.42111,5.00
0.080710,4.989139,0.973082,0.42122,5.00
0.080720,4.987164,0.974924,0.42133,5.00
0.080730,4.985299,0.977078,0.42144,5.00
0.080740,4.983557,0.979525,0.42154,5.00
0.080750,4.982092,0.982246,0.42163,5.00
0.080760,4.981339,0.985149,0.42169,5.00
0.080770,4.980728,0.988167,0.42173,5.00
0.080780,4.980261,0.991277,0.42177,5.00
0.080790,4.979941,0.994455,0.42181,5.00
0.080800,4.979738,0.997678,0.42183,5.00
0.080810,4.979559,1.000938,0.42186,5.00
0.080820,4.979529,1.004220,0.42188,5.00
0.080830,4.979649,1.007500,0.42189,5.00
0.080840,4.979915,1.010755,0.42190,5.00
0.080850,4.980595,1.013961,0.42189,5.00
0.080860,4.982483,1.016966,0.42181,5.00
0.080870,4.984483,1.019664,0.42173,5.00
0.080880,4.986577,1.022038,0.42164,5.00
0.080890,4.988751,1.024074,0.42154,5.00
0.080900,4.990896,1.025758,0.42144,5.00
0.080910,4.992724,1.027127,0.42135,5.00
0.080920,4.994589,1.028201,0.42126,5.00
0.080930,4.996477,1.028975,0.42117,5.00
0.080940,4.998376,1.029447,0.42108,5.00
0.080950,5.000259,1.029615,0.42099,5.00
0.080960,5.002081,1.029485,0.42089,5.00
0.080970,5.003874,1.029065,0.42080,5.00
0.080980,5.005623,1.028359,0.42071,5.00
0.080990,5.007317,1.027376,0.42062,5.00
0.081000,5.008858,1.026124,0.42053,5.00
0.081010,5.009980,1.024657,0.42047,5.00
0.081020,5.011021,1.023013,0.42041,5.00
0.081030,5.011974,1.021206,0.42035,5.00
0.081040,5.012832,1.019250,0.42029,5.00
0.081050,5.013368,1.017161,0.42025,5.00
0.081060,5.012924,1.015061,0.42026,5.00
0.081070,5.012390,1.013036,0.42027,5.00
0.081080,5.011772,1.011100,0.42029,5.00
0.081090,5.011075,1.009267,0.42032,5.00
0.081100,5.010362,1.007547,0.42035,5.00
0.081110,5.009814,1.005927,0.42036,5.00
0.081120,5.009199,1.004396,0.42039,5.00
0.081130,5.008524,1.002967,0.42041,5.00
0.081140,5.007793,1.001648,0.42044,5.00
0.081150,5.007497,1.000448,0.42048,5.00
0.081160,5.009077,0.999142,0.42039,5.00
0.081170,5.010577,0.997587,0.42031,5.00
0.081180,5.011987,0.995796,0.42022,5.00
0.081190,5.013297,0.993784,0.42015,5.00
0.081200,5.013965,0.991566,0.42008,5.00
0.081210,5.012404,0.989417,0.42014,5.00
0.081220,5.010767,0.987521,0.42021,5.00
0.081230,5.009066,0.985889,0.42029,5.00
0.081240,5.007314,0.984533,0.42037,5.00
0.081250,5.005529,0.983458,0.42046,5.00
0.081260,5.003743,0.982668,0.42054,5.00
0.081270,5.001944,0.982165,0.42063,5.00
0.081280,5.000147,0.981950,0.42072,5.00
0.081290,4.998364,0.982021,0.42081,5.00
0.081300,4.996916,0.982378,0.42090,5.00
0.081310,4.996724,0.982866,0.42091,5.00
0.081320,4.996556,0.983384,0.42092,5.00
0.081330,4.996415,0.983928,0.42093,5.00
0.081340,4.996300,0.984494,0.42094,5.00
0.081350,4.996106,0.985077,0.42095,5.00
0.081360,4.995519,0.985724,0.42098,5.00
0.081370,4.994970,0.986463,0.42101,5.00
0.081380,4.994462,0.987289,0.42104,5.00
0.081390,4.993997,0.988194,0.42107,5.00
0.081400,4.993616,0.989171,0.42110,5.00
0.081410,4.993426,0.990196,0.42111,5.00
0.081420,4.993285,0.991250,0.42112,5.00
0.081430,4.993193,0.992324,0.42113,5.00
0.081440,4.993151,0.993410,0.42114,5.00
0.081450,4.993232,0.994502,0.42115,5.00
0.081460,4.993651,0.995555,0.42113,5.00
0.081470,4.994113,0.996539,0.42112,5.00
0.081480,4.994613,0.997448,0.42110,5.00
0.081490,4.995147,0.998275,0.42107,5.00
0.081500,4.995503,0.999015,0.42105,5.00
0.081510,4.995054,0.999764,0.42108,5.00
0.081520,4.994645,1.000584,0.42110,5.00
0.081530,4.994279,1.001467,0.42112,5.00
0.081540,4.993957,1.002407,0.42114,5.00
0.081550,4.993750,1.003396,0.42116,5.00
0.081560,4.993861,1.004394,0.42116,5.00
0.081570,4.994016,1.005373,0.42116,5.00
0.081580,4.994213,1.006326,0.42116,5.00
0.081590,4.994450,1.007245,0.42115,5.00
0.081600,4.994833,1.008124,0.42114,5.00
0.081610,4.995673,1.008907,0.42110,5.00
0.081620,4.996537,1.009554,0.42106,5.00
0.081630,4.997420,1.010062,0.42102,5.00
0.081640,4.998313,1.010428,0.42098,5.00
0.081650,4.999398,1.010651,0.42093,5.00
0.081660,5.001222,1.010641,0.42084,5.00
0.081670,5.003020,1.010340,0.42075,5.00
0.081680,5.004782,1.009752,0.42066,5.00
0.081690,5.006493,1.008885,0.42057,5.00
0.081700,5.008076,1.007746,0.42048,5.00
0.081710,5.009328,1.006378,0.42041,5.00
0.081720,5.010501,1.004812,0.42034,5.00
0.081730,5.011587,1.003063,0.42028,5.00
0.081740,5.012579,1.001144,0.42022,5.00
0.081750,5.013071,0.999070,0.42016,5.00
0.081760,5.011868,0.997050,0.42021,5.00
0.081770,5.010589,0.995225,0.42027,5.00
0.081780,5.009245,0.993608,0.42033,5.00
0.081790,5.007846,0.992209,0.42039,5.00
0.081800,5.006638,0.991035,0.42045,5.00
0.081810,5.006329,0.989981,0.42046,5.00
0.081820,5.005977,0.988979,0.42048,5.00
0.081830,5.005584,0.988034,0.42049,5.00
0.081840,5.005154,0.987154,0.42051,5.00
0.081850,5.004698,0.986345,0.42053,5.00
0.081860,5.004244,0.985607,0.42054,5.00
0.081870,5.003763,0.984943,0.42057,5.00
0.081880,5.003259,0.984357,0.42059,5.00
0.081890,5.002735,0.983853,0.42061,5.00
0.081900,5.002143,0.983433,0.42064,5.00
0.081910,5.001331,0.983126,0.42067,5.00
0.081920,5.000516,0.982949,0.42071,5.00
0.081930,4.999704,0.982902,0.42076,5.00
0.081940,4.998900,0.982984,0.42080,5.00
0.081950,4.997881,0.983195,0.42084,5.00
0.081960,4.995970,0.983642,0.42093,5.00
0.081970,4.994105,0.984393,0.42103,5.00
0.081980,4.992299,0.985440,0.42113,5.00
0.081990,4.990564,0.986773,0.42122,5.00
0.082000,4.988920,0.988380,0.42131,5.00
0.082010,4.987401,0.990244,0.42140,5.00
0.082020,4.985987,0.992346,0.42148,5.00
0.082030,4.984686,0.994671,0.42156,5.00
0.082040,4.983508,0.997198,0.42163,5.00
0.082050,4.982648,0.999908,0.42170,5.00
0.082060,4.982670,1.002691,0.42172,5.00
0.082070,4.982817,1.005464,0.42172,5.00
0.082080,4.983088,1.008209,0.42172,5.00
0.082090,4.983479,1.010905,0.42172,5.00
0.082100,4.983861,1.013534,0.42171,5.00
0.082110,4.983860,1.016136,0.42172,5.00
0.082120,4.983976,1.018734,0.42173,5.00
0.082130,4.984208,1.021308,0.42173,5.00
0.082140,4.984554,1.023840,0.42173,5.00
0.082150,4.985110,1.026312,0.42172,5.00
0.082160,4.986172,1.028658,0.42168,5.00
0.082170,4.987325,1.030830,0.42163,5.00
0.082180,4.988562,1.032813,0.42158,5.00
0.082190,4.989871,1.034596,0.42153,5.00
0.082200,4.991377,1.036166,0.42147,5.00
0.082210,4.993463,1.037450,0.42137,5.00
0.082220,4.995578,1.038399,0.42127,5.00
0.082230,4.997709,1.039008,0.42116,5.00
0.082240,4.999838,1.039276,0.42106,5.00
0.082250,5.001792,1.039204,0.42095,5.00
0.082260,5.003085,1.038871,0.42088,5.00
0.082270,5.004344,1.038332,0.42082,5.00
0.082280,5.005563,1.037593,0.42075,5.00
0.082290,5.006732,1.036661,0.42069,5.00
0.082300,5.007999,1.035545,0.42063,5.00
0.082310,5.009818,1.034178,0.42053,5.00
0.082320,5.011550,1.032523,0.42043,5.00
0.082330,5.013185,1.030596,0.42034,5.00
0.082340,5.014710,1.028411,0.42025,5.00
0.082350,5.016126,1.025986,0.42017,5.00
0.082360,5.017454,1.023338,0.42009,5.00
0.082370,5.018644,1.020482,0.42001,5.00
0.082380,5.019689,1.017442,0.41994,5.00
0.082390,5.020582,1.014241,0.41988,5.00
0.082400,5.021462,1.010904,0.41983,5.00
0.082410,5.022750,1.007387,0.41974,5.00
0.082420,5.023861,1.003671,0.41967,5.00
0.082430,5.024789,0.999785,0.41960,5.00
0.082440,5.025529,0.995758,0.41954,5.00
0.082450,5.025845,0.991621,0.41949,5.00
0.082460,5.025044,0.987516,0.41951,5.00
0.082470,5.024069,0.983547,0.41953,5.00
0.082480,5.022927,0.979741,0.41957,5.00
0.082490,5.021627,0.976125,0.41962,5.00
0.082500,5.020008,0.972723,0.41967,5.00
0.082510,5.017565,0.969641,0.41978,5.00
0.082520,5.015016,0.966955,0.41989,5.00
0.082530,5.012378,0.964682,0.42001,5.00
0.082540,5.009674,0.962833,0.42013,5.00
0.082550,5.007239,0.961419,0.42027,5.00
0.082560,5.006035,0.960296,0.42032,5.00
0.082570,5.004797,0.959366,0.42038,5.00
0.082580,5.003533,0.958636,0.42044,5.00
0.082590,5.002253,0.958110,0.42050,5.00
0.082600,5.001001,0.957789,0.42056,5.00
0.082610,4.999889,0.957657,0.42062,5.00
0.082620,4.998786,0.957703,0.42067,5.00
0.082630,4.997701,0.957925,0.42073,5.00
0.082640,4.996639,0.958320,0.42078,5.00
0.082650,4.995540,0.958884,0.42084,5.00
0.082660,4.994200,0.959645,0.42091,5.00
0.082670,4.992913,0.960618,0.42098,5.00
0.082680,4.991687,0.961795,0.42105,5.00
0.082690,4.990531,0.963166,0.42111,5.00
0.082700,4.989344,0.964719,0.42118,5.00
0.082710,4.987817,0.966492,0.42126,5.00
0.082720,4.986390,0.968506,0.42134,5.00
0.082730,4.985073,0.970743,0.42142,5.00
0.082740,4.983875,0.973187,0.42150,5.00
0.082750,4.983065,0.975817,0.42156,5.00
0.082760,4.983422,0.978488,0.42156,5.00
0.082770,4.983896,0.981097,0.42155,5.00
0.082780,4.984481,0.983626,0.42154,5.00
0.082790,4.985173,0.986056,0.42151,5.00
0.082800,4.985550,0.988371,0.42149,5.00
0.082810,4.984368,0.990756,0.42156,5.00
0.082820,4.983311,0.993324,0.42163,5.00
0.082830,4.982384,0.996056,0.42169,5.00
0.082840,4.981594,0.998930,0.42174,5.00
0.082850,4.981196,1.001925,0.42179,5.00
0.082860,4.981941,1.004898,0.42177,5.00
0.082870,4.982810,1.007745,0.42174,5.00
0.082880,4.983797,1.010449,0.42171,5.00
0.082890,4.984893,1.012989,0.42167,5.00
0.082900,4.986099,1.015350,0.42162,5.00
0.082910,4.987433,1.017512,0.42156,5.00
0.082920,4.988847,1.019456,0.42150,5.00
0.082930,4.990330,1.021170,0.42144,5.00
0.082940,4.991871,1.022645,0.42137,5.00
0.082950,4.993423,1.023871,0.42130,5.00
0.082960,4.994875,1.024858,0.42123,5.00
0.082970,4.996351,1.025612,0.42116,5.00
0.082980,4.997842,1.026128,0.42109,5.00
0.082990,4.999336,1.026405,0.42101,5.00
0.083000,5.000943,1.026443,0.42094,5.00
0.083010,5.003008,1.026187,0.42083,5.00
0.083020,5.005034,1.025601,0.42073,5.00
0.083030,5.007006,1.024693,0.42063,5.00
0.083040,5.008910,1.023473,0.42052,5.00
0.083050,5.010491,1.021951,0.42042,5.00
0.083060,5.011019,1.020257,0.42039,5.00
0.083070,5.011464,1.018481,0.42036,5.00
0.083080,5.011822,1.016639,0.42033,5.00
0.083090,5.012091,1.014742,0.42030,5.00
0.083100,5.012423,1.012806,0.42028,5.00
0.083110,5.013266,1.010772,0.42023,5.00
0.083120,5.014006,1.008608,0.42018,5.00
0.083130,5.014638,1.006330,0.42014,5.00
0.083140,5.015158,1.003955,0.42010,5.00
0.083150,5.015399,1.001502,0.42007,5.00
0.083160,5.014872,0.999068,0.42008,5.00
0.083170,5.014242,0.996722,0.42010,5.00
0.083180,5.013514,0.994482,0.42012,5.00
0.083190,5.012695,0.992362,0.42015,5.00
0.083200,5.012015,0.990376,0.42019,5.00
0.083210,5.012147,0.988431,0.42017,5.00
0.083220,5.012190,0.986469,0.42016,5.00
0.083230,5.012143,0.984504,0.42015,5.00
0.083240,5.012008,0.982550,0.42014,5.00
0.083250,5.011792,0.980621,0.42014,5.00
0.083260,5.011513,0.978729,0.42015,5.00
0.083270,5.011153,0.976886,0.42016,5.00
0.083280,5.010713,0.975103,0.42017,5.00
0.083290,5.010199,0.973394,0.42019,5.00
0.083300,5.009467,0.971770,0.42021,5.00
0.083310,5.008083,0.970314,0.42027,5.00
0.083320,5.006652,0.969082,0.42033,5.00
0.083330,5.005184,0.968080,0.42040,5.00
0.083340,5.003690,0.967314,0.42047,5.00
0.083350,5.002209,0.966789,0.42054,5.00
0.083360,5.000833,0.966492,0.42061,5.00
0.083370,4.999461,0.966415,0.42068,5.00
0.083380,4.998105,0.966557,0.42075,5.00
0.083390,4.996773,0.966916,0.42082,5.00
0.083400,4.995426,0.967487,0.42089,5.00
0.083410,4.993925,0.968287,0.42097,5.00
0.083420,4.992481,0.969325,0.42104,5.00
0.083430,4.991104,0.970592,0.42112,5.00
0.083440,4.989802,0.972076,0.42119,5.00
0.083450,4.988788,0.973765,0.42126,5.00
0.083460,4.988673,0.975548,0.42128,5.00
0.083470,4.988641,0.977345,0.42129,5.00
0.083480,4.988690,0.979145,0.42130,5.00
0.083490,4.988820,0.980933,0.42130,5.00
0.083500,4.988776,0.982697,0.42130,5.00
0.083510,4.987804,0.984547,0.42136,5.00
0.083520,4.986929,0.986547,0.42141,5.00
0.083530,4.986156,0.988684,0.42147,5.00
0.083540,4.985491,0.990939,0.42151,5.00
0.083550,4.984948,0.993297,0.42155,5.00
0.083560,4.984566,0.995732,0.42158,5.00
0.083570,4.984299,0.998224,0.42161,5.00
0.083580,4.984148,1.000754,0.42163,5.00
0.083590,4.984114,1.003303,0.42165,5.00
0.083600,4.984224,1.005853,0.42166,5.00
0.083610,4.984556,1.008371,0.42165,5.00
0.083620,4.984997,1.010831,0.42165,5.00
0.083630,4.985544,1.013217,0.42163,5.00
0.083640,4.986192,1.015510,0.42161,5.00
0.083650,4.986935,1.017695,0.42159,5.00
0.083660,4.987768,1.019758,0.42156,5.00
0.083670,4.988683,1.021684,0.42152,5.00
0.083680,4.989673,1.023460,0.42148,5.00
0.083690,4.990731,1.025074,0.42144,5.00
0.083700,4.991959,1.026517,0.42139,5.00
0.083710,4.993682,1.027725,0.42131,5.00
0.083720,4.995437,1.028655,0.42122,5.00
0.083730,4.997211,1.029304,0.42114,5.00
0.083740,4.998990,1.029668,0.42105,5.00
0.083750,5.000820,1.029748,0.42096,5.00
0.083760,5.002865,1.029516,0.42086,5.00
0.083770,5.004871,1.028959,0.42076,5.00
0.083780,5.006826,1.028083,0.42065,5.00
0.083790,5.008714,1.026896,0.42055,5.00
0.083800,5.010389,1.025411,0.42045,5.00
0.083810,5.011437,1.023704,0.42039,5.00
0.083820,5.012393,1.021833,0.42033,5.00
0.083830,5.013252,1.019813,0.42028,5.00
0.083840,5.014008,1.017660,0.42023,5.00
0.083850,5.014420,1.015390,0.42018,5.00
0.083860,5.013782,1.013134,0.42020,5.00
0.083870,5.013051,1.010985,0.42023,5.00
0.083880,5.012233,1.008956,0.42026,5.00
0.083890,5.011333,1.007061,0.42029,5.00
0.083900,5.010830,1.005314,0.42033,5.00
0.083910,5.012125,1.003499,0.42026,5.00
0.083920,5.013321,1.001482,0.42019,5.00
0.083930,5.014409,0.999277,0.42012,5.00
0.083940,5.015383,0.996904,0.42006,5.00
0.083950,5.016097,0.994379,0.42000,5.00
0.083960,5.016132,0.991790,0.41999,5.00
0.083970,5.016050,0.989201,0.41998,5.00
0.083980,5.015852,0.986630,0.41997,5.00
0.083990,5.015540,0.984095,0.41997,5.00
0.084000,5.015105,0.981615,0.41998,5.00
0.084010,5.014516,0.979213,0.42000,5.00
0.084020,5.013825,0.976910,0.42002,5.00
0.084030,5.013040,0.974721,0.42005,5.00
0.084040,5.012167,0.972662,0.42008,5.00
0.084050,5.011246,0.970746,0.42012,5.00
0.084060,5.010388,0.968970,0.42015,5.00
0.084070,5.009461,0.967335,0.42019,5.00
0.084080,5.008472,0.965850,0.42023,5.00
0.084090,5.007429,0.964527,0.42028,5.00
0.084100,5.006180,0.963372,0.42032,5.00
0.084110,5.004254,0.962471,0.42042,5.00
0.084120,5.002314,0.961878,0.42051,5.00
0.084130,5.000372,0.961597,0.42061,5.00
0.084140,4.998444,0.961626,0.42070,5.00
0.084150,4.996496,0.961962,0.42080,5.00
0.084160,4.994402,0.962624,0.42091,5.00
0.084170,4.992366,0.963619,0.42102,5.00
0.084180,4.990402,0.964936,0.42112,5.00
0.084190,4.988524,0.966565,0.42123,5.00
0.084200,4.986735,0.968490,0.42132,5.00
0.084210,4.985018,0.970701,0.42142,5.00
0.084220,4.983425,0.973180,0.42152,5.00
0.084230,4.981965,0.975910,0.42160,5.00
0.084240,4.980649,0.978867,0.42169,5.00
0.084250,4.979454,0.982028,0.42176,5.00
0.084260,4.978300,0.985384,0.42184,5.00
0.084270,4.977315,0.988917,0.42191,5.00
0.084280,4.976502,0.992601,0.42197,5.00
0.084290,4.975867,0.996407,0.42202,5.00
0.084300,4.975464,1.000307,0.42206,5.00
0.084310,4.975450,1.004248,0.42209,5.00
0.084320,4.975615,1.008183,0.42210,5.00
0.084330,4.975955,1.012084,0.42210,5.00
0.084340,4.976467,1.015923,0.42210,5.00
0.084350,4.977419,1.019673,0.42209,5.00
0.084360,4.979612,1.023177,0.42199,5.00
0.084370,4.981933,1.026324,0.42190,5.00
0.084380,4.984366,1.029095,0.42179,5.00
0.084390,4.986892,1.031473,0.42167,5.00
0.084400,4.989424,1.033442,0.42155,5.00
0.084410,4.991743,1.035026,0.42145,5.00
0.084420,4.994103,1.036236,0.42134,5.00
0.084430,4.996486,1.037068,0.42122,5.00
0.084440,4.998875,1.037517,0.42110,5.00
0.084450,5.001013,1.037585,0.42098,5.00
0.084460,5.002177,1.037387,0.42092,5.00
0.084470,5.003316,1.037004,0.42087,5.00
0.084480,5.004422,1.036440,0.42081,5.00
0.084490,5.005489,1.035700,0.42075,5.00
0.084500,5.006343,1.034791,0.42069,5.00
0.084510,5.006496,1.033800,0.42068,5.00
0.084520,5.006602,1.032786,0.42067,5.00
0.084530,5.006660,1.031757,0.42066,5.00
0.084540,5.006671,1.030720,0.42065,5.00
0.084550,5.006660,1.029684,0.42065,5.00
0.084560,5.006703,1.028643,0.42064,5.00
0.084570,5.006699,1.027596,0.42064,5.00
0.084580,5.006647,1.026553,0.42063,5.00
0.084590,5.006548,1.025519,0.42063,5.00
0.084600,5.006544,1.024503,0.42063,5.00
0.084610,5.007046,1.023446,0.42060,5.00
0.084620,5.007494,1.022309,0.42057,5.00
0.084630,5.007885,1.021104,0.42055,5.00
0.084640,5.008216,1.019838,0.42052,5.00
0.084650,5.008581,1.018522,0.42050,5.00
0.084660,5.009265,1.017119,0.42046,5.00
0.084670,5.009876,1.015610,0.42042,5.00
0.084680,5.010410,1.014006,0.42039,5.00
0.084690,5.010865,1.012320,0.42035,5.00
0.084700,5.011280,1.010565,0.42033,5.00
0.084710,5.011777,1.008733,0.42029,5.00
0.084720,5.012184,1.006825,0.42026,5.00
0.084730,5.012500,1.004856,0.42023,5.00
0.084740,5.012722,1.002841,0.42021,5.00
0.084750,5.012649,1.000794,0.42019,5.00
0.084760,5.011682,0.998827,0.42023,5.00
0.084770,5.010640,0.997018,0.42027,5.00
0.084780,5.009529,0.995378,0.42032,5.00
0.084790,5.008359,0.993919,0.42037,5.00
0.084800,5.007493,0.992650,0.42043,5.00
0.084810,5.007989,0.991407,0.42039,5.00
0.084820,5.008421,0.990089,0.42037,5.00
0.084830,5.008788,0.988703,0.42034,5.00
0.084840,5.009088,0.987262,0.42032,5.00
0.084850,5.009090,0.985777,0.42030,5.00
0.084860,5.008120,0.984366,0.42034,5.00
0.084870,5.007098,0.983113,0.42038,5.00
0.084880,5.006034,0.982025,0.42043,5.00
0.084890,5.004935,0.981110,0.42048,5.00
0.084900,5.003980,0.980371,0.42053,5.00
0.084910,5.003687,0.979732,0.42054,5.00
0.084920,5.003368,0.979140,0.42056,5.00
0.084930,5.003027,0.978601,0.42057,5.00
0.084940,5.002666,0.978117,0.42059,5.00
0.084950,5.002051,0.977692,0.42060,5.00
0.084960,5.000480,0.977442,0.42068,5.00
0.084970,4.998919,0.977443,0.42076,5.00
0.084980,4.997378,0.977693,0.42084,5.00
0.084990,4.995870,0.978189,0.42092,5.00
0.085000,4.994548,0.978924,0.42099,5.00
0.085010,4.993848,0.979823,0.42103,5.00
0.085020,4.993198,0.980832,0.42107,5.00
0.085030,4.992603,0.981943,0.42111,5.00
0.085040,4.992066,0.983146,0.42114,5.00
0.085050,4.991572,0.984433,0.42117,5.00
0.085060,4.991069,0.985803,0.42121,5.00
0.085070,4.990635,0.987250,0.42123,5.00
0.085080,4.990272,0.988764,0.42126,5.00
0.085090,4.989983,0.990332,0.42128,5.00
0.085100,4.990067,0.991944,0.42130,5.00
0.085110,4.991411,0.993444,0.42124,5.00
0.085120,4.992805,0.994727,0.42118,5.00
0.085130,4.994238,0.995785,0.42112,5.00
0.085140,4.995700,0.996612,0.42105,5.00
0.085150,4.996826,0.997205,0.42098,5.00
0.085160,4.996560,0.997730,0.42099,5.00
0.085170,4.996321,0.998296,0.42101,5.00
0.085180,4.996111,0.998899,0.42102,5.00
0.085190,4.995931,0.999535,0.42103,5.00
0.085200,4.995785,1.000198,0.42105,5.00
0.085210,4.995683,1.000882,0.42105,5.00
0.085220,4.995614,1.001581,0.42106,5.00
0.085230,4.995577,1.002290,0.42107,5.00
0.085240,4.995573,1.003003,0.42107,5.00
0.085250,4.995818,1.003716,0.42107,5.00
0.085260,4.996955,1.004319,0.42102,5.00
0.085270,4.998103,1.004739,0.42096,5.00
0.085280,4.999256,1.004975,0.42091,5.00
0.085290,5.000403,1.005027,0.42085,5.00
0.085300,5.001438,1.004896,0.42079,5.00
0.085310,5.002058,1.004631,0.42076,5.00
0.085320,5.002658,1.004269,0.42073,5.00
0.085330,5.003233,1.003811,0.42070,5.00
0.085340,5.003780,1.003262,0.42067,5.00
0.085350,5.004163,1.002627,0.42064,5.00
0.085360,5.003990,1.001975,0.42064,5.00
0.085370,5.003789,1.001351,0.42065,5.00
0.085380,5.003563,1.000760,0.42066,5.00
0.085390,5.003313,1.000207,0.42067,5.00
0.085400,5.003187,0.999694,0.42068,5.00
0.085410,5.003616,0.999156,0.42065,5.00
0.085420,5.004014,0.998551,0.42063,5.00
0.085430,5.004380,0.997884,0.42061,5.00
0.085440,5.004711,0.997159,0.42059,5.00
0.085450,5.005149,0.996383,0.42057,5.00
0.085460,5.006122,0.995492,0.42052,5.00
0.085470,5.007041,0.994448,0.42046,5.00
0.085480,5.007900,0.993260,0.42041,5.00
0.085490,5.008695,0.991936,0.42037,5.00
0.085500,5.008803,0.990489,0.42032,5.00
0.085510,5.006397,0.989224,0.42044,5.00
0.085520,5.003965,0.988345,0.42055,5.00
0.085530,5.001527,0.987855,0.42067,5.00
0.085540,4.999099,0.987756,0.42079,5.00
0.085550,4.997169,0.988044,0.42092,5.00
0.085560,4.997147,0.988489,0.42092,5.00
0.085570,4.997144,0.988937,0.42092,5.00
0.085580,4.997163,0.989384,0.42092,5.00
0.085590,4.997201,0.989828,0.42092,5.00
0.085600,4.997175,0.990265,0.42092,5.00
0.085610,4.996837,0.990731,0.42094,5.00
0.085620,4.996525,0.991251,0.42096,5.00
0.085630,4.996241,0.991820,0.42098,5.00
0.085640,4.995986,0.992433,0.42100,5.00
0.085650,4.995822,0.993086,0.42101,5.00
0.085660,4.995929,0.993744,0.42101,5.00
0.085670,4.996064,0.994384,0.42101,5.00
0.085680,4.996227,0.995001,0.42100,5.00
0.085690,4.996415,0.995591,0.42099,5.00
0.085700,4.996560,0.996150,0.42099,5.00
0.085710,4.996462,0.996706,0.42099,5.00
0.085720,4.996390,0.997277,0.42100,5.00
0.085730,4.996345,0.997858,0.42101,5.00
0.085740,4.996326,0.998445,0.42101,5.00
0.085750,4.996305,0.999034,0.42101,5.00
0.085760,4.996190,0.999635,0.42102,5.00
0.085770,4.996105,1.000253,0.42103,5.00
0.085780,4.996048,1.000884,0.42104,5.00
0.085790,4.996021,1.001522,0.42104,5.00
0.085800,4.996267,1.002163,0.42104,5.00
0.085810,4.997507,1.002686,0.42099,5.00
0.085820,4.998753,1.003011,0.42092,5.00
0.085830,4.999998,1.003136,0.42086,5.00
0.085840,5.001231,1.003062,0.42080,5.00
0.085850,5.002249,1.002791,0.42074,5.00
0.085860,5.002463,1.002422,0.42073,5.00
0.085870,5.002657,1.002018,0.42071,5.00
0.085880,5.002830,1.001585,0.42070,5.00
0.085890,5.002981,1.001125,0.42069,5.00
0.085900,5.002692,1.000642,0.42068,5.00
0.085910,5.000725,1.000339,0.42078,5.00
0.085920,4.998771,1.000350,0.42088,5.00
0.085930,4.996843,1.000673,0.42098,5.00
0.085940,4.994956,1.001303,0.42107,5.00
0.085950,4.993175,1.002233,0.42117,5.00
0.085960,4.991667,1.003428,0.42125,5.00
0.085970,4.990233,1.004861,0.42133,5.00
0.085980,4.988884,1.006521,0.42141,5.00
0.085990,4.987627,1.008392,0.42148,5.00
0.086000,4.986921,1.010460,0.42155,5.00
0.086010,4.988097,1.012493,0.42150,5.00
0.086020,4.989350,1.014335,0.42145,5.00
0.086030,4.990670,1.015974,0.42139,5.00
0.086040,4.992046,1.017398,0.42133,5.00
0.086050,4.993275,1.018601,0.42127,5.00
0.086060,4.993775,1.019666,0.42125,5.00
0.086070,4.994317,1.020650,0.42123,5.00
0.086080,4.994895,1.021545,0.42120,5.00
0.086090,4.995507,1.022347,0.42118,5.00
0.086100,4.996331,1.023049,0.42115,5.00
0.086110,4.997910,1.023559,0.42107,5.00
0.086120,4.999490,1.023816,0.42099,5.00
0.086130,5.001061,1.023821,0.42091,5.00
0.086140,5.002611,1.023574,0.42084,5.00
0.086150,5.004044,1.023081,0.42076,5.00
0.086160,5.005095,1.022388,0.42070,5.00
0.086170,5.006101,1.021528,0.42065,5.00
0.086180,5.007055,1.020509,0.42059,5.00
0.086190,5.007950,1.019340,0.42054,5.00
0.086200,5.008887,1.018030,0.42049,5.00
0.086210,5.010181,1.016539,0.42042,5.00
0.086220,5.011389,1.014844,0.42035,5.00
0.086230,5.012505,1.012960,0.42028,5.00
0.086240,5.013520,1.010901,0.42022,5.00
0.086250,5.014300,1.008684,0.42016,5.00
0.086260,5.014459,1.006388,0.42014,5.00
0.086270,5.014513,1.004071,0.42013,5.00
0.086280,5.014460,1.001750,0.42012,5.00
0.086290,5.014304,0.999442,0.42011,5.00
0.086300,5.014441,0.997163,0.42011,5.00
0.086310,5.016051,0.994740,0.42002,5.00
0.086320,5.017529,0.992064,0.41993,5.00
0.086330,5.018866,0.989159,0.41985,5.00
0.086340,5.020054,0.986045,0.41977,5.00
0.086350,5.020725,0.982748,0.41970,5.00
0.086360,5.019805,0.979466,0.41973,5.00
0.086370,5.018749,0.976337,0.41977,5.00
0.086380,5.017565,0.973382,0.41981,5.00
0.086390,5.016264,0.970622,0.41986,5.00
0.086400,5.014626,0.968075,0.41992,5.00
0.086410,5.011985,0.965868,0.42004,5.00
0.086420,5.009279,0.964086,0.42016,5.00
0.086430,5.006529,0.962739,0.42029,5.00
0.086440,5.003754,0.961834,0.42043,5.00
0.086450,5.001189,0.961373,0.42056,5.00
0.086460,4.999481,0.961255,0.42065,5.00
0.086470,4.997791,0.961409,0.42074,5.00
0.086480,4.996131,0.961833,0.42082,5.00
0.086490,4.994512,0.962521,0.42091,5.00
0.086500,4.992905,0.963466,0.42099,5.00
0.086510,4.991204,0.964679,0.42108,5.00
0.086520,4.989580,0.966160,0.42117,5.00
0.086530,4.988045,0.967899,0.42126,5.00
0.086540,4.986610,0.969878,0.42134,5.00
0.086550,4.985422,0.972083,0.42142,5.00
0.086560,4.984904,0.974429,0.42146,5.00
0.086570,4.984499,0.976853,0.42149,5.00
0.086580,4.984210,0.979338,0.42152,5.00
0.086590,4.984036,0.981863,0.42154,5.00
0.086600,4.983908,0.984412,0.42156,5.00
0.086610,4.983611,0.986999,0.42159,5.00
0.086620,4.983435,0.989629,0.42161,5.00
0.086630,4.983380,0.992282,0.42163,5.00
0.086640,4.983447,0.994939,0.42164,5.00
0.086650,4.983752,0.997580,0.42164,5.00
0.086660,4.984652,1.000128,0.42161,5.00
0.086670,4.985654,1.002528,0.42158,5.00
0.086680,4.986752,1.004764,0.42153,5.00
0.086690,4.987936,1.006821,0.42149,5.00
0.086700,4.989064,1.008684,0.42143,5.00
0.086710,4.989732,1.010407,0.42141,5.00
0.086720,4.990468,1.012020,0.42138,5.00
0.086730,4.991268,1.013512,0.42135,5.00
0.086740,4.992125,1.014873,0.42131,5.00
0.086750,4.992891,1.016095,0.42127,5.00
0.086760,4.993141,1.017238,0.42127,5.00
0.086770,4.993440,1.018338,0.42126,5.00
0.086780,4.993785,1.019389,0.42125,5.00
0.086790,4.994173,1.020382,0.42123,5.00
0.086800,4.994813,1.021312,0.42122,5.00
0.086810,4.996333,1.022069,0.42114,5.00
0.086820,4.997866,1.022583,0.42107,5.00
0.086830,4.999402,1.022850,0.42099,5.00
0.086840,5.000930,1.022872,0.42092,5.00
0.086850,5.002458,1.022651,0.42084,5.00
0.086860,5.004033,1.022179,0.42076,5.00
0.086870,5.005565,1.021457,0.42068,5.00
0.086880,5.007044,1.020493,0.42060,5.00
0.086890,5.008460,1.019293,0.42052,5.00
0.086900,5.009797,1.017871,0.42045,5.00
0.086910,5.011035,1.016239,0.42038,5.00
0.086920,5.012183,1.014412,0.42031,5.00
0.086930,5.013232,1.012406,0.42024,5.00
0.086940,5.014177,1.010237,0.42019,5.00
0.086950,5.014965,1.007921,0.42013,5.00
0.086960,5.015456,1.005498,0.42009,5.00
0.086970,5.015830,1.003001,0.42006,5.00
0.086980,5.016087,1.000450,0.42003,5.00
0.086990,5.016225,0.997862,0.42001,5.00
0.087000,5.016025,0.995257,0.42000,5.00
0.087010,5.014844,0.992759,0.42004,5.00
0.087020,5.013564,0.990455,0.42009,5.00
0.087030,5.012198,0.988358,0.42015,5.00
0.087040,5.010755,0.986484,0.42021,5.00
0.087050,5.009363,0.984843,0.42028,5.00
0.087060,5.008374,0.983391,0.42032,5.00
0.087070,5.007333,0.982100,0.42037,5.00
0.087080,5.006248,0.980977,0.42042,5.00
0.087090,5.005126,0.980029,0.42047,5.00
0.087100,5.003939,0.979262,0.42052,5.00
0.087110,5.002584,0.978698,0.42059,5.00
0.087120,5.001222,0.978351,0.42065,5.00
0.087130,4.999862,0.978223,0.42072,5.00
0.087140,4.998515,0.978311,0.42079,5.00
0.087150,4.997019,0.978615,0.42086,5.00
0.087160,4.994877,0.979211,0.42097,5.00
0.087170,4.992791,0.980148,0.42108,5.00
0.087180,4.990775,0.981415,0.42118,5.00
0.087190,4.988844,0.983002,0.42129,5.00
0.087200,4.987289,0.984894,0.42139,5.00
0.087210,4.986950,0.986941,0.42142,5.00
0.087220,4.986707,0.989039,0.42144,5.00
0.087230,4.986563,0.991171,0.42146,5.00
0.087240,4.986517,0.993322,0.42148,5.00
0.087250,4.986306,0.995477,0.42149,5.00
0.087260,4.985147,0.997745,0.42156,5.00
0.087270,4.984107,1.000194,0.42162,5.00
0.087280,4.983191,1.002804,0.42168,5.00
0.087290,4.982406,1.005555,0.42174,5.00
0.087300,4.982070,1.008426,0.42178,5.00
0.087310,4.983117,1.011244,0.42175,5.00
0.087320,4.984279,1.013890,0.42170,5.00
0.087330,4.985544,1.016346,0.42165,5.00
0.087340,4.986903,1.018595,0.42160,5.00
0.087350,4.988467,1.020622,0.42154,5.00
0.087360,4.990582,1.022358,0.42144,5.00
0.087370,4.992747,1.023753,0.42134,5.00
0.087380,4.994946,1.024800,0.42123,5.00
0.087390,4.997163,1.025494,0.42113,5.00
0.087400,4.998865,1.025833,0.42102,5.00
0.087410,4.998506,1.026065,0.42104,5.00
0.087420,4.998163,1.026353,0.42105,5.00
0.087430,4.997837,1.026696,0.42107,5.00
0.087440,4.997531,1.027089,0.42109,5.00
0.087450,4.997710,1.027531,0.42111,5.00
0.087460,4.999750,1.027794,0.42101,5.00
0.087470,5.001774,1.027732,0.42090,5.00
0.087480,5.003768,1.027347,0.42080,5.00
0.087490,5.005717,1.026645,0.42070,5.00
0.087500,5.007471,1.025632,0.42060,5.00
0.087510,5.008606,1.024386,0.42054,5.00
0.087520,5.009670,1.022962,0.42047,5.00
0.087530,5.010654,1.021370,0.42042,5.00
0.087540,5.011554,1.019624,0.42036,5.00
0.087550,5.012283,1.017738,0.42031,5.00
0.087560,5.012600,1.015764,0.42028,5.00
0.087570,5.012824,1.013744,0.42026,5.00
0.087580,5.012953,1.011691,0.42024,5.00
0.087590,5.012988,1.009622,0.42023,5.00
0.087600,5.013121,1.007552,0.42022,5.00
0.087610,5.013926,1.005402,0.42017,5.00
0.087620,5.014623,1.003128,0.42012,5.00
0.087630,5.015208,1.000747,0.42008,5.00
0.087640,5.015678,0.998278,0.42004,5.00
0.087650,5.016012,0.995738,0.42001,5.00
0.087660,5.016159,0.993155,0.41999,5.00
0.087670,5.016187,0.990554,0.41998,5.00
0.087680,5.016097,0.987954,0.41997,5.00
0.087690,5.015890,0.985372,0.41996,5.00
0.087700,5.015458,0.982829,0.41996,5.00
0.087710,5.014474,0.980396,0.42000,5.00
0.087720,5.013393,0.978124,0.42004,5.00
0.087730,5.012224,0.976028,0.42009,5.00
0.087740,5.010975,0.974124,0.42014,5.00
0.087750,5.009537,0.972423,0.42020,5.00
0.087760,5.007561,0.970992,0.42029,5.00
0.087770,5.005547,0.969880,0.42039,5.00
0.087780,5.003510,0.969092,0.42048,5.00
0.087790,5.001465,0.968630,0.42058,5.00
0.087800,4.999586,0.968495,0.42068,5.00
0.087810,4.998363,0.968609,0.42075,5.00
0.087820,4.997161,0.968918,0.42081,5.00
0.087830,4.995990,0.969419,0.42087,5.00
0.087840,4.994857,0.970105,0.42093,5.00
0.087850,4.993803,0.970972,0.42099,5.00
0.087860,4.992934,0.971994,0.42104,5.00
0.087870,4.992124,0.973152,0.42109,5.00
0.087880,4.991376,0.974438,0.42113,5.00
0.087890,4.990697,0.975841,0.42117,5.00
0.087900,4.990001,0.977350,0.42121,5.00
0.087910,4.989026,0.978996,0.42127,5.00
0.087920,4.988139,0.980793,0.42132,5.00
0.087930,4.987346,0.982730,0.42137,5.00
0.087940,4.986650,0.984789,0.42142,5.00
0.087950,4.985923,0.986955,0.42146,5.00
0.087960,4.984771,0.989275,0.42153,5.00
0.087970,4.983740,0.991776,0.42160,5.00
0.087980,4.982835,0.994435,0.42166,5.00
0.087990,4.982063,0.997235,0.42171,5.00
0.088000,4.981550,1.000151,0.42176,5.00
0.088010,4.981656,1.003106,0.42177,5.00
0.088020,4.981895,1.006038,0.42177,5.00
0.088030,4.982264,1.008925,0.42177,5.00
0.088040,4.982758,1.011749,0.42176,5.00
0.088050,4.983402,1.014488,0.42175,5.00
0.088060,4.984271,1.017111,0.42172,5.00
0.088070,4.985247,1.019589,0.42168,5.00
0.088080,4.986322,1.021908,0.42164,5.00
0.088090,4.987488,1.024050,0.42159,5.00
0.088100,4.988592,1.026001,0.42154,5.00
0.088110,4.989199,1.027819,0.42152,5.00
0.088120,4.989880,1.029537,0.42150,5.00
0.088130,4.990631,1.031142,0.42147,5.00
0.088140,4.991443,1.032624,0.42143,5.00
0.088150,4.992366,1.033973,0.42140,5.00
0.088160,4.993554,1.035156,0.42134,5.00
0.088170,4.994780,1.036146,0.42129,5.00
0.088180,4.996034,1.036938,0.42123,5.00
0.088190,4.997307,1.037529,0.42117,5.00
0.088200,4.998839,1.037916,0.42111,5.00
0.088210,5.001359,1.037978,0.42098,5.00
0.088220,5.003848,1.037637,0.42085,5.00
0.088230,5.006289,1.036900,0.42073,5.00
0.088240,5.008663,1.035774,0.42060,5.00
0.088250,5.010974,1.034272,0.42048,5.00
0.088260,5.013265,1.032398,0.42035,5.00
0.088270,5.015441,1.030162,0.42023,5.00
0.088280,5.017486,1.027582,0.42012,5.00
0.088290,5.019387,1.024682,0.42000,5.00
0.088300,5.021023,1.021484,0.41990,5.00
0.088310,5.022064,1.018065,0.41983,5.00
0.088320,5.022936,1.014486,0.41976,5.00
0.088330,5.023634,1.010776,0.41971,5.00
0.088340,5.024155,1.006961,0.41966,5.00
0.088350,5.024329,1.003070,0.41962,5.00
0.088360,5.023659,0.999212,0.41964,5.00
0.088370,5.022823,0.995469,0.41966,5.00
0.088380,5.021829,0.991866,0.41969,5.00
0.088390,5.020685,0.988429,0.41973,5.00
0.088400,5.019341,0.985181,0.41977,5.00
0.088410,5.017626,0.982173,0.41984,5.00
0.088420,5.015798,0.979444,0.41992,5.00
0.088430,5.013872,0.977012,0.42000,5.00
0.088440,5.011860,0.974893,0.42009,5.00
0.088450,5.010144,0.973098,0.42019,5.00
0.088460,5.009816,0.971464,0.42020,5.00
0.088470,5.009418,0.969886,0.42021,5.00
0.088480,5.008954,0.968374,0.42022,5.00
0.088490,5.008428,0.966940,0.42024,5.00
0.088500,5.007658,0.965593,0.42026,5.00
0.088510,5.006093,0.964430,0.42033,5.00
0.088520,5.004498,0.963520,0.42041,5.00
0.088530,5.002882,0.962866,0.42049,5.00
0.088540,5.001259,0.962472,0.42057,5.00
0.088550,4.999466,0.962337,0.42065,5.00
0.088560,4.996999,0.962544,0.42077,5.00
0.088570,4.994575,0.963145,0.42090,5.00
0.088580,4.992210,0.964131,0.42102,5.00
0.088590,4.989922,0.965493,0.42114,5.00
0.088600,4.987712,0.967217,0.42126,5.00
0.088610,4.985549,0.969295,0.42138,5.00
0.088620,4.983510,0.971715,0.42150,5.00
0.088630,4.981607,0.974455,0.42161,5.00
0.088640,4.979854,0.977493,0.42171,5.00
0.088650,4.978568,0.980806,0.42181,5.00
0.088660,4.978665,0.984220,0.42182,5.00
0.088670,4.978915,0.987611,0.42183,5.00
0.088680,4.979315,0.990957,0.42183,5.00
0.088690,4.979862,0.994232,0.42182,5.00
0.088700,4.980253,0.997414,0.42180,5.00
0.088710,4.979606,1.000621,0.42185,5.00
0.088720,4.979114,1.003926,0.42190,5.00
0.088730,4.978777,1.007303,0.42193,5.00
0.088740,4.978598,1.010728,0.42196,5.00
0.088750,4.978924,1.014174,0.42198,5.00
0.088760,4.980784,1.017450,0.42190,5.00
0.088770,4.982768,1.020424,0.42182,5.00
0.088780,4.984859,1.023075,0.42173,5.00
0.088790,4.987043,1.025387,0.42163,5.00
0.088800,4.989044,1.027346,0.42153,5.00
0.088810,4.990081,1.029065,0.42149,5.00
0.088820,4.991182,1.030615,0.42144,5.00
0.088830,4.992339,1.031986,0.42139,5.00
0.088840,4.993542,1.033170,0.42133,5.00
0.088850,4.994698,1.034160,0.42128,5.00
0.088860,4.995547,1.034990,0.42124,5.00
0.088870,4.996423,1.035683,0.42120,5.00
0.088880,4.997319,1.036234,0.42116,5.00
0.088890,4.998227,1.036642,0.42111,5.00
0.088900,4.999165,1.036904,0.42107,5.00
0.088910,5.000198,1.037007,0.42102,5.00
0.088920,5.001221,1.036946,0.42097,5.00
0.088930,5.002227,1.036721,0.42091,5.00
0.088940,5.003210,1.036336,0.42086,5.00
0.088950,5.003988,1.035795,0.42081,5.00
0.088960,5.004040,1.035186,0.42081,5.00
0.088970,5.004064,1.034570,0.42080,5.00
0.088980,5.004060,1.033951,0.42080,5.00
0.088990,5.004027,1.033334,0.42080,5.00
0.089000,5.004250,1.032722,0.42080,5.00
0.089010,5.005568,1.031986,0.42073,5.00
0.089020,5.006835,1.031041,0.42066,5.00
0.089030,5.008042,1.029896,0.42059,5.00
0.089040,5.009181,1.028559,0.42053,5.00
0.089050,5.010432,1.027044,0.42046,5.00
0.089060,5.012347,1.025272,0.42036,5.00
0.089070,5.014156,1.023198,0.42026,5.00
0.089080,5.015846,1.020839,0.42016,5.00
0.089090,5.017407,1.018214,0.42007,5.00
0.089100,5.018716,1.015346,0.41998,5.00
0.089110,5.019431,1.012310,0.41993,5.00
0.089120,5.019998,1.009167,0.41988,5.00
0.089130,5.020416,1.005938,0.41984,5.00
0.089140,5.020681,1.002650,0.41981,5.00
0.089150,5.020931,0.999325,0.41979,5.00
0.089160,5.021570,0.995923,0.41974,5.00
0.089170,5.022047,0.992425,0.41969,5.00
0.089180,5.022359,0.988859,0.41966,5.00
0.089190,5.022505,0.985249,0.41963,5.00
0.089200,5.022272,0.981623,0.41961,5.00
0.089210,5.021025,0.978111,0.41966,5.00
0.089220,5.019636,0.974803,0.41971,5.00
0.089230,5.018116,0.971724,0.41977,5.00
0.089240,5.016476,0.968894,0.41983,5.00
0.089250,5.014747,0.966330,0.41991,5.00
0.089260,5.012989,0.964042,0.41998,5.00
0.089270,5.011151,0.962039,0.42007,5.00
0.089280,5.009246,0.960334,0.42015,5.00
0.089290,5.007290,0.958936,0.42024,5.00
0.089300,5.005278,0.957852,0.42034,5.00
0.089310,5.003166,0.957098,0.42044,5.00
0.089320,5.001049,0.956683,0.42054,5.00
0.089330,4.998941,0.956606,0.42065,5.00
0.089340,4.996858,0.956866,0.42075,5.00
0.089350,4.994814,0.957458,0.42086,5.00
0.089360,4.992821,0.958375,0.42096,5.00
0.089370,4.990896,0.959609,0.42107,5.00
0.089380,4.989053,0.961147,0.42117,5.00
0.089390,4.987304,0.962977,0.42127,5.00
0.089400,4.985638,0.965082,0.42136,5.00
0.089410,4.983992,0.967458,0.42146,5.00
0.089420,4.982477,0.970091,0.42155,5.00
0.089430,4.981101,0.972961,0.42163,5.00
0.089440,4.979873,0.976045,0.42171,5.00
0.089450,4.978671,0.979319,0.42178,5.00
0.089460,4.977113,0.982820,0.42188,5.00
0.089470,4.975735,0.986564,0.42197,5.00
0.089480,4.974545,0.990520,0.42205,5.00
0.089490,4.973550,0.994658,0.42212,5.00
0.089500,4.972987,0.998947,0.42218,5.00
0.089510,4.973545,1.003243,0.42218,5.00
0.089520,4.974289,1.007443,0.42217,5.00
0.089530,4.975213,1.011516,0.42214,5.00
0.089540,4.976310,1.015433,0.42211,5.00
0.089550,4.977479,1.019168,0.42207,5.00
0.089560,4.978442,1.022738,0.42204,5.00
0.089570,4.979554,1.026148,0.42200,5.00
0.089580,4.980805,1.029373,0.42195,5.00
0.089590,4.982185,1.032393,0.42190,5.00
0.089600,4.983684,1.035187,0.42184,5.00
0.089610,4.985290,1.037735,0.42177,5.00
0.089620,4.986989,1.040023,0.42170,5.00
0.089630,4.988769,1.042035,0.42162,5.00
0.089640,4.990617,1.043759,0.42154,5.00
0.089650,4.992619,1.045185,0.42145,5.00
0.089660,4.995066,1.046256,0.42134,5.00
0.089670,4.997528,1.046934,0.42122,5.00
0.089680,4.999988,1.047218,0.42109,5.00
0.089690,5.002428,1.047109,0.42097,5.00
0.089700,5.004864,1.046611,0.42085,5.00
0.089710,5.007384,1.045713,0.42072,5.00
0.089720,5.009830,1.044416,0.42059,5.00
0.089730,5.012184,1.042730,0.42046,5.00
0.089740,5.014430,1.040672,0.42033,5.00
0.089750,5.016366,1.038259,0.42022,5.00
0.089760,5.017427,1.035602,0.42015,5.00
0.089770,5.018354,1.032780,0.42009,5.00
0.089780,5.019140,1.029816,0.42003,5.00
0.089790,5.019782,1.026732,0.41998,5.00
0.089800,5.020383,1.023551,0.41994,5.00
0.089810,5.021262,1.020246,0.41988,5.00
0.089820,5.021980,1.016806,0.41982,5.00
0.089830,5.022532,1.013259,0.41977,5.00
0.089840,5.022916,1.009631,0.41974,5.00
0.089850,5.023154,1.005948,0.41970,5.00
0.089860,5.023312,1.002227,0.41968,5.00
0.089870,5.023300,0.998488,0.41966,5.00
0.089880,5.023119,0.994757,0.41965,5.00
0.089890,5.022772,0.991064,0.41964,5.00
0.089900,5.022076,0.987432,0.41965,5.00
0.089910,5.020488,0.983978,0.41971,5.00
0.089920,5.018764,0.980784,0.41978,5.00
0.089930,5.016920,0.977871,0.41986,5.00
0.089940,5.014968,0.975258,0.41994,5.00
0.089950,5.013240,0.972961,0.42003,5.00
0.089960,5.012688,0.970844,0.42004,5.00
0.089970,5.012048,0.968819,0.42007,5.00
0.089980,5.011324,0.966900,0.42009,5.00
0.089990,5.010523,0.965100,0.42012,5.00
0.090000,5.009487,0.963431,0.42016,5.00
0.090010,5.007730,0.961985,0.42024,5.00
0.090020,5.005932,0.960821,0.42032,5.00
0.090030,5.004105,0.959947,0.42041,5.00
0.090040,5.002264,0.959366,0.42050,5.00
0.090050,5.000336,0.959080,0.42059,5.00
0.090060,4.998086,0.959129,0.42070,5.00
0.090070,4.995869,0.959537,0.42082,5.00
0.090080,4.993700,0.960298,0.42093,5.00
0.090090,4.991595,0.961404,0.42104,5.00
0.090100,4.989409,0.962844,0.42115,5.00
0.090110,4.986687,0.964681,0.42130,5.00
0.090120,4.984085,0.966948,0.42144,5.00
0.090130,4.981620,0.969626,0.42158,5.00
0.090140,4.979309,0.972693,0.42171,5.00
0.090150,4.977374,0.976122,0.42184,5.00
0.090160,4.976439,0.979788,0.42190,5.00
0.090170,4.975682,0.983596,0.42196,5.00
0.090180,4.975108,0.987517,0.42201,5.00
0.090190,4.974719,0.991523,0.42205,5.00
0.090200,4.974706,0.995583,0.42209,5.00
0.090210,4.975634,0.999576,0.42206,5.00
0.090220,4.976729,1.003414,0.42203,5.00
0.090230,4.977984,1.007070,0.42198,5.00
0.090240,4.979387,1.010518,0.42193,5.00
0.090250,4.980870,1.013737,0.42187,5.00
0.090260,4.982251,1.016730,0.42182,5.00
0.090270,4.983749,1.019498,0.42176,5.00
0.090280,4.985351,1.022022,0.42169,5.00
0.090290,4.987047,1.024284,0.42162,5.00
0.090300,4.988831,1.026272,0.42154,5.00
0.090310,4.990715,1.027969,0.42146,5.00
0.090320,4.992652,1.029362,0.42137,5.00
0.090330,4.994625,1.030443,0.42127,5.00
0.090340,4.996621,1.031207,0.42118,5.00
0.090350,4.998314,1.031651,0.42108,5.00
0.090360,4.998769,1.031923,0.42106,5.00
0.090370,4.999231,1.032122,0.42104,5.00
0.090380,4.999696,1.032247,0.42101,5.00
0.090390,5.000160,1.032297,0.42099,5.00
0.090400,5.000825,1.032273,0.42097,5.00
0.090410,5.002297,1.032077,0.42089,5.00
0.090420,5.003740,1.031647,0.42082,5.00
0.090430,5.005145,1.030987,0.42074,5.00
0.090440,5.006500,1.030104,0.42067,5.00
0.090450,5.007495,1.029006,0.42060,5.00
0.090460,5.007226,1.027849,0.42061,5.00
0.090470,5.006908,1.026736,0.42062,5.00
0.090480,5.006543,1.025676,0.42063,5.00
0.090490,5.006136,1.024676,0.42064,5.00
0.090500,5.005899,1.023743,0.42066,5.00
0.090510,5.006458,1.022782,0.42063,5.00
0.090520,5.006967,1.021734,0.42060,5.00
0.090530,5.007422,1.020606,0.42057,5.00
0.090540,5.007819,1.019408,0.42054,5.00
0.090550,5.008277,1.018148,0.42052,5.00
0.090560,5.009150,1.016780,0.42047,5.00
0.090570,5.009949,1.015275,0.42042,5.00
0.090580,5.010669,1.013645,0.42037,5.00
0.090590,5.011306,1.011903,0.42033,5.00
0.090600,5.011839,1.010063,0.42029,5.00
0.090610,5.012211,1.008148,0.42026,5.00
0.090620,5.012492,1.006176,0.42024,5.00
0.090630,5.012680,1.004163,0.42022,5.00
0.090640,5.012775,1.002125,0.42020,5.00
0.090650,5.012841,1.000075,0.42019,5.00
0.090660,5.013076,0.997997,0.42017,5.00
0.090670,5.013214,0.995886,0.42015,5.00
0.090680,5.013254,0.993757,0.42014,5.00
0.090690,5.013197,0.991626,0.42013,5.00
0.090700,5.012959,0.989508,0.42012,5.00
0.090710,5.012289,0.987459,0.42015,5.00
0.090720,5.011535,0.985521,0.42017,5.00
0.090730,5.010703,0.983708,0.42021,5.00
0.090740,5.009800,0.982030,0.42024,5.00
0.090750,5.008600,0.980500,0.42028,5.00
0.090760,5.006414,0.979239,0.42038,5.00
0.090770,5.004201,0.978330,0.42049,5.00
0.090780,5.001976,0.977775,0.42060,5.00
0.090790,4.999756,0.977577,0.42071,5.00
0.090800,4.997671,0.977732,0.42082,5.00
0.090810,4.996072,0.978185,0.42090,5.00
0.090820,4.994515,0.978891,0.42099,5.00
0.090830,4.993010,0.979844,0.42107,5.00
0.090840,4.991569,0.981036,0.42114,5.00
0.090850,4.990144,0.982456,0.42122,5.00
0.090860,4.988575,0.984118,0.42131,5.00
0.090870,4.987102,0.986028,0.42139,5.00
0.090880,4.985736,0.988168,0.42147,5.00
0.090890,4.984484,0.990523,0.42155,5.00
0.090900,4.983379,0.993073,0.42162,5.00
0.090910,4.982492,0.995788,0.42168,5.00
0.090920,4.981740,0.998638,0.42173,5.00
0.090930,4.981127,1.001603,0.42178,5.00
0.090940,4.980657,1.004660,0.42182,5.00
0.090950,4.980498,1.007786,0.42185,5.00
0.090960,4.981148,1.010879,0.42184,5.00
0.090970,4.981929,1.013861,0.42181,5.00
0.090980,4.982834,1.016713,0.42178,5.00
0.090990,4.983856,1.019416,0.42175,5.00
0.091000,4.985331,1.021950,0.42170,5.00
0.091010,4.988273,1.024133,0.42157,5.00
0.091020,4.991274,1.025843,0.42143,5.00
0.091030,4.994312,1.027071,0.42128,5.00
0.091040,4.997364,1.027812,0.42113,5.00
0.091050,4.999868,1.028065,0.42098,5.00
0.091060,5.000198,1.028091,0.42097,5.00
0.091070,5.000525,1.028064,0.42095,5.00
0.091080,5.000845,1.027984,0.42093,5.00
0.091090,5.001158,1.027854,0.42092,5.00
0.091100,5.001772,1.027674,0.42090,5.00
0.091110,5.003608,1.027296,0.42080,5.00
0.091120,5.005402,1.026626,0.42071,5.00
0.091130,5.007142,1.025671,0.42062,5.00
0.091140,5.008815,1.024441,0.42053,5.00
0.091150,5.009998,1.022946,0.42044,5.00
0.091160,5.009460,1.021396,0.42046,5.00
0.091170,5.008859,1.019936,0.42048,5.00
0.091180,5.008201,1.018573,0.42051,5.00
0.091190,5.007489,1.017319,0.42053,5.00
0.091200,5.007019,1.016180,0.42057,5.00
0.091210,5.007655,1.015026,0.42053,5.00
0.091220,5.008230,1.013772,0.42049,5.00
0.091230,5.008741,1.012429,0.42046,5.00
0.091240,5.009184,1.011007,0.42043,5.00
0.091250,5.009536,1.009517,0.42040,5.00
0.091260,5.009735,1.007981,0.42038,5.00
0.091270,5.009862,1.006415,0.42037,5.00
0.091280,5.009917,1.004832,0.42036,5.00
0.091290,5.009899,1.003244,0.42035,5.00
0.091300,5.010014,1.001661,0.42035,5.00
0.091310,5.010865,0.999998,0.42029,5.00
0.091320,5.011630,0.998202,0.42025,5.00
0.091330,5.012303,0.996288,0.42020,5.00
0.091340,5.012881,0.994270,0.42016,5.00
0.091350,5.013090,0.992164,0.42013,5.00
0.091360,5.012131,0.990115,0.42016,5.00
0.091370,5.011092,0.988223,0.42021,5.00
0.091380,5.009982,0.986500,0.42025,5.00
0.091390,5.008808,0.984958,0.42030,5.00
0.091400,5.007332,0.983605,0.42036,5.00
0.091410,5.004825,0.982571,0.42048,5.00
0.091420,5.002304,0.981939,0.42060,5.00
0.091430,4.999789,0.981709,0.42072,5.00
0.091440,4.997297,0.981882,0.42085,5.00
0.091450,4.995312,0.982452,0.42098,5.00
0.091460,4.995230,0.983189,0.42098,5.00
0.091470,4.995182,0.983937,0.42099,5.00
0.091480,4.995169,0.984692,0.42100,5.00
0.091490,4.995190,0.985447,0.42100,5.00
0.091500,4.994945,0.986198,0.42100,5.00
0.091510,4.993545,0.987082,0.42108,5.00
0.091520,4.992204,0.988189,0.42115,5.00
0.091530,4.990931,0.989506,0.42122,5.00
0.091540,4.989735,0.991025,0.42129,5.00
0.091550,4.988719,0.992731,0.42135,5.00
0.091560,4.988172,0.994566,0.42139,5.00
0.091570,4.987715,0.996485,0.42142,5.00
0.091580,4.987351,0.998473,0.42145,5.00
0.091590,4.987081,1.000515,0.42148,5.00
0.091600,4.987094,1.002596,0.42150,5.00
0.091610,4.987939,1.004612,0.42147,5.00
0.091620,4.988864,1.006489,0.42143,5.00
0.091630,4.989861,1.008215,0.42139,5.00
0.091640,4.990923,1.009779,0.42135,5.00
0.091650,4.992064,1.011170,0.42130,5.00
0.091660,4.993342,1.012370,0.42124,5.00
0.091670,4.994657,1.013363,0.42118,5.00
0.091680,4.995999,1.014145,0.42112,5.00
0.091690,4.997359,1.014711,0.42105,5.00
0.091700,4.998351,1.015059,0.42098,5.00
0.091710,4.997852,1.015368,0.42101,5.00
0.091720,4.997373,1.015756,0.42104,5.00
0.091730,4.996919,1.016219,0.42106,5.00
0.091740,4.996491,1.016754,0.42109,5.00
0.091750,4.996347,1.017356,0.42111,5.00
0.091760,4.997237,1.017899,0.42107,5.00
0.091770,4.998139,1.018299,0.42102,5.00
0.091780,4.999048,1.018555,0.42098,5.00
0.091790,4.999956,1.018664,0.42094,5.00
0.091800,5.000867,1.018629,0.42089,5.00
0.091810,5.001803,1.018445,0.42084,5.00
0.091820,5.002718,1.018112,0.42079,5.00
0.091830,5.003605,1.017634,0.42075,5.00
0.091840,5.004459,1.017015,0.42070,5.00
0.091850,5.005431,1.016261,0.42066,5.00
0.091860,5.006981,1.015303,0.42057,5.00
0.091870,5.008467,1.014099,0.42049,5.00
0.091880,5.009879,1.012661,0.42041,5.00
0.091890,5.011206,1.011000,0.42034,5.00
0.091900,5.012465,1.009131,0.42027,5.00
0.091910,5.013717,1.007057,0.42019,5.00
0.091920,5.014859,1.004787,0.42012,5.00
0.091930,5.015882,1.002340,0.42006,5.00
0.091940,5.016781,0.999733,0.42000,5.00
0.091950,5.017384,0.996989,0.41994,5.00
0.091960,5.017191,0.994207,0.41994,5.00
0.091970,5.016875,0.991461,0.41994,5.00
0.091980,5.016438,0.988771,0.41995,5.00
0.091990,5.015886,0.986156,0.41996,5.00
0.092000,5.015329,0.983634,0.41998,5.00
0.092010,5.015087,0.981172,0.41998,5.00
0.092020,5.014738,0.978753,0.41998,5.00
0.092030,5.014283,0.976394,0.41999,5.00
0.092040,5.013728,0.974113,0.42001,5.00
0.092050,5.013045,0.971925,0.42003,5.00
0.092060,5.012144,0.969861,0.42006,5.00
0.092070,5.011162,0.967944,0.42010,5.00
0.092080,5.010106,0.966188,0.42015,5.00
0.092090,5.008985,0.964604,0.42019,5.00
0.092100,5.007704,0.963202,0.42025,5.00
0.092110,5.005964,0.962040,0.42033,5.00
0.092120,5.004195,0.961158,0.42041,5.00
0.092130,5.002409,0.960561,0.42050,5.00
0.092140,5.000620,0.960249,0.42059,5.00
0.092150,4.998792,0.960224,0.42067,5.00
0.092160,4.996790,0.960506,0.42078,5.00
0.092170,4.994828,0.961107,0.42088,5.00
0.092180,4.992920,0.962020,0.42098,5.00
0.092190,4.991078,0.963237,0.42108,5.00
0.092200,4.989630,0.964744,0.42117,5.00
0.092210,4.989516,0.966380,0.42119,5.00
0.092220,4.989477,0.968031,0.42120,5.00
0.092230,4.989514,0.969685,0.42121,5.00
0.092240,4.989626,0.971331,0.42121,5.00
0.092250,4.989582,0.972955,0.42121,5.00
0.092260,4.988704,0.974657,0.42126,5.00
0.092270,4.987915,0.976495,0.42131,5.00
0.092280,4.987220,0.978456,0.42136,5.00
0.092290,4.986624,0.980524,0.42140,5.00
0.092300,4.986065,0.982684,0.42144,5.00
0.092310,4.985361,0.984948,0.42149,5.00
0.092320,4.984768,0.987321,0.42153,5.00
0.092330,4.984291,0.989784,0.42157,5.00
0.092340,4.983932,0.992318,0.42160,5.00
0.092350,4.983623,0.994905,0.42162,5.00
0.092360,4.983160,0.997558,0.42166,5.00
0.092370,4.982824,1.000280,0.42169,5.00
0.092380,4.982616,1.003050,0.42172,5.00
0.092390,4.982536,1.005848,0.42174,5.00
0.092400,4.982826,1.008653,0.42175,5.00
0.092410,4.984203,1.011330,0.42170,5.00
0.092420,4.985683,1.013781,0.42163,5.00
0.092430,4.987254,1.015991,0.42157,5.00
0.092440,4.988904,1.017947,0.42150,5.00
0.092450,4.990442,1.019636,0.42142,5.00
0.092460,4.991329,1.021133,0.42138,5.00
0.092470,4.992272,1.022485,0.42134,5.00
0.092480,4.993263,1.023685,0.42130,5.00
0.092490,4.994295,1.024723,0.42125,5.00
0.092500,4.995294,1.025595,0.42120,5.00
0.092510,4.996052,1.026328,0.42117,5.00
0.092520,4.996834,1.026938,0.42113,5.00
0.092530,4.997632,1.027421,0.42110,5.00
0.092540,4.998442,1.027777,0.42106,5.00
0.092550,4.999161,1.028002,0.42102,5.00
0.092560,4.999498,1.028143,0.42100,5.00
0.092570,4.999838,1.028230,0.42099,5.00
0.092580,5.000177,1.028262,0.42097,5.00
0.092590,5.000513,1.028240,0.42095,5.00
0.092600,5.001177,1.028164,0.42093,5.00
0.092610,5.003157,1.027875,0.42083,5.00
0.092620,5.005096,1.027271,0.42073,5.00
0.092630,5.006983,1.026359,0.42063,5.00
0.092640,5.008802,1.025147,0.42054,5.00
0.092650,5.010443,1.023648,0.42044,5.00
0.092660,5.011594,1.021921,0.42037,5.00
0.092670,5.012652,1.020014,0.42031,5.00
0.092680,5.013609,1.017942,0.42025,5.00
0.092690,5.014460,1.015722,0.42020,5.00
0.092700,5.015100,1.013369,0.42015,5.00
0.092710,5.015236,1.010951,0.42013,5.00
0.092720,5.015260,1.008515,0.42011,5.00
0.092730,5.015174,1.006080,0.42010,5.00
0.092740,5.014979,1.003663,0.42010,5.00
0.092750,5.014555,1.001283,0.42010,5.00
0.092760,5.013544,0.999013,0.42014,5.00
0.092770,5.012445,0.996909,0.42018,5.00
0.092780,5.011265,0.994984,0.42023,5.00
0.092790,5.010014,0.993251,0.42028,5.00
0.092800,5.008954,0.991721,0.42034,5.00
0.092810,5.008845,0.990282,0.42034,5.00
0.092820,5.008671,0.988864,0.42034,5.00
0.092830,5.008436,0.987475,0.42034,5.00
0.092840,5.008141,0.986128,0.42035,5.00
0.092850,5.007356,0.984829,0.42036,5.00
0.092860,5.004799,0.983798,0.42049,5.00
0.092870,5.002229,0.983176,0.42061,5.00
0.092880,4.999666,0.982965,0.42074,5.00
0.092890,4.997127,0.983164,0.42087,5.00
0.092900,4.994929,0.983767,0.42100,5.00
0.092910,4.993970,0.984625,0.42105,5.00
0.092920,4.993062,0.985634,0.42110,5.00
0.092930,4.992212,0.986786,0.42115,5.00
0.092940,4.991426,0.988072,0.42119,5.00
0.092950,4.990976,0.989480,0.42124,5.00
0.092960,4.991655,0.990873,0.42121,5.00
0.092970,4.992388,0.992154,0.42118,5.00
0.092980,4.993170,0.993316,0.42115,5.00
0.092990,4.993993,0.994352,0.42111,5.00
0.093000,4.994495,0.995254,0.42108,5.00
0.093010,4.993610,0.996188,0.42112,5.00
0.093020,4.992779,0.997262,0.42117,5.00
0.093030,4.992008,0.998467,0.42122,5.00
0.093040,4.991301,0.999792,0.42126,5.00
0.093050,4.990907,1.001227,0.42130,5.00
0.093060,4.991548,1.002645,0.42128,5.00
0.093070,4.992244,1.003958,0.42125,5.00
0.093080,4.992991,1.005157,0.42122,5.00
0.093090,4.993782,1.006235,0.42118,5.00
0.093100,4.994520,1.007185,0.42115,5.00
0.093110,4.994930,1.008044,0.42113,5.00
0.093120,4.995374,1.008836,0.42111,5.00
0.093130,4.995848,1.009556,0.42109,5.00
0.093140,4.996348,1.010199,0.42107,5.00
0.093150,4.996851,1.010760,0.42105,5.00
0.093160,4.997298,1.011246,0.42103,5.00
0.093170,4.997760,1.011661,0.42101,5.00
0.093180,4.998235,1.012000,0.42099,5.00
0.093190,4.998718,1.012263,0.42096,5.00
0.093200,4.999219,1.012449,0.42094,5.00
0.093210,4.999764,1.012550,0.42091,5.00
0.093220,5.000307,1.012565,0.42089,5.00
0.093230,5.000844,1.012492,0.42086,5.00
0.093240,5.001370,1.012334,0.42083,5.00
0.093250,5.001708,1.012093,0.42080,5.00
0.093260,5.001342,1.011853,0.42082,5.00
0.093270,5.000970,1.011672,0.42084,5.00
0.093280,5.000595,1.011551,0.42086,5.00
0.093290,5.000219,1.011490,0.42087,5.00
0.093300,4.999996,1.011489,0.42089,5.00
0.093310,5.000371,1.011475,0.42087,5.00
0.093320,5.000741,1.011401,0.42086,5.00
0.093330,5.001103,1.011269,0.42084,5.00
0.093340,5.001453,1.011079,0.42082,5.00
0.093350,5.001927,1.010833,0.42080,5.00
0.093360,5.002924,1.010469,0.42075,5.00
0.093370,5.003892,1.009947,0.42070,5.00
0.093380,5.004823,1.009271,0.42065,5.00
0.093390,5.005711,1.008447,0.42060,5.00
0.093400,5.006512,1.007484,0.42055,5.00
0.093410,5.007108,1.006407,0.42051,5.00
0.093420,5.007648,1.005237,0.42048,5.00
0.093430,5.008128,1.003983,0.42045,5.00
0.093440,5.008545,1.002654,0.42042,5.00
0.093450,5.008905,1.001262,0.42040,5.00
0.093460,5.009235,0.999812,0.42037,5.00
0.093470,5.009495,0.998312,0.42035,5.00
0.093480,5.009684,0.996774,0.42033,5.00
0.093490,5.009801,0.995208,0.42032,5.00
0.093500,5.009740,0.993627,0.42031,5.00
0.093510,5.009193,0.992092,0.42033,5.00
0.093520,5.008584,0.990647,0.42035,5.00
0.093530,5.007918,0.989302,0.42038,5.00
0.093540,5.007200,0.988066,0.42040,5.00
0.093550,5.006558,0.986947,0.42044,5.00
0.093560,5.006361,0.985894,0.42044,5.00
0.093570,5.006118,0.984874,0.42045,5.00
0.093580,5.005832,0.983895,0.42046,5.00
0.093590,5.005506,0.982963,0.42047,5.00
0.093600,5.005175,0.982085,0.42048,5.00
0.093610,5.004934,0.981252,0.42049,5.00
0.093620,5.004660,0.980459,0.42050,5.00
0.093630,5.004353,0.979711,0.42051,5.00
0.093640,5.004016,0.979014,0.42052,5.00
0.093650,5.003352,0.978372,0.42054,5.00
0.093660,5.001473,0.977933,0.42063,5.00
0.093670,4.999600,0.977795,0.42072,5.00
0.093680,4.997745,0.977956,0.42082,5.00
0.093690,4.995923,0.978413,0.42091,5.00
0.093700,4.994502,0.979159,0.42100,5.00
0.093710,4.994550,0.980017,0.42101,5.00
0.093720,4.994636,0.980866,0.42101,5.00
0.093730,4.994760,0.981699,0.42101,5.00
0.093740,4.994919,0.982512,0.42100,5.00
0.093750,4.995169,0.983297,0.42100,5.00
0.093760,4.995675,0.984023,0.42098,5.00
0.093770,4.996207,0.984668,0.42095,5.00
0.093780,4.996761,0.985226,0.42093,5.00
0.093790,4.997332,0.985695,0.42090,5.00
0.093800,4.997847,0.986072,0.42087,5.00
0.093810,4.998091,0.986389,0.42086,5.00
0.093820,4.998347,0.986666,0.42085,5.00
0.093830,4.998611,0.986902,0.42084,5.00
0.093840,4.998883,0.987096,0.42083,5.00
0.093850,4.998976,0.987246,0.42082,5.00
0.093860,4.998343,0.987439,0.42085,5.00
0.093870,4.997728,0.987734,0.42088,5.00
0.093880,4.997134,0.988125,0.42091,5.00
0.093890,4.996566,0.988611,0.42094,5.00
0.093900,4.996402,0.989187,0.42097,5.00
0.093910,4.997754,0.989668,0.42091,5.00
0.093920,4.999109,0.989933,0.42084,5.00
0.093930,5.000459,0.989981,0.42078,5.00
0.093940,5.001792,0.989813,0.42071,5.00
0.093950,5.002673,0.989434,0.42064,5.00
0.093960,5.001823,0.989051,0.42068,5.00
0.093970,5.000968,0.988805,0.42072,5.00
0.093980,5.000113,0.988696,0.42076,5.00
0.093990,4.999265,0.988723,0.42081,5.00
0.094000,4.998781,0.988886,0.42085,5.00
0.094010,4.999711,0.989013,0.42080,5.00
0.094020,5.000634,0.988991,0.42076,5.00
0.094030,5.001544,0.988822,0.42071,5.00
0.094040,5.002434,0.988509,0.42067,5.00
0.094050,5.003368,0.988054,0.42062,5.00
0.094060,5.004544,0.987429,0.42056,5.00
0.094070,5.005676,0.986618,0.42050,5.00
0.094080,5.006757,0.985628,0.42044,5.00
0.094090,5.007778,0.984467,0.42038,5.00
0.094100,5.008338,0.983146,0.42032,5.00
0.094110,5.007260,0.981864,0.42037,5.00
0.094120,5.006140,0.980757,0.42042,5.00
0.094130,5.004984,0.979831,0.42047,5.00
0.094140,5.003801,0.979091,0.42053,5.00
0.094150,5.002332,0.978541,0.42059,5.00
0.094160,4.999786,0.978313,0.42071,5.00
0.094170,4.997263,0.978491,0.42084,5.00
0.094180,4.994783,0.979071,0.42097,5.00
0.094190,4.992362,0.980047,0.42109,5.00
0.094200,4.990461,0.981406,0.42122,5.00
0.094210,4.990409,0.982924,0.42123,5.00
0.094220,4.990427,0.984448,0.42124,5.00
0.094230,4.990514,0.985966,0.42124,5.00
0.094240,4.990669,0.987467,0.42124,5.00
0.094250,4.990726,0.988941,0.42124,5.00
0.094260,4.990204,0.990455,0.42127,5.00
0.094270,4.989757,0.992049,0.42131,5.00
0.094280,4.989388,0.993712,0.42133,5.00
0.094290,4.989099,0.995430,0.42136,5.00
0.094300,4.988896,0.997191,0.42138,5.00
0.094310,4.988791,0.998980,0.42139,5.00
0.094320,4.988768,1.000782,0.42140,5.00
0.094330,4.988827,1.002584,0.42141,5.00
0.094340,4.988967,1.004374,0.42141,5.00
0.094350,4.989129,1.006137,0.42141,5.00
0.094360,4.989146,1.007889,0.42142,5.00
0.094370,4.989241,1.009636,0.42142,5.00
0.094380,4.989414,1.011363,0.42142,5.00
0.094390,4.989663,1.013060,0.42142,5.00
0.094400,4.990281,1.014713,0.42141,5.00
0.094410,4.992141,1.016171,0.42133,5.00
0.094420,4.994042,1.017328,0.42124,5.00
0.094430,4.995970,1.018180,0.42115,5.00
0.094440,4.997910,1.018723,0.42105,5.00
0.094450,4.999517,1.018956,0.42096,5.00
0.094460,4.999795,1.019037,0.42094,5.00
0.094470,5.000072,1.019074,0.42093,5.00
0.094480,5.000347,1.019066,0.42092,5.00
0.094490,5.000619,1.019015,0.42090,5.00
0.094500,5.000932,1.018920,0.42089,5.00
0.094510,5.001428,1.018760,0.42086,5.00
0.094520,5.001910,1.018521,0.42084,5.00
0.094530,5.002375,1.018205,0.42081,5.00
0.094540,5.002819,1.017816,0.42079,5.00
0.094550,5.003197,1.017356,0.42076,5.00
0.094560,5.003381,1.016851,0.42075,5.00
0.094570,5.003539,1.016317,0.42074,5.00
0.094580,5.003672,1.015759,0.42073,5.00
0.094590,5.003777,1.015180,0.42072,5.00
0.094600,5.003988,1.014586,0.42072,5.00
0.094610,5.004700,1.013917,0.42068,5.00
0.094620,5.005372,1.013135,0.42064,5.00
0.094630,5.006000,1.012247,0.42060,5.00
0.094640,5.006579,1.011261,0.42057,5.00
0.094650,5.007202,1.010184,0.42053,5.00
0.094660,5.008150,1.008980,0.42048,5.00
0.094670,5.009030,1.007626,0.42043,5.00
0.094680,5.009837,1.006135,0.42038,5.00
0.094690,5.010566,1.004517,0.42034,5.00
0.094700,5.011051,1.002786,0.42029,5.00
0.094710,5.010812,1.001033,0.42030,5.00
0.094720,5.010497,0.999321,0.42030,5.00
0.094730,5.010108,0.997663,0.42031,5.00
0.094740,5.009650,0.996070,0.42033,5.00
0.094750,5.009304,0.994553,0.42034,5.00
0.094760,5.009603,0.993037,0.42032,5.00
0.094770,5.009829,0.991477,0.42030,5.00
0.094780,5.009982,0.989883,0.42029,5.00
0.094790,5.010060,0.988268,0.42027,5.00
0.094800,5.009885,0.986644,0.42026,5.00
0.094810,5.008924,0.985109,0.42030,5.00
0.094820,5.007907,0.983729,0.42035,5.00
0.094830,5.006842,0.982515,0.42039,5.00
0.094840,5.005736,0.981472,0.42044,5.00
0.094850,5.004600,0.980609,0.42050,5.00
0.094860,5.003455,0.979927,0.42055,5.00
0.094870,5.002293,0.979429,0.42061,5.00
0.094880,5.001125,0.979118,0.42066,5.00
0.094890,4.999959,0.978993,0.42072,5.00
0.094900,4.998669,0.979055,0.42078,5.00
0.094910,4.996873,0.979365,0.42087,5.00
0.094920,4.995115,0.979961,0.42096,5.00
0.094930,4.993407,0.980836,0.42105,5.00
0.094940,4.991761,0.981983,0.42114,5.00
0.094950,4.990468,0.983389,0.42123,5.00
0.094960,4.990362,0.984910,0.42124,5.00
0.094970,4.990326,0.986446,0.42125,5.00
0.094980,4.990361,0.987984,0.42126,5.00
0.094990,4.990464,0.989513,0.42126,5.00
0.095000,4.990657,0.991024,0.42126,5.00
0.095010,4.990999,0.992494,0.42125,5.00
0.095020,4.991404,0.993906,0.42124,5.00
0.095030,4.991868,0.995252,0.42122,5.00
0.095040,4.992386,0.996521,0.42120,5.00
0.095050,4.992710,0.997704,0.42118,5.00
0.095060,4.992112,0.998912,0.42122,5.00
0.095070,4.991577,1.000213,0.42125,5.00
0.095080,4.991107,1.001597,0.42128,5.00
0.095090,4.990707,1.003053,0.42131,5.00
0.095100,4.990729,1.004570,0.42134,5.00
0.095110,4.992214,1.005969,0.42127,5.00
0.095120,4.993743,1.007128,0.42120,5.00
0.095130,4.995303,1.008040,0.42113,5.00
0.095140,4.996884,1.008702,0.42105,5.00
0.095150,4.998480,1.009111,0.42097,5.00
0.095160,5.000100,1.009262,0.42089,5.00
0.095170,5.001704,1.009155,0.42081,5.00
0.095180,5.003282,1.008791,0.42073,5.00
0.095190,5.004823,1.008177,0.42065,5.00
0.095200,5.006243,1.007318,0.42057,5.00
0.095210,5.007320,1.006257,0.42051,5.00
0.095220,5.008335,1.005026,0.42045,5.00
0.095230,5.009281,1.003636,0.42040,5.00
0.095240,5.010151,1.002098,0.42035,5.00
0.095250,5.010747,1.000423,0.42030,5.00
0.095260,5.010490,0.998719,0.42030,5.00
0.095270,5.010159,0.997059,0.42031,5.00
0.095280,5.009757,0.995454,0.42032,5.00
0.095290,5.009289,0.993917,0.42034,5.00
0.095300,5.008898,0.992458,0.42035,5.00
0.095310,5.009009,0.991019,0.42034,5.00
0.095320,5.009053,0.989564,0.42033,5.00
0.095330,5.009031,0.988106,0.42032,5.00
0.095340,5.008943,0.986654,0.42032,5.00
0.095350,5.008635,0.985219,0.42032,5.00
0.095360,5.007651,0.983885,0.42036,5.00
0.095370,5.006620,0.982710,0.42041,5.00
0.095380,5.005549,0.981703,0.42046,5.00
0.095390,5.004447,0.980868,0.42051,5.00
0.095400,5.003320,0.980211,0.42056,5.00
0.095410,5.002172,0.979736,0.42061,5.00
0.095420,5.001018,0.979444,0.42067,5.00
0.095430,4.999866,0.979338,0.42073,5.00
0.095440,4.998725,0.979415,0.42079,5.00
0.095450,4.997512,0.979674,0.42084,5.00
0.095460,4.995968,0.980155,0.42092,5.00
0.095470,4.994467,0.980882,0.42100,5.00
0.095480,4.993019,0.981847,0.42108,5.00
0.095490,4.991634,0.983041,0.42116,5.00
0.095500,4.990280,0.984453,0.42123,5.00
0.095510,4.988841,0.986092,0.42131,5.00
0.095520,4.987496,0.987958,0.42139,5.00
0.095530,4.986254,0.990035,0.42146,5.00
0.095540,4.985122,0.992305,0.42153,5.00
0.095550,4.984036,0.994752,0.42160,5.00
0.095560,4.982785,0.997391,0.42167,5.00
0.095570,4.981671,1.000224,0.42174,5.00
0.095580,4.980700,1.003230,0.42181,5.00
0.095590,4.979877,1.006385,0.42187,5.00
0.095600,4.979583,1.009664,0.42192,5.00
0.095610,4.980926,1.012865,0.42187,5.00
0.095620,4.982397,1.015845,0.42181,5.00
0.095630,4.983982,1.018585,0.42175,5.00
0.095640,4.985671,1.021067,0.42167,5.00
0.095650,4.987324,1.023275,0.42160,5.00
0.095660,4.988560,1.025254,0.42155,5.00
0.095670,4.989869,1.027032,0.42149,5.00
0.095680,4.991241,1.028598,0.42143,5.00
0.095690,4.992665,1.029942,0.42137,5.00
0.095700,4.994023,1.031056,0.42130,5.00
0.095710,4.994979,1.031986,0.42126,5.00
0.095720,4.995964,1.032762,0.42121,5.00
0.095730,4.996971,1.033378,0.42116,5.00
0.095740,4.997992,1.033833,0.42111,5.00
0.095750,4.999040,1.034124,0.42106,5.00
0.095760,5.000161,1.034241,0.42101,5.00
0.095770,5.001273,1.034178,0.42095,5.00
0.095780,5.002367,1.033939,0.42090,5.00
0.095790,5.003436,1.033525,0.42084,5.00
0.095800,5.004525,1.032941,0.42078,5.00
0.095810,5.005786,1.032167,0.42072,5.00
0.095820,5.006995,1.031193,0.42065,5.00
0.095830,5.008144,1.030028,0.42059,5.00
0.095840,5.009225,1.028682,0.42053,5.00
0.095850,5.010419,1.027166,0.42047,5.00
0.095860,5.012276,1.025403,0.42036,5.00
0.095870,5.014028,1.023346,0.42026,5.00
0.095880,5.015664,1.021013,0.42017,5.00
0.095890,5.017173,1.018424,0.42008,5.00
0.095900,5.018426,1.015600,0.42000,5.00
0.095910,5.019065,1.012618,0.41995,5.00
0.095920,5.019561,1.009540,0.41991,5.00
0.095930,5.019910,1.006389,0.41987,5.00
0.095940,5.020112,1.003188,0.41984,5.00
0.095950,5.020175,0.999961,0.41982,5.00
0.095960,5.020121,0.996728,0.41981,5.00
0.095970,5.019923,0.993510,0.41980,5.00
0.095980,5.019581,0.990329,0.41980,5.00
0.095990,5.019099,0.987209,0.41981,5.00
0.096000,5.018548,0.984172,0.41982,5.00
0.096010,5.018127,0.981208,0.41983,5.00
0.096020,5.017576,0.978317,0.41984,5.00
0.096030,5.016903,0.975519,0.41986,5.00
0.096040,5.016111,0.972835,0.41988,5.00
0.096050,5.015009,0.970282,0.41991,5.00
0.096060,5.013011,0.967973,0.42000,5.00
0.096070,5.010935,0.965988,0.42010,5.00
0.096080,5.008797,0.964338,0.42019,5.00
0.096090,5.006614,0.963032,0.42030,5.00
0.096100,5.004668,0.962078,0.42040,5.00
0.096110,5.003769,0.961350,0.42044,5.00
0.096120,5.002849,0.960767,0.42049,5.00
0.096130,5.001915,0.960332,0.42053,5.00
0.096140,5.000974,0.960047,0.42058,5.00
0.096150,4.999742,0.959913,0.42062,5.00
0.096160,4.997365,0.960069,0.42074,5.00
0.096170,4.995027,0.960604,0.42086,5.00
0.096180,4.992745,0.961511,0.42098,5.00
0.096190,4.990534,0.962781,0.42110,5.00
0.096200,4.988484,0.964401,0.42122,5.00
0.096210,4.986829,0.966321,0.42131,5.00
0.096220,4.985283,0.968502,0.42140,5.00
0.096230,4.983857,0.970925,0.42148,5.00
0.096240,4.982559,0.973571,0.42156,5.00
0.096250,4.981655,0.976419,0.42164,5.00
0.096260,4.981913,0.979325,0.42164,5.00
0.096270,4.982299,0.982183,0.42164,5.00
0.096280,4.982810,0.984975,0.42163,5.00
0.096290,4.983440,0.987679,0.42161,5.00
0.096300,4.983899,0.990279,0.42159,5.00
0.096310,4.983338,0.992891,0.42163,5.00
0.096320,4.982903,0.995587,0.42167,5.00
0.096330,4.982595,0.998348,0.42170,5.00
0.096340,4.982417,1.001153,0.42172,5.00
0.096350,4.982210,1.003980,0.42174,5.00
0.096360,4.981505,1.006886,0.42179,5.00
0.096370,4.980941,1.009898,0.42183,5.00
0.096380,4.980522,1.012995,0.42187,5.00
0.096390,4.980248,1.016152,0.42190,5.00
0.096400,4.980395,1.019347,0.42193,5.00
0.096410,4.981777,1.022425,0.42187,5.00
0.096420,4.983281,1.025275,0.42181,5.00
0.096430,4.984893,1.027881,0.42175,5.00
0.096440,4.986601,1.030224,0.42167,5.00
0.096450,4.988617,1.032290,0.42160,5.00
0.096460,4.991588,1.033959,0.42146,5.00
0.096470,4.994595,1.035150,0.42131,5.00
0.096480,4.997616,1.035860,0.42116,5.00
0.096490,5.000628,1.036086,0.42101,5.00
0.096500,5.003220,1.035831,0.42086,5.00
0.096510,5.004211,1.035288,0.42081,5.00
0.096520,5.005165,1.034588,0.42076,5.00
0.096530,5.006074,1.033736,0.42071,5.00
0.096540,5.006933,1.032741,0.42066,5.00
0.096550,5.007834,1.031611,0.42061,5.00
0.096560,5.009068,1.030308,0.42054,5.00
0.096570,5.010226,1.028809,0.42048,5.00
0.096580,5.011301,1.027129,0.42041,5.00
0.096590,5.012285,1.025280,0.42035,5.00
0.096600,5.013279,1.023278,0.42030,5.00
0.096610,5.014588,1.021087,0.42022,5.00
0.096620,5.015780,1.018692,0.42015,5.00
0.096630,5.016848,1.016111,0.42008,5.00
0.096640,5.017785,1.013364,0.42002,5.00
0.096650,5.018521,1.010474,0.41996,5.00
0.096660,5.018865,1.007491,0.41993,5.00
0.096670,5.019068,1.004459,0.41990,5.00
0.096680,5.019132,1.001401,0.41988,5.00
0.096690,5.019056,0.998339,0.41987,5.00
0.096700,5.019073,0.995294,0.41986,5.00
0.096710,5.019865,0.992179,0.41981,5.00
0.096720,5.020506,0.988944,0.41976,5.00
0.096730,5.020992,0.985612,0.41972,5.00
0.096740,5.021320,0.982210,0.41968,5.00
0.096750,5.021205,0.978762,0.41965,5.00
0.096760,5.019802,0.975431,0.41971,5.00
0.096770,5.018267,0.972329,0.41977,5.00
0.096780,5.016612,0.969479,0.41983,5.00
0.096790,5.014850,0.966898,0.41991,5.00
0.096800,5.013147,0.964603,0.41999,5.00
0.096810,5.011964,0.962536,0.42004,5.00
0.096820,5.010703,0.960662,0.42009,5.00
0.096830,5.009374,0.958993,0.42015,5.00
0.096840,5.007988,0.957539,0.42021,5.00
0.096850,5.006347,0.956309,0.42027,5.00
0.096860,5.003849,0.955410,0.42039,5.00
0.096870,5.001343,0.954912,0.42052,5.00
0.096880,4.998848,0.954814,0.42064,5.00
0.096890,4.996383,0.955114,0.42077,5.00
0.096900,4.993972,0.955808,0.42089,5.00
0.096910,4.991654,0.956882,0.42101,5.00
0.096920,4.989416,0.958324,0.42114,5.00
0.096930,4.987273,0.960121,0.42125,5.00
0.096940,4.985240,0.962256,0.42137,5.00
0.096950,4.983293,0.964712,0.42148,5.00
0.096960,4.981328,0.967486,0.42159,5.00
0.096970,4.979515,0.970568,0.42170,5.00
0.096980,4.977866,0.973934,0.42180,5.00
0.096990,4.976392,0.977556,0.42189,5.00
0.097000,4.975454,0.981407,0.42198,5.00
0.097010,4.976105,0.985287,0.42197,5.00
0.097020,4.976923,0.989056,0.42195,5.00
0.097030,4.977901,0.992687,0.42192,5.00
0.097040,4.979030,0.996155,0.42188,5.00
0.097050,4.980145,0.999437,0.42183,5.00
0.097060,4.980771,1.002585,0.42182,5.00
0.097070,4.981532,1.005626,0.42180,5.00
0.097080,4.982420,1.008541,0.42177,5.00
0.097090,4.983428,1.011308,0.42173,5.00
0.097100,4.984496,1.013909,0.42169,5.00
0.097110,4.985466,1.016351,0.42166,5.00
0.097120,4.986534,1.018633,0.42161,5.00
0.097130,4.987690,1.020740,0.42157,5.00
0.097140,4.988926,1.022659,0.42152,5.00
0.097150,4.990262,1.024377,0.42146,5.00
0.097160,4.991777,1.025869,0.42139,5.00
0.097170,4.993338,1.027117,0.42132,5.00
0.097180,4.994935,1.028112,0.42125,5.00
0.097190,4.996556,1.028851,0.42117,5.00
0.097200,4.997854,1.029330,0.42109,5.00
0.097210,4.997823,1.029708,0.42109,5.00
0.097220,4.997810,1.030090,0.42109,5.00
0.097230,4.997815,1.030473,0.42110,5.00
0.097240,4.997836,1.030854,0.42110,5.00
0.097250,4.998230,1.031231,0.42110,5.00
0.097260,5.000046,1.031431,0.42101,5.00
0.097270,5.001846,1.031341,0.42092,5.00
0.097280,5.003619,1.030963,0.42083,5.00
0.097290,5.005350,1.030303,0.42074,5.00
0.097300,5.006958,1.029369,0.42065,5.00
0.097310,5.008218,1.028202,0.42058,5.00
0.097320,5.009408,1.026836,0.42051,5.00
0.097330,5.010521,1.025283,0.42044,5.00
0.097340,5.011549,1.023555,0.42038,5.00
0.097350,5.012322,1.021667,0.42033,5.00
0.097360,5.012354,1.019710,0.42031,5.00
0.097370,5.012298,1.017752,0.42031,5.00
0.097380,5.012153,1.015807,0.42030,5.00
0.097390,5.011923,1.013888,0.42030,5.00
0.097400,5.011694,1.012010,0.42031,5.00
0.097410,5.011725,1.010144,0.42030,5.00
0.097420,5.011671,1.008277,0.42029,5.00
0.097430,5.011533,1.006422,0.42029,5.00
0.097440,5.011313,1.004593,0.42029,5.00
0.097450,5.011114,1.002802,0.42029,5.00
0.097460,5.011235,1.001014,0.42028,5.00
0.097470,5.011274,0.999210,0.42027,5.00
0.097480,5.011230,0.997404,0.42026,5.00
0.097490,5.011106,0.995608,0.42025,5.00
0.097500,5.011087,0.993835,0.42025,5.00
0.097510,5.011726,0.992010,0.42021,5.00
0.097520,5.012274,0.990086,0.42017,5.00
0.097530,5.012727,0.988078,0.42014,5.00
0.097540,5.013084,0.986002,0.42011,5.00
0.097550,5.013114,0.983873,0.42009,5.00
0.097560,5.012141,0.981817,0.42013,5.00
0.097570,5.011087,0.979919,0.42017,5.00
0.097580,5.009962,0.978194,0.42021,5.00
0.097590,5.008775,0.976651,0.42027,5.00
0.097600,5.007394,0.975301,0.42032,5.00
0.097610,5.005421,0.974218,0.42041,5.00
0.097620,5.003425,0.973452,0.42051,5.00
0.097630,5.001421,0.973006,0.42061,5.00
0.097640,4.999423,0.972880,0.42071,5.00
0.097650,4.997787,0.973074,0.42081,5.00
0.097660,4.997532,0.973419,0.42082,5.00
0.097670,4.997297,0.973805,0.42084,5.00
0.097680,4.997082,0.974228,0.42085,5.00
0.097690,4.996889,0.974684,0.42086,5.00
0.097700,4.996449,0.975170,0.42087,5.00
0.097710,4.994959,0.975812,0.42095,5.00
0.097720,4.993519,0.976691,0.42103,5.00
0.097730,4.992138,0.977798,0.42110,5.00
0.097740,4.990826,0.979123,0.42118,5.00
0.097750,4.989513,0.980655,0.42125,5.00
0.097760,4.987979,0.982419,0.42133,5.00
0.097770,4.986546,0.984423,0.42142,5.00
0.097780,4.985222,0.986653,0.42150,5.00
0.097790,4.984018,0.989089,0.42157,5.00
0.097800,4.982881,0.991713,0.42164,5.00
0.097810,4.981646,0.994532,0.42171,5.00
0.097820,4.980555,0.997543,0.42179,5.00
0.097830,4.979615,1.000721,0.42185,5.00
0.097840,4.978832,1.004044,0.42191,5.00
0.097850,4.978457,1.007485,0.42196,5.00
0.097860,4.979229,1.010900,0.42194,5.00
0.097870,4.980145,1.014185,0.42191,5.00
0.097880,4.981197,1.017318,0.42187,5.00
0.097890,4.982377,1.020277,0.42183,5.00
0.097900,4.983755,1.023042,0.42178,5.00
0.097910,4.985559,1.025556,0.42170,5.00
0.097920,4.987453,1.027777,0.42162,5.00
0.097930,4.989421,1.029692,0.42153,5.00
0.097940,4.991450,1.031289,0.42144,5.00
0.097950,4.993397,1.032559,0.42134,5.00
0.097960,4.994873,1.033557,0.42127,5.00
0.097970,4.996374,1.034317,0.42120,5.00
0.097980,4.997889,1.034836,0.42113,5.00
0.097990,4.999407,1.035112,0.42105,5.00
0.098000,5.000820,1.035145,0.42098,5.00
0.098010,5.001825,1.034984,0.42093,5.00
0.098020,5.002809,1.034663,0.42088,5.00
0.098030,5.003765,1.034185,0.42082,5.00
0.098040,5.004687,1.033556,0.42078,5.00
0.098050,5.005649,1.032781,0.42073,5.00
0.098060,5.006886,1.031827,0.42066,5.00
0.098070,5.008062,1.030678,0.42059,5.00
0.098080,5.009171,1.029343,0.42053,5.00
0.098090,5.010205,1.027834,0.42047,5.00
0.098100,5.011279,1.026163,0.42041,5.00
0.098110,5.012751,1.024284,0.42033,5.00
0.098120,5.014118,1.022174,0.42025,5.00
0.098130,5.015372,1.019849,0.42017,5.00
0.098140,5.016503,1.017330,0.42010,5.00
0.098150,5.017428,1.014634,0.42004,5.00
0.098160,5.017909,1.011821,0.42000,5.00
0.098170,5.018256,1.008936,0.41997,5.00
0.098180,5.018468,1.006002,0.41994,5.00
0.098190,5.018544,1.003039,0.41992,5.00
0.098200,5.018737,1.000070,0.41991,5.00
0.098210,5.019797,0.996995,0.41984,5.00
0.098220,5.020704,0.993757,0.41977,5.00
0.098230,5.021452,0.990381,0.41972,5.00
0.098240,5.022037,0.986892,0.41967,5.00
0.098250,5.022300,0.983316,0.41963,5.00
0.098260,5.021777,0.979756,0.41964,5.00
0.098270,5.021099,0.976285,0.41965,5.00
0.098280,5.020274,0.972930,0.41967,5.00
0.098290,5.019308,0.969712,0.41971,5.00
0.098300,5.018054,0.966655,0.41974,5.00
0.098310,5.016064,0.963854,0.41983,5.00
0.098320,5.013973,0.961376,0.41992,5.00
0.098330,5.011799,0.959236,0.42002,5.00
0.098340,5.009556,0.957447,0.42012,5.00
0.098350,5.007309,0.956019,0.42023,5.00
0.098360,5.005211,0.954938,0.42033,5.00
0.098370,5.003093,0.954194,0.42043,5.00
0.098380,5.000969,0.953790,0.42053,5.00
0.098390,4.998855,0.953725,0.42064,5.00
0.098400,4.996540,0.953998,0.42075,5.00
0.098410,4.993367,0.954713,0.42091,5.00
0.098420,4.990269,0.955932,0.42107,5.00
0.098430,4.987267,0.957643,0.42123,5.00
0.098440,4.984384,0.959830,0.42139,5.00
0.098450,4.981759,0.962473,0.42154,5.00
0.098460,4.979771,0.965491,0.42166,5.00
0.098470,4.977946,0.968821,0.42177,5.00
0.098480,4.976296,0.972435,0.42187,5.00
0.098490,4.974833,0.976306,0.42196,5.00
0.098500,4.973731,0.980402,0.42205,5.00
0.098510,4.973497,0.984613,0.42208,5.00
0.098520,4.973457,0.988854,0.42211,5.00
0.098530,4.973609,0.993093,0.42212,5.00
0.098540,4.973950,0.997299,0.42213,5.00
0.098550,4.974537,1.001443,0.42213,5.00
0.098560,4.975540,1.005466,0.42210,5.00
0.098570,4.976712,1.009322,0.42206,5.00
0.098580,4.978043,1.012983,0.42201,5.00
0.098590,4.979521,1.016425,0.42196,5.00
0.098600,4.981237,1.019625,0.42189,5.00
0.098610,4.983480,1.022512,0.42180,5.00
0.098620,4.985823,1.025035,0.42169,5.00
0.098630,4.988249,1.027180,0.42158,5.00
0.098640,4.990739,1.028934,0.42147,5.00
0.098650,4.993002,1.030287,0.42135,5.00
0.098660,4.994210,1.031364,0.42129,5.00
0.098670,4.995450,1.032246,0.42124,5.00
0.098680,4.996713,1.032928,0.42118,5.00
0.098690,4.997990,1.033407,0.42111,5.00
0.098700,4.999590,1.033682,0.42105,5.00
0.098710,5.002448,1.033599,0.42091,5.00
0.098720,5.005264,1.033059,0.42076,5.00
0.098730,5.008018,1.032072,0.42062,5.00
0.098740,5.010690,1.030647,0.42048,5.00
0.098750,5.012848,1.028798,0.42034,5.00
0.098760,5.013249,1.026741,0.42031,5.00
0.098770,5.013551,1.024624,0.42028,5.00
0.098780,5.013753,1.022462,0.42026,5.00
0.098790,5.013855,1.020273,0.42024,5.00
0.098800,5.014021,1.018071,0.42023,5.00
0.098810,5.014743,1.015793,0.42018,5.00
0.098820,5.015352,1.013405,0.42014,5.00
0.098830,5.015845,1.010924,0.42010,5.00
0.098840,5.016219,1.008370,0.42007,5.00
0.098850,5.016746,1.005760,0.42004,5.00
0.098860,5.018233,1.002984,0.41995,5.00
0.098870,5.019575,0.999976,0.41987,5.00
0.098880,5.020762,0.996760,0.41979,5.00
0.098890,5.021788,0.993361,0.41972,5.00
0.098900,5.022420,0.989805,0.41966,5.00
0.098910,5.021983,0.986227,0.41966,5.00
0.098920,5.021390,0.982726,0.41967,5.00
0.098930,5.020646,0.979326,0.41969,5.00
0.098940,5.019758,0.976052,0.41972,5.00
0.098950,5.018697,0.972925,0.41975,5.00
0.098960,5.017361,0.969986,0.41980,5.00
0.098970,5.015909,0.967265,0.41986,5.00
0.098980,5.014354,0.964782,0.41992,5.00
0.098990,5.012708,0.962552,0.41999,5.00
0.099000,5.010892,0.960588,0.42007,5.00
0.099010,5.008652,0.958947,0.42017,5.00
0.099020,5.006368,0.957667,0.42028,5.00
0.099030,5.004057,0.956754,0.42039,5.00
0.099040,5.001736,0.956211,0.42051,5.00
0.099050,4.999601,0.956040,0.42062,5.00
0.099060,4.998203,0.956152,0.42069,5.00
0.099070,4.996828,0.956487,0.42076,5.00
0.099080,4.995487,0.957041,0.42083,5.00
0.099090,4.994189,0.957809,0.42090,5.00
0.099100,4.992940,0.958781,0.42097,5.00
0.099110,4.991735,0.959953,0.42104,5.00
0.099120,4.990600,0.961315,0.42110,5.00
0.099130,4.989541,0.962856,0.42116,5.00
0.099140,4.988566,0.964563,0.42122,5.00
0.099150,4.987618,0.966422,0.42128,5.00
0.099160,4.986512,0.968449,0.42134,5.00
0.099170,4.985513,0.970649,0.42141,5.00
0.099180,4.984627,0.973005,0.42146,5.00
0.099190,4.983859,0.975497,0.42151,5.00
0.099200,4.983100,0.978107,0.42156,5.00
0.099210,4.982011,0.980870,0.42163,5.00
0.099220,4.981061,0.983802,0.42169,5.00
0.099230,4.980258,0.986879,0.42175,5.00
0.099240,4.979604,0.990079,0.42180,5.00
0.099250,4.979035,0.993377,0.42185,5.00
0.099260,4.978352,0.996781,0.42190,5.00
0.099270,4.977832,1.000288,0.42194,5.00
0.099280,4.977478,1.003871,0.42198,5.00
0.099290,4.977291,1.007503,0.42201,5.00
0.099300,4.977544,1.011158,0.42203,5.00
0.099310,4.979045,1.014679,0.42197,5.00
0.099320,4.980685,1.017953,0.42191,5.00
0.099330,4.982452,1.020959,0.42184,5.00
0.099340,4.984331,1.023678,0.42176,5.00
0.099350,4.986142,1.026091,0.42167,5.00
0.099360,4.987380,1.028264,0.42162,5.00
0.099370,4.988698,1.030235,0.42157,5.00
0.099380,4.990089,1.031992,0.42151,5.00
0.099390,4.991540,1.033523,0.42144,5.00
0.099400,4.993026,1.034820,0.42137,5.00
0.099410,4.994489,1.035882,0.42131,5.00
0.099420,4.995981,1.036708,0.42123,5.00
0.099430,4.997490,1.037295,0.42116,5.00
0.099440,4.999006,1.037640,0.42109,5.00
0.099450,5.000600,1.037742,0.42101,5.00
0.099460,5.002507,1.037562,0.42092,5.00
0.099470,5.004381,1.037079,0.42082,5.00
0.099480,5.006208,1.036298,0.42072,5.00
0.099490,5.007975,1.035226,0.42063,5.00
0.099500,5.009605,1.033874,0.42054,5.00
0.099510,5.010892,1.032286,0.42046,5.00
0.099520,5.012090,1.030495,0.42039,5.00
0.099530,5.013192,1.028517,0.42033,5.00
0.099540,5.014188,1.026366,0.42027,5.00
0.099550,5.014926,1.024060,0.42021,5.00
0.099560,5.014961,1.021689,0.42019,5.00
0.099570,5.014888,1.019316,0.42018,5.00
0.099580,5.014709,1.016959,0.42018,5.00
0.099590,5.014425,1.014635,0.42018,5.00
0.099600,5.014177,1.012361,0.42019,5.00
0.099610,5.014372,1.010087,0.42017,5.00
0.099620,5.014462,1.007786,0.42015,5.00
0.099630,5.014446,1.005475,0.42014,5.00
0.099640,5.014326,1.003171,0.42013,5.00
0.099650,5.014215,1.000891,0.42013,5.00
0.099660,5.014442,0.998597,0.42011,5.00
0.099670,5.014562,0.996272,0.42009,5.00
0.099680,5.014576,0.993932,0.42007,5.00
0.099690,5.014483,0.991594,0.42007,5.00
0.099700,5.014250,0.989275,0.42006,5.00
0.099710,5.013774,0.987010,0.42007,5.00
0.099720,5.013202,0.984824,0.42009,5.00
0.099730,5.012538,0.982735,0.42011,5.00
0.099740,5.011789,0.980755,0.42014,5.00
0.099750,5.010827,0.978899,0.42017,5.00
0.099760,5.009262,0.977242,0.42024,5.00
0.099770,5.007644,0.975839,0.42031,5.00
0.099780,5.005983,0.974696,0.42039,5.00
0.099790,5.004293,0.973820,0.42047,5.00
0.099800,5.002412,0.973216,0.42055,5.00
0.099810,4.999836,0.972969,0.42068,5.00
0.099820,4.997283,0.973134,0.42081,5.00
0.099830,4.994772,0.973705,0.42094,5.00
0.099840,4.992320,0.974676,0.42107,5.00
0.099850,4.990067,0.976036,0.42119,5.00
0.099860,4.988391,0.977714,0.42129,5.00
0.099870,4.986814,0.979657,0.42138,5.00
0.099880,4.985346,0.981847,0.42146,5.00
0.099890,4.983996,0.984267,0.42154,5.00
0.099900,4.983036,0.986898,0.42162,5.00
0.099910,4.983247,0.989594,0.42162,5.00
0.099920,4.983577,0.992251,0.42162,5.00
0.099930,4.984023,0.994850,0.42161,5.00
0.099940,4.984581,0.997373,0.42160,5.00
0.099950,4.985146,0.999802,0.42158,5.00
0.099960,4.985416,1.002168,0.42158,5.00
0.099970,4.985790,1.004487,0.42157,5.00
0.099980,4.986263,1.006742,0.42156,5.00
0.099990,4.986833,1.008917,0.42154,5.00
0.100000,4.987446,1.010996,0.42152,5.00
0.100010,4.987958,1.012989,0.42151,5.00
0.100020,4.988553,1.014897,0.42149,5.00
0.100030,4.989227,1.016705,0.42146,5.00
0.100040,4.989973,1.018403,0.42144,5.00
0.100050,4.990830,1.019978,0.42140,5.00
0.100060,4.991917,1.021400,0.42136,5.00
0.100070,4.993054,1.022646,0.42131,5.00
0.100080,4.994232,1.023707,0.42125,5.00
0.100090,4.995442,1.024579,0.42120,5.00
0.100100,4.996592,1.025256,0.42114,5.00
0.100110,4.997422,1.025775,0.42110,5.00
0.100120,4.998264,1.026160,0.42106,5.00
0.100130,4.999113,1.026410,0.42102,5.00
0.100140,4.999961,1.026524,0.42098,5.00
0.100150,5.001127,1.026503,0.42093,5.00
0.100160,5.003563,1.026192,0.42081,5.00
0.100170,5.005952,1.025492,0.42069,5.00
0.100180,5.008277,1.024414,0.42056,5.00
0.100190,5.010522,1.022966,0.42044,5.00
0.100200,5.011952,1.021162,0.42033,5.00
0.100210,5.010418,1.019365,0.42039,5.00
0.100220,5.008824,1.017815,0.42046,5.00
0.100230,5.007181,1.016522,0.42054,5.00
0.100240,5.005501,1.015494,0.42062,5.00
0.100250,5.004427,1.014735,0.42070,5.00
0.100260,5.005835,1.013948,0.42062,5.00
0.100270,5.007189,1.012938,0.42055,5.00
0.100280,5.008479,1.011714,0.42048,5.00
0.100290,5.009696,1.010286,0.42041,5.00
0.100300,5.010816,1.008667,0.42034,5.00
0.100310,5.011788,1.006877,0.42029,5.00
0.100320,5.012666,1.004935,0.42023,5.00
0.100330,5.013444,1.002858,0.42018,5.00
0.100340,5.014118,1.000660,0.42014,5.00
0.100350,5.014536,0.998359,0.42009,5.00
0.100360,5.014259,0.996042,0.42010,5.00
0.100370,5.013882,0.993774,0.42010,5.00
0.100380,5.013407,0.991571,0.42011,5.00
0.100390,5.012838,0.989448,0.42013,5.00
0.100400,5.012158,0.987420,0.42015,5.00
0.100410,5.011304,0.985511,0.42019,5.00
0.100420,5.010374,0.983743,0.42022,5.00
0.100430,5.009377,0.982126,0.42026,5.00
0.100440,5.008321,0.980671,0.42031,5.00
0.100450,5.007415,0.979388,0.42036,5.00
0.100460,5.007269,0.978187,0.42036,5.00
0.100470,5.007071,0.977011,0.42036,5.00
0.100480,5.006822,0.975870,0.42037,5.00
0.100490,5.006525,0.974771,0.42038,5.00
0.100500,5.005822,0.973721,0.42039,5.00
0.100510,5.003647,0.972901,0.42049,5.00
0.100520,5.001465,0.972430,0.42060,5.00
0.100530,4.999290,0.972307,0.42071,5.00
0.100540,4.997139,0.972532,0.42082,5.00
0.100550,4.994956,0.973100,0.42093,5.00
0.100560,4.992547,0.974037,0.42105,5.00
0.100570,4.990212,0.975358,0.42118,5.00
0.100580,4.987968,0.977048,0.42130,5.00
0.100590,4.985831,0.979092,0.42142,5.00
0.100600,4.984062,0.981474,0.42153,5.00
0.100610,4.983406,0.984055,0.42158,5.00
0.100620,4.982875,0.986736,0.42162,5.00
0.100630,4.982473,0.989496,0.42165,5.00
0.100640,4.982201,0.992315,0.42168,5.00
0.100650,4.982067,0.995172,0.42171,5.00
0.100660,4.982092,0.998042,0.42172,5.00
0.100670,4.982246,1.000904,0.42173,5.00
0.100680,4.982528,1.003735,0.42173,5.00
0.100690,4.982934,1.006516,0.42173,5.00
0.100700,4.983457,1.009227,0.42171,5.00
0.100710,4.984083,1.011850,0.42170,5.00
0.100720,4.984820,1.014368,0.42167,5.00
0.100730,4.985661,1.016763,0.42164,5.00
0.100740,4.986599,1.019020,0.42161,5.00
0.100750,4.987731,1.021123,0.42157,5.00
0.100760,4.989359,1.023008,0.42150,5.00
0.100770,4.991050,1.024629,0.42142,5.00
0.100780,4.992791,1.025977,0.42134,5.00
0.100790,4.994571,1.027045,0.42126,5.00
0.100800,4.996279,1.027827,0.42117,5.00
0.100810,4.997623,1.028365,0.42111,5.00
0.100820,4.998973,1.028688,0.42104,5.00
0.100830,5.000319,1.028794,0.42097,5.00
0.100840,5.001653,1.028686,0.42091,5.00
0.100850,5.002924,1.028365,0.42084,5.00
0.100860,5.004008,1.027854,0.42078,5.00
0.100870,5.005054,1.027171,0.42073,5.00
0.100880,5.006055,1.026322,0.42067,5.00
0.100890,5.007005,1.025315,0.42062,5.00
0.100900,5.007963,1.024158,0.42057,5.00
0.100910,5.009121,1.022830,0.42050,5.00
0.100920,5.010203,1.021319,0.42044,5.00
0.100930,5.011203,1.019638,0.42038,5.00
0.100940,5.012113,1.017801,0.42032,5.00
0.100950,5.012916,1.015822,0.42027,5.00
0.100960,5.013575,1.013722,0.42023,5.00
0.100970,5.014130,1.011522,0.42019,5.00
0.100980,5.014577,1.009237,0.42015,5.00
0.100990,5.014916,1.006884,0.42012,5.00
0.101000,5.015167,1.004483,0.42010,5.00
0.101010,5.015400,1.002038,0.42007,5.00
0.101020,5.015520,0.999561,0.42005,5.00
0.101030,5.015525,0.997069,0.42004,5.00
0.101040,5.015418,0.994581,0.42003,5.00
0.101050,5.015093,0.992116,0.42003,5.00
0.101060,5.014237,0.989741,0.42006,5.00
0.101070,5.013285,0.987507,0.42010,5.00
0.101080,5.012245,0.985429,0.42014,5.00
0.101090,5.011124,0.983521,0.42018,5.00
0.101100,5.010126,0.981796,0.42023,5.00
0.101110,5.009832,0.980171,0.42024,5.00
0.101120,5.009468,0.978597,0.42025,5.00
0.101130,5.009038,0.977084,0.42026,5.00
0.101140,5.008545,0.975642,0.42028,5.00
0.101150,5.007811,0.974282,0.42030,5.00
0.101160,5.006301,0.973100,0.42037,5.00
0.101170,5.004757,0.972162,0.42044,5.00
0.101180,5.003191,0.971471,0.42052,5.00
0.101190,5.001615,0.971032,0.42059,5.00
0.101200,5.000081,0.970846,0.42067,5.00
0.101210,4.998723,0.970891,0.42074,5.00
0.101220,4.997385,0.971153,0.42081,5.00
0.101230,4.996076,0.971628,0.42088,5.00
0.101240,4.994807,0.972311,0.42094,5.00
0.101250,4.993679,0.973195,0.42101,5.00
0.101260,4.992977,0.974228,0.42105,5.00
0.101270,4.992330,0.975371,0.42109,5.00
0.101280,4.991744,0.976615,0.42112,5.00
0.101290,4.991223,0.977951,0.42116,5.00
0.101300,4.990793,0.979367,0.42119,5.00
0.101310,4.990534,0.980841,0.42121,5.00
0.101320,4.990344,0.982353,0.42123,5.00
0.101330,4.990225,0.983893,0.42124,5.00
0.101340,4.990178,0.985450,0.42125,5.00
0.101350,4.990144,0.987011,0.42126,5.00
0.101360,4.989954,0.988592,0.42128,5.00
0.101370,4.989837,0.990201,0.42129,5.00
0.101380,4.989795,0.991826,0.42130,5.00
0.101390,4.989827,0.993454,0.42131,5.00
0.101400,4.989848,0.995074,0.42132,5.00
0.101410,4.989606,0.996715,0.42134,5.00
0.101420,4.989441,0.998391,0.42135,5.00
0.101430,4.989354,1.000090,0.42137,5.00
0.101440,4.989345,1.001800,0.42138,5.00
0.101450,4.989571,1.003508,0.42138,5.00
0.101460,4.990495,1.005126,0.42135,5.00
0.101470,4.991480,1.006594,0.42130,5.00
0.101480,4.992518,1.007902,0.42126,5.00
0.101490,4.993601,1.009042,0.42121,5.00
0.101500,4.994422,1.010007,0.42116,5.00
0.101510,4.994084,1.010935,0.42118,5.00
0.101520,4.993792,1.011915,0.42120,5.00
0.101530,4.993549,1.012940,0.42122,5.00
0.101540,4.993355,1.014001,0.42124,5.00
0.101550,4.993203,1.015091,0.42125,5.00
0.101560,4.993070,1.016206,0.42126,5.00
0.101570,4.992990,1.017339,0.42127,5.00
0.101580,4.992962,1.018484,0.42128,5.00
0.101590,4.992986,1.019630,0.42128,5.00
0.101600,4.992987,1.020770,0.42129,5.00
0.101610,4.992746,1.021932,0.42130,5.00
0.101620,4.992560,1.023129,0.42132,5.00
0.101630,4.992431,1.024354,0.42133,5.00
0.101640,4.992360,1.025597,0.42134,5.00
0.101650,4.992830,1.026848,0.42135,5.00
0.101660,4.995275,1.027868,0.42123,5.00
0.101670,4.997734,1.028495,0.42111,5.00
0.101680,5.000188,1.028729,0.42099,5.00
0.101690,5.002620,1.028570,0.42087,5.00
0.101700,5.004915,1.028024,0.42075,5.00
0.101710,5.006769,1.027144,0.42065,5.00
0.101720,5.008557,1.025970,0.42055,5.00
0.101730,5.010269,1.024512,0.42046,5.00
0.101740,5.011892,1.022785,0.42037,5.00
0.101750,5.013282,1.020801,0.42028,5.00
0.101760,5.014036,1.018642,0.42023,5.00
0.101770,5.014682,1.016367,0.42019,5.00
0.101780,5.015217,1.013993,0.42015,5.00
0.101790,5.015637,1.011538,0.42011,5.00
0.101800,5.015712,1.009021,0.42008,5.00
0.101810,5.014767,1.006569,0.42012,5.00
0.101820,5.013723,1.004273,0.42016,5.00
0.101830,5.012589,1.002148,0.42020,5.00
0.101840,5.011374,1.000208,0.42025,5.00
0.101850,5.010382,0.998465,0.42031,5.00
0.101860,5.010498,0.996789,0.42029,5.00
0.101870,5.010537,0.995098,0.42028,5.00
0.101880,5.010499,0.993404,0.42027,5.00
0.101890,5.010384,0.991720,0.42027,5.00
0.101900,5.010087,0.990057,0.42027,5.00
0.101910,5.009289,0.988479,0.42030,5.00
0.101920,5.008430,0.987032,0.42034,5.00
0.101930,5.007517,0.985724,0.42038,5.00
0.101940,5.006558,0.984565,0.42042,5.00
0.101950,5.005410,0.983561,0.42046,5.00
0.101960,5.003643,0.982790,0.42055,5.00
0.101970,5.001865,0.982302,0.42063,5.00
0.101980,5.000088,0.982098,0.42072,5.00
0.101990,4.998326,0.982179,0.42081,5.00
0.102000,4.996780,0.982540,0.42090,5.00
0.102010,4.996019,0.983087,0.42094,5.00
0.102020,4.995294,0.983755,0.42098,5.00
0.102030,4.994608,0.984537,0.42102,5.00
0.102040,4.993967,0.985427,0.42106,5.00
0.102050,4.993591,0.986418,0.42109,5.00
0.102060,4.994128,0.987397,0.42107,5.00
0.102070,4.994702,0.988289,0.42105,5.00
0.102080,4.995308,0.989088,0.42102,5.00
0.102090,4.995943,0.989789,0.42099,5.00
0.102100,4.996398,0.990387,0.42096,5.00
0.102110,4.996071,0.990976,0.42098,5.00
0.102120,4.995774,0.991617,0.42100,5.00
0.102130,4.995510,0.992303,0.42102,5.00
0.102140,4.995281,0.993031,0.42103,5.00
0.102150,4.994726,0.993793,0.42105,5.00
0.102160,4.992772,0.994759,0.42115,5.00
0.102170,4.990888,0.996034,0.42125,5.00
0.102180,4.989087,0.997607,0.42135,5.00
0.102190,4.987382,0.999465,0.42145,5.00
0.102200,4.986429,1.001591,0.42154,5.00
0.102210,4.988152,1.003658,0.42146,5.00
0.102220,4.989945,1.005447,0.42138,5.00
0.102230,4.991796,1.006946,0.42130,5.00
0.102240,4.993690,1.008147,0.42121,5.00
0.102250,4.995534,1.009044,0.42112,5.00
0.102260,4.997086,1.009669,0.42104,5.00
0.102270,4.998646,1.010046,0.42097,5.00
0.102280,5.000201,1.010173,0.42089,5.00
0.102290,5.001742,1.010052,0.42081,5.00
0.102300,5.003022,1.009686,0.42073,5.00
0.102310,5.003335,1.009190,0.42072,5.00
0.102320,5.003622,1.008646,0.42070,5.00
0.102330,5.003880,1.008057,0.42068,5.00
0.102340,5.004108,1.007428,0.42067,5.00
0.102350,5.004311,1.006764,0.42065,5.00
0.102360,5.004508,1.006067,0.42064,5.00
0.102370,5.004670,1.005339,0.42063,5.00
0.102380,5.004796,1.004587,0.42062,5.00
0.102390,5.004888,1.003816,0.42061,5.00
0.102400,5.004901,1.003032,0.42060,5.00
0.102410,5.004711,1.002261,0.42061,5.00
0.102420,5.004488,1.001522,0.42061,5.00
0.102430,5.004235,1.000820,0.42062,5.00
0.102440,5.003954,1.000159,0.42063,5.00
0.102450,5.003800,0.999545,0.42065,5.00
0.102460,5.004227,0.998907,0.42062,5.00
0.102470,5.004620,0.998202,0.42060,5.00
0.102480,5.004976,0.997436,0.42057,5.00
0.102490,5.005293,0.996615,0.42055,5.00
0.102500,5.005651,0.995745,0.42054,5.00
0.102510,5.006295,0.994793,0.42050,5.00
0.102520,5.006887,0.993740,0.42046,5.00
0.102530,5.007424,0.992595,0.42043,5.00
0.102540,5.007902,0.991366,0.42040,5.00
0.102550,5.008030,0.990063,0.42037,5.00
0.102560,5.006954,0.988835,0.42042,5.00
0.102570,5.005838,0.987780,0.42047,5.00
0.102580,5.004688,0.986906,0.42052,5.00
0.102590,5.003515,0.986217,0.42058,5.00
0.102600,5.002325,0.985716,0.42063,5.00
0.102610,5.001125,0.985406,0.42069,5.00
0.102620,4.999927,0.985289,0.42075,5.00
0.102630,4.998739,0.985363,0.42081,5.00
0.102640,4.997571,0.985626,0.42087,5.00
0.102650,4.996439,0.986075,0.42093,5.00
0.102660,4.995373,0.986701,0.42099,5.00
0.102670,4.994351,0.987496,0.42104,5.00
0.102680,4.993377,0.988453,0.42110,5.00
0.102690,4.992461,0.989563,0.42115,5.00
0.102700,4.991786,0.990818,0.42120,5.00
0.102710,4.991889,0.992120,0.42120,5.00
0.102720,4.992049,0.993403,0.42120,5.00
0.102730,4.992266,0.994659,0.42120,5.00
0.102740,4.992536,0.995877,0.42119,5.00
0.102750,4.992843,0.997051,0.42118,5.00
0.102760,4.993139,0.998177,0.42117,5.00
0.102770,4.993482,0.999255,0.42116,5.00
0.102780,4.993869,1.000275,0.42115,5.00
0.102790,4.994297,1.001232,0.42113,5.00
0.102800,4.994625,1.002119,0.42111,5.00
0.102810,4.994443,1.002996,0.42113,5.00
0.102820,4.994303,1.003900,0.42114,5.00
0.102830,4.994205,1.004825,0.42115,5.00
0.102840,4.994151,1.005763,0.42116,5.00
0.102850,4.994152,1.006709,0.42116,5.00
0.102860,4.994244,1.007648,0.42116,5.00
0.102870,4.994378,1.008571,0.42116,5.00
0.102880,4.994551,1.009471,0.42116,5.00
0.102890,4.994763,1.010341,0.42115,5.00
0.102900,4.995217,1.011176,0.42114,5.00
0.102910,4.996517,1.011871,0.42108,5.00
0.102920,4.997831,1.012357,0.42102,5.00
0.102930,4.999150,1.012633,0.42095,5.00
0.102940,5.000463,1.012698,0.42089,5.00
0.102950,5.001684,1.012553,0.42082,5.00
0.102960,5.002571,1.012239,0.42077,5.00
0.102970,5.003432,1.011783,0.42073,5.00
0.102980,5.004262,1.011192,0.42068,5.00
0.102990,5.005053,1.010469,0.42064,5.00
0.103000,5.005724,1.009621,0.42060,5.00
0.103010,5.006042,1.008692,0.42058,5.00
0.103020,5.006313,1.007714,0.42056,5.00
0.103030,5.006537,1.006695,0.42054,5.00
0.103040,5.006712,1.005642,0.42053,5.00
0.103050,5.006851,1.004563,0.42052,5.00
0.103060,5.007002,1.003459,0.42050,5.00
0.103070,5.007100,1.002333,0.42049,5.00
0.103080,5.007146,1.001194,0.42048,5.00
0.103090,5.007140,1.000049,0.42048,5.00
0.103100,5.007068,0.998908,0.42047,5.00
0.103110,5.006892,0.997784,0.42048,5.00
0.103120,5.006667,0.996691,0.42048,5.00
0.103130,5.006396,0.995636,0.42049,5.00
0.103140,5.006080,0.994626,0.42050,5.00
0.103150,5.005809,0.993668,0.42051,5.00
0.103160,5.005842,0.992728,0.42050,5.00
0.103170,5.005831,0.991785,0.42050,5.00
0.103180,5.005778,0.990845,0.42050,5.00
0.103190,5.005682,0.989916,0.42050,5.00
0.103200,5.005224,0.989003,0.42050,5.00
0.103210,5.003447,0.988269,0.42058,5.00
0.103220,5.001661,0.987819,0.42067,5.00
0.103230,4.999878,0.987656,0.42076,5.00
0.103240,4.998112,0.987777,0.42085,5.00
0.103250,4.996358,0.988179,0.42094,5.00
0.103260,4.994578,0.988866,0.42103,5.00
0.103270,4.992852,0.989836,0.42112,5.00
0.103280,4.991194,0.991079,0.42121,5.00
0.103290,4.989615,0.992585,0.42130,5.00
0.103300,4.988359,0.994339,0.42138,5.00
0.103310,4.988132,0.996215,0.42141,5.00
0.103320,4.987993,0.998124,0.42142,5.00
0.103330,4.987942,1.000052,0.42144,5.00
0.103340,4.987979,1.001983,0.42145,5.00
0.103350,4.988193,1.003906,0.42145,5.00
0.103360,4.988849,1.005761,0.42143,5.00
0.103370,4.989580,1.007509,0.42140,5.00
0.103380,4.990380,1.009136,0.42137,5.00
0.103390,4.991243,1.010633,0.42133,5.00
0.103400,4.992001,1.011989,0.42129,5.00
0.103410,4.992169,1.013273,0.42129,5.00
0.103420,4.992393,1.014528,0.42129,5.00
0.103430,4.992671,1.015744,0.42128,5.00
0.103440,4.993000,1.016914,0.42127,5.00
0.103450,4.993406,1.018029,0.42126,5.00
0.103460,4.993970,1.019068,0.42124,5.00
0.103470,4.994573,1.020015,0.42121,5.00
0.103480,4.995211,1.020864,0.42118,5.00
0.103490,4.995879,1.021609,0.42115,5.00
0.103500,4.996588,1.022247,0.42112,5.00
0.103510,4.997382,1.022764,0.42109,5.00
0.103520,4.998189,1.023154,0.42105,5.00
0.103530,4.999003,1.023414,0.42101,5.00
0.103540,4.999818,1.023544,0.42097,5.00
0.103550,5.001002,1.023543,0.42093,5.00
0.103560,5.003659,1.023234,0.42079,5.00
0.103570,5.006266,1.022501,0.42066,5.00
0.103580,5.008805,1.021354,0.42052,5.00
0.103590,5.011258,1.019804,0.42039,5.00
0.103600,5.013309,1.017865,0.42026,5.00
0.103610,5.014052,1.015699,0.42021,5.00
0.103620,5.014687,1.013419,0.42017,5.00
0.103630,5.015211,1.011041,0.42013,5.00
0.103640,5.015620,1.008585,0.42010,5.00
0.103650,5.015935,1.006068,0.42007,5.00
0.103660,5.016221,1.003498,0.42004,5.00
0.103670,5.016387,1.000888,0.42002,5.00
0.103680,5.016433,0.998256,0.42000,5.00
0.103690,5.016359,0.995621,0.41999,5.00
0.103700,5.016123,0.993004,0.41999,5.00
0.103710,5.015598,0.990443,0.42000,5.00
0.103720,5.014965,0.987971,0.42002,5.00
0.103730,5.014228,0.985605,0.42004,5.00
0.103740,5.013393,0.983361,0.42007,5.00
0.103750,5.012418,0.981255,0.42011,5.00
0.103760,5.011162,0.979324,0.42016,5.00
0.103770,5.009835,0.977598,0.42021,5.00
0.103780,5.008448,0.976086,0.42028,5.00
0.103790,5.007011,0.974799,0.42034,5.00
0.103800,5.005437,0.973743,0.42041,5.00
0.103810,5.003448,0.972972,0.42051,5.00
0.103820,5.001452,0.972520,0.42060,5.00
0.103830,4.999461,0.972387,0.42070,5.00
0.103840,4.997491,0.972573,0.42080,5.00
0.103850,4.995731,0.973072,0.42090,5.00
0.103860,4.994713,0.973795,0.42096,5.00
0.103870,4.993740,0.974679,0.42101,5.00
0.103880,4.992821,0.975717,0.42106,5.00
0.103890,4.991961,0.976900,0.42111,5.00
0.103900,4.991210,0.978217,0.42116,5.00
0.103910,4.990704,0.979638,0.42119,5.00
0.103920,4.990268,0.981137,0.42122,5.00
0.103930,4.989906,0.982703,0.42125,5.00
0.103940,4.989619,0.984324,0.42127,5.00
0.103950,4.989509,0.985988,0.42129,5.00
0.103960,4.989867,0.987634,0.42128,5.00
0.103970,4.990295,0.989220,0.42127,5.00
0.103980,4.990789,0.990735,0.42125,5.00
0.103990,4.991345,0.992169,0.42123,5.00
0.104000,4.991592,0.993511,0.42121,5.00
0.104010,4.990441,0.994928,0.42128,5.00
0.104020,4.989370,0.996526,0.42134,5.00
0.104030,4.988386,0.998291,0.42140,5.00
0.104040,4.987494,1.000211,0.42145,5.00
0.104050,4.986838,1.002268,0.42150,5.00
0.104060,4.986824,1.004384,0.42152,5.00
0.104070,4.986907,1.006497,0.42152,5.00
0.104080,4.987084,1.008593,0.42153,5.00
0.104090,4.987354,1.010656,0.42152,5.00
0.104100,4.987815,1.012673,0.42152,5.00
0.104110,4.988766,1.014579,0.42148,5.00
0.104120,4.989791,1.016330,0.42144,5.00
0.104130,4.990881,1.017914,0.42139,5.00
0.104140,4.992028,1.019321,0.42134,5.00
0.104150,4.993365,1.020543,0.42129,5.00
0.104160,4.995298,1.021503,0.42120,5.00
0.104170,4.997249,1.022154,0.42110,5.00
0.104180,4.999203,1.022492,0.42101,5.00
0.104190,5.001147,1.022517,0.42091,5.00
0.104200,5.002778,1.022232,0.42081,5.00
0.104210,5.003234,1.021780,0.42078,5.00
0.104220,5.003663,1.021255,0.42076,5.00
0.104230,5.004063,1.020663,0.42074,5.00
0.104240,5.004430,1.020008,0.42071,5.00
0.104250,5.004787,1.019295,0.42069,5.00
0.104260,5.005201,1.018519,0.42067,5.00
0.104270,5.005575,1.017679,0.42065,5.00
0.104280,5.005906,1.016780,0.42062,5.00
0.104290,5.006191,1.015831,0.42060,5.00
0.104300,5.006520,1.014837,0.42059,5.00
0.104310,5.007157,1.013764,0.42055,5.00
0.104320,5.007737,1.012592,0.42051,5.00
0.104330,5.008256,1.011329,0.42048,5.00
0.104340,5.008711,1.009986,0.42045,5.00
0.104350,5.009015,1.008573,0.42042,5.00
0.104360,5.008914,1.007141,0.42042,5.00
0.104370,5.008749,1.005727,0.42042,5.00
0.104380,5.008523,1.004343,0.42043,5.00
0.104390,5.008237,1.002998,0.42043,5.00
0.104400,5.008010,1.001700,0.42044,5.00
0.104410,5.008189,1.000405,0.42043,5.00
0.104420,5.008307,0.999083,0.42041,5.00
0.104430,5.008364,0.997744,0.42040,5.00
0.104440,5.008360,0.996400,0.42040,5.00
0.104450,5.008230,0.995059,0.42039,5.00
0.104460,5.007785,0.993761,0.42041,5.00
0.104470,5.007287,0.992537,0.42043,5.00
0.104480,5.006741,0.991395,0.42045,5.00
0.104490,5.006150,0.990342,0.42047,5.00
0.104500,5.005274,0.989386,0.42050,5.00
0.104510,5.003389,0.988649,0.42059,5.00
0.104520,5.001496,0.988215,0.42068,5.00
0.104530,4.999609,0.988084,0.42077,5.00
0.104540,4.997741,0.988254,0.42087,5.00
0.104550,4.996110,0.988721,0.42096,5.00
0.104560,4.995329,0.989383,0.42101,5.00
0.104570,4.994589,0.990168,0.42105,5.00
0.104580,4.993895,0.991070,0.42109,5.00
0.104590,4.993250,0.992081,0.42112,5.00
0.104600,4.992909,0.993193,0.42116,5.00
0.104610,4.993609,0.994278,0.42113,5.00
0.104620,4.994349,0.995249,0.42110,5.00
0.104630,4.995123,0.996100,0.42107,5.00
0.104640,4.995925,0.996826,0.42103,5.00
0.104650,4.996655,0.997423,0.42099,5.00
0.104660,4.997030,0.997932,0.42098,5.00
0.104670,4.997422,0.998381,0.42096,5.00
0.104680,4.997829,0.998766,0.42094,5.00
0.104690,4.998248,0.999086,0.42092,5.00
0.104700,4.998737,0.999338,0.42090,5.00
0.104710,4.999469,0.999493,0.42086,5.00
0.104720,5.000199,0.999530,0.42083,5.00
0.104730,5.000921,0.999451,0.42079,5.00
0.104740,5.001630,0.999257,0.42075,5.00
0.104750,5.002280,0.998950,0.42072,5.00
0.104760,5.002748,0.998553,0.42069,5.00
0.104770,5.003192,0.998082,0.42067,5.00
0.104780,5.003609,0.997541,0.42064,5.00
0.104790,5.003996,0.996935,0.42062,5.00
0.104800,5.004228,0.996268,0.42060,5.00
0.104810,5.003942,0.995605,0.42061,5.00
0.104820,5.003630,0.994988,0.42062,5.00
0.104830,5.003294,0.994423,0.42064,5.00
0.104840,5.002936,0.993912,0.42065,5.00
0.104850,5.002575,0.993459,0.42067,5.00
0.104860,5.002252,0.993060,0.42068,5.00
0.104870,5.001916,0.992714,0.42070,5.00
0.104880,5.001569,0.992422,0.42071,5.00
0.104890,5.001213,0.992186,0.42073,5.00
0.104900,5.000992,0.992007,0.42075,5.00
0.104910,5.001326,0.991819,0.42073,5.00
0.104920,5.001648,0.991577,0.42071,5.00
0.104930,5.001954,0.991285,0.42070,5.00
0.104940,5.002243,0.990945,0.42068,5.00
0.104950,5.002341,0.990560,0.42066,5.00
0.104960,5.001741,0.990214,0.42069,5.00
0.104970,5.001132,0.989965,0.42072,5.00
0.104980,5.000521,0.989813,0.42075,5.00
0.104990,4.999910,0.989759,0.42078,5.00
0.105000,4.999050,0.989803,0.42081,5.00
0.105010,4.997186,0.990065,0.42091,5.00
0.105020,4.995359,0.990625,0.42100,5.00
0.105030,4.993582,0.991475,0.42109,5.00
0.105040,4.991866,0.992607,0.42119,5.00
0.105050,4.990531,0.994010,0.42128,5.00
0.105060,4.990489,0.995526,0.42129,5.00
0.105070,4.990517,0.997046,0.42129,5.00
0.105080,4.990613,0.998558,0.42130,5.00
0.105090,4.990776,1.000052,0.42130,5.00
0.105100,4.991136,1.001518,0.42129,5.00
0.105110,4.992079,1.002881,0.42125,5.00
0.105120,4.993071,1.004091,0.42121,5.00
0.105130,4.994104,1.005141,0.42117,5.00
0.105140,4.995171,1.006023,0.42112,5.00
0.105150,4.995947,1.006734,0.42107,5.00
0.105160,4.995489,1.007421,0.42109,5.00
0.105170,4.995068,1.008180,0.42112,5.00
0.105180,4.994687,1.009004,0.42114,5.00
0.105190,4.994348,1.009887,0.42116,5.00
0.105200,4.994225,1.010823,0.42118,5.00
0.105210,4.994828,1.011721,0.42116,5.00
0.105220,4.995464,1.012522,0.42113,5.00
0.105230,4.996128,1.013219,0.42110,5.00
0.105240,4.996814,1.013810,0.42107,5.00
0.105250,4.997630,1.014289,0.42104,5.00
0.105260,4.998900,1.014602,0.42097,5.00
0.105270,5.000167,1.014711,0.42091,5.00
0.105280,5.001422,1.014619,0.42085,5.00
0.105290,5.002656,1.014326,0.42078,5.00
0.105300,5.004023,1.013836,0.42072,5.00
0.105310,5.005998,1.013078,0.42062,5.00
0.105320,5.007911,1.012006,0.42052,5.00
0.105330,5.009751,1.010630,0.42042,5.00
0.105340,5.011503,1.008964,0.42032,5.00
0.105350,5.012787,1.007022,0.42023,5.00
0.105360,5.012495,1.004997,0.42023,5.00
0.105370,5.012116,1.003022,0.42024,5.00
0.105380,5.011652,1.001111,0.42025,5.00
0.105390,5.011108,0.999278,0.42027,5.00
0.105400,5.010839,0.997535,0.42029,5.00
0.105410,5.011886,0.995727,0.42023,5.00
0.105420,5.012838,0.993755,0.42017,5.00
0.105430,5.013688,0.991635,0.42011,5.00
0.105440,5.014431,0.989384,0.42007,5.00
0.105450,5.014947,0.987018,0.42002,5.00
0.105460,5.014891,0.984612,0.42001,5.00
0.105470,5.014728,0.982219,0.42001,5.00
0.105480,5.014458,0.979857,0.42001,5.00
0.105490,5.014085,0.977542,0.42001,5.00
0.105500,5.013403,0.975292,0.42002,5.00
0.105510,5.011797,0.973221,0.42009,5.00
0.105520,5.010119,0.971411,0.42017,5.00
0.105530,5.008382,0.969872,0.42025,5.00
0.105540,5.006598,0.968614,0.42033,5.00
0.105550,5.005006,0.967642,0.42042,5.00
0.105560,5.004286,0.966855,0.42045,5.00
0.105570,5.003540,0.966184,0.42048,5.00
0.105580,5.002773,0.965633,0.42052,5.00
0.105590,5.001992,0.965206,0.42055,5.00
0.105600,5.001007,0.964905,0.42059,5.00
0.105610,4.999249,0.964823,0.42068,5.00
0.105620,4.997510,0.965023,0.42077,5.00
0.105630,4.995804,0.965499,0.42086,5.00
0.105640,4.994142,0.966247,0.42094,5.00
0.105650,4.992779,0.967259,0.42103,5.00
0.105660,4.992446,0.968409,0.42105,5.00
0.105670,4.992169,0.969609,0.42107,5.00
0.105680,4.991951,0.970852,0.42109,5.00
0.105690,4.991791,0.972128,0.42111,5.00
0.105700,4.991424,0.973426,0.42112,5.00
0.105710,4.990055,0.974867,0.42119,5.00
0.105720,4.988769,0.976523,0.42127,5.00
0.105730,4.987576,0.978381,0.42134,5.00
0.105740,4.986483,0.980426,0.42140,5.00
0.105750,4.985508,0.982642,0.42147,5.00
0.105760,4.984693,0.985005,0.42152,5.00
0.105770,4.983995,0.987494,0.42157,5.00
0.105780,4.983419,0.990089,0.42161,5.00
0.105790,4.982969,0.992771,0.42165,5.00
0.105800,4.982796,0.995520,0.42168,5.00
0.105810,4.983347,0.998244,0.42167,5.00
0.105820,4.984014,1.000874,0.42165,5.00
0.105830,4.984791,1.003392,0.42162,5.00
0.105840,4.985672,1.005782,0.42159,5.00
0.105850,4.986646,1.008027,0.42155,5.00
0.105860,4.987694,1.010113,0.42151,5.00
0.105870,4.988823,1.012028,0.42147,5.00
0.105880,4.990024,1.013759,0.42142,5.00
0.105890,4.991287,1.015295,0.42136,5.00
0.105900,4.992378,1.016627,0.42130,5.00
0.105910,4.992623,1.017854,0.42130,5.00
0.105920,4.992920,1.019039,0.42129,5.00
0.105930,4.993267,1.020174,0.42128,5.00
0.105940,4.993660,1.021252,0.42126,5.00
0.105950,4.994375,1.022265,0.42125,5.00
0.105960,4.996227,1.023073,0.42116,5.00
0.105970,4.998092,1.023584,0.42107,5.00
0.105980,4.999955,1.023796,0.42098,5.00
0.105990,5.001802,1.023711,0.42088,5.00
0.106000,5.003376,1.023331,0.42079,5.00
0.106010,5.003940,1.022779,0.42076,5.00
0.106020,5.004472,1.022138,0.42073,5.00
0.106030,5.004967,1.021413,0.42070,5.00
0.106040,5.005423,1.020610,0.42067,5.00
0.106050,5.006172,1.019736,0.42065,5.00
0.106060,5.008205,1.018637,0.42054,5.00
0.106070,5.010161,1.017216,0.42043,5.00
0.106080,5.012026,1.015485,0.42033,5.00
0.106090,5.013788,1.013460,0.42023,5.00
0.106100,5.015334,1.011158,0.42013,5.00
0.106110,5.016357,1.008646,0.42007,5.00
0.106120,5.017253,1.005975,0.42001,5.00
0.106130,5.018015,1.003166,0.41996,5.00
0.106140,5.018641,1.000241,0.41991,5.00
0.106150,5.018987,0.997222,0.41987,5.00
0.106160,5.018641,0.994198,0.41987,5.00
0.106170,5.018163,0.991235,0.41988,5.00
0.106180,5.017558,0.988354,0.41989,5.00
0.106190,5.016830,0.985575,0.41991,5.00
0.106200,5.016181,0.982917,0.41994,5.00
0.106210,5.016194,0.980306,0.41993,5.00
0.106220,5.016088,0.977698,0.41992,5.00
0.106230,5.015866,0.975111,0.41991,5.00
0.106240,5.015530,0.972566,0.41992,5.00
0.106250,5.014996,0.970079,0.41993,5.00
0.106260,5.014013,0.967709,0.41996,5.00
0.106270,5.012935,0.965502,0.42001,5.00
0.106280,5.011771,0.963470,0.42005,5.00
0.106290,5.010532,0.961629,0.42010,5.00
0.106300,5.009119,0.959988,0.42016,5.00
0.106310,5.007231,0.958611,0.42025,5.00
0.106320,5.005305,0.957537,0.42034,5.00
0.106330,5.003356,0.956773,0.42043,5.00
0.106340,5.001399,0.956321,0.42053,5.00
0.106350,4.999565,0.956182,0.42063,5.00
0.106360,4.998214,0.956299,0.42069,5.00
0.106370,4.996886,0.956632,0.42076,5.00
0.106380,4.995591,0.957176,0.42083,5.00
0.106390,4.994338,0.957926,0.42090,5.00
0.106400,4.992890,0.958874,0.42096,5.00
0.106410,4.990529,0.960130,0.42109,5.00
0.106420,4.988256,0.961761,0.42121,5.00
0.106430,4.986087,0.963751,0.42133,5.00
0.106440,4.984038,0.966083,0.42145,5.00
0.106450,4.982101,0.968738,0.42156,5.00
0.106460,4.980229,0.971703,0.42167,5.00
0.106470,4.978517,0.974962,0.42177,5.00
0.106480,4.976975,0.978487,0.42187,5.00
0.106490,4.975614,0.982252,0.42196,5.00
0.106500,4.974882,0.986226,0.42204,5.00
0.106510,4.976093,0.990169,0.42200,5.00
0.106520,4.977466,0.993911,0.42195,5.00
0.106530,4.978991,0.997427,0.42189,5.00
0.106540,4.980654,1.000693,0.42183,5.00
0.106550,4.982417,1.003687,0.42175,5.00
0.106560,4.984192,1.006403,0.42168,5.00
0.106570,4.986066,1.008830,0.42160,5.00
0.106580,4.988024,1.010954,0.42151,5.00
0.106590,4.990052,1.012761,0.42142,5.00
0.106600,4.991702,1.014241,0.42132,5.00
0.106610,4.991676,1.015593,0.42133,5.00
0.106620,4.991711,1.016947,0.42134,5.00
0.106630,4.991808,1.018292,0.42134,5.00
0.106640,4.991963,1.019620,0.42134,5.00
0.106650,4.992628,1.020920,0.42134,5.00
0.106660,4.995134,1.021967,0.42122,5.00
0.106670,4.997654,1.022612,0.42109,5.00
0.106680,5.000170,1.022854,0.42097,5.00
0.106690,5.002663,1.022694,0.42084,5.00
0.106700,5.005245,1.022137,0.42072,5.00
0.106710,5.008284,1.021127,0.42056,5.00
0.106720,5.011237,1.019634,0.42040,5.00
0.106730,5.014083,1.017673,0.42025,5.00
0.106740,5.016801,1.015262,0.42010,5.00
0.106750,5.018953,1.012422,0.41995,5.00
0.106760,5.019270,1.009378,0.41992,5.00
0.106770,5.019444,1.006290,0.41990,5.00
0.106780,5.019477,1.003180,0.41988,5.00
0.106790,5.019369,1.000071,0.41987,5.00
0.106800,5.019077,0.996985,0.41986,5.00
0.106810,5.018474,0.993965,0.41988,5.00
0.106820,5.017743,0.991047,0.41990,5.00
0.106830,5.016890,0.988252,0.41992,5.00
0.106840,5.015921,0.985598,0.41996,5.00
0.106850,5.014969,0.983103,0.42000,5.00
0.106860,5.014406,0.980726,0.42001,5.00
0.106870,5.013744,0.978444,0.42003,5.00
0.106880,5.012987,0.976271,0.42006,5.00
0.106890,5.012142,0.974223,0.42009,5.00
0.106900,5.011229,0.972315,0.42013,5.00
0.106910,5.010300,0.970551,0.42017,5.00
0.106920,5.009302,0.968938,0.42021,5.00
0.106930,5.008245,0.967489,0.42025,5.00
0.106940,5.007137,0.966210,0.42030,5.00
0.106950,5.006158,0.965111,0.42035,5.00
0.106960,5.005830,0.964115,0.42036,5.00
0.106970,5.005462,0.963174,0.42038,5.00
0.106980,5.005055,0.962293,0.42039,5.00
0.106990,5.004614,0.961479,0.42041,5.00
0.107000,5.003870,0.960737,0.42043,5.00
0.107010,5.002021,0.960203,0.42052,5.00
0.107020,5.000172,0.959964,0.42061,5.00
0.107030,4.998338,0.960021,0.42070,5.00
0.107040,4.996530,0.960371,0.42080,5.00
0.107050,4.994710,0.961008,0.42089,5.00
0.107060,4.992734,0.961952,0.42099,5.00
0.107070,4.990827,0.963209,0.42110,5.00
0.107080,4.989002,0.964768,0.42120,5.00
0.107090,4.987273,0.966616,0.42129,5.00
0.107100,4.985626,0.968735,0.42139,5.00
0.107110,4.984002,0.971121,0.42148,5.00
0.107120,4.982507,0.973762,0.42157,5.00
0.107130,4.981153,0.976636,0.42165,5.00
0.107140,4.979946,0.979721,0.42173,5.00
0.107150,4.979113,0.982992,0.42180,5.00
0.107160,4.979302,0.986321,0.42181,5.00
0.107170,4.979639,0.989613,0.42181,5.00
0.107180,4.980120,0.992845,0.42180,5.00
0.107190,4.980742,0.995994,0.42179,5.00
0.107200,4.981463,0.999038,0.42177,5.00
0.107210,4.982172,1.001972,0.42175,5.00
0.107220,4.983005,1.004788,0.42172,5.00
0.107230,4.983955,1.007465,0.42169,5.00
0.107240,4.985012,1.009985,0.42165,5.00
0.107250,4.986141,1.012332,0.42161,5.00
0.107260,4.987243,1.014504,0.42156,5.00
0.107270,4.988429,1.016495,0.42151,5.00
0.107280,4.989689,1.018294,0.42146,5.00
0.107290,4.991014,1.019888,0.42140,5.00
0.107300,4.992518,1.021267,0.42134,5.00
0.107310,4.994558,1.022364,0.42124,5.00
0.107320,4.996622,1.023133,0.42114,5.00
0.107330,4.998692,1.023572,0.42104,5.00
0.107340,5.000754,1.023679,0.42094,5.00
0.107350,5.002509,1.023457,0.42084,5.00
0.107360,5.003098,1.023047,0.42080,5.00
0.107370,5.003661,1.022543,0.42077,5.00
0.107380,5.004194,1.021950,0.42074,5.00
0.107390,5.004692,1.021273,0.42071,5.00
0.107400,5.004899,1.020518,0.42069,5.00
0.107410,5.004057,1.019812,0.42073,5.00
0.107420,5.003193,1.019242,0.42077,5.00
0.107430,5.002316,1.018811,0.42081,5.00
0.107440,5.001431,1.018520,0.42085,5.00
0.107450,5.000861,1.018371,0.42089,5.00
0.107460,5.001549,1.018212,0.42086,5.00
0.107470,5.002221,1.017943,0.42082,5.00
0.107480,5.002872,1.017567,0.42079,5.00
0.107490,5.003497,1.017088,0.42075,5.00
0.107500,5.003785,1.016510,0.42072,5.00
0.107510,5.002824,1.015986,0.42077,5.00
0.107520,5.001851,1.015615,0.42081,5.00
0.107530,5.000875,1.015401,0.42086,5.00
0.107540,4.999903,1.015342,0.42091,5.00
0.107550,4.999331,1.015438,0.42096,5.00
0.107560,5.000327,1.015500,0.42091,5.00
0.107570,5.001311,1.015403,0.42086,5.00
0.107580,5.002278,1.015150,0.42081,5.00
0.107590,5.003221,1.014742,0.42076,5.00
0.107600,5.004047,1.014185,0.42071,5.00
0.107610,5.004494,1.013524,0.42068,5.00
0.107620,5.004906,1.012793,0.42066,5.00
0.107630,5.005280,1.011998,0.42064,5.00
0.107640,5.005612,1.011145,0.42061,5.00
0.107650,5.005818,1.010240,0.42059,5.00
0.107660,5.005647,1.009331,0.42060,5.00
0.107670,5.005437,1.008450,0.42060,5.00
0.107680,5.005190,1.007605,0.42061,5.00
0.107690,5.004908,1.006801,0.42062,5.00
0.107700,5.004470,1.006043,0.42063,5.00
0.107710,5.003510,1.005396,0.42068,5.00
0.107720,5.002534,1.004904,0.42072,5.00
0.107730,5.001549,1.004568,0.42077,5.00
0.107740,5.000562,1.004389,0.42082,5.00
0.107750,4.999802,1.004369,0.42087,5.00
0.107760,4.999934,1.004398,0.42086,5.00
0.107770,5.000066,1.004407,0.42085,5.00
0.107780,5.000197,1.004394,0.42085,5.00
0.107790,5.000326,1.004360,0.42084,5.00
0.107800,5.000520,1.004306,0.42084,5.00
0.107810,5.000986,1.004199,0.42081,5.00
0.107820,5.001441,1.004018,0.42079,5.00
0.107830,5.001882,1.003764,0.42076,5.00
0.107840,5.002306,1.003440,0.42074,5.00
0.107850,5.002525,1.003050,0.42072,5.00
0.107860,5.001993,1.002684,0.42074,5.00
0.107870,5.001452,1.002403,0.42077,5.00
0.107880,5.000905,1.002210,0.42079,5.00
0.107890,5.000357,1.002104,0.42082,5.00
0.107900,4.999829,1.002085,0.42085,5.00
0.107910,4.999375,1.002145,0.42087,5.00
0.107920,4.998930,1.002278,0.42090,5.00
0.107930,4.998498,1.002481,0.42092,5.00
0.107940,4.998080,1.002752,0.42094,5.00
0.107950,4.997914,1.003090,0.42096,5.00
0.107960,4.998695,1.003379,0.42092,5.00
0.107970,4.999479,1.003543,0.42089,5.00
0.107980,5.000260,1.003581,0.42085,5.00
0.107990,5.001033,1.003494,0.42081,5.00
0.108000,5.001428,1.003285,0.42077,5.00
0.108010,5.000364,1.003129,0.42082,5.00
0.108020,4.999307,1.003143,0.42087,5.00
0.108030,4.998265,1.003325,0.42093,5.00
0.108040,4.997246,1.003673,0.42098,5.00
0.108050,4.996388,1.004183,0.42103,5.00
0.108060,4.996090,1.004787,0.42105,5.00
0.108070,4.995824,1.005437,0.42107,5.00
0.108080,4.995590,1.006128,0.42108,5.00
0.108090,4.995391,1.006855,0.42110,5.00
0.108100,4.995325,1.007612,0.42111,5.00
0.108110,4.995679,1.008348,0.42110,5.00
0.108120,4.996062,1.009025,0.42108,5.00
0.108130,4.996470,1.009640,0.42106,5.00
0.108140,4.996901,1.010189,0.42104,5.00
0.108150,4.997220,1.010668,0.42102,5.00
0.108160,4.997041,1.011136,0.42104,5.00
0.108170,4.996885,1.011632,0.42105,5.00
0.108180,4.996753,1.012153,0.42106,5.00
0.108190,4.996647,1.012692,0.42106,5.00
0.108200,4.997074,1.013248,0.42107,5.00
0.108210,4.999539,1.013573,0.42095,5.00
0.108220,5.001985,1.013503,0.42083,5.00
0.108230,5.004396,1.013043,0.42070,5.00
0.108240,5.006754,1.012200,0.42058,5.00
0.108250,5.008466,1.010982,0.42046,5.00
0.108260,5.007814,1.009677,0.42048,5.00
0.108270,5.007112,1.008479,0.42051,5.00
0.108280,5.006365,1.007394,0.42054,5.00
0.108290,5.005578,1.006431,0.42058,5.00
0.108300,5.004845,1.005596,0.42061,5.00
0.108310,5.004425,1.004851,0.42063,5.00
0.108320,5.003976,1.004175,0.42065,5.00
0.108330,5.003503,1.003571,0.42067,5.00
0.108340,5.003010,1.003044,0.42069,5.00
0.108350,5.002516,1.002597,0.42072,5.00
0.108360,5.002076,1.002224,0.42074,5.00
0.108370,5.001626,1.001922,0.42076,5.00
0.108380,5.001168,1.001692,0.42078,5.00
0.108390,5.000706,1.001536,0.42080,5.00
0.108400,5.000285,1.001453,0.42082,5.00
0.108410,5.000029,1.001425,0.42084,5.00
0.108420,4.999776,1.001437,0.42085,5.00
0.108430,4.999527,1.001490,0.42086,5.00
0.108440,4.999283,1.001583,0.42087,5.00
0.108450,4.999097,1.001714,0.42089,5.00
0.108460,4.999117,1.001858,0.42089,5.00
0.108470,4.999144,1.002000,0.42089,5.00
0.108480,4.999176,1.002136,0.42089,5.00
0.108490,4.999214,1.002268,0.42088,5.00
0.108500,4.999213,1.002392,0.42088,5.00
0.108510,4.999036,1.002532,0.42089,5.00
0.108520,4.998868,1.002699,0.42090,5.00
0.108530,4.998709,1.002893,0.42091,5.00
0.108540,4.998562,1.003112,0.42092,5.00
0.108550,4.998526,1.003353,0.42093,5.00
0.108560,4.998895,1.003569,0.42091,5.00
0.108570,4.999269,1.003725,0.42089,5.00
0.108580,4.999645,1.003821,0.42087,5.00
0.108590,5.000020,1.003857,0.42085,5.00
0.108600,5.000139,1.003833,0.42084,5.00
0.108610,4.999251,1.003871,0.42088,5.00
0.108620,4.998377,1.004050,0.42093,5.00
0.108630,4.997523,1.004369,0.42097,5.00
0.108640,4.996695,1.004823,0.42101,5.00
0.108650,4.996070,1.005408,0.42106,5.00
0.108660,4.996164,1.006037,0.42106,5.00
0.108670,4.996285,1.006649,0.42105,5.00
0.108680,4.996432,1.007241,0.42105,5.00
0.108690,4.996604,1.007808,0.42104,5.00
0.108700,4.996863,1.008347,0.42104,5.00
0.108710,4.997394,1.008823,0.42101,5.00
0.108720,4.997940,1.009214,0.42099,5.00
0.108730,4.998496,1.009516,0.42096,5.00
0.108740,4.999059,1.009730,0.42093,5.00
0.108750,4.999831,1.009853,0.42091,5.00
0.108760,5.001423,1.009786,0.42083,5.00
0.108770,5.002991,1.009466,0.42075,5.00
0.108780,5.004523,1.008896,0.42067,5.00
0.108790,5.006009,1.008082,0.42059,5.00
0.108800,5.007224,1.007034,0.42051,5.00
0.108810,5.007522,1.005862,0.42049,5.00
0.108820,5.007764,1.004644,0.42047,5.00
0.108830,5.007947,1.003391,0.42045,5.00
0.108840,5.008071,1.002110,0.42044,5.00
0.108850,5.008135,1.000812,0.42043,5.00
0.108860,5.008138,0.999507,0.42042,5.00
0.108870,5.008082,0.998203,0.42042,5.00
0.108880,5.007968,0.996912,0.42042,5.00
0.108890,5.007796,0.995640,0.42042,5.00
0.108900,5.007447,0.994399,0.42042,5.00
0.108910,5.006560,0.993255,0.42046,5.00
0.108920,5.005633,0.992255,0.42050,5.00
0.108930,5.004673,0.991404,0.42055,5.00
0.108940,5.003687,0.990708,0.42059,5.00
0.108950,5.002558,0.990171,0.42064,5.00
0.108960,5.000923,0.989855,0.42072,5.00
0.108970,4.999296,0.989801,0.42080,5.00
0.108980,4.997687,0.990006,0.42088,5.00
0.108990,4.996110,0.990467,0.42096,5.00
0.109000,4.994726,0.991179,0.42104,5.00
0.109010,4.993992,0.992062,0.42109,5.00
0.109020,4.993309,0.993061,0.42113,5.00
0.109030,4.992679,0.994167,0.42116,5.00
0.109040,4.992108,0.995371,0.42120,5.00
0.109050,4.991483,0.996664,0.42123,5.00
0.109060,4.990463,0.998091,0.42129,5.00
0.109070,4.989520,0.999678,0.42135,5.00
0.109080,4.988662,1.001413,0.42140,5.00
0.109090,4.987895,1.003281,0.42145,5.00
0.109100,4.987425,1.005268,0.42149,5.00
0.109110,4.987862,1.007261,0.42148,5.00
0.109120,4.988383,1.009180,0.42146,5.00
0.109130,4.988984,1.011013,0.42144,5.00
0.109140,4.989660,1.012746,0.42142,5.00
0.109150,4.990284,1.014368,0.42139,5.00
0.109160,4.990488,1.015926,0.42139,5.00
0.109170,4.990760,1.017449,0.42138,5.00
0.109180,4.991097,1.018925,0.42138,5.00
0.109190,4.991496,1.020345,0.42136,5.00
0.109200,4.992029,1.021698,0.42135,5.00
0.109210,4.992910,1.022939,0.42131,5.00
0.109220,4.993835,1.024038,0.42127,5.00
0.109230,4.994798,1.024987,0.42123,5.00
0.109240,4.995791,1.025780,0.42118,5.00
0.109250,4.996758,1.026413,0.42113,5.00
0.109260,4.997547,1.026907,0.42110,5.00
0.109270,4.998349,1.027273,0.42106,5.00
0.109280,4.999156,1.027510,0.42102,5.00
0.109290,4.999963,1.027619,0.42098,5.00
0.109300,5.000768,1.027598,0.42094,5.00
0.109310,5.001574,1.027448,0.42090,5.00
0.109320,5.002363,1.027169,0.42086,5.00
0.109330,5.003129,1.026764,0.42082,5.00
0.109340,5.003867,1.026239,0.42078,5.00
0.109350,5.004959,1.025596,0.42074,5.00
0.109360,5.007552,1.024656,0.42060,5.00
0.109370,5.010068,1.023304,0.42047,5.00
0.109380,5.012490,1.021554,0.42034,5.00
0.109390,5.014799,1.019420,0.42021,5.00
0.109400,5.016616,1.016922,0.42009,5.00
0.109410,5.016847,1.014256,0.42006,5.00
0.109420,5.016953,1.011557,0.42004,5.00
0.109430,5.016936,1.008847,0.42003,5.00
0.109440,5.016797,1.006145,0.42002,5.00
0.109450,5.016152,1.003470,0.42002,5.00
0.109460,5.013863,1.001027,0.42012,5.00
0.109470,5.011495,0.998953,0.42023,5.00
0.109480,5.009064,0.997260,0.42034,5.00
0.109490,5.006590,0.995959,0.42046,5.00
0.109500,5.004297,0.995055,0.42058,5.00
0.109510,5.002820,0.994452,0.42065,5.00
0.109520,5.001335,0.994085,0.42072,5.00
0.109530,4.999854,0.993957,0.42079,5.00
0.109540,4.998386,0.994065,0.42087,5.00
0.109550,4.997330,0.994406,0.42094,5.00
0.109560,4.997841,0.994792,0.42092,5.00
0.109570,4.998362,0.995096,0.42089,5.00
0.109580,4.998890,0.995316,0.42087,5.00
0.109590,4.999421,0.995452,0.42084,5.00
0.109600,4.999640,0.995503,0.42082,5.00
0.109610,4.998622,0.995618,0.42087,5.00
0.109620,4.997623,0.995895,0.42092,5.00
0.109630,4.996649,0.996331,0.42097,5.00
0.109640,4.995709,0.996922,0.42102,5.00
0.109650,4.995092,0.997661,0.42107,5.00
0.109660,4.995649,0.998407,0.42105,5.00
0.109670,4.996232,0.999062,0.42102,5.00
0.109680,4.996837,0.999623,0.42099,5.00
0.109690,4.997459,1.000087,0.42096,5.00
0.109700,4.997665,1.000451,0.42093,5.00
0.109710,4.996178,1.000918,0.42101,5.00
0.109720,4.994733,1.001621,0.42109,5.00
0.109730,4.993338,1.002554,0.42116,5.00
0.109740,4.992005,1.003707,0.42124,5.00
0.109750,4.991009,1.005071,0.42131,5.00
0.109760,4.991153,1.006505,0.42131,5.00
0.109770,4.991360,1.007914,0.42130,5.00
0.109780,4.991628,1.009287,0.42130,5.00
0.109790,4.991955,1.010614,0.42129,5.00
0.109800,4.992414,1.011887,0.42128,5.00
0.109810,4.993234,1.013059,0.42124,5.00
0.109820,4.994095,1.014098,0.42120,5.00
0.109830,4.994992,1.014998,0.42116,5.00
0.109840,4.995918,1.015753,0.42112,5.00
0.109850,4.996721,1.016359,0.42108,5.00
0.109860,4.996971,1.016881,0.42107,5.00
0.109870,4.997241,1.017362,0.42106,5.00
0.109880,4.997529,1.017800,0.42105,5.00
0.109890,4.997833,1.018190,0.42103,5.00
0.109900,4.998183,1.018531,0.42102,5.00
0.109910,4.998670,1.018805,0.42100,5.00
0.109920,4.999163,1.019001,0.42097,5.00
0.109930,4.999659,1.019118,0.42095,5.00
0.109940,5.000153,1.019156,0.42092,5.00
0.109950,5.000700,1.019115,0.42090,5.00
0.109960,5.001470,1.018968,0.42086,5.00
0.109970,5.002223,1.018698,0.42082,5.00
0.109980,5.002954,1.018308,0.42078,5.00
0.109990,5.003657,1.017803,0.42074,5.00
0.110000,5.004426,1.017186,0.42071,5.00
0.110010,5.005546,1.016417,0.42064,5.00
0.110020,5.006616,1.015470,0.42059,5.00
0.110030,5.007629,1.014354,0.42053,5.00
0.110040,5.008578,1.013079,0.42047,5.00
0.110050,5.009428,1.011655,0.42042,5.00
0.110060,5.010092,1.010107,0.42038,5.00
0.110070,5.010677,1.008456,0.42034,5.00
0.110080,5.011179,1.006715,0.42031,5.00
0.110090,5.011596,1.004897,0.42028,5.00
0.110100,5.012092,1.003016,0.42025,5.00
0.110110,5.013162,1.001006,0.42019,5.00
0.110120,5.014127,0.998830,0.42013,5.00
0.110130,5.014980,0.996503,0.42007,5.00
0.110140,5.015716,0.994045,0.42002,5.00
0.110150,5.015890,0.991475,0.41998,5.00
0.110160,5.014189,0.989023,0.42005,5.00
0.110170,5.012401,0.986846,0.42013,5.00
0.110180,5.010537,0.984960,0.42021,5.00
0.110190,5.008614,0.983374,0.42030,5.00
0.110200,5.006900,0.982098,0.42039,5.00
0.110210,5.006170,0.981017,0.42042,5.00
0.110220,5.005401,0.980054,0.42045,5.00
0.110230,5.004598,0.979215,0.42049,5.00
0.110240,5.003769,0.978506,0.42053,5.00
0.110250,5.002834,0.977932,0.42057,5.00
0.110260,5.001552,0.977534,0.42063,5.00
0.110270,5.000270,0.977342,0.42069,5.00
0.110280,4.998996,0.977354,0.42076,5.00
0.110290,4.997739,0.977570,0.42082,5.00
0.110300,4.996640,0.977986,0.42088,5.00
0.110310,4.996094,0.978536,0.42091,5.00
0.110320,4.995581,0.979171,0.42094,5.00
0.110330,4.995103,0.979887,0.42097,5.00
0.110340,4.994664,0.980678,0.42100,5.00
0.110350,4.994110,0.981537,0.42102,5.00
0.110360,4.992980,0.982533,0.42108,5.00
0.110370,4.991911,0.983708,0.42114,5.00
0.110380,4.990909,0.985052,0.42120,5.00
0.110390,4.989981,0.986552,0.42126,5.00
0.110400,4.989216,0.988198,0.42131,5.00
0.110410,4.988866,0.989936,0.42134,5.00
0.110420,4.988599,0.991727,0.42136,5.00
0.110430,4.988417,0.993557,0.42138,5.00
0.110440,4.988320,0.995413,0.42139,5.00
0.110450,4.988327,0.997280,0.42140,5.00
0.110460,4.988495,0.999137,0.42141,5.00
0.110470,4.988744,1.000964,0.42140,5.00
0.110480,4.989073,1.002747,0.42140,5.00
0.110490,4.989477,1.004474,0.42138,5.00
0.110500,4.990030,1.006134,0.42137,5.00
0.110510,4.990947,1.007678,0.42133,5.00
0.110520,4.991923,1.009073,0.42129,5.00
0.110530,4.992948,1.010310,0.42125,5.00
0.110540,4.994015,1.011381,0.42120,5.00
0.110550,4.995239,1.012279,0.42115,5.00
0.110560,4.996971,1.012942,0.42107,5.00
0.110570,4.998710,1.013327,0.42098,5.00
0.110580,5.000443,1.013434,0.42089,5.00
0.110590,5.002158,1.013264,0.42081,5.00
0.110600,5.003466,1.012821,0.42072,5.00
0.110610,5.003242,1.012290,0.42073,5.00
0.110620,5.002997,1.011796,0.42074,5.00
0.110630,5.002733,1.011342,0.42075,5.00
0.110640,5.002451,1.010931,0.42076,5.00
0.110650,5.002329,1.010565,0.42077,5.00
0.110660,5.002881,1.010165,0.42074,5.00
0.110670,5.003408,1.009676,0.42071,5.00
0.110680,5.003906,1.009105,0.42069,5.00
0.110690,5.004371,1.008455,0.42066,5.00
0.110700,5.004785,1.007733,0.42063,5.00
0.110710,5.005097,1.006951,0.42061,5.00
0.110720,5.005370,1.006120,0.42060,5.00
0.110730,5.005602,1.005247,0.42058,5.00
0.110740,5.005791,1.004340,0.42056,5.00
0.110750,5.005906,1.003403,0.42055,5.00
0.110760,5.005861,1.002460,0.42055,5.00
0.110770,5.005773,1.001526,0.42055,5.00
0.110780,5.005644,1.000607,0.42055,5.00
0.110790,5.005475,0.999711,0.42055,5.00
0.110800,5.005308,0.998843,0.42056,5.00
0.110810,5.005263,0.997991,0.42056,5.00
0.110820,5.005179,0.997148,0.42056,5.00
0.110830,5.005058,0.996320,0.42056,5.00
0.110840,5.004902,0.995513,0.42056,5.00
0.110850,5.004518,0.994732,0.42057,5.00
0.110860,5.003339,0.994076,0.42062,5.00
0.110870,5.002145,0.993609,0.42068,5.00
0.110880,5.000947,0.993333,0.42074,5.00
0.110890,4.999752,0.993249,0.42080,5.00
0.110900,4.998794,0.993356,0.42086,5.00
0.110910,4.998748,0.993544,0.42086,5.00
0.110920,4.998710,0.993739,0.42086,5.00
0.110930,4.998682,0.993939,0.42087,5.00
0.110940,4.998663,0.994143,0.42087,5.00
0.110950,4.998595,0.994351,0.42087,5.00
0.110960,4.998303,0.994587,0.42089,5.00
0.110970,4.998025,0.994870,0.42090,5.00
0.110980,4.997764,0.995196,0.42092,5.00
0.110990,4.997521,0.995564,0.42093,5.00
0.111000,4.997308,0.995970,0.42094,5.00
0.111010,4.997155,0.996406,0.42095,5.00
0.111020,4.997023,0.996865,0.42096,5.00
0.111030,4.996914,0.997345,0.42097,5.00
0.111040,4.996829,0.997841,0.42098,5.00
0.111050,4.996761,0.998349,0.42098,5.00
0.111060,4.996694,0.998870,0.42099,5.00
0.111070,4.996652,0.999400,0.42100,5.00
0.111080,4.996635,0.999936,0.42100,5.00
0.111090,4.996642,1.000473,0.42100,5.00
0.111100,4.996540,1.001009,0.42100,5.00
0.111110,4.995930,1.001602,0.42104,5.00
0.111120,4.995356,1.002292,0.42107,5.00
0.111130,4.994820,1.003071,0.42110,5.00
0.111140,4.994328,1.003935,0.42113,5.00
0.111150,4.994147,1.004876,0.42116,5.00
0.111160,4.995069,1.005758,0.42112,5.00
0.111170,4.996019,1.006492,0.42107,5.00
0.111180,4.996990,1.007073,0.42103,5.00
0.111190,4.997974,1.007498,0.42098,5.00
0.111200,4.998830,1.007765,0.42093,5.00
0.111210,4.999156,1.007937,0.42092,5.00
0.111220,4.999486,1.008058,0.42090,5.00
0.111230,4.999817,1.008125,0.42088,5.00
0.111240,5.000146,1.008139,0.42087,5.00
0.111250,5.000592,1.008101,0.42085,5.00
0.111260,5.001510,1.007954,0.42081,5.00
0.111270,5.002409,1.007660,0.42076,5.00
0.111280,5.003282,1.007223,0.42071,5.00
0.111290,5.004124,1.006648,0.42067,5.00
0.111300,5.004451,1.005939,0.42062,5.00
0.111310,5.002844,1.005333,0.42070,5.00
0.111320,5.001230,1.004983,0.42078,5.00
0.111330,4.999623,1.004892,0.42086,5.00
0.111340,4.998032,1.005058,0.42094,5.00
0.111350,4.996930,1.005476,0.42102,5.00
0.111360,4.997689,1.005923,0.42098,5.00
0.111370,4.998458,1.006248,0.42095,5.00
0.111380,4.999231,1.006450,0.42091,5.00
0.111390,5.000002,1.006528,0.42087,5.00
0.111400,5.000639,1.006482,0.42083,5.00
0.111410,5.000754,1.006377,0.42083,5.00
0.111420,5.000863,1.006253,0.42082,5.00
0.111430,5.000965,1.006112,0.42081,5.00
0.111440,5.001059,1.005955,0.42081,5.00
0.111450,5.001213,1.005783,0.42080,5.00
0.111460,5.001629,1.005565,0.42078,5.00
0.111470,5.002029,1.005281,0.42076,5.00
0.111480,5.002411,1.004934,0.42074,5.00
0.111490,5.002772,1.004527,0.42072,5.00
0.111500,5.003116,1.004063,0.42070,5.00
0.111510,5.003457,1.003543,0.42068,5.00
0.111520,5.003770,1.002969,0.42066,5.00
0.111530,5.004053,1.002347,0.42064,5.00
0.111540,5.004304,1.001681,0.42063,5.00
0.111550,5.004403,1.000976,0.42061,5.00
0.111560,5.003998,1.000295,0.42063,5.00
0.111570,5.003567,0.999679,0.42065,5.00
0.111580,5.003114,0.999134,0.42067,5.00
0.111590,5.002643,0.998661,0.42069,5.00
0.111600,5.001774,0.998265,0.42071,5.00
0.111610,4.999376,0.998130,0.42083,5.00
0.111620,4.997005,0.998379,0.42095,5.00
0.111630,4.994676,0.999005,0.42107,5.00
0.111640,4.992407,1.000001,0.42119,5.00
0.111650,4.990809,1.001357,0.42131,5.00
0.111660,4.991664,1.002775,0.42127,5.00
0.111670,4.992571,1.004054,0.42123,5.00
0.111680,4.993523,1.005185,0.42119,5.00
0.111690,4.994515,1.006163,0.42115,5.00
0.111700,4.995212,1.006981,0.42110,5.00
0.111710,4.994646,1.007790,0.42113,5.00
0.111720,4.994124,1.008687,0.42116,5.00
0.111730,4.993650,1.009666,0.42119,5.00
0.111740,4.993227,1.010718,0.42122,5.00
0.111750,4.993042,1.011836,0.42124,5.00
0.111760,4.993646,1.012922,0.42122,5.00
0.111770,4.994291,1.013910,0.42119,5.00
0.111780,4.994972,1.014793,0.42116,5.00
0.111790,4.995684,1.015565,0.42113,5.00
0.111800,4.996338,1.016223,0.42110,5.00
0.111810,4.996680,1.016801,0.42108,5.00
0.111820,4.997044,1.017324,0.42107,5.00
0.111830,4.997427,1.017787,0.42105,5.00
0.111840,4.997826,1.018189,0.42103,5.00
0.111850,4.998359,1.018526,0.42102,5.00
0.111860,4.999381,1.018738,0.42097,5.00
0.111870,5.000400,1.018787,0.42091,5.00
0.111880,5.001407,1.018674,0.42086,5.00
0.111890,5.002395,1.018399,0.42081,5.00
0.111900,5.003174,1.017968,0.42076,5.00
0.111910,5.003190,1.017472,0.42076,5.00
0.111920,5.003184,1.016974,0.42076,5.00
0.111930,5.003155,1.016479,0.42075,5.00
0.111940,5.003105,1.015988,0.42075,5.00
0.111950,5.003370,1.015507,0.42075,5.00
0.111960,5.004954,1.014876,0.42067,5.00
0.111970,5.006489,1.013993,0.42059,5.00
0.111980,5.007963,1.012868,0.42051,5.00
0.111990,5.009366,1.011509,0.42043,5.00
0.112000,5.010327,1.009930,0.42036,5.00
0.112010,5.009764,1.008315,0.42038,5.00
0.112020,5.009135,1.006794,0.42040,5.00
0.112030,5.008446,1.005376,0.42043,5.00
0.112040,5.007703,1.004070,0.42046,5.00
0.112050,5.007111,1.002886,0.42049,5.00
0.112060,5.007273,1.001733,0.42048,5.00
0.112070,5.007380,1.000558,0.42046,5.00
0.112080,5.007433,0.999367,0.42046,5.00
0.112090,5.007432,0.998170,0.42045,5.00
0.112100,5.007046,0.996976,0.42045,5.00
0.112110,5.005297,0.995951,0.42053,5.00
0.112120,5.003526,0.995207,0.42061,5.00
0.112130,5.001744,0.994747,0.42070,5.00
0.112140,4.999966,0.994572,0.42079,5.00
0.112150,4.998762,0.994682,0.42088,5.00
0.112160,4.999802,0.994804,0.42082,5.00
0.112170,5.000834,0.994760,0.42077,5.00
0.112180,5.001850,0.994552,0.42072,5.00
0.112190,5.002843,0.994182,0.42067,5.00
0.112200,5.003529,0.993655,0.42062,5.00
0.112210,5.003081,0.993108,0.42064,5.00
0.112220,5.002615,0.992633,0.42066,5.00
0.112230,5.002134,0.992234,0.42068,5.00
0.112240,5.001641,0.991912,0.42070,5.00
0.112250,5.001148,0.991669,0.42073,5.00
0.112260,5.000685,0.991503,0.42075,5.00
0.112270,5.000220,0.991412,0.42077,5.00
0.112280,4.999757,0.991394,0.42080,5.00
0.112290,4.999300,0.991451,0.42082,5.00
0.112300,4.998986,0.991581,0.42084,5.00
0.112310,4.999219,0.991717,0.42083,5.00
0.112320,4.999455,0.991816,0.42082,5.00
0.112330,4.999693,0.991877,0.42081,5.00
0.112340,4.999930,0.991900,0.42080,5.00
0.112350,5.000247,0.991885,0.42078,5.00
0.112360,5.000885,0.991793,0.42075,5.00
0.112370,5.001510,0.991601,0.42072,5.00
0.112380,5.002118,0.991308,0.42069,5.00
0.112390,5.002705,0.990920,0.42066,5.00
0.112400,5.003012,0.990438,0.42063,5.00
0.112410,5.002283,0.989990,0.42066,5.00
0.112420,5.001544,0.989659,0.42070,5.00
0.112430,5.000799,0.989447,0.42073,5.00
0.112440,5.000055,0.989354,0.42077,5.00
0.112450,4.999276,0.989380,0.42081,5.00
0.112460,4.998346,0.989543,0.42085,5.00
0.112470,4.997435,0.989855,0.42090,5.00
0.112480,4.996551,0.990311,0.42095,5.00
0.112490,4.995700,0.990907,0.42099,5.00
0.112500,4.995021,0.991638,0.42104,5.00
0.112510,4.994920,0.992433,0.42105,5.00
0.112520,4.994855,0.993243,0.42105,5.00
0.112530,4.994828,0.994061,0.42106,5.00
0.112540,4.994839,0.994882,0.42106,5.00
0.112550,4.994828,0.995700,0.42107,5.00
0.112560,4.994625,0.996537,0.42108,5.00
0.112570,4.994461,0.997404,0.42109,5.00
0.112580,4.994340,0.998296,0.42111,5.00
0.112590,4.994260,0.999206,0.42111,5.00
0.112600,4.994048,1.000127,0.42112,5.00
0.112610,4.993190,1.001135,0.42117,5.00
0.112620,4.992389,1.002278,0.42122,5.00
0.112630,4.991650,1.003547,0.42126,5.00
0.112640,4.990978,1.004931,0.42130,5.00
0.112650,4.990496,1.006420,0.42134,5.00
0.112660,4.990555,1.007945,0.42134,5.00
0.112670,4.990682,1.009458,0.42135,5.00
0.112680,4.990876,1.010947,0.42135,5.00
0.112690,4.991135,1.012403,0.42134,5.00
0.112700,4.991496,1.013815,0.42133,5.00
0.112710,4.992074,1.015153,0.42131,5.00
0.112720,4.992705,1.016397,0.42128,5.00
0.112730,4.993384,1.017537,0.42126,5.00
0.112740,4.994105,1.018567,0.42123,5.00
0.112750,4.995099,1.019480,0.42119,5.00
0.112760,4.997061,1.020158,0.42110,5.00
0.112770,4.999026,1.020520,0.42100,5.00
0.112780,5.000982,1.020569,0.42090,5.00
0.112790,5.002914,1.020305,0.42081,5.00
0.112800,5.004308,1.019734,0.42071,5.00
0.112810,5.003673,1.019101,0.42074,5.00
0.112820,5.003017,1.018570,0.42077,5.00
0.112830,5.002346,1.018145,0.42080,5.00
0.112840,5.001665,1.017828,0.42083,5.00
0.112850,5.001245,1.017620,0.42086,5.00
0.112860,5.001882,1.017394,0.42083,5.00
0.112870,5.002500,1.017066,0.42080,5.00
0.112880,5.003095,1.016641,0.42076,5.00
0.112890,5.003662,1.016121,0.42073,5.00
0.112900,5.004168,1.015512,0.42070,5.00
0.112910,5.004517,1.014833,0.42068,5.00
0.112920,5.004830,1.014100,0.42066,5.00
0.112930,5.005106,1.013318,0.42064,5.00
0.112940,5.005342,1.012494,0.42063,5.00
0.112950,5.005572,1.011633,0.42061,5.00
0.112960,5.005890,1.010727,0.42059,5.00
0.112970,5.006164,1.009772,0.42057,5.00
0.112980,5.006390,1.008775,0.42056,5.00
0.112990,5.006568,1.007743,0.42054,5.00
0.113000,5.006536,1.006686,0.42053,5.00
0.113010,5.005816,1.005686,0.42056,5.00
0.113020,5.005060,1.004804,0.42059,5.00
0.113030,5.004274,1.004044,0.42063,5.00
0.113040,5.003465,1.003411,0.42067,5.00
0.113050,5.002805,1.002908,0.42070,5.00
0.113060,5.002796,1.002457,0.42070,5.00
0.113070,5.002767,1.002009,0.42070,5.00
0.113080,5.002719,1.001567,0.42070,5.00
0.113090,5.002651,1.001133,0.42070,5.00
0.113100,5.002603,1.000710,0.42070,5.00
0.113110,5.002690,1.000284,0.42070,5.00
0.113120,5.002757,0.999845,0.42069,5.00
0.113130,5.002803,0.999396,0.42069,5.00
0.113140,5.002829,0.998940,0.42068,5.00
0.113150,5.002801,0.998482,0.42068,5.00
0.113160,5.002622,0.998039,0.42069,5.00
0.113170,5.002427,0.997625,0.42070,5.00
0.113180,5.002215,0.997243,0.42070,5.00
0.113190,5.001988,0.996896,0.42071,5.00
0.113200,5.001846,0.996586,0.42072,5.00
0.113210,5.002076,0.996268,0.42071,5.00
0.113220,5.002288,0.995915,0.42070,5.00
0.113230,5.002481,0.995528,0.42069,5.00
0.113240,5.002654,0.995111,0.42068,5.00
0.113250,5.002586,0.994668,0.42067,5.00
0.113260,5.001627,0.994306,0.42071,5.00
0.113270,5.000663,0.994098,0.42076,5.00
0.113280,4.999703,0.994044,0.42081,5.00
0.113290,4.998754,0.994144,0.42085,5.00
0.113300,4.997995,0.994394,0.42090,5.00
0.113310,4.997949,0.994710,0.42091,5.00
0.113320,4.997918,0.995033,0.42091,5.00
0.113330,4.997901,0.995360,0.42091,5.00
0.113340,4.997900,0.995689,0.42091,5.00
0.113350,4.998111,0.996018,0.42092,5.00
0.113360,4.999122,0.996249,0.42087,5.00
0.113370,5.000129,0.996318,0.42082,5.00
0.113380,5.001126,0.996227,0.42077,5.00
0.113390,5.002105,0.995977,0.42072,5.00
0.113400,5.002931,0.995571,0.42067,5.00
0.113410,5.003210,0.995077,0.42065,5.00
0.113420,5.003463,0.994538,0.42063,5.00
0.113430,5.003689,0.993960,0.42062,5.00
0.113440,5.003885,0.993348,0.42061,5.00
0.113450,5.003863,0.992705,0.42059,5.00
0.113460,5.003064,0.992127,0.42063,5.00
0.113470,5.002250,0.991678,0.42067,5.00
0.113480,5.001426,0.991360,0.42071,5.00
0.113490,5.000599,0.991173,0.42075,5.00
0.113500,5.000146,0.991119,0.42079,5.00
0.113510,5.001171,0.991019,0.42074,5.00
0.113520,5.002178,0.990756,0.42069,5.00
0.113530,5.003159,0.990333,0.42064,5.00
0.113540,5.004109,0.989753,0.42058,5.00
0.113550,5.004931,0.989024,0.42054,5.00
0.113560,5.005363,0.988193,0.42051,5.00
0.113570,5.005751,0.987295,0.42048,5.00
0.113580,5.006093,0.986337,0.42046,5.00
0.113590,5.006387,0.985326,0.42044,5.00
0.113600,5.006523,0.984270,0.42042,5.00
0.113610,5.006175,0.983229,0.42044,5.00
0.113620,5.005785,0.982246,0.42045,5.00
0.113630,5.005356,0.981327,0.42047,5.00
0.113640,5.004891,0.980479,0.42049,5.00
0.113650,5.004494,0.979706,0.42051,5.00
0.113660,5.004463,0.978967,0.42050,5.00
0.113670,5.004399,0.978234,0.42050,5.00
0.113680,5.004302,0.977513,0.42050,5.00
0.113690,5.004175,0.976808,0.42051,5.00
0.113700,5.003637,0.976126,0.42051,5.00
0.113710,5.001567,0.975652,0.42061,5.00
0.113720,4.999503,0.975509,0.42072,5.00
0.113730,4.997460,0.975696,0.42082,5.00
0.113740,4.995453,0.976208,0.42092,5.00
0.113750,4.993600,0.977040,0.42103,5.00
0.113760,4.992222,0.978133,0.42110,5.00
0.113770,4.990911,0.979443,0.42117,5.00
0.113780,4.989677,0.980960,0.42124,5.00
0.113790,4.988529,0.982672,0.42131,5.00
0.113800,4.987545,0.984563,0.42137,5.00
0.113810,4.986947,0.986584,0.42141,5.00
0.113820,4.986449,0.988697,0.42145,5.00
0.113830,4.986053,0.990885,0.42148,5.00
0.113840,4.985762,0.993133,0.42151,5.00
0.113850,4.985763,0.995423,0.42153,5.00
0.113860,4.986609,0.997648,0.42150,5.00
0.113870,4.987544,0.999734,0.42147,5.00
0.113880,4.988562,1.001667,0.42143,5.00
0.113890,4.989653,1.003435,0.42138,5.00
0.113900,4.990651,1.005024,0.42133,5.00
0.113910,4.991077,1.006502,0.42132,5.00
0.113920,4.991564,1.007910,0.42130,5.00
0.113930,4.992109,1.009236,0.42128,5.00
0.113940,4.992706,1.010474,0.42126,5.00
0.113950,4.993272,1.011613,0.42123,5.00
0.113960,4.993567,1.012686,0.42122,5.00
0.113970,4.993907,1.013709,0.42121,5.00
0.113980,4.994288,1.014676,0.42120,5.00
0.113990,4.994708,1.015580,0.42118,5.00
0.114000,4.995218,1.016416,0.42116,5.00
0.114010,4.995978,1.017151,0.42113,5.00
0.114020,4.996762,1.017763,0.42109,5.00
0.114030,4.997562,1.018249,0.42105,5.00
0.114040,4.998374,1.018606,0.42102,5.00
0.114050,4.999301,1.018833,0.42098,5.00
0.114060,5.000667,1.018876,0.42091,5.00
0.114070,5.002017,1.018701,0.42084,5.00
0.114080,5.003341,1.018311,0.42077,5.00
0.114090,5.004629,1.017710,0.42070,5.00
0.114100,5.005894,1.016905,0.42064,5.00
0.114110,5.007185,1.015894,0.42057,5.00
0.114120,5.008413,1.014678,0.42050,5.00
0.114130,5.009569,1.013269,0.42043,5.00
0.114140,5.010646,1.011677,0.42037,5.00
0.114150,5.011384,1.009918,0.42031,5.00
0.114160,5.011026,1.008124,0.42032,5.00
0.114170,5.010592,1.006391,0.42033,5.00
0.114180,5.010085,1.004731,0.42035,5.00
0.114190,5.009510,1.003154,0.42037,5.00
0.114200,5.008932,1.001672,0.42039,5.00
0.114210,5.008533,1.000267,0.42040,5.00
0.114220,5.008076,0.998927,0.42042,5.00
0.114230,5.007565,0.997663,0.42044,5.00
0.114240,5.007003,0.996483,0.42046,5.00
0.114250,5.006577,0.995394,0.42048,5.00
0.114260,5.006832,0.994318,0.42047,5.00
0.114270,5.007034,0.993203,0.42045,5.00
0.114280,5.007183,0.992058,0.42044,5.00
0.114290,5.007278,0.990891,0.42042,5.00
0.114300,5.007406,0.989712,0.42042,5.00
0.114310,5.007821,0.988487,0.42039,5.00
0.114320,5.008176,0.987198,0.42036,5.00
0.114330,5.008468,0.985855,0.42034,5.00
0.114340,5.008694,0.984468,0.42032,5.00
0.114350,5.008633,0.983048,0.42031,5.00
0.114360,5.007624,0.981712,0.42035,5.00
0.114370,5.006568,0.980539,0.42040,5.00
0.114380,5.005473,0.979536,0.42045,5.00
0.114390,5.004348,0.978711,0.42050,5.00
0.114400,5.003032,0.978067,0.42055,5.00
0.114410,5.001041,0.977687,0.42065,5.00
0.114420,4.999059,0.977626,0.42075,5.00
0.114430,4.997101,0.977881,0.42085,5.00
0.114440,4.995180,0.978448,0.42095,5.00
0.114450,4.993343,0.979321,0.42105,5.00
0.114460,4.991698,0.980474,0.42114,5.00
0.114470,4.990128,0.981888,0.42122,5.00
0.114480,4.988642,0.983550,0.42131,5.00
0.114490,4.987252,0.985445,0.42139,5.00
0.114500,4.986155,0.987559,0.42146,5.00
0.114510,4.985919,0.989783,0.42149,5.00
0.114520,4.985788,0.992041,0.42150,5.00
0.114530,4.985760,0.994315,0.42152,5.00
0.114540,4.985836,0.996590,0.42153,5.00
0.114550,4.985937,0.998848,0.42153,5.00
0.114560,4.985835,1.001110,0.42155,5.00
0.114570,4.985836,1.003384,0.42156,5.00
0.114580,4.985940,1.005653,0.42157,5.00
0.114590,4.986146,1.007902,0.42157,5.00
0.114600,4.986564,1.010113,0.42157,5.00
0.114610,4.987524,1.012217,0.42153,5.00
0.114620,4.988567,1.014164,0.42149,5.00
0.114630,4.989684,1.015941,0.42144,5.00
0.114640,4.990867,1.017536,0.42139,5.00
0.114650,4.992238,1.018940,0.42134,5.00
0.114660,4.994183,1.020079,0.42124,5.00
0.114670,4.996153,1.020906,0.42115,5.00
0.114680,4.998134,1.021417,0.42105,5.00
0.114690,5.000112,1.021611,0.42096,5.00
0.114700,5.001917,1.021489,0.42086,5.00
0.114710,5.003079,1.021128,0.42080,5.00
0.114720,5.004210,1.020583,0.42074,5.00
0.114730,5.005300,1.019859,0.42068,5.00
0.114740,5.006343,1.018961,0.42062,5.00
0.114750,5.007324,1.017899,0.42057,5.00
0.114760,5.008216,1.016685,0.42051,5.00
0.114770,5.009041,1.015331,0.42047,5.00
0.114780,5.009794,1.013847,0.42042,5.00
0.114790,5.010470,1.012247,0.42038,5.00
0.114800,5.011262,1.010541,0.42034,5.00
0.114810,5.012759,1.008649,0.42025,5.00
0.114820,5.014149,1.006522,0.42017,5.00
0.114830,5.015425,1.004177,0.42009,5.00
0.114840,5.016577,1.001633,0.42002,5.00
0.114850,5.017375,0.998910,0.41996,5.00
0.114860,5.017148,0.996136,0.41995,5.00
0.114870,5.016799,0.993404,0.41996,5.00
0.114880,5.016331,0.990733,0.41996,5.00
0.114890,5.015748,0.988142,0.41998,5.00
0.114900,5.015255,0.985649,0.42000,5.00
0.114910,5.015449,0.983176,0.41998,5.00
0.114920,5.015528,0.980676,0.41996,5.00
0.114930,5.015492,0.978169,0.41995,5.00
0.114940,5.015344,0.975673,0.41994,5.00
0.114950,5.015023,0.973205,0.41994,5.00
0.114960,5.014348,0.970813,0.41996,5.00
0.114970,5.013574,0.968533,0.41999,5.00
0.114980,5.012708,0.966381,0.42002,5.00
0.114990,5.011755,0.964372,0.42006,5.00
0.115000,5.010449,0.962519,0.42010,5.00
0.115010,5.007983,0.960966,0.42022,5.00
0.115020,5.005479,0.959809,0.42033,5.00
0.115030,5.002957,0.959054,0.42046,5.00
0.115040,5.000434,0.958703,0.42058,5.00
0.115050,4.997977,0.958755,0.42071,5.00
0.115060,4.995746,0.959184,0.42082,5.00
0.115070,4.993564,0.959969,0.42094,5.00
0.115080,4.991447,0.961099,0.42105,5.00
0.115090,4.989409,0.962566,0.42116,5.00
0.115100,4.987451,0.964355,0.42127,5.00
0.115110,4.985540,0.966458,0.42137,5.00
0.115120,4.983751,0.968862,0.42148,5.00
0.115130,4.982094,0.971546,0.42157,5.00
0.115140,4.980581,0.974490,0.42167,5.00
0.115150,4.979378,0.977670,0.42175,5.00
0.115160,4.978961,0.980985,0.42179,5.00
0.115170,4.978700,0.984361,0.42182,5.00
0.115180,4.978594,0.987772,0.42185,5.00
0.115190,4.978645,0.991193,0.42186,5.00
0.115200,4.978916,0.994600,0.42187,5.00
0.115210,4.979604,0.997935,0.42185,5.00
0.115220,4.980434,1.001155,0.42183,5.00
0.115230,4.981398,1.004236,0.42180,5.00
0.115240,4.982488,1.007157,0.42176,5.00
0.115250,4.983603,1.009899,0.42171,5.00
0.115260,4.984457,1.012487,0.42169,5.00
0.115270,4.985417,1.014934,0.42165,5.00
0.115280,4.986474,1.017223,0.42161,5.00
0.115290,4.987621,1.019339,0.42156,5.00
0.115300,4.988923,1.021268,0.42151,5.00
0.115310,4.990591,1.022962,0.42144,5.00
0.115320,4.992313,1.024386,0.42136,5.00
0.115330,4.994076,1.025533,0.42128,5.00
0.115340,4.995868,1.026396,0.42119,5.00
0.115350,4.997654,1.026971,0.42110,5.00
0.115360,4.999361,1.027267,0.42102,5.00
0.115370,5.001057,1.027290,0.42094,5.00
0.115380,5.002732,1.027042,0.42085,5.00
0.115390,5.004373,1.026528,0.42077,5.00
0.115400,5.006025,1.025752,0.42068,5.00
0.115410,5.007838,1.024697,0.42058,5.00
0.115420,5.009580,1.023354,0.42049,5.00
0.115430,5.011238,1.021736,0.42040,5.00
0.115440,5.012800,1.019857,0.42031,5.00
0.115450,5.014252,1.017732,0.42022,5.00
0.115460,5.015570,1.015380,0.42015,5.00
0.115470,5.016764,1.012823,0.42007,5.00
0.115480,5.017827,1.010080,0.42000,5.00
0.115490,5.018751,1.007173,0.41994,5.00
0.115500,5.019325,1.004125,0.41989,5.00
0.115510,5.018933,1.001056,0.41989,5.00
0.115520,5.018409,0.998055,0.41990,5.00
0.115530,5.017755,0.995144,0.41991,5.00
0.115540,5.016979,0.992343,0.41994,5.00
0.115550,5.016134,0.989671,0.41997,5.00
0.115560,5.015369,0.987124,0.41999,5.00
0.115570,5.014500,0.984703,0.42002,5.00
0.115580,5.013533,0.982426,0.42006,5.00
0.115590,5.012476,0.980308,0.42010,5.00
0.115600,5.011308,0.978362,0.42015,5.00
0.115610,5.009955,0.976616,0.42021,5.00
0.115620,5.008541,0.975088,0.42027,5.00
0.115630,5.007077,0.973790,0.42034,5.00
0.115640,5.005574,0.972727,0.42040,5.00
0.115650,5.003924,0.971907,0.42048,5.00
0.115660,5.001787,0.971389,0.42058,5.00
0.115670,4.999656,0.971213,0.42069,5.00
0.115680,4.997545,0.971378,0.42079,5.00
0.115690,4.995470,0.971879,0.42090,5.00
0.115700,4.993657,0.972710,0.42101,5.00
0.115710,4.992743,0.973761,0.42106,5.00
0.115720,4.991890,0.974956,0.42111,5.00
0.115730,4.991102,0.976286,0.42115,5.00
0.115740,4.990384,0.977738,0.42120,5.00
0.115750,4.989771,0.979303,0.42124,5.00
0.115760,4.989353,0.980952,0.42127,5.00
0.115770,4.989015,0.982666,0.42130,5.00
0.115780,4.988759,0.984430,0.42132,5.00
0.115790,4.988586,0.986232,0.42134,5.00
0.115800,4.988528,0.988058,0.42135,5.00
0.115810,4.988674,0.989880,0.42135,5.00
0.115820,4.988901,0.991676,0.42135,5.00
0.115830,4.989206,0.993431,0.42135,5.00
0.115840,4.989587,0.995135,0.42134,5.00
0.115850,4.989857,0.996775,0.42132,5.00
0.115860,4.989475,0.998426,0.42135,5.00
0.115870,4.989173,1.000136,0.42138,5.00
0.115880,4.988952,1.001890,0.42140,5.00
0.115890,4.988814,1.003676,0.42141,5.00
0.115900,4.989065,1.005481,0.42143,5.00
0.115910,4.990613,1.007144,0.42136,5.00
0.115920,4.992216,1.008557,0.42128,5.00
0.115930,4.993861,1.009711,0.42121,5.00
0.115940,4.995537,1.010601,0.42113,5.00
0.115950,4.996936,1.011222,0.42105,5.00
0.115960,4.997172,1.011712,0.42104,5.00
0.115970,4.997427,1.012164,0.42103,5.00
0.115980,4.997699,1.012575,0.42102,5.00
0.115990,4.997986,1.012941,0.42100,5.00
0.116000,4.998309,1.013260,0.42099,5.00
0.116010,4.998735,1.013520,0.42097,5.00
0.116020,4.999168,1.013711,0.42095,5.00
0.116030,4.999603,1.013833,0.42093,5.00
0.116040,5.000037,1.013885,0.42091,5.00
0.116050,5.000355,1.013868,0.42089,5.00
0.116060,5.000219,1.013836,0.42089,5.00
0.116070,5.000083,1.013825,0.42090,5.00
0.116080,4.999948,1.013837,0.42091,5.00
0.116090,4.999816,1.013869,0.42091,5.00
0.116100,4.999826,1.013923,0.42092,5.00
0.116110,5.000391,1.013930,0.42089,5.00
0.116120,5.000949,1.013847,0.42086,5.00
0.116130,5.001496,1.013675,0.42083,5.00
0.116140,5.002028,1.013417,0.42081,5.00
0.116150,5.002356,1.013073,0.42078,5.00
0.116160,5.001925,1.012738,0.42080,5.00
0.116170,5.001484,1.012471,0.42082,5.00
0.116180,5.001037,1.012276,0.42084,5.00
0.116190,5.000588,1.012152,0.42086,5.00
0.116200,5.000344,1.012099,0.42088,5.00
0.116210,5.000914,1.012021,0.42085,5.00
0.116220,5.001473,1.011851,0.42083,5.00
0.116230,5.002017,1.011593,0.42080,5.00
0.116240,5.002542,1.011248,0.42077,5.00
0.116250,5.003239,1.010820,0.42074,5.00
0.116260,5.004682,1.010219,0.42067,5.00
0.116270,5.006078,1.009390,0.42059,5.00
0.116280,5.007418,1.008339,0.42052,5.00
0.116290,5.008692,1.007076,0.42045,5.00
0.116300,5.009863,1.005613,0.42038,5.00
0.116310,5.010836,1.003975,0.42032,5.00
0.116320,5.011721,1.002184,0.42027,5.00
0.116330,5.012513,1.000257,0.42022,5.00
0.116340,5.013207,0.998206,0.42017,5.00
0.116350,5.013747,0.996049,0.42013,5.00
0.116360,5.013973,0.993827,0.42011,5.00
0.116370,5.014095,0.991573,0.42009,5.00
0.116380,5.014113,0.989303,0.42007,5.00
0.116390,5.014028,0.987036,0.42007,5.00
0.116400,5.013733,0.984786,0.42006,5.00
0.116410,5.012905,0.982623,0.42009,5.00
0.116420,5.011991,0.980595,0.42013,5.00
0.116430,5.010997,0.978718,0.42017,5.00
0.116440,5.009932,0.977003,0.42021,5.00
0.116450,5.008772,0.975461,0.42026,5.00
0.116460,5.007432,0.974118,0.42032,5.00
0.116470,5.006049,0.972990,0.42038,5.00
0.116480,5.004634,0.972086,0.42045,5.00
0.116490,5.003197,0.971409,0.42052,5.00
0.116500,5.001789,0.970963,0.42059,5.00
0.116510,5.000543,0.970730,0.42065,5.00
0.116520,4.999302,0.970695,0.42071,5.00
0.116530,4.998077,0.970859,0.42077,5.00
0.116540,4.996875,0.971218,0.42084,5.00
0.116550,4.995781,0.971768,0.42090,5.00
0.116560,4.995020,0.972469,0.42094,5.00
0.116570,4.994302,0.973289,0.42098,5.00
0.116580,4.993631,0.974222,0.42102,5.00
0.116590,4.993010,0.975261,0.42106,5.00
0.116600,4.992555,0.976397,0.42109,5.00
0.116610,4.992590,0.977569,0.42110,5.00
0.116620,4.992679,0.978732,0.42110,5.00
0.116630,4.992818,0.979880,0.42110,5.00
0.116640,4.993008,0.981003,0.42109,5.00
0.116650,4.992742,0.982094,0.42109,5.00
0.116660,4.990524,0.983387,0.42121,5.00
0.116670,4.988394,0.985030,0.42132,5.00
0.116680,4.986367,0.987011,0.42143,5.00
0.116690,4.984457,0.989311,0.42154,5.00
0.116700,4.983034,0.991911,0.42165,5.00
0.116710,4.983173,0.994619,0.42165,5.00
0.116720,4.983432,0.997300,0.42165,5.00
0.116730,4.983809,0.999933,0.42165,5.00
0.116740,4.984301,1.002502,0.42164,5.00
0.116750,4.984773,1.004988,0.42162,5.00
0.116760,4.984841,1.007434,0.42163,5.00
0.116770,4.985019,1.009865,0.42164,5.00
0.116780,4.985305,1.012262,0.42164,5.00
0.116790,4.985695,1.014610,0.42163,5.00
0.116800,4.986022,1.016890,0.42162,5.00
0.116810,4.985796,1.019167,0.42164,5.00
0.116820,4.985676,1.021475,0.42166,5.00
0.116830,4.985662,1.023797,0.42167,5.00
0.116840,4.985754,1.026117,0.42168,5.00
0.116850,4.986157,1.028418,0.42168,5.00
0.116860,4.987487,1.030583,0.42163,5.00
0.116870,4.988896,1.032532,0.42157,5.00
0.116880,4.990375,1.034253,0.42150,5.00
0.116890,4.991912,1.035734,0.42143,5.00
0.116900,4.993732,1.036966,0.42136,5.00
0.116910,4.996527,1.037830,0.42123,5.00
0.116920,4.999323,1.038247,0.42109,5.00
0.116930,5.002101,1.038216,0.42095,5.00
0.116940,5.004840,1.037742,0.42081,5.00
0.116950,5.007260,1.036833,0.42067,5.00
0.116960,5.008570,1.035621,0.42060,5.00
0.116970,5.009807,1.034204,0.42053,5.00
0.116980,5.010963,1.032591,0.42046,5.00
0.116990,5.012031,1.030797,0.42040,5.00
0.117000,5.013050,1.028836,0.42034,5.00
0.117010,5.014148,1.026701,0.42027,5.00
0.117020,5.015135,1.024395,0.42021,5.00
0.117030,5.016005,1.021936,0.42015,5.00
0.117040,5.016751,1.019342,0.42010,5.00
0.117050,5.017342,1.016635,0.42005,5.00
0.117060,5.017689,1.013847,0.42002,5.00
0.117070,5.017905,1.011010,0.41999,5.00
0.117080,5.017989,1.008143,0.41997,5.00
0.117090,5.017943,1.005269,0.41996,5.00
0.117100,5.017853,1.002407,0.41995,5.00
0.117110,5.017976,0.999537,0.41993,5.00
0.117120,5.017968,0.996654,0.41992,5.00
0.117130,5.017829,0.993777,0.41991,5.00
0.117140,5.017562,0.990928,0.41991,5.00
0.117150,5.016896,0.988127,0.41991,5.00
0.117160,5.015022,0.985525,0.41999,5.00
0.117170,5.013056,0.983227,0.42008,5.00
0.117180,5.011012,0.981248,0.42017,5.00
0.117190,5.008906,0.979598,0.42026,5.00
0.117200,5.006903,0.978287,0.42037,5.00
0.117210,5.005465,0.977251,0.42043,5.00
0.117220,5.003999,0.976446,0.42050,5.00
0.117230,5.002516,0.975876,0.42057,5.00
0.117240,5.001028,0.975545,0.42064,5.00
0.117250,4.999203,0.975451,0.42072,5.00
0.117260,4.996042,0.975758,0.42088,5.00
0.117270,4.992937,0.976568,0.42104,5.00
0.117280,4.989910,0.977873,0.42120,5.00
0.117290,4.986983,0.979657,0.42135,5.00
0.117300,4.984646,0.981906,0.42151,5.00
0.117310,4.984311,0.984372,0.42154,5.00
0.117320,4.984093,0.986887,0.42156,5.00
0.117330,4.983992,0.989432,0.42158,5.00
0.117340,4.984007,0.991989,0.42159,5.00
0.117350,4.983983,0.994538,0.42160,5.00
0.117360,4.983463,0.997136,0.42164,5.00
0.117370,4.983067,0.999811,0.42168,5.00
0.117380,4.982797,1.002545,0.42171,5.00
0.117390,4.982654,1.005316,0.42173,5.00
0.117400,4.982500,1.008105,0.42174,5.00
0.117410,4.981917,1.010958,0.42179,5.00
0.117420,4.981472,1.013898,0.42183,5.00
0.117430,4.981165,1.016903,0.42186,5.00
0.117440,4.980999,1.019952,0.42188,5.00
0.117450,4.981111,1.023021,0.42190,5.00
0.117460,4.981907,1.026022,0.42188,5.00
0.117470,4.982829,1.028890,0.42185,5.00
0.117480,4.983868,1.031606,0.42181,5.00
0.117490,4.985016,1.034150,0.42176,5.00
0.117500,4.986128,1.036507,0.42172,5.00
0.117510,4.986797,1.038724,0.42169,5.00
0.117520,4.987557,1.040830,0.42167,5.00
0.117530,4.988401,1.042811,0.42164,5.00
0.117540,4.989325,1.044653,0.42160,5.00
0.117550,4.990563,1.046344,0.42156,5.00
0.117560,4.992832,1.047756,0.42145,5.00
0.117570,4.995134,1.048803,0.42134,5.00
0.117580,4.997453,1.049481,0.42123,5.00
0.117590,4.999771,1.049787,0.42111,5.00
0.117600,5.001955,1.049722,0.42100,5.00
0.117610,5.003638,1.049347,0.42091,5.00
0.117620,5.005282,1.048704,0.42083,5.00
0.117630,5.006874,1.047800,0.42074,5.00
0.117640,5.008404,1.046643,0.42066,5.00
0.117650,5.010076,1.045244,0.42058,5.00
0.117660,5.012517,1.043512,0.42045,5.00
0.117670,5.014847,1.041394,0.42032,5.00
0.117680,5.017050,1.038908,0.42019,5.00
0.117690,5.019111,1.036076,0.42007,5.00
0.117700,5.021022,1.032920,0.41996,5.00
0.117710,5.022792,1.029463,0.41985,5.00
0.117720,5.024381,1.025730,0.41975,5.00
0.117730,5.025780,1.021750,0.41966,5.00
0.117740,5.026980,1.017555,0.41958,5.00
0.117750,5.027886,1.013177,0.41950,5.00
0.117760,5.028232,1.008691,0.41946,5.00
0.117770,5.028371,1.004158,0.41943,5.00
0.117780,5.028302,0.999611,0.41941,5.00
0.117790,5.028029,0.995084,0.41940,5.00
0.117800,5.027603,0.990610,0.41940,5.00
0.117810,5.027176,0.986196,0.41940,5.00
0.117820,5.026554,0.981859,0.41940,5.00
0.117830,5.025745,0.977630,0.41942,5.00
0.117840,5.024755,0.973538,0.41945,5.00
0.117850,5.023383,0.969612,0.41949,5.00
0.117860,5.021012,0.965979,0.41958,5.00
0.117870,5.018508,0.962733,0.41969,5.00
0.117880,5.015892,0.959892,0.41981,5.00
0.117890,5.013181,0.957474,0.41993,5.00
0.117900,5.010748,0.955493,0.42006,5.00
0.117910,5.009653,0.953792,0.42011,5.00
0.117920,5.008495,0.952269,0.42016,5.00
0.117930,5.007283,0.950935,0.42021,5.00
0.117940,5.006028,0.949796,0.42027,5.00
0.117950,5.004678,0.948860,0.42033,5.00
0.117960,5.003065,0.948161,0.42040,5.00
0.117970,5.001443,0.947720,0.42048,5.00
0.117980,4.999822,0.947540,0.42056,5.00
0.117990,4.998215,0.947618,0.42064,5.00
0.118000,4.996337,0.947954,0.42073,5.00
0.118010,4.993326,0.948682,0.42088,5.00
0.118020,4.990388,0.949890,0.42103,5.00
0.118030,4.987545,0.951564,0.42119,5.00
0.118040,4.984815,0.953689,0.42134,5.00
0.118050,4.982366,0.956246,0.42148,5.00
0.118060,4.980658,0.959141,0.42158,5.00
0.118070,4.979103,0.962303,0.42168,5.00
0.118080,4.977712,0.965707,0.42176,5.00
0.118090,4.976493,0.969327,0.42185,5.00
0.118100,4.975254,0.973134,0.42192,5.00
0.118110,4.973403,0.977196,0.42203,5.00
0.118120,4.971760,0.981546,0.42214,5.00
0.118130,4.970337,0.986150,0.42224,5.00
0.118140,4.969140,0.990972,0.42232,5.00
0.118150,4.968284,0.995975,0.42240,5.00
0.118160,4.968087,1.001072,0.42244,5.00
0.118170,4.968122,1.006190,0.42246,5.00
0.118180,4.968389,1.011293,0.42248,5.00
0.118190,4.968884,1.016344,0.42248,5.00
0.118200,4.969740,1.021305,0.42247,5.00
0.118210,4.971367,1.026076,0.42241,5.00
0.118220,4.973189,1.030578,0.42235,5.00
0.118230,4.975189,1.034781,0.42227,5.00
0.118240,4.977353,1.038656,0.42218,5.00
0.118250,4.979498,1.042178,0.42209,5.00
0.118260,4.981113,1.045405,0.42202,5.00
0.118270,4.982852,1.048368,0.42195,5.00
0.118280,4.984702,1.051047,0.42187,5.00
0.118290,4.986648,1.053426,0.42179,5.00
0.118300,4.988755,1.055489,0.42170,5.00
0.118310,4.991242,1.057187,0.42158,5.00
0.118320,4.993772,1.058485,0.42146,5.00
0.118330,4.996327,1.059377,0.42134,5.00
0.118340,4.998888,1.059858,0.42121,5.00
0.118350,5.001400,1.059930,0.42108,5.00
0.118360,5.003735,1.059613,0.42097,5.00
0.118370,5.006024,1.058924,0.42085,5.00
0.118380,5.008251,1.057871,0.42073,5.00
0.118390,5.010401,1.056464,0.42061,5.00
0.118400,5.012759,1.054716,0.42050,5.00
0.118410,5.016202,1.052500,0.42032,5.00
0.118420,5.019499,1.049738,0.42014,5.00
0.118430,5.022627,1.046455,0.41996,5.00
0.118440,5.025565,1.042680,0.41979,5.00
0.118450,5.027949,1.038443,0.41963,5.00
0.118460,5.028747,1.033943,0.41957,5.00
0.118470,5.029331,1.029324,0.41951,5.00
0.118480,5.029698,1.024621,0.41947,5.00
0.118490,5.029848,1.019868,0.41944,5.00
0.118500,5.030082,1.015100,0.41941,5.00
0.118510,5.031298,1.010208,0.41933,5.00
0.118520,5.032277,1.005131,0.41925,5.00
0.118530,5.033013,0.999907,0.41918,5.00
0.118540,5.033502,0.994577,0.41913,5.00
0.118550,5.033523,0.989178,0.41909,5.00
0.118560,5.032424,0.983857,0.41911,5.00
0.118570,5.031099,0.978721,0.41915,5.00
0.118580,5.029559,0.973807,0.41920,5.00
0.118590,5.027818,0.969148,0.41927,5.00
0.118600,5.025821,0.964776,0.41934,5.00
0.118610,5.023387,0.960752,0.41944,5.00
0.118620,5.020803,0.957124,0.41955,5.00
0.118630,5.018089,0.953916,0.41967,5.00
0.118640,5.015267,0.951147,0.41979,5.00
0.118650,5.012379,0.948834,0.41993,5.00
0.118660,5.009510,0.946979,0.42006,5.00
0.118670,5.006595,0.945586,0.42020,5.00
0.118680,5.003657,0.944661,0.42034,5.00
0.118690,5.000717,0.944206,0.42049,5.00
0.118700,4.997779,0.944222,0.42063,5.00
0.118710,4.994820,0.944711,0.42079,5.00
0.118720,4.991923,0.945671,0.42094,5.00
0.118730,4.989109,0.947093,0.42109,5.00
0.118740,4.986396,0.948960,0.42123,5.00
0.118750,4.983844,0.951257,0.42137,5.00
0.118760,4.981586,0.953944,0.42150,5.00
0.118770,4.979479,0.956987,0.42162,5.00
0.118780,4.977539,0.960360,0.42174,5.00
0.118790,4.975777,0.964036,0.42185,5.00
0.118800,4.974052,0.967987,0.42195,5.00
0.118810,4.971919,0.972254,0.42208,5.00
0.118820,4.970008,0.976853,0.42220,5.00
0.118830,4.968330,0.981749,0.42231,5.00
0.118840,4.966897,0.986903,0.42241,5.00
0.118850,4.965922,0.992275,0.42250,5.00
0.118860,4.966027,0.997727,0.42252,5.00
0.118870,4.966378,1.003151,0.42254,5.00
0.118880,4.966969,1.008510,0.42254,5.00
0.118890,4.967795,1.013763,0.42252,5.00
0.118900,4.969058,1.018875,0.42250,5.00
0.118910,4.971376,1.023708,0.42241,5.00
0.118920,4.973882,1.028161,0.42231,5.00
0.118930,4.976555,1.032207,0.42219,5.00
0.118940,4.979376,1.035818,0.42207,5.00
0.118950,4.982059,1.038972,0.42194,5.00
0.118960,4.983798,1.041776,0.42187,5.00
0.118970,4.985641,1.044298,0.42179,5.00
0.118980,4.987573,1.046520,0.42171,5.00
0.118990,4.989581,1.048430,0.42162,5.00
0.119000,4.991941,1.050015,0.42152,5.00
0.119010,4.995509,1.051127,0.42135,5.00
0.119020,4.999080,1.051667,0.42117,5.00
0.119030,5.002628,1.051637,0.42099,5.00
0.119040,5.006126,1.051040,0.42082,5.00
0.119050,5.009279,1.049887,0.42064,5.00
0.119060,5.011254,1.048319,0.42053,5.00
0.119070,5.013132,1.046439,0.42042,5.00
0.119080,5.014899,1.044263,0.42032,5.00
0.119090,5.016545,1.041810,0.42023,5.00
0.119100,5.017947,1.039098,0.42014,5.00
0.119110,5.018773,1.036202,0.42008,5.00
0.119120,5.019456,1.033180,0.42003,5.00
0.119130,5.019994,1.030055,0.41999,5.00
0.119140,5.020383,1.026850,0.41995,5.00
0.119150,5.020898,1.023589,0.41992,5.00
0.119160,5.022360,1.020163,0.41983,5.00
0.119170,5.023646,1.016510,0.41974,5.00
0.119180,5.024751,1.012660,0.41967,5.00
0.119190,5.025666,1.008640,0.41960,5.00
0.119200,5.026223,1.004482,0.41954,5.00
0.119210,5.025932,1.000296,0.41953,5.00
0.119220,5.025456,0.996164,0.41953,5.00
0.119230,5.024799,0.992116,0.41954,5.00
0.119240,5.023968,0.988181,0.41956,5.00
0.119250,5.023036,0.984385,0.41959,5.00
0.119260,5.022208,0.980725,0.41961,5.00
0.119270,5.021224,0.977204,0.41964,5.00
0.119280,5.020095,0.973847,0.41968,5.00
0.119290,5.018829,0.970676,0.41973,5.00
0.119300,5.017327,0.967714,0.41978,5.00
0.119310,5.015277,0.965031,0.41987,5.00
0.119320,5.013133,0.962682,0.41997,5.00
0.119330,5.010912,0.960678,0.42007,5.00
0.119340,5.008629,0.959034,0.42017,5.00
0.119350,5.006371,0.957756,0.42028,5.00
0.119360,5.004353,0.956820,0.42038,5.00
0.119370,5.002319,0.956208,0.42048,5.00
0.119380,5.000286,0.955922,0.42058,5.00
0.119390,4.998266,0.955960,0.42068,5.00
0.119400,4.996414,0.956322,0.42078,5.00
0.119410,4.995149,0.956934,0.42085,5.00
0.119420,4.993929,0.957747,0.42091,5.00
0.119430,4.992762,0.958753,0.42098,5.00
0.119440,4.991657,0.959943,0.42104,5.00
0.119450,4.990521,0.961308,0.42110,5.00
0.119460,4.989070,0.962883,0.42118,5.00
0.119470,4.987710,0.964687,0.42126,5.00
0.119480,4.986449,0.966704,0.42133,5.00
0.119490,4.985297,0.968919,0.42140,5.00
0.119500,4.984476,0.971314,0.42147,5.00
0.119510,4.984632,0.973766,0.42147,5.00
0.119520,4.984898,0.976189,0.42147,5.00
0.119530,4.985269,0.978564,0.42147,5.00
0.119540,4.985743,0.980877,0.42146,5.00
0.119550,4.985878,0.983109,0.42144,5.00
0.119560,4.984377,0.985455,0.42153,5.00
0.119570,4.983002,0.988036,0.42161,5.00
0.119580,4.981762,0.990832,0.42169,5.00
0.119590,4.980666,0.993820,0.42176,5.00
0.119600,4.979898,0.996977,0.42183,5.00
0.119610,4.979992,1.000193,0.42184,5.00
0.119620,4.980231,1.003388,0.42184,5.00
0.119630,4.980611,1.006540,0.42184,5.00
0.119640,4.981128,1.009624,0.42183,5.00
0.119650,4.981532,1.012620,0.42182,5.00
0.119660,4.981086,1.015624,0.42185,5.00
0.119670,4.980782,1.018694,0.42189,5.00
0.119680,4.980621,1.021806,0.42191,5.00
0.119690,4.980604,1.024938,0.42193,5.00
0.119700,4.980979,1.028067,0.42194,5.00
0.119710,4.982492,1.031049,0.42188,5.00
0.119720,4.984119,1.033783,0.42181,5.00
0.119730,4.985848,1.036253,0.42174,5.00
0.119740,4.987666,1.038443,0.42166,5.00
0.119750,4.989492,1.040337,0.42158,5.00
0.119760,4.991119,1.041958,0.42150,5.00
0.119770,4.992798,1.043316,0.42143,5.00
0.119780,4.994515,1.044403,0.42135,5.00
0.119790,4.996258,1.045214,0.42126,5.00
0.119800,4.998036,1.045746,0.42118,5.00
0.119810,4.999897,1.045985,0.42109,5.00
0.119820,5.001744,1.045928,0.42099,5.00
0.119830,5.003563,1.045575,0.42090,5.00
0.119840,5.005343,1.044933,0.42081,5.00
0.119850,5.006868,1.044008,0.42071,5.00
0.119860,5.007531,1.042905,0.42068,5.00
0.119870,5.008135,1.041699,0.42064,5.00
0.119880,5.008677,1.040398,0.42060,5.00
0.119890,5.009152,1.039013,0.42057,5.00
0.119900,5.009950,1.037555,0.42054,5.00
0.119910,5.012226,1.035847,0.42042,5.00
0.119920,5.014394,1.033779,0.42030,5.00
0.119930,5.016440,1.031370,0.42018,5.00
0.119940,5.018349,1.028638,0.42007,5.00
0.119950,5.019977,1.025607,0.41997,5.00
0.119960,5.020923,1.022364,0.41990,5.00
0.119970,5.021709,1.018976,0.41985,5.00
0.119980,5.022331,1.015470,0.41980,5.00
0.119990,5.022786,1.011870,0.41975,5.00
0.120000,5.027536,1.008206,0.41972,10.00
0.120010,5.049862,1.002360,0.41857,10.00
0.120020,5.071725,0.992959,0.41742,10.00
0.120030,5.092966,0.980083,0.41629,10.00
0.120040,5.113436,0.963838,0.41518,10.00
0.120050,5.133003,0.944353,0.41409,10.00
0.120060,5.151583,0.921774,0.41304,10.00
0.120070,5.168973,0.896271,0.41203,10.00
0.120080,5.185052,0.868038,0.41107,10.00
0.120090,5.199708,0.837291,0.41017,10.00
0.120100,5.213073,0.804262,0.40934,10.00
0.120110,5.225750,0.769088,0.40851,10.00
0.120120,5.236720,0.731956,0.40776,10.00
0.120130,5.245908,0.693145,0.40709,10.00
0.120140,5.253255,0.652942,0.40651,10.00
0.120150,5.258833,0.611644,0.40601,10.00
0.120160,5.262962,0.569498,0.40558,10.00
0.120170,5.265144,0.526776,0.40524,10.00
0.120180,5.265370,0.483789,0.40499,10.00
0.120190,5.263644,0.440852,0.40485,10.00
0.120200,5.259657,0.398277,0.40480,10.00
0.120210,5.252461,0.356528,0.40494,10.00
0.120220,5.243436,0.316013,0.40517,10.00
0.120230,5.232655,0.277022,0.40550,10.00
0.120240,5.220201,0.239832,0.40593,10.00
0.120250,5.206301,0.204707,0.40644,10.00
0.120260,5.191449,0.171834,0.40701,10.00
0.120270,5.175238,0.141401,0.40766,10.00
0.120280,5.157792,0.113622,0.40838,10.00
0.120290,5.139241,0.088688,0.40918,10.00
0.120300,5.119882,0.066771,0.41004,10.00
0.120310,5.100328,0.047944,0.41092,10.00
0.120320,5.080095,0.032283,0.41185,10.00
0.120330,5.059332,0.019890,0.41283,10.00
0.120340,5.038192,0.010843,0.41384,10.00
0.120350,5.016335,0.005197,0.41489,10.00
0.120360,4.992446,0.003217,0.41608,10.00
0.120370,4.968680,0.005064,0.41728,10.00
0.120380,4.945209,0.010709,0.41849,10.00
0.120390,4.922203,0.020100,0.41970,10.00
0.120400,4.899800,0.033153,0.42089,10.00
0.120410,4.878078,0.049774,0.42207,10.00
0.120420,4.857303,0.069840,0.42323,10.00
0.120430,4.837623,0.093191,0.42434,10.00
0.120440,4.819176,0.119646,0.42541,10.00
0.120450,4.802394,0.149003,0.42643,10.00
0.120460,4.788289,0.180893,0.42732,10.00
0.120470,4.775756,0.214979,0.42813,10.00
0.120480,4.764880,0.251006,0.42888,10.00
0.120490,4.755734,0.288706,0.42954,10.00
0.120500,4.748448,0.327798,0.43012,10.00
0.120510,4.743272,0.367960,0.43061,10.00
0.120520,4.739963,0.408875,0.43100,10.00
0.120530,4.738539,0.450243,0.43129,10.00
0.120540,4.739004,0.491762,0.43150,10.00
0.120550,4.741240,0.533128,0.43161,10.00
0.120560,4.744905,0.574095,0.43165,10.00
0.120570,4.750395,0.614398,0.43160,10.00
0.120580,4.757664,0.653749,0.43145,10.00
0.120590,4.766652,0.691864,0.43121,10.00
0.120600,4.777211,0.728470,0.43087,10.00
0.120610,4.789024,0.763345,0.43047,10.00
0.120620,4.802313,0.796265,0.42999,10.00
0.120630,4.816976,0.827000,0.42942,10.00
0.120640,4.832903,0.855333,0.42878,10.00
0.120650,4.849787,0.881066,0.42806,10.00
0.120660,4.866942,0.904112,0.42733,10.00
0.120670,4.884989,0.924372,0.42654,10.00
0.120680,4.903795,0.941709,0.42569,10.00
0.120690,4.923220,0.956008,0.42480,10.00
0.120700,4.943241,0.967175,0.42386,10.00
0.120710,4.964075,0.975081,0.42286,10.00
0.120720,4.985081,0.979643,0.42183,10.00
0.120730,5.006108,0.980839,0.42079,10.00
0.120740,5.027001,0.978672,0.41973,10.00
0.120750,5.047724,0.973170,0.41867,10.00
0.120760,5.068462,0.964331,0.41758,10.00
0.120770,5.088614,0.952194,0.41650,10.00
0.120780,5.108037,0.936860,0.41545,10.00
0.120790,5.126592,0.918451,0.41442,10.00
0.120800,5.144139,0.897112,0.41342,10.00
0.120810,5.160529,0.873013,0.41247,10.00
0.120820,5.175680,0.846341,0.41157,10.00
0.120830,5.189488,0.817299,0.41072,10.00
0.120840,5.201855,0.786107,0.40993,10.00
0.120850,5.212711,0.752999,0.40921,10.00
0.120860,5.222018,0.718216,0.40855,10.00
0.120870,5.229666,0.682013,0.40797,10.00
0.120880,5.235604,0.644659,0.40747,10.00
0.120890,5.239795,0.606428,0.40706,10.00
0.120900,5.242516,0.567603,0.40672,10.00
0.120910,5.244648,0.528322,0.40640,10.00
0.120920,5.244980,0.488778,0.40617,10.00
0.120930,5.243516,0.449259,0.40603,10.00
0.120940,5.240273,0.410051,0.40598,10.00
0.120950,5.234788,0.371439,0.40603,10.00
0.120960,5.225636,0.333938,0.40628,10.00
0.120970,5.214866,0.297974,0.40663,10.00
0.120980,5.202560,0.263803,0.40706,10.00
0.120990,5.188814,0.231667,0.40758,10.00
0.121000,5.173823,0.201792,0.40817,10.00
0.121010,5.157969,0.174344,0.40882,10.00
0.121020,5.141012,0.149485,0.40953,10.00
0.121030,5.123078,0.127388,0.41031,10.00
0.121040,5.104301,0.108202,0.41115,10.00
0.121050,5.084820,0.092057,0.41204,10.00
0.121060,5.064773,0.079061,0.41298,10.00
0.121070,5.044316,0.069296,0.41395,10.00
0.121080,5.023598,0.062823,0.41496,10.00
0.121090,5.002770,0.059677,0.41599,10.00
0.121100,4.982162,0.059869,0.41703,10.00
0.121110,4.962447,0.063301,0.41804,10.00
0.121120,4.943064,0.069881,0.41905,10.00
0.121130,4.924152,0.079549,0.42005,10.00
0.121140,4.905846,0.092224,0.42104,10.00
0.121150,4.888281,0.107804,0.42201,10.00
0.121160,4.871590,0.126163,0.42295,10.00
0.121170,4.855880,0.147158,0.42385,10.00
0.121180,4.841262,0.170626,0.42471,10.00
0.121190,4.827838,0.196388,0.42553,10.00
0.121200,4.815449,0.224248,0.42629,10.00
0.121210,4.803424,0.254119,0.42705,10.00
0.121220,4.792861,0.285857,0.42776,10.00
0.121230,4.783831,0.319224,0.42839,10.00
0.121240,4.776394,0.353972,0.42896,10.00
0.121250,4.770769,0.389844,0.42944,10.00
0.121260,4.767496,0.426494,0.42981,10.00
0.121270,4.765914,0.463598,0.43009,10.00
0.121280,4.766029,0.500885,0.43029,10.00
0.121290,4.767833,0.538084,0.43040,10.00
0.121300,4.771426,0.574924,0.43043,10.00
0.121310,4.777124,0.611083,0.43034,10.00
0.121320,4.784411,0.646262,0.43017,10.00
0.121330,4.793229,0.680210,0.42992,10.00
0.121340,4.803507,0.712685,0.42958,10.00
0.121350,4.815139,0.743455,0.42916,10.00
0.121360,4.827950,0.772316,0.42868,10.00
0.121370,4.841956,0.799074,0.42812,10.00
0.121380,4.857051,0.823543,0.42750,10.00
0.121390,4.873121,0.845553,0.42682,10.00
0.121400,4.889892,0.864952,0.42607,10.00
0.121410,4.906780,0.881682,0.42532,10.00
0.121420,4.924277,0.895681,0.42452,10.00
0.121430,4.942253,0.906856,0.42368,10.00
0.121440,4.960575,0.915137,0.42281,10.00
0.121450,4.979107,0.920472,0.42191,10.00
0.121460,4.997699,0.922837,0.42099,10.00
0.121470,5.016233,0.922226,0.42006,10.00
0.121480,5.034574,0.918653,0.41912,10.00
0.121490,5.052590,0.912155,0.41818,10.00
0.121500,5.070084,0.902789,0.41725,10.00
0.121510,5.086725,0.890668,0.41635,10.00
0.121520,5.102668,0.875909,0.41547,10.00
0.121530,5.117801,0.858631,0.41462,10.00
0.121540,5.132015,0.838967,0.41380,10.00
0.121550,5.145566,0.817069,0.41302,10.00
0.121560,5.159415,0.792933,0.41219,10.00
0.121570,5.172048,0.766631,0.41142,10.00
0.121580,5.183375,0.738360,0.41070,10.00
0.121590,5.193319,0.708334,0.41003,10.00
0.121600,5.201605,0.676776,0.40944,10.00
0.121610,5.207553,0.644022,0.40896,10.00
0.121620,5.211963,0.610381,0.40856,10.00
0.121630,5.214809,0.576101,0.40823,10.00
0.121640,5.216075,0.541432,0.40798,10.00
0.121650,5.215823,0.506628,0.40781,10.00
0.121660,5.214261,0.471912,0.40770,10.00
0.121670,5.211137,0.437513,0.40767,10.00
0.121680,5.206482,0.403680,0.40772,10.00
0.121690,5.200334,0.370658,0.40784,10.00
0.121700,5.192710,0.338684,0.40805,10.00
0.121710,5.183568,0.308002,0.40834,10.00
0.121720,5.173117,0.278842,0.40871,10.00
0.121730,5.161436,0.251410,0.40915,10.00
0.121740,5.148616,0.225900,0.40965,10.00
0.121750,5.134795,0.202490,0.41022,10.00
0.121760,5.120205,0.181323,0.41084,10.00
0.121770,5.104785,0.162530,0.41151,10.00
0.121780,5.088650,0.146240,0.41223,10.00
0.121790,5.071921,0.132562,0.41300,10.00
0.121800,5.054572,0.121587,0.41380,10.00
0.121810,5.036292,0.113456,0.41467,10.00
0.121820,5.017806,0.108264,0.41557,10.00
0.121830,4.999249,0.106039,0.41649,10.00
0.121840,4.980757,0.106787,0.41743,10.00
0.121850,4.962624,0.110491,0.41836,10.00
0.121860,4.945465,0.117037,0.41926,10.00
0.121870,4.928756,0.126316,0.42015,10.00
0.121880,4.912616,0.138249,0.42103,10.00
0.121890,4.897160,0.152742,0.42188,10.00
0.121900,4.882539,0.169679,0.42271,10.00
0.121910,4.868973,0.188910,0.42350,10.00
0.121920,4.856400,0.210275,0.42424,10.00
0.121930,4.844907,0.233610,0.42495,10.00
0.121940,4.834575,0.258739,0.42560,10.00
0.121950,4.825500,0.285473,0.42621,10.00
0.121960,4.817821,0.313600,0.42675,10.00
0.121970,4.811485,0.342902,0.42722,10.00
0.121980,4.806535,0.373161,0.42764,10.00
0.121990,4.803000,0.404155,0.42799,10.00
0.122000,4.800856,0.435656,0.42826,10.00
0.122010,4.799973,0.467455,0.42848,10.00
0.122020,4.800539,0.499336,0.42863,10.00
0.122030,4.802546,0.531065,0.42870,10.00
0.122040,4.805974,0.562414,0.42870,10.00
0.122050,4.810784,0.593155,0.42863,10.00
0.122060,4.816906,0.623072,0.42848,10.00
0.122070,4.824331,0.651953,0.42827,10.00
0.122080,4.833000,0.679593,0.42799,10.00
0.122090,4.842845,0.705794,0.42764,10.00
0.122100,4.853691,0.730372,0.42722,10.00
0.122110,4.865159,0.753201,0.42677,10.00
0.122120,4.877561,0.774152,0.42626,10.00
0.122130,4.890802,0.793082,0.42570,10.00
0.122140,4.904784,0.809858,0.42509,10.00
0.122150,4.919394,0.824367,0.42444,10.00
0.122160,4.934499,0.836515,0.42375,10.00
0.122170,4.950020,0.846226,0.42303,10.00
0.122180,4.965843,0.853437,0.42227,10.00
0.122190,4.981853,0.858104,0.42149,10.00
0.122200,4.998070,0.860203,0.42070,10.00
0.122210,5.014789,0.859662,0.41986,10.00
0.122220,5.031335,0.856448,0.41901,10.00
0.122230,5.047588,0.850596,0.41817,10.00
0.122240,5.063431,0.842157,0.41733,10.00
0.122250,5.078677,0.831202,0.41650,10.00
0.122260,5.092997,0.817854,0.41571,10.00
0.122270,5.106585,0.802242,0.41494,10.00
0.122280,5.119344,0.784489,0.41421,10.00
0.122290,5.131184,0.764730,0.41351,10.00
0.122300,5.142101,0.743116,0.41285,10.00
0.122310,5.152250,0.719774,0.41221,10.00
0.122320,5.161250,0.694855,0.41162,10.00
0.122330,5.169040,0.668546,0.41109,10.00
0.122340,5.175568,0.641042,0.41061,10.00
0.122350,5.180971,0.612547,0.41020,10.00
0.122360,5.185754,0.583186,0.40980,10.00
0.122370,5.189162,0.553118,0.40946,10.00
0.122380,5.191177,0.522564,0.40920,10.00
0.122390,5.191788,0.491746,0.40900,10.00
0.122400,5.190683,0.460891,0.40887,10.00
0.122410,5.186941,0.430373,0.40889,10.00
0.122420,5.181848,0.400513,0.40899,10.00
0.122430,5.175446,0.371525,0.40915,10.00
0.122440,5.167787,0.343617,0.40938,10.00
0.122450,5.158947,0.316989,0.40968,10.00
0.122460,5.149045,0.291820,0.41004,10.00
0.122470,5.138090,0.268283,0.41046,10.00
0.122480,5.126165,0.246544,0.41094,10.00
0.122490,5.113361,0.226755,0.41148,10.00
0.122500,5.099677,0.209051,0.41207,10.00
0.122510,5.084932,0.193601,0.41272,10.00
0.122520,5.069618,0.180539,0.41342,10.00
0.122530,5.053848,0.169952,0.41415,10.00
0.122540,5.037738,0.161907,0.41492,10.00
0.122550,5.021644,0.156454,0.41571,10.00
0.122560,5.006392,0.153510,0.41646,10.00
0.122570,4.991143,0.153011,0.41722,10.00
0.122580,4.976006,0.154953,0.41799,10.00
0.122590,4.961093,0.159312,0.41876,10.00
0.122600,4.946451,0.166048,0.41953,10.00
0.122610,4.932016,0.175131,0.42030,10.00
0.122620,4.918121,0.186506,0.42106,10.00
0.122630,4.904865,0.200082,0.42180,10.00
0.122640,4.892342,0.215752,0.42252,10.00
0.122650,4.880589,0.233396,0.42320,10.00
0.122660,4.869530,0.252902,0.42386,10.00
0.122670,4.859453,0.274140,0.42448,10.00
0.122680,4.850429,0.296949,0.42506,10.00
0.122690,4.842519,0.321159,0.42559,10.00
0.122700,4.836007,0.346587,0.42607,10.00
0.122710,4.831621,0.372934,0.42643,10.00
0.122720,4.828468,0.399934,0.42674,10.00
0.122730,4.826568,0.427386,0.42698,10.00
0.122740,4.825929,0.455090,0.42717,10.00
0.122750,4.826483,0.482844,0.42729,10.00
0.122760,4.828014,0.510479,0.42736,10.00
0.122770,4.830784,0.537817,0.42737,10.00
0.122780,4.834769,0.564660,0.42732,10.00
0.122790,4.839935,0.590815,0.42720,10.00
0.122800,4.845982,0.616095,0.42702,10.00
0.122810,4.852084,0.640442,0.42685,10.00
0.122820,4.859237,0.663768,0.42662,10.00
0.122830,4.867383,0.685906,0.42633,10.00
0.122840,4.876460,0.706699,0.42599,10.00
0.122850,4.886495,0.726001,0.42560,10.00
0.122860,4.897696,0.743631,0.42513,10.00
0.122870,4.909596,0.759437,0.42462,10.00
0.122880,4.922107,0.773310,0.42407,10.00
0.122890,4.935136,0.785157,0.42348,10.00
0.122900,4.948796,0.794898,0.42286,10.00
0.122910,4.963611,0.802369,0.42216,10.00
0.122920,4.978633,0.807457,0.42144,10.00
0.122930,4.993753,0.810135,0.42069,10.00
0.122940,5.008859,0.810389,0.41994,10.00
0.122950,5.023625,0.808229,0.41917,10.00
0.122960,5.037294,0.803782,0.41846,10.00
0.122970,5.050640,0.797157,0.41776,10.00
0.122980,5.063567,0.788412,0.41706,10.00
0.122990,5.075982,0.777617,0.41638,10.00
0.123000,5.087751,0.764858,0.41572,10.00
0.123010,5.098648,0.750257,0.41509,10.00
0.123020,5.108786,0.733943,0.41450,10.00
0.123030,5.118095,0.716038,0.41393,10.00
0.123040,5.126508,0.696680,0.41341,10.00
0.123050,5.133806,0.676014,0.41292,10.00
0.123060,5.139452,0.654273,0.41252,10.00
0.123070,5.144062,0.631672,0.41216,10.00
0.123080,5.147606,0.608377,0.41186,10.00
0.123090,5.150062,0.584561,0.41161,10.00
0.123100,5.151622,0.560397,0.41141,10.00
0.123110,5.152888,0.535966,0.41121,10.00
0.123120,5.153035,0.511379,0.41107,10.00
0.123130,5.152066,0.486817,0.41099,10.00
0.123140,5.149992,0.462457,0.41096,10.00
0.123150,5.146973,0.438475,0.41099,10.00
0.123160,5.143457,0.414978,0.41103,10.00
0.123170,5.138906,0.392089,0.41114,10.00
0.123180,5.133358,0.369972,0.41130,10.00
0.123190,5.126856,0.348785,0.41151,10.00
0.123200,5.119303,0.328679,0.41177,10.00
0.123210,5.110314,0.309868,0.41212,10.00
0.123220,5.100552,0.292530,0.41251,10.00
0.123230,5.090091,0.276787,0.41295,10.00
0.123240,5.079009,0.262748,0.41343,10.00
0.123250,5.067510,0.250508,0.41395,10.00
0.123260,5.056038,0.240092,0.41447,10.00
0.123270,5.044196,0.231531,0.41502,10.00
0.123280,5.032072,0.224880,0.41559,10.00
0.123290,5.019753,0.220182,0.41618,10.00
0.123300,5.007346,0.217463,0.41679,10.00
0.123310,4.994986,0.216729,0.41741,10.00
0.123320,4.982702,0.217973,0.41803,10.00
0.123330,4.970584,0.221180,0.41866,10.00
0.123340,4.958720,0.226318,0.41928,10.00
0.123350,4.947085,0.233345,0.41990,10.00
0.123360,4.935441,0.242254,0.42053,10.00
0.123370,4.924304,0.253008,0.42115,10.00
0.123380,4.913755,0.265522,0.42174,10.00
0.123390,4.903866,0.279700,0.42232,10.00
0.123400,4.894876,0.295432,0.42286,10.00
0.123410,4.887344,0.312519,0.42333,10.00
0.123420,4.880654,0.330778,0.42377,10.00
0.123430,4.874852,0.350072,0.42417,10.00
0.123440,4.869976,0.370257,0.42452,10.00
0.123450,4.865819,0.391184,0.42483,10.00
0.123460,4.861693,0.412812,0.42516,10.00
0.123470,4.858585,0.435059,0.42543,10.00
0.123480,4.856514,0.457761,0.42566,10.00
0.123490,4.855490,0.480750,0.42584,10.00
0.123500,4.855537,0.503860,0.42596,10.00
0.123510,4.856707,0.526912,0.42603,10.00
0.123520,4.858912,0.549732,0.42604,10.00
0.123530,4.862133,0.572157,0.42601,10.00
0.123540,4.866342,0.594024,0.42591,10.00
0.123550,4.871365,0.615176,0.42577,10.00
0.123560,4.876747,0.635529,0.42561,10.00
0.123570,4.883005,0.654983,0.42540,10.00
0.123580,4.890088,0.673399,0.42515,10.00
0.123590,4.897944,0.690647,0.42485,10.00
0.123600,4.906865,0.706606,0.42451,10.00
0.123610,4.917837,0.720995,0.42404,10.00
0.123620,4.929364,0.733603,0.42353,10.00
0.123630,4.941360,0.744343,0.42298,10.00
0.123640,4.953736,0.753145,0.42241,10.00
0.123650,4.966321,0.759952,0.42181,10.00
0.123660,4.978785,0.764759,0.42121,10.00
0.123670,4.991356,0.767564,0.42060,10.00
0.123680,5.003942,0.768354,0.41997,10.00
0.123690,5.016452,0.767130,0.41934,10.00
0.123700,5.028788,0.763909,0.41870,10.00
0.123710,5.040844,0.758723,0.41807,10.00
0.123720,5.052558,0.751620,0.41744,10.00
0.123730,5.063845,0.742657,0.41683,10.00
0.123740,5.074626,0.731907,0.41623,10.00
0.123750,5.084622,0.719455,0.41565,10.00
0.123760,5.093166,0.705492,0.41515,10.00
0.123770,5.101001,0.690190,0.41467,10.00
0.123780,5.108072,0.673665,0.41423,10.00
0.123790,5.114331,0.656040,0.41382,10.00
0.123800,5.119881,0.637450,0.41344,10.00
0.123810,5.125115,0.617961,0.41308,10.00
0.123820,5.129420,0.597673,0.41275,10.00
0.123830,5.132766,0.576735,0.41247,10.00
0.123840,5.135133,0.555304,0.41223,10.00
0.123850,5.136547,0.533535,0.41205,10.00
0.123860,5.137121,0.511569,0.41190,10.00
0.123870,5.136694,0.489554,0.41180,10.00
0.123880,5.135272,0.467650,0.41175,10.00
0.123890,5.132870,0.446016,0.41175,10.00
0.123900,5.129433,0.424807,0.41181,10.00
0.123910,5.124762,0.404214,0.41193,10.00
0.123920,5.119200,0.384407,0.41210,10.00
0.123930,5.112789,0.365528,0.41232,10.00
0.123940,5.105579,0.347710,0.41259,10.00
0.123950,5.097909,0.331080,0.41289,10.00
0.123960,5.090688,0.315618,0.41317,10.00
0.123970,5.082829,0.301340,0.41349,10.00
0.123980,5.074393,0.288347,0.41384,10.00
0.123990,5.065443,0.276729,0.41423,10.00
0.124000,5.055992,0.266564,0.41464,10.00
0.124010,5.045949,0.257948,0.41510,10.00
0.124020,5.035606,0.250955,0.41558,10.00
0.124030,5.025037,0.245629,0.41608,10.00
0.124040,5.014321,0.242004,0.41660,10.00
0.124050,5.003401,0.240100,0.41713,10.00
0.124060,4.991955,0.239989,0.41771,10.00
0.124070,4.980605,0.241710,0.41828,10.00
0.124080,4.969435,0.245242,0.41886,10.00
0.124090,4.958524,0.250554,0.41944,10.00
0.124100,4.947837,0.257601,0.42001,10.00
0.124110,4.937114,0.266379,0.42060,10.00
0.124120,4.926884,0.276856,0.42117,10.00
0.124130,4.917220,0.288949,0.42172,10.00
0.124140,4.908190,0.302564,0.42224,10.00
0.124150,4.899944,0.317597,0.42274,10.00
0.124160,4.892796,0.333893,0.42319,10.00
0.124170,4.886450,0.351300,0.42360,10.00
0.124180,4.880949,0.369690,0.42398,10.00
0.124190,4.876332,0.388923,0.42432,10.00
0.124200,4.872879,0.408859,0.42461,10.00
0.124210,4.871362,0.429228,0.42480,10.00
0.124220,4.870782,0.449802,0.42494,10.00
0.124230,4.871140,0.470428,0.42504,10.00
0.124240,4.872430,0.490959,0.42508,10.00
0.124250,4.874384,0.511244,0.42508,10.00
0.124260,4.876218,0.531260,0.42510,10.00
0.124270,4.878943,0.550945,0.42507,10.00
0.124280,4.882537,0.570157,0.42500,10.00
0.124290,4.886969,0.588757,0.42488,10.00
0.124300,4.891981,0.606613,0.42471,10.00
0.124310,4.896862,0.623705,0.42456,10.00
0.124320,4.902474,0.639984,0.42437,10.00
0.124330,4.908774,0.655335,0.42413,10.00
0.124340,4.915714,0.669649,0.42386,10.00
0.124350,4.923601,0.682826,0.42356,10.00
0.124360,4.933442,0.694601,0.42313,10.00
0.124370,4.943731,0.704781,0.42267,10.00
0.124380,4.954389,0.713296,0.42218,10.00
0.124390,4.965338,0.720091,0.42167,10.00
0.124400,4.976327,0.725122,0.42114,10.00
0.124410,4.986763,0.728442,0.42063,10.00
0.124420,4.997257,0.730086,0.42011,10.00
0.124430,5.007731,0.730050,0.41959,10.00
0.124440,5.018111,0.728339,0.41906,10.00
0.124450,5.028203,0.724971,0.41853,10.00
0.124460,5.037584,0.720034,0.41803,10.00
0.124470,5.046656,0.713607,0.41754,10.00
0.124480,5.055357,0.705741,0.41706,10.00
0.124490,5.063624,0.696499,0.41660,10.00
0.124500,5.071640,0.685953,0.41615,10.00
0.124510,5.080075,0.674068,0.41566,10.00
0.124520,5.087895,0.660857,0.41520,10.00
0.124530,5.095047,0.646421,0.41476,10.00
0.124540,5.101481,0.630870,0.41435,10.00
0.124550,5.106963,0.614320,0.41398,10.00
0.124560,5.110890,0.596986,0.41369,10.00
0.124570,5.113997,0.579057,0.41344,10.00
0.124580,5.116262,0.560666,0.41322,10.00
0.124590,5.117674,0.541949,0.41305,10.00
0.124600,5.118240,0.523041,0.41292,10.00
0.124610,5.118007,0.504075,0.41283,10.00
0.124620,5.116916,0.485182,0.41278,10.00
0.124630,5.114978,0.466500,0.41277,10.00
0.124640,5.112210,0.448164,0.41281,10.00
0.124650,5.108754,0.430306,0.41290,10.00
0.124660,5.104993,0.412997,0.41299,10.00
0.124670,5.100480,0.396323,0.41313,10.00
0.124680,5.095251,0.380403,0.41330,10.00
0.124690,5.089347,0.365350,0.41352,10.00
0.124700,5.082737,0.351270,0.41377,10.00
0.124710,5.075248,0.338298,0.41407,10.00
0.124720,5.067237,0.326549,0.41441,10.00
0.124730,5.058765,0.316104,0.41478,10.00
0.124740,5.049894,0.307033,0.41517,10.00
0.124750,5.040617,0.299399,0.41559,10.00
0.124760,5.030783,0.293287,0.41605,10.00
0.124770,5.020758,0.288759,0.41653,10.00
0.124780,5.010618,0.285842,0.41702,10.00
0.124790,5.000436,0.284553,0.41753,10.00
0.124800,4.990579,0.284895,0.41804,10.00
0.124810,4.981995,0.286719,0.41848,10.00
0.124820,4.973571,0.289912,0.41892,10.00
0.124830,4.965366,0.294446,0.41936,10.00
0.124840,4.957440,0.300284,0.41979,10.00
0.124850,4.949609,0.307379,0.42021,10.00
0.124860,4.941211,0.315789,0.42067,10.00
0.124870,4.933270,0.325526,0.42112,10.00
0.124880,4.925841,0.336515,0.42156,10.00
0.124890,4.918976,0.348670,0.42197,10.00
0.124900,4.913098,0.361900,0.42235,10.00
0.124910,4.909366,0.375925,0.42262,10.00
0.124920,4.906304,0.390520,0.42285,10.00
0.124930,4.903930,0.405577,0.42305,10.00
0.124940,4.902261,0.420985,0.42322,10.00
0.124950,4.900705,0.436631,0.42335,10.00
0.124960,4.897481,0.452687,0.42360,10.00
0.124970,4.895015,0.469229,0.42382,10.00
0.124980,4.893320,0.486133,0.42399,10.00
0.124990,4.892408,0.503275,0.42413,10.00
0.125000,4.892458,0.520531,0.42423,10.00
0.125010,4.894002,0.537688,0.42425,10.00
0.125020,4.896310,0.554566,0.42423,10.00
0.125030,4.899363,0.571042,0.42416,10.00
0.125040,4.903136,0.586998,0.42406,10.00
0.125050,4.907915,0.602321,0.42392,10.00
0.125060,4.914609,0.616749,0.42366,10.00
0.125070,4.921898,0.630079,0.42337,10.00
0.125080,4.929726,0.642218,0.42304,10.00
0.125090,4.938036,0.653082,0.42269,10.00
0.125100,4.946635,0.662597,0.42230,10.00
0.125110,4.955079,0.670759,0.42192,10.00
0.125120,4.963819,0.677556,0.42152,10.00
0.125130,4.972788,0.682943,0.42110,10.00
0.125140,4.981922,0.686885,0.42066,10.00
0.125150,4.991339,0.689360,0.42022,10.00
0.125160,5.001522,0.690264,0.41971,10.00
0.125170,5.011655,0.689539,0.41920,10.00
0.125180,5.021665,0.687195,0.41868,10.00
0.125190,5.031479,0.683256,0.41817,10.00
0.125200,5.040783,0.677755,0.41766,10.00
0.125210,5.048779,0.670855,0.41722,10.00
0.125220,5.056390,0.662690,0.41680,10.00
0.125230,5.063564,0.653324,0.41639,10.00
0.125240,5.070249,0.642828,0.41599,10.00
0.125250,5.076212,0.631284,0.41562,10.00
0.125260,5.080853,0.618869,0.41532,10.00
0.125270,5.084889,0.605736,0.41505,10.00
0.125280,5.088295,0.591982,0.41480,10.00
0.125290,5.091046,0.577710,0.41459,10.00
0.125300,5.093113,0.563025,0.41440,10.00
0.125310,5.094447,0.548042,0.41425,10.00
0.125320,5.095090,0.532875,0.41414,10.00
0.125330,5.095040,0.517633,0.41406,10.00
0.125340,5.094299,0.502429,0.41401,10.00
0.125350,5.093074,0.487373,0.41400,10.00
0.125360,5.091971,0.472478,0.41398,10.00
0.125370,5.090202,0.457788,0.41399,10.00
0.125380,5.087783,0.443409,0.41403,10.00
0.125390,5.084733,0.429445,0.41411,10.00
0.125400,5.081117,0.415995,0.41422,10.00
0.125410,5.077082,0.403137,0.41435,10.00
0.125420,5.072499,0.390949,0.41451,10.00
0.125430,5.067405,0.379518,0.41470,10.00
0.125440,5.061837,0.368923,0.41493,10.00
0.125450,5.055647,0.359238,0.41517,10.00
0.125460,5.048305,0.350625,0.41550,10.00
0.125470,5.040638,0.343201,0.41584,10.00
0.125480,5.032703,0.337018,0.41620,10.00
0.125490,5.024558,0.332116,0.41659,10.00
0.125500,5.016474,0.328526,0.41698,10.00
0.125510,5.009141,0.326167,0.41734,10.00
0.125520,5.001767,0.324986,0.41770,10.00
0.125530,4.994404,0.324987,0.41807,10.00
0.125540,4.987107,0.326165,0.41844,10.00
0.125550,4.979918,0.328508,0.41882,10.00
0.125560,4.972855,0.331999,0.41919,10.00
0.125570,4.966014,0.336614,0.41956,10.00
0.125580,4.959442,0.342314,0.41992,10.00
0.125590,4.953188,0.349054,0.42027,10.00
0.125600,4.947141,0.356781,0.42061,10.00
0.125610,4.940885,0.365510,0.42097,10.00
0.125620,4.935080,0.375222,0.42131,10.00
0.125630,4.929767,0.385844,0.42164,10.00
0.125640,4.924984,0.397296,0.42194,10.00
0.125650,4.920888,0.409490,0.42222,10.00
0.125660,4.917883,0.422275,0.42244,10.00
0.125670,4.915485,0.435517,0.42263,10.00
0.125680,4.913708,0.449117,0.42279,10.00
0.125690,4.912564,0.462975,0.42293,10.00
0.125700,4.912252,0.476990,0.42303,10.00
0.125710,4.913349,0.490965,0.42305,10.00
0.125720,4.915071,0.504739,0.42304,10.00
0.125730,4.917401,0.518212,0.42300,10.00
0.125740,4.920322,0.531286,0.42292,10.00
0.125750,4.923498,0.543868,0.42281,10.00
0.125760,4.925978,0.556017,0.42276,10.00
0.125770,4.928986,0.567747,0.42267,10.00
0.125780,4.932499,0.578974,0.42255,10.00
0.125790,4.936490,0.589617,0.42241,10.00
0.125800,4.941095,0.599602,0.42224,10.00
0.125810,4.946774,0.608778,0.42201,10.00
0.125820,4.952820,0.617028,0.42175,10.00
0.125830,4.959186,0.624296,0.42147,10.00
0.125840,4.965824,0.630532,0.42117,10.00
0.125850,4.972583,0.635695,0.42086,10.00
0.125860,4.979100,0.639800,0.42055,10.00
0.125870,4.985746,0.642856,0.42024,10.00
0.125880,4.992471,0.644843,0.41991,10.00
0.125890,4.999226,0.645751,0.41958,10.00
0.125900,5.005757,0.645577,0.41924,10.00
0.125910,5.011404,0.644424,0.41895,10.00
0.125920,5.016948,0.642371,0.41866,10.00
0.125930,5.022349,0.639436,0.41837,10.00
0.125940,5.027570,0.635642,0.41809,10.00
0.125950,5.032511,0.631020,0.41781,10.00
0.125960,5.036956,0.625637,0.41756,10.00
0.125970,5.041118,0.619553,0.41732,10.00
0.125980,5.044967,0.612815,0.41709,10.00
0.125990,5.048476,0.605475,0.41687,10.00
0.126000,5.051943,0.597587,0.41667,10.00
0.126010,5.056304,0.589057,0.41641,10.00
0.126020,5.060240,0.579846,0.41616,10.00
0.126030,5.063722,0.570024,0.41593,10.00
0.126040,5.066729,0.559664,0.41572,10.00
0.126050,5.069130,0.548843,0.41554,10.00
0.126060,5.070586,0.537693,0.41541,10.00
0.126070,5.071523,0.526333,0.41530,10.00
0.126080,5.071936,0.514844,0.41521,10.00
0.126090,5.071825,0.503311,0.41516,10.00
0.126100,5.071166,0.491818,0.41512,10.00
0.126110,5.069884,0.480462,0.41513,10.00
0.126120,5.068099,0.469332,0.41516,10.00
0.126130,5.065825,0.458509,0.41521,10.00
0.126140,5.063080,0.448070,0.41529,10.00
0.126150,5.059946,0.438091,0.41540,10.00
0.126160,5.056621,0.428613,0.41551,10.00
0.126170,5.052896,0.419685,0.41565,10.00
0.126180,5.048800,0.411369,0.41581,10.00
0.126190,5.044363,0.403725,0.41599,10.00
0.126200,5.039518,0.396805,0.41619,10.00
0.126210,5.034006,0.390705,0.41644,10.00
0.126220,5.028265,0.385498,0.41670,10.00
0.126230,5.022340,0.381219,0.41697,10.00
0.126240,5.016273,0.377896,0.41726,10.00
0.126250,5.010232,0.375550,0.41755,10.00
0.126260,5.004625,0.374134,0.41783,10.00
0.126270,4.999003,0.373619,0.41810,10.00
0.126280,4.993408,0.374003,0.41839,10.00
0.126290,4.987881,0.375281,0.41867,10.00
0.126300,4.982350,0.377441,0.41896,10.00
0.126310,4.976529,0.380516,0.41926,10.00
0.126320,4.970900,0.384516,0.41957,10.00
0.126330,4.965502,0.389409,0.41987,10.00
0.126340,4.960374,0.395155,0.42015,10.00
0.126350,4.955600,0.401711,0.42043,10.00
0.126360,4.951359,0.409001,0.42068,10.00
0.126370,4.947487,0.416956,0.42092,10.00
0.126380,4.944009,0.425515,0.42114,10.00
0.126390,4.940951,0.434614,0.42135,10.00
0.126400,4.938258,0.444184,0.42153,10.00
0.126410,4.935728,0.454190,0.42171,10.00
0.126420,4.933675,0.464582,0.42187,10.00
0.126430,4.932111,0.475281,0.42201,10.00
0.126440,4.931045,0.486211,0.42212,10.00
0.126450,4.930774,0.497290,0.42221,10.00
0.126460,4.932156,0.508299,0.42220,10.00
0.126470,4.934025,0.519065,0.42216,10.00
0.126480,4.936365,0.529513,0.42210,10.00
0.126490,4.939158,0.539566,0.42202,10.00
0.126500,4.942116,0.549154,0.42191,10.00
0.126510,4.944417,0.558335,0.42184,10.00
0.126520,4.947113,0.567132,0.42176,10.00
0.126530,4.950185,0.575480,0.42165,10.00
0.126540,4.953608,0.583321,0.42152,10.00
0.126550,4.957154,0.590599,0.42137,10.00
0.126560,4.960196,0.597361,0.42126,10.00
0.126570,4.963518,0.603624,0.42112,10.00
0.126580,4.967094,0.609343,0.42097,10.00
0.126590,4.970898,0.614479,0.42081,10.00
0.126600,4.975177,0.618997,0.42064,10.00
0.126610,4.980726,0.622733,0.42038,10.00
0.126620,4.986395,0.625575,0.42011,10.00
0.126630,4.992143,0.627504,0.41983,10.00
0.126640,4.997926,0.628511,0.41955,10.00
0.126650,5.003805,0.628592,0.41926,10.00
0.126660,5.010038,0.627699,0.41894,10.00
0.126670,5.016175,0.625812,0.41862,10.00
0.126680,5.022172,0.622948,0.41831,10.00
0.126690,5.027985,0.619130,0.41799,10.00
0.126700,5.033421,0.614389,0.41769,10.00
0.126710,5.037985,0.608838,0.41743,10.00
0.126720,5.042256,0.602568,0.41718,10.00
0.126730,5.046205,0.595626,0.41694,10.00
0.126740,5.049803,0.588067,0.41672,10.00
0.126750,5.053146,0.579946,0.41652,10.00
0.126760,5.056564,0.571269,0.41630,10.00
0.126770,5.059558,0.562062,0.41610,10.00
0.126780,5.062107,0.552394,0.41592,10.00
0.126790,5.064196,0.542337,0.41576,10.00
0.126800,5.065900,0.531965,0.41562,10.00
0.126810,5.067474,0.521312,0.41548,10.00
0.126820,5.068552,0.510428,0.41537,10.00
0.126830,5.069126,0.499392,0.41528,10.00
0.126840,5.069195,0.488287,0.41522,10.00
0.126850,5.068837,0.477191,0.41518,10.00
0.126860,5.068287,0.466150,0.41515,10.00
0.126870,5.067240,0.455218,0.41514,10.00
0.126880,5.065708,0.444474,0.41516,10.00
0.126890,5.063702,0.433996,0.41520,10.00
0.126900,5.061138,0.423860,0.41527,10.00
0.126910,5.057736,0.414185,0.41539,10.00
0.126920,5.053926,0.405073,0.41553,10.00
0.126930,5.049737,0.396588,0.41569,10.00
0.126940,5.045200,0.388789,0.41588,10.00
0.126950,5.040251,0.381730,0.41608,10.00
0.126960,5.034632,0.375509,0.41633,10.00
0.126970,5.028781,0.370198,0.41660,10.00
0.126980,5.022741,0.365832,0.41687,10.00
0.126990,5.016557,0.362441,0.41717,10.00
0.127000,5.010018,0.360045,0.41747,10.00
0.127010,5.002410,0.358782,0.41784,10.00
0.127020,4.994812,0.358737,0.41822,10.00
0.127030,4.987280,0.359908,0.41861,10.00
0.127040,4.979867,0.362280,0.41899,10.00
0.127050,4.972754,0.365833,0.41937,10.00
0.127060,4.966363,0.370477,0.41972,10.00
0.127070,4.960240,0.376133,0.42006,10.00
0.127080,4.954428,0.382758,0.42039,10.00
0.127090,4.948968,0.390299,0.42070,10.00
0.127100,4.943955,0.398699,0.42100,10.00
0.127110,4.939591,0.407867,0.42127,10.00
0.127120,4.935682,0.417714,0.42152,10.00
0.127130,4.932255,0.428168,0.42175,10.00
0.127140,4.929332,0.439150,0.42195,10.00
0.127150,4.927326,0.450578,0.42214,10.00
0.127160,4.927425,0.462180,0.42220,10.00
0.127170,4.928049,0.473743,0.42223,10.00
0.127180,4.929192,0.485184,0.42223,10.00
0.127190,4.930844,0.496422,0.42221,10.00
0.127200,4.932675,0.507373,0.42216,10.00
0.127210,4.933729,0.518112,0.42217,10.00
0.127220,4.935261,0.528662,0.42215,10.00
0.127230,4.937257,0.538947,0.42211,10.00
0.127240,4.939702,0.548893,0.42204,10.00
0.127250,4.942691,0.558428,0.42195,10.00
0.127260,4.946539,0.567431,0.42180,10.00
0.127270,4.950761,0.575802,0.42164,10.00
0.127280,4.955325,0.583482,0.42145,10.00
0.127290,4.960197,0.590417,0.42124,10.00
0.127300,4.965372,0.596559,0.42102,10.00
0.127310,4.970911,0.601852,0.42077,10.00
0.127320,4.976641,0.606250,0.42051,10.00
0.127330,4.982519,0.609722,0.42023,10.00
0.127340,4.988502,0.612249,0.41994,10.00
0.127350,4.994285,0.613814,0.41965,10.00
0.127360,4.999043,0.614535,0.41941,10.00
0.127370,5.003792,0.614493,0.41918,10.00
0.127380,5.008496,0.613693,0.41894,10.00
0.127390,5.013122,0.612141,0.41870,10.00
0.127400,5.017637,0.609853,0.41846,10.00
0.127410,5.022007,0.606847,0.41822,10.00
0.127420,5.026201,0.603149,0.41799,10.00
0.127430,5.030191,0.598786,0.41777,10.00
0.127440,5.033947,0.593794,0.41755,10.00
0.127450,5.037413,0.588211,0.41734,10.00
0.127460,5.040474,0.582094,0.41716,10.00
0.127470,5.043230,0.575499,0.41698,10.00
0.127480,5.045663,0.568476,0.41682,10.00
0.127490,5.047755,0.561078,0.41668,10.00
0.127500,5.049540,0.553359,0.41655,10.00
0.127510,5.051146,0.545355,0.41642,10.00
0.127520,5.052375,0.537109,0.41632,10.00
0.127530,5.053218,0.528682,0.41623,10.00
0.127540,5.053672,0.520137,0.41616,10.00
0.127550,5.053778,0.511535,0.41611,10.00
0.127560,5.053668,0.502919,0.41607,10.00
0.127570,5.053169,0.494337,0.41605,10.00
0.127580,5.052284,0.485851,0.41605,10.00
0.127590,5.051023,0.477523,0.41606,10.00
0.127600,5.049294,0.469413,0.41610,10.00
0.127610,5.046810,0.461627,0.41618,10.00
0.127620,5.043995,0.454254,0.41628,10.00
0.127630,5.040871,0.447344,0.41640,10.00
0.127640,5.037462,0.440947,0.41654,10.00
0.127650,5.034043,0.435108,0.41669,10.00
0.127660,5.031387,0.429746,0.41680,10.00
0.127670,5.028512,0.424820,0.41691,10.00
0.127680,5.025439,0.420363,0.41704,10.00
0.127690,5.022191,0.416406,0.41718,10.00
0.127700,5.018639,0.412976,0.41734,10.00
0.127710,5.014346,0.410170,0.41754,10.00
0.127720,5.009964,0.408056,0.41774,10.00
0.127730,5.005526,0.406646,0.41796,10.00
0.127740,5.001063,0.405949,0.41818,10.00
0.127750,4.996703,0.405967,0.41840,10.00
0.127760,4.992760,0.406652,0.41860,10.00
0.127770,4.988883,0.407967,0.41881,10.00
0.127780,4.985100,0.409898,0.41901,10.00
0.127790,4.981438,0.412432,0.41920,10.00
0.127800,4.977949,0.415545,0.41940,10.00
0.127810,4.974729,0.419203,0.41958,10.00
0.127820,4.971703,0.423369,0.41975,10.00
0.127830,4.968893,0.428011,0.41992,10.00
0.127840,4.966319,0.433094,0.42008,10.00
0.127850,4.964009,0.438578,0.42022,10.00
0.127860,4.962012,0.444418,0.42035,10.00
0.127870,4.960297,0.450566,0.42047,10.00
0.127880,4.958877,0.456976,0.42058,10.00
0.127890,4.957759,0.463602,0.42067,10.00
0.127900,4.956897,0.470393,0.42075,10.00
0.127910,4.956127,0.477328,0.42083,10.00
0.127920,4.955678,0.484372,0.42089,10.00
0.127930,4.955552,0.491474,0.42093,10.00
0.127940,4.955750,0.498583,0.42096,10.00
0.127950,4.956234,0.505647,0.42097,10.00
0.127960,4.956896,0.512631,0.42098,10.00
0.127970,4.957868,0.519496,0.42097,10.00
0.127980,4.959143,0.526192,0.42094,10.00
0.127990,4.960711,0.532671,0.42090,10.00
0.128000,4.962748,0.538887,0.42084,10.00
0.128010,4.965807,0.544705,0.42072,10.00
0.128020,4.969103,0.550023,0.42058,10.00
0.128030,4.972611,0.554803,0.42043,10.00
0.128040,4.976304,0.559013,0.42027,10.00
0.128050,4.979959,0.562625,0.42009,10.00
0.128060,4.982961,0.565709,0.41996,10.00
0.128070,4.986077,0.568307,0.41982,10.00
0.128080,4.989282,0.570401,0.41967,10.00
0.128090,4.992554,0.571979,0.41951,10.00
0.128100,4.995713,0.573030,0.41935,10.00
0.128110,4.998273,0.573625,0.41923,10.00
0.128120,5.000837,0.573808,0.41910,10.00
0.128130,5.003386,0.573581,0.41897,10.00
0.128140,5.005902,0.572947,0.41884,10.00
0.128150,5.008513,0.571912,0.41871,10.00
0.128160,5.011632,0.570414,0.41855,10.00
0.128170,5.014656,0.568421,0.41839,10.00
0.128180,5.017562,0.565948,0.41823,10.00
0.128190,5.020331,0.563015,0.41807,10.00
0.128200,5.022846,0.559645,0.41792,10.00
0.128210,5.024805,0.555909,0.41780,10.00
0.128220,5.026577,0.551868,0.41769,10.00
0.128230,5.028150,0.547551,0.41759,10.00
0.128240,5.029514,0.542990,0.41750,10.00
0.128250,5.030788,0.538221,0.41741,10.00
0.128260,5.032352,0.533215,0.41731,10.00
0.128270,5.033674,0.527968,0.41721,10.00
0.128280,5.034748,0.522521,0.41713,10.00
0.128290,5.035564,0.516912,0.41706,10.00
0.128300,5.036311,0.511183,0.41700,10.00
0.128310,5.037557,0.505284,0.41690,10.00
0.128320,5.038524,0.499198,0.41682,10.00
0.128330,5.039207,0.492969,0.41675,10.00
0.128340,5.039601,0.486643,0.41670,10.00
0.128350,5.039528,0.480266,0.41666,10.00
0.128360,5.038464,0.473970,0.41668,10.00
0.128370,5.037124,0.467856,0.41671,10.00
0.128380,5.035519,0.461968,0.41676,10.00
0.128390,5.033661,0.456347,0.41682,10.00
0.128400,5.031842,0.451035,0.41690,10.00
0.128410,5.030901,0.445936,0.41692,10.00
0.128420,5.029738,0.440996,0.41695,10.00
0.128430,5.028361,0.436253,0.41700,10.00
0.128440,5.026781,0.431739,0.41705,10.00
0.128450,5.024686,0.427487,0.41712,10.00
0.128460,5.021126,0.423681,0.41727,10.00
0.128470,5.017426,0.420452,0.41744,10.00
0.128480,5.013611,0.417821,0.41762,10.00
0.128490,5.009712,0.415805,0.41780,10.00
0.128500,5.005781,0.414417,0.41799,10.00
0.128510,5.001924,0.413651,0.41818,10.00
0.128520,4.998067,0.413504,0.41838,10.00
0.128530,4.994237,0.413974,0.41857,10.00
0.128540,4.990463,0.415055,0.41877,10.00
0.128550,4.986946,0.416738,0.41896,10.00
0.128560,4.984230,0.418924,0.41911,10.00
0.128570,4.981638,0.421541,0.41925,10.00
0.128580,4.979187,0.424567,0.41939,10.00
0.128590,4.976895,0.427979,0.41953,10.00
0.128600,4.974607,0.431751,0.41965,10.00
0.128610,4.971825,0.435938,0.41982,10.00
0.128620,4.969257,0.440561,0.41997,10.00
0.128630,4.966921,0.445586,0.42011,10.00
0.128640,4.964835,0.450974,0.42025,10.00
0.128650,4.963405,0.456686,0.42037,10.00
0.128660,4.963819,0.462490,0.42038,10.00
0.128670,4.964492,0.468216,0.42038,10.00
0.128680,4.965419,0.473825,0.42036,10.00
0.128690,4.966592,0.479274,0.42033,10.00
0.128700,4.967697,0.484526,0.42029,10.00
0.128710,4.967819,0.489688,0.42031,10.00
0.128720,4.968173,0.494821,0.42032,10.00
0.128730,4.968757,0.499888,0.42032,10.00
0.128740,4.969566,0.504851,0.42031,10.00
0.128750,4.970509,0.509676,0.42028,10.00
0.128760,4.971330,0.514368,0.42027,10.00
0.128770,4.972356,0.518919,0.42024,10.00
0.128780,4.973580,0.523297,0.42020,10.00
0.128790,4.974991,0.527471,0.42016,10.00
0.128800,4.976844,0.531412,0.42010,10.00
0.128810,4.979915,0.534964,0.41996,10.00
0.128820,4.983119,0.538018,0.41982,10.00
0.128830,4.986434,0.540554,0.41967,10.00
0.128840,4.989834,0.542556,0.41951,10.00
0.128850,4.993174,0.544010,0.41934,10.00
0.128860,4.996070,0.544966,0.41920,10.00
0.128870,4.998983,0.545457,0.41906,10.00
0.128880,5.001893,0.545481,0.41891,10.00
0.128890,5.004778,0.545041,0.41877,10.00
0.128900,5.007365,0.544140,0.41862,10.00
0.128910,5.008885,0.542907,0.41854,10.00
0.128920,5.010335,0.541434,0.41846,10.00
0.128930,5.011706,0.539731,0.41838,10.00
0.128940,5.012987,0.537813,0.41830,10.00
0.128950,5.014109,0.535693,0.41823,10.00
0.128960,5.014882,0.533418,0.41818,10.00
0.128970,5.015545,0.531023,0.41813,10.00
0.128980,5.016094,0.528526,0.41809,10.00
0.128990,5.016524,0.525946,0.41806,10.00
0.129000,5.016895,0.523303,0.41803,10.00
0.129010,5.017387,0.520585,0.41799,10.00
0.129020,5.017751,0.517794,0.41795,10.00
0.129030,5.017985,0.514950,0.41793,10.00
0.129040,5.018089,0.512074,0.41791,10.00
0.129050,5.018053,0.509187,0.41789,10.00
0.129060,5.017858,0.506314,0.41789,10.00
0.129070,5.017535,0.503477,0.41789,10.00
0.129080,5.017086,0.500697,0.41789,10.00
0.129090,5.016515,0.497994,0.41791,10.00
0.129100,5.016163,0.495388,0.41793,10.00
0.129110,5.017039,0.492735,0.41787,10.00
0.129120,5.017786,0.489947,0.41782,10.00
0.129130,5.018400,0.487045,0.41777,10.00
0.129140,5.018878,0.484051,0.41773,10.00
0.129150,5.018878,0.480986,0.41770,10.00
0.129160,5.017394,0.478035,0.41776,10.00
0.129170,5.015790,0.475328,0.41782,10.00
0.129180,5.014077,0.472881,0.41789,10.00
0.129190,5.012268,0.470714,0.41797,10.00
0.129200,5.010373,0.468839,0.41806,10.00
0.129210,5.008393,0.467273,0.41815,10.00
0.129220,5.006359,0.466026,0.41824,10.00
0.129230,5.004286,0.465107,0.41834,10.00
0.129240,5.002191,0.464520,0.41844,10.00
0.129250,5.000210,0.464270,0.41855,10.00
0.129260,4.998723,0.464298,0.41862,10.00
0.129270,4.997251,0.464564,0.41870,10.00
0.129280,4.995805,0.465065,0.41877,10.00
0.129290,4.994394,0.465795,0.41885,10.00
0.129300,4.993068,0.466751,0.41892,10.00
0.129310,4.991956,0.467903,0.41898,10.00
0.129320,4.990906,0.469231,0.41904,10.00
0.129330,4.989926,0.470725,0.41910,10.00
0.129340,4.989022,0.472372,0.41915,10.00
0.129350,4.988283,0.474161,0.41921,10.00
0.129360,4.987959,0.476038,0.41923,10.00
0.129370,4.987722,0.477964,0.41925,10.00
0.129380,4.987575,0.479924,0.41927,10.00
0.129390,4.987518,0.481904,0.41929,10.00
0.129400,4.987589,0.483889,0.41930,10.00
0.129410,4.987900,0.485847,0.41929,10.00
0.129420,4.988298,0.487752,0.41928,10.00
0.129430,4.988778,0.489589,0.41927,10.00
0.129440,4.989337,0.491347,0.41925,10.00
0.129450,4.989788,0.493011,0.41923,10.00
0.129460,4.989580,0.494659,0.41925,10.00
0.129470,4.989449,0.496337,0.41926,10.00
0.129480,4.989396,0.498033,0.41927,10.00
0.129490,4.989420,0.499734,0.41928,10.00
0.129500,4.989673,0.501428,0.41929,10.00
0.129510,4.990612,0.503029,0.41925,10.00
0.129520,4.991616,0.504477,0.41921,10.00
0.129530,4.992676,0.505762,0.41916,10.00
0.129540,4.993784,0.506875,0.41911,10.00
0.129550,4.994801,0.507808,0.41906,10.00
0.129560,4.995321,0.508620,0.41904,10.00
0.129570,4.995874,0.509347,0.41901,10.00
0.129580,4.996454,0.509985,0.41899,10.00
0.129590,4.997058,0.510528,0.41896,10.00
0.129600,4.997649,0.510974,0.41893,10.00
0.129610,4.998124,0.511335,0.41891,10.00
0.129620,4.998612,0.511619,0.41889,10.00
0.129630,4.999108,0.511824,0.41886,10.00
0.129640,4.999609,0.511950,0.41884,10.00
0.129650,5.000089,0.511995,0.41881,10.00
0.129660,5.000478,0.511971,0.41879,10.00
0.129670,5.000862,0.511885,0.41877,10.00
0.129680,5.001239,0.511737,0.41875,10.00
0.129690,5.001606,0.511529,0.41873,10.00
0.129700,5.002040,0.511263,0.41871,10.00
0.129710,5.002776,0.510902,0.41868,10.00
0.129720,5.003488,0.510425,0.41864,10.00
0.129730,5.004173,0.509834,0.41860,10.00
0.129740,5.004824,0.509135,0.41856,10.00
0.129750,5.005669,0.508334,0.41853,10.00
0.129760,5.007387,0.507325,0.41844,10.00
0.129770,5.009044,0.506043,0.41835,10.00
0.129780,5.010628,0.504500,0.41826,10.00
0.129790,5.012128,0.502706,0.41817,10.00
0.129800,5.013169,0.500675,0.41809,10.00
0.129810,5.012656,0.498599,0.41811,10.00
0.129820,5.012053,0.496609,0.41813,10.00
0.129830,5.011365,0.494719,0.41815,10.00
0.129840,5.010597,0.492943,0.41818,10.00
0.129850,5.009937,0.491293,0.41821,10.00
0.129860,5.009930,0.489693,0.41820,10.00
0.129870,5.009851,0.488098,0.41820,10.00
0.129880,5.009701,0.486518,0.41820,10.00
0.129890,5.009480,0.484966,0.41820,10.00
0.129900,5.009050,0.483452,0.41821,10.00
0.129910,5.007995,0.482054,0.41825,10.00
0.129920,5.006886,0.480828,0.41830,10.00
0.129930,5.005731,0.479782,0.41835,10.00
0.129940,5.004539,0.478922,0.41841,10.00
0.129950,5.003159,0.478254,0.41847,10.00
0.129960,5.001128,0.477859,0.41857,10.00
0.129970,4.999096,0.477790,0.41867,10.00
0.129980,4.997080,0.478045,0.41877,10.00
0.129990,4.995093,0.478623,0.41887,10.00
0.130000,4.993476,0.479516,0.41897,10.00
0.130010,4.993212,0.480562,0.41899,10.00
0.130020,4.992999,0.481649,0.41901,10.00
0.130030,4.992836,0.482767,0.41902,10.00
0.130040,4.992726,0.483910,0.41904,10.00
0.130050,4.992407,0.485067,0.41904,10.00
0.130060,4.991101,0.486358,0.41912,10.00
0.130070,4.989866,0.487854,0.41919,10.00
0.130080,4.988709,0.489546,0.41925,10.00
0.130090,4.987639,0.491418,0.41932,10.00
0.130100,4.986656,0.493459,0.41938,10.00
0.130110,4.985741,0.495655,0.41944,10.00
0.130120,4.984934,0.497993,0.41949,10.00
0.130130,4.984240,0.500455,0.41954,10.00
0.130140,4.983664,0.503024,0.41958,10.00
0.130150,4.983439,0.505679,0.41962,10.00
0.130160,4.984250,0.508292,0.41959,10.00
0.130170,4.985172,0.510771,0.41956,10.00
0.130180,4.986199,0.513097,0.41952,10.00
0.130190,4.987322,0.515255,0.41947,10.00
0.130200,4.988304,0.517229,0.41942,10.00
0.130210,4.988459,0.519115,0.41943,10.00
0.130220,4.988699,0.520972,0.41943,10.00
0.130230,4.989020,0.522788,0.41942,10.00
0.130240,4.989421,0.524548,0.41941,10.00
0.130250,4.990098,0.526241,0.41939,10.00
0.130260,4.991646,0.527758,0.41932,10.00
0.130270,4.993249,0.529025,0.41925,10.00
0.130280,4.994896,0.530033,0.41917,10.00
0.130290,4.996573,0.530776,0.41909,10.00
0.130300,4.998279,0.531249,0.41901,10.00
0.130310,5.000034,0.531445,0.41892,10.00
0.130320,5.001781,0.531360,0.41884,10.00
0.130330,5.003509,0.530996,0.41875,10.00
0.130340,5.005205,0.530357,0.41866,10.00
0.130350,5.006812,0.529447,0.41857,10.00
0.130360,5.008183,0.528297,0.41850,10.00
0.130370,5.009491,0.526930,0.41842,10.00
0.130380,5.010724,0.525356,0.41835,10.00
0.130390,5.011876,0.523588,0.41829,10.00
0.130400,5.013039,0.521639,0.41822,10.00
0.130410,5.014512,0.519475,0.41814,10.00
0.130420,5.015873,0.517080,0.41805,10.00
0.130430,5.017114,0.514472,0.41798,10.00
0.130440,5.018225,0.511671,0.41791,10.00
0.130450,5.019153,0.508697,0.41784,10.00
0.130460,5.019753,0.505595,0.41780,10.00
0.130470,5.020206,0.502404,0.41776,10.00
0.130480,5.020511,0.499146,0.41772,10.00
0.130490,5.020666,0.495846,0.41770,10.00
0.130500,5.020713,0.492528,0.41768,10.00
0.130510,5.020780,0.489194,0.41766,10.00
0.130520,5.020696,0.485856,0.41764,10.00
0.130530,5.020461,0.482539,0.41764,10.00
0.130540,5.020077,0.479265,0.41764,10.00
0.130550,5.019277,0.476059,0.41765,10.00
0.130560,5.017257,0.473074,0.41773,10.00
0.130570,5.015119,0.470417,0.41782,10.00
0.130580,5.012879,0.468108,0.41792,10.00
0.130590,5.010555,0.466161,0.41803,10.00
0.130600,5.008481,0.464589,0.41814,10.00
0.130610,5.007623,0.463250,0.41818,10.00
0.130620,5.006711,0.462051,0.41822,10.00
0.130630,5.005753,0.461000,0.41826,10.00
0.130640,5.004756,0.460105,0.41830,10.00
0.130650,5.003536,0.459370,0.41835,10.00
0.130660,5.001529,0.458894,0.41845,10.00
0.130670,4.999520,0.458739,0.41855,10.00
0.130680,4.997521,0.458906,0.41865,10.00
0.130690,4.995547,0.459392,0.41875,10.00
0.130700,4.993498,0.460193,0.41885,10.00
0.130710,4.991043,0.461357,0.41898,10.00
0.130720,4.988664,0.462911,0.41911,10.00
0.130730,4.986376,0.464843,0.41924,10.00
0.130740,4.984196,0.467136,0.41936,10.00
0.130750,4.982232,0.469774,0.41948,10.00
0.130760,4.980774,0.472691,0.41956,10.00
0.130770,4.979462,0.475835,0.41965,10.00
0.130780,4.978303,0.479183,0.41972,10.00
0.130790,4.977307,0.482710,0.41979,10.00
0.130800,4.976427,0.486389,0.41985,10.00
0.130810,4.975511,0.490219,0.41992,10.00
0.130820,4.974777,0.494188,0.41998,10.00
0.130830,4.974230,0.498266,0.42003,10.00
0.130840,4.973872,0.502425,0.42007,10.00
0.130850,4.973532,0.506632,0.42010,10.00
0.130860,4.972693,0.510941,0.42017,10.00
0.130870,4.972057,0.515376,0.42022,10.00
0.130880,4.971627,0.519904,0.42027,10.00
0.130890,4.971407,0.524492,0.42030,10.00
0.130900,4.971588,0.529106,0.42033,10.00
0.130910,4.972736,0.533621,0.42030,10.00
0.130920,4.974079,0.537944,0.42025,10.00
0.130930,4.975605,0.542043,0.42020,10.00
0.130940,4.977305,0.545891,0.42013,10.00
0.130950,4.979290,0.549459,0.42006,10.00
0.130960,4.981924,0.552663,0.41995,10.00
0.130970,4.984680,0.555439,0.41982,10.00
0.130980,4.987538,0.557769,0.41969,10.00
0.130990,4.990475,0.559638,0.41955,10.00
0.131000,4.993385,0.561033,0.41941,10.00
0.131010,4.995985,0.561989,0.41929,10.00
0.131020,4.998606,0.562526,0.41916,10.00
0.131030,5.001227,0.562644,0.41903,10.00
0.131040,5.003831,0.562342,0.41890,10.00
0.131050,5.006570,0.561624,0.41876,10.00
0.131060,5.009939,0.560414,0.41859,10.00
0.131070,5.013224,0.558669,0.41841,10.00
0.131080,5.016400,0.556401,0.41824,10.00
0.131090,5.019445,0.553630,0.41807,10.00
0.131100,5.022392,0.550377,0.41791,10.00
0.131110,5.025386,0.546642,0.41774,10.00
0.131120,5.028185,0.542435,0.41758,10.00
0.131130,5.030767,0.537789,0.41742,10.00
0.131140,5.033116,0.532739,0.41728,10.00
0.131150,5.035113,0.527323,0.41714,10.00
0.131160,5.036440,0.521631,0.41705,10.00
0.131170,5.037497,0.515737,0.41696,10.00
0.131180,5.038277,0.509687,0.41689,10.00
0.131190,5.038776,0.503522,0.41683,10.00
0.131200,5.038736,0.497291,0.41678,10.00
0.131210,5.037396,0.491159,0.41682,10.00
0.131220,5.035791,0.485253,0.41687,10.00
0.131230,5.033931,0.479615,0.41693,10.00
0.131240,5.031833,0.474285,0.41701,10.00
0.131250,5.029692,0.469301,0.41709,10.00
0.131260,5.028066,0.464610,0.41715,10.00
0.131270,5.026242,0.460189,0.41722,10.00
0.131280,5.024233,0.456067,0.41730,10.00
0.131290,5.022056,0.452275,0.41738,10.00
0.131300,5.019718,0.448839,0.41748,10.00
0.131310,5.017217,0.445785,0.41759,10.00
0.131320,5.014600,0.443137,0.41771,10.00
0.131330,5.011886,0.440912,0.41783,10.00
0.131340,5.009096,0.439126,0.41796,10.00
0.131350,5.006419,0.437789,0.41810,10.00
0.131360,5.004384,0.436828,0.41819,10.00
0.131370,5.002324,0.436195,0.41829,10.00
0.131380,5.000254,0.435893,0.41840,10.00
0.131390,4.998188,0.435922,0.41850,10.00
0.131400,4.996110,0.436281,0.41861,10.00
0.131410,4.993938,0.436983,0.41872,10.00
0.131420,4.991818,0.438031,0.41883,10.00
0.131430,4.989763,0.439415,0.41894,10.00
0.131440,4.987790,0.441126,0.41905,10.00
0.131450,4.985856,0.443149,0.41915,10.00
0.131460,4.983805,0.445496,0.41927,10.00
0.131470,4.981878,0.448166,0.41938,10.00
0.131480,4.980090,0.451139,0.41949,10.00
0.131490,4.978453,0.454393,0.41959,10.00
0.131500,4.976843,0.457902,0.41968,10.00
0.131510,4.974869,0.461705,0.41980,10.00
0.131520,4.973085,0.465816,0.41991,10.00
0.131530,4.971504,0.470205,0.42002,10.00
0.131540,4.970135,0.474838,0.42011,10.00
0.131550,4.969029,0.479680,0.42019,10.00
0.131560,4.968312,0.484678,0.42026,10.00
0.131570,4.967828,0.489781,0.42031,10.00
0.131580,4.967580,0.494951,0.42035,10.00
0.131590,4.967568,0.500151,0.42038,10.00
0.131600,4.968071,0.505343,0.42039,10.00
0.131610,4.969914,0.510355,0.42033,10.00
0.131620,4.971967,0.515063,0.42025,10.00
0.131630,4.974216,0.519434,0.42016,10.00
0.131640,4.976643,0.523438,0.42006,10.00
0.131650,4.978778,0.527045,0.41995,10.00
0.131660,4.979256,0.530449,0.41995,10.00
0.131670,4.979884,0.533770,0.41994,10.00
0.131680,4.980657,0.536984,0.41991,10.00
0.131690,4.981568,0.540068,0.41988,10.00
0.131700,4.982876,0.543001,0.41985,10.00
0.131710,4.985359,0.545634,0.41974,10.00
0.131720,4.987939,0.547864,0.41962,10.00
0.131730,4.990597,0.549678,0.41950,10.00
0.131740,4.993314,0.551064,0.41937,10.00
0.131750,4.995950,0.552012,0.41924,10.00
0.131760,4.998124,0.552576,0.41913,10.00
0.131770,5.000305,0.552791,0.41902,10.00
0.131780,5.002476,0.552657,0.41891,10.00
0.131790,5.004621,0.552176,0.41880,10.00
0.131800,5.006637,0.551352,0.41869,10.00
0.131810,5.008247,0.550236,0.41860,10.00
0.131820,5.009792,0.548865,0.41852,10.00
0.131830,5.011260,0.547249,0.41844,10.00
0.131840,5.012642,0.545401,0.41836,10.00
0.131850,5.014434,0.543336,0.41828,10.00
0.131860,5.018129,0.540827,0.41808,10.00
0.131870,5.021677,0.537731,0.41789,10.00
0.131880,5.025053,0.534075,0.41770,10.00
0.131890,5.028234,0.529886,0.41752,10.00
0.131900,5.030834,0.525196,0.41734,10.00
0.131910,5.031753,0.520216,0.41727,10.00
0.131920,5.032438,0.515099,0.41721,10.00
0.131930,5.032886,0.509882,0.41716,10.00
0.131940,5.033092,0.504603,0.41712,10.00
0.131950,5.032747,0.499302,0.41709,10.00
0.131960,5.030926,0.494165,0.41715,10.00
0.131970,5.028889,0.489329,0.41723,10.00
0.131980,5.026651,0.484827,0.41732,10.00
0.131990,5.024228,0.480693,0.41742,10.00
0.132000,5.021974,0.476953,0.41753,10.00
0.132010,5.020904,0.473473,0.41756,10.00
0.132020,5.019686,0.470172,0.41760,10.00
0.132030,5.018328,0.467072,0.41765,10.00
0.132040,5.016843,0.464194,0.41771,10.00
0.132050,5.015234,0.461560,0.41778,10.00
0.132060,5.013495,0.459190,0.41785,10.00
0.132070,5.011665,0.457103,0.41793,10.00
0.132080,5.009756,0.455312,0.41802,10.00
0.132090,5.007783,0.453830,0.41811,10.00
0.132100,5.005560,0.452666,0.41821,10.00
0.132110,5.002505,0.451925,0.41835,10.00
0.132120,4.999443,0.451673,0.41851,10.00
0.132130,4.996398,0.451911,0.41866,10.00
0.132140,4.993390,0.452635,0.41882,10.00
0.132150,4.990479,0.453839,0.41897,10.00
0.132160,4.987798,0.455494,0.41911,10.00
0.132170,4.985216,0.457574,0.41925,10.00
0.132180,4.982751,0.460064,0.41939,10.00
0.132190,4.980420,0.462942,0.41952,10.00
0.132200,4.978268,0.466188,0.41965,10.00
0.132210,4.976387,0.469763,0.41976,10.00
0.132220,4.974686,0.473632,0.41987,10.00
0.132230,4.973175,0.477765,0.41997,10.00
0.132240,4.971864,0.482132,0.42006,10.00
0.132250,4.970824,0.486700,0.42014,10.00
0.132260,4.970242,0.491407,0.42019,10.00
0.132270,4.969878,0.496197,0.42024,10.00
0.132280,4.969735,0.501036,0.42027,10.00
0.132290,4.969813,0.505889,0.42029,10.00
0.132300,4.970345,0.510720,0.42030,10.00
0.132310,4.972032,0.515381,0.42025,10.00
0.132320,4.973916,0.519763,0.42018,10.00
0.132330,4.975981,0.523836,0.42009,10.00
0.132340,4.978213,0.527572,0.42000,10.00
0.132350,4.980528,0.530943,0.41990,10.00
0.132360,4.982714,0.533958,0.41981,10.00
0.132370,4.985017,0.536619,0.41971,10.00
0.132380,4.987420,0.538906,0.41960,10.00
0.132390,4.989906,0.540804,0.41949,10.00
0.132400,4.992460,0.542301,0.41937,10.00
0.132410,4.995073,0.543387,0.41924,10.00
0.132420,4.997712,0.544052,0.41911,10.00
0.132430,5.000358,0.544294,0.41898,10.00
0.132440,5.002992,0.544112,0.41885,10.00
0.132450,5.005521,0.543510,0.41871,10.00
0.132460,5.007713,0.542527,0.41860,10.00
0.132470,5.009841,0.541196,0.41848,10.00
0.132480,5.011889,0.539527,0.41837,10.00
0.132490,5.013844,0.537534,0.41826,10.00
0.132500,5.015446,0.535232,0.41816,10.00
0.132510,5.015954,0.532757,0.41812,10.00
0.132520,5.016345,0.530206,0.41809,10.00
0.132530,5.016617,0.527596,0.41806,10.00
0.132540,5.016768,0.524948,0.41804,10.00
0.132550,5.016989,0.522281,0.41802,10.00
0.132560,5.017850,0.519522,0.41796,10.00
0.132570,5.018579,0.516630,0.41791,10.00
0.132580,5.019169,0.513628,0.41786,10.00
0.132590,5.019619,0.510537,0.41782,10.00
0.132600,5.019876,0.507380,0.41779,10.00
0.132610,5.019796,0.504203,0.41778,10.00
0.132620,5.019572,0.501046,0.41777,10.00
0.132630,5.019207,0.497930,0.41777,10.00
0.132640,5.018704,0.494878,0.41778,10.00
0.132650,5.018057,0.491913,0.41780,10.00
0.132660,5.017241,0.489060,0.41782,10.00
0.132670,5.016304,0.486343,0.41786,10.00
0.132680,5.015251,0.483781,0.41789,10.00
0.132690,5.014092,0.481392,0.41794,10.00
0.132700,5.012960,0.479193,0.41799,10.00
0.132710,5.012236,0.477139,0.41802,10.00
0.132720,5.011426,0.475205,0.41805,10.00
0.132730,5.010535,0.473405,0.41808,10.00
0.132740,5.009570,0.471750,0.41812,10.00
0.132750,5.008598,0.470253,0.41816,10.00
0.132760,5.007801,0.468895,0.41820,10.00
0.132770,5.006949,0.467668,0.41823,10.00
0.132780,5.006050,0.466579,0.41827,10.00
0.132790,5.005108,0.465636,0.41831,10.00
0.132800,5.003732,0.464846,0.41836,10.00
0.132810,5.000732,0.464405,0.41851,10.00
0.132820,4.997739,0.464445,0.41866,10.00
0.132830,4.994775,0.464963,0.41881,10.00
0.132840,4.991860,0.465955,0.41896,10.00
0.132850,4.989340,0.467410,0.41911,10.00
0.132860,4.988197,0.469161,0.41918,10.00
0.132870,4.987144,0.471093,0.41924,10.00
0.132880,4.986187,0.473188,0.41930,10.00
0.132890,4.985335,0.475433,0.41935,10.00
0.132900,4.984497,0.477810,0.41940,10.00
0.132910,4.983402,0.480347,0.41947,10.00
0.132920,4.982431,0.483053,0.41954,10.00
0.132930,4.981591,0.485910,0.41959,10.00
0.132940,4.980888,0.488895,0.41965,10.00
0.132950,4.980303,0.491987,0.41969,10.00
0.132960,4.979768,0.495174,0.41973,10.00
0.132970,4.979382,0.498441,0.41977,10.00
0.132980,4.979147,0.501763,0.41980,10.00
0.132990,4.979065,0.505117,0.41982,10.00
0.133000,4.979162,0.508477,0.41984,10.00
0.133010,4.979515,0.511806,0.41984,10.00
0.133020,4.980015,0.515073,0.41983,10.00
0.133030,4.980659,0.518253,0.41982,10.00
0.133040,4.981442,0.521325,0.41979,10.00
0.133050,4.982272,0.524265,0.41976,10.00
0.133060,4.982890,0.527094,0.41975,10.00
0.133070,4.983631,0.529818,0.41973,10.00
0.133080,4.984489,0.532419,0.41970,10.00
0.133090,4.985458,0.534878,0.41966,10.00
0.133100,4.986723,0.537176,0.41962,10.00
0.133110,4.988857,0.539206,0.41953,10.00
0.133120,4.991064,0.540891,0.41942,10.00
0.133130,4.993328,0.542219,0.41932,10.00
0.133140,4.995632,0.543183,0.41921,10.00
0.133150,4.997851,0.543777,0.41909,10.00
0.133160,4.999649,0.544049,0.41901,10.00
0.133170,5.001444,0.544033,0.41891,10.00
0.133180,5.003222,0.543731,0.41882,10.00
0.133190,5.004970,0.543144,0.41873,10.00
0.133200,5.006634,0.542279,0.41864,10.00
0.133210,5.008072,0.541163,0.41856,10.00
0.133220,5.009448,0.539820,0.41849,10.00
0.133230,5.010750,0.538258,0.41841,10.00
0.133240,5.011970,0.536492,0.41834,10.00
0.133250,5.013088,0.534534,0.41828,10.00
0.133260,5.014065,0.532404,0.41822,10.00
0.133270,5.014937,0.530122,0.41816,10.00
0.133280,5.015697,0.527705,0.41811,10.00
0.133290,5.016341,0.525171,0.41806,10.00
0.133300,5.017121,0.522539,0.41802,10.00
0.133310,5.018799,0.519705,0.41792,10.00
0.133320,5.020333,0.516608,0.41783,10.00
0.133330,5.021713,0.513272,0.41774,10.00
0.133340,5.022930,0.509721,0.41766,10.00
0.133350,5.023906,0.505983,0.41759,10.00
0.133360,5.024430,0.502118,0.41754,10.00
0.133370,5.024774,0.498177,0.41750,10.00
0.133380,5.024937,0.494189,0.41747,10.00
0.133390,5.024917,0.490182,0.41745,10.00
0.133400,5.024752,0.486186,0.41744,10.00
0.133410,5.024554,0.482213,0.41743,10.00
0.133420,5.024177,0.478279,0.41743,10.00
0.133430,5.023624,0.474413,0.41743,10.00
0.133440,5.022902,0.470642,0.41745,10.00
0.133450,5.022103,0.466995,0.41747,10.00
0.133460,5.021499,0.463454,0.41748,10.00
0.133470,5.020738,0.460017,0.41750,10.00
0.133480,5.019829,0.456708,0.41753,10.00
0.133490,5.018778,0.453551,0.41757,10.00
0.133500,5.017507,0.450568,0.41761,10.00
0.133510,5.015770,0.447821,0.41768,10.00
0.133520,5.013924,0.445358,0.41776,10.00
0.133530,5.011983,0.443195,0.41785,10.00
0.133540,5.009960,0.441347,0.41794,10.00
0.133550,5.007780,0.439825,0.41803,10.00
0.133560,5.005184,0.438685,0.41816,10.00
0.133570,5.002559,0.437962,0.41829,10.00
0.133580,4.999925,0.437660,0.41842,10.00
0.133590,4.997300,0.437780,0.41855,10.00
0.133600,4.994831,0.438319,0.41868,10.00
0.133610,4.992911,0.439212,0.41878,10.00
0.133620,4.991049,0.440411,0.41888,10.00
0.133630,4.989257,0.441905,0.41898,10.00
0.133640,4.987550,0.443682,0.41908,10.00
0.133650,4.985907,0.445730,0.41917,10.00
0.133660,4.984248,0.448046,0.41927,10.00
0.133670,4.982709,0.450623,0.41936,10.00
0.133680,4.981301,0.453441,0.41944,10.00
0.133690,4.980033,0.456479,0.41952,10.00
0.133700,4.978833,0.459714,0.41960,10.00
0.133710,4.977465,0.463161,0.41968,10.00
0.133720,4.976265,0.466820,0.41976,10.00
0.133730,4.975242,0.470664,0.41984,10.00
0.133740,4.974402,0.474664,0.41990,10.00
0.133750,4.973605,0.478791,0.41996,10.00
0.133760,4.972420,0.483084,0.42004,10.00
0.133770,4.971439,0.487559,0.42011,10.00
0.133780,4.970671,0.492181,0.42018,10.00
0.133790,4.970119,0.496918,0.42023,10.00
0.133800,4.969988,0.501733,0.42027,10.00
0.133810,4.970879,0.506496,0.42025,10.00
0.133820,4.971979,0.511107,0.42022,10.00
0.133830,4.973277,0.515534,0.42018,10.00
0.133840,4.974765,0.519744,0.42013,10.00
0.133850,4.976089,0.523709,0.42007,10.00
0.133860,4.976217,0.527563,0.42008,10.00
0.133870,4.976519,0.531390,0.42009,10.00
0.133880,4.976992,0.535161,0.42009,10.00
0.133890,4.977631,0.538849,0.42007,10.00
0.133900,4.978650,0.542427,0.42005,10.00
0.133910,4.980694,0.545766,0.41997,10.00
0.133920,4.982870,0.548771,0.41988,10.00
0.133930,4.985164,0.551422,0.41977,10.00
0.133940,4.987557,0.553702,0.41967,10.00
0.133950,4.990193,0.555595,0.41955,10.00
0.133960,4.993534,0.557010,0.41939,10.00
0.133970,4.996909,0.557889,0.41923,10.00
0.133980,5.000294,0.558227,0.41906,10.00
0.133990,5.003664,0.558023,0.41889,10.00
0.134000,5.006867,0.557280,0.41872,10.00
0.134010,5.009501,0.556068,0.41858,10.00
0.134020,5.012057,0.554436,0.41844,10.00
0.134030,5.014516,0.552399,0.41831,10.00
0.134040,5.016861,0.549973,0.41818,10.00
0.134050,5.019063,0.547176,0.41805,10.00
0.134060,5.021068,0.544037,0.41794,10.00
0.134070,5.022913,0.540583,0.41782,10.00
0.134080,5.024585,0.536840,0.41772,10.00
0.134090,5.026072,0.532838,0.41762,10.00
0.134100,5.027397,0.528605,0.41754,10.00
0.134110,5.028646,0.524158,0.41745,10.00
0.134120,5.029682,0.519520,0.41737,10.00
0.134130,5.030498,0.514726,0.41730,10.00
0.134140,5.031090,0.509810,0.41725,10.00
0.134150,5.031334,0.504809,0.41720,10.00
0.134160,5.030870,0.499816,0.41720,10.00
0.134170,5.030184,0.494908,0.41721,10.00
0.134180,5.029282,0.490119,0.41722,10.00
0.134190,5.028170,0.485483,0.41726,10.00
0.134200,5.026964,0.481033,0.41730,10.00
0.134210,5.025988,0.476751,0.41732,10.00
0.134220,5.024826,0.472634,0.41736,10.00
0.134230,5.023488,0.468710,0.41740,10.00
0.134240,5.021984,0.465008,0.41746,10.00
0.134250,5.020300,0.461553,0.41752,10.00
0.134260,5.018374,0.458382,0.41760,10.00
0.134270,5.016321,0.455525,0.41769,10.00
0.134280,5.014157,0.453003,0.41779,10.00
0.134290,5.011897,0.450831,0.41789,10.00
0.134300,5.009430,0.449024,0.41799,10.00
0.134310,5.006386,0.447657,0.41814,10.00
0.134320,5.003307,0.446780,0.41829,10.00
0.134330,5.000215,0.446396,0.41844,10.00
0.134340,4.997134,0.446507,0.41860,10.00
0.134350,4.994240,0.447111,0.41875,10.00
0.134360,4.992019,0.448126,0.41887,10.00
0.134370,4.989863,0.449495,0.41899,10.00
0.134380,4.987789,0.451206,0.41910,10.00
0.134390,4.985810,0.453245,0.41921,10.00
0.134400,4.983908,0.455597,0.41932,10.00
0.134410,4.981997,0.458259,0.41943,10.00
0.134420,4.980222,0.461222,0.41953,10.00
0.134430,4.978598,0.464463,0.41963,10.00
0.134440,4.977136,0.467957,0.41972,10.00
0.134450,4.975709,0.471678,0.41981,10.00
0.134460,4.973926,0.475664,0.41992,10.00
0.134470,4.972338,0.479927,0.42002,10.00
0.134480,4.970959,0.484435,0.42012,10.00
0.134490,4.969796,0.489156,0.42020,10.00
0.134500,4.968937,0.494053,0.42027,10.00
0.134510,4.968629,0.499053,0.42032,10.00
0.134520,4.968550,0.504091,0.42035,10.00
0.134530,4.968701,0.509133,0.42037,10.00
0.134540,4.969078,0.514141,0.42038,10.00
0.134550,4.969776,0.519079,0.42037,10.00
0.134560,4.971077,0.523865,0.42033,10.00
0.134570,4.972583,0.528434,0.42028,10.00
0.134580,4.974283,0.532753,0.42022,10.00
0.134590,4.976164,0.536793,0.42015,10.00
0.134600,4.978248,0.540523,0.42007,10.00
0.134610,4.980630,0.543902,0.41996,10.00
0.134620,4.983144,0.546893,0.41985,10.00
0.134630,4.985771,0.549476,0.41974,10.00
0.134640,4.988492,0.551635,0.41961,10.00
0.134650,4.991395,0.553354,0.41948,10.00
0.134660,4.994784,0.554571,0.41932,10.00
0.134670,4.998198,0.555243,0.41915,10.00
0.134680,5.001613,0.555369,0.41898,10.00
0.134690,5.005002,0.554948,0.41881,10.00
0.134700,5.008148,0.553987,0.41864,10.00
0.134710,5.010443,0.552586,0.41851,10.00
0.134720,5.012655,0.550822,0.41839,10.00
0.134730,5.014767,0.548707,0.41827,10.00
0.134740,5.016764,0.546258,0.41816,10.00
0.134750,5.018805,0.543495,0.41805,10.00
0.134760,5.021391,0.540355,0.41791,10.00
0.134770,5.023812,0.536808,0.41777,10.00
0.134780,5.026050,0.532881,0.41763,10.00
0.134790,5.028090,0.528604,0.41751,10.00
0.134800,5.029888,0.524008,0.41739,10.00
0.134810,5.031344,0.519144,0.41729,10.00
0.134820,5.032567,0.514056,0.41720,10.00
0.134830,5.033547,0.508782,0.41712,10.00
0.134840,5.034280,0.503362,0.41706,10.00
0.134850,5.034890,0.497835,0.41700,10.00
0.134860,5.035759,0.492180,0.41693,10.00
0.134870,5.036363,0.486397,0.41687,10.00
0.134880,5.036700,0.480528,0.41682,10.00
0.134890,5.036768,0.474618,0.41678,10.00
0.134900,5.036727,0.468707,0.41676,10.00
0.134910,5.037054,0.462764,0.41671,10.00
0.134920,5.037108,0.456780,0.41668,10.00
0.134930,5.036891,0.450800,0.41666,10.00
0.134940,5.036404,0.444865,0.41665,10.00
0.134950,5.035246,0.439021,0.41665,10.00
0.134960,5.032211,0.433503,0.41678,10.00
0.134970,5.028954,0.428481,0.41691,10.00
0.134980,5.025498,0.423989,0.41706,10.00
0.134990,5.021868,0.420059,0.41722,10.00
0.135000,5.018028,0.416716,0.41739,10.00
0.135010,5.013809,0.414015,0.41759,10.00
0.135020,5.009505,0.411994,0.41779,10.00
0.135030,5.005148,0.410665,0.41801,10.00
0.135040,5.000770,0.410035,0.41822,10.00
0.135050,4.996507,0.410106,0.41844,10.00
0.135060,4.992707,0.410825,0.41864,10.00
0.135070,4.988972,0.412150,0.41883,10.00
0.135080,4.985332,0.414070,0.41902,10.00
0.135090,4.981810,0.416569,0.41921,10.00
0.135100,4.978272,0.419625,0.41940,10.00
0.135110,4.974257,0.423294,0.41962,10.00
0.135120,4.970444,0.427597,0.41984,10.00
0.135130,4.966861,0.432502,0.42004,10.00
0.135140,4.963531,0.437970,0.42024,10.00
0.135150,4.960752,0.443960,0.42042,10.00
0.135160,4.959355,0.450296,0.42053,10.00
0.135170,4.958258,0.456843,0.42062,10.00
0.135180,4.957468,0.463553,0.42070,10.00
0.135190,4.956988,0.470377,0.42076,10.00
0.135200,4.956663,0.477264,0.42080,10.00
0.135210,4.956018,0.484241,0.42087,10.00
0.135220,4.955695,0.491308,0.42093,10.00
0.135230,4.955695,0.498413,0.42097,10.00
0.135240,4.956017,0.505504,0.42099,10.00
0.135250,4.956522,0.512531,0.42099,10.00
0.135260,4.956801,0.519506,0.42102,10.00
0.135270,4.957394,0.526423,0.42103,10.00
0.135280,4.958295,0.533232,0.42102,10.00
0.135290,4.959497,0.539884,0.42099,10.00
0.135300,4.961139,0.546331,0.42095,10.00
0.135310,4.963654,0.552455,0.42086,10.00
0.135320,4.966424,0.558164,0.42075,10.00
0.135330,4.969429,0.563420,0.42063,10.00
0.135340,4.972645,0.568186,0.42050,10.00
0.135350,4.976168,0.572428,0.42035,10.00
0.135360,4.980328,0.576060,0.42016,10.00
0.135370,4.984616,0.579020,0.41996,10.00
0.135380,4.989000,0.581289,0.41975,10.00
0.135390,4.993448,0.582852,0.41954,10.00
0.135400,4.997853,0.583701,0.41932,10.00
0.135410,5.001961,0.583868,0.41911,10.00
0.135420,5.006041,0.583378,0.41891,10.00
0.135430,5.010061,0.582236,0.41870,10.00
0.135440,5.013995,0.580454,0.41849,10.00
0.135450,5.017644,0.578046,0.41829,10.00
0.135460,5.020482,0.575113,0.41813,10.00
0.135470,5.023162,0.571732,0.41798,10.00
0.135480,5.025665,0.567928,0.41783,10.00
0.135490,5.027973,0.563732,0.41769,10.00
0.135500,5.030069,0.559174,0.41756,10.00
0.135510,5.031935,0.554290,0.41744,10.00
0.135520,5.033562,0.549118,0.41733,10.00
0.135530,5.034941,0.543694,0.41723,10.00
0.135540,5.036061,0.538061,0.41715,10.00
0.135550,5.037060,0.532259,0.41707,10.00
0.135560,5.038363,0.526263,0.41697,10.00
0.135570,5.039383,0.520069,0.41689,10.00
0.135580,5.040113,0.513725,0.41682,10.00
0.135590,5.040548,0.507275,0.41676,10.00
0.135600,5.040677,0.500769,0.41672,10.00
0.135610,5.040468,0.494258,0.41669,10.00
0.135620,5.039965,0.487793,0.41668,10.00
0.135630,5.039174,0.481420,0.41669,10.00
0.135640,5.038101,0.475186,0.41671,10.00
0.135650,5.036724,0.469136,0.41674,10.00
0.135660,5.034958,0.463328,0.41680,10.00
0.135670,5.032944,0.457813,0.41687,10.00
0.135680,5.030699,0.452631,0.41695,10.00
0.135690,5.028238,0.447818,0.41705,10.00
0.135700,5.025495,0.443408,0.41716,10.00
0.135710,5.022232,0.439472,0.41730,10.00
0.135720,5.018820,0.436066,0.41745,10.00
0.135730,5.015283,0.433211,0.41762,10.00
0.135740,5.011649,0.430928,0.41779,10.00
0.135750,5.007985,0.429230,0.41796,10.00
0.135760,5.004443,0.428108,0.41813,10.00
0.135770,5.000881,0.427554,0.41831,10.00
0.135780,4.997325,0.427571,0.41849,10.00
0.135790,4.993802,0.428156,0.41867,10.00
0.135800,4.990379,0.429304,0.41885,10.00
0.135810,4.987205,0.430983,0.41902,10.00
0.135820,4.984134,0.433167,0.41918,10.00
0.135830,4.981191,0.435838,0.41934,10.00
0.135840,4.978394,0.438974,0.41950,10.00
0.135850,4.975889,0.442551,0.41965,10.00
0.135860,4.974062,0.446483,0.41977,10.00
0.135870,4.972429,0.450699,0.41987,10.00
0.135880,4.971003,0.455168,0.41997,10.00
0.135890,4.969792,0.459856,0.42005,10.00
0.135900,4.968604,0.464730,0.42013,10.00
0.135910,4.966852,0.469848,0.42025,10.00
0.135920,4.965348,0.475236,0.42035,10.00
0.135930,4.964101,0.480854,0.42044,10.00
0.135940,4.963120,0.486661,0.42052,10.00
0.135950,4.962456,0.492613,0.42059,10.00
0.135960,4.962241,0.498647,0.42064,10.00
0.135970,4.962302,0.504703,0.42067,10.00
0.135980,4.962637,0.510737,0.42068,10.00
0.135990,4.963242,0.516706,0.42068,10.00
0.136000,4.964206,0.522567,0.42067,10.00
0.136010,4.965797,0.528233,0.42062,10.00
0.136020,4.967630,0.533634,0.42056,10.00
0.136030,4.969693,0.538731,0.42048,10.00
0.136040,4.971968,0.543489,0.42040,10.00
0.136050,4.974420,0.547874,0.42030,10.00
0.136060,4.976974,0.551864,0.42019,10.00
0.136070,4.979687,0.555438,0.42007,10.00
0.136080,4.982538,0.558571,0.41995,10.00
0.136090,4.985506,0.561243,0.41981,10.00
0.136100,4.988486,0.563434,0.41967,10.00
0.136110,4.991214,0.565171,0.41954,10.00
0.136120,4.993995,0.566469,0.41941,10.00
0.136130,4.996811,0.567319,0.41928,10.00
0.136140,4.999641,0.567718,0.41914,10.00
0.136150,5.002448,0.567663,0.41899,10.00
0.136160,5.005165,0.567164,0.41885,10.00
0.136170,5.007836,0.566232,0.41872,10.00
0.136180,5.010440,0.564874,0.41858,10.00
0.136190,5.012960,0.563102,0.41844,10.00
0.136200,5.015331,0.560931,0.41831,10.00
0.136210,5.017401,0.558400,0.41819,10.00
0.136220,5.019337,0.555542,0.41808,10.00
0.136230,5.021127,0.552380,0.41797,10.00
0.136240,5.022757,0.548937,0.41787,10.00
0.136250,5.024356,0.545241,0.41778,10.00
0.136260,5.026327,0.541251,0.41766,10.00
0.136270,5.028099,0.536954,0.41754,10.00
0.136280,5.029661,0.532382,0.41744,10.00
0.136290,5.031002,0.527569,0.41735,10.00
0.136300,5.032048,0.522551,0.41726,10.00
0.136310,5.032600,0.517395,0.41721,10.00
0.136320,5.032913,0.512162,0.41716,10.00
0.136330,5.032986,0.506888,0.41713,10.00
0.136340,5.032819,0.501613,0.41711,10.00
0.136350,5.032713,0.496374,0.41710,10.00
0.136360,5.033558,0.491068,0.41703,10.00
0.136370,5.034155,0.485636,0.41697,10.00
0.136380,5.034501,0.480119,0.41693,10.00
0.136390,5.034593,0.474558,0.41689,10.00
0.136400,5.034256,0.468993,0.41687,10.00
0.136410,5.032965,0.463549,0.41690,10.00
0.136420,5.031438,0.458323,0.41695,10.00
0.136430,5.029688,0.453350,0.41701,10.00
0.136440,5.027728,0.448667,0.41709,10.00
0.136450,5.025468,0.444306,0.41717,10.00
0.136460,5.022610,0.440349,0.41729,10.00
0.136470,5.019598,0.436857,0.41742,10.00
0.136480,5.016454,0.433852,0.41756,10.00
0.136490,5.013203,0.431357,0.41771,10.00
0.136500,5.009902,0.429386,0.41787,10.00
0.136510,5.006683,0.427935,0.41802,10.00
0.136520,5.003428,0.427002,0.41818,10.00
0.136530,5.000159,0.426591,0.41834,10.00
0.136540,4.996900,0.426703,0.41851,10.00
0.136550,4.993709,0.427337,0.41867,10.00
0.136560,4.990707,0.428469,0.41883,10.00
0.136570,4.987783,0.430078,0.41899,10.00
0.136580,4.984958,0.432153,0.41914,10.00
0.136590,4.982252,0.434675,0.41929,10.00
0.136600,4.979600,0.437625,0.41943,10.00
0.136610,4.976767,0.441020,0.41959,10.00
0.136620,4.974114,0.444862,0.41975,10.00
0.136630,4.971658,0.449121,0.41989,10.00
0.136640,4.969417,0.453764,0.42003,10.00
0.136650,4.967398,0.458757,0.42016,10.00
0.136660,4.965591,0.464066,0.42028,10.00
0.136670,4.964040,0.469653,0.42039,10.00
0.136680,4.962757,0.475478,0.42048,10.00
0.136690,4.961749,0.481496,0.42057,10.00
0.136700,4.961325,0.487665,0.42064,10.00
0.136710,4.962387,0.493792,0.42062,10.00
0.136720,4.963717,0.499738,0.42058,10.00
0.136730,4.965305,0.505460,0.42053,10.00
0.136740,4.967138,0.510918,0.42047,10.00
0.136750,4.968907,0.516072,0.42040,10.00
0.136760,4.969717,0.521028,0.42038,10.00
0.136770,4.970744,0.525845,0.42036,10.00
0.136780,4.971980,0.530488,0.42032,10.00
0.136790,4.973416,0.534925,0.42027,10.00
0.136800,4.975052,0.539123,0.42021,10.00
0.136810,4.976913,0.543048,0.42014,10.00
0.136820,4.978935,0.546668,0.42006,10.00
0.136830,4.981103,0.549957,0.41997,10.00
0.136840,4.983402,0.552894,0.41987,10.00
0.136850,4.986067,0.555457,0.41976,10.00
0.136860,4.989841,0.557507,0.41959,10.00
0.136870,4.993675,0.558951,0.41940,10.00
0.136880,4.997539,0.559778,0.41921,10.00
0.136890,5.001407,0.559986,0.41902,10.00
0.136900,5.004954,0.559576,0.41882,10.00
0.136910,5.007273,0.558693,0.41870,10.00
0.136920,5.009531,0.557442,0.41858,10.00
0.136930,5.011712,0.555832,0.41847,10.00
0.136940,5.013801,0.553876,0.41835,10.00
0.136950,5.015966,0.551589,0.41824,10.00
0.136960,5.018744,0.548902,0.41808,10.00
0.136970,5.021375,0.545776,0.41794,10.00
0.136980,5.023840,0.542235,0.41779,10.00
0.136990,5.026123,0.538307,0.41766,10.00
0.137000,5.028424,0.534022,0.41753,10.00
0.137010,5.031369,0.529307,0.41736,10.00
0.137020,5.034075,0.524131,0.41719,10.00
0.137030,5.036521,0.518533,0.41704,10.00
0.137040,5.038692,0.512554,0.41690,10.00
0.137050,5.040369,0.506240,0.41677,10.00
0.137060,5.040933,0.499735,0.41670,10.00
0.137070,5.041197,0.493152,0.41666,10.00
0.137080,5.041160,0.486540,0.41662,10.00
0.137090,5.040823,0.479947,0.41660,10.00
0.137100,5.040100,0.473420,0.41660,10.00
0.137110,5.038727,0.467051,0.41663,10.00
0.137120,5.037077,0.460913,0.41668,10.00
0.137130,5.035164,0.455051,0.41675,10.00
0.137140,5.033002,0.449506,0.41682,10.00
0.137150,5.030425,0.444317,0.41692,10.00
0.137160,5.026910,0.439609,0.41707,10.00
0.137170,5.023212,0.435471,0.41723,10.00
0.137180,5.019360,0.431933,0.41740,10.00
0.137190,5.015382,0.429017,0.41759,10.00
0.137200,5.011586,0.426744,0.41778,10.00
0.137210,5.008835,0.424992,0.41791,10.00
0.137220,5.006028,0.423683,0.41804,10.00
0.137230,5.003188,0.422825,0.41818,10.00
0.137240,5.000334,0.422424,0.41832,10.00
0.137250,4.997305,0.422480,0.41846,10.00
0.137260,4.993581,0.423078,0.41865,10.00
0.137270,4.989918,0.424271,0.41884,10.00
0.137280,4.986341,0.426047,0.41903,10.00
0.137290,4.982877,0.428391,0.41922,10.00
0.137300,4.979800,0.431285,0.41940,10.00
0.137310,4.977879,0.434585,0.41952,10.00
0.137320,4.976125,0.438186,0.41962,10.00
0.137330,4.974550,0.442061,0.41972,10.00
0.137340,4.973164,0.446181,0.41982,10.00
0.137350,4.971791,0.450514,0.41990,10.00
0.137360,4.969883,0.455118,0.42002,10.00
0.137370,4.968201,0.460019,0.42013,10.00
0.137380,4.966756,0.465179,0.42023,10.00
0.137390,4.965558,0.470560,0.42032,10.00
0.137400,4.964726,0.476123,0.42040,10.00
0.137410,4.964598,0.481772,0.42044,10.00
0.137420,4.964727,0.487431,0.42046,10.00
0.137430,4.965111,0.493058,0.42047,10.00
0.137440,4.965747,0.498613,0.42047,10.00
0.137450,4.966573,0.504056,0.42046,10.00
0.137460,4.967414,0.509375,0.42044,10.00
0.137470,4.968489,0.514548,0.42042,10.00
0.137480,4.969789,0.519540,0.42038,10.00
0.137490,4.971303,0.524315,0.42033,10.00
0.137500,4.973021,0.528838,0.42027,10.00
0.137510,4.974927,0.533079,0.42019,10.00
0.137520,4.977009,0.537006,0.42011,10.00
0.137530,4.979250,0.540592,0.42002,10.00
0.137540,4.981634,0.543814,0.41992,10.00
0.137550,4.984092,0.546648,0.41981,10.00
0.137560,4.986454,0.549100,0.41970,10.00
0.137570,4.988906,0.551169,0.41959,10.00
0.137580,4.991430,0.552843,0.41947,10.00
0.137590,4.994008,0.554109,0.41935,10.00
0.137600,4.996572,0.554961,0.41922,10.00
0.137610,4.998960,0.555417,0.41911,10.00
0.137620,5.001347,0.555490,0.41899,10.00
0.137630,5.003717,0.555181,0.41887,10.00
0.137640,5.006051,0.554493,0.41875,10.00
0.137650,5.008364,0.553434,0.41863,10.00
0.137660,5.010732,0.551997,0.41850,10.00
0.137670,5.013014,0.550183,0.41837,10.00
0.137680,5.015193,0.548009,0.41825,10.00
0.137690,5.017254,0.545490,0.41814,10.00
0.137700,5.019133,0.542646,0.41802,10.00
0.137710,5.020670,0.539524,0.41793,10.00
0.137720,5.022052,0.536161,0.41784,10.00
0.137730,5.023269,0.532583,0.41776,10.00
0.137740,5.024313,0.528818,0.41769,10.00
0.137750,5.025072,0.524893,0.41762,10.00
0.137760,5.025226,0.520888,0.41759,10.00
0.137770,5.025197,0.516866,0.41757,10.00
0.137780,5.024985,0.512856,0.41756,10.00
0.137790,5.024594,0.508888,0.41756,10.00
0.137800,5.024175,0.504989,0.41757,10.00
0.137810,5.024173,0.501118,0.41755,10.00
0.137820,5.023995,0.497254,0.41753,10.00
0.137830,5.023644,0.493427,0.41753,10.00
0.137840,5.023122,0.489662,0.41754,10.00
0.137850,5.022285,0.485988,0.41755,10.00
0.137860,5.020693,0.482503,0.41761,10.00
0.137870,5.018957,0.479280,0.41768,10.00
0.137880,5.017090,0.476340,0.41776,10.00
0.137890,5.015106,0.473704,0.41784,10.00
0.137900,5.013051,0.471390,0.41794,10.00
0.137910,5.011032,0.469399,0.41803,10.00
0.137920,5.008940,0.467735,0.41812,10.00
0.137930,5.006792,0.466408,0.41822,10.00
0.137940,5.004602,0.465428,0.41833,10.00
0.137950,5.002365,0.464799,0.41843,10.00
0.137960,5.000026,0.464537,0.41855,10.00
0.137970,4.997697,0.464649,0.41867,10.00
0.137980,4.995393,0.465133,0.41879,10.00
0.137990,4.993131,0.465985,0.41890,10.00
0.138000,4.991205,0.467196,0.41902,10.00
0.138010,4.990451,0.468625,0.41907,10.00
0.138020,4.989769,0.470171,0.41911,10.00
0.138030,4.989163,0.471824,0.41915,10.00
0.138040,4.988638,0.473571,0.41918,10.00
0.138050,4.987892,0.475398,0.41922,10.00
0.138060,4.986022,0.477439,0.41932,10.00
0.138070,4.984262,0.479774,0.41942,10.00
0.138080,4.982624,0.482386,0.41952,10.00
0.138090,4.981118,0.485256,0.41961,10.00
0.138100,4.979848,0.488360,0.41969,10.00
0.138110,4.979095,0.491632,0.41975,10.00
0.138120,4.978497,0.495018,0.41980,10.00
0.138130,4.978058,0.498493,0.41984,10.00
0.138140,4.977781,0.502032,0.41987,10.00
0.138150,4.978036,0.505608,0.41990,10.00
0.138160,4.979924,0.509018,0.41982,10.00
0.138170,4.981950,0.512120,0.41974,10.00
0.138180,4.984098,0.514892,0.41964,10.00
0.138190,4.986353,0.517315,0.41954,10.00
0.138200,4.988576,0.519374,0.41944,10.00
0.138210,4.990386,0.521112,0.41936,10.00
0.138220,4.992260,0.522557,0.41927,10.00
0.138230,4.994182,0.523700,0.41918,10.00
0.138240,4.996139,0.524534,0.41909,10.00
0.138250,4.998224,0.525053,0.41899,10.00
0.138260,5.000744,0.525204,0.41887,10.00
0.138270,5.003249,0.524951,0.41874,10.00
0.138280,5.005720,0.524298,0.41861,10.00
0.138290,5.008140,0.523252,0.41848,10.00
0.138300,5.010211,0.521821,0.41836,10.00
0.138310,5.011086,0.520151,0.41831,10.00
0.138320,5.011877,0.518344,0.41826,10.00
0.138330,5.012580,0.516414,0.41821,10.00
0.138340,5.013188,0.514375,0.41817,10.00
0.138350,5.013562,0.512243,0.41813,10.00
0.138360,5.013287,0.510100,0.41813,10.00
0.138370,5.012918,0.508004,0.41814,10.00
0.138380,5.012457,0.505971,0.41815,10.00
0.138390,5.011908,0.504016,0.41817,10.00
0.138400,5.011560,0.502152,0.41819,10.00
0.138410,5.012265,0.500256,0.41815,10.00
0.138420,5.012877,0.498252,0.41810,10.00
0.138430,5.013393,0.496153,0.41807,10.00
0.138440,5.013810,0.493976,0.41803,10.00
0.138450,5.013829,0.491736,0.41801,10.00
0.138460,5.012572,0.489592,0.41806,10.00
0.138470,5.011230,0.487653,0.41811,10.00
0.138480,5.009811,0.485932,0.41818,10.00
0.138490,5.008327,0.484442,0.41824,10.00
0.138500,5.006811,0.483191,0.41831,10.00
0.138510,5.005347,0.482178,0.41838,10.00
0.138520,5.003849,0.481400,0.41845,10.00
0.138530,5.002330,0.480864,0.41852,10.00
0.138540,5.000800,0.480571,0.41860,10.00
0.138550,4.999313,0.480524,0.41868,10.00
0.138560,4.998012,0.480700,0.41874,10.00
0.138570,4.996731,0.481084,0.41881,10.00
0.138580,4.995479,0.481672,0.41887,10.00
0.138590,4.994264,0.482458,0.41894,10.00
0.138600,4.993191,0.483438,0.41900,10.00
0.138610,4.992550,0.484557,0.41904,10.00
0.138620,4.991965,0.485776,0.41908,10.00
0.138630,4.991441,0.487087,0.41911,10.00
0.138640,4.990980,0.488479,0.41914,10.00
0.138650,4.990508,0.489941,0.41917,10.00
0.138660,4.989791,0.491502,0.41921,10.00
0.138670,4.989152,0.493174,0.41925,10.00
0.138680,4.988593,0.494946,0.41929,10.00
0.138690,4.988121,0.496803,0.41933,10.00
0.138700,4.987870,0.498732,0.41936,10.00
0.138710,4.988244,0.500655,0.41935,10.00
0.138720,4.988701,0.502514,0.41933,10.00
0.138730,4.989239,0.504296,0.41932,10.00
0.138740,4.989852,0.505989,0.41930,10.00
0.138750,4.990714,0.507581,0.41927,10.00
0.138760,4.992346,0.508976,0.41920,10.00
0.138770,4.994026,0.510106,0.41912,10.00
0.138780,4.995742,0.510967,0.41904,10.00
0.138790,4.997482,0.511551,0.41895,10.00
0.138800,4.999051,0.511856,0.41887,10.00
0.138810,4.999892,0.511968,0.41883,10.00
0.138820,5.000732,0.511946,0.41878,10.00
0.138830,5.001562,0.511789,0.41874,10.00
0.138840,5.002379,0.511500,0.41870,10.00
0.138850,5.003225,0.511081,0.41866,10.00
0.138860,5.004244,0.510511,0.41860,10.00
0.138870,5.005228,0.509779,0.41855,10.00
0.138880,5.006170,0.508892,0.41850,10.00
0.138890,5.007064,0.507856,0.41845,10.00
0.138900,5.007799,0.506678,0.41840,10.00
0.138910,5.008060,0.505419,0.41838,10.00
0.138920,5.008261,0.504121,0.41836,10.00
0.138930,5.008402,0.502792,0.41835,10.00
0.138940,5.008481,0.501444,0.41833,10.00
0.138950,5.008450,0.500086,0.41833,10.00
0.138960,5.008165,0.498751,0.41833,10.00
0.138970,5.007822,0.497464,0.41834,10.00
0.138980,5.007424,0.496234,0.41836,10.00
0.138990,5.006973,0.495070,0.41837,10.00
0.139000,5.006292,0.493980,0.41839,10.00
0.139010,5.004843,0.493060,0.41846,10.00
0.139020,5.003365,0.492372,0.41853,10.00
0.139030,5.001870,0.491923,0.41860,10.00
0.139040,5.000367,0.491713,0.41868,10.00
0.139050,4.998914,0.491744,0.41875,10.00
0.139060,4.997660,0.491992,0.41882,10.00
0.139070,4.996428,0.492440,0.41888,10.00
0.139080,4.995227,0.493084,0.41894,10.00
0.139090,4.994066,0.493918,0.41901,10.00
0.139100,4.993146,0.494937,0.41907,10.00
0.139110,4.993047,0.496039,0.41908,10.00
0.139120,4.993000,0.497155,0.41909,10.00
0.139130,4.993003,0.498276,0.41909,10.00
0.139140,4.993057,0.499395,0.41910,10.00
0.139150,4.993090,0.500502,0.41910,10.00
0.139160,4.992887,0.501626,0.41911,10.00
0.139170,4.992737,0.502779,0.41913,10.00
0.139180,4.992641,0.503955,0.41914,10.00
0.139190,4.992599,0.505143,0.41915,10.00
0.139200,4.992560,0.506336,0.41915,10.00
0.139210,4.992377,0.507548,0.41917,10.00
0.139220,4.992249,0.508788,0.41918,10.00
0.139230,4.992179,0.510046,0.41919,10.00
0.139240,4.992167,0.511312,0.41920,10.00
0.139250,4.992192,0.512578,0.41920,10.00
0.139260,4.992197,0.513843,0.41921,10.00
0.139270,4.992258,0.515105,0.41921,10.00
0.139280,4.992377,0.516355,0.41922,10.00
0.139290,4.992551,0.517584,0.41921,10.00
0.139300,4.992792,0.518782,0.41921,10.00
0.139310,4.993141,0.519935,0.41920,10.00
0.139320,4.993540,0.521029,0.41918,10.00
0.139330,4.993984,0.522058,0.41917,10.00
0.139340,4.994471,0.523014,0.41915,10.00
0.139350,4.995017,0.523889,0.41912,10.00
0.139360,4.995677,0.524670,0.41910,10.00
0.139370,4.996367,0.525343,0.41907,10.00
0.139380,4.997081,0.525905,0.41903,10.00
0.139390,4.997814,0.526352,0.41900,10.00
0.139400,4.998577,0.526680,0.41896,10.00
0.139410,4.999415,0.526880,0.41892,10.00
0.139420,5.000255,0.526946,0.41888,10.00
0.139430,5.001091,0.526877,0.41884,10.00
0.139440,5.001915,0.526675,0.41879,10.00
0.139450,5.003108,0.526341,0.41875,10.00
0.139460,5.005804,0.525694,0.41861,10.00
0.139470,5.008447,0.524618,0.41848,10.00
0.139480,5.011018,0.523121,0.41834,10.00
0.139490,5.013498,0.521216,0.41820,10.00
0.139500,5.015396,0.518919,0.41807,10.00
0.139510,5.015286,0.516474,0.41806,10.00
0.139520,5.015066,0.514051,0.41806,10.00
0.139530,5.014738,0.511668,0.41807,10.00
0.139540,5.014305,0.509342,0.41807,10.00
0.139550,5.014075,0.507090,0.41809,10.00
0.139560,5.014961,0.504781,0.41803,10.00
0.139570,5.015735,0.502334,0.41798,10.00
0.139580,5.016390,0.499769,0.41793,10.00
0.139590,5.016924,0.497104,0.41789,10.00
0.139600,5.017129,0.494359,0.41786,10.00
0.139610,5.016399,0.491651,0.41788,10.00
0.139620,5.015552,0.489066,0.41791,10.00
0.139630,5.014596,0.486620,0.41794,10.00
0.139640,5.013537,0.484332,0.41798,10.00
0.139650,5.012521,0.482218,0.41803,10.00
0.139660,5.011963,0.480227,0.41805,10.00
0.139670,5.011320,0.478329,0.41807,10.00
0.139680,5.010596,0.476537,0.41809,10.00
0.139690,5.009798,0.474864,0.41813,10.00
0.139700,5.008861,0.473322,0.41816,10.00
0.139710,5.007582,0.471956,0.41822,10.00
0.139720,5.006253,0.470797,0.41828,10.00
0.139730,5.004883,0.469852,0.41834,10.00
0.139740,5.003482,0.469128,0.41841,10.00
0.139750,5.002071,0.468630,0.41848,10.00
0.139760,5.000689,0.468355,0.41854,10.00
0.139770,4.999308,0.468302,0.41861,10.00
0.139780,4.997936,0.468470,0.41868,10.00
0.139790,4.996584,0.468857,0.41875,10.00
0.139800,4.995545,0.469459,0.41882,10.00
0.139810,4.995670,0.470136,0.41882,10.00
0.139820,4.995824,0.470791,0.41882,10.00
0.139830,4.996007,0.471421,0.41881,10.00
0.139840,4.996217,0.472021,0.41880,10.00
0.139850,4.996044,0.472586,0.41879,10.00
0.139860,4.994271,0.473308,0.41889,10.00
0.139870,4.992546,0.474313,0.41898,10.00
0.139880,4.990882,0.475591,0.41907,10.00
0.139890,4.989291,0.477133,0.41916,10.00
0.139900,4.987985,0.478926,0.41924,10.00
0.139910,4.987574,0.480860,0.41927,10.00
0.139920,4.987254,0.482857,0.41930,10.00
0.139930,4.987028,0.484900,0.41932,10.00
0.139940,4.986896,0.486976,0.41934,10.00
0.139950,4.986814,0.489070,0.41935,10.00
0.139960,4.986644,0.491187,0.41937,10.00
0.139970,4.986572,0.493327,0.41939,10.00
0.139980,4.986598,0.495474,0.41940,10.00
0.139990,4.986721,0.497613,0.41941,10.00
0.140000,4.987025,0.499729,0.41941,10.00
0.140010,4.987760,0.501765,0.41938,10.00
0.140020,4.988582,0.503679,0.41935,10.00
0.140030,4.989483,0.505458,0.41931,10.00
0.140040,4.990456,0.507090,0.41927,10.00
0.140050,4.991717,0.508563,0.41923,10.00
0.140060,4.993915,0.509762,0.41913,10.00
0.140070,4.996148,0.510606,0.41902,10.00
0.140080,4.998400,0.511092,0.41891,10.00
0.140090,5.000654,0.511217,0.41880,10.00
0.140100,5.002545,0.510982,0.41868,10.00
0.140110,5.003018,0.510556,0.41866,10.00
0.140120,5.003467,0.510056,0.41863,10.00
0.140130,5.003890,0.509485,0.41861,10.00
0.140140,5.004284,0.508847,0.41859,10.00
0.140150,5.004794,0.508147,0.41856,10.00
0.140160,5.005866,0.507319,0.41851,10.00
0.140170,5.006890,0.506322,0.41845,10.00
0.140180,5.007860,0.505163,0.41839,10.00
0.140190,5.008769,0.503851,0.41834,10.00
0.140200,5.009616,0.502396,0.41829,10.00
0.140210,5.010416,0.500807,0.41824,10.00
0.140220,5.011136,0.499093,0.41820,10.00
0.140230,5.011772,0.497267,0.41815,10.00
0.140240,5.012320,0.495343,0.41812,10.00
0.140250,5.012644,0.493335,0.41808,10.00
0.140260,5.012347,0.491321,0.41809,10.00
0.140270,5.011961,0.489359,0.41810,10.00
0.140280,5.011490,0.487463,0.41811,10.00
0.140290,5.010937,0.485645,0.41813,10.00
0.140300,5.010594,0.483919,0.41815,10.00
0.140310,5.011321,0.482160,0.41810,10.00
0.140320,5.011961,0.480287,0.41806,10.00
0.140330,5.012511,0.478317,0.41802,10.00
0.140340,5.012966,0.476262,0.41799,10.00
0.140350,5.013150,0.474138,0.41796,10.00
0.140360,5.012537,0.472046,0.41798,10.00
0.140370,5.011835,0.470055,0.41800,10.00
0.140380,5.011050,0.468181,0.41803,10.00
0.140390,5.010186,0.466436,0.41807,10.00
0.140400,5.009034,0.464832,0.41810,10.00
0.140410,5.006953,0.463486,0.41820,10.00
0.140420,5.004831,0.462474,0.41830,10.00
0.140430,5.002681,0.461804,0.41841,10.00
0.140440,5.000520,0.461479,0.41851,10.00
0.140450,4.998512,0.461499,0.41862,10.00
0.140460,4.997113,0.461794,0.41869,10.00
0.140470,4.995739,0.462311,0.41877,10.00
0.140480,4.994401,0.463048,0.41884,10.00
0.140490,4.993108,0.463997,0.41891,10.00
0.140500,4.991865,0.465151,0.41897,10.00
0.140510,4.990666,0.466503,0.41904,10.00
0.140520,4.989539,0.468044,0.41911,10.00
0.140530,4.988491,0.469762,0.41917,10.00
0.140540,4.987531,0.471645,0.41923,10.00
0.140550,4.986503,0.473678,0.41928,10.00
0.140560,4.984932,0.475922,0.41937,10.00
0.140570,4.983477,0.478414,0.41946,10.00
0.140580,4.982147,0.481134,0.41954,10.00
0.140590,4.980953,0.484061,0.41962,10.00
0.140600,4.980136,0.487173,0.41969,10.00
0.140610,4.980403,0.490334,0.41969,10.00
0.140620,4.980811,0.493447,0.41969,10.00
0.140630,4.981356,0.496489,0.41968,10.00
0.140640,4.982034,0.499438,0.41966,10.00
0.140650,4.982617,0.502273,0.41963,10.00
0.140660,4.982437,0.505080,0.41966,10.00
0.140670,4.982386,0.507911,0.41968,10.00
0.140680,4.982464,0.510744,0.41969,10.00
0.140690,4.982670,0.513560,0.41969,10.00
0.140700,4.983384,0.516337,0.41969,10.00
0.140710,4.985743,0.518872,0.41959,10.00
0.140720,4.988195,0.521025,0.41947,10.00
0.140730,4.990724,0.522782,0.41936,10.00
0.140740,4.993310,0.524131,0.41924,10.00
0.140750,4.995429,0.525065,0.41911,10.00
0.140760,4.995557,0.525819,0.41911,10.00
0.140770,4.995719,0.526552,0.41910,10.00
0.140780,4.995913,0.527257,0.41910,10.00
0.140790,4.996137,0.527929,0.41909,10.00
0.140800,4.996589,0.528564,0.41908,10.00
0.140810,4.997863,0.529062,0.41902,10.00
0.140820,4.999148,0.529355,0.41896,10.00
0.140830,5.000434,0.529442,0.41889,10.00
0.140840,5.001714,0.529323,0.41883,10.00
0.140850,5.002980,0.528999,0.41876,10.00
0.140860,5.004235,0.528473,0.41870,10.00
0.140870,5.005455,0.527747,0.41863,10.00
0.140880,5.006631,0.526827,0.41857,10.00
0.140890,5.007755,0.525721,0.41850,10.00
0.140900,5.008608,0.524437,0.41844,10.00
0.140910,5.008556,0.523086,0.41844,10.00
0.140920,5.008443,0.521747,0.41844,10.00
0.140930,5.008271,0.520427,0.41844,10.00
0.140940,5.008040,0.519138,0.41844,10.00
0.140950,5.007903,0.517888,0.41845,10.00
0.140960,5.008310,0.516614,0.41842,10.00
0.140970,5.008656,0.515277,0.41840,10.00
0.140980,5.008937,0.513887,0.41838,10.00
0.140990,5.009153,0.512455,0.41836,10.00
0.141000,5.009445,0.510992,0.41834,10.00
0.141010,5.010232,0.509439,0.41829,10.00
0.141020,5.010943,0.507763,0.41825,10.00
0.141030,5.011571,0.505976,0.41821,10.00
0.141040,5.012112,0.504093,0.41817,10.00
0.141050,5.012466,0.502127,0.41814,10.00
0.141060,5.012336,0.500139,0.41813,10.00
0.141070,5.012118,0.498176,0.41813,10.00
0.141080,5.011813,0.496251,0.41814,10.00
0.141090,5.011423,0.494379,0.41815,10.00
0.141100,5.010910,0.492573,0.41816,10.00
0.141110,5.010154,0.490866,0.41819,10.00
0.141120,5.009327,0.489283,0.41822,10.00
0.141130,5.008436,0.487835,0.41826,10.00
0.141140,5.007488,0.486532,0.41830,10.00
0.141150,5.006567,0.485383,0.41834,10.00
0.141160,5.005914,0.484359,0.41837,10.00
0.141170,5.005221,0.483441,0.41840,10.00
0.141180,5.004493,0.482635,0.41843,10.00
0.141190,5.003734,0.481948,0.41847,10.00
0.141200,5.002802,0.481383,0.41850,10.00
0.141210,5.001259,0.481016,0.41858,10.00
0.141220,4.999712,0.480897,0.41866,10.00
0.141230,4.998174,0.481024,0.41873,10.00
0.141240,4.996656,0.481398,0.41881,10.00
0.141250,4.995251,0.482013,0.41889,10.00
0.141260,4.994216,0.482825,0.41895,10.00
0.141270,4.993227,0.483802,0.41900,10.00
0.141280,4.992291,0.484934,0.41905,10.00
0.141290,4.991414,0.486214,0.41910,10.00
0.141300,4.990906,0.487632,0.41915,10.00
0.141310,4.991672,0.489031,0.41912,10.00
0.141320,4.992495,0.490305,0.41909,10.00
0.141330,4.993368,0.491446,0.41905,10.00
0.141340,4.994285,0.492444,0.41901,10.00
0.141350,4.994992,0.493295,0.41897,10.00
0.141360,4.994749,0.494109,0.41898,10.00
0.141370,4.994544,0.494962,0.41900,10.00
0.141380,4.994379,0.495845,0.41901,10.00
0.141390,4.994257,0.496753,0.41902,10.00
0.141400,4.994255,0.497678,0.41903,10.00
0.141410,4.994610,0.498577,0.41902,10.00
0.141420,4.995003,0.499417,0.41900,10.00
0.141430,4.995431,0.500193,0.41899,10.00
0.141440,4.995890,0.500900,0.41897,10.00
0.141450,4.996386,0.501531,0.41895,10.00
0.141460,4.996944,0.502079,0.41892,10.00
0.141470,4.997522,0.502537,0.41889,10.00
0.141480,4.998116,0.502901,0.41887,10.00
0.141490,4.998721,0.503170,0.41884,10.00
0.141500,4.999169,0.503341,0.41881,10.00
0.141510,4.998964,0.503494,0.41882,10.00
0.141520,4.998768,0.503678,0.41883,10.00
0.141530,4.998583,0.503894,0.41884,10.00
0.141540,4.998408,0.504139,0.41885,10.00
0.141550,4.998586,0.504411,0.41886,10.00
0.141560,5.000126,0.504545,0.41878,10.00
0.141570,5.001658,0.504434,0.41871,10.00
0.141580,5.003172,0.504077,0.41863,10.00
0.141590,5.004656,0.503480,0.41855,10.00
0.141600,5.005782,0.502646,0.41847,10.00
0.141610,5.005593,0.501736,0.41848,10.00
0.141620,5.005365,0.500858,0.41849,10.00
0.141630,5.005099,0.500017,0.41849,10.00
0.141640,5.004798,0.499221,0.41850,10.00
0.141650,5.004548,0.498475,0.41852,10.00
0.141660,5.004606,0.497742,0.41851,10.00
0.141670,5.004630,0.497002,0.41851,10.00
0.141680,5.004621,0.496259,0.41850,10.00
0.141690,5.004578,0.495520,0.41850,10.00
0.141700,5.004642,0.494788,0.41850,10.00
0.141710,5.005234,0.494003,0.41847,10.00
0.141720,5.005784,0.493124,0.41843,10.00
0.141730,5.006290,0.492160,0.41840,10.00
0.141740,5.006747,0.491116,0.41837,10.00
0.141750,5.007125,0.490002,0.41835,10.00
0.141760,5.007333,0.488838,0.41833,10.00
0.141770,5.007487,0.487644,0.41832,10.00
0.141780,5.007586,0.486427,0.41831,10.00
0.141790,5.007628,0.485197,0.41830,10.00
0.141800,5.007405,0.483963,0.41829,10.00
0.141810,5.006291,0.482833,0.41834,10.00
0.141820,5.005136,0.481884,0.41839,10.00
0.141830,5.003948,0.481122,0.41845,10.00
0.141840,5.002737,0.480551,0.41851,10.00
0.141850,5.001464,0.480174,0.41857,10.00
0.141860,5.000004,0.480017,0.41864,10.00
0.141870,4.998549,0.480093,0.41871,10.00
0.141880,4.997111,0.480401,0.41879,10.00
0.141890,4.995700,0.480939,0.41886,10.00
0.141900,4.994601,0.481701,0.41893,10.00
0.141910,4.994642,0.482550,0.41893,10.00
0.141920,4.994722,0.483390,0.41893,10.00
0.141930,4.994840,0.484216,0.41893,10.00
0.141940,4.994993,0.485022,0.41893,10.00
0.141950,4.994850,0.485802,0.41893,10.00
0.141960,4.993422,0.486709,0.41900,10.00
0.141970,4.992047,0.487843,0.41908,10.00
0.141980,4.990736,0.489194,0.41915,10.00
0.141990,4.989498,0.490753,0.41922,10.00
0.142000,4.988577,0.492506,0.41929,10.00
0.142010,4.988684,0.494327,0.41929,10.00
0.142020,4.988873,0.496128,0.41929,10.00
0.142030,4.989142,0.497895,0.41929,10.00
0.142040,4.989489,0.499616,0.41928,10.00
0.142050,4.989769,0.501278,0.41927,10.00
0.142060,4.989559,0.502938,0.41929,10.00
0.142070,4.989425,0.504628,0.41930,10.00
0.142080,4.989370,0.506335,0.41932,10.00
0.142090,4.989392,0.508049,0.41932,10.00
0.142100,4.989564,0.509755,0.41933,10.00
0.142110,4.990094,0.511408,0.41931,10.00
0.142120,4.990695,0.512973,0.41929,10.00
0.142130,4.991362,0.514439,0.41926,10.00
0.142140,4.992089,0.515795,0.41923,10.00
0.142150,4.992912,0.517032,0.41920,10.00
0.142160,4.993945,0.518123,0.41916,10.00
0.142170,4.995019,0.519046,0.41911,10.00
0.142180,4.996125,0.519795,0.41906,10.00
0.142190,4.997255,0.520367,0.41900,10.00
0.142200,4.998315,0.520756,0.41895,10.00
0.142210,4.999040,0.521003,0.41891,10.00
0.142220,4.999770,0.521134,0.41888,10.00
0.142230,5.000499,0.521147,0.41884,10.00
0.142240,5.001223,0.521044,0.41880,10.00
0.142250,5.002508,0.520825,0.41877,10.00
0.142260,5.006056,0.520218,0.41858,10.00
0.142270,5.009545,0.519044,0.41840,10.00
0.142280,5.012950,0.517316,0.41822,10.00
0.142290,5.016246,0.515046,0.41805,10.00
0.142300,5.018846,0.512255,0.41787,10.00
0.142310,5.019045,0.509233,0.41785,10.00
0.142320,5.019106,0.506186,0.41783,10.00
0.142330,5.019028,0.503135,0.41781,10.00
0.142340,5.018812,0.500102,0.41781,10.00
0.142350,5.018704,0.497109,0.41781,10.00
0.142360,5.019426,0.494062,0.41776,10.00
0.142370,5.020004,0.490905,0.41771,10.00
0.142380,5.020434,0.487662,0.41767,10.00
0.142390,5.020713,0.484357,0.41764,10.00
0.142400,5.020622,0.481013,0.41762,10.00
0.142410,5.019514,0.477760,0.41765,10.00
0.142420,5.018269,0.474691,0.41770,10.00
0.142430,5.016895,0.471826,0.41775,10.00
0.142440,5.015404,0.469187,0.41781,10.00
0.142450,5.013791,0.466791,0.41788,10.00
0.142460,5.012021,0.464662,0.41796,10.00
0.142470,5.010170,0.462821,0.41804,10.00
0.142480,5.008252,0.461279,0.41813,10.00
0.142490,5.006282,0.460047,0.41822,10.00
0.142500,5.004578,0.459132,0.41831,10.00
0.142510,5.004063,0.458394,0.41834,10.00
0.142520,5.003520,0.457739,0.41836,10.00
0.142530,5.002951,0.457173,0.41839,10.00
0.142540,5.002362,0.456699,0.41841,10.00
0.142550,5.001383,0.456320,0.41844,10.00
0.142560,4.998903,0.456219,0.41857,10.00
0.142570,4.996441,0.456514,0.41869,10.00
0.142580,4.994014,0.457202,0.41882,10.00
0.142590,4.991640,0.458277,0.41894,10.00
0.142600,4.989508,0.459730,0.41906,10.00
0.142610,4.988145,0.461465,0.41914,10.00
0.142620,4.986874,0.463415,0.41922,10.00
0.142630,4.985703,0.465565,0.41929,10.00
0.142640,4.984639,0.467897,0.41935,10.00
0.142650,4.983627,0.470396,0.41941,10.00
0.142660,4.982487,0.473071,0.41949,10.00
0.142670,4.981477,0.475924,0.41955,10.00
0.142680,4.980606,0.478933,0.41961,10.00
0.142690,4.979879,0.482075,0.41967,10.00
0.142700,4.979298,0.485328,0.41971,10.00
0.142710,4.978856,0.488668,0.41975,10.00
0.142720,4.978569,0.492072,0.41979,10.00
0.142730,4.978440,0.495516,0.41981,10.00
0.142740,4.978467,0.498974,0.41983,10.00
0.142750,4.978601,0.502421,0.41984,10.00
0.142760,4.978693,0.505856,0.41985,10.00
0.142770,4.978939,0.509269,0.41986,10.00
0.142780,4.979338,0.512636,0.41986,10.00
0.142790,4.979886,0.515933,0.41985,10.00
0.142800,4.980619,0.519136,0.41983,10.00
0.142810,4.981652,0.522203,0.41979,10.00
0.142820,4.982814,0.525099,0.41975,10.00
0.142830,4.984096,0.527803,0.41970,10.00
0.142840,4.985491,0.530297,0.41965,10.00
0.142850,4.987140,0.532563,0.41958,10.00
0.142860,4.989494,0.534512,0.41948,10.00
0.142870,4.991916,0.536080,0.41936,10.00
0.142880,4.994387,0.537259,0.41925,10.00
0.142890,4.996890,0.538040,0.41912,10.00
0.142900,4.999274,0.538419,0.41900,10.00
0.142910,5.001131,0.538459,0.41891,10.00
0.142920,5.002974,0.538201,0.41881,10.00
0.142930,5.004789,0.537649,0.41872,10.00
0.142940,5.006562,0.536808,0.41863,10.00
0.142950,5.008286,0.535685,0.41853,10.00
0.142960,5.009963,0.534287,0.41844,10.00
0.142970,5.011562,0.532624,0.41835,10.00
0.142980,5.013071,0.530708,0.41827,10.00
0.142990,5.014480,0.528554,0.41818,10.00
0.143000,5.015727,0.526179,0.41811,10.00
0.143010,5.016650,0.523626,0.41805,10.00
0.143020,5.017448,0.520930,0.41799,10.00
0.143030,5.018118,0.518112,0.41794,10.00
0.143040,5.018653,0.515191,0.41790,10.00
0.143050,5.019071,0.512191,0.41786,10.00
0.143060,5.019430,0.509124,0.41783,10.00
0.143070,5.019646,0.506005,0.41780,10.00
0.143080,5.019718,0.502857,0.41778,10.00
0.143090,5.019647,0.499704,0.41777,10.00
0.143100,5.019273,0.496568,0.41776,10.00
0.143110,5.018120,0.493549,0.41780,10.00
0.143120,5.016840,0.490720,0.41785,10.00
0.143130,5.015444,0.488102,0.41791,10.00
0.143140,5.013941,0.485711,0.41797,10.00
0.143150,5.012482,0.483565,0.41804,10.00
0.143160,5.011494,0.481612,0.41807,10.00
0.143170,5.010426,0.479821,0.41812,10.00
0.143180,5.009287,0.478204,0.41817,10.00
0.143190,5.008084,0.476772,0.41822,10.00
0.143200,5.006801,0.475536,0.41828,10.00
0.143210,5.005368,0.474515,0.41834,10.00
0.143220,5.003902,0.473725,0.41841,10.00
0.143230,5.002413,0.473171,0.41848,10.00
0.143240,5.000912,0.472856,0.41856,10.00
0.143250,4.999393,0.472782,0.41863,10.00
0.143260,4.997813,0.472956,0.41871,10.00
0.143270,4.996254,0.473383,0.41879,10.00
0.143280,4.994729,0.474058,0.41887,10.00
0.143290,4.993249,0.474976,0.41895,10.00
0.143300,4.991764,0.476128,0.41903,10.00
0.143310,4.990110,0.477535,0.41912,10.00
0.143320,4.988534,0.479203,0.41921,10.00
0.143330,4.987048,0.481120,0.41929,10.00
0.143340,4.985662,0.483271,0.41937,10.00
0.143350,4.984447,0.485639,0.41945,10.00
0.143360,4.983591,0.488177,0.41951,10.00
0.143370,4.982858,0.490848,0.41956,10.00
0.143380,4.982252,0.493630,0.41960,10.00
0.143390,4.981778,0.496504,0.41964,10.00
0.143400,4.981677,0.499448,0.41968,10.00
0.143410,4.982664,0.502327,0.41964,10.00
0.143420,4.983772,0.505041,0.41960,10.00
0.143430,4.984993,0.507574,0.41955,10.00
0.143440,4.986319,0.509907,0.41950,10.00
0.143450,4.987479,0.512023,0.41944,10.00
0.143460,4.987691,0.514033,0.41944,10.00
0.143470,4.987992,0.516004,0.41944,10.00
0.143480,4.988379,0.517924,0.41943,10.00
0.143490,4.988851,0.519779,0.41941,10.00
0.143500,4.989602,0.521554,0.41940,10.00
0.143510,4.991223,0.523142,0.41932,10.00
0.143520,4.992901,0.524467,0.41925,10.00
0.143530,4.994625,0.525522,0.41917,10.00
0.143540,4.996382,0.526299,0.41908,10.00
0.143550,4.998089,0.526793,0.41900,10.00
0.143560,4.999529,0.527036,0.41892,10.00
0.143570,5.000967,0.527048,0.41885,10.00
0.143580,5.002393,0.526830,0.41878,10.00
0.143590,5.003797,0.526385,0.41871,10.00
0.143600,5.005133,0.525716,0.41863,10.00
0.143610,5.006290,0.524845,0.41857,10.00
0.143620,5.007397,0.523792,0.41851,10.00
0.143630,5.008446,0.522563,0.41845,10.00
0.143640,5.009431,0.521168,0.41839,10.00
0.143650,5.010408,0.519620,0.41834,10.00
0.143660,5.011565,0.517896,0.41827,10.00
0.143670,5.012634,0.515992,0.41821,10.00
0.143680,5.013607,0.513920,0.41815,10.00
0.143690,5.014477,0.511696,0.41809,10.00
0.143700,5.015155,0.509338,0.41804,10.00
0.143710,5.015388,0.506902,0.41802,10.00
0.143720,5.015507,0.504434,0.41800,10.00
0.143730,5.015514,0.501952,0.41798,10.00
0.143740,5.015408,0.499473,0.41798,10.00
0.143750,5.015287,0.497016,0.41797,10.00
0.143760,5.015439,0.494552,0.41795,10.00
0.143770,5.015479,0.492068,0.41794,10.00
0.143780,5.015405,0.489583,0.41793,10.00
0.143790,5.015219,0.487115,0.41792,10.00
0.143800,5.014848,0.484681,0.41792,10.00
0.143810,5.014072,0.482335,0.41795,10.00
0.143820,5.013196,0.480118,0.41798,10.00
0.143830,5.012227,0.478045,0.41802,10.00
0.143840,5.011173,0.476131,0.41806,10.00
0.143850,5.010135,0.474389,0.41811,10.00
0.143860,5.009401,0.472787,0.41814,10.00
0.143870,5.008600,0.471305,0.41817,10.00
0.143880,5.007739,0.469954,0.41821,10.00
0.143890,5.006824,0.468743,0.41824,10.00
0.143900,5.005931,0.467682,0.41829,10.00
0.143910,5.005274,0.466742,0.41832,10.00
0.143920,5.004579,0.465910,0.41835,10.00
0.143930,5.003853,0.465191,0.41838,10.00
0.143940,5.003101,0.464590,0.41841,10.00
0.143950,5.002292,0.464109,0.41845,10.00
0.143960,5.001327,0.463771,0.41850,10.00
0.143970,5.000355,0.463588,0.41854,10.00
0.143980,4.999384,0.463560,0.41859,10.00
0.143990,4.998420,0.463688,0.41864,10.00
0.144000,4.997642,0.463970,0.41869,10.00
0.144010,4.997571,0.464320,0.41870,10.00
0.144020,4.997517,0.464682,0.41870,10.00
0.144030,4.997479,0.465052,0.41870,10.00
0.144040,4.997459,0.465427,0.41871,10.00
0.144050,4.996792,0.465804,0.41871,10.00
0.144060,4.993501,0.466501,0.41888,10.00
0.144070,4.990271,0.467722,0.41905,10.00
0.144080,4.987125,0.469457,0.41921,10.00
0.144090,4.984085,0.471692,0.41938,10.00
0.144100,4.981443,0.474408,0.41954,10.00
0.144110,4.980015,0.477455,0.41963,10.00
0.144120,4.978738,0.480725,0.41971,10.00
0.144130,4.977621,0.484192,0.41978,10.00
0.144140,4.976671,0.487832,0.41985,10.00
0.144150,4.975967,0.491616,0.41991,10.00
0.144160,4.975733,0.495482,0.41994,10.00
0.144170,4.975675,0.499378,0.41997,10.00
0.144180,4.975795,0.503276,0.41998,10.00
0.144190,4.976091,0.507148,0.41999,10.00
0.144200,4.976507,0.510964,0.41999,10.00
0.144210,4.976886,0.514723,0.41999,10.00
0.144220,4.977431,0.518415,0.41998,10.00
0.144230,4.978139,0.522012,0.41997,10.00
0.144240,4.979004,0.525488,0.41994,10.00
0.144250,4.980053,0.528820,0.41991,10.00
0.144260,4.981376,0.531967,0.41986,10.00
0.144270,4.982831,0.534896,0.41980,10.00
0.144280,4.984405,0.537587,0.41974,10.00
0.144290,4.986087,0.540022,0.41967,10.00
0.144300,4.987998,0.542182,0.41959,10.00
0.144310,4.990516,0.543990,0.41947,10.00
0.144320,4.993095,0.545392,0.41935,10.00
0.144330,4.995714,0.546380,0.41922,10.00
0.144340,4.998354,0.546946,0.41910,10.00
0.144350,5.001080,0.547089,0.41896,10.00
0.144360,5.004123,0.546770,0.41881,10.00
0.144370,5.007124,0.545964,0.41865,10.00
0.144380,5.010061,0.544681,0.41850,10.00
0.144390,5.012915,0.542930,0.41835,10.00
0.144400,5.015618,0.540726,0.41820,10.00
0.144410,5.018016,0.538109,0.41806,10.00
0.144420,5.020274,0.535114,0.41793,10.00
0.144430,5.022377,0.531763,0.41781,10.00
0.144440,5.024308,0.528082,0.41769,10.00
0.144450,5.025746,0.524100,0.41758,10.00
0.144460,5.025757,0.519995,0.41756,10.00
0.144470,5.025582,0.515895,0.41755,10.00
0.144480,5.025222,0.511832,0.41754,10.00
0.144490,5.024681,0.507834,0.41755,10.00
0.144500,5.024231,0.503929,0.41756,10.00
0.144510,5.024675,0.500019,0.41752,10.00
0.144520,5.024938,0.496044,0.41748,10.00
0.144530,5.025018,0.492036,0.41746,10.00
0.144540,5.024916,0.488022,0.41744,10.00
0.144550,5.024633,0.484033,0.41743,10.00
0.144560,5.024175,0.480096,0.41744,10.00
0.144570,5.023542,0.476240,0.41745,10.00
0.144580,5.022740,0.472493,0.41747,10.00
0.144590,5.021775,0.468882,0.41750,10.00
0.144600,5.020639,0.465431,0.41753,10.00
0.144610,5.019295,0.462174,0.41758,10.00
0.144620,5.017815,0.459138,0.41764,10.00
0.144630,5.016210,0.456345,0.41771,10.00
0.144640,5.014493,0.453814,0.41778,10.00
0.144650,5.012610,0.451562,0.41786,10.00
0.144660,5.010374,0.449637,0.41796,10.00
0.144670,5.008071,0.448073,0.41807,10.00
0.144680,5.005717,0.446881,0.41818,10.00
0.144690,5.003330,0.446067,0.41829,10.00
0.144700,5.000762,0.445637,0.41841,10.00
0.144710,4.997542,0.445670,0.41857,10.00
0.144720,4.994351,0.446219,0.41874,10.00
0.144730,4.991214,0.447276,0.41890,10.00
0.144740,4.988153,0.448833,0.41906,10.00
0.144750,4.985238,0.450877,0.41922,10.00
0.144760,4.982635,0.453367,0.41936,10.00
0.144770,4.980168,0.456268,0.41950,10.00
0.144780,4.977855,0.459558,0.41964,10.00
0.144790,4.975711,0.463212,0.41976,10.00
0.144800,4.973866,0.467201,0.41988,10.00
0.144810,4.972670,0.471442,0.41997,10.00
0.144820,4.971677,0.475865,0.42004,10.00
0.144830,4.970894,0.480439,0.42011,10.00
0.144840,4.970325,0.485129,0.42016,10.00
0.144850,4.969983,0.489901,0.42020,10.00
0.144860,4.969896,0.494716,0.42023,10.00
0.144870,4.970028,0.499536,0.42025,10.00
0.144880,4.970377,0.504325,0.42026,10.00
0.144890,4.970941,0.509049,0.42026,10.00
0.144900,4.971676,0.513674,0.42025,10.00
0.144910,4.972462,0.518184,0.42023,10.00
0.144920,4.973445,0.522561,0.42021,10.00
0.144930,4.974618,0.526772,0.42017,10.00
0.144940,4.975972,0.530786,0.42012,10.00
0.144950,4.977528,0.534577,0.42007,10.00
0.144960,4.979373,0.538101,0.41999,10.00
0.144970,4.981361,0.541324,0.41991,10.00
0.144980,4.983477,0.544222,0.41982,10.00
0.144990,4.985706,0.546776,0.41972,10.00
0.145000,4.988092,0.548969,0.41962,10.00
0.145010,4.990799,0.550757,0.41949,10.00
0.145020,4.993564,0.552109,0.41936,10.00
0.145030,4.996365,0.553015,0.41923,10.00
0.145040,4.999182,0.553473,0.41909,10.00
0.145050,5.001755,0.553479,0.41895,10.00
0.145060,5.003347,0.553150,0.41887,10.00
0.145070,5.004911,0.552567,0.41878,10.00
0.145080,5.006434,0.551735,0.41870,10.00
0.145090,5.007906,0.550661,0.41862,10.00
0.145100,5.009362,0.549354,0.41854,10.00
0.145110,5.010926,0.547802,0.41846,10.00
0.145120,5.012405,0.546002,0.41837,10.00
0.145130,5.013790,0.543970,0.41829,10.00
0.145140,5.015070,0.541720,0.41822,10.00
0.145150,5.016388,0.539269,0.41814,10.00
0.145160,5.018184,0.536564,0.41804,10.00
0.145170,5.019842,0.533576,0.41794,10.00
0.145180,5.021350,0.530330,0.41785,10.00
0.145190,5.022697,0.526848,0.41776,10.00
0.145200,5.023720,0.523158,0.41768,10.00
0.145210,5.023954,0.519361,0.41765,10.00
0.145220,5.024013,0.515533,0.41763,10.00
0.145230,5.023898,0.511704,0.41761,10.00
0.145240,5.023611,0.507899,0.41760,10.00
0.145250,5.023396,0.504148,0.41761,10.00
0.145260,5.023978,0.500361,0.41756,10.00
0.145270,5.024384,0.496489,0.41751,10.00
0.145280,5.024610,0.492558,0.41748,10.00
0.145290,5.024656,0.488600,0.41746,10.00
0.145300,5.024549,0.484641,0.41744,10.00
0.145310,5.024371,0.480699,0.41743,10.00
0.145320,5.024016,0.476793,0.41743,10.00
0.145330,5.023487,0.472951,0.41743,10.00
0.145340,5.022788,0.469202,0.41745,10.00
0.145350,5.021580,0.465571,0.41747,10.00
0.145360,5.018839,0.462251,0.41759,10.00
0.145370,5.015973,0.459376,0.41772,10.00
0.145380,5.013002,0.456964,0.41785,10.00
0.145390,5.009948,0.455032,0.41800,10.00
0.145400,5.006828,0.453592,0.41815,10.00
0.145410,5.003647,0.452656,0.41830,10.00
0.145420,5.000452,0.452230,0.41846,10.00
0.145430,4.997266,0.452315,0.41862,10.00
0.145440,4.994112,0.452909,0.41878,10.00
0.145450,4.991211,0.454007,0.41894,10.00
0.145460,4.989171,0.455503,0.41905,10.00
0.145470,4.987217,0.457322,0.41916,10.00
0.145480,4.985362,0.459451,0.41926,10.00
0.145490,4.983621,0.461872,0.41936,10.00
0.145500,4.981809,0.464566,0.41946,10.00
0.145510,4.979356,0.467608,0.41960,10.00
0.145520,4.977062,0.471036,0.41973,10.00
0.145530,4.974944,0.474825,0.41986,10.00
0.145540,4.973016,0.478944,0.41998,10.00
0.145550,4.971554,0.483364,0.42009,10.00
0.145560,4.971348,0.487925,0.42012,10.00
0.145570,4.971351,0.492511,0.42015,10.00
0.145580,4.971562,0.497087,0.42016,10.00
0.145590,4.971978,0.501621,0.42017,10.00
0.145600,4.972561,0.506080,0.42016,10.00
0.145610,4.973201,0.510448,0.42015,10.00
0.145620,4.974033,0.514705,0.42013,10.00
0.145630,4.975050,0.518822,0.42010,10.00
0.145640,4.976246,0.522767,0.42007,10.00
0.145650,4.977463,0.526514,0.42002,10.00
0.145660,4.978256,0.530106,0.42000,10.00
0.145670,4.979205,0.533564,0.41997,10.00
0.145680,4.980302,0.536864,0.41993,10.00
0.145690,4.981539,0.539982,0.41989,10.00
0.145700,4.982866,0.542896,0.41983,10.00
0.145710,4.984149,0.545605,0.41978,10.00
0.145720,4.985544,0.548104,0.41973,10.00
0.145730,4.987040,0.550375,0.41967,10.00
0.145740,4.988625,0.552402,0.41960,10.00
0.145750,4.990379,0.554172,0.41952,10.00
0.145760,4.992558,0.555629,0.41942,10.00
0.145770,4.994783,0.556734,0.41932,10.00
0.145780,4.997039,0.557482,0.41921,10.00
0.145790,4.999308,0.557867,0.41910,10.00
0.145800,5.001646,0.557889,0.41898,10.00
0.145810,5.004246,0.557514,0.41885,10.00
0.145820,5.006806,0.556724,0.41872,10.00
0.145830,5.009307,0.555526,0.41858,10.00
0.145840,5.011731,0.553931,0.41845,10.00
0.145850,5.014092,0.551951,0.41833,10.00
0.145860,5.016460,0.549587,0.41820,10.00
0.145870,5.018700,0.546850,0.41807,10.00
0.145880,5.020797,0.543760,0.41795,10.00
0.145890,5.022734,0.540340,0.41783,10.00
0.145900,5.024554,0.536617,0.41772,10.00
0.145910,5.026408,0.532593,0.41761,10.00
0.145920,5.028063,0.528280,0.41750,10.00
0.145930,5.029508,0.523711,0.41740,10.00
0.145940,5.030733,0.518919,0.41732,10.00
0.145950,5.031745,0.513941,0.41724,10.00
0.145960,5.032582,0.508806,0.41717,10.00
0.145970,5.033179,0.503547,0.41711,10.00
0.145980,5.033532,0.498203,0.41706,10.00
0.145990,5.033640,0.492812,0.41703,10.00
0.146000,5.033246,0.487415,0.41701,10.00
0.146010,5.031589,0.482173,0.41706,10.00
0.146020,5.029709,0.477206,0.41713,10.00
0.146030,5.027621,0.472549,0.41721,10.00
0.146040,5.025340,0.468235,0.41730,10.00
0.146050,5.023102,0.464294,0.41740,10.00
0.146060,5.021578,0.460648,0.41746,10.00
0.146070,5.019902,0.457253,0.41752,10.00
0.146080,5.018087,0.454132,0.41760,10.00
0.146090,5.016147,0.451308,0.41768,10.00
0.146100,5.014011,0.448799,0.41777,10.00
0.146110,5.011443,0.446664,0.41788,10.00
0.146120,5.008801,0.444944,0.41801,10.00
0.146130,5.006105,0.443649,0.41813,10.00
0.146140,5.003374,0.442788,0.41827,10.00
0.146150,5.000458,0.442365,0.41840,10.00
0.146160,4.996868,0.442464,0.41858,10.00
0.146170,4.993315,0.443137,0.41876,10.00
0.146180,4.989823,0.444377,0.41895,10.00
0.146190,4.986419,0.446172,0.41913,10.00
0.146200,4.983223,0.448508,0.41930,10.00
0.146210,4.980546,0.451320,0.41945,10.00
0.146220,4.978020,0.454554,0.41960,10.00
0.146230,4.975663,0.458187,0.41974,10.00
0.146240,4.973491,0.462189,0.41987,10.00
0.146250,4.971823,0.466530,0.41999,10.00
0.146260,4.971569,0.471033,0.42003,10.00
0.146270,4.971522,0.475569,0.42005,10.00
0.146280,4.971681,0.480103,0.42007,10.00
0.146290,4.972044,0.484604,0.42008,10.00
0.146300,4.972053,0.489037,0.42007,10.00
0.146310,4.970051,0.493639,0.42020,10.00
0.146320,4.968275,0.498552,0.42031,10.00
0.146330,4.966737,0.503739,0.42042,10.00
0.146340,4.965449,0.509161,0.42051,10.00
0.146350,4.965125,0.514780,0.42060,10.00
0.146360,4.967877,0.520212,0.42049,10.00
0.146370,4.970852,0.525195,0.42037,10.00
0.146380,4.974026,0.529692,0.42023,10.00
0.146390,4.977376,0.533673,0.42009,10.00
0.146400,4.980571,0.537112,0.41993,10.00
0.146410,4.982677,0.540131,0.41984,10.00
0.146420,4.984901,0.542807,0.41974,10.00
0.146430,4.987227,0.545122,0.41964,10.00
0.146440,4.989637,0.547061,0.41953,10.00
0.146450,4.991916,0.548611,0.41941,10.00
0.146460,4.993460,0.549857,0.41934,10.00
0.146470,4.995046,0.550854,0.41927,10.00
0.146480,4.996663,0.551594,0.41919,10.00
0.146490,4.998300,0.552075,0.41911,10.00
0.146500,5.000038,0.552293,0.41903,10.00
0.146510,5.002145,0.552202,0.41892,10.00
0.146520,5.004230,0.551775,0.41882,10.00
0.146530,5.006277,0.551015,0.41871,10.00
0.146540,5.008271,0.549929,0.41860,10.00
0.146550,5.010173,0.548526,0.41850,10.00
0.146560,5.011892,0.546830,0.41840,10.00
0.146570,5.013518,0.544862,0.41831,10.00
0.146580,5.015041,0.542638,0.41822,10.00
0.146590,5.016449,0.540175,0.41814,10.00
0.146600,5.017822,0.537491,0.41806,10.00
0.146610,5.019415,0.534564,0.41796,10.00
0.146620,5.020861,0.531388,0.41787,10.00
0.146630,5.022150,0.527987,0.41779,10.00
0.146640,5.023274,0.524387,0.41771,10.00
0.146650,5.024337,0.520614,0.41765,10.00
0.146660,5.025667,0.516642,0.41756,10.00
0.146670,5.026805,0.512465,0.41748,10.00
0.146680,5.027743,0.508114,0.41741,10.00
0.146690,5.028476,0.503622,0.41735,10.00
0.146700,5.028992,0.499021,0.41730,10.00
0.146710,5.029268,0.494349,0.41726,10.00
0.146720,5.029330,0.489641,0.41723,10.00
0.146730,5.029178,0.484933,0.41721,10.00
0.146740,5.028814,0.480258,0.41720,10.00
0.146750,5.028103,0.475651,0.41721,10.00
0.146760,5.026635,0.471210,0.41726,10.00
0.146770,5.024980,0.467013,0.41732,10.00
0.146780,5.023149,0.463089,0.41739,10.00
0.146790,5.021156,0.459464,0.41747,10.00
0.146800,5.019011,0.456166,0.41756,10.00
0.146810,5.016713,0.453218,0.41765,10.00
0.146820,5.014301,0.450644,0.41776,10.00
0.146830,5.011794,0.448460,0.41788,10.00
0.146840,5.009210,0.446682,0.41800,10.00
0.146850,5.006575,0.445320,0.41812,10.00
0.146860,5.003923,0.444380,0.41825,10.00
0.146870,5.001253,0.443866,0.41838,10.00
0.146880,4.998583,0.443780,0.41851,10.00
0.146890,4.995933,0.444121,0.41865,10.00
0.146900,4.993230,0.444885,0.41878,10.00
0.146910,4.990215,0.446110,0.41894,10.00
0.146920,4.987283,0.447814,0.41910,10.00
0.146930,4.984454,0.449984,0.41925,10.00
0.146940,4.981748,0.452602,0.41940,10.00
0.146950,4.979403,0.455647,0.41955,10.00
0.146960,4.978085,0.458992,0.41963,10.00
0.146970,4.976930,0.462542,0.41971,10.00
0.146980,4.975946,0.466269,0.41978,10.00
0.146990,4.975140,0.470146,0.41984,10.00
0.147000,4.974502,0.474145,0.41989,10.00
0.147010,4.973987,0.478244,0.41994,10.00
0.147020,4.973663,0.482417,0.41998,10.00
0.147030,4.973531,0.486634,0.42001,10.00
0.147040,4.973592,0.490864,0.42003,10.00
0.147050,4.973802,0.495077,0.42004,10.00
0.147060,4.974034,0.499261,0.42005,10.00
0.147070,4.974454,0.503400,0.42005,10.00
0.147080,4.975057,0.507464,0.42004,10.00
0.147090,4.975840,0.511423,0.42003,10.00
0.147100,4.976625,0.515250,0.42000,10.00
0.147110,4.976896,0.518999,0.42001,10.00
0.147120,4.977335,0.522697,0.42000,10.00
0.147130,4.977937,0.526317,0.41999,10.00
0.147140,4.978699,0.529835,0.41997,10.00
0.147150,4.979829,0.533223,0.41995,10.00
0.147160,4.981966,0.536355,0.41986,10.00
0.147170,4.984227,0.539140,0.41976,10.00
0.147180,4.986593,0.541557,0.41965,10.00
0.147190,4.989048,0.543592,0.41954,10.00
0.147200,4.991439,0.545230,0.41942,10.00
0.147210,4.993352,0.546526,0.41933,10.00
0.147220,4.995306,0.547513,0.41924,10.00
0.147230,4.997288,0.548186,0.41915,10.00
0.147240,4.999282,0.548540,0.41905,10.00
0.147250,5.001236,0.548575,0.41895,10.00
0.147260,5.003019,0.548310,0.41886,10.00
0.147270,5.004774,0.547760,0.41877,10.00
0.147280,5.006488,0.546931,0.41868,10.00
0.147290,5.008150,0.545829,0.41859,10.00
0.147300,5.010024,0.544463,0.41850,10.00
0.147310,5.012925,0.542711,0.41834,10.00
0.147320,5.015721,0.540499,0.41819,10.00
0.147330,5.018392,0.537845,0.41804,10.00
0.147340,5.020919,0.534768,0.41790,10.00
0.147350,5.023213,0.531294,0.41776,10.00
0.147360,5.025050,0.527482,0.41765,10.00
0.147370,5.026697,0.523383,0.41754,10.00
0.147380,5.028144,0.519029,0.41745,10.00
0.147390,5.029381,0.514452,0.41736,10.00
0.147400,5.030521,0.509686,0.41728,10.00
0.147410,5.031923,0.504708,0.41719,10.00
0.147420,5.033086,0.499516,0.41710,10.00
0.147430,5.034003,0.494147,0.41703,10.00
0.147440,5.034669,0.488643,0.41696,10.00
0.147450,5.034868,0.483043,0.41691,10.00
0.147460,5.033967,0.477489,0.41693,10.00
0.147470,5.032823,0.472090,0.41695,10.00
0.147480,5.031445,0.466885,0.41700,10.00
0.147490,5.029842,0.461910,0.41705,10.00
0.147500,5.028019,0.457201,0.41711,10.00
0.147510,5.025960,0.452795,0.41719,10.00
0.147520,5.023720,0.448727,0.41728,10.00
0.147530,5.021316,0.445025,0.41738,10.00
0.147540,5.018765,0.441715,0.41749,10.00
0.147550,5.015832,0.438819,0.41761,10.00
0.147560,5.011777,0.436479,0.41780,10.00
0.147570,5.007653,0.434792,0.41800,10.00
0.147580,5.003488,0.433767,0.41820,10.00
0.147590,4.999315,0.433410,0.41841,10.00
0.147600,4.995156,0.433722,0.41862,10.00
0.147610,4.991023,0.434699,0.41883,10.00
0.147620,4.986972,0.436335,0.41904,10.00
0.147630,4.983031,0.438616,0.41925,10.00
0.147640,4.979229,0.441522,0.41946,10.00
0.147650,4.975651,0.445031,0.41966,10.00
0.147660,4.972500,0.449086,0.41984,10.00
0.147670,4.969561,0.453637,0.42001,10.00
0.147680,4.966854,0.458649,0.42018,10.00
0.147690,4.964398,0.464084,0.42033,10.00
0.147700,4.962436,0.469902,0.42047,10.00
0.147710,4.961649,0.475950,0.42054,10.00
0.147720,4.961143,0.482112,0.42060,10.00
0.147730,4.960921,0.488344,0.42065,10.00
0.147740,4.960983,0.494599,0.42068,10.00
0.147750,4.961333,0.500832,0.42070,10.00
0.147760,4.961976,0.506996,0.42070,10.00
0.147770,4.962893,0.513046,0.42068,10.00
0.147780,4.964077,0.518937,0.42066,10.00
0.147790,4.965517,0.524628,0.42062,10.00
0.147800,4.967068,0.530077,0.42056,10.00
0.147810,4.968322,0.535311,0.42053,10.00
0.147820,4.969802,0.540334,0.42048,10.00
0.147830,4.971497,0.545111,0.42042,10.00
0.147840,4.973393,0.549607,0.42035,10.00
0.147850,4.975392,0.553792,0.42027,10.00
0.147860,4.977227,0.557676,0.42020,10.00
0.147870,4.979222,0.561259,0.42012,10.00
0.147880,4.981362,0.564515,0.42003,10.00
0.147890,4.983630,0.567424,0.41993,10.00
0.147900,4.986245,0.569964,0.41982,10.00
0.147910,4.989890,0.572005,0.41965,10.00
0.147920,4.993594,0.573460,0.41947,10.00
0.147930,4.997332,0.574320,0.41929,10.00
0.147940,5.001075,0.574580,0.41911,10.00
0.147950,5.004789,0.574242,0.41892,10.00
0.147960,5.008423,0.573313,0.41873,10.00
0.147970,5.011984,0.571804,0.41854,10.00
0.147980,5.015444,0.569729,0.41836,10.00
0.147990,5.018779,0.567105,0.41818,10.00
0.148000,5.021803,0.563952,0.41800,10.00
0.148010,5.024014,0.560374,0.41787,10.00
0.148020,5.026042,0.556449,0.41775,10.00
0.148030,5.027875,0.552207,0.41763,10.00
0.148040,5.029498,0.547681,0.41752,10.00
0.148050,5.031023,0.542903,0.41743,10.00
0.148060,5.032802,0.537852,0.41731,10.00
0.148070,5.034335,0.532526,0.41721,10.00
0.148080,5.035613,0.526965,0.41711,10.00
0.148090,5.036628,0.521210,0.41703,10.00
0.148100,5.037561,0.515305,0.41696,10.00
0.148110,5.038968,0.509201,0.41686,10.00
0.148120,5.040087,0.502884,0.41677,10.00
0.148130,5.040909,0.496400,0.41669,10.00
0.148140,5.041430,0.489798,0.41663,10.00
0.148150,5.041555,0.483124,0.41658,10.00
0.148160,5.041012,0.476474,0.41657,10.00
0.148170,5.040171,0.469923,0.41658,10.00
0.148180,5.039042,0.463519,0.41660,10.00
0.148190,5.037632,0.457307,0.41664,10.00
0.148200,5.036102,0.451334,0.41669,10.00
0.148210,5.034910,0.445569,0.41672,10.00
0.148220,5.033467,0.440005,0.41676,10.00
0.148230,5.031785,0.434684,0.41681,10.00
0.148240,5.029877,0.429641,0.41688,10.00
0.148250,5.027445,0.424914,0.41696,10.00
0.148260,5.023578,0.420684,0.41713,10.00
0.148270,5.019553,0.417081,0.41732,10.00
0.148280,5.015401,0.414128,0.41751,10.00
0.148290,5.011151,0.411845,0.41771,10.00
0.148300,5.006834,0.410246,0.41792,10.00
0.148310,5.002473,0.409341,0.41813,10.00
0.148320,4.998111,0.409136,0.41835,10.00
0.148330,4.993777,0.409628,0.41857,10.00
0.148340,4.989505,0.410812,0.41879,10.00
0.148350,4.985178,0.412676,0.41901,10.00
0.148360,4.980391,0.415276,0.41926,10.00
0.148370,4.975764,0.418637,0.41951,10.00
0.148380,4.971331,0.422730,0.41976,10.00
0.148390,4.967124,0.427525,0.41999,10.00
0.148400,4.963395,0.432983,0.42022,10.00
0.148410,4.960845,0.438954,0.42038,10.00
0.148420,4.958587,0.445323,0.42053,10.00
0.148430,4.956639,0.452039,0.42067,10.00
0.148440,4.955012,0.459055,0.42078,10.00
0.148450,4.953861,0.466317,0.42089,10.00
0.148460,4.953617,0.473704,0.42094,10.00
0.148470,4.953710,0.481116,0.42098,10.00
0.148480,4.954139,0.488498,0.42100,10.00
0.148490,4.954898,0.495799,0.42100,10.00
0.148500,4.955860,0.502963,0.42098,10.00
0.148510,4.956653,0.510000,0.42098,10.00
0.148520,4.957757,0.516896,0.42096,10.00
0.148530,4.959165,0.523602,0.42093,10.00
0.148540,4.960864,0.530070,0.42088,10.00
0.148550,4.962825,0.536255,0.42081,10.00
0.148560,4.964986,0.542118,0.42074,10.00
0.148570,4.967394,0.547625,0.42065,10.00
0.148580,4.970030,0.552737,0.42054,10.00
0.148590,4.972874,0.557417,0.42043,10.00
0.148600,4.975796,0.561633,0.42030,10.00
0.148610,4.978448,0.565409,0.42018,10.00
0.148620,4.981248,0.568754,0.42006,10.00
0.148630,4.984174,0.571645,0.41993,10.00
0.148640,4.987205,0.574061,0.41979,10.00
0.148650,4.990395,0.575989,0.41965,10.00
0.148660,4.993947,0.577378,0.41948,10.00
0.148670,4.997530,0.578197,0.41930,10.00
0.148680,5.001118,0.578441,0.41912,10.00
0.148690,5.004685,0.578111,0.41894,10.00
0.148700,5.008271,0.577212,0.41876,10.00
0.148710,5.012040,0.575720,0.41856,10.00
0.148720,5.015709,0.573628,0.41837,10.00
0.148730,5.019250,0.570953,0.41818,10.00
0.148740,5.022639,0.567717,0.41799,10.00
0.148750,5.025666,0.563946,0.41781,10.00
0.148760,5.027759,0.559757,0.41768,10.00
0.148770,5.029644,0.555242,0.41756,10.00
0.148780,5.031307,0.550433,0.41745,10.00
0.148790,5.032737,0.545368,0.41735,10.00
0.148800,5.033953,0.540083,0.41726,10.00
0.148810,5.035028,0.534606,0.41718,10.00
0.148820,5.035845,0.528967,0.41711,10.00
0.148830,5.036399,0.523208,0.41705,10.00
0.148840,5.036687,0.517371,0.41700,10.00
0.148850,5.036704,0.511500,0.41697,10.00
0.148860,5.036440,0.505638,0.41695,10.00
0.148870,5.035912,0.499830,0.41694,10.00
0.148880,5.035126,0.494117,0.41695,10.00
0.148890,5.034087,0.488541,0.41697,10.00
0.148900,5.032892,0.483142,0.41701,10.00
0.148910,5.031812,0.477916,0.41703,10.00
0.148920,5.030504,0.472872,0.41707,10.00
0.148930,5.028979,0.468048,0.41712,10.00
0.148940,5.027249,0.463477,0.41718,10.00
0.148950,5.025392,0.459191,0.41726,10.00
0.148960,5.023618,0.455189,0.41732,10.00
0.148970,5.021678,0.451479,0.41740,10.00
0.148980,5.019588,0.448086,0.41749,10.00
0.148990,5.017362,0.445034,0.41758,10.00
0.149000,5.014917,0.442344,0.41769,10.00
0.149010,5.011969,0.440082,0.41782,10.00
0.149020,5.008945,0.438296,0.41796,10.00
0.149030,5.005867,0.436997,0.41811,10.00
0.149040,5.002757,0.436193,0.41826,10.00
0.149050,4.999476,0.435887,0.41842,10.00
0.149060,4.995560,0.436159,0.41861,10.00
0.149070,4.991691,0.437056,0.41881,10.00
0.149080,4.987897,0.438570,0.41901,10.00
0.149090,4.984206,0.440688,0.41921,10.00
0.149100,4.980709,0.443392,0.41940,10.00
0.149110,4.977629,0.446629,0.41957,10.00
0.149120,4.974723,0.450352,0.41974,10.00
0.149130,4.972012,0.454532,0.41990,10.00
0.149140,4.969515,0.459138,0.42005,10.00
0.149150,4.967367,0.464134,0.42019,10.00
0.149160,4.965940,0.469426,0.42029,10.00
0.149170,4.964765,0.474936,0.42038,10.00
0.149180,4.963851,0.480623,0.42046,10.00
0.149190,4.963202,0.486445,0.42052,10.00
0.149200,4.962852,0.492360,0.42057,10.00
0.149210,4.962884,0.498311,0.42060,10.00
0.149220,4.963186,0.504245,0.42062,10.00
0.149230,4.963755,0.510120,0.42062,10.00
0.149240,4.964585,0.515892,0.42061,10.00
0.149250,4.965473,0.521520,0.42059,10.00
0.149260,4.965827,0.527058,0.42060,10.00
0.149270,4.966430,0.532529,0.42060,10.00
0.149280,4.967275,0.537893,0.42059,10.00
0.149290,4.968355,0.543112,0.42056,10.00
0.149300,4.969708,0.548147,0.42052,10.00
0.149310,4.971454,0.552943,0.42046,10.00
0.149320,4.973402,0.557449,0.42039,10.00
0.149330,4.975537,0.561636,0.42030,10.00
0.149340,4.977842,0.565473,0.42021,10.00
0.149350,4.980209,0.568934,0.42010,10.00
0.149360,4.982341,0.572039,0.42001,10.00
0.149370,4.984595,0.574798,0.41992,10.00
0.149380,4.986954,0.577190,0.41981,10.00
0.149390,4.989401,0.579201,0.41970,10.00
0.149400,4.992040,0.580816,0.41958,10.00
0.149410,4.995219,0.581967,0.41943,10.00
0.149420,4.998421,0.582607,0.41927,10.00
0.149430,5.001624,0.582734,0.41911,10.00
0.149440,5.004804,0.582348,0.41895,10.00
0.149450,5.008056,0.581454,0.41879,10.00
0.149460,5.011708,0.580005,0.41860,10.00
0.149470,5.015261,0.577974,0.41841,10.00
0.149480,5.018691,0.575379,0.41822,10.00
0.149490,5.021972,0.572241,0.41804,10.00
0.149500,5.024872,0.568584,0.41786,10.00
0.149510,5.026739,0.564538,0.41775,10.00
0.149520,5.028407,0.560200,0.41764,10.00
0.149530,5.029863,0.555605,0.41754,10.00
0.149540,5.031098,0.550785,0.41745,10.00
0.149550,5.032405,0.545777,0.41738,10.00
0.149560,5.034677,0.540472,0.41723,10.00
0.149570,5.036689,0.534815,0.41710,10.00
0.149580,5.038425,0.528847,0.41698,10.00
0.149590,5.039876,0.522612,0.41688,10.00
0.149600,5.041043,0.516158,0.41678,10.00
0.149610,5.041951,0.509526,0.41670,10.00
0.149620,5.042551,0.502762,0.41663,10.00
0.149630,5.042838,0.495915,0.41658,10.00
0.149640,5.042812,0.489035,0.41655,10.00
0.149650,5.042420,0.482172,0.41653,10.00
0.149660,5.041498,0.475404,0.41654,10.00
0.149670,5.040278,0.468796,0.41656,10.00
0.149680,5.038769,0.462395,0.41660,10.00
0.149690,5.036983,0.456248,0.41666,10.00
0.149700,5.034957,0.450399,0.41673,10.00
0.149710,5.032775,0.444878,0.41681,10.00
0.149720,5.030363,0.439716,0.41690,10.00
0.149730,5.027737,0.434950,0.41701,10.00
0.149740,5.024919,0.430613,0.41712,10.00
0.149750,5.021853,0.426734,0.41725,10.00
0.149760,5.018329,0.423379,0.41741,10.00
0.149770,5.014685,0.420593,0.41758,10.00
0.149780,5.010947,0.418396,0.41775,10.00
0.149790,5.007143,0.416800,0.41794,10.00
0.149800,5.003224,0.415816,0.41812,10.00
0.149810,4.998990,0.415485,0.41833,10.00
0.149820,4.994779,0.415832,0.41855,10.00
0.149830,4.990622,0.416851,0.41876,10.00
0.149840,4.986547,0.418533,0.41898,10.00
0.149850,4.982642,0.420863,0.41919,10.00
0.149860,4.979105,0.423795,0.41938,10.00
0.149870,4.975731,0.427287,0.41957,10.00
0.149880,4.972547,0.431312,0.41975,10.00
0.149890,4.969573,0.435838,0.41992,10.00
0.149900,4.966896,0.440831,0.42009,10.00
0.149910,4.964729,0.446222,0.42023,10.00
0.149920,4.962825,0.451949,0.42035,10.00
0.149930,4.961198,0.457970,0.42047,10.00
0.149940,4.959859,0.464239,0.42057,10.00
0.149950,4.958809,0.470710,0.42066,10.00
0.149960,4.958031,0.477339,0.42073,10.00
0.149970,4.957562,0.484080,0.42079,10.00
0.149980,4.957402,0.490883,0.42084,10.00
0.149990,4.957552,0.497699,0.42087,10.00
0.150000,4.957842,0.504477,0.42088,10.00
0.150010,4.957773,0.511250,0.42092,10.00
0.150020,4.958012,0.518020,0.42095,10.00
0.150030,4.958555,0.524739,0.42096,10.00
0.150040,4.959398,0.531359,0.42095,10.00
0.150050,4.960546,0.537831,0.42093,10.00
0.150060,4.962023,0.544103,0.42089,10.00
0.150070,4.963772,0.550126,0.42083,10.00
0.150080,4.965779,0.555859,0.42076,10.00
0.150090,4.968028,0.561259,0.42068,10.00
0.150100,4.970870,0.566289,0.42058,10.00
0.150110,4.975382,0.570738,0.42038,10.00
0.150120,4.980055,0.574456,0.42017,10.00
0.150130,4.984856,0.577421,0.41994,10.00
0.150140,4.989748,0.579612,0.41971,10.00
0.150150,4.994346,0.581016,0.41947,10.00
0.150160,4.997569,0.581796,0.41931,10.00
0.150170,5.000798,0.582058,0.41915,10.00
0.150180,5.004011,0.581803,0.41899,10.00
0.150190,5.007184,0.581035,0.41882,10.00
0.150200,5.010427,0.579761,0.41866,10.00
0.150210,5.014115,0.577928,0.41847,10.00
0.150220,5.017687,0.575509,0.41827,10.00
0.150230,5.021118,0.572523,0.41809,10.00
0.150240,5.024383,0.568995,0.41790,10.00
0.150250,5.027430,0.564951,0.41773,10.00
0.150260,5.030152,0.560437,0.41757,10.00
0.150270,5.032646,0.555496,0.41741,10.00
0.150280,5.034894,0.550166,0.41727,10.00
0.150290,5.036880,0.544487,0.41714,10.00
0.150300,5.038623,0.538501,0.41702,10.00
0.150310,5.040212,0.532237,0.41691,10.00
0.150320,5.041503,0.525732,0.41681,10.00
0.150330,5.042487,0.519032,0.41672,10.00
0.150340,5.043159,0.512188,0.41665,10.00
0.150350,5.043644,0.505249,0.41660,10.00
0.150360,5.044326,0.498205,0.41652,10.00
0.150370,5.044683,0.491066,0.41647,10.00
0.150380,5.044712,0.483883,0.41643,10.00
0.150390,5.044416,0.476709,0.41640,10.00
0.150400,5.043314,0.469597,0.41640,10.00
0.150410,5.039975,0.462829,0.41653,10.00
0.150420,5.036359,0.456608,0.41667,10.00
0.150430,5.032492,0.450977,0.41684,10.00
0.150440,5.028405,0.445975,0.41701,10.00
0.150450,5.024520,0.441636,0.41720,10.00
0.150460,5.022039,0.437800,0.41731,10.00
0.150470,5.019406,0.434369,0.41742,10.00
0.150480,5.016641,0.431365,0.41754,10.00
0.150490,5.013764,0.428810,0.41767,10.00
0.150500,5.010502,0.426719,0.41781,10.00
0.150510,5.005996,0.425249,0.41803,10.00
0.150520,5.001464,0.424501,0.41825,10.00
0.150530,4.996938,0.424480,0.41848,10.00
0.150540,4.992451,0.425183,0.41871,10.00
0.150550,4.987951,0.426602,0.41894,10.00
0.150560,4.983217,0.428764,0.41919,10.00
0.150570,4.978623,0.431679,0.41943,10.00
0.150580,4.974202,0.435323,0.41967,10.00
0.150590,4.969985,0.439667,0.41991,10.00
0.150600,4.966135,0.444676,0.42014,10.00
0.150610,4.963068,0.450250,0.42032,10.00
0.150620,4.960281,0.456303,0.42049,10.00
0.150630,4.957793,0.462790,0.42065,10.00
0.150640,4.955622,0.469663,0.42080,10.00
0.150650,4.953798,0.476869,0.42093,10.00
0.150660,4.952381,0.484348,0.42104,10.00
0.150670,4.951317,0.492039,0.42114,10.00
0.150680,4.950611,0.499885,0.42122,10.00
0.150690,4.950267,0.507829,0.42128,10.00
0.150700,4.950583,0.515813,0.42132,10.00
0.150710,4.952442,0.523635,0.42127,10.00
0.150720,4.954639,0.531146,0.42120,10.00
0.150730,4.957157,0.538291,0.42111,10.00
0.150740,4.959977,0.545020,0.42101,10.00
0.150750,4.963077,0.551285,0.42089,10.00
0.150760,4.966436,0.557042,0.42075,10.00
0.150770,4.970027,0.562251,0.42060,10.00
0.150780,4.973822,0.566876,0.42043,10.00
0.150790,4.977792,0.570885,0.42025,10.00
0.150800,4.982033,0.574252,0.42007,10.00
0.150810,4.986877,0.576895,0.41984,10.00
0.150820,4.991798,0.578759,0.41960,10.00
0.150830,4.996759,0.579832,0.41936,10.00
0.150840,5.001725,0.580111,0.41911,10.00
0.150850,5.006347,0.579594,0.41886,10.00
0.150860,5.009657,0.578440,0.41869,10.00
0.150870,5.012885,0.576759,0.41852,10.00
0.150880,5.016007,0.574565,0.41835,10.00
0.150890,5.019003,0.571876,0.41818,10.00
0.150900,5.021838,0.568712,0.41802,10.00
0.150910,5.024458,0.565106,0.41787,10.00
0.150920,5.026891,0.561087,0.41773,10.00
0.150930,5.029120,0.556687,0.41759,10.00
0.150940,5.031130,0.551939,0.41747,10.00
0.150950,5.033057,0.546878,0.41735,10.00
0.150960,5.035336,0.541471,0.41721,10.00
0.150970,5.037350,0.535710,0.41707,10.00
0.150980,5.039085,0.529638,0.41695,10.00
0.150990,5.040530,0.523300,0.41685,10.00
0.151000,5.041678,0.516744,0.41675,10.00
0.151010,5.042534,0.510015,0.41667,10.00
0.151020,5.043078,0.503163,0.41661,10.00
0.151030,5.043306,0.496236,0.41656,10.00
0.151040,5.043218,0.489287,0.41653,10.00
0.151050,5.042629,0.482365,0.41651,10.00
0.151060,5.040983,0.475611,0.41656,10.00
0.151070,5.039045,0.469132,0.41662,10.00
0.151080,5.036831,0.462976,0.41669,10.00
0.151090,5.034358,0.457186,0.41679,10.00
0.151100,5.031732,0.451802,0.41689,10.00
0.151110,5.029236,0.446821,0.41699,10.00
0.151120,5.026535,0.442248,0.41710,10.00
0.151130,5.023652,0.438116,0.41722,10.00
0.151140,5.020607,0.434452,0.41736,10.00
0.151150,5.017298,0.431283,0.41750,10.00
0.151160,5.013377,0.428689,0.41768,10.00
0.151170,5.009373,0.426727,0.41787,10.00
0.151180,5.005316,0.425408,0.41807,10.00
0.151190,5.001236,0.424741,0.41827,10.00
0.151200,4.997141,0.424728,0.41847,10.00
0.151210,4.993001,0.425376,0.41869,10.00
0.151220,4.988927,0.426684,0.41890,10.00
0.151230,4.984948,0.428642,0.41911,10.00
0.151240,4.981094,0.431231,0.41931,10.00
0.151250,4.977566,0.434433,0.41952,10.00
0.151260,4.974907,0.438136,0.41967,10.00
0.151270,4.972440,0.442257,0.41982,10.00
0.151280,4.970182,0.446765,0.41995,10.00
0.151290,4.968148,0.451626,0.42008,10.00
0.151300,4.966241,0.456802,0.42020,10.00
0.151310,4.964140,0.462310,0.42034,10.00
0.151320,4.962307,0.468143,0.42046,10.00
0.151330,4.960754,0.474257,0.42057,10.00
0.151340,4.959493,0.480608,0.42067,10.00
0.151350,4.958653,0.487149,0.42075,10.00
0.151360,4.958603,0.493772,0.42079,10.00
0.151370,4.958855,0.500391,0.42082,10.00
0.151380,4.959404,0.506956,0.42082,10.00
0.151390,4.960246,0.513421,0.42082,10.00
0.151400,4.961466,0.519740,0.42079,10.00
0.151410,4.963332,0.525821,0.42073,10.00
0.151420,4.965456,0.531592,0.42066,10.00
0.151430,4.967824,0.537013,0.42057,10.00
0.151440,4.970416,0.542045,0.42047,10.00
0.151450,4.972974,0.546653,0.42035,10.00
0.151460,4.974765,0.550919,0.42029,10.00
0.151470,4.976733,0.554891,0.42021,10.00
0.151480,4.978864,0.558541,0.42012,10.00
0.151490,4.981141,0.561842,0.42003,10.00
0.151500,4.983932,0.564773,0.41992,10.00
0.151510,4.988360,0.567130,0.41971,10.00
0.151520,4.992855,0.568774,0.41950,10.00
0.151530,4.997384,0.569696,0.41927,10.00
0.151540,5.001916,0.569892,0.41905,10.00
0.151550,5.006017,0.569364,0.41882,10.00
0.151560,5.008471,0.568308,0.41869,10.00
0.151570,5.010855,0.566862,0.41856,10.00
0.151580,5.013153,0.565037,0.41844,10.00
0.151590,5.015347,0.562849,0.41831,10.00
0.151600,5.017884,0.560313,0.41820,10.00
0.151610,5.022120,0.557229,0.41797,10.00
0.151620,5.026178,0.553474,0.41774,10.00
0.151630,5.030030,0.549078,0.41753,10.00
0.151640,5.033648,0.544074,0.41732,10.00
0.151650,5.036700,0.538502,0.41712,10.00
0.151660,5.038248,0.532550,0.41701,10.00
0.151670,5.039512,0.526363,0.41691,10.00
0.151680,5.040485,0.519985,0.41683,10.00
0.151690,5.041160,0.513464,0.41676,10.00
0.151700,5.041665,0.506848,0.41671,10.00
0.151710,5.042391,0.500121,0.41663,10.00
0.151720,5.042807,0.493291,0.41657,10.00
0.151730,5.042908,0.486408,0.41653,10.00
0.151740,5.042697,0.479522,0.41650,10.00
0.151750,5.041997,0.472684,0.41649,10.00
0.151760,5.040281,0.466027,0.41654,10.00
0.151770,5.038278,0.459658,0.41661,10.00
0.151780,5.036004,0.453621,0.41669,10.00
0.151790,5.033477,0.447959,0.41679,10.00
0.151800,5.030777,0.442713,0.41690,10.00
0.151810,5.028112,0.437888,0.41700,10.00
0.151820,5.025251,0.433499,0.41712,10.00
0.151830,5.022216,0.429576,0.41725,10.00
0.151840,5.019031,0.426145,0.41740,10.00
0.151850,5.015487,0.423230,0.41755,10.00
0.151860,5.010923,0.420962,0.41776,10.00
0.151870,5.006296,0.419428,0.41799,10.00
0.151880,5.001640,0.418636,0.41821,10.00
0.151890,4.996991,0.418591,0.41845,10.00
0.151900,4.992599,0.419289,0.41868,10.00
0.151910,4.989147,0.420617,0.41886,10.00
0.151920,4.985787,0.422496,0.41904,10.00
0.151930,4.982542,0.424908,0.41922,10.00
0.151940,4.979435,0.427834,0.41939,10.00
0.151950,4.976381,0.431251,0.41956,10.00
0.151960,4.973081,0.435185,0.41974,10.00
0.151970,4.969989,0.439639,0.41992,10.00
0.151980,4.967126,0.444578,0.42009,10.00
0.151990,4.964513,0.449966,0.42025,10.00
0.152000,4.962144,0.455761,0.42040,10.00
0.152010,4.959966,0.461932,0.42054,10.00
0.152020,4.958086,0.468439,0.42067,10.00
0.152030,4.956519,0.475234,0.42079,10.00
0.152040,4.955274,0.482266,0.42089,10.00
0.152050,4.954227,0.489484,0.42098,10.00
0.152060,4.952991,0.496898,0.42108,10.00
0.152070,4.952104,0.504495,0.42116,10.00
0.152080,4.951568,0.512219,0.42123,10.00
0.152090,4.951387,0.520013,0.42128,10.00
0.152100,4.951540,0.527822,0.42132,10.00
0.152110,4.951955,0.535598,0.42134,10.00
0.152120,4.952719,0.543292,0.42134,10.00
0.152130,4.953826,0.550850,0.42133,10.00
0.152140,4.955265,0.558216,0.42130,10.00
0.152150,4.957151,0.565337,0.42125,10.00
0.152160,4.959844,0.572103,0.42115,10.00
0.152170,4.962821,0.578425,0.42103,10.00
0.152180,4.966057,0.584259,0.42090,10.00
0.152190,4.969529,0.589564,0.42076,10.00
0.152200,4.973355,0.594304,0.42060,10.00
0.152210,4.977939,0.598376,0.42039,10.00
0.152220,4.982666,0.601708,0.42017,10.00
0.152230,4.987503,0.604277,0.41994,10.00
0.152240,4.992413,0.606069,0.41971,10.00
0.152250,4.997222,0.607071,0.41946,10.00
0.152260,5.001483,0.607347,0.41925,10.00
0.152270,5.005719,0.606941,0.41904,10.00
0.152280,5.009899,0.605858,0.41882,10.00
0.152290,5.013993,0.604108,0.41861,10.00
0.152300,5.018213,0.601708,0.41839,10.00
0.152310,5.023251,0.598559,0.41812,10.00
0.152320,5.028101,0.594611,0.41786,10.00
0.152330,5.032730,0.589896,0.41760,10.00
0.152340,5.037103,0.584449,0.41735,10.00
0.152350,5.040838,0.578313,0.41711,10.00
0.152360,5.042858,0.571705,0.41698,10.00
0.152370,5.044560,0.564786,0.41685,10.00
0.152380,5.045934,0.557609,0.41675,10.00
0.152390,5.046969,0.550225,0.41665,10.00
0.152400,5.047832,0.542690,0.41658,10.00
0.152410,5.049026,0.534976,0.41648,10.00
0.152420,5.049860,0.527086,0.41639,10.00
0.152430,5.050329,0.519078,0.41632,10.00
0.152440,5.050431,0.511011,0.41627,10.00
0.152450,5.050067,0.502942,0.41624,10.00
0.152460,5.048946,0.494979,0.41626,10.00
0.152470,5.047474,0.487210,0.41629,10.00
0.152480,5.045663,0.479692,0.41634,10.00
0.152490,5.043527,0.472477,0.41641,10.00
0.152500,5.040962,0.465618,0.41649,10.00
0.152510,5.037625,0.459221,0.41662,10.00
0.152520,5.034027,0.453369,0.41677,10.00
0.152530,5.030197,0.448104,0.41693,10.00
0.152540,5.026162,0.443462,0.41711,10.00
0.152550,5.022067,0.439473,0.41730,10.00
0.152560,5.018288,0.436110,0.41747,10.00
0.152570,5.014390,0.433357,0.41765,10.00
0.152580,5.010402,0.431233,0.41784,10.00
0.152590,5.006353,0.429751,0.41804,10.00
0.152600,5.002274,0.428919,0.41824,10.00
0.152610,4.998196,0.428740,0.41844,10.00
0.152620,4.994146,0.429214,0.41865,10.00
0.152630,4.990154,0.430334,0.41885,10.00
0.152640,4.986248,0.432091,0.41906,10.00
0.152650,4.982587,0.434469,0.41926,10.00
0.152660,4.979584,0.437386,0.41943,10.00
0.152670,4.976741,0.440777,0.41959,10.00
0.152680,4.974077,0.444616,0.41974,10.00
0.152690,4.971611,0.448875,0.41989,10.00
0.152700,4.969667,0.453519,0.42003,10.00
0.152710,4.969173,0.458367,0.42008,10.00
0.152720,4.968904,0.463285,0.42012,10.00
0.152730,4.968860,0.468237,0.42015,10.00
0.152740,4.969041,0.473187,0.42017,10.00
0.152750,4.969295,0.478098,0.42017,10.00
0.152760,4.969171,0.483008,0.42021,10.00
0.152770,4.969272,0.487928,0.42023,10.00
0.152780,4.969595,0.492822,0.42024,10.00
0.152790,4.970136,0.497656,0.42024,10.00
0.152800,4.971097,0.502394,0.42023,10.00
0.152810,4.973079,0.506904,0.42015,10.00
0.152820,4.975248,0.511088,0.42007,10.00
0.152830,4.977587,0.514918,0.41997,10.00
0.152840,4.980079,0.518367,0.41986,10.00
0.152850,4.982580,0.521411,0.41975,10.00
0.152860,4.984698,0.524089,0.41966,10.00
0.152870,4.986918,0.526423,0.41956,10.00
0.152880,4.989225,0.528399,0.41945,10.00
0.152890,4.991600,0.530002,0.41934,10.00
0.152900,4.993705,0.531221,0.41923,10.00
0.152910,4.994562,0.532206,0.41919,10.00
0.152920,4.995456,0.533051,0.41915,10.00
0.152930,4.996380,0.533752,0.41911,10.00
0.152940,4.997328,0.534303,0.41906,10.00
0.152950,4.998464,0.534702,0.41902,10.00
0.152960,5.000288,0.534863,0.41893,10.00
0.152970,5.002103,0.534733,0.41883,10.00
0.152980,5.003896,0.534313,0.41874,10.00
0.152990,5.005654,0.533607,0.41865,10.00
0.153000,5.007266,0.532621,0.41856,10.00
0.153010,5.008425,0.531411,0.41849,10.00
0.153020,5.009519,0.530018,0.41843,10.00
0.153030,5.010540,0.528452,0.41837,10.00
0.153040,5.011481,0.526727,0.41832,10.00
0.153050,5.012187,0.524854,0.41826,10.00
0.153060,5.012214,0.522919,0.41825,10.00
0.153070,5.012153,0.520983,0.41824,10.00
0.153080,5.012004,0.519061,0.41824,10.00
0.153090,5.011770,0.517166,0.41824,10.00
0.153100,5.011489,0.515312,0.41825,10.00
0.153110,5.011277,0.513494,0.41825,10.00
0.153120,5.010985,0.511714,0.41825,10.00
0.153130,5.010614,0.509984,0.41826,10.00
0.153140,5.010168,0.508316,0.41827,10.00
0.153150,5.009802,0.506722,0.41829,10.00
0.153160,5.009971,0.505142,0.41827,10.00
0.153170,5.010066,0.503538,0.41826,10.00
0.153180,5.010088,0.501921,0.41825,10.00
0.153190,5.010036,0.500305,0.41825,10.00
0.153200,5.010072,0.498699,0.41824,10.00
0.153210,5.010674,0.497040,0.41820,10.00
0.153220,5.011195,0.495288,0.41817,10.00
0.153230,5.011633,0.493456,0.41814,10.00
0.153240,5.011983,0.491557,0.41811,10.00
0.153250,5.012179,0.489607,0.41808,10.00
0.153260,5.012021,0.487649,0.41808,10.00
0.153270,5.011776,0.485721,0.41808,10.00
0.153280,5.011445,0.483836,0.41809,10.00
0.153290,5.011032,0.482008,0.41810,10.00
0.153300,5.010329,0.480249,0.41812,10.00
0.153310,5.008709,0.478674,0.41819,10.00
0.153320,5.007032,0.477360,0.41827,10.00
0.153330,5.005311,0.476317,0.41835,10.00
0.153340,5.003558,0.475552,0.41843,10.00
0.153350,5.001868,0.475068,0.41852,10.00
0.153360,5.000499,0.474829,0.41858,10.00
0.153370,4.999131,0.474809,0.41865,10.00
0.153380,4.997775,0.475008,0.41872,10.00
0.153390,4.996439,0.475424,0.41879,10.00
0.153400,4.995145,0.476052,0.41886,10.00
0.153410,4.993928,0.476883,0.41892,10.00
0.153420,4.992760,0.477907,0.41899,10.00
0.153430,4.991649,0.479116,0.41905,10.00
0.153440,4.990602,0.480500,0.41911,10.00
0.153450,4.989687,0.482049,0.41917,10.00
0.153460,4.989085,0.483722,0.41921,10.00
0.153470,4.988565,0.485488,0.41924,10.00
0.153480,4.988130,0.487334,0.41928,10.00
0.153490,4.987782,0.489247,0.41930,10.00
0.153500,4.987530,0.491211,0.41933,10.00
0.153510,4.987392,0.493210,0.41934,10.00
0.153520,4.987345,0.495227,0.41936,10.00
0.153530,4.987391,0.497248,0.41937,10.00
0.153540,4.987527,0.499257,0.41937,10.00
0.153550,4.987867,0.501241,0.41937,10.00
0.153560,4.988746,0.503131,0.41934,10.00
0.153570,4.989702,0.504877,0.41930,10.00
0.153580,4.990729,0.506466,0.41926,10.00
0.153590,4.991819,0.507889,0.41921,10.00
0.153600,4.992944,0.509134,0.41916,10.00
0.153610,4.994036,0.510204,0.41911,10.00
0.153620,4.995167,0.511097,0.41906,10.00
0.153630,4.996329,0.511807,0.41900,10.00
0.153640,4.997512,0.512331,0.41895,10.00
0.153650,4.998700,0.512664,0.41889,10.00
0.153660,4.999859,0.512809,0.41883,10.00
0.153670,5.001015,0.512769,0.41877,10.00
0.153680,5.002158,0.512545,0.41872,10.00
0.153690,5.003281,0.512138,0.41866,10.00
0.153700,5.004454,0.511552,0.41860,10.00
0.153710,5.005903,0.510755,0.41852,10.00
0.153720,5.007304,0.509727,0.41845,10.00
0.153730,5.008645,0.508478,0.41837,10.00
0.153740,5.009918,0.507017,0.41830,10.00
0.153750,5.011047,0.505355,0.41823,10.00
0.153760,5.011832,0.503537,0.41818,10.00
0.153770,5.012526,0.501597,0.41814,10.00
0.153780,5.013127,0.499550,0.41810,10.00
0.153790,5.013630,0.497411,0.41806,10.00
0.153800,5.013653,0.495195,0.41803,10.00
0.153810,5.012073,0.493101,0.41809,10.00
0.153820,5.010413,0.491263,0.41817,10.00
0.153830,5.008683,0.489694,0.41825,10.00
0.153840,5.006898,0.488405,0.41833,10.00
0.153850,5.005502,0.487403,0.41841,10.00
0.153860,5.005795,0.486489,0.41839,10.00
0.153870,5.006043,0.485529,0.41838,10.00
0.153880,5.006246,0.484531,0.41836,10.00
0.153890,5.006402,0.483503,0.41835,10.00
0.153900,5.006214,0.482453,0.41834,10.00
0.153910,5.004804,0.481528,0.41840,10.00
0.153920,5.003365,0.480831,0.41847,10.00
0.153930,5.001907,0.480366,0.41854,10.00
0.153940,5.000440,0.480134,0.41861,10.00
0.153950,4.999348,0.480138,0.41869,10.00
0.153960,4.999745,0.480197,0.41867,10.00
0.153970,5.000141,0.480193,0.41865,10.00
0.153980,5.000533,0.480125,0.41863,10.00
0.153990,5.000919,0.479995,0.41861,10.00
0.154000,5.001026,0.479804,0.41859,10.00
0.154010,5.000052,0.479683,0.41864,10.00
0.154020,4.999082,0.479717,0.41869,10.00
0.154030,4.998122,0.479906,0.41873,10.00
0.154040,4.997178,0.480249,0.41878,10.00
0.154050,4.996378,0.480741,0.41883,10.00
0.154060,4.996080,0.481323,0.41885,10.00
0.154070,4.995812,0.481951,0.41887,10.00
0.154080,4.995574,0.482622,0.41888,10.00
0.154090,4.995369,0.483328,0.41890,10.00
0.154100,4.995327,0.484067,0.41891,10.00
0.154110,4.995835,0.484769,0.41889,10.00
0.154120,4.996371,0.485389,0.41887,10.00
0.154130,4.996930,0.485922,0.41884,10.00
0.154140,4.997509,0.486365,0.41881,10.00
0.154150,4.997783,0.486714,0.41879,10.00
0.154160,4.996798,0.487122,0.41884,10.00
0.154170,4.995841,0.487686,0.41889,10.00
0.154180,4.994918,0.488402,0.41894,10.00
0.154190,4.994035,0.489264,0.41899,10.00
0.154200,4.993408,0.490265,0.41903,10.00
0.154210,4.993660,0.491298,0.41903,10.00
0.154220,4.993958,0.492289,0.41902,10.00
0.154230,4.994297,0.493231,0.41901,10.00
0.154240,4.994676,0.494116,0.41899,10.00
0.154250,4.994819,0.494940,0.41898,10.00
0.154260,4.993911,0.495826,0.41903,10.00
0.154270,4.993050,0.496856,0.41908,10.00
0.154280,4.992244,0.498021,0.41912,10.00
0.154290,4.991498,0.499313,0.41917,10.00
0.154300,4.990926,0.500722,0.41921,10.00
0.154310,4.990858,0.502184,0.41922,10.00
0.154320,4.990856,0.503654,0.41923,10.00
0.154330,4.990921,0.505122,0.41923,10.00
0.154340,4.991052,0.506577,0.41923,10.00
0.154350,4.991353,0.508008,0.41923,10.00
0.154360,4.992136,0.509354,0.41920,10.00
0.154370,4.992973,0.510572,0.41916,10.00
0.154380,4.993858,0.511655,0.41913,10.00
0.154390,4.994784,0.512593,0.41908,10.00
0.154400,4.995771,0.513382,0.41904,10.00
0.154410,4.996889,0.514004,0.41899,10.00
0.154420,4.998025,0.514445,0.41893,10.00
0.154430,4.999171,0.514704,0.41888,10.00
0.154440,5.000319,0.514779,0.41882,10.00
0.154450,5.001409,0.514671,0.41876,10.00
0.154460,5.002281,0.514405,0.41872,10.00
0.154470,5.003133,0.514000,0.41867,10.00
0.154480,5.003959,0.513459,0.41863,10.00
0.154490,5.004754,0.512787,0.41858,10.00
0.154500,5.005659,0.511990,0.41854,10.00
0.154510,5.007111,0.511002,0.41846,10.00
0.154520,5.008506,0.509784,0.41839,10.00
0.154530,5.009833,0.508345,0.41831,10.00
0.154540,5.011083,0.506697,0.41824,10.00
0.154550,5.011597,0.504852,0.41817,10.00
0.154560,5.009435,0.503137,0.41827,10.00
0.154570,5.007213,0.501770,0.41838,10.00
0.154580,5.004950,0.500761,0.41848,10.00
0.154590,5.002661,0.500116,0.41859,10.00
0.154600,5.000853,0.499837,0.41871,10.00
0.154610,5.001002,0.499691,0.41870,10.00
0.154620,5.001143,0.499521,0.41869,10.00
0.154630,5.001275,0.499330,0.41868,10.00
0.154640,5.001397,0.499117,0.41868,10.00
0.154650,5.001594,0.498886,0.41867,10.00
0.154660,5.002123,0.498595,0.41864,10.00
0.154670,5.002634,0.498221,0.41861,10.00
0.154680,5.003123,0.497766,0.41859,10.00
0.154690,5.003587,0.497234,0.41856,10.00
0.154700,5.003894,0.496628,0.41854,10.00
0.154710,5.003654,0.496016,0.41855,10.00
0.154720,5.003389,0.495444,0.41856,10.00
0.154730,5.003100,0.494915,0.41857,10.00
0.154740,5.002790,0.494433,0.41858,10.00
0.154750,5.002485,0.494002,0.41859,10.00
0.154760,5.002258,0.493613,0.41860,10.00
0.154770,5.002016,0.493261,0.41861,10.00
0.154780,5.001759,0.492948,0.41862,10.00
0.154790,5.001491,0.492677,0.41864,10.00
0.154800,5.001181,0.492449,0.41865,10.00
0.154810,5.000734,0.492282,0.41867,10.00
0.154820,5.000284,0.492186,0.41869,10.00
0.154830,4.999833,0.492162,0.41872,10.00
0.154840,4.999385,0.492211,0.41874,10.00
0.154850,4.998868,0.492331,0.41876,10.00
0.154860,4.998057,0.492558,0.41880,10.00
0.154870,4.997264,0.492914,0.41884,10.00
0.154880,4.996495,0.493396,0.41889,10.00
0.154890,4.995754,0.494001,0.41893,10.00
0.154900,4.995126,0.494722,0.41897,10.00
0.154910,4.994853,0.495517,0.41898,10.00
0.154920,4.994619,0.496354,0.41900,10.00
0.154930,4.994425,0.497227,0.41901,10.00
0.154940,4.994272,0.498129,0.41903,10.00
0.154950,4.994156,0.499054,0.41904,10.00
0.154960,4.994059,0.499997,0.41905,10.00
0.154970,4.994006,0.500955,0.41906,10.00
0.154980,4.993996,0.501919,0.41906,10.00
0.154990,4.994031,0.502882,0.41906,10.00
0.155000,4.994144,0.503838,0.41907,10.00
0.155010,4.994439,0.504763,0.41906,10.00
0.155020,4.994773,0.505639,0.41904,10.00
0.155030,4.995144,0.506460,0.41903,10.00
0.155040,4.995549,0.507221,0.41901,10.00
0.155050,4.996106,0.507914,0.41900,10.00
0.155060,4.997171,0.508479,0.41895,10.00
0.155070,4.998252,0.508873,0.41889,10.00
0.155080,4.999341,0.509093,0.41884,10.00
0.155090,5.000431,0.509138,0.41879,10.00
0.155100,5.001330,0.509009,0.41873,10.00
0.155110,5.001486,0.508796,0.41872,10.00
0.155120,5.001630,0.508557,0.41871,10.00
0.155130,5.001763,0.508297,0.41870,10.00
0.155140,5.001882,0.508015,0.41870,10.00
0.155150,5.001919,0.507715,0.41869,10.00
0.155160,5.001667,0.507431,0.41870,10.00
0.155170,5.001405,0.507188,0.41871,10.00
0.155180,5.001134,0.506988,0.41873,10.00
0.155190,5.000857,0.506831,0.41874,10.00
0.155200,5.000687,0.506719,0.41875,10.00
0.155210,5.000964,0.506598,0.41874,10.00
0.155220,5.001232,0.506432,0.41872,10.00
0.155230,5.001490,0.506225,0.41871,10.00
0.155240,5.001737,0.505976,0.41870,10.00
0.155250,5.002075,0.505689,0.41868,10.00
0.155260,5.002812,0.505314,0.41864,10.00
0.155270,5.003526,0.504823,0.41860,10.00
0.155280,5.004211,0.504218,0.41857,10.00
0.155290,5.004862,0.503505,0.41853,10.00
0.155300,5.005297,0.502689,0.41850,10.00
0.155310,5.004980,0.501863,0.41851,10.00
0.155320,5.004628,0.501089,0.41852,10.00
0.155330,5.004245,0.500372,0.41854,10.00
0.155340,5.003832,0.499718,0.41855,10.00
0.155350,5.003412,0.499131,0.41857,10.00
0.155360,5.003046,0.498607,0.41859,10.00
0.155370,5.002660,0.498141,0.41860,10.00
0.155380,5.002256,0.497739,0.41862,10.00
0.155390,5.001838,0.497401,0.41864,10.00
0.155400,5.001548,0.497132,0.41866,10.00
0.155410,5.001809,0.496864,0.41865,10.00
0.155420,5.002056,0.496555,0.41863,10.00
0.155430,5.002287,0.496207,0.41862,10.00
0.155440,5.002500,0.495822,0.41861,10.00
0.155450,5.002761,0.495405,0.41859,10.00
0.155460,5.003270,0.494925,0.41857,10.00
0.155470,5.003752,0.494365,0.41854,10.00
0.155480,5.004205,0.493728,0.41851,10.00
0.155490,5.004626,0.493021,0.41849,10.00
0.155500,5.004921,0.492248,0.41846,10.00
0.155510,5.004825,0.491457,0.41847,10.00
0.155520,5.004695,0.490684,0.41847,10.00
0.155530,5.004530,0.489933,0.41847,10.00
0.155540,5.004332,0.489209,0.41848,10.00
0.155550,5.003950,0.488519,0.41849,10.00
0.155560,5.002925,0.487940,0.41853,10.00
0.155570,5.001883,0.487527,0.41858,10.00
0.155580,5.000832,0.487281,0.41863,10.00
0.155590,4.999779,0.487203,0.41869,10.00
0.155600,4.998626,0.487294,0.41874,10.00
0.155610,4.997069,0.487602,0.41882,10.00
0.155620,4.995540,0.488159,0.41890,10.00
0.155630,4.994049,0.488959,0.41898,10.00
0.155640,4.992608,0.489995,0.41906,10.00
0.155650,4.991552,0.491261,0.41913,10.00
0.155660,4.991859,0.492588,0.41912,10.00
0.155670,4.992223,0.493864,0.41911,10.00
0.155680,4.992641,0.495079,0.41910,10.00
0.155690,4.993111,0.496225,0.41908,10.00
0.155700,4.993200,0.497294,0.41906,10.00
0.155710,4.991628,0.498484,0.41915,10.00
0.155720,4.990124,0.499923,0.41923,10.00
0.155730,4.988698,0.501599,0.41931,10.00
0.155740,4.987362,0.503500,0.41939,10.00
0.155750,4.986398,0.505611,0.41946,10.00
0.155760,4.986636,0.507783,0.41946,10.00
0.155770,4.986970,0.509913,0.41946,10.00
0.155780,4.987398,0.511986,0.41945,10.00
0.155790,4.987915,0.513987,0.41943,10.00
0.155800,4.988546,0.515900,0.41941,10.00
0.155810,4.989362,0.517701,0.41938,10.00
0.155820,4.990253,0.519368,0.41934,10.00
0.155830,4.991212,0.520889,0.41930,10.00
0.155840,4.992230,0.522254,0.41926,10.00
0.155850,4.993083,0.523454,0.41921,10.00
0.155860,4.993107,0.524585,0.41922,10.00
0.155870,4.993182,0.525710,0.41922,10.00
0.155880,4.993307,0.526821,0.41922,10.00
0.155890,4.993482,0.527909,0.41922,10.00
0.155900,4.993961,0.528967,0.41921,10.00
0.155910,4.995506,0.529864,0.41914,10.00
0.155920,4.997078,0.530513,0.41906,10.00
0.155930,4.998665,0.530909,0.41899,10.00
0.155940,5.000256,0.531050,0.41891,10.00
0.155950,5.001763,0.530937,0.41883,10.00
0.155960,5.002948,0.530608,0.41877,10.00
0.155970,5.004108,0.530089,0.41870,10.00
0.155980,5.005233,0.529386,0.41864,10.00
0.155990,5.006317,0.528505,0.41859,10.00
0.156000,5.007710,0.527452,0.41853,10.00
0.156010,5.010469,0.526063,0.41838,10.00
0.156020,5.013142,0.524236,0.41824,10.00
0.156030,5.015707,0.521986,0.41810,10.00
0.156040,5.018148,0.519330,0.41796,10.00
0.156050,5.020101,0.516289,0.41783,10.00
0.156060,5.020522,0.513052,0.41779,10.00
0.156070,5.020792,0.509754,0.41776,10.00
0.156080,5.020910,0.506419,0.41773,10.00
0.156090,5.020876,0.503072,0.41772,10.00
0.156100,5.020649,0.499736,0.41771,10.00
0.156110,5.020105,0.496457,0.41772,10.00
0.156120,5.019416,0.493271,0.41774,10.00
0.156130,5.018590,0.490201,0.41776,10.00
0.156140,5.017631,0.487269,0.41779,10.00
0.156150,5.016598,0.484496,0.41783,10.00
0.156160,5.015643,0.481877,0.41787,10.00
0.156170,5.014578,0.479417,0.41791,10.00
0.156180,5.013411,0.477131,0.41795,10.00
0.156190,5.012150,0.475037,0.41800,10.00
0.156200,5.010596,0.473148,0.41806,10.00
0.156210,5.008136,0.471578,0.41817,10.00
0.156220,5.005626,0.470405,0.41829,10.00
0.156230,5.003086,0.469635,0.41842,10.00
0.156240,5.000533,0.469272,0.41854,10.00
0.156250,4.998055,0.469319,0.41867,10.00
0.156260,4.995875,0.469739,0.41878,10.00
0.156270,4.993734,0.470507,0.41889,10.00
0.156280,4.991646,0.471616,0.41900,10.00
0.156290,4.989628,0.473056,0.41911,10.00
0.156300,4.988097,0.474817,0.41922,10.00
0.156310,4.988272,0.476689,0.41922,10.00
0.156320,4.988530,0.478530,0.41922,10.00
0.156330,4.988869,0.480326,0.41921,10.00
0.156340,4.989287,0.482065,0.41920,10.00
0.156350,4.989566,0.483733,0.41919,10.00
0.156360,4.989066,0.485423,0.41922,10.00
0.156370,4.988647,0.487189,0.41925,10.00
0.156380,4.988311,0.489019,0.41928,10.00
0.156390,4.988062,0.490899,0.41930,10.00
0.156400,4.987922,0.492815,0.41932,10.00
0.156410,4.987962,0.494743,0.41933,10.00
0.156420,4.988088,0.496661,0.41933,10.00
0.156430,4.988300,0.498555,0.41933,10.00
0.156440,4.988597,0.500411,0.41933,10.00
0.156450,4.988786,0.502217,0.41932,10.00
0.156460,4.988304,0.504049,0.41935,10.00
0.156470,4.987909,0.505955,0.41938,10.00
0.156480,4.987604,0.507920,0.41941,10.00
0.156490,4.987391,0.509930,0.41943,10.00
0.156500,4.987553,0.511970,0.41945,10.00
0.156510,4.988931,0.513889,0.41939,10.00
0.156520,4.990384,0.515585,0.41932,10.00
0.156530,4.991901,0.517046,0.41926,10.00
0.156540,4.993470,0.518261,0.41918,10.00
0.156550,4.994911,0.519223,0.41911,10.00
0.156560,4.995709,0.520007,0.41907,10.00
0.156570,4.996534,0.520662,0.41903,10.00
0.156580,4.997383,0.521183,0.41899,10.00
0.156590,4.998247,0.521568,0.41895,10.00
0.156600,4.999072,0.521814,0.41891,10.00
0.156610,4.999703,0.521944,0.41888,10.00
0.156620,5.000336,0.521972,0.41885,10.00
0.156630,5.000963,0.521899,0.41882,10.00
0.156640,5.001582,0.521725,0.41878,10.00
0.156650,5.002424,0.521453,0.41875,10.00
0.156660,5.004187,0.520972,0.41866,10.00
0.156670,5.005913,0.520209,0.41857,10.00
0.156680,5.007588,0.519172,0.41848,10.00
0.156690,5.009202,0.517869,0.41839,10.00
0.156700,5.010498,0.516311,0.41831,10.00
0.156710,5.010739,0.514627,0.41829,10.00
0.156720,5.010901,0.512907,0.41827,10.00
0.156730,5.010984,0.511165,0.41826,10.00
0.156740,5.010987,0.509413,0.41825,10.00
0.156750,5.010943,0.507663,0.41824,10.00
0.156760,5.010948,0.505914,0.41823,10.00
0.156770,5.010874,0.504167,0.41822,10.00
0.156780,5.010721,0.502435,0.41822,10.00
0.156790,5.010491,0.500731,0.41822,10.00
0.156800,5.010143,0.499067,0.41823,10.00
0.156810,5.009551,0.497476,0.41825,10.00
0.156820,5.008892,0.495982,0.41828,10.00
0.156830,5.008171,0.494596,0.41831,10.00
0.156840,5.007394,0.493329,0.41834,10.00
0.156850,5.006586,0.492188,0.41837,10.00
0.156860,5.005815,0.491171,0.41841,10.00
0.156870,5.005003,0.490281,0.41844,10.00
0.156880,5.004159,0.489521,0.41848,10.00
0.156890,5.003288,0.488898,0.41852,10.00
0.156900,5.002493,0.488416,0.41856,10.00
0.156910,5.002067,0.488030,0.41858,10.00
0.156920,5.001628,0.487714,0.41860,10.00
0.156930,5.001178,0.487468,0.41862,10.00
0.156940,5.000721,0.487295,0.41864,10.00
0.156950,5.000312,0.487195,0.41867,10.00
0.156960,5.000107,0.487145,0.41868,10.00
0.156970,4.999903,0.487127,0.41869,10.00
0.156980,4.999699,0.487142,0.41870,10.00
0.156990,4.999498,0.487189,0.41871,10.00
0.157000,4.999146,0.487269,0.41872,10.00
0.157010,4.998184,0.487455,0.41877,10.00
0.157020,4.997238,0.487794,0.41882,10.00
0.157030,4.996317,0.488283,0.41887,10.00
0.157040,4.995426,0.488919,0.41891,10.00
0.157050,4.994506,0.489695,0.41896,10.00
0.157060,4.993367,0.490639,0.41902,10.00
0.157070,4.992281,0.491763,0.41908,10.00
0.157080,4.991255,0.493058,0.41914,10.00
0.157090,4.990298,0.494515,0.41920,10.00
0.157100,4.989405,0.496121,0.41925,10.00
0.157110,4.988552,0.497871,0.41930,10.00
0.157120,4.987786,0.499754,0.41935,10.00
0.157130,4.987112,0.501755,0.41940,10.00
0.157140,4.986536,0.503861,0.41944,10.00
0.157150,4.986037,0.506054,0.41947,10.00
0.157160,4.985554,0.508330,0.41951,10.00
0.157170,4.985178,0.510679,0.41954,10.00
0.157180,4.984912,0.513083,0.41957,10.00
0.157190,4.984757,0.515525,0.41959,10.00
0.157200,4.984984,0.517987,0.41960,10.00
0.157210,4.986396,0.520321,0.41955,10.00
0.157220,4.987901,0.522426,0.41948,10.00
0.157230,4.989487,0.524285,0.41941,10.00
0.157240,4.991144,0.525888,0.41934,10.00
0.157250,4.993020,0.527223,0.41926,10.00
0.157260,4.995579,0.528204,0.41914,10.00
0.157270,4.998160,0.528774,0.41901,10.00
0.157280,5.000744,0.528930,0.41888,10.00
0.157290,5.003312,0.528673,0.41875,10.00
0.157300,5.005268,0.528006,0.41862,10.00
0.157310,5.004879,0.527212,0.41864,10.00
0.157320,5.004457,0.526482,0.41865,10.00
0.157330,5.004005,0.525820,0.41867,10.00
0.157340,5.003528,0.525232,0.41869,10.00
0.157350,5.003263,0.524721,0.41871,10.00
0.157360,5.003917,0.524177,0.41868,10.00
0.157370,5.004541,0.523530,0.41864,10.00
0.157380,5.005130,0.522785,0.41861,10.00
0.157390,5.005679,0.521947,0.41858,10.00
0.157400,5.006409,0.521022,0.41855,10.00
0.157410,5.007979,0.519911,0.41846,10.00
0.157420,5.009484,0.518552,0.41838,10.00
0.157430,5.010914,0.516954,0.41830,10.00
0.157440,5.012259,0.515131,0.41822,10.00
0.157450,5.013222,0.513097,0.41815,10.00
0.157460,5.012939,0.511004,0.41815,10.00
0.157470,5.012564,0.508961,0.41816,10.00
0.157480,5.012100,0.506981,0.41817,10.00
0.157490,5.011549,0.505079,0.41819,10.00
0.157500,5.011066,0.503269,0.41821,10.00
0.157510,5.011092,0.501493,0.41820,10.00
0.157520,5.011038,0.499715,0.41819,10.00
0.157530,5.010904,0.497950,0.41819,10.00
0.157540,5.010691,0.496209,0.41819,10.00
0.157550,5.010469,0.494506,0.41820,10.00
0.157560,5.010442,0.492820,0.41819,10.00
0.157570,5.010339,0.491142,0.41818,10.00
0.157580,5.010161,0.489483,0.41818,10.00
0.157590,5.009909,0.487856,0.41819,10.00
0.157600,5.009699,0.486273,0.41820,10.00
0.157610,5.009867,0.484690,0.41818,10.00
0.157620,5.009962,0.483083,0.41817,10.00
0.157630,5.009983,0.481465,0.41816,10.00
0.157640,5.009931,0.479846,0.41815,10.00
0.157650,5.009812,0.478239,0.41815,10.00
0.157660,5.009644,0.476652,0.41815,10.00
0.157670,5.009406,0.475095,0.41815,10.00
0.157680,5.009099,0.473579,0.41816,10.00
0.157690,5.008727,0.472116,0.41817,10.00
0.157700,5.008349,0.470715,0.41818,10.00
0.157710,5.008142,0.469359,0.41819,10.00
0.157720,5.007876,0.468038,0.41819,10.00
0.157730,5.007552,0.466763,0.41820,10.00
0.157740,5.007173,0.465542,0.41821,10.00
0.157750,5.006467,0.464385,0.41823,10.00
0.157760,5.004618,0.463430,0.41832,10.00
0.157770,5.002742,0.462773,0.41841,10.00
0.157780,5.000854,0.462418,0.41850,10.00
0.157790,4.998966,0.462364,0.41859,10.00
0.157800,4.997305,0.462613,0.41869,10.00
0.157810,4.996518,0.463059,0.41873,10.00
0.157820,4.995757,0.463630,0.41877,10.00
0.157830,4.995030,0.464322,0.41881,10.00
0.157840,4.994340,0.465129,0.41885,10.00
0.157850,4.993512,0.466045,0.41889,10.00
0.157860,4.992014,0.467149,0.41897,10.00
0.157870,4.990578,0.468490,0.41905,10.00
0.157880,4.989216,0.470059,0.41913,10.00
0.157890,4.987938,0.471843,0.41920,10.00
0.157900,4.986870,0.473827,0.41927,10.00
0.157910,4.986374,0.475941,0.41931,10.00
0.157920,4.985978,0.478129,0.41934,10.00
0.157930,4.985685,0.480377,0.41937,10.00
0.157940,4.985496,0.482668,0.41939,10.00
0.157950,4.985357,0.484985,0.41941,10.00
0.157960,4.985099,0.487337,0.41943,10.00
0.157970,4.984951,0.489726,0.41945,10.00
0.157980,4.984912,0.492134,0.41947,10.00
0.157990,4.984983,0.494544,0.41948,10.00
0.158000,4.984935,0.496938,0.41948,10.00
0.158010,4.984089,0.499408,0.41954,10.00
0.158020,4.983363,0.502008,0.41959,10.00
0.158030,4.982761,0.504720,0.41963,10.00
0.158040,4.982287,0.507522,0.41967,10.00
0.158050,4.982175,0.510395,0.41970,10.00
0.158060,4.983116,0.513205,0.41967,10.00
0.158070,4.984176,0.515861,0.41963,10.00
0.158080,4.985346,0.518341,0.41959,10.00
0.158090,4.986619,0.520630,0.41954,10.00
0.158100,4.987820,0.522710,0.41948,10.00
0.158110,4.988447,0.524648,0.41946,10.00
0.158120,4.989157,0.526481,0.41943,10.00
0.158130,4.989944,0.528198,0.41940,10.00
0.158140,4.990801,0.529785,0.41937,10.00
0.158150,4.992046,0.531232,0.41933,10.00
0.158160,4.994632,0.532373,0.41921,10.00
0.158170,4.997246,0.533100,0.41908,10.00
0.158180,4.999870,0.533406,0.41895,10.00
0.158190,5.002485,0.533293,0.41882,10.00
0.158200,5.004946,0.532762,0.41869,10.00
0.158210,5.006862,0.531879,0.41859,10.00
0.158220,5.008721,0.530691,0.41849,10.00
0.158230,5.010509,0.529208,0.41839,10.00
0.158240,5.012215,0.527443,0.41829,10.00
0.158250,5.013817,0.525407,0.41820,10.00
0.158260,5.015280,0.523123,0.41812,10.00
0.158270,5.016627,0.520608,0.41803,10.00
0.158280,5.017848,0.517883,0.41796,10.00
0.158290,5.018935,0.514968,0.41789,10.00
0.158300,5.019895,0.511885,0.41782,10.00
0.158310,5.020770,0.508650,0.41776,10.00
0.158320,5.021491,0.505280,0.41771,10.00
0.158330,5.022052,0.501802,0.41766,10.00
0.158340,5.022450,0.498241,0.41762,10.00
0.158350,5.022320,0.494623,0.41759,10.00
0.158360,5.020575,0.491150,0.41766,10.00
0.158370,5.018689,0.487962,0.41774,10.00
0.158380,5.016674,0.485081,0.41782,10.00
0.158390,5.014547,0.482529,0.41791,10.00
0.158400,5.012605,0.480321,0.41801,10.00
0.158410,5.011703,0.478337,0.41805,10.00
0.158420,5.010719,0.476502,0.41809,10.00
0.158430,5.009660,0.474827,0.41813,10.00
0.158440,5.008535,0.473325,0.41818,10.00
0.158450,5.007322,0.472006,0.41823,10.00
0.158460,5.005942,0.470892,0.41829,10.00
0.158470,5.004523,0.470002,0.41836,10.00
0.158480,5.003076,0.469340,0.41843,10.00
0.158490,5.001612,0.468911,0.41850,10.00
0.158500,5.000248,0.468717,0.41857,10.00
0.158510,4.999312,0.468707,0.41862,10.00
0.158520,4.998384,0.468847,0.41867,10.00
0.158530,4.997470,0.469135,0.41871,10.00
0.158540,4.996578,0.469569,0.41876,10.00
0.158550,4.995589,0.470144,0.41881,10.00
0.158560,4.994141,0.470917,0.41888,10.00
0.158570,4.992741,0.471919,0.41896,10.00
0.158580,4.991398,0.473144,0.41903,10.00
0.158590,4.990123,0.474580,0.41911,10.00
0.158600,4.988893,0.476218,0.41918,10.00
0.158610,4.987620,0.478060,0.41925,10.00
0.158620,4.986442,0.480101,0.41932,10.00
0.158630,4.985367,0.482327,0.41939,10.00
0.158640,4.984403,0.484721,0.41945,10.00
0.158650,4.983713,0.487264,0.41950,10.00
0.158660,4.983775,0.489862,0.41951,10.00
0.158670,4.983954,0.492445,0.41952,10.00
0.158680,4.984248,0.494995,0.41952,10.00
0.158690,4.984656,0.497492,0.41951,10.00
0.158700,4.984810,0.499920,0.41950,10.00
0.158710,4.983627,0.502435,0.41957,10.00
0.158720,4.982568,0.505134,0.41964,10.00
0.158730,4.981641,0.507997,0.41970,10.00
0.158740,4.980852,0.511002,0.41976,10.00
0.158750,4.980354,0.514128,0.41981,10.00
0.158760,4.980585,0.517280,0.41981,10.00
0.158770,4.980958,0.520389,0.41981,10.00
0.158780,4.981468,0.523432,0.41980,10.00
0.158790,4.982111,0.526388,0.41979,10.00
0.158800,4.983229,0.529236,0.41976,10.00
0.158810,4.985845,0.531788,0.41964,10.00
0.158820,4.988553,0.533917,0.41952,10.00
0.158830,4.991333,0.535610,0.41939,10.00
0.158840,4.994166,0.536854,0.41926,10.00
0.158850,4.996865,0.537644,0.41912,10.00
0.158860,4.998921,0.538053,0.41902,10.00
0.158870,5.000977,0.538132,0.41891,10.00
0.158880,5.003019,0.537883,0.41881,10.00
0.158890,5.005031,0.537307,0.41870,10.00
0.158900,5.006886,0.536411,0.41860,10.00
0.158910,5.008232,0.535257,0.41853,10.00
0.158920,5.009515,0.533889,0.41846,10.00
0.158930,5.010723,0.532319,0.41839,10.00
0.158940,5.011850,0.530558,0.41832,10.00
0.158950,5.012917,0.528621,0.41826,10.00
0.158960,5.014006,0.526507,0.41819,10.00
0.158970,5.014990,0.524223,0.41813,10.00
0.158980,5.015861,0.521786,0.41807,10.00
0.158990,5.016614,0.519215,0.41802,10.00
0.159000,5.017404,0.516528,0.41797,10.00
0.159010,5.018703,0.513668,0.41789,10.00
0.159020,5.019860,0.510607,0.41782,10.00
0.159030,5.020869,0.507366,0.41775,10.00
0.159040,5.021721,0.503971,0.41769,10.00
0.159050,5.022160,0.500445,0.41764,10.00
0.159060,5.021426,0.496937,0.41765,10.00
0.159070,5.020540,0.493554,0.41768,10.00
0.159080,5.019509,0.490318,0.41771,10.00
0.159090,5.018340,0.487253,0.41776,10.00
0.159100,5.017024,0.484381,0.41781,10.00
0.159110,5.015519,0.481731,0.41787,10.00
0.159120,5.013906,0.479327,0.41793,10.00
0.159130,5.012199,0.477184,0.41801,10.00
0.159140,5.010409,0.475319,0.41809,10.00
0.159150,5.008770,0.473744,0.41817,10.00
0.159160,5.007945,0.472363,0.41821,10.00
0.159170,5.007064,0.471118,0.41824,10.00
0.159180,5.006135,0.470016,0.41828,10.00
0.159190,5.005163,0.469064,0.41833,10.00
0.159200,5.004049,0.468270,0.41837,10.00
0.159210,5.002476,0.467690,0.41845,10.00
0.159220,5.000891,0.467363,0.41853,10.00
0.159230,4.999304,0.467289,0.41861,10.00
0.159240,4.997729,0.467470,0.41869,10.00
0.159250,4.996028,0.467902,0.41877,10.00
0.159260,4.993775,0.468653,0.41888,10.00
0.159270,4.991577,0.469762,0.41900,10.00
0.159280,4.989448,0.471221,0.41911,10.00
0.159290,4.987404,0.473017,0.41923,10.00
0.159300,4.985717,0.475136,0.41934,10.00
0.159310,4.985166,0.477439,0.41938,10.00
0.159320,4.984725,0.479825,0.41941,10.00
0.159330,4.984396,0.482278,0.41944,10.00
0.159340,4.984181,0.484778,0.41946,10.00
0.159350,4.983869,0.487308,0.41948,10.00
0.159360,4.982827,0.489951,0.41955,10.00
0.159370,4.981914,0.492756,0.41961,10.00
0.159380,4.981136,0.495701,0.41967,10.00
0.159390,4.980499,0.498764,0.41971,10.00
0.159400,4.980309,0.501924,0.41976,10.00
0.159410,4.981471,0.505011,0.41972,10.00
0.159420,4.982763,0.507906,0.41967,10.00
0.159430,4.984174,0.510590,0.41961,10.00
0.159440,4.985694,0.513043,0.41955,10.00
0.159450,4.987088,0.515248,0.41948,10.00
0.159460,4.987675,0.517297,0.41946,10.00
0.159470,4.988351,0.519249,0.41944,10.00
0.159480,4.989108,0.521090,0.41941,10.00
0.159490,4.989943,0.522805,0.41938,10.00
0.159500,4.990742,0.524384,0.41934,10.00
0.159510,4.991184,0.525865,0.41933,10.00
0.159520,4.991689,0.527273,0.41931,10.00
0.159530,4.992253,0.528598,0.41929,10.00
0.159540,4.992872,0.529830,0.41926,10.00
0.159550,4.993593,0.530960,0.41923,10.00
0.159560,4.994563,0.531956,0.41919,10.00
0.159570,4.995569,0.532795,0.41915,10.00
0.159580,4.996604,0.533472,0.41910,10.00
0.159590,4.997661,0.533982,0.41905,10.00
0.159600,4.998638,0.534321,0.41900,10.00
0.159610,4.999246,0.534534,0.41897,10.00
0.159620,4.999858,0.534649,0.41894,10.00
0.159630,5.000471,0.534666,0.41890,10.00
0.159640,5.001079,0.534585,0.41887,10.00
0.159650,5.001925,0.534406,0.41884,10.00
0.159660,5.003741,0.534014,0.41875,10.00
0.159670,5.005523,0.533332,0.41866,10.00
0.159680,5.007259,0.532366,0.41856,10.00
0.159690,5.008935,0.531124,0.41847,10.00
0.159700,5.010539,0.529617,0.41838,10.00
0.159710,5.012054,0.527857,0.41830,10.00
0.159720,5.013476,0.525858,0.41822,10.00
0.159730,5.014795,0.523635,0.41814,10.00
0.159740,5.016001,0.521206,0.41806,10.00
0.159750,5.017148,0.518588,0.41800,10.00
0.159760,5.018409,0.515773,0.41792,10.00
0.159770,5.019531,0.512762,0.41785,10.00
0.159780,5.020507,0.509577,0.41778,10.00
0.159790,5.021330,0.506242,0.41772,10.00
0.159800,5.021921,0.502782,0.41767,10.00
0.159810,5.022059,0.499257,0.41764,10.00
0.159820,5.022037,0.495718,0.41762,10.00
0.159830,5.021854,0.492188,0.41761,10.00
0.159840,5.021512,0.488695,0.41761,10.00
0.159850,5.020721,0.485263,0.41762,10.00
0.159860,5.018605,0.482059,0.41771,10.00
0.159870,5.016364,0.479198,0.41780,10.00
0.159880,5.014012,0.476702,0.41791,10.00
0.159890,5.011568,0.474586,0.41802,10.00
0.159900,5.009182,0.472865,0.41813,10.00
0.159910,5.007266,0.471487,0.41822,10.00
0.159920,5.005305,0.470417,0.41832,10.00
0.159930,5.003312,0.469663,0.41841,10.00
0.159940,5.001304,0.469229,0.41851,10.00
0.159950,4.999454,0.469117,0.41861,10.00
0.159960,4.998261,0.469249,0.41867,10.00
0.159970,4.997084,0.469572,0.41873,10.00
0.159980,4.995931,0.470082,0.41879,10.00
0.159990,4.994813,0.470776,0.41885,10.00
0.160000,4.993654,0.471647,0.41891,10.00
0.160010,4.992220,0.472728,0.41899,10.00
0.160020,4.990848,0.474037,0.41906,10.00
0.160030,4.989548,0.475562,0.41914,10.00
0.160040,4.988328,0.477292,0.41921,10.00
0.160050,4.987098,0.479214,0.41928,10.00
0.160060,4.985568,0.481360,0.41936,10.00
0.160070,4.984149,0.483748,0.41945,10.00
0.160080,4.982851,0.486357,0.41953,10.00
0.160090,4.981683,0.489169,0.41960,10.00
0.160100,4.980767,0.492162,0.41967,10.00
0.160110,4.980447,0.495259,0.41970,10.00
0.160120,4.980270,0.498402,0.41973,10.00
0.160130,4.980238,0.501567,0.41975,10.00
0.160140,4.980349,0.504731,0.41976,10.00
0.160150,4.980643,0.507871,0.41976,10.00
0.160160,4.981235,0.510945,0.41975,10.00
0.160170,4.981962,0.513919,0.41973,10.00
0.160180,4.982817,0.516771,0.41970,10.00
0.160190,4.983794,0.519481,0.41967,10.00
0.160200,4.984948,0.522029,0.41963,10.00
0.160210,4.986460,0.524368,0.41956,10.00
0.160220,4.988065,0.526460,0.41950,10.00
0.160230,4.989750,0.528292,0.41942,10.00
0.160240,4.991504,0.529851,0.41934,10.00
0.160250,4.993284,0.531126,0.41926,10.00
0.160260,4.994996,0.532124,0.41918,10.00
0.160270,4.996737,0.532845,0.41909,10.00
0.160280,4.998496,0.533287,0.41901,10.00
0.160290,5.000259,0.533447,0.41892,10.00
0.160300,5.001985,0.533325,0.41883,10.00
0.160310,5.003574,0.532936,0.41875,10.00
0.160320,5.005131,0.532294,0.41867,10.00
0.160330,5.006646,0.531404,0.41859,10.00
0.160340,5.008106,0.530274,0.41851,10.00
0.160350,5.009537,0.528912,0.41843,10.00
0.160360,5.011032,0.527313,0.41835,10.00
0.160370,5.012441,0.525478,0.41827,10.00
0.160380,5.013754,0.523422,0.41819,10.00
0.160390,5.014963,0.521159,0.41812,10.00
0.160400,5.016004,0.518707,0.41805,10.00
0.160410,5.016712,0.516111,0.41800,10.00
0.160420,5.017295,0.513407,0.41795,10.00
0.160430,5.017751,0.510614,0.41792,10.00
0.160440,5.018076,0.507755,0.41788,10.00
0.160450,5.018154,0.504848,0.41786,10.00
0.160460,5.017644,0.501971,0.41787,10.00
0.160470,5.017008,0.499182,0.41789,10.00
0.160480,5.016251,0.496499,0.41791,10.00
0.160490,5.015379,0.493942,0.41794,10.00
0.160500,5.014680,0.491530,0.41797,10.00
0.160510,5.015000,0.489144,0.41795,10.00
0.160520,5.015208,0.486712,0.41792,10.00
0.160530,5.015304,0.484251,0.41790,10.00
0.160540,5.015288,0.481779,0.41789,10.00
0.160550,5.014942,0.479315,0.41788,10.00
0.160560,5.013618,0.476981,0.41794,10.00
0.160570,5.012201,0.474863,0.41800,10.00
0.160580,5.010700,0.472976,0.41806,10.00
0.160590,5.009127,0.471332,0.41813,10.00
0.160600,5.007630,0.469943,0.41821,10.00
0.160610,5.006628,0.468753,0.41825,10.00
0.160620,5.005580,0.467724,0.41830,10.00
0.160630,5.004496,0.466866,0.41835,10.00
0.160640,5.003382,0.466182,0.41840,10.00
0.160650,5.002201,0.465679,0.41845,10.00
0.160660,5.000826,0.465379,0.41852,10.00
0.160670,4.999449,0.465300,0.41859,10.00
0.160680,4.998081,0.465441,0.41866,10.00
0.160690,4.996732,0.465801,0.41873,10.00
0.160700,4.995426,0.466376,0.41880,10.00
0.160710,4.994216,0.467154,0.41886,10.00
0.160720,4.993052,0.468124,0.41893,10.00
0.160730,4.991943,0.469279,0.41899,10.00
0.160740,4.990896,0.470608,0.41905,10.00
0.160750,4.990101,0.472103,0.41911,10.00
0.160760,4.990108,0.473663,0.41911,10.00
0.160770,4.990186,0.475219,0.41912,10.00
0.160780,4.990333,0.476760,0.41912,10.00
0.160790,4.990550,0.478275,0.41912,10.00
0.160800,4.990567,0.479752,0.41911,10.00
0.160810,4.989595,0.481309,0.41917,10.00
0.160820,4.988702,0.483018,0.41922,10.00
0.160830,4.987894,0.484867,0.41927,10.00
0.160840,4.987178,0.486841,0.41932,10.00
0.160850,4.986660,0.488926,0.41936,10.00
0.160860,4.986654,0.491057,0.41937,10.00
0.160870,4.986744,0.493185,0.41938,10.00
0.160880,4.986930,0.495294,0.41938,10.00
0.160890,4.987210,0.497369,0.41938,10.00
0.160900,4.987651,0.499396,0.41937,10.00
0.160910,4.988457,0.501326,0.41934,10.00
0.160920,4.989344,0.503124,0.41931,10.00
0.160930,4.990305,0.504776,0.41927,10.00
0.160940,4.991332,0.506272,0.41923,10.00
0.160950,4.992139,0.507600,0.41918,10.00
0.160960,4.991888,0.508887,0.41920,10.00
0.160970,4.991697,0.510211,0.41922,10.00
0.160980,4.991568,0.511563,0.41923,10.00
0.160990,4.991501,0.512932,0.41924,10.00
0.161000,4.991432,0.514310,0.41925,10.00
0.161010,4.991166,0.515717,0.41927,10.00
0.161020,4.990966,0.517164,0.41929,10.00
0.161030,4.990833,0.518640,0.41930,10.00
0.161040,4.990769,0.520133,0.41931,10.00
0.161050,4.991082,0.521635,0.41932,10.00
0.161060,4.992694,0.522984,0.41925,10.00
0.161070,4.994353,0.524073,0.41917,10.00
0.161080,4.996046,0.524895,0.41909,10.00
0.161090,4.997761,0.525444,0.41901,10.00
0.161100,4.999655,0.525718,0.41892,10.00
0.161110,5.002214,0.525635,0.41879,10.00
0.161120,5.004746,0.525143,0.41866,10.00
0.161130,5.007234,0.524248,0.41853,10.00
0.161140,5.009659,0.522956,0.41841,10.00
0.161150,5.011598,0.521279,0.41828,10.00
0.161160,5.011826,0.519426,0.41826,10.00
0.161170,5.011967,0.517539,0.41824,10.00
0.161180,5.012022,0.515634,0.41823,10.00
0.161190,5.011990,0.513723,0.41822,10.00
0.161200,5.011940,0.511821,0.41821,10.00
0.161210,5.012078,0.509908,0.41820,10.00
0.161220,5.012127,0.507978,0.41818,10.00
0.161230,5.012088,0.506043,0.41817,10.00
0.161240,5.011962,0.504117,0.41817,10.00
0.161250,5.011737,0.502216,0.41817,10.00
0.161260,5.011373,0.500359,0.41818,10.00
0.161270,5.010927,0.498563,0.41819,10.00
0.161280,5.010405,0.496842,0.41821,10.00
0.161290,5.009809,0.495208,0.41823,10.00
0.161300,5.009365,0.493672,0.41825,10.00
0.161310,5.009735,0.492140,0.41823,10.00
0.161320,5.010033,0.490551,0.41820,10.00
0.161330,5.010255,0.488918,0.41818,10.00
0.161340,5.010402,0.487252,0.41817,10.00
0.161350,5.010365,0.485567,0.41815,10.00
0.161360,5.009824,0.483924,0.41817,10.00
0.161370,5.009213,0.482372,0.41819,10.00
0.161380,5.008537,0.480920,0.41822,10.00
0.161390,5.007802,0.479579,0.41825,10.00
0.161400,5.006988,0.478359,0.41828,10.00
0.161410,5.006031,0.477278,0.41833,10.00
0.161420,5.005034,0.476353,0.41837,10.00
0.161430,5.004003,0.475589,0.41842,10.00
0.161440,5.002947,0.474991,0.41847,10.00
0.161450,5.002007,0.474563,0.41852,10.00
0.161460,5.001585,0.474244,0.41854,10.00
0.161470,5.001153,0.473993,0.41856,10.00
0.161480,5.000714,0.473811,0.41858,10.00
0.161490,5.000270,0.473700,0.41860,10.00
0.161500,4.999892,0.473661,0.41862,10.00
0.161510,4.999782,0.473661,0.41863,10.00
0.161520,4.999674,0.473678,0.41864,10.00
0.161530,4.999567,0.473713,0.41864,10.00
0.161540,4.999463,0.473765,0.41865,10.00
0.161550,4.998999,0.473834,0.41865,10.00
0.161560,4.997099,0.474092,0.41875,10.00
0.161570,4.995227,0.474654,0.41885,10.00
0.161580,4.993398,0.475514,0.41894,10.00
0.161590,4.991623,0.476665,0.41904,10.00
0.161600,4.990123,0.478098,0.41913,10.00
0.161610,4.989519,0.479701,0.41917,10.00
0.161620,4.988994,0.481399,0.41921,10.00
0.161630,4.988550,0.483177,0.41924,10.00
0.161640,4.988191,0.485022,0.41927,10.00
0.161650,4.987988,0.486922,0.41929,10.00
0.161660,4.988150,0.488828,0.41929,10.00
0.161670,4.988398,0.490704,0.41929,10.00
0.161680,4.988728,0.492537,0.41928,10.00
0.161690,4.989139,0.494314,0.41927,10.00
0.161700,4.989409,0.496022,0.41926,10.00
0.161710,4.988886,0.497754,0.41929,10.00
0.161720,4.988447,0.499565,0.41932,10.00
0.161730,4.988094,0.501443,0.41935,10.00
0.161740,4.987829,0.503374,0.41938,10.00
0.161750,4.987825,0.505344,0.41940,10.00
0.161760,4.988591,0.507256,0.41937,10.00
0.161770,4.989436,0.509041,0.41933,10.00
0.161780,4.990356,0.510688,0.41930,10.00
0.161790,4.991342,0.512185,0.41926,10.00
0.161800,4.992311,0.513522,0.41921,10.00
0.161810,4.993032,0.514725,0.41918,10.00
0.161820,4.993800,0.515810,0.41915,10.00
0.161830,4.994611,0.516771,0.41911,10.00
0.161840,4.995459,0.517600,0.41908,10.00
0.161850,4.996736,0.518291,0.41904,10.00
0.161860,4.999627,0.518650,0.41889,10.00
0.161870,5.002508,0.518545,0.41875,10.00
0.161880,5.005359,0.517981,0.41860,10.00
0.161890,5.008160,0.516961,0.41846,10.00
0.161900,5.010309,0.515496,0.41831,10.00
0.161910,5.010065,0.513876,0.41831,10.00
0.161920,5.009749,0.512298,0.41832,10.00
0.161930,5.009365,0.510773,0.41833,10.00
0.161940,5.008915,0.509313,0.41835,10.00
0.161950,5.008538,0.507927,0.41837,10.00
0.161960,5.008641,0.506560,0.41835,10.00
0.161970,5.008682,0.505180,0.41834,10.00
0.161980,5.008659,0.503796,0.41834,10.00
0.161990,5.008574,0.502418,0.41833,10.00
0.162000,5.008536,0.501056,0.41833,10.00
0.162010,5.008865,0.499668,0.41831,10.00
0.162020,5.009129,0.498231,0.41829,10.00
0.162030,5.009325,0.496754,0.41827,10.00
0.162040,5.009453,0.495248,0.41826,10.00
0.162050,5.009518,0.493725,0.41824,10.00
0.162060,5.009540,0.492193,0.41824,10.00
0.162070,5.009492,0.490660,0.41823,10.00
0.162080,5.009375,0.489137,0.41823,10.00
0.162090,5.009190,0.487637,0.41823,10.00
0.162100,5.009002,0.486168,0.41823,10.00
0.162110,5.009003,0.484713,0.41822,10.00
0.162120,5.008938,0.483260,0.41822,10.00
0.162130,5.008808,0.481820,0.41822,10.00
0.162140,5.008614,0.480404,0.41822,10.00
0.162150,5.008377,0.479021,0.41823,10.00
0.162160,5.008156,0.477673,0.41823,10.00
0.162170,5.007877,0.476363,0.41824,10.00
0.162180,5.007541,0.475101,0.41825,10.00
0.162190,5.007150,0.473894,0.41826,10.00
0.162200,5.006801,0.472753,0.41828,10.00
0.162210,5.006770,0.471640,0.41827,10.00
0.162220,5.006689,0.470534,0.41827,10.00
0.162230,5.006558,0.469444,0.41827,10.00
0.162240,5.006379,0.468376,0.41827,10.00
0.162250,5.005746,0.467340,0.41828,10.00
0.162260,5.003449,0.466537,0.41839,10.00
0.162270,5.001136,0.466103,0.41850,10.00
0.162280,4.998823,0.466039,0.41862,10.00
0.162290,4.996529,0.466345,0.41874,10.00
0.162300,4.994527,0.467018,0.41885,10.00
0.162310,4.993605,0.467926,0.41890,10.00
0.162320,4.992732,0.468981,0.41895,10.00
0.162330,4.991915,0.470172,0.41900,10.00
0.162340,4.991159,0.471492,0.41905,10.00
0.162350,4.990542,0.472931,0.41909,10.00
0.162360,4.990284,0.474442,0.41911,10.00
0.162370,4.990097,0.475992,0.41913,10.00
0.162380,4.989982,0.477569,0.41914,10.00
0.162390,4.989939,0.479161,0.41915,10.00
0.162400,4.989821,0.480757,0.41916,10.00
0.162410,4.989182,0.482417,0.41920,10.00
0.162420,4.988624,0.484176,0.41924,10.00
0.162430,4.988151,0.486021,0.41927,10.00
0.162440,4.987765,0.487937,0.41930,10.00
0.162450,4.987638,0.489912,0.41933,10.00
0.162460,4.988268,0.491850,0.41931,10.00
0.162470,4.988980,0.493683,0.41928,10.00
0.162480,4.989770,0.495399,0.41925,10.00
0.162490,4.990630,0.496985,0.41922,10.00
0.162500,4.991303,0.498432,0.41918,10.00
0.162510,4.991038,0.499847,0.41920,10.00
0.162520,4.990839,0.501303,0.41922,10.00
0.162530,4.990708,0.502787,0.41923,10.00
0.162540,4.990646,0.504290,0.41924,10.00
0.162550,4.990650,0.505799,0.41925,10.00
0.162560,4.990712,0.507306,0.41926,10.00
0.162570,4.990842,0.508800,0.41926,10.00
0.162580,4.991039,0.510270,0.41926,10.00
0.162590,4.991301,0.511705,0.41925,10.00
0.162600,4.991682,0.513096,0.41924,10.00
0.162610,4.992353,0.514405,0.41922,10.00
0.162620,4.993076,0.515604,0.41919,10.00
0.162630,4.993848,0.516686,0.41915,10.00
0.162640,4.994661,0.517641,0.41912,10.00
0.162650,4.995421,0.518465,0.41908,10.00
0.162660,4.995853,0.519194,0.41906,10.00
0.162670,4.996314,0.519853,0.41904,10.00
0.162680,4.996801,0.520437,0.41902,10.00
0.162690,4.997310,0.520942,0.41900,10.00
0.162700,4.997882,0.521364,0.41897,10.00
0.162710,4.998645,0.521680,0.41894,10.00
0.162720,4.999415,0.521873,0.41890,10.00
0.162730,5.000187,0.521942,0.41886,10.00
0.162740,5.000956,0.521888,0.41882,10.00
0.162750,5.001559,0.521711,0.41878,10.00
0.162760,5.001528,0.521488,0.41878,10.00
0.162770,5.001487,0.521269,0.41878,10.00
0.162780,5.001436,0.521058,0.41879,10.00
0.162790,5.001377,0.520855,0.41879,10.00
0.162800,5.001550,0.520662,0.41879,10.00
0.162810,5.002676,0.520364,0.41873,10.00
0.162820,5.003780,0.519887,0.41867,10.00
0.162830,5.004851,0.519234,0.41862,10.00
0.162840,5.005883,0.518411,0.41856,10.00
0.162850,5.006771,0.517424,0.41850,10.00
0.162860,5.007213,0.516329,0.41848,10.00
0.162870,5.007601,0.515165,0.41845,10.00
0.162880,5.007933,0.513942,0.41843,10.00
0.162890,5.008207,0.512667,0.41841,10.00
0.162900,5.008524,0.511352,0.41839,10.00
0.162910,5.009190,0.509955,0.41835,10.00
0.162920,5.009787,0.508454,0.41831,10.00
0.162930,5.010311,0.506860,0.41827,10.00
0.162940,5.010758,0.505186,0.41824,10.00
0.162950,5.011081,0.503444,0.41822,10.00
0.162960,5.011150,0.501667,0.41820,10.00
0.162970,5.011138,0.499882,0.41819,10.00
0.162980,5.011045,0.498103,0.41819,10.00
0.162990,5.010872,0.496342,0.41819,10.00
0.163000,5.010641,0.494613,0.41819,10.00
0.163010,5.010414,0.492916,0.41819,10.00
0.163020,5.010113,0.491260,0.41820,10.00
0.163030,5.009739,0.489655,0.41821,10.00
0.163040,5.009296,0.488112,0.41822,10.00
0.163050,5.008793,0.486644,0.41824,10.00
0.163060,5.008258,0.485256,0.41826,10.00
0.163070,5.007665,0.483957,0.41828,10.00
0.163080,5.007018,0.482755,0.41831,10.00
0.163090,5.006323,0.481658,0.41834,10.00
0.163100,5.005494,0.480675,0.41837,10.00
0.163110,5.004271,0.479856,0.41842,10.00
0.163120,5.003022,0.479233,0.41848,10.00
0.163130,5.001756,0.478811,0.41855,10.00
0.163140,5.000482,0.478592,0.41861,10.00
0.163150,4.999107,0.478577,0.41867,10.00
0.163160,4.997335,0.478815,0.41876,10.00
0.163170,4.995589,0.479336,0.41885,10.00
0.163180,4.993883,0.480135,0.41894,10.00
0.163190,4.992229,0.481205,0.41903,10.00
0.163200,4.990710,0.482537,0.41912,10.00
0.163210,4.989553,0.484086,0.41918,10.00
0.163220,4.988477,0.485818,0.41925,10.00
0.163230,4.987489,0.487718,0.41931,10.00
0.163240,4.986596,0.489772,0.41936,10.00
0.163250,4.985971,0.491965,0.41941,10.00
0.163260,4.986112,0.494201,0.41942,10.00
0.163270,4.986353,0.496409,0.41942,10.00
0.163280,4.986692,0.498576,0.41941,10.00
0.163290,4.987127,0.500683,0.41940,10.00
0.163300,4.987471,0.502717,0.41939,10.00
0.163310,4.987181,0.504751,0.41941,10.00
0.163320,4.986985,0.506827,0.41944,10.00
0.163330,4.986886,0.508930,0.41945,10.00
0.163340,4.986882,0.511044,0.41946,10.00
0.163350,4.987129,0.513156,0.41947,10.00
0.163360,4.988084,0.515174,0.41943,10.00
0.163370,4.989122,0.517036,0.41939,10.00
0.163380,4.990236,0.518728,0.41935,10.00
0.163390,4.991416,0.520239,0.41929,10.00
0.163400,4.992487,0.521558,0.41924,10.00
0.163410,4.992941,0.522757,0.41922,10.00
0.163420,4.993445,0.523882,0.41920,10.00
0.163430,4.993995,0.524923,0.41918,10.00
0.163440,4.994588,0.525874,0.41916,10.00
0.163450,4.995279,0.526729,0.41913,10.00
0.163460,4.996244,0.527452,0.41909,10.00
0.163470,4.997234,0.528019,0.41904,10.00
0.163480,4.998240,0.528426,0.41899,10.00
0.163490,4.999255,0.528673,0.41894,10.00
0.163500,5.000460,0.528756,0.41889,10.00
0.163510,5.002403,0.528586,0.41879,10.00
0.163520,5.004320,0.528107,0.41869,10.00
0.163530,5.006199,0.527321,0.41860,10.00
0.163540,5.008026,0.526237,0.41850,10.00
0.163550,5.009695,0.524863,0.41840,10.00
0.163560,5.010923,0.523254,0.41833,10.00
0.163570,5.012067,0.521452,0.41826,10.00
0.163580,5.013118,0.519470,0.41820,10.00
0.163590,5.014071,0.517324,0.41814,10.00
0.163600,5.014743,0.515030,0.41809,10.00
0.163610,5.014609,0.512688,0.41808,10.00
0.163620,5.014370,0.510373,0.41808,10.00
0.163630,5.014029,0.508100,0.41808,10.00
0.163640,5.013587,0.505885,0.41809,10.00
0.163650,5.013171,0.503746,0.41811,10.00
0.163660,5.013146,0.501638,0.41810,10.00
0.163670,5.013025,0.499538,0.41809,10.00
0.163680,5.012811,0.497462,0.41809,10.00
0.163690,5.012504,0.495424,0.41810,10.00
0.163700,5.012260,0.493439,0.41811,10.00
0.163710,5.012537,0.491448,0.41808,10.00
0.163720,5.012722,0.489416,0.41806,10.00
0.163730,5.012813,0.487359,0.41805,10.00
0.163740,5.012809,0.485291,0.41803,10.00
0.163750,5.012632,0.483228,0.41803,10.00
0.163760,5.012045,0.481223,0.41805,10.00
0.163770,5.011371,0.479315,0.41807,10.00
0.163780,5.010617,0.477519,0.41810,10.00
0.163790,5.009788,0.475848,0.41813,10.00
0.163800,5.008811,0.474311,0.41817,10.00
0.163810,5.007452,0.472960,0.41823,10.00
0.163820,5.006043,0.471829,0.41829,10.00
0.163830,5.004596,0.470925,0.41836,10.00
0.163840,5.003121,0.470255,0.41843,10.00
0.163850,5.001794,0.469821,0.41850,10.00
0.163860,5.001121,0.469548,0.41854,10.00
0.163870,5.000441,0.469382,0.41857,10.00
0.163880,4.999760,0.469326,0.41860,10.00
0.163890,4.999082,0.469379,0.41864,10.00
0.163900,4.998081,0.469540,0.41867,10.00
0.163910,4.995771,0.469967,0.41879,10.00
0.163920,4.993502,0.470763,0.41891,10.00
0.163930,4.991288,0.471920,0.41903,10.00
0.163940,4.989147,0.473429,0.41914,10.00
0.163950,4.987323,0.475277,0.41925,10.00
0.163960,4.986512,0.477340,0.41931,10.00
0.163970,4.985802,0.479528,0.41935,10.00
0.163980,4.985198,0.481826,0.41940,10.00
0.163990,4.984703,0.484216,0.41943,10.00
0.164000,4.984427,0.486681,0.41947,10.00
0.164010,4.984690,0.489151,0.41947,10.00
0.164020,4.985062,0.491574,0.41946,10.00
0.164030,4.985541,0.493933,0.41945,10.00
0.164040,4.986122,0.496211,0.41943,10.00
0.164050,4.986867,0.498392,0.41941,10.00
0.164060,4.987964,0.500429,0.41937,10.00
0.164070,4.989144,0.502287,0.41932,10.00
0.164080,4.990397,0.503953,0.41927,10.00
0.164090,4.991714,0.505415,0.41921,10.00
0.164100,4.992859,0.506664,0.41915,10.00
0.164110,4.993140,0.507800,0.41914,10.00
0.164120,4.993471,0.508889,0.41913,10.00
0.164130,4.993849,0.509924,0.41911,10.00
0.164140,4.994269,0.510895,0.41910,10.00
0.164150,4.994739,0.511798,0.41908,10.00
0.164160,4.995277,0.512622,0.41906,10.00
0.164170,4.995848,0.513357,0.41903,10.00
0.164180,4.996447,0.514000,0.41901,10.00
0.164190,4.997070,0.514546,0.41898,10.00
0.164200,4.997603,0.514991,0.41895,10.00
0.164210,4.997717,0.515385,0.41894,10.00
0.164220,4.997847,0.515760,0.41894,10.00
0.164230,4.997993,0.516113,0.41893,10.00
0.164240,4.998154,0.516443,0.41893,10.00
0.164250,4.998592,0.516745,0.41892,10.00
0.164260,5.000087,0.516893,0.41885,10.00
0.164270,5.001575,0.516802,0.41877,10.00
0.164280,5.003047,0.516473,0.41870,10.00
0.164290,5.004490,0.515909,0.41862,10.00
0.164300,5.005580,0.515116,0.41855,10.00
0.164310,5.005370,0.514251,0.41855,10.00
0.164320,5.005122,0.513421,0.41856,10.00
0.164330,5.004839,0.512632,0.41857,10.00
0.164340,5.004523,0.511889,0.41858,10.00
0.164350,5.004422,0.511199,0.41859,10.00
0.164360,5.005270,0.510447,0.41855,10.00
0.164370,5.006077,0.509561,0.41850,10.00
0.164380,5.006837,0.508547,0.41846,10.00
0.164390,5.007544,0.507415,0.41842,10.00
0.164400,5.007954,0.506171,0.41838,10.00
0.164410,5.007353,0.504941,0.41840,10.00
0.164420,5.006702,0.503809,0.41843,10.00
0.164430,5.006005,0.502783,0.41846,10.00
0.164440,5.005268,0.501870,0.41849,10.00
0.164450,5.004573,0.501077,0.41852,10.00
0.164460,5.004158,0.500372,0.41854,10.00
0.164470,5.003714,0.499734,0.41856,10.00
0.164480,5.003246,0.499168,0.41858,10.00
0.164490,5.002756,0.498679,0.41860,10.00
0.164500,5.002318,0.498268,0.41862,10.00
0.164510,5.002144,0.497906,0.41863,10.00
0.164520,5.001955,0.497573,0.41864,10.00
0.164530,5.001753,0.497270,0.41865,10.00
0.164540,5.001539,0.497000,0.41866,10.00
0.164550,5.001118,0.496765,0.41867,10.00
0.164560,4.999903,0.496661,0.41873,10.00
0.164570,4.998694,0.496751,0.41879,10.00
0.164580,4.997500,0.497034,0.41885,10.00
0.164590,4.996329,0.497508,0.41891,10.00
0.164600,4.995366,0.498167,0.41897,10.00
0.164610,4.995141,0.498923,0.41899,10.00
0.164620,4.994952,0.499714,0.41900,10.00
0.164630,4.994800,0.500533,0.41901,10.00
0.164640,4.994687,0.501375,0.41902,10.00
0.164650,4.994585,0.502233,0.41903,10.00
0.164660,4.994407,0.503116,0.41904,10.00
0.164670,4.994271,0.504025,0.41906,10.00
0.164680,4.994177,0.504954,0.41907,10.00
0.164690,4.994127,0.505896,0.41907,10.00
0.164700,4.994234,0.506844,0.41908,10.00
0.164710,4.994838,0.507737,0.41905,10.00
0.164720,4.995478,0.508531,0.41903,10.00
0.164730,4.996148,0.509222,0.41900,10.00
0.164740,4.996844,0.509804,0.41896,10.00
0.164750,4.997278,0.510274,0.41893,10.00
0.164760,4.996608,0.510763,0.41897,10.00
0.164770,4.995967,0.511359,0.41900,10.00
0.164780,4.995358,0.512056,0.41904,10.00
0.164790,4.994786,0.512849,0.41907,10.00
0.164800,4.994373,0.513731,0.41910,10.00
0.164810,4.994473,0.514640,0.41910,10.00
0.164820,4.994614,0.515531,0.41910,10.00
0.164830,4.994794,0.516398,0.41909,10.00
0.164840,4.995012,0.517235,0.41909,10.00
0.164850,4.995279,0.518034,0.41908,10.00
0.164860,4.995633,0.518786,0.41907,10.00
0.164870,4.996017,0.519479,0.41905,10.00
0.164880,4.996430,0.520109,0.41903,10.00
0.164890,4.996868,0.520673,0.41901,10.00
0.164900,4.997183,0.521165,0.41899,10.00
0.164910,4.996948,0.521651,0.41901,10.00
0.164920,4.996736,0.522174,0.41902,10.00
0.164930,4.996551,0.522729,0.41903,10.00
0.164940,4.996392,0.523313,0.41904,10.00
0.164950,4.996527,0.523922,0.41905,10.00
0.164960,4.997752,0.524422,0.41899,10.00
0.164970,4.998989,0.524725,0.41893,10.00
0.164980,5.000229,0.524829,0.41887,10.00
0.164990,5.001463,0.524736,0.41881,10.00
0.165000,5.002840,0.524445,0.41875,10.00
0.165010,5.004825,0.523884,0.41865,10.00
0.165020,5.006767,0.523006,0.41854,10.00
0.165030,5.008651,0.521820,0.41844,10.00
0.165040,5.010466,0.520335,0.41834,10.00
0.165050,5.012241,0.518563,0.41825,10.00
0.165060,5.014098,0.516496,0.41814,10.00
0.165070,5.015845,0.514136,0.41804,10.00
0.165080,5.017470,0.511501,0.41795,10.00
0.165090,5.018960,0.508612,0.41786,10.00
0.165100,5.020069,0.505491,0.41777,10.00
0.165110,5.020077,0.502274,0.41775,10.00
0.165120,5.019939,0.499062,0.41774,10.00
0.165130,5.019656,0.495879,0.41774,10.00
0.165140,5.019232,0.492747,0.41774,10.00
0.165150,5.018582,0.489688,0.41776,10.00
0.165160,5.017450,0.486768,0.41780,10.00
0.165170,5.016195,0.484034,0.41784,10.00
0.165180,5.014828,0.481506,0.41790,10.00
0.165190,5.013358,0.479201,0.41796,10.00
0.165200,5.011905,0.477136,0.41803,10.00
0.165210,5.010803,0.475272,0.41807,10.00
0.165220,5.009627,0.473588,0.41812,10.00
0.165230,5.008385,0.472096,0.41818,10.00
0.165240,5.007086,0.470805,0.41823,10.00
0.165250,5.005650,0.469724,0.41830,10.00
0.165260,5.003818,0.468904,0.41838,10.00
0.165270,5.001964,0.468378,0.41847,10.00
0.165280,5.000104,0.468149,0.41857,10.00
0.165290,4.998249,0.468219,0.41866,10.00
0.165300,4.996430,0.468585,0.41875,10.00
0.165310,4.994706,0.469236,0.41884,10.00
0.165320,4.993027,0.470161,0.41893,10.00
0.165330,4.991405,0.471353,0.41902,10.00
0.165340,4.989851,0.472803,0.41911,10.00
0.165350,4.988526,0.474497,0.41919,10.00
0.165360,4.987881,0.476353,0.41923,10.00
0.165370,4.987326,0.478309,0.41927,10.00
0.165380,4.986865,0.480350,0.41930,10.00
0.165390,4.986500,0.482460,0.41933,10.00
0.165400,4.986337,0.484625,0.41936,10.00
0.165410,4.986682,0.486779,0.41935,10.00
0.165420,4.987122,0.488874,0.41934,10.00
0.165430,4.987652,0.490894,0.41933,10.00
0.165440,4.988270,0.492826,0.41931,10.00
0.165450,4.988694,0.494656,0.41928,10.00
0.165460,4.988098,0.496503,0.41932,10.00
0.165470,4.987592,0.498441,0.41936,10.00
0.165480,4.987178,0.500456,0.41939,10.00
0.165490,4.986859,0.502534,0.41942,10.00
0.165500,4.986962,0.504659,0.41944,10.00
0.165510,4.988452,0.506659,0.41938,10.00
0.165520,4.990021,0.508418,0.41931,10.00
0.165530,4.991654,0.509922,0.41923,10.00
0.165540,4.993342,0.511163,0.41916,10.00
0.165550,4.994942,0.512131,0.41907,10.00
0.165560,4.996060,0.512883,0.41902,10.00
0.165570,4.997201,0.513454,0.41897,10.00
0.165580,4.998359,0.513843,0.41891,10.00
0.165590,4.999524,0.514045,0.41886,10.00
0.165600,5.000555,0.514061,0.41880,10.00
0.165610,5.001051,0.513954,0.41877,10.00
0.165620,5.001537,0.513768,0.41875,10.00
0.165630,5.002011,0.513505,0.41872,10.00
0.165640,5.002469,0.513167,0.41870,10.00
0.165650,5.003067,0.512755,0.41867,10.00
0.165660,5.004281,0.512198,0.41861,10.00
0.165670,5.005459,0.511448,0.41855,10.00
0.165680,5.006592,0.510511,0.41848,10.00
0.165690,5.007673,0.509394,0.41842,10.00
0.165700,5.008551,0.508107,0.41837,10.00
0.165710,5.008798,0.506728,0.41835,10.00
0.165720,5.008981,0.505311,0.41833,10.00
0.165730,5.009098,0.503868,0.41831,10.00
0.165740,5.009148,0.502409,0.41830,10.00
0.165750,5.009198,0.500945,0.41830,10.00
0.165760,5.009445,0.499455,0.41828,10.00
0.165770,5.009623,0.497928,0.41826,10.00
0.165780,5.009731,0.496375,0.41825,10.00
0.165790,5.009766,0.494808,0.41824,10.00
0.165800,5.009695,0.493239,0.41823,10.00
0.165810,5.009412,0.491695,0.41823,10.00
0.165820,5.009061,0.490200,0.41824,10.00
0.165830,5.008645,0.488763,0.41826,10.00
0.165840,5.008168,0.487396,0.41827,10.00
0.165850,5.007687,0.486108,0.41829,10.00
0.165860,5.007367,0.484882,0.41830,10.00
0.165870,5.006994,0.483709,0.41831,10.00
0.165880,5.006572,0.482599,0.41833,10.00
0.165890,5.006103,0.481558,0.41835,10.00
0.165900,5.005435,0.480594,0.41837,10.00
0.165910,5.004111,0.479788,0.41843,10.00
0.165920,5.002762,0.479196,0.41849,10.00
0.165930,5.001399,0.478820,0.41856,10.00
0.165940,5.000030,0.478664,0.41863,10.00
0.165950,4.998680,0.478726,0.41870,10.00
0.165960,4.997401,0.478999,0.41876,10.00
0.165970,4.996145,0.479477,0.41883,10.00
0.165980,4.994922,0.480154,0.41889,10.00
0.165990,4.993740,0.481026,0.41896,10.00
0.166000,4.992571,0.482085,0.41902,10.00
0.166010,4.991308,0.483341,0.41909,10.00
0.166020,4.990114,0.484796,0.41916,10.00
0.166030,4.988996,0.486440,0.41922,10.00
0.166040,4.987962,0.488259,0.41928,10.00
0.166050,4.986779,0.490240,0.41934,10.00
0.166060,4.984734,0.492483,0.41946,10.00
0.166070,4.982810,0.495049,0.41957,10.00
0.166080,4.981018,0.497917,0.41967,10.00
0.166090,4.979373,0.501066,0.41977,10.00
0.166100,4.978427,0.504472,0.41987,10.00
0.166110,4.979805,0.507849,0.41981,10.00
0.166120,4.981324,0.510999,0.41976,10.00
0.166130,4.982972,0.513901,0.41969,10.00
0.166140,4.984737,0.516534,0.41962,10.00
0.166150,4.986373,0.518879,0.41953,10.00
0.166160,4.987172,0.521033,0.41951,10.00
0.166170,4.988061,0.523055,0.41947,10.00
0.166180,4.989035,0.524931,0.41943,10.00
0.166190,4.990084,0.526648,0.41939,10.00
0.166200,4.991272,0.528193,0.41934,10.00
0.166210,4.992794,0.529523,0.41927,10.00
0.166220,4.994363,0.530608,0.41920,10.00
0.166230,4.995968,0.531439,0.41912,10.00
0.166240,4.997596,0.532013,0.41905,10.00
0.166250,4.999210,0.532325,0.41897,10.00
0.166260,5.000726,0.532386,0.41889,10.00
0.166270,5.002230,0.532205,0.41881,10.00
0.166280,5.003713,0.531783,0.41874,10.00
0.166290,5.005164,0.531125,0.41866,10.00
0.166300,5.006609,0.530237,0.41859,10.00
0.166310,5.008147,0.529107,0.41850,10.00
0.166320,5.009621,0.527734,0.41842,10.00
0.166330,5.011019,0.526127,0.41834,10.00
0.166340,5.012332,0.524300,0.41827,10.00
0.166350,5.013701,0.522267,0.41819,10.00
0.166360,5.015568,0.519970,0.41809,10.00
0.166370,5.017315,0.517380,0.41799,10.00
0.166380,5.018928,0.514515,0.41789,10.00
0.166390,5.020397,0.511398,0.41780,10.00
0.166400,5.021423,0.508052,0.41772,10.00
0.166410,5.021136,0.504641,0.41771,10.00
0.166420,5.020696,0.501282,0.41771,10.00
0.166430,5.020109,0.498000,0.41773,10.00
0.166440,5.019378,0.494818,0.41775,10.00
0.166450,5.018598,0.491759,0.41777,10.00
0.166460,5.018040,0.488803,0.41778,10.00
0.166470,5.017354,0.485941,0.41780,10.00
0.166480,5.016544,0.483194,0.41783,10.00
0.166490,5.015617,0.480582,0.41786,10.00
0.166500,5.014533,0.478123,0.41790,10.00
0.166510,5.013165,0.475857,0.41796,10.00
0.166520,5.011707,0.473814,0.41802,10.00
0.166530,5.010168,0.472008,0.41809,10.00
0.166540,5.008562,0.470452,0.41816,10.00
0.166550,5.006963,0.469155,0.41823,10.00
0.166560,5.005572,0.468097,0.41830,10.00
0.166570,5.004145,0.467263,0.41836,10.00
0.166580,5.002694,0.466658,0.41843,10.00
0.166590,5.001228,0.466287,0.41851,10.00
0.166600,4.999723,0.466151,0.41858,10.00
0.166610,4.998084,0.466267,0.41866,10.00
0.166620,4.996465,0.466645,0.41874,10.00
0.166630,4.994877,0.467281,0.41883,10.00
0.166640,4.993333,0.468170,0.41891,10.00
0.166650,4.991777,0.469304,0.41899,10.00
0.166660,4.990025,0.470705,0.41909,10.00
0.166670,4.988353,0.472384,0.41918,10.00
0.166680,4.986772,0.474327,0.41927,10.00
0.166690,4.985292,0.476520,0.41936,10.00
0.166700,4.983974,0.478944,0.41944,10.00
0.166710,4.982969,0.481559,0.41950,10.00
0.166720,4.982091,0.484330,0.41956,10.00
0.166730,4.981347,0.487236,0.41961,10.00
0.166740,4.980741,0.490255,0.41966,10.00
0.166750,4.980129,0.493366,0.41970,10.00
0.166760,4.979071,0.496615,0.41977,10.00
0.166770,4.978170,0.500028,0.41984,10.00
0.166780,4.977431,0.503578,0.41989,10.00
0.166790,4.976861,0.507239,0.41994,10.00
0.166800,4.976487,0.510985,0.41998,10.00
0.166810,4.976390,0.514774,0.42001,10.00
0.166820,4.976467,0.518571,0.42002,10.00
0.166830,4.976714,0.522349,0.42003,10.00
0.166840,4.977131,0.526080,0.42003,10.00
0.166850,4.977985,0.529737,0.42002,10.00
0.166860,4.980078,0.533164,0.41993,10.00
0.166870,4.982308,0.536249,0.41984,10.00
0.166880,4.984659,0.538972,0.41974,10.00
0.166890,4.987112,0.541314,0.41963,10.00
0.166900,4.989720,0.543259,0.41951,10.00
0.166910,4.992678,0.544761,0.41937,10.00
0.166920,4.995678,0.545787,0.41922,10.00
0.166930,4.998697,0.546331,0.41908,10.00
0.166940,5.001715,0.546392,0.41893,10.00
0.166950,5.004238,0.545970,0.41877,10.00
0.166960,5.004843,0.545296,0.41874,10.00
0.166970,5.005412,0.544526,0.41871,10.00
0.166980,5.005941,0.543667,0.41867,10.00
0.166990,5.006427,0.542725,0.41864,10.00
0.167000,5.007275,0.541706,0.41862,10.00
0.167010,5.009700,0.540423,0.41849,10.00
0.167020,5.012045,0.538755,0.41836,10.00
0.167030,5.014293,0.536715,0.41824,10.00
0.167040,5.016430,0.534319,0.41812,10.00
0.167050,5.018258,0.531586,0.41800,10.00
0.167060,5.019230,0.528624,0.41794,10.00
0.167070,5.020060,0.525512,0.41788,10.00
0.167080,5.020740,0.522274,0.41783,10.00
0.167090,5.021268,0.518932,0.41778,10.00
0.167100,5.021624,0.515513,0.41775,10.00
0.167110,5.021762,0.512048,0.41772,10.00
0.167120,5.021742,0.508568,0.41770,10.00
0.167130,5.021563,0.505098,0.41769,10.00
0.167140,5.021229,0.501662,0.41769,10.00
0.167150,5.020754,0.498287,0.41770,10.00
0.167160,5.020176,0.494991,0.41771,10.00
0.167170,5.019453,0.491793,0.41773,10.00
0.167180,5.018592,0.488717,0.41775,10.00
0.167190,5.017599,0.485784,0.41779,10.00
0.167200,5.016633,0.483016,0.41783,10.00
0.167210,5.016155,0.480359,0.41784,10.00
0.167220,5.015561,0.477784,0.41785,10.00
0.167230,5.014855,0.475309,0.41787,10.00
0.167240,5.014044,0.472951,0.41790,10.00
0.167250,5.012867,0.470728,0.41794,10.00
0.167260,5.010545,0.468782,0.41804,10.00
0.167270,5.008155,0.467211,0.41815,10.00
0.167280,5.005714,0.466025,0.41827,10.00
0.167290,5.003242,0.465231,0.41839,10.00
0.167300,5.000814,0.464834,0.41851,10.00
0.167310,4.998624,0.464808,0.41862,10.00
0.167320,4.996452,0.465131,0.41873,10.00
0.167330,4.994313,0.465802,0.41884,10.00
0.167340,4.992224,0.466812,0.41895,10.00
0.167350,4.990521,0.468155,0.41906,10.00
0.167360,4.990172,0.469665,0.41909,10.00
0.167370,4.989895,0.471228,0.41911,10.00
0.167380,4.989691,0.472833,0.41913,10.00
0.167390,4.989562,0.474467,0.41914,10.00
0.167400,4.989402,0.476119,0.41916,10.00
0.167410,4.988898,0.477827,0.41919,10.00
0.167420,4.988476,0.479612,0.41922,10.00
0.167430,4.988138,0.481462,0.41925,10.00
0.167440,4.987888,0.483362,0.41927,10.00
0.167450,4.987455,0.485299,0.41929,10.00
0.167460,4.986038,0.487388,0.41937,10.00
0.167470,4.984728,0.489699,0.41945,10.00
0.167480,4.983535,0.492215,0.41952,10.00
0.167490,4.982466,0.494917,0.41959,10.00
0.167500,4.981717,0.497784,0.41965,10.00
0.167510,4.981850,0.500706,0.41966,10.00
0.167520,4.982115,0.503601,0.41967,10.00
0.167530,4.982509,0.506448,0.41966,10.00
0.167540,4.983028,0.509226,0.41965,10.00
0.167550,4.983649,0.511917,0.41963,10.00
0.167560,4.984310,0.514509,0.41961,10.00
0.167570,4.985082,0.516990,0.41959,10.00
0.167580,4.985959,0.519343,0.41956,10.00
0.167590,4.986936,0.521551,0.41952,10.00
0.167600,4.987936,0.523599,0.41948,10.00
0.167610,4.988749,0.525505,0.41945,10.00
0.167620,4.989642,0.527277,0.41941,10.00
0.167630,4.990607,0.528903,0.41937,10.00
0.167640,4.991637,0.530371,0.41933,10.00
0.167650,4.993009,0.531672,0.41928,10.00
0.167660,4.995562,0.532660,0.41916,10.00
0.167670,4.998137,0.533238,0.41903,10.00
0.167680,5.000716,0.533403,0.41891,10.00
0.167690,5.003279,0.533156,0.41878,10.00
0.167700,5.005652,0.532499,0.41865,10.00
0.167710,5.007351,0.531514,0.41856,10.00
0.167720,5.008990,0.530260,0.41847,10.00
0.167730,5.010558,0.528746,0.41838,10.00
0.167740,5.012043,0.526984,0.41830,10.00
0.167750,5.013455,0.524988,0.41821,10.00
0.167760,5.014843,0.522763,0.41813,10.00
0.167770,5.016118,0.520321,0.41806,10.00
0.167780,5.017271,0.517680,0.41798,10.00
0.167790,5.018294,0.514860,0.41792,10.00
0.167800,5.019215,0.511882,0.41786,10.00
0.167810,5.020132,0.508751,0.41779,10.00
0.167820,5.020899,0.505479,0.41774,10.00
0.167830,5.021510,0.502091,0.41769,10.00
0.167840,5.021963,0.498612,0.41765,10.00
0.167850,5.022019,0.495067,0.41761,10.00
0.167860,5.020977,0.491596,0.41765,10.00
0.167870,5.019787,0.488297,0.41769,10.00
0.167880,5.018459,0.485195,0.41774,10.00
0.167890,5.017001,0.482312,0.41779,10.00
0.167900,5.015401,0.479667,0.41786,10.00
0.167910,5.013599,0.477290,0.41794,10.00
0.167920,5.011704,0.475206,0.41802,10.00
0.167930,5.009733,0.473429,0.41811,10.00
0.167940,5.007698,0.471971,0.41820,10.00
0.167950,5.005992,0.470841,0.41830,10.00
0.167960,5.005754,0.469865,0.41831,10.00
0.167970,5.005474,0.468929,0.41832,10.00
0.167980,5.005154,0.468039,0.41833,10.00
0.167990,5.004796,0.467203,0.41834,10.00
0.168000,5.004486,0.466426,0.41836,10.00
0.168010,5.004471,0.465673,0.41835,10.00
0.168020,5.004422,0.464925,0.41835,10.00
0.168030,5.004339,0.464186,0.41835,10.00
0.168040,5.004223,0.463463,0.41836,10.00
0.168050,5.003752,0.462759,0.41836,10.00
0.168060,5.001965,0.462235,0.41845,10.00
0.168070,5.000170,0.461999,0.41853,10.00
0.168080,4.998380,0.462050,0.41862,10.00
0.168090,4.996608,0.462386,0.41872,10.00
0.168100,4.994895,0.463006,0.41881,10.00
0.168110,4.993339,0.463889,0.41889,10.00
0.168120,4.991837,0.465020,0.41897,10.00
0.168130,4.990399,0.466388,0.41905,10.00
0.168140,4.989036,0.467984,0.41913,10.00
0.168150,4.987655,0.469795,0.41920,10.00
0.168160,4.985963,0.471855,0.41930,10.00
0.168170,4.984379,0.474183,0.41939,10.00
0.168180,4.982914,0.476759,0.41948,10.00
0.168190,4.981580,0.479564,0.41956,10.00
0.168200,4.980563,0.482577,0.41963,10.00
0.168210,4.980403,0.485690,0.41966,10.00
0.168220,4.980385,0.488822,0.41968,10.00
0.168230,4.980509,0.491952,0.41969,10.00
0.168240,4.980775,0.495055,0.41969,10.00
0.168250,4.981130,0.498110,0.41969,10.00
0.168260,4.981429,0.501118,0.41969,10.00
0.168270,4.981861,0.504073,0.41968,10.00
0.168280,4.982423,0.506953,0.41967,10.00
0.168290,4.983111,0.509737,0.41965,10.00
0.168300,4.983963,0.512406,0.41963,10.00
0.168310,4.985104,0.514920,0.41958,10.00
0.168320,4.986350,0.517246,0.41953,10.00
0.168330,4.987689,0.519369,0.41948,10.00
0.168340,4.989113,0.521273,0.41942,10.00
0.168350,4.990465,0.522946,0.41935,10.00
0.168360,4.991302,0.524447,0.41932,10.00
0.168370,4.992200,0.525810,0.41928,10.00
0.168380,4.993151,0.527028,0.41924,10.00
0.168390,4.994149,0.528091,0.41919,10.00
0.168400,4.995115,0.528992,0.41915,10.00
0.168410,4.995828,0.529760,0.41912,10.00
0.168420,4.996569,0.530412,0.41908,10.00
0.168430,4.997334,0.530944,0.41905,10.00
0.168440,4.998115,0.531353,0.41901,10.00
0.168450,4.999146,0.531637,0.41897,10.00
0.168460,5.001124,0.531679,0.41887,10.00
0.168470,5.003086,0.531404,0.41877,10.00
0.168480,5.005018,0.530817,0.41867,10.00
0.168490,5.006907,0.529922,0.41857,10.00
0.168500,5.008792,0.528726,0.41847,10.00
0.168510,5.010822,0.527214,0.41836,10.00
0.168520,5.012764,0.525381,0.41826,10.00
0.168530,5.014607,0.523240,0.41815,10.00
0.168540,5.016336,0.520809,0.41805,10.00
0.168550,5.017979,0.518107,0.41796,10.00
0.168560,5.019644,0.515134,0.41786,10.00
0.168570,5.021159,0.511901,0.41777,10.00
0.168580,5.022514,0.508431,0.41768,10.00
0.168590,5.023700,0.504752,0.41760,10.00
0.168600,5.024768,0.500891,0.41753,10.00
0.168610,5.025894,0.496847,0.41745,10.00
0.168620,5.026826,0.492630,0.41738,10.00
0.168630,5.027558,0.488273,0.41732,10.00
0.168640,5.028087,0.483808,0.41727,10.00
0.168650,5.028429,0.479266,0.41723,10.00
0.168660,5.028647,0.474672,0.41719,10.00
0.168670,5.028656,0.470052,0.41717,10.00
0.168680,5.028454,0.465440,0.41715,10.00
0.168690,5.028045,0.460869,0.41715,10.00
0.168700,5.027186,0.456372,0.41715,10.00
0.168710,5.025144,0.452101,0.41723,10.00
0.168720,5.022928,0.448164,0.41732,10.00
0.168730,5.020552,0.444589,0.41742,10.00
0.168740,5.018035,0.441401,0.41753,10.00
0.168750,5.015184,0.438622,0.41765,10.00
0.168760,5.011383,0.436372,0.41783,10.00
0.168770,5.007514,0.434734,0.41801,10.00
0.168780,5.003606,0.433717,0.41820,10.00
0.168790,4.999686,0.433328,0.41840,10.00
0.168800,4.995812,0.433566,0.41859,10.00
0.168810,4.992099,0.434413,0.41878,10.00
0.168820,4.988457,0.435853,0.41897,10.00
0.168830,4.984914,0.437871,0.41916,10.00
0.168840,4.981493,0.440453,0.41935,10.00
0.168850,4.978324,0.443577,0.41953,10.00
0.168860,4.975739,0.447167,0.41968,10.00
0.168870,4.973340,0.451165,0.41982,10.00
0.168880,4.971143,0.455538,0.41995,10.00
0.168890,4.969165,0.460254,0.42008,10.00
0.168900,4.967280,0.465277,0.42019,10.00
0.168910,4.965089,0.470637,0.42033,10.00
0.168920,4.963160,0.476336,0.42046,10.00
0.168930,4.961507,0.482333,0.42058,10.00
0.168940,4.960141,0.488582,0.42068,10.00
0.168950,4.959161,0.495037,0.42077,10.00
0.168960,4.958843,0.501608,0.42082,10.00
0.168970,4.958826,0.508217,0.42086,10.00
0.168980,4.959109,0.514816,0.42088,10.00
0.168990,4.959688,0.521357,0.42088,10.00
0.169000,4.960834,0.527793,0.42088,10.00
0.169010,4.963360,0.533945,0.42078,10.00
0.169020,4.966143,0.539681,0.42067,10.00
0.169030,4.969161,0.544961,0.42055,10.00
0.169040,4.972391,0.549749,0.42042,10.00
0.169050,4.975526,0.554011,0.42027,10.00
0.169060,4.977693,0.557855,0.42018,10.00
0.169070,4.980016,0.561345,0.42008,10.00
0.169080,4.982476,0.564456,0.41998,10.00
0.169090,4.985055,0.567168,0.41986,10.00
0.169100,4.987893,0.569462,0.41974,10.00
0.169110,4.991441,0.571248,0.41957,10.00
0.169120,4.995039,0.572462,0.41940,10.00
0.169130,4.998659,0.573099,0.41922,10.00
0.169140,5.002277,0.573156,0.41904,10.00
0.169150,5.005705,0.572634,0.41886,10.00
0.169160,5.008442,0.571617,0.41871,10.00
0.169170,5.011108,0.570163,0.41857,10.00
0.169180,5.013685,0.568286,0.41843,10.00
0.169190,5.016154,0.566000,0.41830,10.00
0.169200,5.018599,0.563324,0.41816,10.00
0.169210,5.021310,0.560229,0.41801,10.00
0.169220,5.023856,0.556707,0.41786,10.00
0.169230,5.026220,0.552784,0.41772,10.00
0.169240,5.028385,0.548490,0.41759,10.00
0.169250,5.030391,0.543859,0.41747,10.00
0.169260,5.032390,0.538898,0.41734,10.00
0.169270,5.034146,0.533627,0.41722,10.00
0.169280,5.035647,0.528086,0.41712,10.00
0.169290,5.036884,0.522315,0.41703,10.00
0.169300,5.037800,0.516357,0.41694,10.00
0.169310,5.038247,0.510280,0.41689,10.00
0.169320,5.038414,0.504142,0.41685,10.00
0.169330,5.038302,0.497990,0.41682,10.00
0.169340,5.037911,0.491868,0.41681,10.00
0.169350,5.037258,0.485820,0.41681,10.00
0.169360,5.036382,0.479884,0.41682,10.00
0.169370,5.035245,0.474100,0.41684,10.00
0.169380,5.033856,0.468508,0.41688,10.00
0.169390,5.032225,0.463150,0.41693,10.00
0.169400,5.030229,0.458062,0.41700,10.00
0.169410,5.027474,0.453348,0.41711,10.00
0.169420,5.024530,0.449082,0.41724,10.00
0.169430,5.021418,0.445296,0.41737,10.00
0.169440,5.018163,0.442015,0.41752,10.00
0.169450,5.014859,0.439260,0.41767,10.00
0.169460,5.011743,0.437016,0.41782,10.00
0.169470,5.008554,0.435275,0.41797,10.00
0.169480,5.005313,0.434047,0.41812,10.00
0.169490,5.002046,0.433339,0.41828,10.00
0.169500,4.998663,0.433155,0.41845,10.00
0.169510,4.994849,0.433549,0.41864,10.00
0.169520,4.991086,0.434552,0.41883,10.00
0.169530,4.987403,0.436154,0.41903,10.00
0.169540,4.983825,0.438343,0.41922,10.00
0.169550,4.980345,0.441099,0.41941,10.00
0.169560,4.976892,0.444416,0.41960,10.00
0.169570,4.973620,0.448280,0.41978,10.00
0.169580,4.970552,0.452659,0.41996,10.00
0.169590,4.967710,0.457520,0.42013,10.00
0.169600,4.965048,0.462826,0.42029,10.00
0.169610,4.962388,0.468568,0.42045,10.00
0.169620,4.960013,0.474725,0.42060,10.00
0.169630,4.957937,0.481249,0.42074,10.00
0.169640,4.956176,0.488093,0.42087,10.00
0.169650,4.954924,0.495205,0.42098,10.00
0.169660,4.954731,0.502445,0.42103,10.00
0.169670,4.954869,0.509702,0.42106,10.00
0.169680,4.955335,0.516923,0.42108,10.00
0.169690,4.956123,0.524055,0.42108,10.00
0.169700,4.957221,0.531048,0.42106,10.00
0.169710,4.958598,0.537854,0.42103,10.00
0.169720,4.960270,0.544427,0.42098,10.00
0.169730,4.962226,0.550720,0.42092,10.00
0.169740,4.964450,0.556687,0.42084,10.00
0.169750,4.966939,0.562288,0.42074,10.00
0.169760,4.969719,0.567475,0.42063,10.00
0.169770,4.972709,0.572208,0.42051,10.00
0.169780,4.975887,0.576453,0.42037,10.00
0.169790,4.979229,0.580182,0.42022,10.00
0.169800,4.982794,0.583370,0.42007,10.00
0.169810,4.986805,0.585954,0.41988,10.00
0.169820,4.990898,0.587892,0.41968,10.00
0.169830,4.995042,0.589172,0.41948,10.00
0.169840,4.999207,0.589787,0.41928,10.00
0.169850,5.003078,0.589735,0.41907,10.00
0.169860,5.005778,0.589155,0.41893,10.00
0.169870,5.008427,0.588144,0.41879,10.00
0.169880,5.011007,0.586711,0.41866,10.00
0.169890,5.013499,0.584868,0.41852,10.00
0.169900,5.016069,0.582630,0.41839,10.00
0.169910,5.019245,0.579927,0.41821,10.00
0.169920,5.022270,0.576721,0.41804,10.00
0.169930,5.025123,0.573037,0.41788,10.00
0.169940,5.027783,0.568905,0.41773,10.00
0.169950,5.030049,0.564354,0.41758,10.00
0.169960,5.031358,0.559509,0.41749,10.00
0.169970,5.032435,0.554463,0.41740,10.00
0.169980,5.033274,0.549255,0.41733,10.00
0.169990,5.033870,0.543923,0.41727,10.00
0.170000,5.034683,0.538505,0.41723,10.00
0.170010,5.037097,0.532819,0.41708,10.00
0.170020,5.039233,0.526757,0.41694,10.00
0.170030,5.041074,0.520366,0.41681,10.00
0.170040,5.042609,0.513693,0.41669,10.00
0.170050,5.043624,0.506788,0.41660,10.00
0.170060,5.043506,0.499798,0.41656,10.00
0.170070,5.043073,0.492841,0.41655,10.00
0.170080,5.042327,0.485967,0.41655,10.00
0.170090,5.041277,0.479225,0.41656,10.00
0.170100,5.040014,0.472664,0.41660,10.00
0.170110,5.038797,0.466291,0.41662,10.00
0.170120,5.037302,0.460124,0.41666,10.00
0.170130,5.035541,0.454209,0.41672,10.00
0.170140,5.033528,0.448586,0.41679,10.00
0.170150,5.030985,0.443297,0.41687,10.00
0.170160,5.027062,0.438518,0.41704,10.00
0.170170,5.022957,0.434375,0.41723,10.00
0.170180,5.018700,0.430896,0.41742,10.00
0.170190,5.014324,0.428105,0.41763,10.00
0.170200,5.010010,0.426018,0.41784,10.00
0.170210,5.006236,0.424578,0.41802,10.00
0.170220,5.002431,0.423743,0.41821,10.00
0.170230,4.998622,0.423519,0.41840,10.00
0.170240,4.994836,0.423904,0.41859,10.00
0.170250,4.991140,0.424894,0.41878,10.00
0.170260,4.987675,0.426461,0.41896,10.00
0.170270,4.984312,0.428578,0.41914,10.00
0.170280,4.981075,0.431230,0.41932,10.00
0.170290,4.977987,0.434394,0.41949,10.00
0.170300,4.975071,0.438045,0.41966,10.00
0.170310,4.972355,0.442155,0.41982,10.00
0.170320,4.969849,0.446692,0.41997,10.00
0.170330,4.967572,0.451621,0.42011,10.00
0.170340,4.965538,0.456904,0.42024,10.00
0.170350,4.963910,0.462503,0.42036,10.00
0.170360,4.963140,0.468304,0.42043,10.00
0.170370,4.962641,0.474217,0.42049,10.00
0.170380,4.962414,0.480198,0.42053,10.00
0.170390,4.962460,0.486204,0.42056,10.00
0.170400,4.962371,0.492192,0.42058,10.00
0.170410,4.960932,0.498312,0.42068,10.00
0.170420,4.959783,0.504651,0.42078,10.00
0.170430,4.958931,0.511162,0.42085,10.00
0.170440,4.958383,0.517795,0.42092,10.00
0.170450,4.958137,0.524504,0.42097,10.00
0.170460,4.958190,0.531239,0.42100,10.00
0.170470,4.958548,0.537953,0.42102,10.00
0.170480,4.959207,0.544597,0.42102,10.00
0.170490,4.960161,0.551122,0.42101,10.00
0.170500,4.961423,0.557482,0.42098,10.00
0.170510,4.963041,0.563622,0.42093,10.00
0.170520,4.964923,0.569491,0.42087,10.00
0.170530,4.967055,0.575047,0.42079,10.00
0.170540,4.969419,0.580252,0.42070,10.00
0.170550,4.972069,0.585069,0.42060,10.00
0.170560,4.975196,0.589430,0.42047,10.00
0.170570,4.978492,0.593282,0.42032,10.00
0.170580,4.981934,0.596600,0.42017,10.00
0.170590,4.985495,0.599361,0.42000,10.00
0.170600,4.989455,0.601547,0.41983,10.00
0.170610,4.994694,0.602998,0.41958,10.00
0.170620,4.999951,0.603609,0.41932,10.00
0.170630,5.005190,0.603378,0.41905,10.00
0.170640,5.010372,0.602309,0.41879,10.00
0.170650,5.015058,0.600415,0.41852,10.00
0.170660,5.018016,0.597903,0.41836,10.00
0.170670,5.020835,0.594922,0.41820,10.00
0.170680,5.023493,0.591497,0.41805,10.00
0.170690,5.025972,0.587653,0.41791,10.00
0.170700,5.028628,0.583419,0.41777,10.00
0.170710,5.032557,0.578649,0.41754,10.00
0.170720,5.036235,0.573261,0.41733,10.00
0.170730,5.039635,0.567295,0.41713,10.00
0.170740,5.042735,0.560796,0.41694,10.00
0.170750,5.045218,0.553814,0.41676,10.00
0.170760,5.046190,0.546543,0.41667,10.00
0.170770,5.046824,0.539131,0.41660,10.00
0.170780,5.047116,0.531631,0.41654,10.00
0.170790,5.047065,0.524098,0.41651,10.00
0.170800,5.046783,0.516589,0.41648,10.00
0.170810,5.046601,0.509103,0.41645,10.00
0.170820,5.046080,0.501661,0.41644,10.00
0.170830,5.045228,0.494317,0.41644,10.00
0.170840,5.044049,0.487122,0.41646,10.00
0.170850,5.042477,0.480130,0.41650,10.00
0.170860,5.040292,0.473428,0.41657,10.00
0.170870,5.037823,0.467088,0.41666,10.00
0.170880,5.035088,0.461155,0.41676,10.00
0.170890,5.032108,0.455670,0.41688,10.00
0.170900,5.029314,0.450673,0.41702,10.00
0.170910,5.027940,0.446001,0.41706,10.00
0.170920,5.026368,0.441559,0.41712,10.00
0.170930,5.024607,0.437376,0.41718,10.00
0.170940,5.022673,0.433483,0.41726,10.00
0.170950,5.020321,0.429907,0.41734,10.00
0.170960,5.016799,0.426797,0.41750,10.00
0.170970,5.013167,0.424256,0.41767,10.00
0.170980,5.009453,0.422301,0.41785,10.00
0.170990,5.005682,0.420944,0.41803,10.00
0.171000,5.001941,0.420192,0.41821,10.00
0.171010,4.998424,0.420021,0.41839,10.00
0.171020,4.994931,0.420414,0.41857,10.00
0.171030,4.991487,0.421364,0.41875,10.00
0.171040,4.988117,0.422863,0.41892,10.00
0.171050,4.984788,0.424898,0.41910,10.00
0.171060,4.981352,0.427480,0.41928,10.00
0.171070,4.978064,0.430607,0.41947,10.00
0.171080,4.974947,0.434253,0.41964,10.00
0.171090,4.972023,0.438391,0.41981,10.00
0.171100,4.969360,0.442988,0.41997,10.00
0.171110,4.967119,0.447987,0.42011,10.00
0.171120,4.965125,0.453335,0.42024,10.00
0.171130,4.963391,0.458992,0.42036,10.00
0.171140,4.961929,0.464915,0.42046,10.00
0.171150,4.960660,0.471060,0.42056,10.00
0.171160,4.959327,0.477426,0.42066,10.00
0.171170,4.958295,0.483992,0.42075,10.00
0.171180,4.957569,0.490710,0.42082,10.00
0.171190,4.957155,0.497532,0.42088,10.00
0.171200,4.957122,0.504406,0.42092,10.00
0.171210,4.957673,0.511251,0.42093,10.00
0.171220,4.958530,0.517995,0.42092,10.00
0.171230,4.959685,0.524589,0.42090,10.00
0.171240,4.961129,0.530985,0.42086,10.00
0.171250,4.962782,0.537138,0.42081,10.00
0.171260,4.964427,0.543037,0.42076,10.00
0.171270,4.966324,0.548662,0.42070,10.00
0.171280,4.968460,0.553972,0.42062,10.00
0.171290,4.970817,0.558931,0.42053,10.00
0.171300,4.973538,0.563503,0.42042,10.00
0.171310,4.977076,0.567580,0.42027,10.00
0.171320,4.980767,0.571084,0.42010,10.00
0.171330,4.984585,0.573991,0.41993,10.00
0.171340,4.988501,0.576282,0.41974,10.00
0.171350,4.992457,0.577943,0.41955,10.00
0.171360,4.996339,0.578977,0.41936,10.00
0.171370,5.000234,0.579388,0.41917,10.00
0.171380,5.004113,0.579175,0.41897,10.00
0.171390,5.007948,0.578343,0.41878,10.00
0.171400,5.011617,0.576899,0.41858,10.00
0.171410,5.014816,0.574902,0.41841,10.00
0.171420,5.017895,0.572396,0.41824,10.00
0.171430,5.020833,0.569403,0.41808,10.00
0.171440,5.023610,0.565946,0.41792,10.00
0.171450,5.026044,0.562052,0.41777,10.00
0.171460,5.027643,0.557827,0.41767,10.00
0.171470,5.029035,0.553354,0.41757,10.00
0.171480,5.030212,0.548667,0.41749,10.00
0.171490,5.031167,0.543801,0.41741,10.00
0.171500,5.032106,0.538792,0.41735,10.00
0.171510,5.033661,0.533573,0.41724,10.00
0.171520,5.034966,0.528116,0.41715,10.00
0.171530,5.036012,0.522460,0.41706,10.00
0.171540,5.036793,0.516648,0.41699,10.00
0.171550,5.037319,0.510723,0.41693,10.00
0.171560,5.037639,0.504720,0.41689,10.00
0.171570,5.037683,0.498677,0.41685,10.00
0.171580,5.037453,0.492638,0.41683,10.00
0.171590,5.036951,0.486648,0.41682,10.00
0.171600,5.036267,0.480750,0.41683,10.00
0.171610,5.035657,0.474945,0.41683,10.00
0.171620,5.034789,0.469250,0.41684,10.00
0.171630,5.033671,0.463704,0.41687,10.00
0.171640,5.032311,0.458348,0.41691,10.00
0.171650,5.030742,0.453219,0.41696,10.00
0.171660,5.029039,0.448345,0.41702,10.00
0.171670,5.027130,0.443752,0.41709,10.00
0.171680,5.025030,0.439474,0.41717,10.00
0.171690,5.022755,0.435539,0.41726,10.00
0.171700,5.020087,0.431977,0.41736,10.00
0.171710,5.016345,0.428922,0.41754,10.00
0.171720,5.012498,0.426472,0.41771,10.00
0.171730,5.008574,0.424642,0.41790,10.00
0.171740,5.004602,0.423443,0.41809,10.00
0.171750,5.000610,0.422882,0.41829,10.00
0.171760,4.996628,0.422959,0.41849,10.00
0.171770,4.992685,0.423674,0.41869,10.00
0.171780,4.988809,0.425017,0.41889,10.00
0.171790,4.985028,0.426978,0.41910,10.00
0.171800,4.981409,0.429539,0.41929,10.00
0.171810,4.978090,0.432662,0.41948,10.00
0.171820,4.974942,0.436310,0.41965,10.00
0.171830,4.971988,0.440454,0.41982,10.00
0.171840,4.969248,0.445062,0.41999,10.00
0.171850,4.966775,0.450100,0.42014,10.00
0.171860,4.964691,0.455512,0.42027,10.00
0.171870,4.962871,0.461247,0.42040,10.00
0.171880,4.961327,0.467263,0.42051,10.00
0.171890,4.960070,0.473513,0.42060,10.00
0.171900,4.958885,0.479953,0.42069,10.00
0.171910,4.957118,0.486641,0.42081,10.00
0.171920,4.955670,0.493599,0.42092,10.00
0.171930,4.954550,0.500774,0.42102,10.00
0.171940,4.953765,0.508115,0.42110,10.00
0.171950,4.953436,0.515567,0.42116,10.00
0.171960,4.953904,0.523020,0.42118,10.00
0.171970,4.954707,0.530384,0.42118,10.00
0.171980,4.955836,0.537606,0.42116,10.00
0.171990,4.957283,0.544633,0.42113,10.00
0.172000,4.959314,0.551415,0.42107,10.00
0.172010,4.962742,0.557771,0.42094,10.00
0.172020,4.966428,0.563566,0.42078,10.00
0.172030,4.970345,0.568761,0.42062,10.00
0.172040,4.974461,0.573319,0.42043,10.00
0.172050,4.978633,0.577211,0.42024,10.00
0.172060,4.982484,0.580465,0.42007,10.00
0.172070,4.986448,0.583097,0.41988,10.00
0.172080,4.990496,0.585091,0.41969,10.00
0.172090,4.994599,0.586433,0.41949,10.00
0.172100,4.998489,0.587116,0.41929,10.00
0.172110,5.001434,0.587252,0.41914,10.00
0.172120,5.004358,0.586917,0.41899,10.00
0.172130,5.007242,0.586114,0.41884,10.00
0.172140,5.010063,0.584852,0.41869,10.00
0.172150,5.012976,0.583141,0.41855,10.00
0.172160,5.016478,0.580912,0.41836,10.00
0.172170,5.019847,0.578127,0.41818,10.00
0.172180,5.023060,0.574809,0.41800,10.00
0.172190,5.026094,0.570983,0.41782,10.00
0.172200,5.029105,0.566680,0.41766,10.00
0.172210,5.032598,0.561846,0.41746,10.00
0.172220,5.035840,0.556464,0.41726,10.00
0.172230,5.038810,0.550573,0.41708,10.00
0.172240,5.041487,0.544219,0.41691,10.00
0.172250,5.043915,0.537450,0.41676,10.00
0.172260,5.046270,0.530284,0.41660,10.00
0.172270,5.048280,0.522756,0.41646,10.00
0.172280,5.049930,0.514922,0.41633,10.00
0.172290,5.051210,0.506838,0.41623,10.00
0.172300,5.051944,0.498566,0.41614,10.00
0.172310,5.051623,0.490246,0.41611,10.00
0.172320,5.050927,0.481993,0.41610,10.00
0.172330,5.049863,0.473868,0.41611,10.00
0.172340,5.048440,0.465929,0.41613,10.00
0.172350,5.046570,0.458232,0.41618,10.00
0.172360,5.043971,0.450881,0.41627,10.00
0.172370,5.041061,0.443960,0.41638,10.00
0.172380,5.037863,0.437517,0.41651,10.00
0.172390,5.034401,0.431599,0.41665,10.00
0.172400,5.031024,0.426245,0.41680,10.00
0.172410,5.028721,0.421338,0.41689,10.00
0.172420,5.026216,0.416809,0.41699,10.00
0.172430,5.023527,0.412689,0.41711,10.00
0.172440,5.020676,0.409008,0.41723,10.00
0.172450,5.017330,0.405790,0.41736,10.00
0.172460,5.012461,0.403226,0.41759,10.00
0.172470,5.007519,0.401445,0.41783,10.00
0.172480,5.002541,0.400458,0.41807,10.00
0.172490,4.997561,0.400269,0.41832,10.00
0.172500,4.992748,0.400877,0.41857,10.00
0.172510,4.988521,0.402212,0.41879,10.00
0.172520,4.984393,0.404220,0.41901,10.00
0.172530,4.980392,0.406884,0.41923,10.00
0.172540,4.976548,0.410183,0.41944,10.00
0.172550,4.972790,0.414091,0.41964,10.00
0.172560,4.968857,0.418622,0.41986,10.00
0.172570,4.965164,0.423775,0.42008,10.00
0.172580,4.961738,0.429507,0.42028,10.00
0.172590,4.958602,0.435777,0.42047,10.00
0.172600,4.955805,0.442536,0.42065,10.00
0.172610,4.953447,0.449721,0.42081,10.00
0.172620,4.951436,0.457269,0.42095,10.00
0.172630,4.949786,0.465124,0.42108,10.00
0.172640,4.948506,0.473227,0.42118,10.00
0.172650,4.947627,0.481520,0.42127,10.00
0.172660,4.947223,0.489931,0.42134,10.00
0.172670,4.947204,0.498389,0.42139,10.00
0.172680,4.947568,0.506835,0.42141,10.00
0.172690,4.948312,0.515206,0.42142,10.00
0.172700,4.949412,0.523442,0.42141,10.00
0.172710,4.950809,0.531492,0.42139,10.00
0.172720,4.952558,0.539303,0.42134,10.00
0.172730,4.954646,0.546819,0.42128,10.00
0.172740,4.957056,0.553987,0.42120,10.00
0.172750,4.959719,0.560756,0.42110,10.00
0.172760,4.962466,0.567102,0.42099,10.00
0.172770,4.965477,0.572997,0.42087,10.00
0.172780,4.968728,0.578399,0.42074,10.00
0.172790,4.972194,0.583270,0.42059,10.00
0.172800,4.975892,0.587578,0.42043,10.00
0.172810,4.979913,0.591273,0.42025,10.00
0.172820,4.984066,0.594318,0.42006,10.00
0.172830,4.988320,0.596693,0.41986,10.00
0.172840,4.992644,0.598384,0.41965,10.00
0.172850,4.996986,0.599379,0.41944,10.00
0.172860,5.001256,0.599685,0.41923,10.00
0.172870,5.005502,0.599308,0.41901,10.00
0.172880,5.009692,0.598252,0.41879,10.00
0.172890,5.013798,0.596528,0.41858,10.00
0.172900,5.017874,0.594151,0.41837,10.00
0.172910,5.022143,0.591099,0.41814,10.00
0.172920,5.026236,0.587371,0.41791,10.00
0.172930,5.030123,0.582995,0.41769,10.00
0.172940,5.033777,0.578006,0.41748,10.00
0.172950,5.037220,0.572443,0.41728,10.00
0.172960,5.040570,0.566324,0.41708,10.00
0.172970,5.043613,0.559682,0.41689,10.00
0.172980,5.046327,0.552566,0.41672,10.00
0.172990,5.048694,0.545029,0.41656,10.00
0.173000,5.050322,0.537129,0.41641,10.00
0.173010,5.050074,0.529104,0.41638,10.00
0.173020,5.049464,0.521134,0.41637,10.00
0.173030,5.048499,0.513276,0.41637,10.00
0.173040,5.047185,0.505588,0.41640,10.00
0.173050,5.045638,0.498125,0.41644,10.00
0.173060,5.044178,0.490890,0.41647,10.00
0.173070,5.042402,0.483902,0.41652,10.00
0.173080,5.040326,0.477212,0.41659,10.00
0.173090,5.037964,0.470866,0.41667,10.00
0.173100,5.035416,0.464910,0.41677,10.00
0.173110,5.032942,0.459347,0.41687,10.00
0.173120,5.030238,0.454190,0.41698,10.00
0.173130,5.027324,0.449476,0.41710,10.00
0.173140,5.024222,0.445236,0.41723,10.00
0.173150,5.021096,0.441501,0.41737,10.00
0.173160,5.018389,0.438228,0.41749,10.00
0.173170,5.015556,0.435394,0.41762,10.00
0.173180,5.012621,0.433018,0.41775,10.00
0.173190,5.009604,0.431116,0.41789,10.00
0.173200,5.006682,0.429701,0.41804,10.00
0.173210,5.004337,0.428706,0.41815,10.00
0.173220,5.001968,0.428088,0.41827,10.00
0.173230,4.999592,0.427850,0.41838,10.00
0.173240,4.997226,0.427993,0.41850,10.00
0.173250,4.994737,0.428514,0.41862,10.00
0.173260,4.991693,0.429480,0.41878,10.00
0.173270,4.988719,0.430932,0.41894,10.00
0.173280,4.985838,0.432856,0.41909,10.00
0.173290,4.983070,0.435237,0.41925,10.00
0.173300,4.980377,0.438056,0.41939,10.00
0.173310,4.977603,0.441319,0.41955,10.00
0.173320,4.975002,0.445020,0.41970,10.00
0.173330,4.972592,0.449129,0.41984,10.00
0.173340,4.970389,0.453616,0.41998,10.00
0.173350,4.968606,0.458446,0.42010,10.00
0.173360,4.967836,0.463490,0.42017,10.00
0.173370,4.967303,0.468647,0.42023,10.00
0.173380,4.967007,0.473880,0.42027,10.00
0.173390,4.966952,0.479150,0.42030,10.00
0.173400,4.967054,0.484419,0.42032,10.00
0.173410,4.967063,0.489688,0.42035,10.00
0.173420,4.967312,0.494946,0.42036,10.00
0.173430,4.967797,0.500154,0.42037,10.00
0.173440,4.968514,0.505274,0.42036,10.00
0.173450,4.969231,0.510270,0.42034,10.00
0.173460,4.969274,0.515213,0.42037,10.00
0.173470,4.969541,0.520140,0.42038,10.00
0.173480,4.970028,0.525015,0.42038,10.00
0.173490,4.970732,0.529803,0.42037,10.00
0.173500,4.971886,0.534469,0.42035,10.00
0.173510,4.974192,0.538864,0.42026,10.00
0.173520,4.976678,0.542883,0.42016,10.00
0.173530,4.979323,0.546497,0.42004,10.00
0.173540,4.982109,0.549680,0.41992,10.00
0.173550,4.985158,0.552413,0.41979,10.00
0.173560,4.988878,0.554606,0.41962,10.00
0.173570,4.992665,0.556200,0.41944,10.00
0.173580,4.996490,0.557186,0.41925,10.00
0.173590,5.000326,0.557559,0.41906,10.00
0.173600,5.003760,0.557318,0.41887,10.00
0.173610,5.005618,0.556651,0.41877,10.00
0.173620,5.007430,0.555688,0.41867,10.00
0.173630,5.009183,0.554437,0.41858,10.00
0.173640,5.010863,0.552909,0.41849,10.00
0.173650,5.012512,0.551114,0.41840,10.00
0.173660,5.014279,0.549042,0.41830,10.00
0.173670,5.015936,0.546692,0.41820,10.00
0.173680,5.017472,0.544081,0.41811,10.00
0.173690,5.018875,0.541229,0.41802,10.00
0.173700,5.020372,0.538158,0.41794,10.00
0.173710,5.022654,0.534779,0.41781,10.00
0.173720,5.024761,0.531041,0.41768,10.00
0.173730,5.026680,0.526974,0.41757,10.00
0.173740,5.028398,0.522607,0.41746,10.00
0.173750,5.029928,0.517975,0.41735,10.00
0.173760,5.031333,0.513099,0.41726,10.00
0.173770,5.032505,0.508007,0.41717,10.00
0.173780,5.033435,0.502738,0.41710,10.00
0.173790,5.034118,0.497331,0.41703,10.00
0.173800,5.034448,0.491825,0.41698,10.00
0.173810,5.034117,0.486309,0.41697,10.00
0.173820,5.033539,0.480857,0.41697,10.00
0.173830,5.032718,0.475508,0.41698,10.00
0.173840,5.031663,0.470301,0.41700,10.00
0.173850,5.030295,0.465272,0.41704,10.00
0.173860,5.028369,0.460500,0.41711,10.00
0.173870,5.026243,0.456044,0.41719,10.00
0.173880,5.023934,0.451937,0.41729,10.00
0.173890,5.021460,0.448207,0.41739,10.00
0.173900,5.018907,0.444880,0.41750,10.00
0.173910,5.016496,0.441946,0.41761,10.00
0.173920,5.013975,0.439402,0.41772,10.00
0.173930,5.011360,0.437267,0.41784,10.00
0.173940,5.008672,0.435555,0.41797,10.00
0.173950,5.006050,0.434275,0.41810,10.00
0.173960,5.003871,0.433379,0.41820,10.00
0.173970,5.001672,0.432833,0.41831,10.00
0.173980,4.999467,0.432640,0.41842,10.00
0.173990,4.997273,0.432799,0.41853,10.00
0.174000,4.994658,0.433310,0.41864,10.00
0.174010,4.990306,0.434381,0.41887,10.00
0.174020,4.986041,0.436146,0.41909,10.00
0.174030,4.981894,0.438589,0.41931,10.00
0.174040,4.977895,0.441690,0.41953,10.00
0.174050,4.974101,0.445425,0.41974,10.00
0.174060,4.970627,0.449750,0.41994,10.00
0.174070,4.967379,0.454622,0.42013,10.00
0.174080,4.964382,0.460003,0.42031,10.00
0.174090,4.961655,0.465854,0.42047,10.00
0.174100,4.959431,0.472129,0.42063,10.00
0.174110,4.958358,0.478679,0.42072,10.00
0.174120,4.957592,0.485389,0.42079,10.00
0.174130,4.957137,0.492208,0.42085,10.00
0.174140,4.956995,0.499087,0.42090,10.00
0.174150,4.957316,0.505975,0.42093,10.00
0.174160,4.958544,0.512751,0.42090,10.00
0.174170,4.960067,0.519317,0.42086,10.00
0.174180,4.961875,0.525628,0.42081,10.00
0.174190,4.963953,0.531637,0.42074,10.00
0.174200,4.966009,0.537303,0.42065,10.00
0.174210,4.967204,0.542717,0.42062,10.00
0.174220,4.968634,0.547930,0.42058,10.00
0.174230,4.970288,0.552904,0.42052,10.00
0.174240,4.972153,0.557603,0.42045,10.00
0.174250,4.974323,0.561996,0.42037,10.00
0.174260,4.977111,0.565998,0.42025,10.00
0.174270,4.980054,0.569546,0.42013,10.00
0.174280,4.983133,0.572617,0.41999,10.00
0.174290,4.986324,0.575189,0.41984,10.00
0.174300,4.989804,0.577247,0.41969,10.00
0.174310,4.994148,0.578679,0.41948,10.00
0.174320,4.998520,0.579414,0.41926,10.00
0.174330,5.002885,0.579449,0.41904,10.00
0.174340,5.007213,0.578786,0.41882,10.00
0.174350,5.011433,0.577432,0.41860,10.00
0.174360,5.015393,0.575419,0.41839,10.00
0.174370,5.019227,0.572776,0.41819,10.00
0.174380,5.022907,0.569526,0.41798,10.00
0.174390,5.026406,0.565693,0.41779,10.00
0.174400,5.029332,0.561309,0.41760,10.00
0.174410,5.030560,0.556583,0.41751,10.00
0.174420,5.031563,0.551670,0.41743,10.00
0.174430,5.032334,0.546605,0.41737,10.00
0.174440,5.032868,0.541427,0.41731,10.00
0.174450,5.033570,0.536173,0.41727,10.00
0.174460,5.035650,0.530687,0.41714,10.00
0.174470,5.037462,0.524879,0.41701,10.00
0.174480,5.038995,0.518792,0.41690,10.00
0.174490,5.040238,0.512472,0.41681,10.00
0.174500,5.041278,0.505965,0.41672,10.00
0.174510,5.042389,0.499275,0.41663,10.00
0.174520,5.043187,0.492419,0.41655,10.00
0.174530,5.043666,0.485450,0.41649,10.00
0.174540,5.043826,0.478417,0.41645,10.00
0.174550,5.043497,0.471373,0.41642,10.00
0.174560,5.042185,0.464448,0.41644,10.00
0.174570,5.040570,0.457747,0.41649,10.00
0.174580,5.038665,0.451317,0.41655,10.00
0.174590,5.036486,0.445204,0.41663,10.00
0.174600,5.033793,0.439451,0.41672,10.00
0.174610,5.029842,0.434221,0.41689,10.00
0.174620,5.025689,0.429634,0.41707,10.00
0.174630,5.021365,0.425719,0.41726,10.00
0.174640,5.016902,0.422503,0.41747,10.00
0.174650,5.012516,0.420007,0.41769,10.00
0.174660,5.008789,0.418158,0.41786,10.00
0.174670,5.005011,0.416908,0.41805,10.00
0.174680,5.001210,0.416265,0.41823,10.00
0.174690,4.997414,0.416231,0.41842,10.00
0.174700,4.993790,0.416804,0.41861,10.00
0.174710,4.990785,0.417911,0.41877,10.00
0.174720,4.987857,0.419496,0.41893,10.00
0.174730,4.985027,0.421546,0.41908,10.00
0.174740,4.982316,0.424045,0.41923,10.00
0.174750,4.979315,0.426973,0.41938,10.00
0.174760,4.974773,0.430512,0.41962,10.00
0.174770,4.970433,0.434770,0.41986,10.00
0.174780,4.966324,0.439714,0.42010,10.00
0.174790,4.962476,0.445305,0.42032,10.00
0.174800,4.959152,0.451500,0.42053,10.00
0.174810,4.957081,0.458140,0.42067,10.00
0.174820,4.955329,0.465098,0.42080,10.00
0.174830,4.953908,0.472322,0.42091,10.00
0.174840,4.952827,0.479760,0.42100,10.00
0.174850,4.952172,0.487357,0.42108,10.00
0.174860,4.952183,0.495018,0.42112,10.00
0.174870,4.952541,0.502663,0.42115,10.00
0.174880,4.953243,0.510235,0.42115,10.00
0.174890,4.954281,0.517682,0.42114,10.00
0.174900,4.955629,0.524947,0.42111,10.00
0.174910,4.957214,0.531990,0.42107,10.00
0.174920,4.959105,0.538766,0.42101,10.00
0.174930,4.961287,0.545226,0.42094,10.00
0.174940,4.963742,0.551326,0.42085,10.00
0.174950,4.966459,0.557020,0.42074,10.00
0.174960,4.969440,0.562267,0.42062,10.00
0.174970,4.972634,0.567028,0.42049,10.00
0.174980,4.976014,0.571268,0.42034,10.00
0.174990,4.979557,0.574960,0.42018,10.00
0.175000,4.983221,0.578078,0.42002,10.00
0.175010,4.986935,0.580609,0.41984,10.00
0.175020,4.990732,0.582541,0.41966,10.00
0.175030,4.994582,0.583863,0.41948,10.00
0.175040,4.998458,0.584566,0.41929,10.00
0.175050,5.002153,0.584648,0.41909,10.00
0.175060,5.005106,0.584196,0.41894,10.00
0.175070,5.008014,0.583273,0.41879,10.00
0.175080,5.010853,0.581886,0.41864,10.00
0.175090,5.013604,0.580048,0.41849,10.00
0.175100,5.016481,0.577773,0.41835,10.00
0.175110,5.020158,0.574968,0.41815,10.00
0.175120,5.023676,0.571581,0.41795,10.00
0.175130,5.027008,0.567637,0.41777,10.00
0.175140,5.030132,0.563169,0.41759,10.00
0.175150,5.032930,0.558209,0.41741,10.00
0.175160,5.035100,0.552842,0.41727,10.00
0.175170,5.037007,0.547138,0.41715,10.00
0.175180,5.038638,0.541140,0.41703,10.00
0.175190,5.039982,0.534893,0.41693,10.00
0.175200,5.041091,0.528443,0.41684,10.00
0.175210,5.042136,0.521809,0.41676,10.00
0.175220,5.042871,0.515020,0.41668,10.00
0.175230,5.043292,0.508127,0.41662,10.00
0.175240,5.043396,0.501180,0.41658,10.00
0.175250,5.043217,0.494230,0.41655,10.00
0.175260,5.042859,0.487310,0.41653,10.00
0.175270,5.042189,0.480462,0.41653,10.00
0.175280,5.041216,0.473734,0.41654,10.00
0.175290,5.039945,0.467174,0.41657,10.00
0.175300,5.038202,0.460830,0.41661,10.00
0.175310,5.035444,0.454837,0.41672,10.00
0.175320,5.032438,0.449297,0.41684,10.00
0.175330,5.029208,0.444247,0.41697,10.00
0.175340,5.025778,0.439724,0.41712,10.00
0.175350,5.022114,0.435758,0.41728,10.00
0.175360,5.018071,0.432403,0.41746,10.00
0.175370,5.013911,0.429702,0.41766,10.00
0.175380,5.009666,0.427671,0.41786,10.00
0.175390,5.005367,0.426323,0.41807,10.00
0.175400,5.001157,0.425664,0.41828,10.00
0.175410,4.997405,0.425644,0.41847,10.00
0.175420,4.993685,0.426224,0.41866,10.00
0.175430,4.990025,0.427397,0.41885,10.00
0.175440,4.986451,0.429154,0.41904,10.00
0.175450,4.982882,0.431478,0.41922,10.00
0.175460,4.979028,0.434403,0.41943,10.00
0.175470,4.975341,0.437938,0.41964,10.00
0.175480,4.971848,0.442056,0.41984,10.00
0.175490,4.968572,0.446725,0.42003,10.00
0.175500,4.965980,0.451908,0.42021,10.00
0.175510,4.965414,0.457354,0.42026,10.00
0.175520,4.965100,0.462880,0.42031,10.00
0.175530,4.965039,0.468446,0.42034,10.00
0.175540,4.965231,0.474011,0.42036,10.00
0.175550,4.965303,0.479535,0.42037,10.00
0.175560,4.964151,0.485155,0.42046,10.00
0.175570,4.963264,0.490949,0.42054,10.00
0.175580,4.962648,0.496873,0.42060,10.00
0.175590,4.962306,0.502884,0.42065,10.00
0.175600,4.962258,0.508939,0.42069,10.00
0.175610,4.962557,0.514984,0.42070,10.00
0.175620,4.963128,0.520969,0.42071,10.00
0.175630,4.963965,0.526851,0.42070,10.00
0.175640,4.965062,0.532588,0.42067,10.00
0.175650,4.966459,0.538139,0.42064,10.00
0.175660,4.968298,0.543440,0.42057,10.00
0.175670,4.970360,0.548436,0.42050,10.00
0.175680,4.972631,0.553093,0.42041,10.00
0.175690,4.975093,0.557377,0.42031,10.00
0.175700,4.977933,0.561260,0.42020,10.00
0.175710,4.981743,0.564616,0.42002,10.00
0.175720,4.985672,0.567355,0.41984,10.00
0.175730,4.989691,0.569462,0.41965,10.00
0.175740,4.993768,0.570921,0.41946,10.00
0.175750,4.997738,0.571726,0.41925,10.00
0.175760,5.001156,0.571940,0.41908,10.00
0.175770,5.004553,0.571606,0.41891,10.00
0.175780,5.007905,0.570730,0.41874,10.00
0.175790,5.011187,0.569319,0.41857,10.00
0.175800,5.014210,0.567387,0.41840,10.00
0.175810,5.016455,0.565028,0.41827,10.00
0.175820,5.018573,0.562314,0.41815,10.00
0.175830,5.020550,0.559267,0.41803,10.00
0.175840,5.022370,0.555909,0.41792,10.00
0.175850,5.024224,0.552267,0.41782,10.00
0.175860,5.026697,0.548271,0.41768,10.00
0.175870,5.028967,0.543887,0.41754,10.00
0.175880,5.031017,0.539149,0.41741,10.00
0.175890,5.032835,0.534092,0.41729,10.00
0.175900,5.034187,0.528754,0.41718,10.00
0.175910,5.034405,0.523280,0.41714,10.00
0.175920,5.034373,0.517783,0.41711,10.00
0.175930,5.034092,0.512300,0.41710,10.00
0.175940,5.033565,0.506874,0.41709,10.00
0.175950,5.032861,0.501541,0.41710,10.00
0.175960,5.032180,0.496311,0.41711,10.00
0.175970,5.031269,0.491200,0.41713,10.00
0.175980,5.030133,0.486244,0.41716,10.00
0.175990,5.028783,0.481479,0.41720,10.00
0.176000,5.027354,0.476939,0.41725,10.00
0.176010,5.026227,0.472597,0.41729,10.00
0.176020,5.024913,0.468443,0.41733,10.00
0.176030,5.023423,0.464507,0.41738,10.00
0.176040,5.021768,0.460817,0.41744,10.00
0.176050,5.019758,0.457399,0.41752,10.00
0.176060,5.016805,0.454374,0.41765,10.00
0.176070,5.013742,0.451826,0.41779,10.00
0.176080,5.010590,0.449773,0.41793,10.00
0.176090,5.007374,0.448228,0.41809,10.00
0.176100,5.004321,0.447200,0.41825,10.00
0.176110,5.002067,0.446596,0.41836,10.00
0.176120,4.999806,0.446354,0.41847,10.00
0.176130,4.997554,0.446474,0.41858,10.00
0.176140,4.995327,0.446954,0.41870,10.00
0.176150,4.993002,0.447790,0.41881,10.00
0.176160,4.990181,0.449040,0.41896,10.00
0.176170,4.987441,0.450739,0.41910,10.00
0.176180,4.984803,0.452872,0.41925,10.00
0.176190,4.982284,0.455423,0.41939,10.00
0.176200,4.979693,0.458372,0.41952,10.00
0.176210,4.976416,0.461798,0.41971,10.00
0.176220,4.973323,0.465740,0.41988,10.00
0.176230,4.970437,0.470170,0.42005,10.00
0.176240,4.967778,0.475052,0.42021,10.00
0.176250,4.965602,0.480350,0.42036,10.00
0.176260,4.964637,0.485909,0.42044,10.00
0.176270,4.963932,0.491612,0.42051,10.00
0.176280,4.963493,0.497416,0.42056,10.00
0.176290,4.963321,0.503280,0.42060,10.00
0.176300,4.963327,0.509160,0.42063,10.00
0.176310,4.963248,0.515055,0.42066,10.00
0.176320,4.963436,0.520952,0.42069,10.00
0.176330,4.963889,0.526808,0.42070,10.00
0.176340,4.964605,0.532580,0.42069,10.00
0.176350,4.965511,0.538226,0.42067,10.00
0.176360,4.966410,0.543737,0.42066,10.00
0.176370,4.967551,0.549093,0.42063,10.00
0.176380,4.968924,0.554257,0.42059,10.00
0.176390,4.970520,0.559191,0.42054,10.00
0.176400,4.972492,0.563860,0.42047,10.00
0.176410,4.975324,0.568151,0.42035,10.00
0.176420,4.978325,0.571981,0.42022,10.00
0.176430,4.981473,0.575324,0.42008,10.00
0.176440,4.984745,0.578157,0.41993,10.00
0.176450,4.988123,0.580462,0.41978,10.00
0.176460,4.991598,0.582220,0.41961,10.00
0.176470,4.995123,0.583419,0.41944,10.00
0.176480,4.998670,0.584051,0.41927,10.00
0.176490,5.002215,0.584116,0.41909,10.00
0.176500,5.005790,0.583613,0.41891,10.00
0.176510,5.009544,0.582521,0.41872,10.00
0.176520,5.013216,0.580831,0.41852,10.00
0.176530,5.016778,0.578557,0.41833,10.00
0.176540,5.020205,0.575717,0.41815,10.00
0.176550,5.023287,0.572335,0.41796,10.00
0.176560,5.025442,0.568527,0.41783,10.00
0.176570,5.027406,0.564381,0.41771,10.00
0.176580,5.029165,0.559929,0.41760,10.00
0.176590,5.030706,0.555204,0.41750,10.00
0.176600,5.032207,0.550242,0.41740,10.00
0.176610,5.034222,0.544989,0.41727,10.00
0.176620,5.035981,0.539424,0.41716,10.00
0.176630,5.037471,0.533588,0.41705,10.00
0.176640,5.038684,0.527525,0.41696,10.00
0.176650,5.039645,0.521280,0.41688,10.00
0.176660,5.040447,0.514882,0.41680,10.00
0.176670,5.040953,0.508369,0.41674,10.00
0.176680,5.041158,0.501787,0.41669,10.00
0.176690,5.041063,0.495185,0.41666,10.00
0.176700,5.040633,0.488611,0.41665,10.00
0.176710,5.039759,0.482130,0.41665,10.00
0.176720,5.038599,0.475802,0.41668,10.00
0.176730,5.037163,0.469671,0.41672,10.00
0.176740,5.035462,0.463782,0.41677,10.00
0.176750,5.033584,0.458176,0.41684,10.00
0.176760,5.031772,0.452857,0.41690,10.00
0.176770,5.029736,0.447837,0.41697,10.00
0.176780,5.027489,0.443154,0.41706,10.00
0.176790,5.025050,0.438838,0.41716,10.00
0.176800,5.022396,0.434921,0.41727,10.00
0.176810,5.019421,0.431449,0.41740,10.00
0.176820,5.016315,0.428460,0.41754,10.00
0.176830,5.013101,0.425973,0.41769,10.00
0.176840,5.009803,0.424005,0.41784,10.00
0.176850,5.006485,0.422568,0.41800,10.00
0.176860,5.003293,0.421651,0.41816,10.00
0.176870,5.000087,0.421247,0.41832,10.00
0.176880,4.996892,0.421357,0.41848,10.00
0.176890,4.993729,0.421977,0.41864,10.00
0.176900,4.990590,0.423101,0.41880,10.00
0.176910,4.987396,0.424737,0.41897,10.00
0.176920,4.984304,0.426880,0.41914,10.00
0.176930,4.981337,0.429513,0.41930,10.00
0.176940,4.978516,0.432616,0.41946,10.00
0.176950,4.976064,0.436164,0.41961,10.00
0.176960,4.974609,0.440033,0.41971,10.00
0.176970,4.973342,0.444126,0.41979,10.00
0.176980,4.972272,0.448414,0.41987,10.00
0.176990,4.971406,0.452866,0.41994,10.00
0.177000,4.970405,0.457448,0.42000,10.00
0.177010,4.968249,0.462291,0.42013,10.00
0.177020,4.966331,0.467469,0.42025,10.00
0.177030,4.964666,0.472945,0.42037,10.00
0.177040,4.963263,0.478676,0.42047,10.00
0.177050,4.962191,0.484620,0.42056,10.00
0.177060,4.961629,0.490706,0.42062,10.00
0.177070,4.961349,0.496870,0.42067,10.00
0.177080,4.961350,0.503067,0.42070,10.00
0.177090,4.961633,0.509251,0.42072,10.00
0.177100,4.962332,0.515379,0.42073,10.00
0.177110,4.963855,0.521339,0.42068,10.00
0.177120,4.965635,0.527043,0.42062,10.00
0.177130,4.967658,0.532453,0.42055,10.00
0.177140,4.969908,0.537528,0.42047,10.00
0.177150,4.972385,0.542234,0.42037,10.00
0.177160,4.975123,0.546530,0.42026,10.00
0.177170,4.978030,0.550379,0.42013,10.00
0.177180,4.981087,0.553756,0.42000,10.00
0.177190,4.984269,0.556639,0.41985,10.00
0.177200,4.987488,0.559007,0.41970,10.00
0.177210,4.990525,0.560876,0.41956,10.00
0.177220,4.993620,0.562256,0.41941,10.00
0.177230,4.996750,0.563139,0.41926,10.00
0.177240,4.999892,0.563520,0.41910,10.00
0.177250,5.003228,0.563398,0.41894,10.00
0.177260,5.007344,0.562677,0.41873,10.00
0.177270,5.011390,0.561299,0.41852,10.00
0.177280,5.015338,0.559277,0.41832,10.00
0.177290,5.019159,0.556628,0.41811,10.00
0.177300,5.022680,0.553373,0.41791,10.00
0.177310,5.025438,0.549609,0.41775,10.00
0.177320,5.028000,0.545411,0.41760,10.00
0.177330,5.030350,0.540811,0.41746,10.00
0.177340,5.032470,0.535844,0.41732,10.00
0.177350,5.034105,0.530548,0.41720,10.00
0.177360,5.034527,0.525077,0.41715,10.00
0.177370,5.034696,0.519550,0.41711,10.00
0.177380,5.034614,0.514006,0.41708,10.00
0.177390,5.034280,0.508486,0.41707,10.00
0.177400,5.033876,0.503029,0.41707,10.00
0.177410,5.033931,0.497592,0.41704,10.00
0.177420,5.033738,0.492156,0.41702,10.00
0.177430,5.033301,0.486761,0.41701,10.00
0.177440,5.032623,0.481447,0.41701,10.00
0.177450,5.031595,0.476251,0.41703,10.00
0.177460,5.029882,0.471266,0.41709,10.00
0.177470,5.027959,0.466565,0.41716,10.00
0.177480,5.025840,0.462180,0.41724,10.00
0.177490,5.023540,0.458143,0.41734,10.00
0.177500,5.021187,0.454481,0.41744,10.00
0.177510,5.019119,0.451167,0.41753,10.00
0.177520,5.016920,0.448191,0.41762,10.00
0.177530,5.014606,0.445572,0.41772,10.00
0.177540,5.012193,0.443328,0.41783,10.00
0.177550,5.009558,0.441475,0.41795,10.00
0.177560,5.006295,0.440092,0.41810,10.00
0.177570,5.002998,0.439233,0.41826,10.00
0.177580,4.999692,0.438903,0.41843,10.00
0.177590,4.996400,0.439102,0.41859,10.00
0.177600,4.993118,0.439827,0.41876,10.00
0.177610,4.989789,0.441085,0.41893,10.00
0.177620,4.986545,0.442872,0.41911,10.00
0.177630,4.983412,0.445175,0.41928,10.00
0.177640,4.980411,0.447974,0.41944,10.00
0.177650,4.977697,0.451247,0.41960,10.00
0.177660,4.975687,0.454905,0.41972,10.00
0.177670,4.973861,0.458878,0.41984,10.00
0.177680,4.972231,0.463135,0.41994,10.00
0.177690,4.970809,0.467645,0.42004,10.00
0.177700,4.969668,0.472373,0.42012,10.00
0.177710,4.969007,0.477255,0.42018,10.00
0.177720,4.968573,0.482232,0.42023,10.00
0.177730,4.968369,0.487270,0.42027,10.00
0.177740,4.968395,0.492331,0.42030,10.00
0.177750,4.968522,0.497377,0.42031,10.00
0.177760,4.968366,0.502435,0.42035,10.00
0.177770,4.968441,0.507508,0.42037,10.00
0.177780,4.968745,0.512560,0.42038,10.00
0.177790,4.969275,0.517553,0.42038,10.00
0.177800,4.970058,0.522451,0.42037,10.00
0.177810,4.971178,0.527205,0.42034,10.00
0.177820,4.972504,0.531771,0.42030,10.00
0.177830,4.974024,0.536116,0.42025,10.00
0.177840,4.975729,0.540210,0.42018,10.00
0.177850,4.977803,0.544023,0.42011,10.00
0.177860,4.980830,0.547433,0.41998,10.00
0.177870,4.983984,0.550353,0.41984,10.00
0.177880,4.987242,0.552763,0.41968,10.00
0.177890,4.990581,0.554647,0.41953,10.00
0.177900,4.994055,0.555994,0.41936,10.00
0.177910,4.997877,0.556758,0.41918,10.00
0.177920,5.001700,0.556909,0.41899,10.00
0.177930,5.005496,0.556448,0.41879,10.00
0.177940,5.009238,0.555382,0.41860,10.00
0.177950,5.012413,0.553719,0.41841,10.00
0.177960,5.013557,0.551707,0.41834,10.00
0.177970,5.014598,0.549515,0.41828,10.00
0.177980,5.015532,0.547161,0.41822,10.00
0.177990,5.016350,0.544663,0.41816,10.00
0.178000,5.017136,0.542038,0.41811,10.00
0.178010,5.018147,0.539264,0.41805,10.00
0.178020,5.019024,0.536333,0.41799,10.00
0.178030,5.019760,0.533268,0.41793,10.00
0.178040,5.020351,0.530091,0.41788,10.00
0.178050,5.020850,0.526825,0.41784,10.00
0.178060,5.021426,0.523468,0.41780,10.00
0.178070,5.021845,0.520024,0.41776,10.00
0.178080,5.022104,0.516521,0.41773,10.00
0.178090,5.022202,0.512982,0.41770,10.00
0.178100,5.022365,0.509435,0.41769,10.00
0.178110,5.023268,0.505795,0.41762,10.00
0.178120,5.023999,0.502019,0.41756,10.00
0.178130,5.024552,0.498133,0.41751,10.00
0.178140,5.024924,0.494166,0.41747,10.00
0.178150,5.024927,0.490147,0.41744,10.00
0.178160,5.024010,0.486195,0.41747,10.00
0.178170,5.022922,0.482397,0.41750,10.00
0.178180,5.021671,0.478780,0.41754,10.00
0.178190,5.020267,0.475371,0.41760,10.00
0.178200,5.018754,0.472192,0.41766,10.00
0.178210,5.017239,0.469251,0.41772,10.00
0.178220,5.015604,0.466558,0.41778,10.00
0.178230,5.013862,0.464131,0.41786,10.00
0.178240,5.012025,0.461988,0.41794,10.00
0.178250,5.009763,0.460142,0.41802,10.00
0.178260,5.006067,0.458772,0.41820,10.00
0.178270,5.002342,0.457995,0.41838,10.00
0.178280,4.998615,0.457815,0.41857,10.00
0.178290,4.994913,0.458232,0.41876,10.00
0.178300,4.991395,0.459239,0.41895,10.00
0.178310,4.988480,0.460764,0.41910,10.00
0.178320,4.985660,0.462753,0.41925,10.00
0.178330,4.982955,0.465188,0.41940,10.00
0.178340,4.980385,0.468051,0.41955,10.00
0.178350,4.978341,0.471320,0.41968,10.00
0.178360,4.977954,0.474789,0.41972,10.00
0.178370,4.977729,0.478314,0.41975,10.00
0.178380,4.977665,0.481868,0.41978,10.00
0.178390,4.977762,0.485425,0.41979,10.00
0.178400,4.977645,0.488960,0.41980,10.00
0.178410,4.976191,0.492628,0.41989,10.00
0.178420,4.974917,0.496520,0.41998,10.00
0.178430,4.973831,0.500609,0.42005,10.00
0.178440,4.972939,0.504864,0.42012,10.00
0.178450,4.972543,0.509253,0.42018,10.00
0.178460,4.973519,0.513603,0.42015,10.00
0.178470,4.974684,0.517788,0.42012,10.00
0.178480,4.976029,0.521779,0.42007,10.00
0.178490,4.977542,0.525548,0.42002,10.00
0.178500,4.979322,0.529067,0.41995,10.00
0.178510,4.981677,0.532260,0.41985,10.00
0.178520,4.984156,0.535071,0.41974,10.00
0.178530,4.986740,0.537480,0.41963,10.00
0.178540,4.989411,0.539471,0.41950,10.00
0.178550,4.991965,0.541032,0.41937,10.00
0.178560,4.993838,0.542239,0.41929,10.00
0.178570,4.995748,0.543145,0.41920,10.00
0.178580,4.997683,0.543744,0.41910,10.00
0.178590,4.999627,0.544032,0.41901,10.00
0.178600,5.001786,0.544009,0.41891,10.00
0.178610,5.004792,0.543571,0.41876,10.00
0.178620,5.007752,0.542653,0.41860,10.00
0.178630,5.010644,0.541264,0.41845,10.00
0.178640,5.013447,0.539415,0.41830,10.00
0.178650,5.016145,0.537122,0.41815,10.00
0.178660,5.018729,0.534401,0.41801,10.00
0.178670,5.021168,0.531271,0.41787,10.00
0.178680,5.023442,0.527758,0.41774,10.00
0.178690,5.025537,0.523888,0.41761,10.00
0.178700,5.027253,0.519691,0.41749,10.00
0.178710,5.028028,0.515287,0.41743,10.00
0.178720,5.028596,0.510767,0.41738,10.00
0.178730,5.028953,0.506165,0.41733,10.00
0.178740,5.029099,0.501515,0.41730,10.00
0.178750,5.028837,0.496850,0.41728,10.00
0.178760,5.027581,0.492299,0.41732,10.00
0.178770,5.026130,0.487958,0.41736,10.00
0.178780,5.024495,0.483857,0.41742,10.00
0.178790,5.022689,0.480025,0.41749,10.00
0.178800,5.020714,0.476489,0.41757,10.00
0.178810,5.018550,0.473279,0.41766,10.00
0.178820,5.016261,0.470421,0.41776,10.00
0.178830,5.013861,0.467935,0.41787,10.00
0.178840,5.011371,0.465837,0.41798,10.00
0.178850,5.008974,0.464142,0.41810,10.00
0.178860,5.007184,0.462779,0.41818,10.00
0.178870,5.005348,0.461706,0.41827,10.00
0.178880,5.003480,0.460928,0.41836,10.00
0.178890,5.001593,0.460450,0.41845,10.00
0.178900,4.999667,0.460275,0.41855,10.00
0.178910,4.997610,0.460419,0.41865,10.00
0.178920,4.995579,0.460892,0.41875,10.00
0.178930,4.993587,0.461689,0.41886,10.00
0.178940,4.991649,0.462803,0.41896,10.00
0.178950,4.989731,0.464224,0.41906,10.00
0.178960,4.987708,0.465965,0.41917,10.00
0.178970,4.985782,0.468026,0.41928,10.00
0.178980,4.983966,0.470390,0.41939,10.00
0.178990,4.982274,0.473041,0.41949,10.00
0.179000,4.980818,0.475957,0.41958,10.00
0.179010,4.979908,0.479068,0.41964,10.00
0.179020,4.979148,0.482318,0.41970,10.00
0.179030,4.978542,0.485684,0.41975,10.00
0.179040,4.978094,0.489140,0.41979,10.00
0.179050,4.977957,0.492661,0.41982,10.00
0.179060,4.978583,0.496149,0.41981,10.00
0.179070,4.979361,0.499530,0.41979,10.00
0.179080,4.980286,0.502781,0.41976,10.00
0.179090,4.981350,0.505877,0.41972,10.00
0.179100,4.982332,0.508798,0.41968,10.00
0.179110,4.982587,0.511624,0.41968,10.00
0.179120,4.982968,0.514404,0.41968,10.00
0.179130,4.983472,0.517118,0.41967,10.00
0.179140,4.984094,0.519746,0.41965,10.00
0.179150,4.984884,0.522269,0.41963,10.00
0.179160,4.985997,0.524644,0.41958,10.00
0.179170,4.987207,0.526836,0.41954,10.00
0.179180,4.988507,0.528831,0.41948,10.00
0.179190,4.989885,0.530614,0.41942,10.00
0.179200,4.991357,0.532173,0.41936,10.00
0.179210,4.992988,0.533486,0.41928,10.00
0.179220,4.994665,0.534535,0.41921,10.00
0.179230,4.996374,0.535314,0.41912,10.00
0.179240,4.998103,0.535819,0.41904,10.00
0.179250,4.999830,0.536046,0.41895,10.00
0.179260,5.001511,0.535999,0.41887,10.00
0.179270,5.003175,0.535684,0.41878,10.00
0.179280,5.004810,0.535104,0.41870,10.00
0.179290,5.006404,0.534263,0.41861,10.00
0.179300,5.007944,0.533169,0.41853,10.00
0.179310,5.009411,0.531832,0.41845,10.00
0.179320,5.010804,0.530262,0.41837,10.00
0.179330,5.012114,0.528473,0.41830,10.00
0.179340,5.013332,0.526477,0.41822,10.00
0.179350,5.014544,0.524291,0.41816,10.00
0.179360,5.016032,0.521884,0.41807,10.00
0.179370,5.017397,0.519244,0.41799,10.00
0.179380,5.018630,0.516391,0.41791,10.00
0.179390,5.019723,0.513347,0.41784,10.00
0.179400,5.020556,0.510133,0.41777,10.00
0.179410,5.020790,0.506828,0.41774,10.00
0.179420,5.020873,0.503492,0.41772,10.00
0.179430,5.020803,0.500150,0.41771,10.00
0.179440,5.020582,0.496825,0.41770,10.00
0.179450,5.020582,0.493541,0.41770,10.00
0.179460,5.021905,0.490146,0.41762,10.00
0.179470,5.023062,0.486546,0.41754,10.00
0.179480,5.024045,0.482768,0.41747,10.00
0.179490,5.024849,0.478841,0.41741,10.00
0.179500,5.025162,0.474792,0.41735,10.00
0.179510,5.024072,0.470800,0.41739,10.00
0.179520,5.022812,0.466989,0.41743,10.00
0.179530,5.021390,0.463387,0.41748,10.00
0.179540,5.019817,0.460019,0.41754,10.00
0.179550,5.018127,0.456910,0.41761,10.00
0.179560,5.016398,0.454069,0.41768,10.00
0.179570,5.014556,0.451511,0.41776,10.00
0.179580,5.012614,0.449252,0.41785,10.00
0.179590,5.010586,0.447308,0.41794,10.00
0.179600,5.008467,0.445692,0.41803,10.00
0.179610,5.006202,0.444426,0.41814,10.00
0.179620,5.003901,0.443524,0.41825,10.00
0.179630,5.001579,0.442992,0.41836,10.00
0.179640,4.999253,0.442832,0.41848,10.00
0.179650,4.996891,0.443044,0.41860,10.00
0.179660,4.994357,0.443650,0.41873,10.00
0.179670,4.991873,0.444660,0.41886,10.00
0.179680,4.989456,0.446066,0.41899,10.00
0.179690,4.987126,0.447855,0.41911,10.00
0.179700,4.984713,0.450013,0.41924,10.00
0.179710,4.981687,0.452612,0.41940,10.00
0.179720,4.978805,0.455689,0.41956,10.00
0.179730,4.976089,0.459222,0.41972,10.00
0.179740,4.973557,0.463181,0.41987,10.00
0.179750,4.971245,0.467538,0.42001,10.00
0.179760,4.969220,0.472251,0.42013,10.00
0.179770,4.967427,0.477278,0.42025,10.00
0.179780,4.965878,0.482582,0.42036,10.00
0.179790,4.964583,0.488124,0.42045,10.00
0.179800,4.963675,0.493862,0.42054,10.00
0.179810,4.963528,0.499694,0.42058,10.00
0.179820,4.963648,0.505539,0.42060,10.00
0.179830,4.964031,0.511353,0.42061,10.00
0.179840,4.964674,0.517095,0.42061,10.00
0.179850,4.965878,0.522723,0.42060,10.00
0.179860,4.968548,0.528050,0.42049,10.00
0.179870,4.971434,0.532939,0.42038,10.00
0.179880,4.974517,0.537358,0.42025,10.00
0.179890,4.977773,0.541276,0.42010,10.00
0.179900,4.980906,0.544666,0.41995,10.00
0.179910,4.983080,0.547635,0.41986,10.00
0.179920,4.985369,0.550251,0.41976,10.00
0.179930,4.987756,0.552496,0.41965,10.00
0.179940,4.990224,0.554355,0.41954,10.00
0.179950,4.992989,0.555816,0.41942,10.00
0.179960,4.996729,0.556756,0.41924,10.00
0.179970,5.000479,0.557097,0.41905,10.00
0.179980,5.004211,0.556838,0.41886,10.00
0.179990,5.007898,0.555983,0.41867,10.00
0.180000,5.011057,0.554540,0.41848,10.00
0.180010,5.012306,0.552741,0.41841,10.00
0.180020,5.013462,0.550745,0.41834,10.00
0.180030,5.014517,0.548568,0.41828,10.00
0.180040,5.015465,0.546226,0.41822,10.00
0.180050,5.016385,0.543737,0.41816,10.00
0.180060,5.017533,0.541078,0.41809,10.00
0.180070,5.018551,0.538240,0.41802,10.00
0.180080,5.019430,0.535244,0.41796,10.00
0.180090,5.020166,0.532114,0.41791,10.00
0.180100,5.020864,0.528872,0.41786,10.00
0.180110,5.021848,0.525489,0.41779,10.00
0.180120,5.022669,0.521955,0.41773,10.00
0.180130,5.023323,0.518297,0.41768,10.00
0.180140,5.023805,0.514541,0.41763,10.00
0.180150,5.024397,0.510715,0.41760,10.00
0.180160,5.025943,0.506711,0.41750,10.00
0.180170,5.027294,0.502468,0.41741,10.00
0.180180,5.028441,0.498017,0.41733,10.00
0.180190,5.029376,0.493391,0.41725,10.00
0.180200,5.029672,0.488625,0.41719,10.00
0.180210,5.028073,0.483955,0.41725,10.00
0.180220,5.026277,0.479550,0.41731,10.00
0.180230,5.024298,0.475440,0.41739,10.00
0.180240,5.022149,0.471655,0.41748,10.00
0.180250,5.020048,0.468220,0.41757,10.00
0.180260,5.018603,0.465064,0.41763,10.00
0.180270,5.017029,0.462145,0.41769,10.00
0.180280,5.015336,0.459484,0.41776,10.00
0.180290,5.013537,0.457098,0.41784,10.00
0.180300,5.011506,0.455005,0.41792,10.00
0.180310,5.008837,0.453285,0.41805,10.00
0.180320,5.006114,0.451996,0.41818,10.00
0.180330,5.003356,0.451144,0.41831,10.00
0.180340,5.000584,0.450735,0.41845,10.00
0.180350,4.997779,0.450770,0.41859,10.00
0.180360,4.994843,0.451266,0.41874,10.00
0.180370,4.991956,0.452230,0.41889,10.00
0.180380,4.989138,0.453654,0.41903,10.00
0.180390,4.986410,0.455526,0.41918,10.00
0.180400,4.984118,0.457830,0.41933,10.00
0.180410,4.983254,0.460392,0.41938,10.00
0.180420,4.982515,0.463087,0.41943,10.00
0.180430,4.981904,0.465896,0.41948,10.00
0.180440,4.981426,0.468796,0.41952,10.00
0.180450,4.980891,0.471768,0.41955,10.00
0.180460,4.979732,0.474881,0.41963,10.00
0.180470,4.978724,0.478174,0.41970,10.00
0.180480,4.977874,0.481621,0.41976,10.00
0.180490,4.977188,0.485197,0.41981,10.00
0.180500,4.976649,0.488877,0.41986,10.00
0.180510,4.976196,0.492642,0.41990,10.00
0.180520,4.975917,0.496473,0.41994,10.00
0.180530,4.975815,0.500341,0.41996,10.00
0.180540,4.975889,0.504217,0.41998,10.00
0.180550,4.976128,0.508075,0.41999,10.00
0.180560,4.976499,0.511890,0.41999,10.00
0.180570,4.977040,0.515638,0.41998,10.00
0.180580,4.977746,0.519293,0.41997,10.00
0.180590,4.978611,0.522827,0.41994,10.00
0.180600,4.979484,0.526217,0.41991,10.00
0.180610,4.979924,0.529507,0.41991,10.00
0.180620,4.980510,0.532720,0.41990,10.00
0.180630,4.981237,0.535833,0.41988,10.00
0.180640,4.982098,0.538824,0.41985,10.00
0.180650,4.983197,0.541671,0.41982,10.00
0.180660,4.984853,0.544302,0.41975,10.00
0.180670,4.986613,0.546663,0.41967,10.00
0.180680,4.988465,0.548737,0.41959,10.00
0.180690,4.990395,0.550512,0.41950,10.00
0.180700,4.992404,0.551975,0.41941,10.00
0.180710,4.994529,0.553108,0.41931,10.00
0.180720,4.996687,0.553899,0.41921,10.00
0.180730,4.998861,0.554343,0.41910,10.00
0.180740,5.001036,0.554439,0.41899,10.00
0.180750,5.003150,0.554187,0.41888,10.00
0.180760,5.005046,0.553612,0.41878,10.00
0.180770,5.006900,0.552735,0.41868,10.00
0.180780,5.008697,0.551563,0.41859,10.00
0.180790,5.010425,0.550106,0.41849,10.00
0.180800,5.012193,0.548376,0.41840,10.00
0.180810,5.014351,0.546327,0.41828,10.00
0.180820,5.016396,0.543937,0.41817,10.00
0.180830,5.018314,0.541225,0.41806,10.00
0.180840,5.020092,0.538211,0.41795,10.00
0.180850,5.021850,0.534919,0.41785,10.00
0.180860,5.023966,0.531309,0.41772,10.00
0.180870,5.025900,0.527369,0.41761,10.00
0.180880,5.027638,0.523127,0.41750,10.00
0.180890,5.029168,0.518615,0.41739,10.00
0.180900,5.030335,0.513868,0.41730,10.00
0.180910,5.030701,0.508989,0.41726,10.00
0.180920,5.030843,0.504061,0.41722,10.00
0.180930,5.030759,0.499120,0.41720,10.00
0.180940,5.030452,0.494201,0.41719,10.00
0.180950,5.030098,0.489341,0.41719,10.00
0.180960,5.030216,0.484492,0.41716,10.00
0.180970,5.030112,0.479634,0.41714,10.00
0.180980,5.029789,0.474801,0.41713,10.00
0.180990,5.029250,0.470030,0.41713,10.00
0.181000,5.028392,0.465354,0.41714,10.00
0.181010,5.026903,0.460858,0.41719,10.00
0.181020,5.025224,0.456610,0.41725,10.00
0.181030,5.023366,0.452638,0.41732,10.00
0.181040,5.021345,0.448971,0.41740,10.00
0.181050,5.019402,0.445634,0.41750,10.00
0.181060,5.018226,0.442542,0.41754,10.00
0.181070,5.016920,0.439644,0.41759,10.00
0.181080,5.015495,0.436960,0.41764,10.00
0.181090,5.013961,0.434510,0.41771,10.00
0.181100,5.012101,0.432310,0.41778,10.00
0.181110,5.009248,0.430485,0.41791,10.00
0.181120,5.006337,0.429120,0.41805,10.00
0.181130,5.003390,0.428223,0.41819,10.00
0.181140,5.000429,0.427799,0.41834,10.00
0.181150,4.997281,0.427849,0.41849,10.00
0.181160,4.993391,0.428465,0.41869,10.00
0.181170,4.989564,0.429701,0.41888,10.00
0.181180,4.985827,0.431547,0.41908,10.00
0.181190,4.982207,0.433986,0.41928,10.00
0.181200,4.979015,0.437000,0.41947,10.00
0.181210,4.977127,0.440427,0.41958,10.00
0.181220,4.975412,0.444150,0.41969,10.00
0.181230,4.973880,0.448139,0.41979,10.00
0.181240,4.972543,0.452366,0.41988,10.00
0.181250,4.971474,0.456799,0.41996,10.00
0.181260,4.970867,0.461374,0.42001,10.00
0.181270,4.970473,0.466038,0.42006,10.00
0.181280,4.970294,0.470756,0.42009,10.00
0.181290,4.970330,0.475493,0.42012,10.00
0.181300,4.970451,0.480216,0.42013,10.00
0.181310,4.970263,0.484952,0.42017,10.00
0.181320,4.970292,0.489709,0.42019,10.00
0.181330,4.970536,0.494453,0.42020,10.00
0.181340,4.970993,0.499148,0.42021,10.00
0.181350,4.971725,0.503762,0.42020,10.00
0.181360,4.972920,0.508228,0.42016,10.00
0.181370,4.974306,0.512495,0.42012,10.00
0.181380,4.975874,0.516532,0.42006,10.00
0.181390,4.977611,0.520311,0.41999,10.00
0.181400,4.979449,0.523805,0.41992,10.00
0.181410,4.981211,0.527016,0.41985,10.00
0.181420,4.983102,0.529939,0.41977,10.00
0.181430,4.985110,0.532554,0.41968,10.00
0.181440,4.987218,0.534844,0.41959,10.00
0.181450,4.989454,0.536791,0.41949,10.00
0.181460,4.991932,0.538364,0.41937,10.00
0.181470,4.994459,0.539537,0.41925,10.00
0.181480,4.997017,0.540304,0.41913,10.00
0.181490,4.999587,0.540661,0.41900,10.00
0.181500,5.001981,0.540606,0.41887,10.00
0.181510,5.003676,0.540222,0.41879,10.00
0.181520,5.005339,0.539569,0.41870,10.00
0.181530,5.006957,0.538650,0.41861,10.00
0.181540,5.008519,0.537475,0.41853,10.00
0.181550,5.010085,0.536052,0.41845,10.00
0.181560,5.011855,0.534358,0.41835,10.00
0.181570,5.013533,0.532385,0.41825,10.00
0.181580,5.015107,0.530147,0.41816,10.00
0.181590,5.016565,0.527662,0.41807,10.00
0.181600,5.017806,0.524949,0.41799,10.00
0.181610,5.018551,0.522071,0.41794,10.00
0.181620,5.019159,0.519080,0.41789,10.00
0.181630,5.019626,0.515997,0.41785,10.00
0.181640,5.019949,0.512845,0.41782,10.00
0.181650,5.020212,0.509648,0.41779,10.00
0.181660,5.020669,0.506388,0.41775,10.00
0.181670,5.020973,0.503060,0.41772,10.00
0.181680,5.021125,0.499690,0.41769,10.00
0.181690,5.021122,0.496303,0.41767,10.00
0.181700,5.020969,0.492922,0.41766,10.00
0.181710,5.020675,0.489572,0.41766,10.00
0.181720,5.020233,0.486275,0.41766,10.00
0.181730,5.019645,0.483055,0.41768,10.00
0.181740,5.018916,0.479935,0.41770,10.00
0.181750,5.017890,0.476938,0.41772,10.00
0.181760,5.016092,0.474162,0.41780,10.00
0.181770,5.014185,0.471679,0.41788,10.00
0.181780,5.012182,0.469506,0.41797,10.00
0.181790,5.010098,0.467657,0.41806,10.00
0.181800,5.008107,0.466145,0.41816,10.00
0.181810,5.006695,0.464903,0.41823,10.00
0.181820,5.005238,0.463890,0.41829,10.00
0.181830,5.003749,0.463112,0.41836,10.00
0.181840,5.002237,0.462573,0.41844,10.00
0.181850,5.000605,0.462277,0.41851,10.00
0.181860,4.998538,0.462278,0.41862,10.00
0.181870,4.996489,0.462609,0.41872,10.00
0.181880,4.994473,0.463267,0.41883,10.00
0.181890,4.992505,0.464246,0.41893,10.00
0.181900,4.990323,0.465538,0.41903,10.00
0.181910,4.987121,0.467264,0.41920,10.00
0.181920,4.984026,0.469499,0.41937,10.00
0.181930,4.981059,0.472225,0.41953,10.00
0.181940,4.978243,0.475419,0.41969,10.00
0.181950,4.975846,0.479057,0.41984,10.00
0.181960,4.974630,0.482992,0.41993,10.00
0.181970,4.973603,0.487113,0.42000,10.00
0.181980,4.972772,0.491391,0.42006,10.00
0.181990,4.972143,0.495793,0.42012,10.00
0.182000,4.971745,0.500287,0.42017,10.00
0.182010,4.971660,0.504827,0.42019,10.00
0.182020,4.971782,0.509373,0.42021,10.00
0.182030,4.972109,0.513890,0.42022,10.00
0.182040,4.972638,0.518346,0.42022,10.00
0.182050,4.973439,0.522709,0.42021,10.00
0.182060,4.974730,0.526912,0.42016,10.00
0.182070,4.976200,0.530900,0.42011,10.00
0.182080,4.977838,0.534645,0.42005,10.00
0.182090,4.979631,0.538121,0.41998,10.00
0.182100,4.981728,0.541304,0.41990,10.00
0.182110,4.984599,0.544093,0.41977,10.00
0.182120,4.987570,0.546418,0.41964,10.00
0.182130,4.990620,0.548264,0.41949,10.00
0.182140,4.993727,0.549618,0.41934,10.00
0.182150,4.996679,0.550473,0.41919,10.00
0.182160,4.998891,0.550915,0.41908,10.00
0.182170,5.001104,0.551002,0.41897,10.00
0.182180,5.003300,0.550736,0.41886,10.00
0.182190,5.005465,0.550118,0.41875,10.00
0.182200,5.007612,0.549156,0.41864,10.00
0.182210,5.009813,0.547842,0.41852,10.00
0.182220,5.011935,0.546180,0.41840,10.00
0.182230,5.013963,0.544181,0.41829,10.00
0.182240,5.015882,0.541861,0.41818,10.00
0.182250,5.017500,0.539240,0.41808,10.00
0.182260,5.018273,0.536421,0.41802,10.00
0.182270,5.018911,0.533485,0.41798,10.00
0.182280,5.019410,0.530452,0.41793,10.00
0.182290,5.019767,0.527344,0.41790,10.00
0.182300,5.019976,0.524186,0.41787,10.00
0.182310,5.020019,0.521002,0.41785,10.00
0.182320,5.019918,0.517816,0.41784,10.00
0.182330,5.019673,0.514653,0.41783,10.00
0.182340,5.019286,0.511535,0.41784,10.00
0.182350,5.018804,0.508485,0.41785,10.00
0.182360,5.018355,0.505504,0.41785,10.00
0.182370,5.017774,0.502601,0.41787,10.00
0.182380,5.017067,0.499796,0.41789,10.00
0.182390,5.016239,0.497110,0.41791,10.00
0.182400,5.015322,0.494560,0.41795,10.00
0.182410,5.014394,0.492155,0.41798,10.00
0.182420,5.013366,0.489902,0.41802,10.00
0.182430,5.012244,0.487819,0.41806,10.00
0.182440,5.011039,0.485918,0.41811,10.00
0.182450,5.009648,0.484214,0.41817,10.00
0.182460,5.007760,0.482770,0.41825,10.00
0.182470,5.005823,0.481630,0.41835,10.00
0.182480,5.003852,0.480803,0.41844,10.00
0.182490,5.001860,0.480292,0.41854,10.00
0.182500,4.999917,0.480101,0.41864,10.00
0.182510,4.998195,0.480203,0.41872,10.00
0.182520,4.996493,0.480580,0.41881,10.00
0.182530,4.994823,0.481229,0.41890,10.00
0.182540,4.993197,0.482144,0.41898,10.00
0.182550,4.991705,0.483316,0.41907,10.00
0.182560,4.990588,0.484700,0.41913,10.00
0.182570,4.989544,0.486260,0.41919,10.00
0.182580,4.988579,0.487984,0.41925,10.00
0.182590,4.987702,0.489859,0.41931,10.00
0.182600,4.987178,0.491871,0.41936,10.00
0.182610,4.987788,0.493879,0.41934,10.00
0.182620,4.988484,0.495786,0.41931,10.00
0.182630,4.989260,0.497577,0.41928,10.00
0.182640,4.990110,0.499242,0.41925,10.00
0.182650,4.990854,0.500767,0.41921,10.00
0.182660,4.990961,0.502227,0.41921,10.00
0.182670,4.991134,0.503667,0.41921,10.00
0.182680,4.991370,0.505077,0.41921,10.00
0.182690,4.991668,0.506446,0.41920,10.00
0.182700,4.991887,0.507765,0.41919,10.00
0.182710,4.991614,0.509090,0.41921,10.00
0.182720,4.991403,0.510457,0.41923,10.00
0.182730,4.991255,0.511854,0.41924,10.00
0.182740,4.991173,0.513272,0.41926,10.00
0.182750,4.991420,0.514701,0.41926,10.00
0.182760,4.992787,0.516003,0.41920,10.00
0.182770,4.994200,0.517084,0.41914,10.00
0.182780,4.995650,0.517936,0.41907,10.00
0.182790,4.997125,0.518556,0.41900,10.00
0.182800,4.998532,0.518938,0.41893,10.00
0.182810,4.999611,0.519121,0.41887,10.00
0.182820,5.000688,0.519132,0.41882,10.00
0.182830,5.001756,0.518970,0.41877,10.00
0.182840,5.002808,0.518638,0.41871,10.00
0.182850,5.003963,0.518139,0.41866,10.00
0.182860,5.005599,0.517414,0.41857,10.00
0.182870,5.007188,0.516429,0.41849,10.00
0.182880,5.008718,0.515193,0.41840,10.00
0.182890,5.010178,0.513714,0.41832,10.00
0.182900,5.011282,0.512005,0.41824,10.00
0.182910,5.011198,0.510210,0.41824,10.00
0.182920,5.011033,0.508433,0.41824,10.00
0.182930,5.010789,0.506686,0.41824,10.00
0.182940,5.010468,0.504980,0.41825,10.00
0.182950,5.010161,0.503330,0.41826,10.00
0.182960,5.010134,0.501703,0.41825,10.00
0.182970,5.010033,0.500084,0.41825,10.00
0.182980,5.009860,0.498483,0.41825,10.00
0.182990,5.009616,0.496914,0.41825,10.00
0.183000,5.009156,0.495387,0.41826,10.00
0.183010,5.008046,0.493983,0.41830,10.00
0.183020,5.006883,0.492759,0.41836,10.00
0.183030,5.005674,0.491723,0.41841,10.00
0.183040,5.004429,0.490883,0.41847,10.00
0.183050,5.003192,0.490243,0.41853,10.00
0.183060,5.002075,0.489791,0.41858,10.00
0.183070,5.000948,0.489518,0.41864,10.00
0.183080,4.999818,0.489426,0.41869,10.00
0.183090,4.998694,0.489515,0.41875,10.00
0.183100,4.997719,0.489784,0.41881,10.00
0.183110,4.997301,0.490164,0.41883,10.00
0.183120,4.996904,0.490611,0.41885,10.00
0.183130,4.996531,0.491120,0.41887,10.00
0.183140,4.996184,0.491689,0.41889,10.00
0.183150,4.995825,0.492311,0.41891,10.00
0.183160,4.995332,0.493003,0.41894,10.00
0.183170,4.994875,0.493772,0.41897,10.00
0.183180,4.994457,0.494613,0.41900,10.00
0.183190,4.994081,0.495520,0.41902,10.00
0.183200,4.993586,0.496484,0.41904,10.00
0.183210,4.992488,0.497578,0.41910,10.00
0.183220,4.991449,0.498846,0.41916,10.00
0.183230,4.990477,0.500277,0.41922,10.00
0.183240,4.989578,0.501861,0.41927,10.00
0.183250,4.988863,0.503585,0.41932,10.00
0.183260,4.988647,0.505387,0.41934,10.00
0.183270,4.988515,0.507220,0.41936,10.00
0.183280,4.988466,0.509071,0.41937,10.00
0.183290,4.988503,0.510926,0.41938,10.00
0.183300,4.988599,0.512771,0.41938,10.00
0.183310,4.988682,0.514605,0.41939,10.00
0.183320,4.988848,0.516422,0.41939,10.00
0.183330,4.989095,0.518209,0.41939,10.00
0.183340,4.989421,0.519953,0.41938,10.00
0.183350,4.990100,0.521642,0.41937,10.00
0.183360,4.991955,0.523130,0.41928,10.00
0.183370,4.993860,0.524318,0.41920,10.00
0.183380,4.995803,0.525200,0.41910,10.00
0.183390,4.997768,0.525770,0.41901,10.00
0.183400,4.999559,0.526024,0.41891,10.00
0.183410,5.000618,0.526050,0.41886,10.00
0.183420,5.001669,0.525907,0.41880,10.00
0.183430,5.002704,0.525595,0.41875,10.00
0.183440,5.003715,0.525119,0.41870,10.00
0.183450,5.004786,0.524482,0.41864,10.00
0.183460,5.006176,0.523647,0.41857,10.00
0.183470,5.007515,0.522591,0.41850,10.00
0.183480,5.008795,0.521322,0.41843,10.00
0.183490,5.010006,0.519852,0.41836,10.00
0.183500,5.011063,0.518191,0.41829,10.00
0.183510,5.011729,0.516388,0.41825,10.00
0.183520,5.012308,0.514483,0.41821,10.00
0.183530,5.012796,0.512488,0.41817,10.00
0.183540,5.013188,0.510420,0.41814,10.00
0.183550,5.013429,0.508292,0.41812,10.00
0.183560,5.013356,0.506148,0.41811,10.00
0.183570,5.013186,0.504019,0.41811,10.00
0.183580,5.012922,0.501921,0.41811,10.00
0.183590,5.012564,0.499870,0.41811,10.00
0.183600,5.012293,0.497880,0.41813,10.00
0.183610,5.012635,0.495881,0.41810,10.00
0.183620,5.012884,0.493831,0.41807,10.00
0.183630,5.013038,0.491745,0.41805,10.00
0.183640,5.013095,0.489639,0.41804,10.00
0.183650,5.012982,0.487527,0.41803,10.00
0.183660,5.012474,0.485462,0.41805,10.00
0.183670,5.011876,0.483482,0.41806,10.00
0.183680,5.011195,0.481602,0.41809,10.00
0.183690,5.010434,0.479834,0.41812,10.00
0.183700,5.009713,0.478191,0.41815,10.00
0.183710,5.009375,0.476631,0.41816,10.00
0.183720,5.008970,0.475128,0.41817,10.00
0.183730,5.008500,0.473692,0.41819,10.00
0.183740,5.007969,0.472335,0.41821,10.00
0.183750,5.007087,0.471065,0.41823,10.00
0.183760,5.004982,0.470033,0.41833,10.00
0.183770,5.002848,0.469339,0.41843,10.00
0.183780,5.000703,0.468988,0.41854,10.00
0.183790,4.998560,0.468980,0.41864,10.00
0.183800,4.996490,0.469315,0.41875,10.00
0.183810,4.994666,0.469963,0.41885,10.00
0.183820,4.992888,0.470902,0.41894,10.00
0.183830,4.991168,0.472123,0.41903,10.00
0.183840,4.989519,0.473616,0.41913,10.00
0.183850,4.987886,0.475371,0.41921,10.00
0.183860,4.986084,0.477404,0.41932,10.00
0.183870,4.984390,0.479722,0.41941,10.00
0.183880,4.982816,0.482306,0.41951,10.00
0.183890,4.981373,0.485136,0.41959,10.00
0.183900,4.980429,0.488192,0.41968,10.00
0.183910,4.981057,0.491278,0.41966,10.00
0.183920,4.981819,0.494258,0.41964,10.00
0.183930,4.982710,0.497111,0.41961,10.00
0.183940,4.983721,0.499816,0.41957,10.00
0.183950,4.984314,0.502354,0.41953,10.00
0.183960,4.982895,0.504963,0.41962,10.00
0.183970,4.981606,0.507794,0.41970,10.00
0.183980,4.980457,0.510825,0.41977,10.00
0.183990,4.979456,0.514034,0.41984,10.00
0.184000,4.978857,0.517396,0.41990,10.00
0.184010,4.979400,0.520769,0.41989,10.00
0.184020,4.980092,0.524048,0.41987,10.00
0.184030,4.980926,0.527210,0.41985,10.00
0.184040,4.981896,0.530233,0.41982,10.00
0.184050,4.983200,0.533095,0.41978,10.00
0.184060,4.985443,0.535677,0.41968,10.00
0.184070,4.987783,0.537895,0.41957,10.00
0.184080,4.990203,0.539735,0.41946,10.00
0.184090,4.992685,0.541185,0.41935,10.00
0.184100,4.995074,0.542235,0.41922,10.00
0.184110,4.996947,0.542945,0.41913,10.00
0.184120,4.998835,0.543354,0.41904,10.00
0.184130,5.000725,0.543460,0.41895,10.00
0.184140,5.002603,0.543263,0.41885,10.00
0.184150,5.004611,0.542767,0.41876,10.00
0.184160,5.007198,0.541901,0.41862,10.00
0.184170,5.009722,0.540623,0.41849,10.00
0.184180,5.012166,0.538944,0.41836,10.00
0.184190,5.014513,0.536878,0.41823,10.00
0.184200,5.016615,0.534440,0.41810,10.00
0.184210,5.018072,0.531712,0.41802,10.00
0.184220,5.019393,0.528757,0.41793,10.00
0.184230,5.020569,0.525595,0.41786,10.00
0.184240,5.021590,0.522252,0.41779,10.00
0.184250,5.022302,0.518753,0.41773,10.00
0.184260,5.022259,0.515193,0.41771,10.00
0.184270,5.022054,0.511647,0.41770,10.00
0.184280,5.021690,0.508141,0.41770,10.00
0.184290,5.021171,0.504699,0.41770,10.00
0.184300,5.020594,0.501347,0.41772,10.00
0.184310,5.020242,0.498064,0.41772,10.00
0.184320,5.019744,0.494843,0.41773,10.00
0.184330,5.019105,0.491708,0.41774,10.00
0.184340,5.018329,0.488682,0.41776,10.00
0.184350,5.017107,0.485785,0.41779,10.00
0.184360,5.014503,0.483190,0.41791,10.00
0.184370,5.011805,0.481017,0.41803,10.00
0.184380,5.009033,0.479278,0.41816,10.00
0.184390,5.006206,0.477987,0.41830,10.00
0.184400,5.003884,0.477149,0.41844,10.00
0.184410,5.003686,0.476513,0.41844,10.00
0.184420,5.003462,0.475909,0.41845,10.00
0.184430,5.003212,0.475342,0.41846,10.00
0.184440,5.002939,0.474817,0.41847,10.00
0.184450,5.002524,0.474336,0.41848,10.00
0.184460,5.001614,0.473962,0.41853,10.00
0.184470,5.000694,0.473733,0.41857,10.00
0.184480,4.999772,0.473652,0.41862,10.00
0.184490,4.998855,0.473719,0.41866,10.00
0.184500,4.997774,0.473932,0.41871,10.00
0.184510,4.996013,0.474374,0.41880,10.00
0.184520,4.994288,0.475097,0.41889,10.00
0.184530,4.992611,0.476094,0.41898,10.00
0.184540,4.990994,0.477357,0.41907,10.00
0.184550,4.989608,0.478876,0.41916,10.00
0.184560,4.988939,0.480563,0.41920,10.00
0.184570,4.988353,0.482354,0.41924,10.00
0.184580,4.987853,0.484235,0.41927,10.00
0.184590,4.987443,0.486192,0.41930,10.00
0.184600,4.987248,0.488211,0.41933,10.00
0.184610,4.987635,0.490218,0.41932,10.00
0.184620,4.988109,0.492160,0.41931,10.00
0.184630,4.988667,0.494022,0.41929,10.00
0.184640,4.989305,0.495792,0.41927,10.00
0.184650,4.989834,0.497456,0.41924,10.00
0.184660,4.989705,0.499091,0.41926,10.00
0.184670,4.989650,0.500744,0.41927,10.00
0.184680,4.989671,0.502403,0.41928,10.00
0.184690,4.989767,0.504054,0.41928,10.00
0.184700,4.990046,0.505688,0.41928,10.00
0.184710,4.990833,0.507238,0.41925,10.00
0.184720,4.991684,0.508660,0.41922,10.00
0.184730,4.992591,0.509943,0.41918,10.00
0.184740,4.993549,0.511078,0.41914,10.00
0.184750,4.994468,0.512059,0.41909,10.00
0.184760,4.995103,0.512916,0.41906,10.00
0.184770,4.995771,0.513670,0.41904,10.00
0.184780,4.996467,0.514316,0.41900,10.00
0.184790,4.997187,0.514849,0.41897,10.00
0.184800,4.997852,0.515267,0.41894,10.00
0.184810,4.998242,0.515600,0.41892,10.00
0.184820,4.998643,0.515870,0.41890,10.00
0.184830,4.999054,0.516076,0.41888,10.00
0.184840,4.999470,0.516215,0.41886,10.00
0.184850,5.000046,0.516288,0.41884,10.00
0.184860,5.001251,0.516217,0.41878,10.00
0.184870,5.002441,0.515954,0.41872,10.00
0.184880,5.003610,0.515502,0.41866,10.00
0.184890,5.004747,0.514863,0.41860,10.00
0.184900,5.005781,0.514044,0.41854,10.00
0.184910,5.006515,0.513082,0.41849,10.00
0.184920,5.007200,0.512004,0.41845,10.00
0.184930,5.007829,0.510819,0.41842,10.00
0.184940,5.008398,0.509535,0.41838,10.00
0.184950,5.008701,0.508163,0.41835,10.00
0.184960,5.008127,0.506810,0.41837,10.00
0.184970,5.007497,0.505552,0.41839,10.00
0.184980,5.006816,0.504397,0.41842,10.00
0.184990,5.006088,0.503352,0.41845,10.00
0.185000,5.005604,0.502426,0.41849,10.00
0.185010,5.006219,0.501488,0.41845,10.00
0.185020,5.006786,0.500453,0.41842,10.00
0.185030,5.007301,0.499330,0.41838,10.00
0.185040,5.007761,0.498127,0.41835,10.00
0.185050,5.008038,0.496852,0.41833,10.00
0.185060,5.007759,0.495576,0.41833,10.00
0.185070,5.007426,0.494346,0.41834,10.00
0.185080,5.007039,0.493172,0.41836,10.00
0.185090,5.006603,0.492063,0.41837,10.00
0.185100,5.006037,0.491025,0.41839,10.00
0.185110,5.005098,0.490106,0.41843,10.00
0.185120,5.004126,0.489339,0.41848,10.00
0.185130,5.003128,0.488729,0.41853,10.00
0.185140,5.002111,0.488279,0.41857,10.00
0.185150,5.001099,0.487993,0.41862,10.00
0.185160,5.000149,0.487864,0.41867,10.00
0.185170,4.999202,0.487887,0.41872,10.00
0.185180,4.998264,0.488062,0.41877,10.00
0.185190,4.997342,0.488386,0.41881,10.00
0.185200,4.996394,0.488857,0.41886,10.00
0.185210,4.995283,0.489494,0.41892,10.00
0.185220,4.994210,0.490308,0.41898,10.00
0.185230,4.993184,0.491291,0.41904,10.00
0.185240,4.992211,0.492437,0.41909,10.00
0.185250,4.991399,0.493736,0.41914,10.00
0.185260,4.991049,0.495130,0.41917,10.00
0.185270,4.990766,0.496578,0.41919,10.00
0.185280,4.990552,0.498068,0.41921,10.00
0.185290,4.990406,0.499589,0.41923,10.00
0.185300,4.990309,0.501131,0.41924,10.00
0.185310,4.990191,0.502692,0.41925,10.00
0.185320,4.990146,0.504270,0.41926,10.00
0.185330,4.990172,0.505851,0.41927,10.00
0.185340,4.990270,0.507426,0.41927,10.00
0.185350,4.990474,0.508982,0.41927,10.00
0.185360,4.990889,0.510490,0.41926,10.00
0.185370,4.991369,0.511930,0.41925,10.00
0.185380,4.991909,0.513289,0.41923,10.00
0.185390,4.992507,0.514560,0.41920,10.00
0.185400,4.993094,0.515733,0.41918,10.00
0.185410,4.993480,0.516830,0.41916,10.00
0.185420,4.993911,0.517863,0.41915,10.00
0.185430,4.994386,0.518825,0.41913,10.00
0.185440,4.994900,0.519709,0.41911,10.00
0.185450,4.995287,0.520509,0.41908,10.00
0.185460,4.995056,0.521298,0.41910,10.00
0.185470,4.994863,0.522123,0.41911,10.00
0.185480,4.994709,0.522976,0.41913,10.00
0.185490,4.994596,0.523852,0.41914,10.00
0.185500,4.995106,0.524745,0.41914,10.00
0.185510,4.997974,0.525367,0.41900,10.00
0.185520,5.000846,0.525530,0.41886,10.00
0.185530,5.003699,0.525234,0.41872,10.00
0.185540,5.006514,0.524482,0.41857,10.00
0.185550,5.008969,0.523282,0.41843,10.00
0.185560,5.010151,0.521788,0.41836,10.00
0.185570,5.011255,0.520108,0.41830,10.00
0.185580,5.012273,0.518254,0.41823,10.00
0.185590,5.013198,0.516242,0.41818,10.00
0.185600,5.013952,0.514085,0.41812,10.00
0.185610,5.014319,0.511834,0.41809,10.00
0.185620,5.014581,0.509529,0.41807,10.00
0.185630,5.014736,0.507187,0.41805,10.00
0.185640,5.014783,0.504825,0.41803,10.00
0.185650,5.014817,0.502459,0.41802,10.00
0.185660,5.015116,0.500062,0.41799,10.00
0.185670,5.015304,0.497623,0.41797,10.00
0.185680,5.015379,0.495158,0.41795,10.00
0.185690,5.015342,0.492686,0.41794,10.00
0.185700,5.015114,0.490224,0.41794,10.00
0.185710,5.014457,0.487830,0.41796,10.00
0.185720,5.013697,0.485545,0.41798,10.00
0.185730,5.012840,0.483386,0.41801,10.00
0.185740,5.011893,0.481368,0.41805,10.00
0.185750,5.011029,0.479505,0.41809,10.00
0.185760,5.010750,0.477731,0.41810,10.00
0.185770,5.010392,0.476006,0.41810,10.00
0.185780,5.009960,0.474340,0.41812,10.00
0.185790,5.009456,0.472748,0.41813,10.00
0.185800,5.008518,0.471239,0.41815,10.00
0.185810,5.006061,0.470000,0.41827,10.00
0.185820,5.003571,0.469156,0.41839,10.00
0.185830,5.001064,0.468712,0.41851,10.00
0.185840,4.998559,0.468670,0.41864,10.00
0.185850,4.996213,0.469028,0.41877,10.00
0.185860,4.994452,0.469716,0.41886,10.00
0.185870,4.992739,0.470684,0.41895,10.00
0.185880,4.991084,0.471925,0.41904,10.00
0.185890,4.989501,0.473428,0.41913,10.00
0.185900,4.988016,0.475181,0.41921,10.00
0.185910,4.986691,0.477162,0.41929,10.00
0.185920,4.985468,0.479352,0.41936,10.00
0.185930,4.984355,0.481733,0.41943,10.00
0.185940,4.983360,0.484288,0.41949,10.00
0.185950,4.982378,0.486996,0.41955,10.00
0.185960,4.981086,0.489892,0.41963,10.00
0.185970,4.979936,0.492989,0.41971,10.00
0.185980,4.978937,0.496264,0.41978,10.00
0.185990,4.978096,0.499692,0.41984,10.00
0.186000,4.977726,0.503248,0.41989,10.00
0.186010,4.978749,0.506757,0.41986,10.00
0.186020,4.979922,0.510097,0.41982,10.00
0.186030,4.981237,0.513242,0.41977,10.00
0.186040,4.982682,0.516171,0.41971,10.00
0.186050,4.984224,0.518864,0.41965,10.00
0.186060,4.985780,0.521312,0.41958,10.00
0.186070,4.987434,0.523507,0.41951,10.00
0.186080,4.989172,0.525434,0.41944,10.00
0.186090,4.990983,0.527079,0.41935,10.00
0.186100,4.993073,0.528431,0.41927,10.00
0.186110,4.996090,0.529375,0.41912,10.00
0.186120,4.999122,0.529836,0.41897,10.00
0.186130,5.002149,0.529811,0.41882,10.00
0.186140,5.005147,0.529302,0.41867,10.00
0.186150,5.007776,0.528315,0.41851,10.00
0.186160,5.009060,0.527013,0.41844,10.00
0.186170,5.010274,0.525507,0.41837,10.00
0.186180,5.011409,0.523810,0.41831,10.00
0.186190,5.012456,0.521935,0.41825,10.00
0.186200,5.013589,0.519896,0.41819,10.00
0.186210,5.015337,0.517623,0.41809,10.00
0.186220,5.016966,0.515074,0.41799,10.00
0.186230,5.018466,0.512270,0.41790,10.00
0.186240,5.019824,0.509231,0.41782,10.00
0.186250,5.021017,0.505981,0.41774,10.00
0.186260,5.021991,0.502552,0.41767,10.00
0.186270,5.022800,0.498974,0.41761,10.00
0.186280,5.023440,0.495273,0.41756,10.00
0.186290,5.023907,0.491478,0.41751,10.00
0.186300,5.024182,0.487615,0.41748,10.00
0.186310,5.024223,0.483720,0.41746,10.00
0.186320,5.024086,0.479826,0.41744,10.00
0.186330,5.023774,0.475962,0.41744,10.00
0.186340,5.023290,0.472155,0.41744,10.00
0.186350,5.022596,0.468433,0.41745,10.00
0.186360,5.021579,0.464842,0.41748,10.00
0.186370,5.020409,0.461420,0.41752,10.00
0.186380,5.019093,0.458193,0.41757,10.00
0.186390,5.017643,0.455182,0.41763,10.00
0.186400,5.015892,0.452409,0.41769,10.00
0.186410,5.013322,0.449978,0.41781,10.00
0.186420,5.010666,0.447962,0.41793,10.00
0.186430,5.007941,0.446375,0.41806,10.00
0.186440,5.005169,0.445227,0.41819,10.00
0.186450,5.002757,0.444525,0.41833,10.00
0.186460,5.001882,0.444085,0.41837,10.00
0.186470,5.000995,0.443786,0.41841,10.00
0.186480,5.000102,0.443630,0.41846,10.00
0.186490,4.999210,0.443617,0.41850,10.00
0.186500,4.997947,0.443747,0.41855,10.00
0.186510,4.995198,0.444200,0.41869,10.00
0.186520,4.992493,0.445091,0.41883,10.00
0.186530,4.989853,0.446413,0.41897,10.00
0.186540,4.987296,0.448155,0.41910,10.00
0.186550,4.985050,0.450302,0.41924,10.00
0.186560,4.983752,0.452737,0.41932,10.00
0.186570,4.982576,0.455376,0.41939,10.00
0.186580,4.981530,0.458198,0.41946,10.00
0.186590,4.980621,0.461181,0.41952,10.00
0.186600,4.979806,0.464304,0.41958,10.00
0.186610,4.978941,0.467568,0.41964,10.00
0.186620,4.978231,0.470964,0.41969,10.00
0.186630,4.977682,0.474466,0.41974,10.00
0.186640,4.977297,0.478050,0.41978,10.00
0.186650,4.976766,0.481689,0.41981,10.00
0.186660,4.975167,0.485505,0.41991,10.00
0.186670,4.973754,0.489569,0.42000,10.00
0.186680,4.972539,0.493852,0.42009,10.00
0.186690,4.971528,0.498320,0.42016,10.00
0.186700,4.971191,0.502941,0.42023,10.00
0.186710,4.972906,0.507459,0.42016,10.00
0.186720,4.974810,0.511695,0.42009,10.00
0.186730,4.976889,0.515618,0.42001,10.00
0.186740,4.979128,0.519201,0.41992,10.00
0.186750,4.981251,0.522420,0.41982,10.00
0.186760,4.982470,0.525376,0.41977,10.00
0.186770,4.983813,0.528131,0.41972,10.00
0.186780,4.985269,0.530666,0.41966,10.00
0.186790,4.986827,0.532964,0.41959,10.00
0.186800,4.988680,0.535008,0.41952,10.00
0.186810,4.991426,0.536686,0.41939,10.00
0.186820,4.994223,0.537922,0.41926,10.00
0.186830,4.997052,0.538708,0.41912,10.00
0.186840,4.999892,0.539040,0.41898,10.00
0.186850,5.002389,0.538918,0.41884,10.00
0.186860,5.003539,0.538503,0.41878,10.00
0.186870,5.004659,0.537905,0.41872,10.00
0.186880,5.005743,0.537129,0.41866,10.00
0.186890,5.006781,0.536181,0.41860,10.00
0.186900,5.007918,0.535068,0.41855,10.00
0.186910,5.009597,0.533727,0.41846,10.00
0.186920,5.011200,0.532121,0.41837,10.00
0.186930,5.012716,0.530261,0.41828,10.00
0.186940,5.014135,0.528162,0.41820,10.00
0.186950,5.015211,0.525841,0.41812,10.00
0.186960,5.015240,0.523427,0.41811,10.00
0.186970,5.015159,0.521012,0.41810,10.00
0.186980,5.014969,0.518616,0.41809,10.00
0.186990,5.014673,0.516253,0.41809,10.00
0.187000,5.014297,0.513943,0.41810,10.00
0.187010,5.013924,0.511689,0.41811,10.00
0.187020,5.013452,0.509498,0.41812,10.00
0.187030,5.012884,0.507388,0.41814,10.00
0.187040,5.012226,0.505371,0.41816,10.00
0.187050,5.011749,0.503464,0.41819,10.00
0.187060,5.012254,0.501551,0.41815,10.00
0.187070,5.012667,0.499562,0.41812,10.00
0.187080,5.012987,0.497510,0.41809,10.00
0.187090,5.013211,0.495411,0.41807,10.00
0.187100,5.013162,0.493280,0.41805,10.00
0.187110,5.012321,0.491217,0.41808,10.00
0.187120,5.011394,0.489292,0.41812,10.00
0.187130,5.010388,0.487520,0.41816,10.00
0.187140,5.009311,0.485911,0.41820,10.00
0.187150,5.008063,0.484478,0.41825,10.00
0.187160,5.006334,0.483281,0.41833,10.00
0.187170,5.004566,0.482363,0.41842,10.00
0.187180,5.002772,0.481729,0.41850,10.00
0.187190,5.000966,0.481383,0.41859,10.00
0.187200,4.999090,0.481327,0.41868,10.00
0.187210,4.996949,0.481593,0.41879,10.00
0.187220,4.994839,0.482200,0.41890,10.00
0.187230,4.992775,0.483144,0.41901,10.00
0.187240,4.990773,0.484416,0.41911,10.00
0.187250,4.989207,0.486005,0.41922,10.00
0.187260,4.989163,0.487726,0.41923,10.00
0.187270,4.989198,0.489451,0.41924,10.00
0.187280,4.989311,0.491167,0.41924,10.00
0.187290,4.989500,0.492862,0.41924,10.00
0.187300,4.989579,0.494523,0.41924,10.00
0.187310,4.988993,0.496228,0.41928,10.00
0.187320,4.988489,0.498023,0.41931,10.00
0.187330,4.988072,0.499896,0.41934,10.00
0.187340,4.987743,0.501831,0.41937,10.00
0.187350,4.987653,0.503816,0.41939,10.00
0.187360,4.988248,0.505763,0.41937,10.00
0.187370,4.988926,0.507611,0.41935,10.00
0.187380,4.989682,0.509347,0.41932,10.00
0.187390,4.990510,0.510959,0.41929,10.00
0.187400,4.991242,0.512436,0.41925,10.00
0.187410,4.991391,0.513845,0.41925,10.00
0.187420,4.991603,0.515227,0.41925,10.00
0.187430,4.991875,0.516572,0.41924,10.00
0.187440,4.992206,0.517871,0.41923,10.00
0.187450,4.992567,0.519115,0.41922,10.00
0.187460,4.992880,0.520307,0.41921,10.00
0.187470,4.993245,0.521446,0.41920,10.00
0.187480,4.993658,0.522524,0.41918,10.00
0.187490,4.994116,0.523535,0.41917,10.00
0.187500,4.994911,0.524470,0.41915,10.00
0.187510,4.996916,0.525182,0.41905,10.00
0.187520,4.998936,0.525572,0.41895,10.00
0.187530,5.000955,0.525638,0.41885,10.00
0.187540,5.002960,0.525382,0.41875,10.00
0.187550,5.004743,0.524805,0.41865,10.00
0.187560,5.005724,0.524006,0.41859,10.00
0.187570,5.006659,0.523051,0.41854,10.00
0.187580,5.007543,0.521949,0.41849,10.00
0.187590,5.008369,0.520707,0.41844,10.00
0.187600,5.009105,0.519335,0.41840,10.00
0.187610,5.009664,0.517858,0.41836,10.00
0.187620,5.010152,0.516293,0.41833,10.00
0.187630,5.010565,0.514654,0.41830,10.00
0.187640,5.010899,0.512951,0.41827,10.00
0.187650,5.011225,0.511199,0.41825,10.00
0.187660,5.011757,0.509374,0.41821,10.00
0.187670,5.012200,0.507468,0.41818,10.00
0.187680,5.012554,0.505495,0.41815,10.00
0.187690,5.012815,0.503469,0.41813,10.00
0.187700,5.012897,0.501405,0.41811,10.00
0.187710,5.012551,0.499359,0.41811,10.00
0.187720,5.012114,0.497372,0.41813,10.00
0.187730,5.011592,0.495459,0.41814,10.00
0.187740,5.010987,0.493633,0.41816,10.00
0.187750,5.010197,0.491907,0.41819,10.00
0.187760,5.008902,0.490346,0.41824,10.00
0.187770,5.007548,0.488994,0.41830,10.00
0.187780,5.006145,0.487861,0.41837,10.00
0.187790,5.004703,0.486955,0.41843,10.00
0.187800,5.003447,0.486281,0.41850,10.00
0.187810,5.003021,0.485741,0.41852,10.00
0.187820,5.002575,0.485270,0.41854,10.00
0.187830,5.002111,0.484872,0.41856,10.00
0.187840,5.001633,0.484548,0.41859,10.00
0.187850,5.001274,0.484301,0.41861,10.00
0.187860,5.001421,0.484071,0.41860,10.00
0.187870,5.001557,0.483818,0.41859,10.00
0.187880,5.001679,0.483544,0.41858,10.00
0.187890,5.001789,0.483251,0.41858,10.00
0.187900,5.001764,0.482941,0.41857,10.00
0.187910,5.001252,0.482674,0.41860,10.00
0.187920,5.000732,0.482490,0.41862,10.00
0.187930,5.000208,0.482389,0.41865,10.00
0.187940,4.999685,0.482371,0.41867,10.00
0.187950,4.999185,0.482438,0.41870,10.00
0.187960,4.998772,0.482578,0.41872,10.00
0.187970,4.998370,0.482784,0.41874,10.00
0.187980,4.997980,0.483054,0.41876,10.00
0.187990,4.997605,0.483386,0.41878,10.00
0.188000,4.996932,0.483777,0.41880,10.00
0.188010,4.995017,0.484376,0.41890,10.00
0.188020,4.993146,0.485281,0.41900,10.00
0.188030,4.991332,0.486483,0.41910,10.00
0.188040,4.989589,0.487972,0.41919,10.00
0.188050,4.987974,0.489737,0.41929,10.00
0.188060,4.986633,0.491743,0.41937,10.00
0.188070,4.985393,0.493959,0.41944,10.00
0.188080,4.984266,0.496369,0.41951,10.00
0.188090,4.983258,0.498954,0.41957,10.00
0.188100,4.982561,0.501696,0.41963,10.00
0.188110,4.982736,0.504484,0.41964,10.00
0.188120,4.983035,0.507238,0.41964,10.00
0.188130,4.983457,0.509940,0.41963,10.00
0.188140,4.983997,0.512569,0.41962,10.00
0.188150,4.984625,0.515107,0.41960,10.00
0.188160,4.985253,0.517548,0.41958,10.00
0.188170,4.985987,0.519884,0.41956,10.00
0.188180,4.986820,0.522098,0.41953,10.00
0.188190,4.987747,0.524174,0.41949,10.00
0.188200,4.988617,0.526099,0.41945,10.00
0.188210,4.989002,0.527925,0.41944,10.00
0.188220,4.989466,0.529687,0.41943,10.00
0.188230,4.990006,0.531371,0.41941,10.00
0.188240,4.990617,0.532965,0.41939,10.00
0.188250,4.991598,0.534459,0.41936,10.00
0.188260,4.993840,0.535696,0.41926,10.00
0.188270,4.996119,0.536572,0.41915,10.00
0.188280,4.998417,0.537082,0.41904,10.00
0.188290,5.000718,0.537224,0.41892,10.00
0.188300,5.002519,0.536997,0.41881,10.00
0.188310,5.002356,0.536639,0.41881,10.00
0.188320,5.002178,0.536307,0.41882,10.00
0.188330,5.001987,0.536004,0.41883,10.00
0.188340,5.001784,0.535732,0.41884,10.00
0.188350,5.001918,0.535493,0.41884,10.00
0.188360,5.003429,0.535121,0.41877,10.00
0.188370,5.004910,0.534508,0.41869,10.00
0.188380,5.006350,0.533659,0.41861,10.00
0.188390,5.007738,0.532582,0.41854,10.00
0.188400,5.008955,0.531285,0.41846,10.00
0.188410,5.009661,0.529831,0.41842,10.00
0.188420,5.010295,0.528268,0.41838,10.00
0.188430,5.010852,0.526605,0.41834,10.00
0.188440,5.011329,0.524857,0.41831,10.00
0.188450,5.011771,0.523036,0.41828,10.00
0.188460,5.012325,0.521131,0.41824,10.00
0.188470,5.012788,0.519142,0.41821,10.00
0.188480,5.013156,0.517082,0.41818,10.00
0.188490,5.013427,0.514968,0.41815,10.00
0.188500,5.013637,0.512814,0.41813,10.00
0.188510,5.013891,0.510619,0.41811,10.00
0.188520,5.014044,0.508388,0.41809,10.00
0.188530,5.014094,0.506136,0.41807,10.00
0.188540,5.014042,0.503881,0.41806,10.00
0.188550,5.013881,0.501638,0.41806,10.00
0.188560,5.013592,0.499428,0.41806,10.00
0.188570,5.013205,0.497268,0.41807,10.00
0.188580,5.012724,0.495174,0.41808,10.00
0.188590,5.012151,0.493162,0.41810,10.00
0.188600,5.011375,0.491244,0.41812,10.00
0.188610,5.010048,0.489492,0.41818,10.00
0.188620,5.008653,0.487956,0.41824,10.00
0.188630,5.007201,0.486645,0.41831,10.00
0.188640,5.005703,0.485569,0.41837,10.00
0.188650,5.004460,0.484735,0.41845,10.00
0.188660,5.004349,0.484008,0.41845,10.00
0.188670,5.004206,0.483300,0.41845,10.00
0.188680,5.004032,0.482616,0.41846,10.00
0.188690,5.003829,0.481962,0.41846,10.00
0.188700,5.003407,0.481341,0.41847,10.00
0.188710,5.002199,0.480851,0.41853,10.00
0.188720,5.000979,0.480554,0.41859,10.00
0.188730,4.999757,0.480453,0.41865,10.00
0.188740,4.998541,0.480548,0.41871,10.00
0.188750,4.997325,0.480837,0.41877,10.00
0.188760,4.996073,0.481325,0.41884,10.00
0.188770,4.994855,0.482012,0.41890,10.00
0.188780,4.993678,0.482892,0.41897,10.00
0.188790,4.992552,0.483959,0.41903,10.00
0.188800,4.991706,0.485204,0.41909,10.00
0.188810,4.991809,0.486510,0.41909,10.00
0.188820,4.991971,0.487798,0.41909,10.00
0.188830,4.992189,0.489057,0.41909,10.00
0.188840,4.992463,0.490279,0.41908,10.00
0.188850,4.992514,0.491456,0.41907,10.00
0.188860,4.991521,0.492710,0.41913,10.00
0.188870,4.990594,0.494120,0.41918,10.00
0.188880,4.989739,0.495675,0.41923,10.00
0.188890,4.988962,0.497365,0.41928,10.00
0.188900,4.988320,0.499175,0.41932,10.00
0.188910,4.987971,0.501068,0.41935,10.00
0.188920,4.987711,0.503013,0.41938,10.00
0.188930,4.987541,0.504996,0.41940,10.00
0.188940,4.987463,0.507003,0.41941,10.00
0.188950,4.987504,0.509017,0.41942,10.00
0.188960,4.987747,0.511013,0.41942,10.00
0.188970,4.988078,0.512966,0.41941,10.00
0.188980,4.988495,0.514862,0.41940,10.00
0.188990,4.988994,0.516688,0.41939,10.00
0.189000,4.989494,0.518430,0.41937,10.00
0.189010,4.989757,0.520114,0.41936,10.00
0.189020,4.990095,0.521753,0.41936,10.00
0.189030,4.990504,0.523334,0.41934,10.00
0.189040,4.990981,0.524847,0.41933,10.00
0.189050,4.991756,0.526281,0.41931,10.00
0.189060,4.993514,0.527514,0.41923,10.00
0.189070,4.995314,0.528463,0.41914,10.00
0.189080,4.997140,0.529122,0.41905,10.00
0.189090,4.998980,0.529489,0.41896,10.00
0.189100,5.000814,0.529560,0.41887,10.00
0.189110,5.002613,0.529340,0.41878,10.00
0.189120,5.004386,0.528833,0.41869,10.00
0.189130,5.006120,0.528044,0.41860,10.00
0.189140,5.007803,0.526979,0.41851,10.00
0.189150,5.009287,0.525646,0.41842,10.00
0.189160,5.010158,0.524123,0.41837,10.00
0.189170,5.010952,0.522463,0.41832,10.00
0.189180,5.011664,0.520679,0.41827,10.00
0.189190,5.012289,0.518784,0.41823,10.00
0.189200,5.012973,0.516794,0.41819,10.00
0.189210,5.014162,0.514649,0.41812,10.00
0.189220,5.015243,0.512319,0.41806,10.00
0.189230,5.016209,0.509820,0.41799,10.00
0.189240,5.017053,0.507172,0.41794,10.00
0.189250,5.017512,0.504394,0.41789,10.00
0.189260,5.016811,0.501631,0.41791,10.00
0.189270,5.015991,0.498985,0.41793,10.00
0.189280,5.015059,0.496475,0.41797,10.00
0.189290,5.014021,0.494118,0.41800,10.00
0.189300,5.012939,0.491933,0.41805,10.00
0.189310,5.011980,0.489907,0.41809,10.00
0.189320,5.010938,0.488038,0.41813,10.00
0.189330,5.009821,0.486340,0.41818,10.00
0.189340,5.008636,0.484823,0.41823,10.00
0.189350,5.007353,0.483499,0.41828,10.00
0.189360,5.005863,0.482396,0.41835,10.00
0.189370,5.004336,0.481532,0.41842,10.00
0.189380,5.002783,0.480915,0.41850,10.00
0.189390,5.001216,0.480546,0.41857,10.00
0.189400,4.999701,0.480429,0.41865,10.00
0.189410,4.998415,0.480537,0.41872,10.00
0.189420,4.997146,0.480850,0.41878,10.00
0.189430,4.995901,0.481366,0.41885,10.00
0.189440,4.994692,0.482079,0.41891,10.00
0.189450,4.993600,0.482985,0.41898,10.00
0.189460,4.992856,0.484039,0.41902,10.00
0.189470,4.992166,0.485210,0.41906,10.00
0.189480,4.991536,0.486490,0.41910,10.00
0.189490,4.990970,0.487868,0.41913,10.00
0.189500,4.990383,0.489333,0.41917,10.00
0.189510,4.989515,0.490918,0.41922,10.00
0.189520,4.988728,0.492639,0.41927,10.00
0.189530,4.988025,0.494482,0.41931,10.00
0.189540,4.987413,0.496434,0.41935,10.00
0.189550,4.986872,0.498480,0.41939,10.00
0.189560,4.986340,0.500616,0.41943,10.00
0.189570,4.985909,0.502833,0.41946,10.00
0.189580,4.985583,0.505114,0.41949,10.00
0.189590,4.985363,0.507443,0.41952,10.00
0.189600,4.985247,0.509803,0.41953,10.00
0.189610,4.985223,0.512178,0.41955,10.00
0.189620,4.985308,0.514552,0.41956,10.00
0.189630,4.985499,0.516908,0.41956,10.00
0.189640,4.985795,0.519229,0.41956,10.00
0.189650,4.986185,0.521497,0.41955,10.00
0.189660,4.986635,0.523703,0.41954,10.00
0.189670,4.987181,0.525832,0.41952,10.00
0.189680,4.987819,0.527869,0.41950,10.00
0.189690,4.988543,0.529801,0.41948,10.00
0.189700,4.989567,0.531613,0.41945,10.00
0.189710,4.991532,0.533188,0.41936,10.00
0.189720,4.993551,0.534446,0.41926,10.00
0.189730,4.995609,0.535378,0.41916,10.00
0.189740,4.997691,0.535980,0.41906,10.00
0.189750,4.999770,0.536248,0.41896,10.00
0.189760,5.001798,0.536187,0.41886,10.00
0.189770,5.003805,0.535802,0.41875,10.00
0.189780,5.005776,0.535096,0.41865,10.00
0.189790,5.007698,0.534077,0.41855,10.00
0.189800,5.009542,0.532752,0.41845,10.00
0.189810,5.011250,0.531140,0.41836,10.00
0.189820,5.012870,0.529257,0.41826,10.00
0.189830,5.014390,0.527120,0.41818,10.00
0.189840,5.015800,0.524743,0.41809,10.00
0.189850,5.017000,0.522146,0.41801,10.00
0.189860,5.017720,0.519390,0.41796,10.00
0.189870,5.018308,0.516525,0.41792,10.00
0.189880,5.018761,0.513571,0.41788,10.00
0.189890,5.019076,0.510550,0.41785,10.00
0.189900,5.019414,0.507484,0.41782,10.00
0.189910,5.020260,0.504319,0.41776,10.00
0.189920,5.020954,0.501024,0.41771,10.00
0.189930,5.021494,0.497624,0.41766,10.00
0.189940,5.021874,0.494145,0.41763,10.00
0.189950,5.021991,0.490612,0.41760,10.00
0.189960,5.021543,0.487100,0.41760,10.00
0.189970,5.020940,0.483666,0.41761,10.00
0.189980,5.020186,0.480335,0.41763,10.00
0.189990,5.019288,0.477131,0.41766,10.00
0.190000,5.018484,0.474077,0.41769,10.00
0.190010,5.018474,0.471083,0.41768,10.00
0.190020,5.018328,0.468096,0.41767,10.00
0.190030,5.018048,0.465139,0.41767,10.00
0.190040,5.017636,0.462233,0.41767,10.00
0.190050,5.016834,0.459398,0.41768,10.00
0.190060,5.014867,0.456780,0.41777,10.00
0.190070,5.012798,0.454483,0.41786,10.00
0.190080,5.010643,0.452521,0.41796,10.00
0.190090,5.008418,0.450907,0.41806,10.00
0.190100,5.006113,0.449652,0.41817,10.00
0.190110,5.003663,0.448777,0.41828,10.00
0.190120,5.001195,0.448295,0.41841,10.00
0.190130,4.998727,0.448209,0.41853,10.00
0.190140,4.996277,0.448517,0.41865,10.00
0.190150,4.994058,0.449217,0.41878,10.00
0.190160,4.992671,0.450208,0.41885,10.00
0.190170,4.991340,0.451418,0.41893,10.00
0.190180,4.990077,0.452839,0.41900,10.00
0.190190,4.988889,0.454460,0.41907,10.00
0.190200,4.987462,0.456268,0.41913,10.00
0.190210,4.984839,0.458404,0.41928,10.00
0.190220,4.982337,0.460955,0.41941,10.00
0.190230,4.979973,0.463901,0.41955,10.00
0.190240,4.977763,0.467220,0.41968,10.00
0.190250,4.975911,0.470885,0.41980,10.00
0.190260,4.974988,0.474780,0.41987,10.00
0.190270,4.974249,0.478815,0.41993,10.00
0.190280,4.973700,0.482960,0.41998,10.00
0.190290,4.973344,0.487185,0.42002,10.00
0.190300,4.973115,0.491460,0.42005,10.00
0.190310,4.972812,0.495784,0.42009,10.00
0.190320,4.972708,0.500148,0.42012,10.00
0.190330,4.972803,0.504520,0.42014,10.00
0.190340,4.973096,0.508869,0.42014,10.00
0.190350,4.973588,0.513163,0.42014,10.00
0.190360,4.974293,0.517368,0.42013,10.00
0.190370,4.975182,0.521452,0.42011,10.00
0.190380,4.976248,0.525386,0.42008,10.00
0.190390,4.977483,0.529143,0.42004,10.00
0.190400,4.978995,0.532694,0.41999,10.00
0.190410,4.981124,0.535959,0.41990,10.00
0.190420,4.983381,0.538878,0.41980,10.00
0.190430,4.985751,0.541430,0.41969,10.00
0.190440,4.988216,0.543598,0.41958,10.00
0.190450,4.990972,0.545368,0.41946,10.00
0.190460,4.994643,0.546625,0.41929,10.00
0.190470,4.998338,0.547293,0.41911,10.00
0.190480,5.002031,0.547369,0.41892,10.00
0.190490,5.005694,0.546855,0.41873,10.00
0.190500,5.009193,0.545756,0.41855,10.00
0.190510,5.012179,0.544134,0.41839,10.00
0.190520,5.015066,0.542038,0.41823,10.00
0.190530,5.017832,0.539484,0.41808,10.00
0.190540,5.020457,0.536494,0.41793,10.00
0.190550,5.022797,0.533089,0.41779,10.00
0.190560,5.024455,0.529358,0.41769,10.00
0.190570,5.025930,0.525368,0.41759,10.00
0.190580,5.027210,0.521150,0.41750,10.00
0.190590,5.028288,0.516736,0.41743,10.00
0.190600,5.029045,0.512158,0.41736,10.00
0.190610,5.029142,0.507504,0.41733,10.00
0.190620,5.029028,0.502842,0.41731,10.00
0.190630,5.028703,0.498208,0.41730,10.00
0.190640,5.028171,0.493635,0.41730,10.00
0.190650,5.027475,0.489156,0.41731,10.00
0.190660,5.026739,0.484784,0.41733,10.00
0.190670,5.025810,0.480538,0.41735,10.00
0.190680,5.024698,0.476449,0.41738,10.00
0.190690,5.023409,0.472545,0.41743,10.00
0.190700,5.022024,0.468855,0.41748,10.00
0.190710,5.020757,0.465372,0.41752,10.00
0.190720,5.019342,0.462098,0.41758,10.00
0.190730,5.017792,0.459057,0.41764,10.00
0.190740,5.016118,0.456269,0.41771,10.00
0.190750,5.014090,0.453754,0.41778,10.00
0.190760,5.011000,0.451646,0.41793,10.00
0.190770,5.007842,0.450036,0.41808,10.00
0.190780,5.004639,0.448935,0.41823,10.00
0.190790,5.001415,0.448347,0.41839,10.00
0.190800,4.998219,0.448276,0.41855,10.00
0.190810,4.995153,0.448707,0.41871,10.00
0.190820,4.992134,0.449628,0.41886,10.00
0.190830,4.989184,0.451030,0.41902,10.00
0.190840,4.986324,0.452901,0.41917,10.00
0.190850,4.983603,0.455225,0.41932,10.00
0.190860,4.981125,0.457971,0.41946,10.00
0.190870,4.978794,0.461108,0.41960,10.00
0.190880,4.976625,0.464611,0.41972,10.00
0.190890,4.974635,0.468454,0.41984,10.00
0.190900,4.972919,0.472608,0.41996,10.00
0.190910,4.971735,0.477003,0.42004,10.00
0.190920,4.970759,0.481578,0.42011,10.00
0.190930,4.970001,0.486300,0.42018,10.00
0.190940,4.969463,0.491135,0.42023,10.00
0.190950,4.969308,0.496046,0.42027,10.00
0.190960,4.970015,0.500921,0.42026,10.00
0.190970,4.970936,0.505674,0.42024,10.00
0.190980,4.972065,0.510271,0.42021,10.00
0.190990,4.973392,0.514679,0.42017,10.00
0.191000,4.974811,0.518866,0.42012,10.00
0.191010,4.976024,0.522849,0.42008,10.00
0.191020,4.977407,0.526630,0.42003,10.00
0.191030,4.978949,0.530183,0.41997,10.00
0.191040,4.980639,0.533482,0.41990,10.00
0.191050,4.982371,0.536505,0.41983,10.00
0.191060,4.983858,0.539275,0.41977,10.00
0.191070,4.985458,0.541801,0.41970,10.00
0.191080,4.987158,0.544067,0.41963,10.00
0.191090,4.988945,0.546056,0.41955,10.00
0.191100,4.990893,0.547756,0.41947,10.00
0.191110,4.993247,0.549113,0.41936,10.00
0.191120,4.995642,0.550092,0.41924,10.00
0.191130,4.998059,0.550685,0.41912,10.00
0.191140,5.000483,0.550891,0.41900,10.00
0.191150,5.002989,0.550709,0.41888,10.00
0.191160,5.005845,0.550096,0.41874,10.00
0.191170,5.008649,0.549027,0.41859,10.00
0.191180,5.011378,0.547512,0.41844,10.00
0.191190,5.014015,0.545564,0.41830,10.00
0.191200,5.016473,0.543198,0.41816,10.00
0.191210,5.018531,0.540465,0.41804,10.00
0.191220,5.020447,0.537409,0.41793,10.00
0.191230,5.022208,0.534051,0.41782,10.00
0.191240,5.023800,0.530419,0.41772,10.00
0.191250,5.025254,0.526539,0.41763,10.00
0.191260,5.026675,0.522422,0.41754,10.00
0.191270,5.027898,0.518085,0.41745,10.00
0.191280,5.028912,0.513561,0.41738,10.00
0.191290,5.029713,0.508884,0.41731,10.00
0.191300,5.030257,0.504087,0.41726,10.00
0.191310,5.030427,0.499225,0.41722,10.00
0.191320,5.030375,0.494346,0.41720,10.00
0.191330,5.030102,0.489484,0.41719,10.00
0.191340,5.029611,0.484675,0.41718,10.00
0.191350,5.028948,0.479953,0.41719,10.00
0.191360,5.028243,0.475334,0.41720,10.00
0.191370,5.027335,0.470836,0.41723,10.00
0.191380,5.026231,0.466492,0.41726,10.00
0.191390,5.024940,0.462333,0.41730,10.00
0.191400,5.023592,0.458388,0.41735,10.00
0.191410,5.022557,0.454628,0.41738,10.00
0.191420,5.021361,0.451041,0.41742,10.00
0.191430,5.020014,0.447652,0.41747,10.00
0.191440,5.018524,0.444485,0.41753,10.00
0.191450,5.016538,0.441563,0.41760,10.00
0.191460,5.012977,0.439081,0.41776,10.00
0.191470,5.009336,0.437174,0.41793,10.00
0.191480,5.005640,0.435852,0.41811,10.00
0.191490,5.001917,0.435123,0.41829,10.00
0.191500,4.998604,0.434991,0.41848,10.00
0.191510,4.996942,0.435259,0.41856,10.00
0.191520,4.995307,0.435791,0.41865,10.00
0.191530,4.993711,0.436585,0.41873,10.00
0.191540,4.992166,0.437632,0.41882,10.00
0.191550,4.990543,0.438924,0.41890,10.00
0.191560,4.988443,0.440518,0.41901,10.00
0.191570,4.986434,0.442444,0.41912,10.00
0.191580,4.984531,0.444689,0.41923,10.00
0.191590,4.982746,0.447233,0.41934,10.00
0.191600,4.980996,0.450058,0.41943,10.00
0.191610,4.979007,0.453188,0.41955,10.00
0.191620,4.977177,0.456630,0.41966,10.00
0.191630,4.975519,0.460358,0.41976,10.00
0.191640,4.974046,0.464344,0.41986,10.00
0.191650,4.972760,0.468558,0.41995,10.00
0.191660,4.971653,0.472972,0.42003,10.00
0.191670,4.970756,0.477554,0.42010,10.00
0.191680,4.970075,0.482271,0.42016,10.00
0.191690,4.969613,0.487087,0.42021,10.00
0.191700,4.969142,0.491969,0.42024,10.00
0.191710,4.967973,0.496990,0.42033,10.00
0.191720,4.967042,0.502188,0.42041,10.00
0.191730,4.966355,0.507525,0.42047,10.00
0.191740,4.965916,0.512962,0.42052,10.00
0.191750,4.965819,0.518458,0.42056,10.00
0.191760,4.966338,0.523930,0.42056,10.00
0.191770,4.967101,0.529308,0.42055,10.00
0.191780,4.968100,0.534554,0.42053,10.00
0.191790,4.969329,0.539630,0.42050,10.00
0.191800,4.971004,0.544499,0.42045,10.00
0.191810,4.973788,0.549019,0.42034,10.00
0.191820,4.976752,0.553085,0.42021,10.00
0.191830,4.979874,0.556669,0.42007,10.00
0.191840,4.983130,0.559747,0.41993,10.00
0.191850,4.986646,0.562299,0.41977,10.00
0.191860,4.990837,0.564236,0.41957,10.00
0.191870,4.995078,0.565499,0.41937,10.00
0.191880,4.999339,0.566082,0.41916,10.00
0.191890,5.003589,0.565982,0.41894,10.00
0.191900,5.007362,0.565204,0.41873,10.00
0.191910,5.009337,0.563962,0.41862,10.00
0.191920,5.011239,0.562407,0.41852,10.00
0.191930,5.013053,0.560550,0.41842,10.00
0.191940,5.014767,0.558407,0.41832,10.00
0.191950,5.016532,0.555994,0.41823,10.00
0.191960,5.018823,0.553251,0.41810,10.00
0.191970,5.020970,0.550146,0.41797,10.00
0.191980,5.022957,0.546704,0.41785,10.00
0.191990,5.024770,0.542951,0.41774,10.00
0.192000,5.026643,0.538916,0.41764,10.00
0.192010,5.029293,0.534510,0.41748,10.00
0.192020,5.031721,0.529689,0.41733,10.00
0.192030,5.033908,0.524489,0.41720,10.00
0.192040,5.035840,0.518949,0.41707,10.00
0.192050,5.037148,0.513111,0.41695,10.00
0.192060,5.036762,0.507189,0.41694,10.00
0.192070,5.036110,0.501341,0.41694,10.00
0.192080,5.035200,0.495607,0.41696,10.00
0.192090,5.034037,0.490030,0.41698,10.00
0.192100,5.032842,0.484650,0.41702,10.00
0.192110,5.032250,0.479404,0.41703,10.00
0.192120,5.031426,0.474262,0.41704,10.00
0.192130,5.030375,0.469263,0.41706,10.00
0.192140,5.029108,0.464440,0.41710,10.00
0.192150,5.027640,0.459830,0.41715,10.00
0.192160,5.026003,0.455462,0.41721,10.00
0.192170,5.024182,0.451363,0.41728,10.00
0.192180,5.022192,0.447564,0.41736,10.00
0.192190,5.020048,0.444090,0.41745,10.00
0.192200,5.017722,0.440965,0.41754,10.00
0.192210,5.015107,0.438233,0.41766,10.00
0.192220,5.012391,0.435923,0.41778,10.00
0.192230,5.009594,0.434053,0.41791,10.00
0.192240,5.006738,0.432633,0.41805,10.00
0.192250,5.003746,0.431673,0.41819,10.00
0.192260,5.000351,0.431224,0.41836,10.00
0.192270,4.996965,0.431319,0.41853,10.00
0.192280,4.993614,0.431955,0.41870,10.00
0.192290,4.990322,0.433125,0.41887,10.00
0.192300,4.987411,0.434820,0.41904,10.00
0.192310,4.985791,0.436881,0.41913,10.00
0.192320,4.984280,0.439198,0.41922,10.00
0.192330,4.982887,0.441752,0.41931,10.00
0.192340,4.981622,0.444524,0.41938,10.00
0.192350,4.980185,0.447493,0.41946,10.00
0.192360,4.977662,0.450785,0.41960,10.00
0.192370,4.975310,0.454475,0.41974,10.00
0.192380,4.973147,0.458533,0.41987,10.00
0.192390,4.971187,0.462929,0.41999,10.00
0.192400,4.969347,0.467630,0.42010,10.00
0.192410,4.967350,0.472648,0.42023,10.00
0.192420,4.965597,0.477975,0.42035,10.00
0.192430,4.964102,0.483572,0.42045,10.00
0.192440,4.962874,0.489397,0.42055,10.00
0.192450,4.962085,0.495408,0.42063,10.00
0.192460,4.962230,0.501480,0.42065,10.00
0.192470,4.962650,0.507518,0.42067,10.00
0.192480,4.963339,0.513476,0.42066,10.00
0.192490,4.964292,0.519314,0.42065,10.00
0.192500,4.965410,0.524987,0.42062,10.00
0.192510,4.966405,0.530501,0.42060,10.00
0.192520,4.967642,0.535844,0.42056,10.00
0.192530,4.969110,0.540980,0.42052,10.00
0.192540,4.970797,0.545871,0.42046,10.00
0.192550,4.972824,0.550482,0.42039,10.00
0.192560,4.975569,0.554719,0.42028,10.00
0.192570,4.978481,0.558508,0.42015,10.00
0.192580,4.981539,0.561824,0.42002,10.00
0.192590,4.984720,0.564645,0.41987,10.00
0.192600,4.987967,0.566952,0.41972,10.00
0.192610,4.991154,0.568747,0.41957,10.00
0.192620,4.994394,0.570028,0.41941,10.00
0.192630,4.997663,0.570788,0.41925,10.00
0.192640,5.000938,0.571025,0.41909,10.00
0.192650,5.004194,0.570737,0.41893,10.00
0.192660,5.007408,0.569929,0.41876,10.00
0.192670,5.010557,0.568608,0.41860,10.00
0.192680,5.013618,0.566787,0.41843,10.00
0.192690,5.016569,0.564480,0.41827,10.00
0.192700,5.019531,0.561705,0.41812,10.00
0.192710,5.022910,0.558417,0.41793,10.00
0.192720,5.026109,0.554594,0.41775,10.00
0.192730,5.029106,0.550267,0.41757,10.00
0.192740,5.031881,0.545470,0.41741,10.00
0.192750,5.034326,0.540238,0.41725,10.00
0.192760,5.036162,0.534653,0.41713,10.00
0.192770,5.037729,0.528785,0.41702,10.00
0.192780,5.039016,0.522678,0.41692,10.00
0.192790,5.040014,0.516377,0.41684,10.00
0.192800,5.040427,0.509929,0.41677,10.00
0.192810,5.039384,0.503520,0.41678,10.00
0.192820,5.038060,0.497290,0.41682,10.00
0.192830,5.036465,0.491283,0.41686,10.00
0.192840,5.034612,0.485543,0.41692,10.00
0.192850,5.032800,0.480110,0.41700,10.00
0.192860,5.031896,0.474886,0.41702,10.00
0.192870,5.030763,0.469816,0.41705,10.00
0.192880,5.029410,0.464938,0.41709,10.00
0.192890,5.027847,0.460285,0.41714,10.00
0.192900,5.026001,0.455891,0.41721,10.00
0.192910,5.023623,0.451828,0.41730,10.00
0.192920,5.021082,0.448154,0.41741,10.00
0.192930,5.018397,0.444893,0.41753,10.00
0.192940,5.015588,0.442068,0.41765,10.00
0.192950,5.012817,0.439697,0.41779,10.00
0.192960,5.010525,0.437728,0.41789,10.00
0.192970,5.008164,0.436130,0.41800,10.00
0.192980,5.005752,0.434913,0.41811,10.00
0.192990,5.003306,0.434084,0.41823,10.00
0.193000,5.000665,0.433648,0.41835,10.00
0.193010,4.997314,0.433692,0.41852,10.00
0.193020,4.993996,0.434271,0.41869,10.00
0.193030,4.990733,0.435381,0.41886,10.00
0.193040,4.987549,0.437009,0.41903,10.00
0.193050,4.984515,0.439144,0.41920,10.00
0.193060,4.981795,0.441745,0.41935,10.00
0.193070,4.979218,0.444775,0.41949,10.00
0.193080,4.976800,0.448212,0.41963,10.00
0.193090,4.974560,0.452029,0.41976,10.00
0.193100,4.972491,0.456196,0.41989,10.00
0.193110,4.970540,0.460694,0.42001,10.00
0.193120,4.968810,0.465495,0.42013,10.00
0.193130,4.967314,0.470563,0.42023,10.00
0.193140,4.966061,0.475861,0.42032,10.00
0.193150,4.965403,0.481349,0.42040,10.00
0.193160,4.966370,0.486821,0.42038,10.00
0.193170,4.967577,0.492129,0.42035,10.00
0.193180,4.969015,0.497233,0.42031,10.00
0.193190,4.970670,0.502098,0.42025,10.00
0.193200,4.972291,0.506689,0.42018,10.00
0.193210,4.973146,0.511090,0.42016,10.00
0.193220,4.974193,0.515345,0.42013,10.00
0.193230,4.975424,0.519425,0.42009,10.00
0.193240,4.976828,0.523300,0.42004,10.00
0.193250,4.978329,0.526943,0.41999,10.00
0.193260,4.979712,0.530360,0.41993,10.00
0.193270,4.981237,0.533551,0.41988,10.00
0.193280,4.982894,0.536490,0.41981,10.00
0.193290,4.984670,0.539160,0.41973,10.00
0.193300,4.986646,0.541540,0.41965,10.00
0.193310,4.989093,0.543569,0.41954,10.00
0.193320,4.991610,0.545203,0.41942,10.00
0.193330,4.994179,0.546432,0.41930,10.00
0.193340,4.996781,0.547247,0.41918,10.00
0.193350,4.999301,0.547644,0.41905,10.00
0.193360,5.001431,0.547669,0.41894,10.00
0.193370,5.003544,0.547353,0.41883,10.00
0.193380,5.005624,0.546700,0.41872,10.00
0.193390,5.007656,0.545716,0.41862,10.00
0.193400,5.009675,0.544408,0.41851,10.00
0.193410,5.011814,0.542764,0.41839,10.00
0.193420,5.013859,0.540782,0.41828,10.00
0.193430,5.015797,0.538476,0.41817,10.00
0.193440,5.017612,0.535864,0.41807,10.00
0.193450,5.019061,0.532968,0.41797,10.00
0.193460,5.019439,0.529919,0.41793,10.00
0.193470,5.019674,0.526816,0.41790,10.00
0.193480,5.019767,0.523682,0.41788,10.00
0.193490,5.019718,0.520538,0.41786,10.00
0.193500,5.019526,0.517408,0.41786,10.00
0.193510,5.019199,0.514314,0.41786,10.00
0.193520,5.018734,0.511278,0.41786,10.00
0.193530,5.018135,0.508323,0.41788,10.00
0.193540,5.017408,0.505468,0.41790,10.00
0.193550,5.016885,0.502736,0.41793,10.00
0.193560,5.017546,0.499987,0.41788,10.00
0.193570,5.018076,0.497138,0.41784,10.00
0.193580,5.018472,0.494210,0.41780,10.00
0.193590,5.018733,0.491225,0.41777,10.00
0.193600,5.018548,0.488203,0.41775,10.00
0.193610,5.017004,0.485315,0.41781,10.00
0.193620,5.015342,0.482680,0.41788,10.00
0.193630,5.013576,0.480315,0.41795,10.00
0.193640,5.011718,0.478237,0.41804,10.00
0.193650,5.009955,0.476460,0.41812,10.00
0.193660,5.008812,0.474913,0.41817,10.00
0.193670,5.007609,0.473552,0.41822,10.00
0.193680,5.006355,0.472386,0.41828,10.00
0.193690,5.005059,0.471422,0.41834,10.00
0.193700,5.003890,0.470668,0.41840,10.00
0.193710,5.003330,0.470051,0.41843,10.00
0.193720,5.002747,0.469525,0.41845,10.00
0.193730,5.002146,0.469094,0.41848,10.00
0.193740,5.001530,0.468759,0.41851,10.00
0.193750,5.000743,0.468524,0.41854,10.00
0.193760,4.999304,0.468467,0.41861,10.00
0.193770,4.997876,0.468640,0.41869,10.00
0.193780,4.996469,0.469042,0.41876,10.00
0.193790,4.995092,0.469667,0.41883,10.00
0.193800,4.993618,0.470512,0.41890,10.00
0.193810,4.991647,0.471634,0.41901,10.00
0.193820,4.989745,0.473070,0.41911,10.00
0.193830,4.987924,0.474807,0.41921,10.00
0.193840,4.986199,0.476831,0.41931,10.00
0.193850,4.984991,0.479128,0.41940,10.00
0.193860,4.985535,0.481481,0.41939,10.00
0.193870,4.986181,0.483744,0.41937,10.00
0.193880,4.986924,0.485899,0.41934,10.00
0.193890,4.987758,0.487931,0.41931,10.00
0.193900,4.988440,0.489826,0.41928,10.00
0.193910,4.988260,0.491684,0.41930,10.00
0.193920,4.988166,0.493567,0.41931,10.00
0.193930,4.988158,0.495462,0.41932,10.00
0.193940,4.988236,0.497355,0.41933,10.00
0.193950,4.988488,0.499231,0.41933,10.00
0.193960,4.989176,0.501035,0.41931,10.00
0.193970,4.989940,0.502726,0.41928,10.00
0.193980,4.990774,0.504291,0.41924,10.00
0.193990,4.991671,0.505720,0.41921,10.00
0.194000,4.992529,0.507003,0.41917,10.00
0.194010,4.993051,0.508178,0.41915,10.00
0.194020,4.993623,0.509266,0.41912,10.00
0.194030,4.994238,0.510261,0.41910,10.00
0.194040,4.994894,0.511156,0.41907,10.00
0.194050,4.995523,0.511944,0.41904,10.00
0.194060,4.995941,0.512649,0.41902,10.00
0.194070,4.996387,0.513287,0.41900,10.00
0.194080,4.996858,0.513851,0.41898,10.00
0.194090,4.997351,0.514339,0.41896,10.00
0.194100,4.997769,0.514748,0.41894,10.00
0.194110,4.997834,0.515118,0.41894,10.00
0.194120,4.997916,0.515477,0.41893,10.00
0.194130,4.998013,0.515822,0.41893,10.00
0.194140,4.998125,0.516151,0.41893,10.00
0.194150,4.998344,0.516461,0.41892,10.00
0.194160,4.998948,0.516706,0.41889,10.00
0.194170,4.999557,0.516853,0.41886,10.00
0.194180,5.000168,0.516903,0.41883,10.00
0.194190,5.000775,0.516855,0.41880,10.00
0.194200,5.001389,0.516710,0.41877,10.00
0.194210,5.002046,0.516463,0.41874,10.00
0.194220,5.002686,0.516111,0.41870,10.00
0.194230,5.003304,0.515657,0.41867,10.00
0.194240,5.003897,0.515106,0.41864,10.00
0.194250,5.004655,0.514460,0.41861,10.00
0.194260,5.006159,0.513632,0.41853,10.00
0.194270,5.007612,0.512566,0.41845,10.00
0.194280,5.009004,0.511268,0.41837,10.00
0.194290,5.010325,0.509751,0.41830,10.00
0.194300,5.011310,0.508026,0.41822,10.00
0.194310,5.011192,0.506228,0.41822,10.00
0.194320,5.010994,0.504453,0.41822,10.00
0.194330,5.010717,0.502712,0.41822,10.00
0.194340,5.010364,0.501019,0.41823,10.00
0.194350,5.010053,0.499386,0.41825,10.00
0.194360,5.010135,0.497768,0.41823,10.00
0.194370,5.010142,0.496140,0.41822,10.00
0.194380,5.010076,0.494514,0.41822,10.00
0.194390,5.009937,0.492902,0.41822,10.00
0.194400,5.009569,0.491316,0.41822,10.00
0.194410,5.008508,0.489841,0.41826,10.00
0.194420,5.007389,0.488539,0.41831,10.00
0.194430,5.006222,0.487418,0.41836,10.00
0.194440,5.005014,0.486485,0.41842,10.00
0.194450,5.003987,0.485748,0.41848,10.00
0.194460,5.003783,0.485108,0.41848,10.00
0.194470,5.003551,0.484502,0.41849,10.00
0.194480,5.003295,0.483935,0.41850,10.00
0.194490,5.003015,0.483409,0.41851,10.00
0.194500,5.002459,0.482930,0.41853,10.00
0.194510,5.000874,0.482621,0.41860,10.00
0.194520,4.999289,0.482567,0.41868,10.00
0.194530,4.997715,0.482766,0.41876,10.00
0.194540,4.996164,0.483216,0.41884,10.00
0.194550,4.994862,0.483913,0.41892,10.00
0.194560,4.994454,0.484748,0.41895,10.00
0.194570,4.994089,0.485648,0.41897,10.00
0.194580,4.993767,0.486604,0.41899,10.00
0.194590,4.993491,0.487609,0.41901,10.00
0.194600,4.993157,0.488657,0.41903,10.00
0.194610,4.992444,0.489790,0.41907,10.00
0.194620,4.991789,0.491036,0.41911,10.00
0.194630,4.991197,0.492383,0.41915,10.00
0.194640,4.990670,0.493823,0.41918,10.00
0.194650,4.990223,0.495344,0.41921,10.00
0.194660,4.989884,0.496931,0.41924,10.00
0.194670,4.989620,0.498569,0.41926,10.00
0.194680,4.989433,0.500246,0.41928,10.00
0.194690,4.989323,0.501950,0.41929,10.00
0.194700,4.989570,0.503668,0.41931,10.00
0.194710,4.991002,0.505254,0.41924,10.00
0.194720,4.992492,0.506608,0.41918,10.00
0.194730,4.994031,0.507722,0.41910,10.00
0.194740,4.995607,0.508587,0.41903,10.00
0.194750,4.997200,0.509199,0.41895,10.00
0.194760,4.998774,0.509558,0.41888,10.00
0.194770,5.000351,0.509664,0.41880,10.00
0.194780,5.001918,0.509519,0.41872,10.00
0.194790,5.003465,0.509123,0.41864,10.00
0.194800,5.004872,0.508480,0.41856,10.00
0.194810,5.005804,0.507649,0.41851,10.00
0.194820,5.006690,0.506671,0.41846,10.00
0.194830,5.007523,0.505552,0.41841,10.00
0.194840,5.008299,0.504303,0.41837,10.00
0.194850,5.008991,0.502932,0.41832,10.00
0.194860,5.009533,0.501459,0.41829,10.00
0.194870,5.010003,0.499903,0.41825,10.00
0.194880,5.010399,0.498275,0.41823,10.00
0.194890,5.010718,0.496586,0.41820,10.00
0.194900,5.010904,0.494850,0.41818,10.00
0.194910,5.010800,0.493104,0.41818,10.00
0.194920,5.010618,0.491379,0.41817,10.00
0.194930,5.010360,0.489685,0.41818,10.00
0.194940,5.010026,0.488036,0.41819,10.00
0.194950,5.009446,0.486444,0.41820,10.00
0.194960,5.008097,0.485004,0.41826,10.00
0.194970,5.006695,0.483782,0.41832,10.00
0.194980,5.005251,0.482787,0.41839,10.00
0.194990,5.003774,0.482024,0.41846,10.00
0.195000,5.002242,0.481499,0.41853,10.00
0.195010,5.000567,0.481231,0.41861,10.00
0.195020,4.998895,0.481231,0.41870,10.00
0.195030,4.997238,0.481498,0.41878,10.00
0.195040,4.995607,0.482029,0.41887,10.00
0.195050,4.994244,0.482820,0.41895,10.00
0.195060,4.993843,0.483754,0.41897,10.00
0.195070,4.993487,0.484751,0.41900,10.00
0.195080,4.993179,0.485802,0.41902,10.00
0.195090,4.992922,0.486901,0.41904,10.00
0.195100,4.992827,0.488038,0.41905,10.00
0.195110,4.993221,0.489154,0.41904,10.00
0.195120,4.993662,0.490205,0.41902,10.00
0.195130,4.994147,0.491183,0.41901,10.00
0.195140,4.994672,0.492082,0.41898,10.00
0.195150,4.994839,0.492895,0.41896,10.00
0.195160,4.993472,0.493806,0.41903,10.00
0.195170,4.992158,0.494934,0.41911,10.00
0.195180,4.990907,0.496270,0.41918,10.00
0.195190,4.989727,0.497803,0.41924,10.00
0.195200,4.988732,0.499521,0.41931,10.00
0.195210,4.988235,0.501362,0.41934,10.00
0.195220,4.987827,0.503279,0.41937,10.00
0.195230,4.987509,0.505258,0.41940,10.00
0.195240,4.987284,0.507283,0.41942,10.00
0.195250,4.987118,0.509340,0.41944,10.00
0.195260,4.986911,0.511431,0.41946,10.00
0.195270,4.986799,0.513551,0.41948,10.00
0.195280,4.986785,0.515685,0.41949,10.00
0.195290,4.986868,0.517816,0.41950,10.00
0.195300,4.987626,0.519930,0.41950,10.00
0.195310,4.990783,0.521734,0.41935,10.00
0.195320,4.993993,0.523029,0.41920,10.00
0.195330,4.997233,0.523809,0.41904,10.00
0.195340,5.000480,0.524070,0.41888,10.00
0.195350,5.003089,0.523811,0.41872,10.00
0.195360,5.003188,0.523334,0.41871,10.00
0.195370,5.003264,0.522843,0.41870,10.00
0.195380,5.003317,0.522340,0.41870,10.00
0.195390,5.003347,0.521829,0.41869,10.00
0.195400,5.003804,0.521315,0.41869,10.00
0.195410,5.006031,0.520584,0.41857,10.00
0.195420,5.008204,0.519498,0.41846,10.00
0.195430,5.010309,0.518067,0.41835,10.00
0.195440,5.012330,0.516303,0.41823,10.00
0.195450,5.013923,0.514219,0.41813,10.00
0.195460,5.014089,0.511990,0.41811,10.00
0.195470,5.014152,0.509739,0.41809,10.00
0.195480,5.014113,0.507482,0.41808,10.00
0.195490,5.013972,0.505235,0.41808,10.00
0.195500,5.013728,0.503015,0.41808,10.00
0.195510,5.013377,0.500840,0.41808,10.00
0.195520,5.012930,0.498724,0.41809,10.00
0.195530,5.012392,0.496684,0.41811,10.00
0.195540,5.011765,0.494734,0.41813,10.00
0.195550,5.010909,0.492887,0.41815,10.00
0.195560,5.009392,0.491228,0.41822,10.00
0.195570,5.007813,0.489815,0.41829,10.00
0.195580,5.006184,0.488657,0.41837,10.00
0.195590,5.004517,0.487761,0.41845,10.00
0.195600,5.003005,0.487133,0.41853,10.00
0.195610,5.002194,0.486691,0.41857,10.00
0.195620,5.001370,0.486380,0.41861,10.00
0.195630,5.000540,0.486200,0.41865,10.00
0.195640,4.999708,0.486154,0.41869,10.00
0.195650,4.999068,0.486240,0.41873,10.00
0.195660,4.999175,0.486370,0.41872,10.00
0.195670,4.999287,0.486483,0.41872,10.00
0.195680,4.999403,0.486577,0.41871,10.00
0.195690,4.999522,0.486653,0.41871,10.00
0.195700,4.999546,0.486709,0.41870,10.00
0.195710,4.999182,0.486793,0.41872,10.00
0.195720,4.998826,0.486935,0.41874,10.00
0.195730,4.998479,0.487134,0.41876,10.00
0.195740,4.998144,0.487388,0.41878,10.00
0.195750,4.997859,0.487695,0.41880,10.00
0.195760,4.997729,0.488036,0.41880,10.00
0.195770,4.997617,0.488397,0.41881,10.00
0.195780,4.997522,0.488775,0.41882,10.00
0.195790,4.997444,0.489168,0.41882,10.00
0.195800,4.997320,0.489573,0.41883,10.00
0.195810,4.996950,0.490018,0.41885,10.00
0.195820,4.996605,0.490521,0.41887,10.00
0.195830,4.996285,0.491078,0.41889,10.00
0.195840,4.995994,0.491685,0.41891,10.00
0.195850,4.995839,0.492338,0.41892,10.00
0.195860,4.996144,0.492980,0.41891,10.00
0.195870,4.996475,0.493572,0.41890,10.00
0.195880,4.996829,0.494110,0.41888,10.00
0.195890,4.997205,0.494591,0.41887,10.00
0.195900,4.997520,0.495010,0.41885,10.00
0.195910,4.997535,0.495404,0.41885,10.00
0.195920,4.997568,0.495795,0.41885,10.00
0.195930,4.997618,0.496180,0.41885,10.00
0.195940,4.997685,0.496556,0.41885,10.00
0.195950,4.997717,0.496920,0.41885,10.00
0.195960,4.997559,0.497295,0.41886,10.00
0.195970,4.997421,0.497695,0.41887,10.00
0.195980,4.997301,0.498116,0.41888,10.00
0.195990,4.997202,0.498556,0.41888,10.00
0.196000,4.997175,0.499010,0.41889,10.00
0.196010,4.997375,0.499451,0.41888,10.00
0.196020,4.997593,0.499860,0.41887,10.00
0.196030,4.997827,0.500233,0.41886,10.00
0.196040,4.998077,0.500568,0.41885,10.00
0.196050,4.998539,0.500862,0.41884,10.00
0.196060,4.999807,0.501018,0.41878,10.00
0.196070,5.001071,0.500970,0.41872,10.00
0.196080,5.002321,0.500721,0.41865,10.00
0.196090,5.003550,0.500273,0.41859,10.00
0.196100,5.004498,0.499629,0.41852,10.00
0.196110,5.004416,0.498915,0.41852,10.00
0.196120,5.004303,0.498215,0.41853,10.00
0.196130,5.004159,0.497534,0.41853,10.00
0.196140,5.003986,0.496878,0.41853,10.00
0.196150,5.003954,0.496251,0.41854,10.00
0.196160,5.004570,0.495575,0.41851,10.00
0.196170,5.005149,0.494803,0.41847,10.00
0.196180,5.005689,0.493940,0.41844,10.00
0.196190,5.006184,0.492992,0.41841,10.00
0.196200,5.006522,0.491966,0.41838,10.00
0.196210,5.006372,0.490924,0.41839,10.00
0.196220,5.006176,0.489908,0.41839,10.00
0.196230,5.005936,0.488925,0.41840,10.00
0.196240,5.005653,0.487983,0.41841,10.00
0.196250,5.005255,0.487088,0.41842,10.00
0.196260,5.004524,0.486281,0.41845,10.00
0.196270,5.003763,0.485594,0.41848,10.00
0.196280,5.002978,0.485029,0.41852,10.00
0.196290,5.002174,0.484591,0.41856,10.00
0.196300,5.001517,0.484282,0.41860,10.00
0.196310,5.001492,0.484027,0.41860,10.00
0.196320,5.001455,0.483777,0.41860,10.00
0.196330,5.001408,0.483534,0.41860,10.00
0.196340,5.001350,0.483298,0.41860,10.00
0.196350,5.001047,0.483073,0.41860,10.00
0.196360,4.999801,0.482971,0.41867,10.00
0.196370,4.998561,0.483069,0.41873,10.00
0.196380,4.997337,0.483365,0.41879,10.00
0.196390,4.996137,0.483856,0.41885,10.00
0.196400,4.995187,0.484538,0.41892,10.00
0.196410,4.995142,0.485300,0.41892,10.00
0.196420,4.995133,0.486069,0.41893,10.00
0.196430,4.995158,0.486838,0.41893,10.00
0.196440,4.995218,0.487601,0.41893,10.00
0.196450,4.995139,0.488353,0.41893,10.00
0.196460,4.994406,0.489172,0.41897,10.00
0.196470,4.993717,0.490106,0.41901,10.00
0.196480,4.993077,0.491148,0.41905,10.00
0.196490,4.992489,0.492291,0.41908,10.00
0.196500,4.991646,0.493526,0.41912,10.00
0.196510,4.989623,0.494993,0.41923,10.00
0.196520,4.987685,0.496780,0.41933,10.00
0.196530,4.985844,0.498874,0.41944,10.00
0.196540,4.984115,0.501258,0.41954,10.00
0.196550,4.982878,0.503913,0.41963,10.00
0.196560,4.983235,0.506643,0.41963,10.00
0.196570,4.983714,0.509311,0.41962,10.00
0.196580,4.984309,0.511897,0.41960,10.00
0.196590,4.985016,0.514383,0.41958,10.00
0.196600,4.986056,0.516752,0.41955,10.00
0.196610,4.988096,0.518877,0.41946,10.00
0.196620,4.990213,0.520672,0.41937,10.00
0.196630,4.992393,0.522125,0.41927,10.00
0.196640,4.994620,0.523226,0.41916,10.00
0.196650,4.996617,0.523970,0.41905,10.00
0.196660,4.997596,0.524476,0.41900,10.00
0.196670,4.998589,0.524825,0.41896,10.00
0.196680,4.999590,0.525014,0.41891,10.00
0.196690,5.000589,0.525042,0.41886,10.00
0.196700,5.001453,0.524911,0.41881,10.00
0.196710,5.001787,0.524683,0.41879,10.00
0.196720,5.002108,0.524402,0.41877,10.00
0.196730,5.002414,0.524071,0.41875,10.00
0.196740,5.002702,0.523690,0.41874,10.00
0.196750,5.003187,0.523265,0.41872,10.00
0.196760,5.004510,0.522693,0.41865,10.00
0.196770,5.005796,0.521911,0.41858,10.00
0.196780,5.007035,0.520924,0.41852,10.00
0.196790,5.008218,0.519742,0.41845,10.00
0.196800,5.009134,0.518372,0.41839,10.00
0.196810,5.009170,0.516924,0.41838,10.00
0.196820,5.009140,0.515473,0.41837,10.00
0.196830,5.009044,0.514029,0.41837,10.00
0.196840,5.008884,0.512603,0.41837,10.00
0.196850,5.008668,0.511206,0.41837,10.00
0.196860,5.008422,0.509843,0.41838,10.00
0.196870,5.008117,0.508522,0.41838,10.00
0.196880,5.007755,0.507252,0.41839,10.00
0.196890,5.007338,0.506042,0.41841,10.00
0.196900,5.006830,0.504901,0.41843,10.00
0.196910,5.006110,0.503857,0.41846,10.00
0.196920,5.005350,0.502930,0.41849,10.00
0.196930,5.004555,0.502125,0.41852,10.00
0.196940,5.003730,0.501450,0.41856,10.00
0.196950,5.003014,0.500907,0.41860,10.00
0.196960,5.002808,0.500438,0.41861,10.00
0.196970,5.002583,0.500002,0.41862,10.00
0.196980,5.002339,0.499604,0.41863,10.00
0.196990,5.002080,0.499245,0.41864,10.00
0.197000,5.001734,0.498928,0.41865,10.00
0.197010,5.001085,0.498690,0.41868,10.00
0.197020,5.000431,0.498556,0.41871,10.00
0.197030,4.999778,0.498527,0.41875,10.00
0.197040,4.999128,0.498603,0.41878,10.00
0.197050,4.998611,0.498782,0.41881,10.00
0.197060,4.998595,0.499005,0.41881,10.00
0.197070,4.998590,0.499229,0.41882,10.00
0.197080,4.998595,0.499454,0.41882,10.00
0.197090,4.998610,0.499678,0.41882,10.00
0.197100,4.998486,0.499898,0.41882,10.00
0.197110,4.997782,0.500186,0.41885,10.00
0.197120,4.997097,0.500586,0.41889,10.00
0.197130,4.996436,0.501094,0.41893,10.00
0.197140,4.995804,0.501707,0.41896,10.00
0.197150,4.995434,0.502420,0.41900,10.00
0.197160,4.996008,0.503117,0.41897,10.00
0.197170,4.996609,0.503722,0.41894,10.00
0.197180,4.997232,0.504229,0.41892,10.00
0.197190,4.997872,0.504636,0.41889,10.00
0.197200,4.998385,0.504939,0.41885,10.00
0.197210,4.998348,0.505205,0.41886,10.00
0.197220,4.998322,0.505477,0.41886,10.00
0.197230,4.998310,0.505752,0.41886,10.00
0.197240,4.998310,0.506028,0.41886,10.00
0.197250,4.998232,0.506304,0.41887,10.00
0.197260,4.997812,0.506620,0.41889,10.00
0.197270,4.997409,0.507003,0.41891,10.00
0.197280,4.997027,0.507449,0.41893,10.00
0.197290,4.996668,0.507956,0.41895,10.00
0.197300,4.996359,0.508519,0.41897,10.00
0.197310,4.996169,0.509123,0.41898,10.00
0.197320,4.996007,0.509756,0.41900,10.00
0.197330,4.995876,0.510413,0.41901,10.00
0.197340,4.995776,0.511091,0.41902,10.00
0.197350,4.995780,0.511782,0.41902,10.00
0.197360,4.996107,0.512449,0.41901,10.00
0.197370,4.996461,0.513062,0.41899,10.00
0.197380,4.996839,0.513617,0.41898,10.00
0.197390,4.997240,0.514110,0.41896,10.00
0.197400,4.997453,0.514539,0.41894,10.00
0.197410,4.996864,0.514998,0.41897,10.00
0.197420,4.996302,0.515551,0.41901,10.00
0.197430,4.995769,0.516192,0.41904,10.00
0.197440,4.995270,0.516917,0.41906,10.00
0.197450,4.995081,0.517720,0.41909,10.00
0.197460,4.996011,0.518465,0.41905,10.00
0.197470,4.996968,0.519059,0.41900,10.00
0.197480,4.997943,0.519500,0.41896,10.00
0.197490,4.998929,0.519784,0.41891,10.00
0.197500,4.999833,0.519910,0.41886,10.00
0.197510,5.000394,0.519918,0.41883,10.00
0.197520,5.000951,0.519836,0.41881,10.00
0.197530,5.001498,0.519666,0.41878,10.00
0.197540,5.002033,0.519409,0.41875,10.00
0.197550,5.002764,0.519066,0.41872,10.00
0.197560,5.004319,0.518539,0.41864,10.00
0.197570,5.005835,0.517765,0.41856,10.00
0.197580,5.007303,0.516749,0.41848,10.00
0.197590,5.008713,0.515501,0.41840,10.00
0.197600,5.010006,0.514031,0.41833,10.00
0.197610,5.011036,0.512371,0.41827,10.00
0.197620,5.011981,0.510550,0.41821,10.00
0.197630,5.012835,0.508581,0.41816,10.00
0.197640,5.013592,0.506480,0.41811,10.00
0.197650,5.014187,0.504261,0.41806,10.00
0.197660,5.014434,0.501971,0.41804,10.00
0.197670,5.014576,0.499646,0.41802,10.00
0.197680,5.014610,0.497303,0.41800,10.00
0.197690,5.014538,0.494959,0.41799,10.00
0.197700,5.014290,0.492631,0.41799,10.00
0.197710,5.013660,0.490370,0.41801,10.00
0.197720,5.012933,0.488213,0.41803,10.00
0.197730,5.012114,0.486177,0.41806,10.00
0.197740,5.011210,0.484276,0.41810,10.00
0.197750,5.010118,0.482523,0.41814,10.00
0.197760,5.008515,0.480984,0.41821,10.00
0.197770,5.006857,0.479703,0.41829,10.00
0.197780,5.005155,0.478690,0.41837,10.00
0.197790,5.003423,0.477951,0.41845,10.00
0.197800,5.002139,0.477491,0.41853,10.00
0.197810,5.002704,0.477087,0.41850,10.00
0.197820,5.003245,0.476594,0.41847,10.00
0.197830,5.003760,0.476016,0.41845,10.00
0.197840,5.004244,0.475357,0.41842,10.00
0.197850,5.004376,0.474621,0.41839,10.00
0.197860,5.003210,0.473968,0.41845,10.00
0.197870,5.002025,0.473502,0.41850,10.00
0.197880,5.000829,0.473227,0.41856,10.00
0.197890,4.999632,0.473144,0.41862,10.00
0.197900,4.998552,0.473252,0.41868,10.00
0.197910,4.997929,0.473497,0.41871,10.00
0.197920,4.997322,0.473842,0.41875,10.00
0.197930,4.996737,0.474283,0.41878,10.00
0.197940,4.996177,0.474816,0.41881,10.00
0.197950,4.995457,0.475439,0.41884,10.00
0.197960,4.994017,0.476235,0.41892,10.00
0.197970,4.992627,0.477261,0.41899,10.00
0.197980,4.991296,0.478506,0.41907,10.00
0.197990,4.990032,0.479963,0.41914,10.00
0.198000,4.988930,0.481618,0.41921,10.00
0.198010,4.988248,0.483420,0.41925,10.00
0.198020,4.987653,0.485327,0.41929,10.00
0.198030,4.987149,0.487326,0.41933,10.00
0.198040,4.986741,0.489401,0.41936,10.00
0.198050,4.986532,0.491538,0.41938,10.00
0.198060,4.986822,0.493672,0.41938,10.00
0.198070,4.987207,0.495755,0.41937,10.00
0.198080,4.987684,0.497773,0.41936,10.00
0.198090,4.988247,0.499711,0.41934,10.00
0.198100,4.989031,0.501555,0.41932,10.00
0.198110,4.990439,0.503226,0.41926,10.00
0.198120,4.991911,0.504670,0.41919,10.00
0.198130,4.993435,0.505875,0.41912,10.00
0.198140,4.995000,0.506834,0.41905,10.00
0.198150,4.996466,0.507542,0.41897,10.00
0.198160,4.997442,0.508054,0.41893,10.00
0.198170,4.998433,0.508410,0.41888,10.00
0.198180,4.999431,0.508606,0.41883,10.00
0.198190,5.000429,0.508643,0.41878,10.00
0.198200,5.001193,0.508520,0.41873,10.00
0.198210,5.001041,0.508348,0.41874,10.00
0.198220,5.000883,0.508201,0.41875,10.00
0.198230,5.000720,0.508078,0.41875,10.00
0.198240,5.000552,0.507983,0.41876,10.00
0.198250,5.000717,0.507914,0.41877,10.00
0.198260,5.002213,0.507711,0.41869,10.00
0.198270,5.003686,0.507270,0.41862,10.00
0.198280,5.005127,0.506594,0.41854,10.00
0.198290,5.006524,0.505689,0.41847,10.00
0.198300,5.007508,0.504563,0.41839,10.00
0.198310,5.007002,0.503397,0.41841,10.00
0.198320,5.006447,0.502313,0.41843,10.00
0.198330,5.005849,0.501320,0.41846,10.00
0.198340,5.005210,0.500425,0.41849,10.00
0.198350,5.004572,0.499634,0.41851,10.00
0.198360,5.004044,0.498935,0.41854,10.00
0.198370,5.003488,0.498321,0.41856,10.00
0.198380,5.002910,0.497798,0.41859,10.00
0.198390,5.002313,0.497367,0.41862,10.00
0.198400,5.001503,0.497034,0.41864,10.00
0.198410,4.999891,0.496893,0.41872,10.00
0.198420,4.998287,0.497011,0.41881,10.00
0.198430,4.996703,0.497385,0.41889,10.00
0.198440,4.995150,0.498011,0.41897,10.00
0.198450,4.993879,0.498884,0.41905,10.00
0.198460,4.993612,0.499882,0.41907,10.00
0.198470,4.993394,0.500921,0.41908,10.00
0.198480,4.993224,0.501992,0.41910,10.00
0.198490,4.993105,0.503089,0.41911,10.00
0.198500,4.993033,0.504203,0.41912,10.00
0.198510,4.993000,0.505326,0.41913,10.00
0.198520,4.993018,0.506453,0.41913,10.00
0.198530,4.993087,0.507575,0.41913,10.00
0.198540,4.993206,0.508684,0.41913,10.00
0.198550,4.993583,0.509771,0.41913,10.00
0.198560,4.994836,0.510730,0.41907,10.00
0.198570,4.996123,0.511486,0.41901,10.00
0.198580,4.997432,0.512035,0.41895,10.00
0.198590,4.998754,0.512374,0.41889,10.00
0.198600,4.999906,0.512501,0.41882,10.00
0.198610,5.000362,0.512499,0.41880,10.00
0.198620,5.000814,0.512424,0.41878,10.00
0.198630,5.001258,0.512277,0.41875,10.00
0.198640,5.001692,0.512059,0.41873,10.00
0.198650,5.002252,0.511772,0.41871,10.00
0.198660,5.003356,0.511352,0.41865,10.00
0.198670,5.004430,0.510755,0.41859,10.00
0.198680,5.005467,0.509988,0.41854,10.00
0.198690,5.006461,0.509057,0.41848,10.00
0.198700,5.007563,0.507969,0.41843,10.00
0.198710,5.009240,0.506656,0.41834,10.00
0.198720,5.010843,0.505077,0.41825,10.00
0.198730,5.012360,0.503245,0.41816,10.00
0.198740,5.013780,0.501174,0.41808,10.00
0.198750,5.014787,0.498880,0.41800,10.00
0.198760,5.014458,0.496528,0.41801,10.00
0.198770,5.014026,0.494234,0.41801,10.00
0.198780,5.013493,0.492012,0.41803,10.00
0.198790,5.012864,0.489880,0.41805,10.00
0.198800,5.012140,0.487853,0.41807,10.00
0.198810,5.011314,0.485946,0.41811,10.00
0.198820,5.010409,0.484176,0.41814,10.00
0.198830,5.009431,0.482553,0.41818,10.00
0.198840,5.008389,0.481090,0.41823,10.00
0.198850,5.007351,0.479797,0.41827,10.00
0.198860,5.006513,0.478651,0.41831,10.00
0.198870,5.005630,0.477643,0.41835,10.00
0.198880,5.004709,0.476777,0.41839,10.00
0.198890,5.003758,0.476060,0.41843,10.00
0.198900,5.002719,0.475497,0.41848,10.00
0.198910,5.001416,0.475120,0.41854,10.00
0.198920,5.000106,0.474954,0.41861,10.00
0.198930,4.998801,0.474996,0.41867,10.00
0.198940,4.997510,0.475247,0.41874,10.00
0.198950,4.996206,0.475705,0.41881,10.00
0.198960,4.994794,0.476381,0.41888,10.00
0.198970,4.993425,0.477281,0.41895,10.00
0.198980,4.992109,0.478399,0.41903,10.00
0.198990,4.990855,0.479725,0.41910,10.00
0.199000,4.989943,0.481249,0.41916,10.00
0.199010,4.990190,0.482829,0.41916,10.00
0.199020,4.990505,0.484367,0.41915,10.00
0.199030,4.990888,0.485851,0.41914,10.00
0.199040,4.991335,0.487272,0.41913,10.00
0.199050,4.991649,0.488618,0.41911,10.00
0.199060,4.991254,0.489973,0.41914,10.00
0.199070,4.990924,0.491389,0.41916,10.00
0.199080,4.990661,0.492855,0.41918,10.00
0.199090,4.990466,0.494361,0.41920,10.00
0.199100,4.990298,0.495894,0.41921,10.00
0.199110,4.990025,0.497466,0.41924,10.00
0.199120,4.989825,0.499078,0.41925,10.00
0.199130,4.989701,0.500719,0.41927,10.00
0.199140,4.989651,0.502376,0.41928,10.00
0.199150,4.989725,0.504039,0.41929,10.00
0.199160,4.990059,0.505671,0.41928,10.00
0.199170,4.990465,0.507247,0.41927,10.00
0.199180,4.990938,0.508755,0.41925,10.00
0.199190,4.991476,0.510184,0.41923,10.00
0.199200,4.992204,0.511525,0.41921,10.00
0.199210,4.993505,0.512705,0.41915,10.00
0.199220,4.994847,0.513675,0.41909,10.00
0.199230,4.996222,0.514428,0.41903,10.00
0.199240,4.997619,0.514961,0.41896,10.00
0.199250,4.998781,0.515268,0.41889,10.00
0.199260,4.998969,0.515469,0.41888,10.00
0.199270,4.999163,0.515638,0.41887,10.00
0.199280,4.999364,0.515776,0.41886,10.00
0.199290,4.999569,0.515882,0.41885,10.00
0.199300,4.999878,0.515955,0.41884,10.00
0.199310,5.000590,0.515945,0.41881,10.00
0.199320,5.001295,0.515822,0.41877,10.00
0.199330,5.001989,0.515587,0.41874,10.00
0.199340,5.002665,0.515240,0.41870,10.00
0.199350,5.003537,0.514787,0.41866,10.00
0.199360,5.005244,0.514125,0.41858,10.00
0.199370,5.006906,0.513192,0.41849,10.00
0.199380,5.008511,0.511995,0.41840,10.00
0.199390,5.010047,0.510544,0.41832,10.00
0.199400,5.011404,0.508850,0.41823,10.00
0.199410,5.012274,0.506974,0.41818,10.00
0.199420,5.013050,0.504964,0.41813,10.00
0.199430,5.013729,0.502832,0.41808,10.00
0.199440,5.014305,0.500597,0.41804,10.00
0.199450,5.014773,0.498274,0.41801,10.00
0.199460,5.015129,0.495880,0.41798,10.00
0.199470,5.015372,0.493435,0.41795,10.00
0.199480,5.015503,0.490955,0.41793,10.00
0.199490,5.015520,0.488459,0.41792,10.00
0.199500,5.015217,0.485965,0.41791,10.00
0.199510,5.013982,0.483591,0.41796,10.00
0.199520,5.012651,0.481419,0.41801,10.00
0.199530,5.011232,0.479463,0.41807,10.00
0.199540,5.009738,0.477738,0.41814,10.00
0.199550,5.008226,0.476255,0.41821,10.00
0.199560,5.006845,0.475002,0.41827,10.00
0.199570,5.005420,0.473972,0.41834,10.00
0.199580,5.003961,0.473172,0.41840,10.00
0.199590,5.002479,0.472607,0.41848,10.00
0.199600,5.001051,0.472279,0.41855,10.00
0.199610,4.999889,0.472160,0.41861,10.00
0.199620,4.998731,0.472226,0.41866,10.00
0.199630,4.997587,0.472477,0.41872,10.00
0.199640,4.996464,0.472911,0.41878,10.00
0.199650,4.995396,0.473523,0.41884,10.00
0.199660,4.994466,0.474297,0.41889,10.00
0.199670,4.993579,0.475219,0.41894,10.00
0.199680,4.992741,0.476280,0.41899,10.00
0.199690,4.991960,0.477473,0.41903,10.00
0.199700,4.991130,0.478789,0.41908,10.00
0.199710,4.989933,0.480271,0.41915,10.00
0.199720,4.988814,0.481940,0.41921,10.00
0.199730,4.987781,0.483785,0.41927,10.00
0.199740,4.986840,0.485792,0.41933,10.00
0.199750,4.985925,0.487946,0.41938,10.00
0.199760,4.984821,0.490265,0.41945,10.00
0.199770,4.983833,0.492756,0.41952,10.00
0.199780,4.982966,0.495400,0.41957,10.00
0.199790,4.982226,0.498178,0.41963,10.00
0.199800,4.981815,0.501069,0.41967,10.00
0.199810,4.982317,0.503957,0.41966,10.00
0.199820,4.982945,0.506760,0.41965,10.00
0.199830,4.983695,0.509456,0.41962,10.00
0.199840,4.984560,0.512028,0.41959,10.00
0.199850,4.985360,0.514456,0.41956,10.00
0.199860,4.985563,0.516808,0.41956,10.00
0.199870,4.985872,0.519123,0.41956,10.00
0.199880,4.986283,0.521384,0.41955,10.00
0.199890,4.986792,0.523575,0.41954,10.00
0.199900,4.987504,0.525680,0.41952,10.00
0.199910,4.988735,0.527632,0.41947,10.00
0.199920,4.990044,0.529384,0.41941,10.00
0.199930,4.991420,0.530924,0.41935,10.00
0.199940,4.992854,0.532240,0.41928,10.00
0.199950,4.994268,0.533324,0.41922,10.00
0.199960,4.995454,0.534202,0.41916,10.00
0.199970,4.996668,0.534888,0.41910,10.00
0.199980,4.997903,0.535379,0.41904,10.00
0.199990,4.999150,0.535671,0.41898,10.00
