time_s,Vout_V,iL_A,duty,Rload_ohm
0.000000,5.000364,0.500000,0.41875,10.00
0.000010,5.002143,0.498452,0.41691,10.00
0.000020,5.003795,0.495283,0.41604,10.00
0.000030,5.005273,0.491355,0.41572,10.00
0.000040,5.006558,0.487161,0.41571,10.00
0.000050,5.007383,0.482984,0.41586,10.00
0.000060,5.006995,0.480099,0.41743,10.00
0.000070,5.006519,0.478640,0.41834,10.00
0.000080,5.006004,0.478022,0.41885,10.00
0.000090,5.005477,0.477903,0.41914,10.00
0.000100,5.004650,0.478076,0.41929,10.00
0.000110,5.002645,0.479724,0.42091,10.00
0.000120,5.000768,0.482835,0.42167,10.00
0.000130,4.999062,0.486641,0.42194,10.00
0.000140,4.997544,0.490697,0.42193,10.00
0.000150,4.996341,0.494749,0.42177,10.00
0.000160,4.995805,0.498130,0.42091,10.00
0.000170,4.995403,0.500740,0.42035,10.00
0.000180,4.995106,0.502834,0.41996,10.00
0.000190,4.994896,0.504566,0.41969,10.00
0.000200,4.994900,0.506030,0.41948,10.00
0.000210,4.995525,0.506673,0.41860,10.00
0.000220,4.996153,0.506507,0.41812,10.00
0.000230,4.996757,0.505897,0.41789,10.00
0.000240,4.997323,0.505057,0.41779,10.00
0.000250,4.997881,0.504111,0.41777,10.00
0.000260,4.998527,0.502986,0.41763,10.00
0.000270,4.999115,0.501716,0.41759,10.00
0.000280,4.999641,0.500407,0.41762,10.00
0.000290,5.000106,0.499118,0.41769,10.00
0.000300,5.000474,0.497885,0.41777,10.00
0.000310,5.000636,0.496886,0.41806,10.00
0.000320,5.000760,0.496138,0.41824,10.00
0.000330,5.000854,0.495554,0.41836,10.00
0.000340,5.000924,0.495080,0.41844,10.00
0.000350,5.000842,0.494685,0.41850,10.00
0.000360,5.000229,0.494913,0.41922,10.00
0.000370,4.999647,0.495777,0.41957,10.00
0.000380,4.999117,0.496956,0.41972,10.00
0.000390,4.998647,0.498264,0.41975,10.00
0.000400,4.998083,0.499596,0.41971,10.00
0.000410,4.996973,0.501555,0.42043,10.00
0.000420,4.995975,0.504142,0.42072,10.00
0.000430,4.995107,0.506970,0.42077,10.00
0.000440,4.994372,0.509819,0.42068,10.00
0.000450,4.993946,0.512568,0.42053,10.00
0.000460,4.994341,0.514388,0.41944,10.00
0.000470,4.994788,0.515212,0.41882,10.00
0.000480,4.995253,0.515451,0.41847,10.00
0.000490,4.995717,0.515351,0.41829,10.00
0.000500,4.996218,0.515053,0.41819,10.00
0.000510,4.996890,0.514437,0.41791,10.00
0.000520,4.997523,0.513543,0.41779,10.00
0.000530,4.998108,0.512518,0.41776,10.00
0.000540,4.998643,0.511448,0.41778,10.00
0.000550,4.999288,0.510381,0.41783,10.00
0.000560,5.000512,0.508661,0.41708,10.00
0.000570,5.001631,0.506269,0.41677,10.00
0.000580,5.002628,0.503596,0.41670,10.00
0.000590,5.003497,0.500864,0.41677,10.00
0.000600,5.003919,0.498201,0.41691,10.00
0.000610,5.002974,0.497037,0.41869,10.00
0.000620,5.002028,0.497471,0.41965,10.00
0.000630,5.001130,0.498761,0.42011,10.00
0.000640,5.000308,0.500474,0.42030,10.00
0.000650,4.999901,0.502359,0.42033,10.00
0.000660,5.000860,0.502875,0.41862,10.00
0.000670,5.001794,0.501878,0.41773,10.00
0.000680,5.002654,0.500099,0.41731,10.00
0.000690,5.003419,0.497962,0.41717,10.00
0.000700,5.003899,0.495712,0.41718,10.00
0.000710,5.003570,0.494257,0.41819,10.00
0.000720,5.003203,0.493710,0.41875,10.00
0.000730,5.002828,0.493682,0.41906,10.00
0.000740,5.002462,0.493944,0.41922,10.00
0.000750,5.002208,0.494362,0.41929,10.00
0.000760,5.002342,0.494458,0.41884,10.00
0.000770,5.002468,0.494167,0.41860,10.00
0.000780,5.002575,0.493684,0.41850,10.00
0.000790,5.002656,0.493122,0.41846,10.00
0.000800,5.002520,0.492543,0.41847,10.00
0.000810,5.001608,0.492804,0.41946,10.00
0.000820,5.000739,0.493959,0.41996,10.00
0.000830,4.999940,0.495563,0.42016,10.00
0.000840,4.999224,0.497358,0.42021,10.00
0.000850,4.998717,0.499195,0.42016,10.00
0.000860,4.998781,0.500461,0.41944,10.00
0.000870,4.998882,0.501086,0.41903,10.00
0.000880,4.999001,0.501339,0.41879,10.00
0.000890,4.999125,0.501380,0.41867,10.00
0.000900,4.999069,0.501302,0.41860,10.00
0.000910,4.998320,0.501914,0.41946,10.00
0.000920,4.997624,0.503281,0.41987,10.00
0.000930,4.997004,0.505005,0.42003,10.00
0.000940,4.996469,0.506856,0.42005,10.00
0.000950,4.996210,0.508703,0.41998,10.00
0.000960,4.996772,0.509668,0.41892,10.00
0.000970,4.997347,0.509675,0.41835,10.00
0.000980,4.997904,0.509154,0.41805,10.00
0.000990,4.998427,0.508358,0.41792,10.00
0.001000,4.998848,0.507432,0.41789,10.00
0.001010,4.998991,0.506717,0.41821,10.00
0.001020,4.999109,0.506274,0.41839,10.00
0.001030,4.999210,0.505987,0.41851,10.00
0.001040,4.999301,0.505792,0.41857,10.00
0.001050,4.999374,0.505649,0.41861,10.00
0.001060,4.999403,0.505579,0.41869,10.00
0.001070,4.999431,0.505569,0.41873,10.00
0.001080,4.999459,0.505589,0.41875,10.00
0.001090,4.999488,0.505623,0.41876,10.00
0.001100,4.999893,0.505659,0.41876,10.00
0.001110,5.001756,0.504100,0.41687,10.00
0.001120,5.003490,0.500867,0.41597,10.00
0.001130,5.005046,0.496846,0.41564,10.00
0.001140,5.006403,0.492546,0.41563,10.00
0.001150,5.007288,0.488257,0.41578,10.00
0.001160,5.006922,0.485292,0.41740,10.00
0.001170,5.006466,0.483790,0.41833,10.00
0.001180,5.005969,0.483151,0.41886,10.00
0.001190,5.005461,0.483019,0.41915,10.00
0.001200,5.004955,0.483185,0.41931,10.00
0.001210,5.004456,0.483532,0.41939,10.00
0.001220,5.003979,0.483986,0.41943,10.00
0.001230,5.003526,0.484498,0.41942,10.00
0.001240,5.003099,0.485036,0.41941,10.00
0.001250,5.002725,0.485584,0.41938,10.00
0.001260,5.002480,0.486018,0.41921,10.00
0.001270,5.002252,0.486324,0.41911,10.00
0.001280,5.002037,0.486562,0.41905,10.00
0.001290,5.001832,0.486763,0.41901,10.00
0.001300,5.001562,0.486946,0.41898,10.00
0.001310,5.001005,0.487444,0.41935,10.00
0.001320,5.000483,0.488277,0.41951,10.00
0.001330,5.000007,0.489268,0.41957,10.00
0.001340,4.999579,0.490314,0.41956,10.00
0.001350,4.999078,0.491357,0.41951,10.00
0.001360,4.998146,0.492888,0.42007,10.00
0.001370,4.997303,0.494912,0.42030,10.00
0.001380,4.996562,0.497132,0.42034,10.00
0.001390,4.995926,0.499374,0.42027,10.00
0.001400,4.995482,0.501545,0.42015,10.00
0.001410,4.995480,0.503214,0.41956,10.00
0.001420,4.995539,0.504339,0.41920,10.00
0.001430,4.995638,0.505120,0.41897,10.00
0.001440,4.995766,0.505675,0.41882,10.00
0.001450,4.995978,0.506078,0.41873,10.00
0.001460,4.996452,0.506102,0.41834,10.00
0.001470,4.996914,0.505763,0.41814,10.00
0.001480,4.997353,0.505228,0.41806,10.00
0.001490,4.997763,0.504597,0.41803,10.00
0.001500,4.998089,0.503928,0.41804,10.00
0.001510,4.998185,0.503473,0.41833,10.00
0.001520,4.998266,0.503260,0.41850,10.00
0.001530,4.998341,0.503181,0.41859,10.00
0.001540,4.998414,0.503171,0.41864,10.00
0.001550,4.998377,0.503193,0.41866,10.00
0.001560,4.997910,0.503697,0.41923,10.00
0.001570,4.997484,0.504694,0.41950,10.00
0.001580,4.997111,0.505916,0.41960,10.00
0.001590,4.996798,0.507210,0.41960,10.00
0.001600,4.996716,0.508488,0.41955,10.00
0.001610,4.997360,0.508975,0.41861,10.00
0.001620,4.997997,0.508611,0.41811,10.00
0.001630,4.998601,0.507792,0.41788,10.00
0.001640,4.999159,0.506746,0.41778,10.00
0.001650,4.999576,0.505610,0.41778,10.00
0.001660,4.999596,0.504833,0.41826,10.00
0.001670,4.999593,0.504477,0.41854,10.00
0.001680,4.999580,0.504358,0.41869,10.00
0.001690,4.999567,0.504369,0.41877,10.00
0.001700,4.999636,0.504446,0.41881,10.00
0.001710,5.000021,0.504213,0.41842,10.00
0.001720,5.000384,0.503633,0.41823,10.00
0.001730,5.000714,0.502884,0.41816,10.00
0.001740,5.001006,0.502070,0.41815,10.00
0.001750,5.001322,0.501248,0.41818,10.00
0.001760,5.001843,0.500186,0.41791,10.00
0.001770,5.002307,0.498890,0.41781,10.00
0.001780,5.002708,0.497516,0.41781,10.00
0.001790,5.003044,0.496152,0.41786,10.00
0.001800,5.003347,0.494848,0.41794,10.00
0.001810,5.003701,0.493509,0.41789,10.00
0.001820,5.003992,0.492142,0.41791,10.00
0.001830,5.004220,0.490816,0.41798,10.00
0.001840,5.004390,0.489571,0.41806,10.00
0.001850,5.004375,0.488423,0.41816,10.00
0.001860,5.003806,0.487934,0.41890,10.00
0.001870,5.003237,0.488128,0.41930,10.00
0.001880,5.002691,0.488697,0.41949,10.00
0.001890,5.002179,0.489460,0.41957,10.00
0.001900,5.001798,0.490310,0.41958,10.00
0.001910,5.001813,0.490797,0.41910,10.00
0.001920,5.001839,0.490868,0.41883,10.00
0.001930,5.001860,0.490718,0.41869,10.00
0.001940,5.001872,0.490461,0.41863,10.00
0.001950,5.001583,0.490162,0.41861,10.00
0.001960,5.000158,0.491084,0.42007,10.00
0.001970,4.998820,0.493305,0.42077,10.00
0.001980,4.997607,0.496153,0.42104,10.00
0.001990,4.996537,0.499241,0.42107,10.00
0.002000,4.995797,0.502346,0.42097,10.00
0.002010,4.995917,0.504562,0.41987,10.00
0.002020,4.996108,0.505784,0.41923,10.00
0.002030,4.996336,0.506417,0.41885,10.00
0.002040,4.996582,0.506699,0.41864,10.00
0.002050,4.996661,0.506771,0.41852,10.00
0.002060,4.996070,0.507449,0.41932,10.00
0.002070,4.995533,0.508816,0.41970,10.00
0.002080,4.995070,0.510497,0.41984,10.00
0.002090,4.994688,0.512277,0.41985,10.00
0.002100,4.994927,0.514033,0.41978,10.00
0.002110,4.997336,0.513411,0.41697,10.00
0.002120,4.999632,0.510271,0.41556,10.00
0.002130,5.001737,0.505868,0.41497,10.00
0.002140,5.003616,0.500932,0.41484,10.00
0.002150,5.004708,0.495880,0.41496,10.00
0.002160,5.003423,0.493293,0.41799,10.00
0.002170,5.002105,0.493407,0.41963,10.00
0.002180,5.000842,0.494985,0.42046,10.00
0.002190,4.999678,0.497307,0.42081,10.00
0.002200,4.998950,0.499953,0.42091,10.00
0.002210,4.999572,0.501344,0.41927,10.00
0.002220,5.000212,0.501281,0.41838,10.00
0.002230,5.000824,0.500434,0.41793,10.00
0.002240,5.001382,0.499192,0.41774,10.00
0.002250,5.001763,0.497782,0.41769,10.00
0.002260,5.001634,0.496816,0.41829,10.00
0.002270,5.001478,0.496389,0.41863,10.00
0.002280,5.001312,0.496272,0.41882,10.00
0.002290,5.001147,0.496332,0.41892,10.00
0.002300,5.000886,0.496488,0.41897,10.00
0.002310,5.000241,0.497127,0.41950,10.00
0.002320,4.999641,0.498240,0.41975,10.00
0.002330,4.999101,0.499573,0.41983,10.00
0.002340,4.998627,0.500977,0.41982,10.00
0.002350,4.998536,0.502370,0.41976,10.00
0.002360,4.999744,0.502353,0.41808,10.00
0.002370,5.000902,0.500838,0.41722,10.00
0.002380,5.001963,0.498565,0.41685,10.00
0.002390,5.002906,0.495964,0.41674,10.00
0.002400,5.003641,0.493279,0.41679,10.00
0.002410,5.003926,0.491005,0.41734,10.00
0.002420,5.004122,0.489234,0.41770,10.00
0.002430,5.004246,0.487806,0.41796,10.00
0.002440,5.004312,0.486627,0.41814,10.00
0.002450,5.004131,0.485635,0.41828,10.00
0.002460,5.003141,0.485634,0.41939,10.00
0.002470,5.002185,0.486636,0.41995,10.00
0.002480,5.001294,0.488157,0.42020,10.00
0.002490,5.000483,0.489914,0.42027,10.00
0.002500,4.999917,0.491745,0.42023,10.00
0.002510,5.000057,0.492878,0.41934,10.00
0.002520,5.000224,0.493230,0.41885,10.00
0.002530,5.000394,0.493151,0.41859,10.00
0.002540,5.000553,0.492843,0.41846,10.00
0.002550,5.000861,0.492425,0.41841,10.00
0.002560,5.001796,0.491254,0.41755,10.00
0.002570,5.002653,0.489338,0.41716,10.00
0.002580,5.003408,0.487090,0.41704,10.00
0.002590,5.004054,0.484751,0.41707,10.00
0.002600,5.004389,0.482453,0.41717,10.00
0.002610,5.003829,0.481138,0.41834,10.00
0.002620,5.003242,0.480882,0.41898,10.00
0.002630,5.002663,0.481221,0.41932,10.00
0.002640,5.002112,0.481881,0.41948,10.00
0.002650,5.001729,0.482704,0.41954,10.00
0.002660,5.001894,0.483042,0.41888,10.00
0.002670,5.002056,0.482814,0.41853,10.00
0.002680,5.002199,0.482297,0.41837,10.00
0.002690,5.002314,0.481651,0.41831,10.00
0.002700,5.002322,0.480967,0.41830,10.00
0.002710,5.002003,0.480620,0.41871,10.00
0.002720,5.001681,0.480651,0.41893,10.00
0.002730,5.001368,0.480894,0.41904,10.00
0.002740,5.001070,0.481253,0.41909,10.00
0.002750,5.000429,0.481669,0.41910,10.00
0.002760,4.998391,0.483659,0.42093,10.00
0.002770,4.996501,0.487275,0.42179,10.00
0.002780,4.994806,0.491643,0.42208,10.00
0.002790,4.993325,0.496262,0.42206,10.00
0.002800,4.992499,0.500845,0.42188,10.00
0.002810,4.993586,0.503370,0.41940,10.00
0.002820,4.994718,0.503668,0.41804,10.00
0.002830,4.995822,0.502736,0.41734,10.00
0.002840,4.996859,0.501156,0.41702,10.00
0.002850,4.997472,0.499270,0.41692,10.00
0.002860,4.996676,0.498715,0.41865,10.00
0.002870,4.995902,0.499670,0.41955,10.00
0.002880,4.995198,0.501400,0.41997,10.00
0.002890,4.994587,0.503477,0.42011,10.00
0.002900,4.994453,0.505657,0.42010,10.00
0.002910,4.995892,0.506194,0.41811,10.00
0.002920,4.997295,0.504936,0.41708,10.00
0.002930,4.998607,0.502741,0.41660,10.00
0.002940,4.999800,0.500105,0.41644,10.00
0.002950,5.000713,0.497317,0.41646,10.00
0.002960,5.000910,0.495181,0.41734,10.00
0.002970,5.001032,0.493817,0.41786,10.00
0.002980,5.001105,0.492919,0.41818,10.00
0.002990,5.001145,0.492307,0.41837,10.00
0.003000,5.001214,0.491873,0.41850,10.00
0.003010,5.001468,0.491333,0.41831,10.00
0.003020,5.001691,0.490639,0.41824,10.00
0.003030,5.001880,0.489891,0.41823,10.00
0.003040,5.002035,0.489143,0.41826,10.00
0.003050,5.002181,0.488427,0.41830,10.00
0.003060,5.002399,0.487647,0.41821,10.00
0.003070,5.002578,0.486806,0.41820,10.00
0.003080,5.002718,0.485968,0.41823,10.00
0.003090,5.002821,0.485169,0.41827,10.00
0.003100,5.002681,0.484427,0.41833,10.00
0.003110,5.001706,0.484629,0.41943,10.00
0.003120,5.000774,0.485821,0.41998,10.00
0.003130,4.999915,0.487511,0.42021,10.00
0.003140,4.999143,0.489417,0.42027,10.00
0.003150,4.998628,0.491375,0.42022,10.00
0.003160,4.998849,0.492588,0.41929,10.00
0.003170,4.999100,0.492972,0.41877,10.00
0.003180,4.999354,0.492894,0.41849,10.00
0.003190,4.999596,0.492566,0.41835,10.00
0.003200,4.999937,0.492113,0.41830,10.00
0.003210,5.000721,0.491100,0.41768,10.00
0.003220,5.001439,0.489542,0.41741,10.00
0.003230,5.002076,0.487748,0.41733,10.00
0.003240,5.002626,0.485891,0.41736,10.00
0.003250,5.002844,0.484072,0.41744,10.00
0.003260,5.002020,0.483394,0.41880,10.00
0.003270,5.001206,0.483932,0.41952,10.00
0.003280,5.000439,0.485116,0.41986,10.00
0.003290,4.999738,0.486614,0.41999,10.00
0.003300,4.999257,0.488232,0.42000,10.00
0.003310,4.999418,0.489244,0.41921,10.00
0.003320,4.999604,0.489558,0.41877,10.00
0.003330,4.999792,0.489484,0.41854,10.00
0.003340,4.999969,0.489203,0.41842,10.00
0.003350,4.999832,0.488821,0.41837,10.00
0.003360,4.998515,0.489668,0.41987,10.00
0.003370,4.997282,0.491836,0.42060,10.00
0.003380,4.996172,0.494641,0.42088,10.00
0.003390,4.995202,0.497687,0.42092,10.00
0.003400,4.994378,0.500749,0.42082,10.00
0.003410,4.993702,0.503691,0.42064,10.00
0.003420,4.993158,0.506447,0.42044,10.00
0.003430,4.992735,0.508990,0.42023,10.00
0.003440,4.992424,0.511310,0.42003,10.00
0.003450,4.992089,0.513408,0.41983,10.00
0.003460,4.991360,0.515820,0.42028,10.00
0.003470,4.990755,0.518580,0.42041,10.00
0.003480,4.990281,0.521406,0.42037,10.00
0.003490,4.989934,0.524142,0.42024,10.00
0.003500,4.989840,0.526703,0.42007,10.00
0.003510,4.990365,0.528494,0.41922,10.00
0.003520,4.990945,0.529473,0.41872,10.00
0.003530,4.991552,0.529947,0.41843,10.00
0.003540,4.992169,0.530101,0.41826,10.00
0.003550,4.993041,0.530046,0.41816,10.00
0.003560,4.994908,0.528754,0.41681,10.00
0.003570,4.996671,0.526218,0.41617,10.00
0.003580,4.998292,0.523075,0.41595,10.00
0.003590,4.999757,0.519697,0.41595,10.00
0.003600,5.000974,0.516295,0.41607,10.00
0.003610,5.001700,0.513355,0.41670,10.00
0.003620,5.002306,0.510960,0.41713,10.00
0.003630,5.002810,0.508939,0.41743,10.00
0.003640,5.003228,0.507192,0.41766,10.00
0.003650,5.003691,0.505655,0.41785,10.00
0.003660,5.004554,0.503780,0.41739,10.00
0.003670,5.005315,0.501515,0.41723,10.00
0.003680,5.005967,0.499127,0.41724,10.00
0.003690,5.006507,0.496766,0.41733,10.00
0.003700,5.006647,0.494514,0.41747,10.00
0.003710,5.005547,0.493662,0.41911,10.00
0.003720,5.004456,0.494286,0.41997,10.00
0.003730,5.003422,0.495701,0.42038,10.00
0.003740,5.002469,0.497505,0.42054,10.00
0.003750,5.001692,0.499465,0.42055,10.00
0.003760,5.001344,0.501082,0.42004,10.00
0.003770,5.001058,0.502263,0.41973,10.00
0.003780,5.000818,0.503170,0.41952,10.00
0.003790,5.000616,0.503900,0.41938,10.00
0.003800,5.000788,0.504508,0.41928,10.00
0.003810,5.002320,0.503571,0.41748,10.00
0.003820,5.003755,0.501040,0.41660,10.00
0.003830,5.005046,0.497741,0.41625,10.00
0.003840,5.006171,0.494148,0.41620,10.00
0.003850,5.006930,0.490534,0.41631,10.00
0.003860,5.006754,0.487889,0.41750,10.00
0.003870,5.006491,0.486334,0.41821,10.00
0.003880,5.006178,0.485440,0.41863,10.00
0.003890,5.005837,0.484953,0.41887,10.00
0.003900,5.005434,0.484721,0.41902,10.00
0.003910,5.004834,0.484863,0.41935,10.00
0.003920,5.004253,0.485332,0.41952,10.00
0.003930,5.003701,0.485976,0.41958,10.00
0.003940,5.003184,0.486708,0.41959,10.00
0.003950,5.002551,0.487474,0.41957,10.00
0.003960,5.001360,0.488893,0.42030,10.00
0.003970,5.000260,0.490977,0.42062,10.00
0.003980,4.999268,0.493354,0.42070,10.00
0.003990,4.998391,0.495810,0.42066,10.00
0.004000,4.997792,0.498225,0.42054,10.00
0.004010,4.997941,0.499834,0.41956,10.00
0.004020,4.998136,0.500570,0.41900,10.00
0.004030,4.998350,0.500805,0.41869,10.00
0.004040,4.998564,0.500756,0.41852,10.00
0.004050,4.998744,0.500551,0.41844,10.00
0.004060,4.998806,0.500380,0.41854,10.00
0.004070,4.998863,0.500294,0.41860,10.00
0.004080,4.998916,0.500252,0.41863,10.00
0.004090,4.998968,0.500233,0.41865,10.00
0.004100,4.999186,0.500224,0.41866,10.00
0.004110,5.000050,0.499511,0.41783,10.00
0.004120,5.000855,0.498057,0.41743,10.00
0.004130,5.001581,0.496252,0.41729,10.00
0.004140,5.002217,0.494324,0.41728,10.00
0.004150,5.002497,0.492399,0.41736,10.00
0.004160,5.001658,0.491677,0.41880,10.00
0.004170,5.000828,0.492250,0.41957,10.00
0.004180,5.000049,0.493507,0.41993,10.00
0.004190,4.999339,0.495094,0.42007,10.00
0.004200,4.998857,0.496806,0.42008,10.00
0.004210,4.999032,0.497897,0.41927,10.00
0.004220,4.999234,0.498272,0.41882,10.00
0.004230,4.999440,0.498245,0.41858,10.00
0.004240,4.999638,0.498001,0.41846,10.00
0.004250,4.999778,0.497646,0.41840,10.00
0.004260,4.999735,0.497423,0.41861,10.00
0.004270,4.999688,0.497376,0.41872,10.00
0.004280,4.999641,0.497426,0.41877,10.00
0.004290,4.999598,0.497526,0.41880,10.00
0.004300,4.999471,0.497649,0.41881,10.00
0.004310,4.998996,0.498165,0.41927,10.00
0.004320,4.998560,0.499084,0.41948,10.00
0.004330,4.998172,0.500186,0.41955,10.00
0.004340,4.997838,0.501345,0.41955,10.00
0.004350,4.997772,0.502491,0.41950,10.00
0.004360,4.998590,0.502673,0.41835,10.00
0.004370,4.999382,0.501830,0.41776,10.00
0.004380,5.000117,0.500457,0.41750,10.00
0.004390,5.000779,0.498844,0.41741,10.00
0.004400,5.001440,0.497156,0.41743,10.00
0.004410,5.002328,0.495153,0.41711,10.00
0.004420,5.003113,0.492872,0.41703,10.00
0.004430,5.003788,0.490526,0.41707,10.00
0.004440,5.004355,0.488235,0.41718,10.00
0.004450,5.004717,0.486063,0.41733,10.00
0.004460,5.004588,0.484476,0.41800,10.00
0.004470,5.004405,0.483507,0.41840,10.00
0.004480,5.004190,0.482921,0.41864,10.00
0.004490,5.003957,0.482576,0.41878,10.00
0.004500,5.003740,0.482387,0.41887,10.00
0.004510,5.003622,0.482189,0.41879,10.00
0.004520,5.003495,0.481944,0.41876,10.00
0.004530,5.003357,0.481695,0.41875,10.00
0.004540,5.003209,0.481466,0.41876,10.00
0.004550,5.003014,0.481267,0.41877,10.00
0.004560,5.002665,0.481264,0.41898,10.00
0.004570,5.002323,0.481465,0.41909,10.00
0.004580,5.001996,0.481781,0.41913,10.00
0.004590,5.001686,0.482157,0.41915,10.00
0.004600,5.001546,0.482562,0.41914,10.00
0.004610,5.002010,0.482338,0.41836,10.00
0.004620,5.002443,0.481443,0.41798,10.00
0.004630,5.002823,0.480225,0.41782,10.00
0.004640,5.003142,0.478886,0.41779,10.00
0.004650,5.003075,0.477537,0.41783,10.00
0.004660,5.001689,0.477620,0.41953,10.00
0.004670,5.000357,0.479230,0.42039,10.00
0.004680,4.999129,0.481619,0.42077,10.00
0.004690,4.998025,0.484351,0.42087,10.00
0.004700,4.997138,0.487177,0.42082,10.00
0.004710,4.996717,0.489589,0.42025,10.00
0.004720,4.996393,0.491493,0.41987,10.00
0.004730,4.996147,0.493051,0.41961,10.00
0.004740,4.995965,0.494360,0.41941,10.00
0.004750,4.995782,0.495482,0.41927,10.00
0.004760,4.995426,0.496695,0.41943,10.00
0.004770,4.995131,0.498036,0.41947,10.00
0.004780,4.994899,0.499389,0.41944,10.00
0.004790,4.994727,0.500688,0.41937,10.00
0.004800,4.994784,0.501902,0.41929,10.00
0.004810,4.995558,0.502285,0.41834,10.00
0.004820,4.996321,0.501800,0.41784,10.00
0.004830,4.997044,0.500849,0.41760,10.00
0.004840,4.997714,0.499669,0.41752,10.00
0.004850,4.998079,0.498397,0.41752,10.00
0.004860,4.997429,0.498156,0.41881,10.00
0.004870,4.996805,0.499039,0.41947,10.00
0.004880,4.996240,0.500492,0.41977,10.00
0.004890,4.995752,0.502193,0.41987,10.00
0.004900,4.995401,0.503959,0.41985,10.00
0.004910,4.995349,0.505448,0.41949,10.00
0.004920,4.995356,0.506593,0.41925,10.00
0.004930,4.995407,0.507499,0.41909,10.00
0.004940,4.995494,0.508230,0.41897,10.00
0.004950,4.995350,0.508826,0.41888,10.00
0.004960,4.994212,0.510425,0.42013,10.00
0.004970,4.993184,0.513099,0.42070,10.00
0.004980,4.992297,0.516242,0.42088,10.00
0.004990,4.991561,0.519508,0.42085,10.00
0.005000,4.991167,0.522704,0.42071,10.00
0.005010,4.991666,0.524904,0.41954,10.00
0.005020,4.992232,0.526017,0.41887,10.00
0.005030,4.992826,0.526477,0.41848,10.00
0.005040,4.993427,0.526541,0.41826,10.00
0.005050,4.994188,0.526363,0.41814,10.00
0.005060,4.995586,0.525324,0.41725,10.00
0.005070,4.996905,0.523447,0.41683,10.00
0.005080,4.998121,0.521164,0.41668,10.00
0.005090,4.999223,0.518724,0.41670,10.00
0.005100,5.000381,0.516273,0.41679,10.00
0.005110,5.002100,0.513154,0.41606,10.00
0.005120,5.003649,0.509379,0.41581,10.00
0.005130,5.005012,0.505378,0.41582,10.00
0.005140,5.006188,0.501400,0.41598,10.00
0.005150,5.007011,0.497579,0.41621,10.00
0.005160,5.006997,0.494716,0.41734,10.00
0.005170,5.006883,0.492879,0.41802,10.00
0.005180,5.006705,0.491676,0.41843,10.00
0.005190,5.006485,0.490875,0.41869,10.00
0.005200,5.006162,0.490335,0.41885,10.00
0.005210,5.005533,0.490287,0.41933,10.00
0.005220,5.004918,0.490694,0.41957,10.00
0.005230,5.004332,0.491347,0.41968,10.00
0.005240,5.003782,0.492124,0.41971,10.00
0.005250,5.003287,0.492953,0.41970,10.00
0.005260,5.002898,0.493721,0.41958,10.00
0.005270,5.002543,0.494400,0.41949,10.00
0.005280,5.002219,0.495016,0.41941,10.00
0.005290,5.001922,0.495583,0.41935,10.00
0.005300,5.001740,0.496111,0.41930,10.00
0.005310,5.001924,0.496230,0.41881,10.00
0.005320,5.002101,0.495926,0.41856,10.00
0.005330,5.002256,0.495409,0.41844,10.00
0.005340,5.002385,0.494801,0.41840,10.00
0.005350,5.002391,0.494170,0.41841,10.00
0.005360,5.002003,0.493956,0.41891,10.00
0.005370,5.001620,0.494197,0.41917,10.00
0.005380,5.001257,0.494682,0.41929,10.00
0.005390,5.000922,0.495286,0.41934,10.00
0.005400,5.000721,0.495939,0.41934,10.00
0.005410,5.000954,0.496157,0.41879,10.00
0.005420,5.001183,0.495896,0.41850,10.00
0.005430,5.001391,0.495388,0.41837,10.00
0.005440,5.001572,0.494768,0.41832,10.00
0.005450,5.001540,0.494114,0.41832,10.00
0.005460,5.000766,0.494246,0.41927,10.00
0.005470,5.000026,0.495226,0.41974,10.00
0.005480,4.999348,0.496632,0.41995,10.00
0.005490,4.998741,0.498222,0.42000,10.00
0.005500,4.998169,0.499855,0.41996,10.00
0.005510,4.997506,0.501633,0.42010,10.00
0.005520,4.996930,0.503524,0.42010,10.00
0.005530,4.996443,0.505402,0.42003,10.00
0.005540,4.996041,0.507201,0.41992,10.00
0.005550,4.996149,0.508885,0.41979,10.00
0.005560,4.998002,0.508609,0.41750,10.00
0.005570,4.999773,0.506283,0.41634,10.00
0.005580,5.001400,0.502924,0.41585,10.00
0.005590,5.002853,0.499119,0.41572,10.00
0.005600,5.003852,0.495207,0.41581,10.00
0.005610,5.003613,0.492535,0.41737,10.00
0.005620,5.003295,0.491261,0.41826,10.00
0.005630,5.002944,0.490795,0.41876,10.00
0.005640,5.002587,0.490792,0.41904,10.00
0.005650,5.002469,0.491049,0.41918,10.00
0.005660,5.003264,0.490465,0.41808,10.00
0.005670,5.004000,0.488926,0.41754,10.00
0.005680,5.004649,0.486934,0.41733,10.00
0.005690,5.005200,0.484778,0.41730,10.00
0.005700,5.005446,0.482622,0.41737,10.00
0.005710,5.004799,0.481427,0.41852,10.00
0.005720,5.004131,0.481282,0.41915,10.00
0.005730,5.003476,0.481724,0.41948,10.00
0.005740,5.002854,0.482482,0.41963,10.00
0.005750,5.001952,0.483399,0.41967,10.00
0.005760,4.999839,0.485754,0.42129,10.00
0.005770,4.997887,0.489557,0.42203,10.00
0.005780,4.996135,0.494015,0.42225,10.00
0.005790,4.994601,0.498670,0.42220,10.00
0.005800,4.993587,0.503262,0.42199,10.00
0.005810,4.993961,0.506359,0.42018,10.00
0.005820,4.994427,0.507827,0.41915,10.00
0.005830,4.994930,0.508347,0.41856,10.00
0.005840,4.995438,0.508322,0.41825,10.00
0.005850,4.995970,0.507988,0.41809,10.00
0.005860,4.996619,0.507333,0.41784,10.00
0.005870,4.997229,0.506431,0.41773,10.00
0.005880,4.997791,0.505417,0.41772,10.00
0.005890,4.998304,0.504367,0.41774,10.00
0.005900,4.998671,0.503329,0.41780,10.00
0.005910,4.998615,0.502734,0.41835,10.00
0.005920,4.998547,0.502618,0.41865,10.00
0.005930,4.998482,0.502758,0.41881,10.00
0.005940,4.998427,0.503028,0.41888,10.00
0.005950,4.998455,0.503354,0.41891,10.00
0.005960,4.998768,0.503399,0.41856,10.00
0.005970,4.999072,0.503126,0.41838,10.00
0.005980,4.999357,0.502686,0.41830,10.00
0.005990,4.999619,0.502168,0.41828,10.00
0.006000,4.999626,0.501622,0.41828,10.00
0.006010,4.998717,0.502053,0.41946,10.00
0.006020,4.997862,0.503521,0.42005,10.00
0.006030,4.997093,0.505495,0.42028,10.00
0.006040,4.996423,0.507668,0.42033,10.00
0.006050,4.995945,0.509863,0.42027,10.00
0.006060,4.995911,0.511608,0.41970,10.00
0.006070,4.995941,0.512832,0.41935,10.00
0.006080,4.996017,0.513719,0.41913,10.00
0.006090,4.996126,0.514380,0.41898,10.00
0.006100,4.996459,0.514882,0.41887,10.00
0.006110,4.997581,0.514425,0.41780,10.00
0.006120,4.998649,0.512995,0.41727,10.00
0.006130,4.999632,0.511080,0.41706,10.00
0.006140,5.000518,0.508960,0.41702,10.00
0.006150,5.001071,0.506800,0.41708,10.00
0.006160,5.000623,0.505675,0.41836,10.00
0.006170,5.000160,0.505680,0.41906,10.00
0.006180,4.999718,0.506295,0.41940,10.00
0.006190,4.999314,0.507216,0.41956,10.00
0.006200,4.999120,0.508269,0.41960,10.00
0.006210,4.999607,0.508663,0.41876,10.00
0.006220,5.000088,0.508309,0.41832,10.00
0.006230,5.000539,0.507560,0.41811,10.00
0.006240,5.000948,0.506621,0.41803,10.00
0.006250,5.001240,0.505611,0.41803,10.00
0.006260,5.001211,0.504896,0.41842,10.00
0.006270,5.001160,0.504529,0.41864,10.00
0.006280,5.001099,0.504363,0.41877,10.00
0.006290,5.001034,0.504313,0.41884,10.00
0.006300,5.001032,0.504329,0.41888,10.00
0.006310,5.001277,0.504112,0.41858,10.00
0.006320,5.001503,0.503634,0.41843,10.00
0.006330,5.001704,0.503032,0.41838,10.00
0.006340,5.001874,0.502388,0.41837,10.00
0.006350,5.002049,0.501745,0.41839,10.00
0.006360,5.002329,0.500983,0.41826,10.00
0.006370,5.002570,0.500108,0.41821,10.00
0.006380,5.002769,0.499208,0.41823,10.00
0.006390,5.002927,0.498330,0.41827,10.00
0.006400,5.002924,0.497503,0.41832,10.00
0.006410,5.002413,0.497256,0.41900,10.00
0.006420,5.001910,0.497617,0.41935,10.00
0.006430,5.001436,0.498302,0.41951,10.00
0.006440,5.001000,0.499144,0.41957,10.00
0.006450,5.000814,0.500045,0.41956,10.00
0.006460,5.001482,0.500064,0.41848,10.00
0.006470,5.002118,0.499128,0.41793,10.00
0.006480,5.002696,0.497713,0.41768,10.00
0.006490,5.003200,0.496094,0.41761,10.00
0.006500,5.003347,0.494428,0.41764,10.00
0.006510,5.002330,0.493992,0.41913,10.00
0.006520,5.001337,0.494890,0.41990,10.00
0.006530,5.000410,0.496484,0.42026,10.00
0.006540,4.999570,0.498406,0.42038,10.00
0.006550,4.998942,0.500439,0.42037,10.00
0.006560,4.998866,0.501963,0.41969,10.00
0.006570,4.998843,0.502886,0.41929,10.00
0.006580,4.998851,0.503449,0.41905,10.00
0.006590,4.998879,0.503797,0.41891,10.00
0.006600,4.999059,0.504012,0.41882,10.00
0.006610,4.999795,0.503545,0.41806,10.00
0.006620,5.000486,0.502399,0.41769,10.00
0.006630,5.001112,0.500924,0.41755,10.00
0.006640,5.001665,0.499323,0.41753,10.00
0.006650,5.001750,0.497713,0.41758,10.00
0.006660,5.000238,0.497824,0.41965,10.00
0.006670,4.998792,0.499768,0.42069,10.00
0.006680,4.997469,0.502636,0.42115,10.00
0.006690,4.996294,0.505903,0.42127,10.00
0.006700,4.995422,0.509266,0.42120,10.00
0.006710,4.995276,0.511932,0.42030,10.00
0.006720,4.995227,0.513779,0.41974,10.00
0.006730,4.995247,0.515107,0.41939,10.00
0.006740,4.995317,0.516094,0.41916,10.00
0.006750,4.995651,0.516847,0.41900,10.00
0.006760,4.996891,0.516474,0.41775,10.00
0.006770,4.998075,0.514972,0.41713,10.00
0.006780,4.999169,0.512899,0.41688,10.00
0.006790,5.000156,0.510582,0.41682,10.00
0.006800,5.001097,0.508209,0.41689,10.00
0.006810,5.002184,0.505603,0.41667,10.00
0.006820,5.003142,0.502812,0.41667,10.00
0.006830,5.003969,0.500020,0.41677,10.00
0.006840,5.004668,0.497332,0.41693,10.00
0.006850,5.005153,0.494802,0.41711,10.00
0.006860,5.005166,0.492851,0.41777,10.00
0.006870,5.005108,0.491507,0.41817,10.00
0.006880,5.005001,0.490551,0.41843,10.00
0.006890,5.004858,0.489854,0.41860,10.00
0.006900,5.004589,0.489335,0.41872,10.00
0.006910,5.003909,0.489373,0.41930,10.00
0.006920,5.003251,0.489957,0.41960,10.00
0.006930,5.002630,0.490829,0.41973,10.00
0.006940,5.002055,0.491837,0.41976,10.00
0.006950,5.001653,0.492893,0.41974,10.00
0.006960,5.001774,0.493428,0.41907,10.00
0.006970,5.001902,0.493389,0.41872,10.00
0.006980,5.002019,0.493048,0.41854,10.00
0.006990,5.002115,0.492563,0.41846,10.00
0.007000,5.002064,0.492024,0.41844,10.00
0.007010,5.001504,0.492011,0.41908,10.00
0.007020,5.000963,0.492575,0.41941,10.00
0.007030,5.000459,0.493439,0.41955,10.00
0.007040,5.000001,0.494440,0.41959,10.00
0.007050,4.999705,0.495483,0.41957,10.00
0.007060,4.999903,0.496030,0.41895,10.00
0.007070,5.000109,0.496028,0.41861,10.00
0.007080,5.000305,0.495730,0.41844,10.00
0.007090,5.000482,0.495286,0.41837,10.00
0.007100,5.000725,0.494779,0.41835,10.00
0.007110,5.001286,0.493884,0.41791,10.00
0.007120,5.001793,0.492611,0.41773,10.00
0.007130,5.002235,0.491182,0.41768,10.00
0.007140,5.002610,0.489725,0.41771,10.00
0.007150,5.002682,0.488312,0.41779,10.00
0.007160,5.001775,0.487982,0.41907,10.00
0.007170,5.000891,0.488800,0.41973,10.00
0.007180,5.000066,0.490219,0.42003,10.00
0.007190,4.999317,0.491918,0.42014,10.00
0.007200,4.998846,0.493713,0.42012,10.00
0.007210,4.999215,0.494673,0.41907,10.00
0.007220,4.999598,0.494700,0.41850,10.00
0.007230,4.999966,0.494223,0.41821,10.00
0.007240,5.000302,0.493491,0.41808,10.00
0.007250,5.000476,0.492648,0.41805,10.00
0.007260,5.000122,0.492309,0.41869,10.00
0.007270,4.999772,0.492545,0.41903,10.00
0.007280,4.999443,0.493085,0.41920,10.00
0.007290,4.999145,0.493774,0.41926,10.00
0.007300,4.998692,0.494519,0.41926,10.00
0.007310,4.997539,0.496072,0.42019,10.00
0.007320,4.996486,0.498442,0.42061,10.00
0.007330,4.995557,0.501167,0.42072,10.00
0.007340,4.994758,0.503981,0.42068,10.00
0.007350,4.993979,0.506735,0.42055,10.00
0.007360,4.992889,0.509823,0.42094,10.00
0.007370,4.991955,0.513225,0.42102,10.00
0.007380,4.991181,0.516659,0.42093,10.00
0.007390,4.990564,0.519970,0.42075,10.00
0.007400,4.990569,0.523073,0.42053,10.00
0.007410,4.992558,0.523908,0.41790,10.00
0.007420,4.994506,0.522366,0.41654,10.00
0.007430,4.996339,0.519567,0.41590,10.00
0.007440,4.998018,0.516168,0.41568,10.00
0.007450,4.999332,0.512548,0.41570,10.00
0.007460,4.999715,0.509755,0.41683,10.00
0.007470,4.999999,0.507949,0.41751,10.00
0.007480,5.000216,0.506736,0.41793,10.00
0.007490,5.000387,0.505882,0.41818,10.00
0.007500,5.000906,0.505250,0.41834,10.00
0.007510,5.002879,0.503139,0.41653,10.00
0.007520,5.004699,0.499428,0.41569,10.00
0.007530,5.006321,0.494986,0.41540,10.00
0.007540,5.007726,0.490313,0.41543,10.00
0.007550,5.008482,0.485693,0.41562,10.00
0.007560,5.007349,0.483118,0.41808,10.00
0.007570,5.006170,0.482754,0.41942,10.00
0.007580,5.005015,0.483619,0.42011,10.00
0.007590,5.003925,0.485136,0.42044,10.00
0.007600,5.002905,0.486970,0.42054,10.00
0.007610,5.001928,0.488978,0.42059,10.00
0.007620,5.001049,0.491050,0.42054,10.00
0.007630,5.000267,0.493093,0.42043,10.00
0.007640,4.999580,0.495054,0.42030,10.00
0.007650,4.998736,0.496905,0.42016,10.00
0.007660,4.997021,0.499679,0.42126,10.00
0.007670,4.995469,0.503417,0.42171,10.00
0.007680,4.994105,0.507542,0.42180,10.00
0.007690,4.992937,0.511720,0.42168,10.00
0.007700,4.992366,0.515767,0.42146,10.00
0.007710,4.993554,0.517859,0.41915,10.00
0.007720,4.994771,0.517866,0.41790,10.00
0.007730,4.995948,0.516726,0.41726,10.00
0.007740,4.997051,0.514989,0.41698,10.00
0.007750,4.998112,0.512976,0.41690,10.00
0.007760,4.999268,0.510658,0.41668,10.00
0.007770,5.000308,0.508132,0.41666,10.00
0.007780,5.001228,0.505575,0.41675,10.00
0.007790,5.002028,0.503090,0.41689,10.00
0.007800,5.002956,0.500729,0.41705,10.00
0.007810,5.004710,0.497500,0.41601,10.00
0.007820,5.006283,0.493369,0.41561,10.00
0.007830,5.007651,0.488903,0.41557,10.00
0.007840,5.008808,0.484428,0.41571,10.00
0.007850,5.009242,0.480124,0.41596,10.00
0.007860,5.007461,0.478297,0.41888,10.00
0.007870,5.005682,0.479097,0.42043,10.00
0.007880,5.003989,0.481312,0.42118,10.00
0.007890,5.002426,0.484233,0.42148,10.00
0.007900,5.001369,0.487450,0.42153,10.00
0.007910,5.001856,0.489204,0.41962,10.00
0.007920,5.002371,0.489293,0.41859,10.00
0.007930,5.002861,0.488485,0.41807,10.00
0.007940,5.003300,0.487231,0.41783,10.00
0.007950,5.003318,0.485788,0.41776,10.00
0.007960,5.001887,0.485816,0.41958,10.00
0.007970,5.000511,0.487467,0.42049,10.00
0.007980,4.999241,0.489946,0.42090,10.00
0.007990,4.998100,0.492792,0.42101,10.00
0.008000,4.997306,0.495738,0.42096,10.00
0.008010,4.997460,0.497747,0.41977,10.00
0.008020,4.997674,0.498694,0.41909,10.00
0.008030,4.997912,0.499029,0.41870,10.00
0.008040,4.998154,0.499017,0.41850,10.00
0.008050,4.998358,0.498814,0.41839,10.00
0.008060,4.998425,0.498643,0.41851,10.00
0.008070,4.998488,0.498565,0.41857,10.00
0.008080,4.998548,0.498536,0.41861,10.00
0.008090,4.998607,0.498531,0.41863,10.00
0.008100,4.998602,0.498536,0.41864,10.00
0.008110,4.998350,0.498815,0.41896,10.00
0.008120,4.998119,0.499374,0.41912,10.00
0.008130,4.997920,0.500062,0.41918,10.00
0.008140,4.997753,0.500792,0.41918,10.00
0.008150,4.997578,0.501513,0.41915,10.00
0.008160,4.997267,0.502381,0.41933,10.00
0.008170,4.997003,0.503392,0.41938,10.00
0.008180,4.996786,0.504437,0.41937,10.00
0.008190,4.996617,0.505455,0.41933,10.00
0.008200,4.996494,0.506416,0.41926,10.00
0.008210,4.996411,0.507303,0.41920,10.00
0.008220,4.996366,0.508110,0.41913,10.00
0.008230,4.996357,0.508836,0.41906,10.00
0.008240,4.996378,0.509480,0.41900,10.00
0.008250,4.996532,0.510048,0.41894,10.00
0.008260,4.997122,0.510091,0.41835,10.00
0.008270,4.997696,0.509593,0.41805,10.00
0.008280,4.998236,0.508811,0.41792,10.00
0.008290,4.998734,0.507893,0.41788,10.00
0.008300,4.999275,0.506926,0.41789,10.00
0.008310,5.000114,0.505585,0.41749,10.00
0.008320,5.000878,0.503878,0.41734,10.00
0.008330,5.001557,0.502032,0.41732,10.00
0.008340,5.002148,0.500175,0.41739,10.00
0.008350,5.002497,0.498379,0.41749,10.00
0.008360,5.002153,0.497350,0.41840,10.00
0.008370,5.001788,0.497139,0.41891,10.00
0.008380,5.001429,0.497383,0.41917,10.00
0.008390,5.001090,0.497868,0.41929,10.00
0.008400,5.000961,0.498470,0.41934,10.00
0.008410,5.001575,0.498338,0.41841,10.00
0.008420,5.002157,0.497393,0.41795,10.00
0.008430,5.002681,0.496046,0.41775,10.00
0.008440,5.003137,0.494533,0.41770,10.00
0.008450,5.003315,0.492991,0.41773,10.00
0.008460,5.002622,0.492369,0.41885,10.00
0.008470,5.001934,0.492748,0.41943,10.00
0.008480,5.001283,0.493664,0.41972,10.00
0.008490,5.000683,0.494844,0.41983,10.00
0.008500,5.000124,0.496131,0.41984,10.00
0.008510,4.999548,0.497518,0.41990,10.00
0.008520,4.999040,0.498958,0.41987,10.00
0.008530,4.998599,0.500377,0.41981,10.00
0.008540,4.998223,0.501733,0.41972,10.00
0.008550,4.997941,0.503004,0.41962,10.00
0.008560,4.997843,0.504042,0.41936,10.00
0.008570,4.997786,0.504835,0.41918,10.00
0.008580,4.997761,0.505463,0.41906,10.00
0.008590,4.997761,0.505972,0.41898,10.00
0.008600,4.997829,0.506394,0.41892,10.00
0.008610,4.998105,0.506539,0.41862,10.00
0.008620,4.998377,0.506411,0.41847,10.00
0.008630,4.998638,0.506134,0.41839,10.00
0.008640,4.998883,0.505779,0.41837,10.00
0.008650,4.999117,0.505391,0.41837,10.00
0.008660,4.999363,0.504959,0.41834,10.00
0.008670,4.999587,0.504498,0.41834,10.00
0.008680,4.999788,0.504034,0.41836,10.00
0.008690,4.999968,0.503582,0.41839,10.00
0.008700,5.000326,0.503151,0.41842,10.00
0.008710,5.001434,0.501900,0.41745,10.00
0.008720,5.002456,0.499793,0.41701,10.00
0.008730,5.003366,0.497299,0.41686,10.00
0.008740,5.004154,0.494688,0.41688,10.00
0.008750,5.004545,0.492113,0.41700,10.00
0.008760,5.003748,0.490829,0.41854,10.00
0.008770,5.002936,0.490936,0.41938,10.00
0.008780,5.002155,0.491801,0.41980,10.00
0.008790,5.001429,0.493054,0.41998,10.00
0.008800,5.000805,0.494482,0.42002,10.00
0.008810,5.000392,0.495804,0.41980,10.00
0.008820,5.000036,0.496943,0.41964,10.00
0.008830,4.999730,0.497946,0.41952,10.00
0.008840,4.999467,0.498841,0.41942,10.00
0.008850,4.999659,0.499647,0.41933,10.00
0.008860,5.001501,0.498609,0.41716,10.00
0.008870,5.003231,0.495654,0.41610,10.00
0.008880,5.004792,0.491769,0.41568,10.00
0.008890,5.006157,0.487524,0.41561,10.00
0.008900,5.006683,0.483246,0.41574,10.00
0.008910,5.004524,0.481837,0.41920,10.00
0.008920,5.002402,0.483521,0.42101,10.00
0.008930,5.000415,0.486833,0.42186,10.00
0.008940,4.998610,0.490919,0.42217,10.00
0.008950,4.997044,0.495288,0.42217,10.00
0.008960,4.995824,0.499504,0.42182,10.00
0.008970,4.994792,0.503404,0.42149,10.00
0.008980,4.993933,0.506989,0.42117,10.00
0.008990,4.993232,0.510266,0.42087,10.00
0.009000,4.992880,0.513248,0.42059,10.00
0.009010,4.993458,0.515074,0.41930,10.00
0.009020,4.994082,0.515718,0.41857,10.00
0.009030,4.994713,0.515682,0.41818,10.00
0.009040,4.995327,0.515261,0.41798,10.00
0.009050,4.995817,0.514630,0.41789,10.00
0.009060,4.995897,0.514304,0.41836,10.00
0.009070,4.995972,0.514361,0.41860,10.00
0.009080,4.996056,0.514611,0.41873,10.00
0.009090,4.996153,0.514941,0.41878,10.00
0.009100,4.996194,0.515291,0.41879,10.00
0.009110,4.995970,0.515931,0.41914,10.00
0.009120,4.995785,0.516857,0.41930,10.00
0.009130,4.995646,0.517893,0.41934,10.00
0.009140,4.995556,0.518937,0.41932,10.00
0.009150,4.995798,0.519934,0.41927,10.00
0.009160,4.997197,0.519637,0.41776,10.00
0.009170,4.998537,0.517975,0.41700,10.00
0.009180,4.999774,0.515622,0.41668,10.00
0.009190,5.000890,0.512969,0.41660,10.00
0.009200,5.001589,0.510240,0.41667,10.00
0.009210,5.001036,0.508792,0.41826,10.00
0.009220,5.000462,0.508753,0.41912,10.00
0.009230,4.999911,0.509476,0.41956,10.00
0.009240,4.999407,0.510585,0.41975,10.00
0.009250,4.999265,0.511861,0.41981,10.00
0.009260,5.000369,0.511883,0.41825,10.00
0.009270,5.001427,0.510522,0.41746,10.00
0.009280,5.002398,0.508458,0.41711,10.00
0.009290,5.003262,0.506086,0.41701,10.00
0.009300,5.003841,0.503634,0.41705,10.00
0.009310,5.003644,0.501955,0.41802,10.00
0.009320,5.003397,0.501151,0.41858,10.00
0.009330,5.003129,0.500857,0.41889,10.00
0.009340,5.002858,0.500856,0.41906,10.00
0.009350,5.002612,0.501021,0.41915,10.00
0.009360,5.002448,0.501199,0.41910,10.00
0.009370,5.002292,0.501342,0.41906,10.00
0.009380,5.002143,0.501467,0.41904,10.00
0.009390,5.002000,0.501584,0.41902,10.00
0.009400,5.001845,0.501697,0.41901,10.00
0.009410,5.001631,0.501882,0.41908,10.00
0.009420,5.001429,0.502143,0.41911,10.00
0.009430,5.001240,0.502439,0.41912,10.00
0.009440,5.001066,0.502748,0.41911,10.00
0.009450,5.000926,0.503057,0.41910,10.00
0.009460,5.000872,0.503278,0.41898,10.00
0.009470,5.000825,0.503403,0.41892,10.00
0.009480,5.000783,0.503475,0.41888,10.00
0.009490,5.000744,0.503517,0.41886,10.00
0.009500,5.000760,0.503544,0.41884,10.00
0.009510,5.000985,0.503334,0.41856,10.00
0.009520,5.001193,0.502883,0.41843,10.00
0.009530,5.001376,0.502319,0.41838,10.00
0.009540,5.001531,0.501717,0.41838,10.00
0.009550,5.001839,0.501118,0.41840,10.00
0.009560,5.002826,0.499775,0.41752,10.00
0.009570,5.003725,0.497662,0.41712,10.00
0.009580,5.004513,0.495215,0.41700,10.00
0.009590,5.005184,0.492682,0.41704,10.00
0.009600,5.005517,0.490203,0.41715,10.00
0.009610,5.004880,0.488793,0.41842,10.00
0.009620,5.004215,0.488535,0.41912,10.00
0.009630,5.003561,0.488924,0.41948,10.00
0.009640,5.002938,0.489662,0.41965,10.00
0.009650,5.002520,0.490576,0.41971,10.00
0.009660,5.002788,0.490865,0.41888,10.00
0.009670,5.003048,0.490438,0.41845,10.00
0.009680,5.003275,0.489647,0.41825,10.00
0.009690,5.003461,0.488700,0.41817,10.00
0.009700,5.003566,0.487711,0.41818,10.00
0.009710,5.003486,0.486900,0.41840,10.00
0.009720,5.003376,0.486308,0.41854,10.00
0.009730,5.003243,0.485868,0.41864,10.00
0.009740,5.003095,0.485537,0.41871,10.00
0.009750,5.002784,0.485290,0.41875,10.00
0.009760,5.001882,0.485746,0.41955,10.00
0.009770,5.001025,0.486925,0.41993,10.00
0.009780,5.000237,0.488461,0.42008,10.00
0.009790,4.999526,0.490145,0.42010,10.00
0.009800,4.999090,0.491855,0.42005,10.00
0.009810,4.999486,0.492697,0.41898,10.00
0.009820,4.999892,0.492596,0.41841,10.00
0.009830,5.000276,0.491991,0.41812,10.00
0.009840,5.000624,0.491137,0.41800,10.00
0.009850,5.000684,0.490181,0.41797,10.00
0.009860,4.999750,0.490246,0.41923,10.00
0.009870,4.998856,0.491426,0.41986,10.00
0.009880,4.998037,0.493171,0.42014,10.00
0.009890,4.997308,0.495160,0.42021,10.00
0.009900,4.996651,0.497210,0.42017,10.00
0.009910,4.995995,0.499320,0.42020,10.00
0.009920,4.995439,0.501438,0.42013,10.00
0.009930,4.994980,0.503477,0.42001,10.00
0.009940,4.994612,0.505394,0.41988,10.00
0.009950,4.994467,0.507164,0.41973,10.00
0.009960,4.994940,0.508191,0.41889,10.00
0.009970,4.995434,0.508446,0.41843,10.00
0.009980,4.995925,0.508261,0.41818,10.00
0.009990,4.996398,0.507832,0.41806,10.00
0.010000,4.996551,0.507274,0.41802,10.00
0.010010,4.995532,0.507907,0.41950,10.00
0.010020,4.994584,0.509828,0.42023,10.00
0.010030,4.993745,0.512366,0.42052,10.00
0.010040,4.993034,0.515134,0.42057,10.00
0.010050,4.992741,0.517913,0.42049,10.00
0.010060,4.993700,0.519349,0.41888,10.00
0.010070,4.994677,0.519320,0.41801,10.00
0.010080,4.995625,0.518482,0.41757,10.00
0.010090,4.996518,0.517217,0.41737,10.00
0.010100,4.997425,0.515749,0.41732,10.00
0.010110,4.998581,0.513859,0.41693,10.00
0.010120,4.999635,0.511605,0.41681,10.00
0.010130,5.000578,0.509224,0.41683,10.00
0.010140,5.001409,0.506853,0.41693,10.00
0.010150,5.001923,0.504569,0.41707,10.00
0.010160,5.001528,0.503292,0.41828,10.00
0.010170,5.001109,0.503083,0.41893,10.00
0.010180,5.000699,0.503462,0.41928,10.00
0.010190,5.000317,0.504147,0.41943,10.00
0.010200,4.999989,0.504973,0.41949,10.00
0.010210,4.999768,0.505776,0.41940,10.00
0.010220,4.999581,0.506497,0.41932,10.00
0.010230,4.999427,0.507148,0.41925,10.00
0.010240,4.999300,0.507735,0.41919,10.00
0.010250,4.999185,0.508265,0.41914,10.00
0.010260,4.999037,0.508803,0.41917,10.00
0.010270,4.998914,0.509356,0.41916,10.00
0.010280,4.998816,0.509895,0.41913,10.00
0.010290,4.998743,0.510401,0.41910,10.00
0.010300,4.998986,0.510868,0.41906,10.00
0.010310,5.000395,0.510038,0.41754,10.00
0.010320,5.001720,0.507853,0.41680,10.00
0.010330,5.002919,0.505010,0.41650,10.00
0.010340,5.003977,0.501912,0.41646,10.00
0.010350,5.004806,0.498789,0.41656,10.00
0.010360,5.005176,0.496116,0.41714,10.00
0.010370,5.005438,0.493977,0.41754,10.00
0.010380,5.005612,0.492215,0.41782,10.00
0.010390,5.005713,0.490731,0.41803,10.00
0.010400,5.005530,0.489465,0.41820,10.00
0.010410,5.004427,0.489326,0.41945,10.00
0.010420,5.003356,0.490331,0.42010,10.00
0.010430,5.002353,0.491933,0.42039,10.00
0.010440,5.001436,0.493812,0.42047,10.00
0.010450,5.000847,0.495786,0.42045,10.00
0.010460,5.001265,0.496747,0.41917,10.00
0.010470,5.001692,0.496590,0.41849,10.00
0.010480,5.002093,0.495839,0.41815,10.00
0.010490,5.002449,0.494799,0.41801,10.00
0.010500,5.002699,0.493645,0.41797,10.00
0.010510,5.002691,0.492702,0.41827,10.00
0.010520,5.002647,0.492036,0.41845,10.00
0.010530,5.002579,0.491550,0.41857,10.00
0.010540,5.002493,0.491189,0.41865,10.00
0.010550,5.002529,0.490916,0.41871,10.00
0.010560,5.003089,0.490126,0.41806,10.00
0.010570,5.003593,0.488778,0.41776,10.00
0.010580,5.004027,0.487185,0.41766,10.00
0.010590,5.004384,0.485528,0.41767,10.00
0.010600,5.004398,0.483906,0.41774,10.00
0.010610,5.003301,0.483511,0.41919,10.00
0.010620,5.002229,0.484421,0.41994,10.00
0.010630,5.001224,0.486019,0.42029,10.00
0.010640,5.000306,0.487942,0.42040,10.00
0.010650,4.999670,0.489983,0.42039,10.00
0.010660,4.999860,0.491223,0.41936,10.00
0.010670,5.000078,0.491559,0.41879,10.00
0.010680,5.000296,0.491398,0.41849,10.00
0.010690,5.000498,0.490977,0.41835,10.00
0.010700,5.000510,0.490433,0.41829,10.00
0.010710,4.999850,0.490551,0.41912,10.00
0.010720,4.999221,0.491410,0.41954,10.00
0.010730,4.998644,0.492640,0.41971,10.00
0.010740,4.998131,0.494030,0.41976,10.00
0.010750,4.997947,0.495457,0.41973,10.00
0.010760,4.998849,0.495735,0.41834,10.00
0.010770,4.999724,0.494775,0.41762,10.00
0.010780,5.000532,0.493178,0.41729,10.00
0.010790,5.001255,0.491294,0.41719,10.00
0.010800,5.001708,0.489321,0.41721,10.00
0.010810,5.001370,0.488138,0.41820,10.00
0.010820,5.001007,0.487842,0.41875,10.00
0.010830,5.000647,0.488041,0.41904,10.00
0.010840,5.000305,0.488506,0.41918,10.00
0.010850,4.999985,0.489104,0.41923,10.00
0.010860,4.999679,0.489774,0.41926,10.00
0.010870,4.999407,0.490473,0.41925,10.00
0.010880,4.999167,0.491164,0.41922,10.00
0.010890,4.998958,0.491828,0.41917,10.00
0.010900,4.998878,0.492455,0.41913,10.00
0.010910,4.999210,0.492620,0.41858,10.00
0.010920,4.999533,0.492303,0.41830,10.00
0.010930,4.999833,0.491735,0.41817,10.00
0.010940,5.000103,0.491052,0.41813,10.00
0.010950,5.000230,0.490332,0.41813,10.00
0.010960,4.999901,0.490081,0.41871,10.00
0.010970,4.999577,0.490345,0.41901,10.00
0.010980,4.999274,0.490880,0.41916,10.00
0.010990,4.999002,0.491544,0.41921,10.00
0.011000,4.998854,0.492254,0.41921,10.00
0.011010,4.999099,0.492572,0.41872,10.00
0.011020,4.999344,0.492452,0.41846,10.00
0.011030,4.999576,0.492100,0.41833,10.00
0.011040,4.999787,0.491634,0.41828,10.00
0.011050,4.999880,0.491122,0.41828,10.00
0.011060,4.999579,0.491009,0.41877,10.00
0.011070,4.999288,0.491333,0.41903,10.00
0.011080,4.999020,0.491884,0.41914,10.00
0.011090,4.998781,0.492538,0.41918,10.00
0.011100,4.998545,0.493224,0.41918,10.00
0.011110,4.998232,0.494021,0.41929,10.00
0.011120,4.997959,0.494914,0.41932,10.00
0.011130,4.997729,0.495823,0.41930,10.00
0.011140,4.997540,0.496706,0.41925,10.00
0.011150,4.997336,0.497539,0.41920,10.00
0.011160,4.996950,0.498547,0.41942,10.00
0.011170,4.996618,0.499737,0.41949,10.00
0.011180,4.996344,0.500976,0.41948,10.00
0.011190,4.996126,0.502190,0.41943,10.00
0.011200,4.995765,0.503338,0.41936,10.00
0.011210,4.994686,0.505240,0.42027,10.00
0.011220,4.993723,0.507926,0.42066,10.00
0.011230,4.992895,0.510929,0.42076,10.00
0.011240,4.992210,0.513979,0.42069,10.00
0.011250,4.991793,0.516930,0.42054,10.00
0.011260,4.992013,0.519148,0.41969,10.00
0.011270,4.992310,0.520571,0.41918,10.00
0.011280,4.992656,0.521488,0.41886,10.00
0.011290,4.993032,0.522076,0.41866,10.00
0.011300,4.993259,0.522441,0.41853,10.00
0.011310,4.992848,0.523360,0.41930,10.00
0.011320,4.992499,0.524908,0.41965,10.00
0.011330,4.992230,0.526718,0.41976,10.00
0.011340,4.992046,0.528580,0.41975,10.00
0.011350,4.992441,0.530380,0.41967,10.00
0.011360,4.994838,0.529952,0.41706,10.00
0.011370,4.997135,0.527168,0.41575,10.00
0.011380,4.999260,0.523186,0.41519,10.00
0.011390,5.001179,0.518680,0.41506,10.00
0.011400,5.002620,0.514036,0.41516,10.00
0.011410,5.002839,0.510577,0.41670,10.00
0.011420,5.002939,0.508474,0.41760,10.00
0.011430,5.002967,0.507179,0.41814,10.00
0.011440,5.002949,0.506368,0.41847,10.00
0.011450,5.002935,0.505852,0.41866,10.00
0.011460,5.003022,0.505386,0.41862,10.00
0.011470,5.003087,0.504896,0.41862,10.00
0.011480,5.003130,0.504415,0.41864,10.00
0.011490,5.003152,0.503961,0.41866,10.00
0.011500,5.003118,0.503543,0.41869,10.00
0.011510,5.002930,0.503315,0.41890,10.00
0.011520,5.002738,0.503284,0.41902,10.00
0.011530,5.002549,0.503366,0.41907,10.00
0.011540,5.002366,0.503511,0.41910,10.00
0.011550,5.002415,0.503691,0.41911,10.00
0.011560,5.003339,0.502940,0.41798,10.00
0.011570,5.004196,0.501203,0.41744,10.00
0.011580,5.004956,0.499001,0.41723,10.00
0.011590,5.005607,0.496633,0.41721,10.00
0.011600,5.006053,0.494270,0.41729,10.00
0.011610,5.006022,0.492408,0.41790,10.00
0.011620,5.005924,0.491116,0.41828,10.00
0.011630,5.005778,0.490192,0.41852,10.00
0.011640,5.005598,0.489517,0.41868,10.00
0.011650,5.005373,0.489015,0.41879,10.00
0.011660,5.005051,0.488727,0.41896,10.00
0.011670,5.004722,0.488627,0.41907,10.00
0.011680,5.004394,0.488647,0.41912,10.00
0.011690,5.004070,0.488747,0.41915,10.00
0.011700,5.003625,0.488900,0.41916,10.00
0.011710,5.002687,0.489639,0.41982,10.00
0.011720,5.001804,0.490980,0.42012,10.00
0.011730,5.000994,0.492608,0.42022,10.00
0.011740,5.000266,0.494343,0.42022,10.00
0.011750,4.999827,0.496080,0.42015,10.00
0.011760,5.000276,0.496879,0.41900,10.00
0.011770,5.000730,0.496665,0.41838,10.00
0.011780,5.001155,0.495914,0.41808,10.00
0.011790,5.001537,0.494902,0.41796,10.00
0.011800,5.001755,0.493789,0.41793,10.00
0.011810,5.001478,0.493148,0.41854,10.00
0.011820,5.001189,0.493052,0.41887,10.00
0.011830,5.000906,0.493260,0.41904,10.00
0.011840,5.000638,0.493629,0.41912,10.00
0.011850,5.000730,0.494078,0.41915,10.00
0.011860,5.002166,0.493113,0.41743,10.00
0.011870,5.003506,0.490640,0.41660,10.00
0.011880,5.004706,0.487444,0.41627,10.00
0.011890,5.005747,0.483979,0.41623,10.00
0.011900,5.006284,0.480504,0.41634,10.00
0.011910,5.005339,0.478611,0.41825,10.00
0.011920,5.004362,0.478442,0.41930,10.00
0.011930,5.003411,0.479229,0.41983,10.00
0.011940,5.002514,0.480522,0.42008,10.00
0.011950,5.001741,0.482057,0.42015,10.00
0.011960,5.001255,0.483451,0.41986,10.00
0.011970,5.000828,0.484606,0.41966,10.00
0.011980,5.000450,0.485599,0.41952,10.00
0.011990,5.000115,0.486477,0.41941,10.00
0.012000,4.999657,0.487267,0.41932,10.00
0.012010,4.998599,0.488681,0.42007,10.00
0.012020,4.997630,0.490761,0.42040,10.00
0.012030,4.996769,0.493129,0.42048,10.00
0.012040,4.996021,0.495568,0.42044,10.00
0.012050,4.995601,0.497955,0.42032,10.00
0.012060,4.996123,0.499311,0.41909,10.00
0.012070,4.996672,0.499558,0.41841,10.00
0.012080,4.997211,0.499190,0.41806,10.00
0.012090,4.997721,0.498494,0.41790,10.00
0.012100,4.998004,0.497638,0.41784,10.00
0.012110,4.997508,0.497524,0.41880,10.00
0.012120,4.997034,0.498247,0.41929,10.00
0.012130,4.996607,0.499391,0.41951,10.00
0.012140,4.996239,0.500715,0.41958,10.00
0.012150,4.995919,0.502083,0.41956,10.00
0.012160,4.995596,0.503489,0.41958,10.00
0.012170,4.995338,0.504895,0.41954,10.00
0.012180,4.995144,0.506240,0.41947,10.00
0.012190,4.995009,0.507492,0.41938,10.00
0.012200,4.995161,0.508638,0.41928,10.00
0.012210,4.996267,0.508683,0.41802,10.00
0.012220,4.997335,0.507582,0.41737,10.00
0.012230,4.998331,0.505888,0.41709,10.00
0.012240,4.999238,0.503923,0.41701,10.00
0.012250,4.999923,0.501873,0.41704,10.00
0.012260,5.000023,0.500378,0.41777,10.00
0.012270,5.000074,0.499523,0.41819,10.00
0.012280,5.000097,0.499041,0.41844,10.00
0.012290,5.000104,0.498777,0.41859,10.00
0.012300,5.000026,0.498639,0.41867,10.00
0.012310,4.999643,0.498903,0.41910,10.00
0.012320,4.999286,0.499551,0.41932,10.00
0.012330,4.998966,0.500383,0.41940,10.00
0.012340,4.998686,0.501284,0.41941,10.00
0.012350,4.998354,0.502187,0.41938,10.00
0.012360,4.997692,0.503461,0.41981,10.00
0.012370,4.997103,0.505106,0.41998,10.00
0.012380,4.996595,0.506887,0.42000,10.00
0.012390,4.996170,0.508672,0.41994,10.00
0.012400,4.996004,0.510386,0.41984,10.00
0.012410,4.996601,0.511238,0.41884,10.00
0.012420,4.997207,0.511176,0.41829,10.00
0.012430,4.997793,0.510610,0.41802,10.00
0.012440,4.998342,0.509782,0.41790,10.00
0.012450,4.998824,0.508831,0.41787,10.00
0.012460,4.999166,0.507941,0.41801,10.00
0.012470,4.999470,0.507164,0.41811,10.00
0.012480,4.999739,0.506470,0.41820,10.00
0.012490,4.999977,0.505841,0.41826,10.00
0.012500,5.000284,0.505265,0.41832,10.00
0.012510,5.000944,0.504323,0.41788,10.00
0.012520,5.001546,0.502990,0.41769,10.00
0.012530,5.002080,0.501492,0.41765,10.00
0.012540,5.002542,0.499959,0.41768,10.00
0.012550,5.002915,0.498464,0.41776,10.00
0.012560,5.003154,0.497121,0.41794,10.00
0.012570,5.003335,0.495953,0.41809,10.00
0.012580,5.003467,0.494928,0.41820,10.00
0.012590,5.003555,0.494023,0.41830,10.00
0.012600,5.003352,0.493225,0.41839,10.00
0.012610,5.002134,0.493594,0.41974,10.00
0.012620,5.000973,0.495172,0.42041,10.00
0.012630,4.999908,0.497355,0.42069,10.00
0.012640,4.998955,0.499792,0.42074,10.00
0.012650,4.998104,0.502283,0.42068,10.00
0.012660,4.997311,0.504776,0.42063,10.00
0.012670,4.996635,0.507213,0.42050,10.00
0.012680,4.996068,0.509527,0.42035,10.00
0.012690,4.995605,0.511685,0.42018,10.00
0.012700,4.995340,0.513672,0.42001,10.00
0.012710,4.995560,0.515048,0.41933,10.00
0.012720,4.995824,0.515797,0.41893,10.00
0.012730,4.996109,0.516165,0.41870,10.00
0.012740,4.996403,0.516301,0.41857,10.00
0.012750,4.996611,0.516294,0.41850,10.00
0.012760,4.996479,0.516563,0.41889,10.00
0.012770,4.996369,0.517159,0.41908,10.00
0.012780,4.996292,0.517898,0.41916,10.00
0.012790,4.996250,0.518676,0.41916,10.00
0.012800,4.996554,0.519433,0.41913,10.00
0.012810,4.998106,0.518812,0.41751,10.00
0.012820,4.999579,0.516736,0.41672,10.00
0.012830,5.000929,0.513935,0.41639,10.00
0.012840,5.002137,0.510834,0.41633,10.00
0.012850,5.002805,0.507677,0.41642,10.00
0.012860,5.001800,0.506271,0.41856,10.00
0.012870,5.000791,0.506767,0.41970,10.00
0.012880,4.999839,0.508276,0.42026,10.00
0.012890,4.998976,0.510281,0.42049,10.00
0.012900,4.998811,0.512482,0.42052,10.00
0.012910,5.001081,0.512159,0.41743,10.00
0.012920,5.003245,0.509100,0.41588,10.00
0.012930,5.005219,0.504667,0.41521,10.00
0.012940,5.006964,0.499651,0.41504,10.00
0.012950,5.008011,0.494505,0.41514,10.00
0.012960,5.007035,0.491436,0.41771,10.00
0.012970,5.005992,0.490673,0.41913,10.00
0.012980,5.004957,0.491202,0.41988,10.00
0.012990,5.003971,0.492427,0.42024,10.00
0.013000,5.003237,0.494001,0.42037,10.00
0.013010,5.003288,0.494949,0.41947,10.00
0.013020,5.003360,0.495118,0.41897,10.00
0.013030,5.003426,0.494871,0.41872,10.00
0.013040,5.003475,0.494417,0.41860,10.00
0.013050,5.003582,0.493877,0.41855,10.00
0.013060,5.003978,0.492975,0.41814,10.00
0.013070,5.004322,0.491733,0.41797,10.00
0.013080,5.004604,0.490362,0.41793,10.00
0.013090,5.004822,0.488982,0.41797,10.00
0.013100,5.005216,0.487659,0.41804,10.00
0.013110,5.006482,0.485410,0.41692,10.00
0.013120,5.007612,0.482205,0.41644,10.00
0.013130,5.008579,0.478614,0.41632,10.00
0.013140,5.009377,0.474962,0.41640,10.00
0.013150,5.009744,0.471430,0.41658,10.00
0.013160,5.008929,0.469237,0.41814,10.00
0.013170,5.008059,0.468481,0.41901,10.00
0.013180,5.007184,0.468557,0.41949,10.00
0.013190,5.006330,0.469109,0.41973,10.00
0.013200,5.005382,0.469925,0.41984,10.00
0.013210,5.003967,0.471439,0.42052,10.00
0.013220,5.002646,0.473603,0.42082,10.00
0.013230,5.001438,0.476060,0.42089,10.00
0.013240,5.000350,0.478606,0.42083,10.00
0.013250,4.999299,0.481122,0.42070,10.00
0.013260,4.998041,0.483896,0.42097,10.00
0.013270,4.996921,0.486910,0.42100,10.00
0.013280,4.995945,0.489950,0.42090,10.00
0.013290,4.995108,0.492895,0.42073,10.00
0.013300,4.994466,0.495681,0.42054,10.00
0.013310,4.994185,0.498017,0.42002,10.00
0.013320,4.993997,0.499877,0.41967,10.00
0.013330,4.993886,0.501403,0.41943,10.00
0.013340,4.993837,0.502682,0.41924,10.00
0.013350,4.993971,0.503769,0.41910,10.00
0.013360,4.994658,0.504143,0.41833,10.00
0.013370,4.995338,0.503803,0.41792,10.00
0.013380,4.995988,0.503076,0.41773,10.00
0.013390,4.996596,0.502152,0.41766,10.00
0.013400,4.996855,0.501144,0.41766,10.00
0.013410,4.995889,0.501401,0.41922,10.00
0.013420,4.994980,0.503021,0.42000,10.00
0.013430,4.994168,0.505310,0.42034,10.00
0.013440,4.993473,0.507869,0.42042,10.00
0.013450,4.992885,0.510470,0.42036,10.00
0.013460,4.992366,0.513039,0.42030,10.00
0.013470,4.991964,0.515513,0.42016,10.00
0.013480,4.991671,0.517828,0.42000,10.00
0.013490,4.991480,0.519953,0.41983,10.00
0.013500,4.991359,0.521877,0.41966,10.00
0.013510,4.991234,0.523693,0.41961,10.00
0.013520,4.991191,0.525411,0.41951,10.00
0.013530,4.991221,0.526990,0.41939,10.00
0.013540,4.991319,0.528409,0.41927,10.00
0.013550,4.991795,0.529666,0.41915,10.00
0.013560,4.993561,0.529406,0.41743,10.00
0.013570,4.995261,0.527575,0.41657,10.00
0.013580,4.996846,0.524935,0.41620,10.00
0.013590,4.998293,0.521929,0.41611,10.00
0.013600,4.999405,0.518814,0.41618,10.00
0.013610,4.999636,0.516541,0.41728,10.00
0.013620,4.999791,0.515227,0.41793,10.00
0.013630,4.999903,0.514472,0.41830,10.00
0.013640,4.999988,0.514038,0.41852,10.00
0.013650,5.000170,0.513789,0.41865,10.00
0.013660,5.000771,0.513175,0.41816,10.00
0.013670,5.001329,0.512127,0.41794,10.00
0.013680,5.001831,0.510879,0.41787,10.00
0.013690,5.002271,0.509565,0.41787,10.00
0.013700,5.002575,0.508263,0.41793,10.00
0.013710,5.002523,0.507337,0.41839,10.00
0.013720,5.002442,0.506825,0.41866,10.00
0.013730,5.002344,0.506558,0.41881,10.00
0.013740,5.002240,0.506436,0.41890,10.00
0.013750,5.002218,0.506401,0.41895,10.00
0.013760,5.002529,0.506055,0.41854,10.00
0.013770,5.002813,0.505358,0.41835,10.00
0.013780,5.003058,0.504502,0.41828,10.00
0.013790,5.003262,0.503593,0.41827,10.00
0.013800,5.003608,0.502695,0.41831,10.00
0.013810,5.004627,0.501059,0.41743,10.00
0.013820,5.005544,0.498666,0.41705,10.00
0.013830,5.006339,0.495958,0.41695,10.00
0.013840,5.007005,0.493188,0.41700,10.00
0.013850,5.007026,0.490496,0.41713,10.00
0.013860,5.004908,0.490166,0.41992,10.00
0.013870,5.002858,0.492338,0.42135,10.00
0.013880,5.000954,0.495802,0.42199,10.00
0.013890,4.999235,0.499853,0.42219,10.00
0.013900,4.997794,0.504086,0.42213,10.00
0.013910,4.996871,0.507920,0.42153,10.00
0.013920,4.996111,0.511214,0.42107,10.00
0.013930,4.995492,0.514092,0.42072,10.00
0.013940,4.994997,0.516635,0.42043,10.00
0.013950,4.995160,0.518896,0.42018,10.00
0.013960,4.997552,0.518579,0.41720,10.00
0.013970,4.999840,0.515601,0.41570,10.00
0.013980,5.001943,0.511280,0.41506,10.00
0.013990,5.003822,0.506379,0.41489,10.00
0.014000,5.005317,0.501336,0.41500,10.00
0.014010,5.006000,0.497030,0.41599,10.00
0.014020,5.006511,0.493626,0.41666,10.00
0.014030,5.006883,0.490842,0.41713,10.00
0.014040,5.007139,0.488508,0.41748,10.00
0.014050,5.007010,0.486517,0.41774,10.00
0.014060,5.005675,0.486028,0.41941,10.00
0.014070,5.004368,0.487054,0.42028,10.00
0.014080,5.003138,0.488881,0.42068,10.00
0.014090,5.002007,0.491091,0.42081,10.00
0.014100,5.001100,0.493445,0.42080,10.00
0.014110,5.000745,0.495320,0.42013,10.00
0.014120,5.000461,0.496618,0.41972,10.00
0.014130,5.000226,0.497562,0.41946,10.00
0.014140,5.000028,0.498286,0.41930,10.00
0.014150,5.000167,0.498869,0.41918,10.00
0.014160,5.001525,0.498050,0.41756,10.00
0.014170,5.002796,0.495798,0.41676,10.00
0.014180,5.003939,0.492855,0.41645,10.00
0.014190,5.004934,0.489649,0.41640,10.00
0.014200,5.005714,0.486424,0.41650,10.00
0.014210,5.006098,0.483587,0.41700,10.00
0.014220,5.006365,0.481224,0.41736,10.00
0.014230,5.006534,0.479219,0.41764,10.00
0.014240,5.006619,0.477497,0.41786,10.00
0.014250,5.006578,0.476009,0.41803,10.00
0.014260,5.006270,0.474947,0.41845,10.00
0.014270,5.005927,0.474297,0.41871,10.00
0.014280,5.005563,0.473915,0.41886,10.00
0.014290,5.005189,0.473712,0.41896,10.00
0.014300,5.004437,0.473634,0.41902,10.00
0.014310,5.002231,0.475239,0.42094,10.00
0.014320,5.000158,0.478577,0.42186,10.00
0.014330,4.998272,0.482748,0.42219,10.00
0.014340,4.996594,0.487233,0.42221,10.00
0.014350,4.995314,0.491733,0.42205,10.00
0.014360,4.994966,0.495289,0.42085,10.00
0.014370,4.994751,0.497774,0.42011,10.00
0.014380,4.994630,0.499586,0.41964,10.00
0.014390,4.994579,0.500959,0.41933,10.00
0.014400,4.994219,0.502036,0.41912,10.00
0.014410,4.992493,0.504446,0.42081,10.00
0.014420,4.990927,0.508313,0.42157,10.00
0.014430,4.989563,0.512816,0.42181,10.00
0.014440,4.988416,0.517482,0.42175,10.00
0.014450,4.988016,0.522048,0.42155,10.00
0.014460,4.989897,0.524100,0.41857,10.00
0.014470,4.991783,0.523460,0.41699,10.00
0.014480,4.993588,0.521358,0.41620,10.00
0.014490,4.995267,0.518512,0.41589,10.00
0.014500,4.996786,0.515343,0.41583,10.00
0.014510,4.998097,0.512150,0.41599,10.00
0.014520,4.999261,0.509075,0.41620,10.00
0.014530,5.000283,0.506162,0.41642,10.00
0.014540,5.001174,0.503432,0.41664,10.00
0.014550,5.001630,0.500894,0.41685,10.00
0.014560,5.000756,0.499879,0.41864,10.00
0.014570,4.999886,0.500445,0.41958,10.00
0.014580,4.999071,0.501847,0.42004,10.00
0.014590,4.998336,0.503652,0.42022,10.00
0.014600,4.997828,0.505608,0.42024,10.00
0.014610,4.997949,0.506986,0.41948,10.00
0.014620,4.998113,0.507680,0.41904,10.00
0.014630,4.998295,0.507973,0.41879,10.00
0.014640,4.998483,0.508033,0.41865,10.00
0.014650,4.998622,0.507958,0.41858,10.00
0.014660,4.998568,0.508010,0.41878,10.00
0.014670,4.998522,0.508233,0.41888,10.00
0.014680,4.998489,0.508535,0.41893,10.00
0.014690,4.998471,0.508863,0.41893,10.00
0.014700,4.998350,0.509187,0.41893,10.00
0.014710,4.997789,0.509990,0.41950,10.00
0.014720,4.997282,0.511287,0.41976,10.00
0.014730,4.996842,0.512797,0.41984,10.00
0.014740,4.996475,0.514361,0.41982,10.00
0.014750,4.996467,0.515889,0.41975,10.00
0.014760,4.997643,0.516110,0.41821,10.00
0.014770,4.998784,0.514945,0.41741,10.00
0.014780,4.999845,0.513061,0.41706,10.00
0.014790,5.000805,0.510846,0.41695,10.00
0.014800,5.001383,0.508526,0.41697,10.00
0.014810,5.000780,0.507399,0.41846,10.00
0.014820,5.000168,0.507591,0.41926,10.00
0.014830,4.999588,0.508488,0.41966,10.00
0.014840,4.999062,0.509734,0.41983,10.00
0.014850,4.998626,0.511122,0.41986,10.00
0.014860,4.998362,0.512419,0.41969,10.00
0.014870,4.998154,0.513553,0.41955,10.00
0.014880,4.997994,0.514553,0.41944,10.00
0.014890,4.997877,0.515438,0.41934,10.00
0.014900,4.998119,0.516222,0.41926,10.00
0.014910,4.999644,0.515549,0.41756,10.00
0.014920,5.001087,0.513364,0.41673,10.00
0.014930,5.002401,0.510432,0.41639,10.00
0.014940,5.003567,0.507199,0.41633,10.00
0.014950,5.004522,0.503917,0.41642,10.00
0.014960,5.005101,0.500974,0.41688,10.00
0.014970,5.005556,0.498459,0.41723,10.00
0.014980,5.005905,0.496274,0.41750,10.00
0.014990,5.006160,0.494357,0.41772,10.00
0.015000,5.006122,0.492666,0.41791,10.00
0.015010,5.005189,0.492073,0.41913,10.00
0.015020,5.004267,0.492597,0.41978,10.00
0.015030,5.003390,0.493721,0.42009,10.00
0.015040,5.002578,0.495144,0.42020,10.00
0.015050,5.001986,0.496689,0.42020,10.00
0.015060,5.002050,0.497621,0.41940,10.00
0.015070,5.002135,0.497851,0.41895,10.00
0.015080,5.002219,0.497701,0.41872,10.00
0.015090,5.002289,0.497357,0.41860,10.00
0.015100,5.002307,0.496928,0.41856,10.00
0.015110,5.002170,0.496621,0.41873,10.00
0.015120,5.002024,0.496477,0.41883,10.00
0.015130,5.001876,0.496434,0.41888,10.00
0.015140,5.001728,0.496454,0.41891,10.00
0.015150,5.001463,0.496513,0.41893,10.00
0.015160,5.000737,0.497105,0.41954,10.00
0.015170,5.000058,0.498246,0.41982,10.00
0.015180,4.999442,0.499647,0.41993,10.00
0.015190,4.998895,0.501142,0.41993,10.00
0.015200,4.998379,0.502636,0.41987,10.00
0.015210,4.997775,0.504247,0.41998,10.00
0.015220,4.997250,0.505953,0.41998,10.00
0.015230,4.996805,0.507647,0.41991,10.00
0.015240,4.996437,0.509269,0.41982,10.00
0.015250,4.996302,0.510787,0.41970,10.00
0.015260,4.996857,0.511505,0.41878,10.00
0.015270,4.997417,0.511386,0.41828,10.00
0.015280,4.997956,0.510809,0.41803,10.00
0.015290,4.998460,0.509997,0.41793,10.00
0.015300,4.999031,0.509079,0.41791,10.00
0.015310,4.999987,0.507660,0.41737,10.00
0.015320,5.000861,0.505760,0.41716,10.00
0.015330,5.001638,0.503666,0.41712,10.00
0.015340,5.002315,0.501540,0.41718,10.00
0.015350,5.003063,0.499473,0.41729,10.00
0.015360,5.004379,0.496795,0.41657,10.00
0.015370,5.005548,0.493494,0.41631,10.00
0.015380,5.006556,0.489984,0.41630,10.00
0.015390,5.007399,0.486498,0.41643,10.00
0.015400,5.007981,0.483164,0.41663,10.00
0.015410,5.008011,0.480490,0.41739,10.00
0.015420,5.007940,0.478528,0.41787,10.00
0.015430,5.007794,0.477044,0.41820,10.00
0.015440,5.007591,0.475894,0.41842,10.00
0.015450,5.007092,0.474991,0.41858,10.00
0.015460,5.005580,0.475347,0.41997,10.00
0.015470,5.004129,0.476975,0.42066,10.00
0.015480,5.002778,0.479254,0.42095,10.00
0.015490,5.001545,0.481824,0.42101,10.00
0.015500,5.000292,0.484474,0.42095,10.00
0.015510,4.998600,0.487704,0.42154,10.00
0.015520,4.997078,0.491474,0.42173,10.00
0.015530,4.995740,0.495406,0.42168,10.00
0.015540,4.994586,0.499287,0.42150,10.00
0.015550,4.993688,0.502999,0.42126,10.00
0.015560,4.993265,0.506140,0.42060,10.00
0.015570,4.992969,0.508668,0.42014,10.00
0.015580,4.992777,0.510759,0.41982,10.00
0.015590,4.992671,0.512525,0.41957,10.00
0.015600,4.992791,0.514034,0.41938,10.00
0.015610,4.993562,0.514687,0.41845,10.00
0.015620,4.994335,0.514486,0.41796,10.00
0.015630,4.995082,0.513811,0.41772,10.00
0.015640,4.995786,0.512887,0.41762,10.00
0.015650,4.996713,0.511844,0.41760,10.00
0.015660,4.998639,0.509611,0.41627,10.00
0.015670,5.000420,0.506177,0.41568,10.00
0.015680,5.002020,0.502208,0.41551,10.00
0.015690,5.003428,0.498086,0.41557,10.00
0.015700,5.004326,0.494028,0.41576,10.00
0.015710,5.003802,0.491507,0.41762,10.00
0.015720,5.003215,0.490646,0.41866,10.00
0.015730,5.002619,0.490724,0.41922,10.00
0.015740,5.002044,0.491316,0.41950,10.00
0.015750,5.001490,0.492174,0.41962,10.00
0.015760,5.000912,0.493228,0.41974,10.00
0.015770,5.000389,0.494397,0.41976,10.00
0.015780,4.999922,0.495591,0.41972,10.00
0.015790,4.999511,0.496760,0.41966,10.00
0.015800,4.999024,0.497877,0.41959,10.00
0.015810,4.998081,0.499480,0.42016,10.00
0.015820,4.997231,0.501588,0.42039,10.00
0.015830,4.996486,0.503891,0.42043,10.00
0.015840,4.995851,0.506214,0.42036,10.00
0.015850,4.995442,0.508458,0.42023,10.00
0.015860,4.995604,0.510055,0.41947,10.00
0.015870,4.995818,0.510957,0.41903,10.00
0.015880,4.996060,0.511440,0.41876,10.00
0.015890,4.996315,0.511665,0.41861,10.00
0.015900,4.996715,0.511732,0.41853,10.00
0.015910,4.997658,0.511104,0.41777,10.00
0.015920,4.998548,0.509787,0.41741,10.00
0.015930,4.999365,0.508136,0.41728,10.00
0.015940,5.000098,0.506354,0.41727,10.00
0.015950,5.000576,0.504561,0.41734,10.00
0.015960,5.000302,0.503552,0.41831,10.00
0.015970,5.000008,0.503397,0.41884,10.00
0.015980,4.999723,0.503709,0.41911,10.00
0.015990,4.999460,0.504261,0.41924,10.00
0.016000,4.999471,0.504922,0.41928,10.00
0.016010,5.000465,0.504577,0.41804,10.00
0.016020,5.001407,0.503134,0.41743,10.00
0.016030,5.002262,0.501149,0.41717,10.00
0.016040,5.003017,0.498941,0.41712,10.00
0.016050,5.003506,0.496695,0.41717,10.00
0.016060,5.003268,0.495195,0.41810,10.00
0.016070,5.002987,0.494529,0.41862,10.00
0.016080,5.002691,0.494345,0.41892,10.00
0.016090,5.002397,0.494437,0.41907,10.00
0.016100,5.002091,0.494682,0.41915,10.00
0.016110,5.001716,0.495101,0.41929,10.00
0.016120,5.001365,0.495656,0.41934,10.00
0.016130,5.001044,0.496270,0.41935,10.00
0.016140,5.000752,0.496900,0.41933,10.00
0.016150,5.000179,0.497520,0.41929,10.00
0.016160,4.998425,0.499439,0.42082,10.00
0.016170,4.996806,0.502713,0.42153,10.00
0.016180,4.995362,0.506600,0.42176,10.00
0.016190,4.994107,0.510678,0.42172,10.00
0.016200,4.993231,0.514705,0.42155,10.00
0.016210,4.993272,0.517745,0.42036,10.00
0.016220,4.993419,0.519694,0.41963,10.00
0.016230,4.993635,0.520964,0.41919,10.00
0.016240,4.993894,0.521804,0.41892,10.00
0.016250,4.994351,0.522362,0.41874,10.00
0.016260,4.995481,0.522011,0.41778,10.00
0.016270,4.996564,0.520775,0.41731,10.00
0.016280,4.997572,0.519087,0.41711,10.00
0.016290,4.998494,0.517200,0.41708,10.00
0.016300,4.999373,0.515259,0.41713,10.00
0.016310,5.000355,0.513137,0.41698,10.00
0.016320,5.001231,0.510870,0.41698,10.00
0.016330,5.002000,0.508600,0.41707,10.00
0.016340,5.002665,0.506407,0.41720,10.00
0.016350,5.003108,0.504335,0.41735,10.00
0.016360,5.002987,0.502921,0.41812,10.00
0.016370,5.002821,0.502197,0.41856,10.00
0.016380,5.002636,0.501879,0.41881,10.00
0.016390,5.002444,0.501797,0.41895,10.00
0.016400,5.002248,0.501851,0.41903,10.00
0.016410,5.002043,0.502001,0.41908,10.00
0.016420,5.001846,0.502212,0.41911,10.00
0.016430,5.001661,0.502453,0.41911,10.00
0.016440,5.001489,0.502708,0.41910,10.00
0.016450,5.001043,0.502964,0.41909,10.00
0.016460,4.999501,0.504430,0.42051,10.00
0.016470,4.998070,0.507157,0.42118,10.00
0.016480,4.996787,0.510470,0.42141,10.00
0.016490,4.995666,0.513979,0.42140,10.00
0.016500,4.994974,0.517463,0.42126,10.00
0.016510,4.995471,0.519673,0.41972,10.00
0.016520,4.996026,0.520493,0.41885,10.00
0.016530,4.996592,0.520519,0.41838,10.00
0.016540,4.997144,0.520100,0.41814,10.00
0.016550,4.997716,0.519444,0.41803,10.00
0.016560,4.998445,0.518460,0.41775,10.00
0.016570,4.999117,0.517210,0.41764,10.00
0.016580,4.999727,0.515851,0.41764,10.00
0.016590,5.000271,0.514476,0.41769,10.00
0.016600,5.000891,0.513134,0.41776,10.00
0.016610,5.001993,0.511260,0.41714,10.00
0.016620,5.002989,0.508841,0.41690,10.00
0.016630,5.003863,0.506214,0.41687,10.00
0.016640,5.004614,0.503571,0.41696,10.00
0.016650,5.005081,0.501020,0.41710,10.00
0.016660,5.004800,0.499309,0.41809,10.00
0.016670,5.004469,0.498499,0.41866,10.00
0.016680,5.004118,0.498217,0.41898,10.00
0.016690,5.003765,0.498241,0.41915,10.00
0.016700,5.003294,0.498442,0.41924,10.00
0.016710,5.002349,0.499275,0.41991,10.00
0.016720,5.001464,0.500720,0.42022,10.00
0.016730,5.000658,0.502453,0.42032,10.00
0.016740,4.999937,0.504285,0.42031,10.00
0.016750,4.999445,0.506111,0.42023,10.00
0.016760,4.999590,0.507265,0.41940,10.00
0.016770,4.999765,0.507687,0.41894,10.00
0.016780,4.999947,0.507699,0.41869,10.00
0.016790,5.000121,0.507487,0.41856,10.00
0.016800,5.000072,0.507160,0.41851,10.00
0.016810,4.999187,0.507679,0.41955,10.00
0.016820,4.998357,0.509120,0.42006,10.00
0.016830,4.997609,0.511007,0.42026,10.00
0.016840,4.996956,0.513065,0.42030,10.00
0.016850,4.996710,0.515138,0.42023,10.00
0.016860,4.997765,0.515819,0.41855,10.00
0.016870,4.998801,0.515000,0.41768,10.00
0.016880,4.999772,0.513391,0.41726,10.00
0.016890,5.000654,0.511406,0.41712,10.00
0.016900,5.001174,0.509284,0.41712,10.00
0.016910,5.000566,0.508285,0.41853,10.00
0.016920,4.999953,0.508537,0.41928,10.00
0.016930,4.999373,0.509457,0.41966,10.00
0.016940,4.998848,0.510705,0.41981,10.00
0.016950,4.998733,0.512085,0.41984,10.00
0.016960,5.000035,0.512006,0.41805,10.00
0.016970,5.001280,0.510338,0.41714,10.00
0.016980,5.002420,0.507867,0.41675,10.00
0.016990,5.003431,0.505050,0.41664,10.00
0.017000,5.004104,0.502149,0.41670,10.00
0.017010,5.003848,0.500178,0.41786,10.00
0.017020,5.003535,0.499260,0.41853,10.00
0.017030,5.003199,0.498953,0.41891,10.00
0.017040,5.002862,0.498997,0.41911,10.00
0.017050,5.002689,0.499238,0.41921,10.00
0.017060,5.003139,0.498922,0.41846,10.00
0.017070,5.003554,0.497966,0.41810,10.00
0.017080,5.003914,0.496706,0.41795,10.00
0.017090,5.004212,0.495336,0.41793,10.00
0.017100,5.004454,0.493966,0.41797,10.00
0.017110,5.004668,0.492621,0.41800,10.00
0.017120,5.004821,0.491330,0.41806,10.00
0.017130,5.004916,0.490128,0.41815,10.00
0.017140,5.004960,0.489030,0.41824,10.00
0.017150,5.005144,0.488044,0.41833,10.00
0.017160,5.006015,0.486371,0.41747,10.00
0.017170,5.006784,0.483971,0.41710,10.00
0.017180,5.007431,0.481281,0.41700,10.00
0.017190,5.007951,0.478550,0.41706,10.00
0.017200,5.008171,0.475914,0.41720,10.00
0.017210,5.007582,0.474204,0.41826,10.00
0.017220,5.006947,0.473490,0.41887,10.00
0.017230,5.006300,0.473365,0.41921,10.00
0.017240,5.005660,0.473587,0.41939,10.00
0.017250,5.005027,0.474013,0.41948,10.00
0.017260,5.004374,0.474608,0.41956,10.00
0.017270,5.003754,0.475321,0.41959,10.00
0.017280,5.003171,0.476092,0.41958,10.00
0.017290,5.002626,0.476886,0.41954,10.00
0.017300,5.001901,0.477679,0.41950,10.00
0.017310,5.000361,0.479391,0.42055,10.00
0.017320,4.998934,0.482059,0.42103,10.00
0.017330,4.997647,0.485157,0.42117,10.00
0.017340,4.996511,0.488386,0.42112,10.00
0.017350,4.995594,0.491572,0.42097,10.00
0.017360,4.995085,0.494335,0.42044,10.00
0.017370,4.994689,0.496612,0.42006,10.00
0.017380,4.994389,0.498537,0.41979,10.00
0.017390,4.994170,0.500197,0.41957,10.00
0.017400,4.994104,0.501643,0.41940,10.00
0.017410,4.994425,0.502556,0.41884,10.00
0.017420,4.994770,0.502944,0.41852,10.00
0.017430,4.995121,0.503021,0.41834,10.00
0.017440,4.995470,0.502916,0.41825,10.00
0.017450,4.995783,0.502704,0.41820,10.00
0.017460,4.995984,0.502539,0.41832,10.00
0.017470,4.996179,0.502454,0.41838,10.00
0.017480,4.996370,0.502405,0.41842,10.00
0.017490,4.996558,0.502369,0.41844,10.00
0.017500,4.996602,0.502330,0.41845,10.00
0.017510,4.996094,0.502885,0.41917,10.00
0.017520,4.995632,0.504058,0.41952,10.00
0.017530,4.995234,0.505514,0.41964,10.00
0.017540,4.994907,0.507062,0.41965,10.00
0.017550,4.994687,0.508593,0.41960,10.00
0.017560,4.994676,0.509894,0.41933,10.00
0.017570,4.994716,0.510930,0.41914,10.00
0.017580,4.994797,0.511770,0.41901,10.00
0.017590,4.994912,0.512460,0.41891,10.00
0.017600,4.995165,0.513030,0.41883,10.00
0.017610,4.995871,0.513028,0.41821,10.00
0.017620,4.996556,0.512448,0.41789,10.00
0.017630,4.997203,0.511562,0.41775,10.00
0.017640,4.997803,0.510528,0.41771,10.00
0.017650,4.998240,0.509442,0.41773,10.00
0.017660,4.998195,0.508826,0.41834,10.00
0.017670,4.998138,0.508735,0.41867,10.00
0.017680,4.998085,0.508922,0.41884,10.00
0.017690,4.998045,0.509247,0.41892,10.00
0.017700,4.998279,0.509627,0.41895,10.00
0.017710,4.999535,0.508918,0.41765,10.00
0.017720,5.000719,0.507044,0.41701,10.00
0.017730,5.001795,0.504602,0.41676,10.00
0.017740,5.002749,0.501937,0.41672,10.00
0.017750,5.003325,0.499246,0.41681,10.00
0.017760,5.002801,0.497707,0.41822,10.00
0.017770,5.002248,0.497429,0.41899,10.00
0.017780,5.001704,0.497850,0.41940,10.00
0.017790,5.001193,0.498638,0.41959,10.00
0.017800,5.000834,0.499603,0.41965,10.00
0.017810,5.000944,0.500171,0.41910,10.00
0.017820,5.001066,0.500257,0.41880,10.00
0.017830,5.001183,0.500083,0.41864,10.00
0.017840,5.001288,0.499776,0.41857,10.00
0.017850,5.001433,0.499411,0.41855,10.00
0.017860,5.001778,0.498791,0.41827,10.00
0.017870,5.002087,0.497930,0.41815,10.00
0.017880,5.002352,0.496972,0.41812,10.00
0.017890,5.002571,0.496002,0.41814,10.00
0.017900,5.002752,0.495063,0.41819,10.00
0.017910,5.002912,0.494160,0.41823,10.00
0.017920,5.003031,0.493302,0.41828,10.00
0.017930,5.003112,0.492506,0.41834,10.00
0.017940,5.003159,0.491781,0.41840,10.00
0.017950,5.003003,0.491129,0.41846,10.00
0.017960,5.002153,0.491277,0.41938,10.00
0.017970,5.001338,0.492258,0.41984,10.00
0.017980,5.000583,0.493662,0.42004,10.00
0.017990,4.999902,0.495252,0.42009,10.00
0.018000,4.999487,0.496890,0.42005,10.00
0.018010,4.999887,0.497690,0.41901,10.00
0.018020,5.000295,0.497573,0.41845,10.00
0.018030,5.000682,0.496964,0.41818,10.00
0.018040,5.001032,0.496113,0.41806,10.00
0.018050,5.001210,0.495162,0.41803,10.00
0.018060,5.000844,0.494740,0.41870,10.00
0.018070,5.000479,0.494917,0.41906,10.00
0.018080,5.000132,0.495416,0.41923,10.00
0.018090,4.999815,0.496074,0.41930,10.00
0.018100,4.999220,0.496796,0.41931,10.00
0.018110,4.997449,0.498853,0.42086,10.00
0.018120,4.995821,0.502275,0.42157,10.00
0.018130,4.994373,0.506312,0.42179,10.00
0.018140,4.993122,0.510530,0.42176,10.00
0.018150,4.992212,0.514685,0.42157,10.00
0.018160,4.992059,0.518024,0.42059,10.00
0.018170,4.992031,0.520447,0.41996,10.00
0.018180,4.992096,0.522268,0.41954,10.00
0.018190,4.992232,0.523677,0.41926,10.00
0.018200,4.992630,0.524791,0.41906,10.00
0.018210,4.993879,0.524797,0.41787,10.00
0.018220,4.995090,0.523703,0.41726,10.00
0.018230,4.996229,0.522030,0.41699,10.00
0.018240,4.997279,0.520085,0.41692,10.00
0.018250,4.998109,0.518045,0.41696,10.00
0.018260,4.998362,0.516538,0.41767,10.00
0.018270,4.998562,0.515647,0.41810,10.00
0.018280,4.998732,0.515110,0.41834,10.00
0.018290,4.998883,0.514776,0.41848,10.00
0.018300,4.998957,0.514556,0.41857,10.00
0.018310,4.998773,0.514670,0.41894,10.00
0.018320,4.998604,0.515103,0.41913,10.00
0.018330,4.998461,0.515686,0.41920,10.00
0.018340,4.998346,0.516322,0.41922,10.00
0.018350,4.998531,0.516958,0.41920,10.00
0.018360,4.999796,0.516414,0.41780,10.00
0.018370,5.000993,0.514620,0.41711,10.00
0.018380,5.002084,0.512209,0.41683,10.00
0.018390,5.003054,0.509547,0.41678,10.00
0.018400,5.003779,0.506843,0.41685,10.00
0.018410,5.003923,0.504714,0.41759,10.00
0.018420,5.003989,0.503247,0.41804,10.00
0.018430,5.004001,0.502196,0.41832,10.00
0.018440,5.003972,0.501416,0.41851,10.00
0.018450,5.003929,0.500819,0.41863,10.00
0.018460,5.003924,0.500283,0.41864,10.00
0.018470,5.003895,0.499772,0.41866,10.00
0.018480,5.003845,0.499303,0.41869,10.00
0.018490,5.003774,0.498882,0.41873,10.00
0.018500,5.003487,0.498512,0.41876,10.00
0.018510,5.002407,0.499043,0.41980,10.00
0.018520,5.001384,0.500512,0.42031,10.00
0.018530,5.000446,0.502444,0.42051,10.00
0.018540,4.999606,0.504563,0.42054,10.00
0.018550,4.999122,0.506712,0.42047,10.00
0.018560,4.999730,0.507716,0.41907,10.00
0.018570,5.000345,0.507475,0.41832,10.00
0.018580,5.000926,0.506569,0.41795,10.00
0.018590,5.001453,0.505335,0.41779,10.00
0.018600,5.001944,0.503968,0.41776,10.00
0.018610,5.002469,0.502470,0.41767,10.00
0.018620,5.002921,0.500900,0.41768,10.00
0.018630,5.003300,0.499350,0.41775,10.00
0.018640,5.003610,0.497874,0.41784,10.00
0.018650,5.003960,0.496497,0.41794,10.00
0.018660,5.004666,0.494775,0.41751,10.00
0.018670,5.005280,0.492692,0.41735,10.00
0.018680,5.005793,0.490500,0.41736,10.00
0.018690,5.006205,0.488339,0.41744,10.00
0.018700,5.006219,0.486288,0.41757,10.00
0.018710,5.004974,0.485664,0.41923,10.00
0.018720,5.003751,0.486544,0.42010,10.00
0.018730,5.002598,0.488223,0.42050,10.00
0.018740,5.001537,0.490289,0.42065,10.00
0.018750,5.000825,0.492504,0.42064,10.00
0.018760,5.001175,0.493683,0.41932,10.00
0.018770,5.001542,0.493703,0.41860,10.00
0.018780,5.001891,0.493100,0.41824,10.00
0.018790,5.002201,0.492189,0.41808,10.00
0.018800,5.002417,0.491150,0.41803,10.00
0.018810,5.002395,0.490292,0.41829,10.00
0.018820,5.002341,0.489682,0.41846,10.00
0.018830,5.002265,0.489237,0.41857,10.00
0.018840,5.002172,0.488905,0.41864,10.00
0.018850,5.001856,0.488656,0.41869,10.00
0.018860,5.000709,0.489367,0.41979,10.00
0.018870,4.999629,0.491068,0.42033,10.00
0.018880,4.998645,0.493250,0.42053,10.00
0.018890,4.997771,0.495620,0.42056,10.00
0.018900,4.996975,0.498008,0.42048,10.00
0.018910,4.996158,0.500465,0.42052,10.00
0.018920,4.995458,0.502946,0.42044,10.00
0.018930,4.994871,0.505347,0.42031,10.00
0.018940,4.994392,0.507610,0.42015,10.00
0.018950,4.994319,0.509708,0.41999,10.00
0.018960,4.995529,0.510328,0.41828,10.00
0.018970,4.996716,0.509408,0.41738,10.00
0.018980,4.997832,0.507675,0.41697,10.00
0.018990,4.998852,0.505553,0.41682,10.00
0.019000,4.999696,0.503287,0.41683,10.00
0.019010,5.000157,0.501321,0.41728,10.00
0.019020,5.000538,0.499745,0.41758,10.00
0.019030,5.000853,0.498436,0.41779,10.00
0.019040,5.001113,0.497318,0.41795,10.00
0.019050,5.001426,0.496344,0.41807,10.00
0.019060,5.002087,0.495058,0.41767,10.00
0.019070,5.002676,0.493421,0.41751,10.00
0.019080,5.003185,0.491658,0.41749,10.00
0.019090,5.003610,0.489896,0.41755,10.00
0.019100,5.003872,0.488206,0.41765,10.00
0.019110,5.003731,0.486982,0.41819,10.00
0.019120,5.003550,0.486259,0.41851,10.00
0.019130,5.003346,0.485844,0.41870,10.00
0.019140,5.003129,0.485622,0.41882,10.00
0.019150,5.003028,0.485524,0.41889,10.00
0.019160,5.003397,0.484992,0.41831,10.00
0.019170,5.003726,0.483976,0.41804,10.00
0.019180,5.004001,0.482747,0.41795,10.00
0.019190,5.004217,0.481457,0.41795,10.00
0.019200,5.004064,0.480195,0.41800,10.00
0.019210,5.002648,0.480326,0.41964,10.00
0.019220,5.001287,0.481935,0.42047,10.00
0.019230,5.000029,0.484299,0.42083,10.00
0.019240,4.998893,0.486997,0.42092,10.00
0.019250,4.998184,0.489786,0.42087,10.00
0.019260,4.998754,0.491272,0.41924,10.00
0.019270,4.999347,0.491321,0.41836,10.00
0.019280,4.999917,0.490591,0.41792,10.00
0.019290,5.000439,0.489467,0.41772,10.00
0.019300,5.000746,0.488170,0.41766,10.00
0.019310,5.000382,0.487495,0.41847,10.00
0.019320,5.000010,0.487545,0.41891,10.00
0.019330,4.999653,0.487988,0.41913,10.00
0.019340,4.999324,0.488632,0.41923,10.00
0.019350,4.998892,0.489363,0.41925,10.00
0.019360,4.997961,0.490702,0.41993,10.00
0.019370,4.997114,0.492639,0.42022,10.00
0.019380,4.996365,0.494828,0.42030,10.00
0.019390,4.995722,0.497073,0.42025,10.00
0.019400,4.995289,0.499264,0.42014,10.00
0.019410,4.995371,0.500884,0.41947,10.00
0.019420,4.995508,0.501882,0.41906,10.00
0.019430,4.995678,0.502499,0.41882,10.00
0.019440,4.995869,0.502876,0.41867,10.00
0.019450,4.996196,0.503099,0.41858,10.00
0.019460,4.997018,0.502687,0.41789,10.00
0.019470,4.997799,0.501645,0.41756,10.00
0.019480,4.998520,0.500292,0.41743,10.00
0.019490,4.999172,0.498810,0.41741,10.00
0.019500,4.999635,0.497306,0.41746,10.00
0.019510,4.999570,0.496339,0.41814,10.00
0.019520,4.999479,0.495967,0.41852,10.00
0.019530,4.999382,0.495928,0.41873,10.00
0.019540,4.999288,0.496068,0.41883,10.00
0.019550,4.999172,0.496300,0.41888,10.00
0.019560,4.998946,0.496705,0.41906,10.00
0.019570,4.998743,0.497261,0.41913,10.00
0.019580,4.998568,0.497877,0.41915,10.00
0.019590,4.998423,0.498501,0.41913,10.00
0.019600,4.998315,0.499104,0.41910,10.00
0.019610,4.998271,0.499630,0.41901,10.00
0.019620,4.998248,0.500070,0.41895,10.00
0.019630,4.998243,0.500443,0.41890,10.00
0.019640,4.998254,0.500763,0.41886,10.00
0.019650,4.998429,0.501037,0.41882,10.00
0.019660,4.999204,0.500627,0.41803,10.00
0.019670,4.999937,0.499509,0.41765,10.00
0.019680,5.000604,0.498043,0.41749,10.00
0.019690,5.001198,0.496438,0.41747,10.00
0.019700,5.001849,0.494816,0.41752,10.00
0.019710,5.002944,0.492674,0.41694,10.00
0.019720,5.003921,0.490024,0.41672,10.00
0.019730,5.004768,0.487198,0.41671,10.00
0.019740,5.005482,0.484386,0.41682,10.00
0.019750,5.005816,0.481692,0.41698,10.00
0.019760,5.005045,0.480248,0.41844,10.00
0.019770,5.004250,0.480130,0.41924,10.00
0.019780,5.003476,0.480748,0.41965,10.00
0.019790,5.002744,0.481757,0.41984,10.00
0.019800,5.001865,0.482955,0.41989,10.00
0.019810,5.000258,0.485085,0.42090,10.00
0.019820,4.998782,0.488119,0.42133,10.00
0.019830,4.997463,0.491541,0.42143,10.00
0.019840,4.996308,0.495053,0.42135,10.00
0.019850,4.995337,0.498487,0.42118,10.00
0.019860,4.994608,0.501660,0.42085,10.00
0.019870,4.994017,0.504520,0.42056,10.00
0.019880,4.993551,0.507098,0.42031,10.00
0.019890,4.993197,0.509419,0.42008,10.00
0.019900,4.993264,0.511501,0.41987,10.00
0.019910,4.994667,0.511999,0.41807,10.00
0.019920,4.996039,0.510865,0.41713,10.00
0.019930,4.997327,0.508872,0.41670,10.00
0.019940,4.998507,0.506470,0.41656,10.00
0.019950,4.999510,0.503920,0.41658,10.00
0.019960,5.000172,0.501614,0.41697,10.00
0.019970,5.000736,0.499647,0.41726,10.00
0.019980,5.001214,0.497929,0.41748,10.00
0.019990,5.001619,0.496405,0.41765,10.00
0.020000,5.001755,0.495042,0.41780,10.00
0.020010,5.001046,0.494674,0.41895,10.00
0.020020,5.000354,0.495326,0.41954,10.00
0.020030,4.999710,0.496508,0.41982,10.00
0.020040,4.999131,0.497937,0.41991,10.00
0.020050,4.998577,0.499449,0.41991,10.00
0.020060,4.997921,0.501140,0.42007,10.00
0.020070,4.997349,0.502967,0.42009,10.00
0.020080,4.996863,0.504799,0.42003,10.00
0.020090,4.996461,0.506561,0.41992,10.00
0.020100,4.996132,0.508216,0.41980,10.00
0.020110,4.995853,0.509767,0.41971,10.00
0.020120,4.995643,0.511211,0.41960,10.00
0.020130,4.995497,0.512533,0.41949,10.00
0.020140,4.995408,0.513729,0.41938,10.00
0.020150,4.995608,0.514800,0.41928,10.00
0.020160,4.996779,0.514738,0.41798,10.00
0.020170,4.997909,0.513502,0.41733,10.00
0.020180,4.998958,0.511662,0.41704,10.00
0.020190,4.999912,0.509550,0.41696,10.00
0.020200,5.000579,0.507356,0.41700,10.00
0.020210,5.000430,0.505971,0.41803,10.00
0.020220,5.000246,0.505490,0.41861,10.00
0.020230,5.000056,0.505513,0.41891,10.00
0.020240,4.999875,0.505805,0.41907,10.00
0.020250,4.999760,0.506231,0.41913,10.00
0.020260,4.999849,0.506510,0.41891,10.00
0.020270,4.999945,0.506589,0.41879,10.00
0.020280,5.000041,0.506554,0.41872,10.00
0.020290,5.000133,0.506457,0.41869,10.00
0.020300,5.000411,0.506326,0.41868,10.00
0.020310,5.001426,0.505364,0.41771,10.00
0.020320,5.002368,0.503545,0.41725,10.00
0.020330,5.003211,0.501326,0.41709,10.00
0.020340,5.003945,0.498973,0.41709,10.00
0.020350,5.004351,0.496634,0.41718,10.00
0.020360,5.003802,0.495322,0.41842,10.00
0.020370,5.003229,0.495122,0.41910,10.00
0.020380,5.002667,0.495540,0.41945,10.00
0.020390,5.002136,0.496286,0.41961,10.00
0.020400,5.001732,0.497190,0.41967,10.00
0.020410,5.001706,0.497790,0.41923,10.00
0.020420,5.001696,0.498013,0.41898,10.00
0.020430,5.001690,0.498029,0.41885,10.00
0.020440,5.001681,0.497937,0.41878,10.00
0.020450,5.001308,0.497793,0.41875,10.00
0.020460,4.999529,0.499161,0.42056,10.00
0.020470,4.997868,0.502130,0.42142,10.00
0.020480,4.996372,0.505860,0.42174,10.00
0.020490,4.995061,0.509867,0.42176,10.00
0.020500,4.994278,0.513874,0.42162,10.00
0.020510,4.994999,0.516283,0.41968,10.00
0.020520,4.995776,0.516945,0.41860,10.00
0.020530,4.996550,0.516626,0.41803,10.00
0.020540,4.997291,0.515771,0.41775,10.00
0.020550,4.998014,0.514646,0.41764,10.00
0.020560,4.998807,0.513261,0.41746,10.00
0.020570,4.999529,0.511700,0.41742,10.00
0.020580,5.000175,0.510091,0.41746,10.00
0.020590,5.000745,0.508507,0.41754,10.00
0.020600,5.001357,0.506990,0.41764,10.00
0.020610,5.002348,0.505071,0.41717,10.00
0.020620,5.003235,0.502737,0.41700,10.00
0.020630,5.004007,0.500265,0.41700,10.00
0.020640,5.004664,0.497810,0.41710,10.00
0.020650,5.004974,0.495459,0.41724,10.00
0.020660,5.004270,0.494252,0.41859,10.00
0.020670,5.003549,0.494258,0.41932,10.00
0.020680,5.002851,0.494930,0.41969,10.00
0.020690,5.002198,0.495949,0.41985,10.00
0.020700,5.001718,0.497129,0.41989,10.00
0.020710,5.001765,0.497849,0.41926,10.00
0.020720,5.001828,0.498024,0.41892,10.00
0.020730,5.001890,0.497904,0.41873,10.00
0.020740,5.001942,0.497634,0.41865,10.00
0.020750,5.001848,0.497298,0.41861,10.00
0.020760,5.001223,0.497505,0.41927,10.00
0.020770,5.000628,0.498308,0.41960,10.00
0.020780,5.000082,0.499409,0.41974,10.00
0.020790,4.999592,0.500636,0.41977,10.00
0.020800,4.999018,0.501889,0.41973,10.00
0.020810,4.997947,0.503720,0.42039,10.00
0.020820,4.996981,0.506125,0.42065,10.00
0.020830,4.996136,0.508753,0.42069,10.00
0.020840,4.995415,0.511402,0.42061,10.00
0.020850,4.994966,0.513960,0.42047,10.00
0.020860,4.995223,0.515722,0.41953,10.00
0.020870,4.995533,0.516628,0.41899,10.00
0.020880,4.995868,0.517027,0.41868,10.00
0.020890,4.996210,0.517122,0.41851,10.00
0.020900,4.996398,0.517037,0.41841,10.00
0.020910,4.995983,0.517493,0.41914,10.00
0.020920,4.995609,0.518566,0.41949,10.00
0.020930,4.995294,0.519920,0.41962,10.00
0.020940,4.995045,0.521365,0.41964,10.00
0.020950,4.995095,0.522793,0.41959,10.00
0.020960,4.996114,0.523155,0.41833,10.00
0.020970,4.997111,0.522376,0.41768,10.00
0.020980,4.998050,0.520993,0.41738,10.00
0.020990,4.998914,0.519318,0.41728,10.00
0.021000,4.999589,0.517534,0.41729,10.00
0.021010,4.999769,0.516194,0.41789,10.00
0.021020,4.999904,0.515376,0.41825,10.00
0.021030,5.000009,0.514865,0.41846,10.00
0.021040,5.000097,0.514533,0.41858,10.00
0.021050,5.000291,0.514306,0.41866,10.00
0.021060,5.000941,0.513633,0.41810,10.00
0.021070,5.001542,0.512464,0.41784,10.00
0.021080,5.002081,0.511068,0.41776,10.00
0.021090,5.002552,0.509598,0.41777,10.00
0.021100,5.002890,0.508141,0.41783,10.00
0.021110,5.002918,0.507015,0.41823,10.00
0.021120,5.002905,0.506257,0.41848,10.00
0.021130,5.002864,0.505730,0.41863,10.00
0.021140,5.002804,0.505353,0.41873,10.00
0.021150,5.002829,0.505075,0.41880,10.00
0.021160,5.003231,0.504444,0.41834,10.00
0.021170,5.003591,0.503421,0.41813,10.00
0.021180,5.003898,0.502230,0.41806,10.00
0.021190,5.004147,0.500997,0.41807,10.00
0.021200,5.004402,0.499795,0.41813,10.00
0.021210,5.004844,0.498399,0.41789,10.00
0.021220,5.005215,0.496816,0.41782,10.00
0.021230,5.005510,0.495200,0.41785,10.00
0.021240,5.005733,0.493636,0.41792,10.00
0.021250,5.005814,0.492171,0.41802,10.00
0.021260,5.005556,0.491128,0.41849,10.00
0.021270,5.005264,0.490531,0.41877,10.00
0.021280,5.004955,0.490213,0.41893,10.00
0.021290,5.004637,0.490072,0.41903,10.00
0.021300,5.004330,0.490049,0.41908,10.00
0.021310,5.004071,0.490055,0.41906,10.00
0.021320,5.003813,0.490064,0.41904,10.00
0.021330,5.003558,0.490088,0.41904,10.00
0.021340,5.003305,0.490134,0.41903,10.00
0.021350,5.002909,0.490202,0.41903,10.00
0.021360,5.001944,0.490918,0.41977,10.00
0.021370,5.001036,0.492312,0.42012,10.00
0.021380,5.000206,0.494031,0.42025,10.00
0.021390,4.999461,0.495873,0.42025,10.00
0.021400,4.998737,0.497722,0.42018,10.00
0.021410,4.997844,0.499792,0.42040,10.00
0.021420,4.997054,0.502060,0.42044,10.00
0.021430,4.996372,0.504355,0.42037,10.00
0.021440,4.995796,0.506577,0.42025,10.00
0.021450,4.995541,0.508676,0.42010,10.00
0.021460,4.996241,0.509684,0.41883,10.00
0.021470,4.996949,0.509546,0.41815,10.00
0.021480,4.997630,0.508784,0.41781,10.00
0.021490,4.998263,0.507703,0.41766,10.00
0.021500,4.998844,0.506480,0.41763,10.00
0.021510,4.999379,0.505202,0.41764,10.00
0.021520,4.999854,0.503927,0.41770,10.00
0.021530,5.000270,0.502696,0.41777,10.00
0.021540,5.000630,0.501531,0.41786,10.00
0.021550,5.001059,0.500443,0.41795,10.00
0.021560,5.001910,0.498921,0.41742,10.00
0.021570,5.002675,0.496941,0.41721,10.00
0.021580,5.003340,0.494789,0.41718,10.00
0.021590,5.003904,0.492627,0.41725,10.00
0.021600,5.003888,0.490544,0.41737,10.00
0.021610,5.001902,0.490639,0.41995,10.00
0.021620,4.999998,0.493032,0.42125,10.00
0.021630,4.998246,0.496592,0.42182,10.00
0.021640,4.996679,0.500661,0.42197,10.00
0.021650,4.995647,0.504864,0.42189,10.00
0.021660,4.996134,0.507539,0.41998,10.00
0.021670,4.996689,0.508505,0.41891,10.00
0.021680,4.997257,0.508503,0.41832,10.00
0.021690,4.997807,0.507969,0.41803,10.00
0.021700,4.998432,0.507159,0.41790,10.00
0.021710,4.999444,0.505752,0.41731,10.00
0.021720,5.000371,0.503811,0.41706,10.00
0.021730,5.001199,0.501648,0.41701,10.00
0.021740,5.001924,0.499440,0.41707,10.00
0.021750,5.002262,0.497287,0.41718,10.00
0.021760,5.001395,0.496454,0.41876,10.00
0.021770,5.000535,0.497027,0.41959,10.00
0.021780,4.999727,0.498344,0.41999,10.00
0.021790,4.998994,0.500020,0.42014,10.00
0.021800,4.998484,0.501833,0.42016,10.00
0.021810,4.998603,0.503061,0.41939,10.00
0.021820,4.998757,0.503606,0.41895,10.00
0.021830,4.998924,0.503759,0.41871,10.00
0.021840,4.999091,0.503693,0.41858,10.00
0.021850,4.999235,0.503507,0.41852,10.00
0.021860,4.999306,0.503328,0.41857,10.00
0.021870,4.999370,0.503194,0.41861,10.00
0.021880,4.999429,0.503086,0.41863,10.00
0.021890,4.999483,0.502994,0.41865,10.00
0.021900,4.999410,0.502914,0.41866,10.00
0.021910,4.998856,0.503362,0.41929,10.00
0.021920,4.998342,0.504363,0.41959,10.00
0.021930,4.997883,0.505623,0.41970,10.00
0.021940,4.997486,0.506977,0.41971,10.00
0.021950,4.997235,0.508328,0.41966,10.00
0.021960,4.997366,0.509274,0.41917,10.00
0.021970,4.997525,0.509770,0.41889,10.00
0.021980,4.997699,0.509998,0.41872,10.00
0.021990,4.997878,0.510067,0.41863,10.00
0.022000,4.998365,0.510038,0.41858,10.00
0.022010,5.000051,0.508636,0.41699,10.00
0.022020,5.001624,0.505822,0.41624,10.00
0.022030,5.003041,0.502342,0.41597,10.00
0.022040,5.004287,0.498624,0.41596,10.00
0.022050,5.005047,0.494914,0.41610,10.00
0.022060,5.004425,0.492672,0.41789,10.00
0.022070,5.003752,0.492032,0.41888,10.00
0.022080,5.003079,0.492293,0.41941,10.00
0.022090,5.002435,0.493044,0.41967,10.00
0.022100,5.001929,0.494042,0.41977,10.00
0.022110,5.001837,0.494751,0.41931,10.00
0.022120,5.001766,0.495072,0.41906,10.00
0.022130,5.001704,0.495179,0.41891,10.00
0.022140,5.001643,0.495172,0.41884,10.00
0.022150,5.001530,0.495111,0.41880,10.00
0.022160,5.001214,0.495245,0.41904,10.00
0.022170,5.000912,0.495605,0.41916,10.00
0.022180,5.000632,0.496079,0.41921,10.00
0.022190,5.000375,0.496603,0.41921,10.00
0.022200,5.000328,0.497138,0.41920,10.00
0.022210,5.001020,0.496882,0.41824,10.00
0.022220,5.001673,0.495786,0.41777,10.00
0.022230,5.002260,0.494279,0.41757,10.00
0.022240,5.002772,0.492608,0.41753,10.00
0.022250,5.003245,0.490912,0.41757,10.00
0.022260,5.003802,0.489096,0.41745,10.00
0.022270,5.004271,0.487192,0.41746,10.00
0.022280,5.004652,0.485319,0.41754,10.00
0.022290,5.004949,0.483542,0.41765,10.00
0.022300,5.005077,0.481894,0.41778,10.00
0.022310,5.004778,0.480775,0.41836,10.00
0.022320,5.004446,0.480209,0.41871,10.00
0.022330,5.004099,0.479978,0.41890,10.00
0.022340,5.003750,0.479952,0.41901,10.00
0.022350,5.003356,0.480053,0.41907,10.00
0.022360,5.002784,0.480440,0.41934,10.00
0.022370,5.002239,0.481092,0.41947,10.00
0.022380,5.001730,0.481877,0.41951,10.00
0.022390,5.001261,0.482718,0.41950,10.00
0.022400,5.001103,0.483569,0.41946,10.00
0.022410,5.002035,0.483255,0.41805,10.00
0.022420,5.002913,0.481708,0.41735,10.00
0.022430,5.003698,0.479557,0.41705,10.00
0.022440,5.004374,0.477168,0.41699,10.00
0.022450,5.004579,0.474745,0.41705,10.00
0.022460,5.003273,0.473936,0.41899,10.00
0.022470,5.001989,0.474871,0.42000,10.00
0.022480,5.000780,0.476732,0.42048,10.00
0.022490,4.999674,0.479040,0.42066,10.00
0.022500,4.998528,0.481517,0.42066,10.00
0.022510,4.996891,0.484670,0.42136,10.00
0.022520,4.995424,0.488440,0.42159,10.00
0.022530,4.994141,0.492410,0.42157,10.00
0.022540,4.993043,0.496342,0.42140,10.00
0.022550,4.992155,0.500107,0.42117,10.00
0.022560,4.991555,0.503505,0.42075,10.00
0.022570,4.991100,0.506498,0.42041,10.00
0.022580,4.990773,0.509149,0.42013,10.00
0.022590,4.990560,0.511498,0.41988,10.00
0.022600,4.990552,0.513580,0.41966,10.00
0.022610,4.991038,0.514973,0.41894,10.00
0.022620,4.991566,0.515679,0.41852,10.00
0.022630,4.992111,0.515963,0.41828,10.00
0.022640,4.992659,0.515984,0.41815,10.00
0.022650,4.993380,0.515839,0.41808,10.00
0.022660,4.994785,0.514823,0.41714,10.00
0.022670,4.996112,0.512939,0.41670,10.00
0.022680,4.997335,0.510633,0.41655,10.00
0.022690,4.998443,0.508164,0.41656,10.00
0.022700,4.999242,0.505684,0.41666,10.00
0.022710,4.999184,0.504086,0.41777,10.00
0.022720,4.999083,0.503455,0.41839,10.00
0.022730,4.998969,0.503364,0.41873,10.00
0.022740,4.998860,0.503564,0.41890,10.00
0.022750,4.998530,0.503908,0.41898,10.00
0.022760,4.997307,0.505312,0.42019,10.00
0.022770,4.996184,0.507775,0.42075,10.00
0.022780,4.995192,0.510715,0.42094,10.00
0.022790,4.994343,0.513800,0.42092,10.00
0.022800,4.993876,0.516840,0.42079,10.00
0.022810,4.994473,0.518720,0.41941,10.00
0.022820,4.995115,0.519338,0.41863,10.00
0.022830,4.995762,0.519235,0.41821,10.00
0.022840,4.996389,0.518728,0.41800,10.00
0.022850,4.997211,0.518004,0.41791,10.00
0.022860,4.998882,0.516203,0.41674,10.00
0.022870,5.000432,0.513345,0.41622,10.00
0.022880,5.001830,0.510006,0.41606,10.00
0.022890,5.003066,0.506520,0.41611,10.00
0.022900,5.003953,0.503075,0.41626,10.00
0.022910,5.003959,0.500568,0.41741,10.00
0.022920,5.003880,0.499089,0.41809,10.00
0.022930,5.003753,0.498226,0.41849,10.00
0.022940,5.003599,0.497733,0.41872,10.00
0.022950,5.003596,0.497467,0.41886,10.00
0.022960,5.004240,0.496625,0.41809,10.00
0.022970,5.004822,0.495125,0.41774,10.00
0.022980,5.005325,0.493331,0.41762,10.00
0.022990,5.005742,0.491452,0.41762,10.00
0.023000,5.005779,0.489606,0.41770,10.00
0.023010,5.004592,0.489105,0.41929,10.00
0.023020,5.003431,0.490038,0.42011,10.00
0.023030,5.002339,0.491728,0.42050,10.00
0.023040,5.001341,0.493779,0.42063,10.00
0.023050,5.000479,0.495961,0.42061,10.00
0.023060,4.999859,0.497993,0.42035,10.00
0.023070,4.999328,0.499793,0.42013,10.00
0.023080,4.998876,0.501405,0.41996,10.00
0.023090,4.998494,0.502860,0.41980,10.00
0.023100,4.998278,0.504175,0.41967,10.00
0.023110,4.998519,0.504930,0.41904,10.00
0.023120,4.998775,0.505115,0.41869,10.00
0.023130,4.999030,0.504981,0.41850,10.00
0.023140,4.999272,0.504675,0.41841,10.00
0.023150,4.999658,0.504283,0.41838,10.00
0.023160,5.000650,0.503169,0.41756,10.00
0.023170,5.001565,0.501332,0.41719,10.00
0.023180,5.002382,0.499168,0.41707,10.00
0.023190,5.003095,0.496906,0.41710,10.00
0.023200,5.003537,0.494674,0.41720,10.00
0.023210,5.003237,0.493245,0.41816,10.00
0.023220,5.002899,0.492688,0.41871,10.00
0.023230,5.002552,0.492631,0.41901,10.00
0.023240,5.002212,0.492855,0.41916,10.00
0.023250,5.001715,0.493231,0.41923,10.00
0.023260,5.000568,0.494418,0.42012,10.00
0.023270,4.999504,0.496405,0.42053,10.00
0.023280,4.998546,0.498759,0.42066,10.00
0.023290,4.997703,0.501229,0.42064,10.00
0.023300,4.997063,0.503674,0.42053,10.00
0.023310,4.996873,0.505645,0.41995,10.00
0.023320,4.996758,0.507082,0.41957,10.00
0.023330,4.996698,0.508173,0.41933,10.00
0.023340,4.996682,0.509030,0.41916,10.00
0.023350,4.996689,0.509721,0.41904,10.00
0.023360,4.996683,0.510334,0.41901,10.00
0.023370,4.996703,0.510897,0.41897,10.00
0.023380,4.996746,0.511404,0.41893,10.00
0.023390,4.996811,0.511853,0.41889,10.00
0.023400,4.997066,0.512243,0.41885,10.00
0.023410,4.998002,0.511849,0.41795,10.00
0.023420,4.998891,0.510641,0.41751,10.00
0.023430,4.999710,0.509027,0.41733,10.00
0.023440,5.000446,0.507244,0.41730,10.00
0.023450,5.000943,0.505429,0.41735,10.00
0.023460,5.000752,0.504316,0.41823,10.00
0.023470,5.000534,0.503980,0.41871,10.00
0.023480,5.000314,0.504075,0.41897,10.00
0.023490,5.000107,0.504400,0.41910,10.00
0.023500,4.999980,0.504837,0.41915,10.00
0.023510,5.000112,0.505060,0.41885,10.00
0.023520,5.000247,0.505017,0.41869,10.00
0.023530,5.000374,0.504830,0.41861,10.00
0.023540,5.000490,0.504573,0.41858,10.00
0.023550,5.000305,0.504285,0.41857,10.00
0.023560,4.998982,0.505220,0.42004,10.00
0.023570,4.997746,0.507449,0.42074,10.00
0.023580,4.996635,0.510296,0.42102,10.00
0.023590,4.995666,0.513371,0.42104,10.00
0.023600,4.995286,0.516453,0.42094,10.00
0.023610,4.996779,0.517525,0.41852,10.00
0.023620,4.998249,0.516434,0.41726,10.00
0.023630,4.999629,0.514200,0.41665,10.00
0.023640,5.000885,0.511418,0.41643,10.00
0.023650,5.001862,0.508431,0.41643,10.00
0.023660,5.002149,0.506037,0.41725,10.00
0.023670,5.002347,0.504372,0.41776,10.00
0.023680,5.002482,0.503163,0.41808,10.00
0.023690,5.002569,0.502247,0.41828,10.00
0.023700,5.002441,0.501526,0.41843,10.00
0.023710,5.001587,0.501704,0.41943,10.00
0.023720,5.000770,0.502780,0.41993,10.00
0.023730,5.000020,0.504309,0.42015,10.00
0.023740,4.999349,0.506031,0.42019,10.00
0.023750,4.998932,0.507797,0.42015,10.00
0.023760,4.999265,0.508793,0.41920,10.00
0.023770,4.999616,0.508939,0.41868,10.00
0.023780,4.999959,0.508618,0.41841,10.00
0.023790,5.000279,0.508053,0.41828,10.00
0.023800,5.000415,0.507373,0.41824,10.00
0.023810,4.999922,0.507307,0.41901,10.00
0.023820,4.999448,0.507925,0.41941,10.00
0.023830,4.999015,0.508891,0.41959,10.00
0.023840,4.998633,0.510009,0.41964,10.00
0.023850,4.998755,0.511166,0.41962,10.00
0.023860,5.000686,0.510380,0.41729,10.00
0.023870,5.002512,0.507526,0.41614,10.00
0.023880,5.004169,0.503654,0.41566,10.00
0.023890,5.005630,0.499371,0.41557,10.00
0.023900,5.006603,0.495022,0.41569,10.00
0.023910,5.006275,0.492010,0.41734,10.00
0.023920,5.005855,0.490494,0.41830,10.00
0.023930,5.005393,0.489857,0.41884,10.00
0.023940,5.004920,0.489733,0.41914,10.00
0.023950,5.004620,0.489908,0.41930,10.00
0.023960,5.004993,0.489535,0.41852,10.00
0.023970,5.005327,0.488505,0.41815,10.00
0.023980,5.005604,0.487171,0.41799,10.00
0.023990,5.005816,0.485736,0.41797,10.00
0.024000,5.005793,0.484313,0.41801,10.00
0.024010,5.005052,0.483682,0.41894,10.00
0.024020,5.004311,0.483907,0.41944,10.00
0.024030,5.003597,0.484605,0.41968,10.00
0.024040,5.002925,0.485549,0.41978,10.00
0.024050,5.002432,0.486607,0.41980,10.00
0.024060,5.002496,0.487151,0.41911,10.00
0.024070,5.002567,0.487110,0.41874,10.00
0.024080,5.002627,0.486765,0.41856,10.00
0.024090,5.002666,0.486278,0.41848,10.00
0.024100,5.002342,0.485742,0.41846,10.00
0.024110,5.000671,0.486656,0.42019,10.00
0.024120,4.999095,0.489114,0.42103,10.00
0.024130,4.997661,0.492328,0.42137,10.00
0.024140,4.996388,0.495841,0.42142,10.00
0.024150,4.995211,0.499391,0.42131,10.00
0.024160,4.993921,0.503135,0.42147,10.00
0.024170,4.992812,0.507008,0.42142,10.00
0.024180,4.991881,0.510801,0.42124,10.00
0.024190,4.991122,0.514403,0.42100,10.00
0.024200,4.990862,0.517755,0.42074,10.00
0.024210,4.992069,0.519390,0.41877,10.00
0.024220,4.993292,0.519234,0.41771,10.00
0.024230,4.994473,0.518093,0.41718,10.00
0.024240,4.995581,0.516438,0.41695,10.00
0.024250,4.996669,0.514545,0.41689,10.00
0.024260,4.997921,0.512293,0.41660,10.00
0.024270,4.999056,0.509761,0.41654,10.00
0.024280,5.000069,0.507157,0.41661,10.00
0.024290,5.000960,0.504600,0.41674,10.00
0.024300,5.001597,0.502154,0.41690,10.00
0.024310,5.001592,0.500436,0.41777,10.00
0.024320,5.001532,0.499488,0.41827,10.00
0.024330,5.001442,0.498993,0.41856,10.00
0.024340,5.001338,0.498764,0.41873,10.00
0.024350,5.001094,0.498690,0.41882,10.00
0.024360,5.000321,0.499283,0.41956,10.00
0.024370,4.999598,0.500532,0.41991,10.00
0.024380,4.998945,0.502093,0.42004,10.00
0.024390,4.998369,0.503768,0.42004,10.00
0.024400,4.997714,0.505444,0.41998,10.00
0.024410,4.996523,0.507729,0.42068,10.00
0.024420,4.995460,0.510620,0.42095,10.00
0.024430,4.994539,0.513730,0.42098,10.00
0.024440,4.993764,0.516837,0.42087,10.00
0.024450,4.993671,0.519819,0.42070,10.00
0.024460,4.995814,0.520310,0.41776,10.00
0.024470,4.997893,0.518174,0.41626,10.00
0.024480,4.999824,0.514677,0.41557,10.00
0.024490,5.001570,0.510556,0.41536,10.00
0.024500,5.002795,0.506237,0.41541,10.00
0.024510,5.002578,0.503318,0.41720,10.00
0.024520,5.002276,0.501994,0.41823,10.00
0.024530,5.001942,0.501584,0.41879,10.00
0.024540,5.001606,0.501687,0.41910,10.00
0.024550,5.001130,0.502067,0.41925,10.00
0.024560,5.000076,0.503246,0.42009,10.00
0.024570,4.999102,0.505175,0.42047,10.00
0.024580,4.998230,0.507441,0.42059,10.00
0.024590,4.997469,0.509809,0.42057,10.00
0.024600,4.997187,0.512144,0.42046,10.00
0.024610,4.998450,0.512799,0.41845,10.00
0.024620,4.999684,0.511663,0.41741,10.00
0.024630,5.000834,0.509593,0.41692,10.00
0.024640,5.001871,0.507086,0.41675,10.00
0.024650,5.002742,0.504430,0.41676,10.00
0.024660,5.003322,0.501969,0.41708,10.00
0.024670,5.003796,0.499803,0.41734,10.00
0.024680,5.004177,0.497879,0.41755,10.00
0.024690,5.004475,0.496162,0.41774,10.00
0.024700,5.004391,0.494627,0.41789,10.00
0.024710,5.003046,0.494563,0.41958,10.00
0.024720,5.001750,0.496016,0.42044,10.00
0.024730,5.000548,0.498247,0.42083,10.00
0.024740,4.999464,0.500827,0.42093,10.00
0.024750,4.998571,0.503510,0.42089,10.00
0.024760,4.998058,0.505875,0.42043,10.00
0.024770,4.997644,0.507833,0.42011,10.00
0.024780,4.997312,0.509496,0.41987,10.00
0.024790,4.997051,0.510938,0.41969,10.00
0.024800,4.997053,0.512201,0.41954,10.00
0.024810,4.997893,0.512459,0.41840,10.00
0.024820,4.998710,0.511691,0.41781,10.00
0.024830,4.999472,0.510388,0.41754,10.00
0.024840,5.000164,0.508837,0.41745,10.00
0.024850,5.000772,0.507201,0.41747,10.00
0.024860,5.001272,0.505609,0.41758,10.00
0.024870,5.001699,0.504116,0.41769,10.00
0.024880,5.002060,0.502730,0.41781,10.00
0.024890,5.002359,0.501454,0.41792,10.00
0.024900,5.002720,0.500286,0.41803,10.00
0.024910,5.003487,0.498722,0.41753,10.00
0.024920,5.004168,0.496734,0.41734,10.00
0.024930,5.004750,0.494595,0.41732,10.00
0.024940,5.005232,0.492460,0.41739,10.00
0.024950,5.005539,0.490415,0.41751,10.00
0.024960,5.005454,0.488834,0.41804,10.00
0.024970,5.005312,0.487754,0.41837,10.00
0.024980,5.005131,0.486999,0.41858,10.00
0.024990,5.004923,0.486463,0.41872,10.00
0.025000,5.004667,0.486080,0.41881,10.00
0.025010,5.004284,0.485932,0.41902,10.00
0.025020,5.003903,0.486000,0.41913,10.00
0.025030,5.003531,0.486197,0.41919,10.00
0.025040,5.003171,0.486470,0.41921,10.00
0.025050,5.002631,0.486789,0.41921,10.00
0.025060,5.001345,0.487968,0.42019,10.00
0.025070,5.000145,0.490032,0.42064,10.00
0.025080,4.999057,0.492511,0.42080,10.00
0.025090,4.998090,0.495132,0.42078,10.00
0.025100,4.997350,0.497740,0.42067,10.00
0.025110,4.997128,0.499813,0.42000,10.00
0.025120,4.996984,0.501283,0.41958,10.00
0.025130,4.996897,0.502372,0.41931,10.00
0.025140,4.996852,0.503210,0.41913,10.00
0.025150,4.996717,0.503877,0.41901,10.00
0.025160,4.996129,0.504946,0.41955,10.00
0.025170,4.995607,0.506470,0.41978,10.00
0.025180,4.995161,0.508179,0.41984,10.00
0.025190,4.994796,0.509916,0.41980,10.00
0.025200,4.994992,0.511596,0.41971,10.00
0.025210,4.997134,0.511125,0.41718,10.00
0.025220,4.999178,0.508385,0.41591,10.00
0.025230,5.001055,0.504504,0.41537,10.00
0.025240,5.002732,0.500139,0.41524,10.00
0.025250,5.004058,0.495663,0.41535,10.00
0.025260,5.004626,0.491891,0.41628,10.00
0.025270,5.005046,0.488966,0.41690,10.00
0.025280,5.005347,0.486613,0.41733,10.00
0.025290,5.005551,0.484665,0.41764,10.00
0.025300,5.005481,0.483020,0.41787,10.00
0.025310,5.004590,0.482437,0.41903,10.00
0.025320,5.003706,0.482913,0.41964,10.00
0.025330,5.002866,0.483959,0.41993,10.00
0.025340,5.002085,0.485292,0.42004,10.00
0.025350,5.001266,0.486744,0.42005,10.00
0.025360,5.000103,0.488673,0.42053,10.00
0.025370,4.999046,0.491044,0.42071,10.00
0.025380,4.998107,0.493577,0.42070,10.00
0.025390,4.997288,0.496109,0.42061,10.00
0.025400,4.996465,0.498551,0.42046,10.00
0.025410,4.995288,0.501364,0.42090,10.00
0.025420,4.994256,0.504548,0.42101,10.00
0.025430,4.993375,0.507810,0.42095,10.00
0.025440,4.992645,0.510988,0.42079,10.00
0.025450,4.992058,0.513993,0.42059,10.00
0.025460,4.991609,0.516777,0.42037,10.00
0.025470,4.991282,0.519320,0.42014,10.00
0.025480,4.991064,0.521621,0.41993,10.00
0.025490,4.990946,0.523686,0.41974,10.00
0.025500,4.991081,0.525526,0.41956,10.00
0.025510,4.991936,0.526449,0.41856,10.00
0.025520,4.992802,0.526437,0.41802,10.00
0.025530,4.993648,0.525893,0.41774,10.00
0.025540,4.994457,0.525058,0.41762,10.00
0.025550,4.995522,0.524071,0.41759,10.00
0.025560,4.997713,0.521729,0.41608,10.00
0.025570,4.999747,0.518023,0.41540,10.00
0.025580,5.001585,0.513696,0.41520,10.00
0.025590,5.003212,0.509178,0.41526,10.00
0.025600,5.004161,0.504712,0.41546,10.00
0.025610,5.003093,0.502418,0.41809,10.00
0.025620,5.001993,0.502460,0.41951,10.00
0.025630,5.000938,0.503767,0.42023,10.00
0.025640,4.999966,0.505717,0.42054,10.00
0.025650,4.999262,0.507949,0.42062,10.00
0.025660,4.999315,0.509544,0.41974,10.00
0.025670,4.999417,0.510353,0.41923,10.00
0.025680,4.999542,0.510705,0.41894,10.00
0.025690,4.999674,0.510795,0.41878,10.00
0.025700,4.999954,0.510735,0.41869,10.00
0.025710,5.000803,0.509965,0.41790,10.00
0.025720,5.001593,0.508492,0.41753,10.00
0.025730,5.002303,0.506692,0.41740,10.00
0.025740,5.002924,0.504778,0.41740,10.00
0.025750,5.003305,0.502873,0.41747,10.00
0.025760,5.003017,0.501682,0.41834,10.00
0.025770,5.002699,0.501271,0.41883,10.00
0.025780,5.002377,0.501302,0.41909,10.00
0.025790,5.002065,0.501578,0.41922,10.00
0.025800,5.002171,0.501982,0.41927,10.00
0.025810,5.003860,0.500739,0.41726,10.00
0.025820,5.005432,0.497732,0.41629,10.00
0.025830,5.006835,0.493884,0.41591,10.00
0.025840,5.008047,0.489730,0.41587,10.00
0.025850,5.008701,0.485572,0.41601,10.00
0.025860,5.007750,0.483126,0.41807,10.00
0.025870,5.006747,0.482554,0.41922,10.00
0.025880,5.005754,0.483037,0.41982,10.00
0.025890,5.004804,0.484095,0.42011,10.00
0.025900,5.003887,0.485445,0.42021,10.00
0.025910,5.002931,0.487043,0.42036,10.00
0.025920,5.002056,0.488798,0.42037,10.00
0.025930,5.001266,0.490589,0.42032,10.00
0.025940,5.000560,0.492345,0.42022,10.00
0.025950,5.000320,0.494030,0.42010,10.00
0.025960,5.001653,0.493984,0.41804,10.00
0.025970,5.002924,0.492123,0.41700,10.00
0.025980,5.004078,0.489352,0.41654,10.00
0.025990,5.005088,0.486194,0.41641,10.00
0.026000,5.005665,0.482951,0.41647,10.00
0.026010,5.004989,0.480996,0.41806,10.00
0.026020,5.004270,0.480477,0.41894,10.00
0.026030,5.003554,0.480768,0.41941,10.00
0.026040,5.002868,0.481504,0.41963,10.00
0.026050,5.002428,0.482468,0.41972,10.00
0.026060,5.002829,0.482670,0.41871,10.00
0.026070,5.003211,0.481996,0.41819,10.00
0.026080,5.003548,0.480885,0.41795,10.00
0.026090,5.003827,0.479589,0.41787,10.00
0.026100,5.003790,0.478251,0.41789,10.00
0.026110,5.002700,0.478038,0.41923,10.00
0.026120,5.001641,0.479043,0.41992,10.00
0.026130,5.000652,0.480683,0.42024,10.00
0.026140,4.999750,0.482620,0.42034,10.00
0.026150,4.998776,0.484657,0.42031,10.00
0.026160,4.997247,0.487396,0.42107,10.00
0.026170,4.995869,0.490805,0.42135,10.00
0.026180,4.994660,0.494457,0.42136,10.00
0.026190,4.993623,0.498107,0.42123,10.00
0.026200,4.993111,0.501618,0.42103,10.00
0.026210,4.994151,0.503393,0.41898,10.00
0.026220,4.995213,0.503327,0.41787,10.00
0.026230,4.996237,0.502253,0.41731,10.00
0.026240,4.997193,0.500661,0.41707,10.00
0.026250,4.997964,0.498833,0.41701,10.00
0.026260,4.998256,0.497361,0.41755,10.00
0.026270,4.998492,0.496360,0.41789,10.00
0.026280,4.998691,0.495644,0.41809,10.00
0.026290,4.998861,0.495103,0.41823,10.00
0.026300,4.998887,0.494673,0.41831,10.00
0.026310,4.998420,0.494836,0.41899,10.00
0.026320,4.997980,0.495592,0.41933,10.00
0.026330,4.997586,0.496640,0.41947,10.00
0.026340,4.997244,0.497806,0.41950,10.00
0.026350,4.996982,0.498989,0.41947,10.00
0.026360,4.996870,0.500028,0.41929,10.00
0.026370,4.996801,0.500891,0.41916,10.00
0.026380,4.996768,0.501620,0.41906,10.00
0.026390,4.996764,0.502242,0.41898,10.00
0.026400,4.996891,0.502777,0.41891,10.00
0.026410,4.997442,0.502796,0.41834,10.00
0.026420,4.997977,0.502288,0.41804,10.00
0.026430,4.998478,0.501505,0.41791,10.00
0.026440,4.998937,0.500595,0.41788,10.00
0.026450,4.999477,0.499642,0.41789,10.00
0.026460,5.000465,0.498157,0.41730,10.00
0.026470,5.001364,0.496144,0.41705,10.00
0.026480,5.002161,0.493915,0.41701,10.00
0.026490,5.002852,0.491650,0.41707,10.00
0.026500,5.003143,0.489449,0.41719,10.00
0.026510,5.002184,0.488627,0.41882,10.00
0.026520,5.001235,0.489268,0.41969,10.00
0.026530,5.000342,0.490684,0.42010,10.00
0.026540,4.999528,0.492476,0.42025,10.00
0.026550,4.999273,0.494410,0.42027,10.00
0.026560,5.000935,0.494359,0.41783,10.00
0.026570,5.002523,0.492155,0.41660,10.00
0.026580,5.003971,0.488867,0.41606,10.00
0.026590,5.005250,0.485115,0.41591,10.00
0.026600,5.006003,0.481252,0.41598,10.00
0.026610,5.005238,0.478946,0.41790,10.00
0.026620,5.004422,0.478372,0.41897,10.00
0.026630,5.003613,0.478771,0.41953,10.00
0.026640,5.002840,0.479696,0.41980,10.00
0.026650,5.002027,0.480888,0.41990,10.00
0.026660,5.000910,0.482593,0.42039,10.00
0.026670,4.999888,0.484742,0.42057,10.00
0.026680,4.998974,0.487063,0.42058,10.00
0.026690,4.998170,0.489399,0.42050,10.00
0.026700,4.997623,0.491663,0.42036,10.00
0.026710,4.997760,0.493171,0.41946,10.00
0.026720,4.997942,0.493871,0.41894,10.00
0.026730,4.998140,0.494104,0.41865,10.00
0.026740,4.998341,0.494074,0.41850,10.00
0.026750,4.998403,0.493899,0.41842,10.00
0.026760,4.997938,0.494211,0.41906,10.00
0.026770,4.997506,0.495077,0.41937,10.00
0.026780,4.997124,0.496208,0.41949,10.00
0.026790,4.996797,0.497437,0.41951,10.00
0.026800,4.996681,0.498669,0.41947,10.00
0.026810,4.997211,0.499206,0.41864,10.00
0.026820,4.997742,0.498989,0.41820,10.00
0.026830,4.998248,0.498364,0.41798,10.00
0.026840,4.998717,0.497534,0.41789,10.00
0.026850,4.999113,0.496618,0.41788,10.00
0.026860,4.999340,0.495817,0.41807,10.00
0.026870,4.999535,0.495176,0.41820,10.00
0.026880,4.999703,0.494643,0.41828,10.00
0.026890,4.999848,0.494184,0.41835,10.00
0.026900,4.999711,0.493781,0.41840,10.00
0.026910,4.998540,0.494535,0.41976,10.00
0.026920,4.997443,0.496490,0.42042,10.00
0.026930,4.996458,0.499022,0.42068,10.00
0.026940,4.995599,0.501772,0.42072,10.00
0.026950,4.995236,0.504534,0.42063,10.00
0.026960,4.996429,0.505633,0.41863,10.00
0.026970,4.997613,0.504935,0.41757,10.00
0.026980,4.998732,0.503279,0.41706,10.00
0.026990,4.999756,0.501154,0.41686,10.00
0.027000,5.000613,0.498844,0.41684,10.00
0.027010,5.001124,0.496769,0.41722,10.00
0.027020,5.001548,0.495034,0.41750,10.00
0.027030,5.001898,0.493543,0.41770,10.00
0.027040,5.002184,0.492239,0.41786,10.00
0.027050,5.002411,0.491086,0.41800,10.00
0.027060,5.002577,0.490072,0.41812,10.00
0.027070,5.002700,0.489180,0.41822,10.00
0.027080,5.002785,0.488392,0.41831,10.00
0.027090,5.002837,0.487696,0.41838,10.00
0.027100,5.002695,0.487081,0.41845,10.00
0.027110,5.001890,0.487237,0.41933,10.00
0.027120,5.001119,0.488190,0.41977,10.00
0.027130,5.000407,0.489546,0.41996,10.00
0.027140,4.999765,0.491078,0.42001,10.00
0.027150,4.999194,0.492654,0.41997,10.00
0.027160,4.998683,0.494214,0.41991,10.00
0.027170,4.998244,0.495719,0.41982,10.00
0.027180,4.997872,0.497138,0.41972,10.00
0.027190,4.997564,0.498458,0.41961,10.00
0.027200,4.997418,0.499673,0.41950,10.00
0.027210,4.997729,0.500342,0.41888,10.00
0.027220,4.998051,0.500446,0.41854,10.00
0.027230,4.998368,0.500235,0.41836,10.00
0.027240,4.998668,0.499855,0.41828,10.00
0.027250,4.998922,0.499391,0.41825,10.00
0.027260,4.999049,0.499005,0.41839,10.00
0.027270,4.999161,0.498732,0.41847,10.00
0.027280,4.999262,0.498526,0.41853,10.00
0.027290,4.999354,0.498360,0.41856,10.00
0.027300,4.999309,0.498218,0.41858,10.00
0.027310,4.998751,0.498646,0.41926,10.00
0.027320,4.998233,0.499665,0.41958,10.00
0.027330,4.997771,0.500963,0.41971,10.00
0.027340,4.997374,0.502362,0.41972,10.00
0.027350,4.997296,0.503760,0.41967,10.00
0.027360,4.998273,0.504017,0.41831,10.00
0.027370,4.999221,0.503054,0.41761,10.00
0.027380,5.000102,0.501458,0.41729,10.00
0.027390,5.000897,0.499572,0.41719,10.00
0.027400,5.001382,0.497591,0.41721,10.00
0.027410,5.000924,0.496560,0.41840,10.00
0.027420,5.000453,0.496582,0.41904,10.00
0.027430,5.000001,0.497174,0.41936,10.00
0.027440,4.999587,0.498054,0.41950,10.00
0.027450,4.999279,0.499059,0.41954,10.00
0.027460,4.999255,0.499836,0.41922,10.00
0.027470,4.999258,0.500322,0.41902,10.00
0.027480,4.999278,0.500630,0.41891,10.00
0.027490,4.999308,0.500829,0.41883,10.00
0.027500,4.999249,0.500958,0.41879,10.00
0.027510,4.998819,0.501452,0.41925,10.00
0.027520,4.998426,0.502345,0.41946,10.00
0.027530,4.998080,0.503418,0.41953,10.00
0.027540,4.997787,0.504546,0.41953,10.00
0.027550,4.997895,0.505658,0.41948,10.00
0.027560,4.999413,0.505227,0.41765,10.00
0.027570,5.000857,0.503165,0.41674,10.00
0.027580,5.002176,0.500289,0.41636,10.00
0.027590,5.003347,0.497072,0.41627,10.00
0.027600,5.004086,0.493787,0.41635,10.00
0.027610,5.003588,0.491773,0.41792,10.00
0.027620,5.003041,0.491169,0.41880,10.00
0.027630,5.002493,0.491357,0.41927,10.00
0.027640,5.001968,0.491974,0.41950,10.00
0.027650,5.001433,0.492809,0.41959,10.00
0.027660,5.000753,0.493943,0.41985,10.00
0.027670,5.000135,0.495315,0.41994,10.00
0.027680,4.999584,0.496770,0.41993,10.00
0.027690,4.999103,0.498221,0.41987,10.00
0.027700,4.998486,0.499617,0.41978,10.00
0.027710,4.997147,0.501793,0.42071,10.00
0.027720,4.995937,0.504776,0.42109,10.00
0.027730,4.994878,0.508083,0.42117,10.00
0.027740,4.993976,0.511439,0.42108,10.00
0.027750,4.993688,0.514690,0.42091,10.00
0.027760,4.995338,0.515795,0.41837,10.00
0.027770,4.996964,0.514620,0.41704,10.00
0.027780,4.998493,0.512240,0.41641,10.00
0.027790,4.999889,0.509277,0.41618,10.00
0.027800,5.001034,0.506095,0.41618,10.00
0.027810,5.001622,0.503345,0.41682,10.00
0.027820,5.002099,0.501162,0.41725,10.00
0.027830,5.002486,0.499364,0.41755,10.00
0.027840,5.002797,0.497839,0.41778,10.00
0.027850,5.002885,0.496519,0.41795,10.00
0.027860,5.002300,0.496036,0.41888,10.00
0.027870,5.001721,0.496395,0.41938,10.00
0.027880,5.001173,0.497201,0.41961,10.00
0.027890,5.000672,0.498226,0.41970,10.00
0.027900,5.000396,0.499335,0.41971,10.00
0.027910,5.000852,0.499711,0.41879,10.00
0.027920,5.001299,0.499276,0.41831,10.00
0.027930,5.001712,0.498420,0.41808,10.00
0.027940,5.002078,0.497368,0.41800,10.00
0.027950,5.002340,0.496250,0.41799,10.00
0.027960,5.002343,0.495367,0.41830,10.00
0.027970,5.002314,0.494769,0.41850,10.00
0.027980,5.002263,0.494353,0.41862,10.00
0.027990,5.002197,0.494054,0.41869,10.00
0.028000,5.002057,0.493837,0.41874,10.00
0.028010,5.001658,0.493949,0.41910,10.00
0.028020,5.001277,0.494390,0.41928,10.00
0.028030,5.000922,0.494998,0.41935,10.00
0.028040,5.000598,0.495680,0.41937,10.00
0.028050,5.000263,0.496380,0.41935,10.00
0.028060,4.999785,0.497261,0.41954,10.00
0.028070,4.999354,0.498315,0.41960,10.00
0.028080,4.998974,0.499425,0.41960,10.00
0.028090,4.998647,0.500525,0.41955,10.00
0.028100,4.998526,0.501580,0.41948,10.00
0.028110,4.999061,0.501906,0.41862,10.00
0.028120,4.999584,0.501461,0.41817,10.00
0.028130,5.000074,0.500614,0.41796,10.00
0.028140,5.000517,0.499575,0.41789,10.00
0.028150,5.000782,0.498470,0.41789,10.00
0.028160,5.000501,0.497907,0.41857,10.00
0.028170,5.000214,0.497950,0.41894,10.00
0.028180,4.999940,0.498321,0.41912,10.00
0.028190,4.999689,0.498857,0.41920,10.00
0.028200,4.999557,0.499462,0.41922,10.00
0.028210,4.999811,0.499695,0.41875,10.00
0.028220,5.000061,0.499505,0.41850,10.00
0.028230,5.000295,0.499093,0.41838,10.00
0.028240,5.000506,0.498575,0.41833,10.00
0.028250,5.000691,0.498019,0.41833,10.00
0.028260,5.000847,0.497464,0.41835,10.00
0.028270,5.000978,0.496934,0.41839,10.00
0.028280,5.001085,0.496436,0.41842,10.00
0.028290,5.001170,0.495977,0.41846,10.00
0.028300,5.001408,0.495557,0.41850,10.00
0.028310,5.002301,0.494439,0.41766,10.00
0.028320,5.003118,0.492589,0.41728,10.00
0.028330,5.003837,0.490413,0.41715,10.00
0.028340,5.004451,0.488145,0.41717,10.00
0.028350,5.004620,0.485917,0.41727,10.00
0.028360,5.003366,0.485249,0.41913,10.00
0.028370,5.002136,0.486243,0.42009,10.00
0.028380,5.000982,0.488113,0.42054,10.00
0.028390,4.999932,0.490400,0.42070,10.00
0.028400,4.998852,0.492838,0.42070,10.00
0.028410,4.997334,0.495881,0.42132,10.00
0.028420,4.995978,0.499473,0.42152,10.00
0.028430,4.994796,0.503232,0.42148,10.00
0.028440,4.993790,0.506941,0.42132,10.00
0.028450,4.992915,0.510482,0.42110,10.00
0.028460,4.992057,0.513948,0.42103,10.00
0.028470,4.991357,0.517319,0.42086,10.00
0.028480,4.990809,0.520499,0.42065,10.00
0.028490,4.990401,0.523441,0.42042,10.00
0.028500,4.990389,0.526124,0.42019,10.00
0.028510,4.991534,0.527407,0.41861,10.00
0.028520,4.992689,0.527242,0.41776,10.00
0.028530,4.993808,0.526274,0.41734,10.00
0.028540,4.994866,0.524880,0.41716,10.00
0.028550,4.996379,0.523281,0.41712,10.00
0.028560,4.999878,0.519349,0.41448,10.00
0.028570,5.003112,0.513054,0.41328,10.00
0.028580,5.006014,0.505695,0.41292,10.00
0.028590,5.008558,0.498017,0.41302,10.00
0.028600,5.010176,0.490446,0.41336,10.00
0.028610,5.009244,0.485626,0.41668,10.00
0.028620,5.008184,0.483793,0.41855,10.00
0.028630,5.007095,0.483661,0.41957,10.00
0.028640,5.006034,0.484476,0.42010,10.00
0.028650,5.005081,0.485795,0.42033,10.00
0.028660,5.004405,0.487135,0.42014,10.00
0.028670,5.003789,0.488336,0.41999,10.00
0.028680,5.003226,0.489433,0.41987,10.00
0.028690,5.002714,0.490449,0.41977,10.00
0.028700,5.002202,0.491396,0.41968,10.00
0.028710,5.001552,0.492481,0.41983,10.00
0.028720,5.000958,0.493717,0.41987,10.00
0.028730,5.000425,0.494999,0.41984,10.00
0.028740,4.999952,0.496265,0.41978,10.00
0.028750,4.999204,0.497481,0.41970,10.00
0.028760,4.997218,0.500045,0.42129,10.00
0.028770,4.995398,0.504015,0.42200,10.00
0.028780,4.993786,0.508600,0.42221,10.00
0.028790,4.992394,0.513347,0.42214,10.00
0.028800,4.991567,0.518001,0.42192,10.00
0.028810,4.992291,0.520957,0.41989,10.00
0.028820,4.993091,0.522074,0.41875,10.00
0.028830,4.993908,0.522136,0.41813,10.00
0.028840,4.994706,0.521604,0.41781,10.00
0.028850,4.995398,0.520749,0.41766,10.00
0.028860,4.995772,0.520026,0.41797,10.00
0.028870,4.996119,0.519543,0.41815,10.00
0.028880,4.996446,0.519191,0.41826,10.00
0.028890,4.996758,0.518907,0.41833,10.00
0.028900,4.997117,0.518656,0.41838,10.00
0.028910,4.997701,0.518160,0.41810,10.00
0.028920,4.998252,0.517396,0.41797,10.00
0.028930,4.998762,0.516503,0.41794,10.00
0.028940,4.999227,0.515562,0.41796,10.00
0.028950,4.999881,0.514621,0.41800,10.00
0.028960,5.001398,0.512714,0.41688,10.00
0.028970,5.002792,0.509809,0.41638,10.00
0.028980,5.004035,0.506466,0.41624,10.00
0.028990,5.005116,0.503005,0.41629,10.00
0.029000,5.005692,0.499608,0.41645,10.00
0.029010,5.004774,0.497840,0.41840,10.00
0.029020,5.003832,0.497821,0.41946,10.00
0.029030,5.002921,0.498758,0.42000,10.00
0.029040,5.002072,0.500190,0.42023,10.00
0.029050,5.001369,0.501848,0.42030,10.00
0.029060,5.001025,0.503272,0.41991,10.00
0.029070,5.000737,0.504361,0.41966,10.00
0.029080,5.000493,0.505233,0.41949,10.00
0.029090,5.000286,0.505958,0.41937,10.00
0.029100,5.000160,0.506581,0.41928,10.00
0.029110,5.000254,0.506914,0.41896,10.00
0.029120,5.000355,0.506963,0.41878,10.00
0.029130,5.000453,0.506857,0.41869,10.00
0.029140,5.000543,0.506671,0.41865,10.00
0.029150,5.000716,0.506447,0.41864,10.00
0.029160,5.001239,0.505817,0.41817,10.00
0.029170,5.001719,0.504776,0.41795,10.00
0.029180,5.002144,0.503551,0.41789,10.00
0.029190,5.002509,0.502272,0.41790,10.00
0.029200,5.002756,0.501014,0.41795,10.00
0.029210,5.002713,0.500071,0.41833,10.00
0.029220,5.002638,0.499474,0.41856,10.00
0.029230,5.002542,0.499094,0.41870,10.00
0.029240,5.002434,0.498850,0.41878,10.00
0.029250,5.002382,0.498695,0.41883,10.00
0.029260,5.002576,0.498327,0.41854,10.00
0.029270,5.002745,0.497715,0.41841,10.00
0.029280,5.002883,0.496999,0.41836,10.00
0.029290,5.002986,0.496261,0.41837,10.00
0.029300,5.003148,0.495544,0.41840,10.00
0.029310,5.003634,0.494484,0.41798,10.00
0.029320,5.004059,0.493073,0.41781,10.00
0.029330,5.004414,0.491532,0.41778,10.00
0.029340,5.004697,0.489988,0.41782,10.00
0.029350,5.004848,0.488509,0.41791,10.00
0.029360,5.004691,0.487396,0.41832,10.00
0.029370,5.004495,0.486680,0.41858,10.00
0.029380,5.004275,0.486217,0.41873,10.00
0.029390,5.004040,0.485923,0.41883,10.00
0.029400,5.003708,0.485746,0.41889,10.00
0.029410,5.003029,0.486026,0.41938,10.00
0.029420,5.002380,0.486759,0.41961,10.00
0.029430,5.001774,0.487724,0.41971,10.00
0.029440,5.001217,0.488791,0.41972,10.00
0.029450,5.000568,0.489884,0.41968,10.00
0.029460,4.999404,0.491580,0.42036,10.00
0.029470,4.998342,0.493882,0.42064,10.00
0.029480,4.997396,0.496433,0.42069,10.00
0.029490,4.996572,0.499030,0.42062,10.00
0.029500,4.996073,0.501558,0.42049,10.00
0.029510,4.996490,0.503078,0.41929,10.00
0.029520,4.996942,0.503519,0.41862,10.00
0.029530,4.997394,0.503353,0.41826,10.00
0.029540,4.997827,0.502857,0.41809,10.00
0.029550,4.998078,0.502195,0.41802,10.00
0.029560,4.997698,0.502112,0.41878,10.00
0.029570,4.997336,0.502692,0.41917,10.00
0.029580,4.997012,0.503606,0.41935,10.00
0.029590,4.996736,0.504662,0.41940,10.00
0.029600,4.996562,0.505750,0.41939,10.00
0.029610,4.996644,0.506585,0.41907,10.00
0.029620,4.996755,0.507124,0.41888,10.00
0.029630,4.996885,0.507474,0.41876,10.00
0.029640,4.997026,0.507702,0.41869,10.00
0.029650,4.997323,0.507846,0.41864,10.00
0.029660,4.998204,0.507298,0.41786,10.00
0.029670,4.999035,0.506044,0.41749,10.00
0.029680,4.999795,0.504446,0.41734,10.00
0.029690,5.000475,0.502713,0.41733,10.00
0.029700,5.000855,0.500966,0.41739,10.00
0.029710,5.000307,0.500199,0.41859,10.00
0.029720,4.999759,0.500491,0.41922,10.00
0.029730,4.999243,0.501345,0.41953,10.00
0.029740,4.998776,0.502474,0.41966,10.00
0.029750,4.998521,0.503710,0.41968,10.00
0.029760,4.998931,0.504295,0.41885,10.00
0.029770,4.999344,0.504145,0.41841,10.00
0.029780,4.999737,0.503601,0.41820,10.00
0.029790,5.000097,0.502859,0.41811,10.00
0.029800,5.000670,0.502035,0.41809,10.00
0.029810,5.002176,0.500131,0.41685,10.00
0.029820,5.003556,0.497133,0.41629,10.00
0.029830,5.004779,0.493655,0.41613,10.00
0.029840,5.005834,0.490046,0.41618,10.00
0.029850,5.006539,0.486504,0.41634,10.00
0.029860,5.006374,0.483915,0.41748,10.00
0.029870,5.006122,0.482370,0.41816,10.00
0.029880,5.005820,0.481462,0.41856,10.00
0.029890,5.005489,0.480948,0.41880,10.00
0.029900,5.005230,0.480685,0.41895,10.00
0.029910,5.005301,0.480218,0.41860,10.00
0.029920,5.005341,0.479476,0.41844,10.00
0.029930,5.005344,0.478630,0.41839,10.00
0.029940,5.005309,0.477775,0.41840,10.00
0.029950,5.005161,0.476963,0.41844,10.00
0.029960,5.004690,0.476538,0.41886,10.00
0.029970,5.004213,0.476527,0.41910,10.00
0.029980,5.003746,0.476757,0.41922,10.00
0.029990,5.003294,0.477126,0.41928,10.00
0.030000,5.002731,0.477572,0.41929,10.00
0.030010,5.001673,0.478627,0.41996,10.00
0.030020,5.000686,0.480292,0.42026,10.00
0.030030,4.999788,0.482240,0.42034,10.00
0.030040,4.998985,0.484280,0.42032,10.00
0.030050,4.998409,0.486304,0.42023,10.00
0.030060,4.998435,0.487694,0.41944,10.00
0.030070,4.998504,0.488393,0.41899,10.00
0.030080,4.998592,0.488692,0.41874,10.00
0.030090,4.998687,0.488766,0.41860,10.00
0.030100,4.998597,0.488714,0.41853,10.00
0.030110,4.997781,0.489385,0.41943,10.00
0.030120,4.997023,0.490848,0.41986,10.00
0.030130,4.996346,0.492686,0.42002,10.00
0.030140,4.995759,0.494658,0.42004,10.00
0.030150,4.995136,0.496627,0.41997,10.00
0.030160,4.994099,0.499069,0.42051,10.00
0.030170,4.993191,0.501968,0.42070,10.00
0.030180,4.992423,0.505001,0.42068,10.00
0.030190,4.991795,0.507983,0.42055,10.00
0.030200,4.991537,0.510815,0.42037,10.00
0.030210,4.992319,0.512444,0.41899,10.00
0.030220,4.993135,0.512802,0.41822,10.00
0.030230,4.993942,0.512438,0.41782,10.00
0.030240,4.994717,0.511677,0.41762,10.00
0.030250,4.995338,0.510708,0.41755,10.00
0.030260,4.995479,0.510113,0.41811,10.00
0.030270,4.995606,0.509981,0.41842,10.00
0.030280,4.995733,0.510088,0.41857,10.00
0.030290,4.995868,0.510307,0.41865,10.00
0.030300,4.996185,0.510564,0.41868,10.00
0.030310,4.997181,0.510089,0.41781,10.00
0.030320,4.998127,0.508828,0.41739,10.00
0.030330,4.999000,0.507173,0.41723,10.00
0.030340,4.999789,0.505357,0.41721,10.00
0.030350,5.000354,0.503509,0.41726,10.00
0.030360,5.000300,0.502289,0.41805,10.00
0.030370,5.000211,0.501764,0.41850,10.00
0.030380,5.000110,0.501632,0.41875,10.00
0.030390,5.000009,0.501715,0.41888,10.00
0.030400,5.000065,0.501910,0.41894,10.00
0.030410,5.000709,0.501526,0.41821,10.00
0.030420,5.001314,0.500499,0.41786,10.00
0.030430,5.001860,0.499160,0.41772,10.00
0.030440,5.002338,0.497701,0.41770,10.00
0.030450,5.002601,0.496232,0.41774,10.00
0.030460,5.002221,0.495440,0.41857,10.00
0.030470,5.001829,0.495389,0.41902,10.00
0.030480,5.001449,0.495745,0.41925,10.00
0.030490,5.001092,0.496313,0.41935,10.00
0.030500,5.000759,0.496979,0.41938,10.00
0.030510,5.000430,0.497710,0.41941,10.00
0.030520,5.000138,0.498468,0.41939,10.00
0.030530,4.999880,0.499215,0.41935,10.00
0.030540,4.999657,0.499931,0.41931,10.00
0.030550,4.999570,0.500605,0.41926,10.00
0.030560,4.999917,0.500789,0.41868,10.00
0.030570,5.000256,0.500460,0.41838,10.00
0.030580,5.000570,0.499866,0.41824,10.00
0.030590,5.000853,0.499148,0.41819,10.00
0.030600,5.001178,0.498389,0.41820,10.00
0.030610,5.001771,0.497302,0.41783,10.00
0.030620,5.002303,0.495899,0.41769,10.00
0.030630,5.002765,0.494378,0.41767,10.00
0.030640,5.003156,0.492850,0.41772,10.00
0.030650,5.003319,0.491381,0.41780,10.00
0.030660,5.002800,0.490674,0.41870,10.00
0.030670,5.002276,0.490779,0.41918,10.00
0.030680,5.001771,0.491327,0.41942,10.00
0.030690,5.001301,0.492102,0.41953,10.00
0.030700,5.000767,0.492980,0.41955,10.00
0.030710,4.999870,0.494330,0.42005,10.00
0.030720,4.999052,0.496133,0.42026,10.00
0.030730,4.998326,0.498118,0.42029,10.00
0.030740,4.997693,0.500132,0.42023,10.00
0.030750,4.997401,0.502087,0.42013,10.00
0.030760,4.998157,0.502887,0.41875,10.00
0.030770,4.998910,0.502459,0.41802,10.00
0.030780,4.999621,0.501377,0.41767,10.00
0.030790,5.000270,0.499976,0.41753,10.00
0.030800,5.000746,0.498448,0.41752,10.00
0.030810,5.000752,0.497340,0.41808,10.00
0.030820,5.000722,0.496733,0.41841,10.00
0.030830,5.000674,0.496421,0.41860,10.00
0.030840,5.000616,0.496280,0.41871,10.00
0.030850,5.000520,0.496238,0.41877,10.00
0.030860,5.000287,0.496404,0.41898,10.00
0.030870,5.000067,0.496760,0.41908,10.00
0.030880,4.999868,0.497206,0.41912,10.00
0.030890,4.999691,0.497687,0.41912,10.00
0.030900,4.999750,0.498169,0.41910,10.00
0.030910,5.000665,0.497724,0.41800,10.00
0.030920,5.001527,0.496298,0.41745,10.00
0.030930,5.002306,0.494394,0.41723,10.00
0.030940,5.002988,0.492302,0.41719,10.00
0.030950,5.003421,0.490186,0.41725,10.00
0.030960,5.003170,0.488781,0.41812,10.00
0.030970,5.002880,0.488167,0.41862,10.00
0.030980,5.002576,0.488011,0.41890,10.00
0.030990,5.002274,0.488116,0.41904,10.00
0.031000,5.001928,0.488369,0.41911,10.00
0.031010,5.001383,0.488934,0.41942,10.00
0.031020,5.000874,0.489782,0.41955,10.00
0.031030,5.000411,0.490759,0.41959,10.00
0.031040,4.999995,0.491776,0.41957,10.00
0.031050,4.999733,0.492783,0.41952,10.00
0.031060,4.999931,0.493299,0.41892,10.00
0.031070,5.000137,0.493287,0.41860,10.00
0.031080,5.000332,0.492991,0.41844,10.00
0.031090,5.000509,0.492555,0.41837,10.00
0.031100,5.000465,0.492058,0.41835,10.00
0.031110,4.999623,0.492396,0.41936,10.00
0.031120,4.998827,0.493634,0.41986,10.00
0.031130,4.998104,0.495315,0.42007,10.00
0.031140,4.997467,0.497175,0.42011,10.00
0.031150,4.997096,0.499065,0.42006,10.00
0.031160,4.997506,0.500140,0.41906,10.00
0.031170,4.997938,0.500318,0.41851,10.00
0.031180,4.998360,0.500000,0.41823,10.00
0.031190,4.998759,0.499419,0.41810,10.00
0.031200,4.999174,0.498710,0.41805,10.00
0.031210,4.999744,0.497747,0.41781,10.00
0.031220,5.000262,0.496563,0.41772,10.00
0.031230,5.000721,0.495300,0.41772,10.00
0.031240,5.001120,0.494039,0.41777,10.00
0.031250,5.001393,0.492824,0.41785,10.00
0.031260,5.001344,0.491972,0.41828,10.00
0.031270,5.001267,0.491508,0.41853,10.00
0.031280,5.001177,0.491273,0.41867,10.00
0.031290,5.001081,0.491175,0.41876,10.00
0.031300,5.000901,0.491159,0.41880,10.00
0.031310,5.000407,0.491536,0.41924,10.00
0.031320,4.999944,0.492304,0.41944,10.00
0.031330,4.999523,0.493259,0.41952,10.00
0.031340,4.999150,0.494282,0.41952,10.00
0.031350,4.998798,0.495308,0.41948,10.00
0.031360,4.998386,0.496413,0.41956,10.00
0.031370,4.998029,0.497585,0.41956,10.00
0.031380,4.997726,0.498747,0.41952,10.00
0.031390,4.997476,0.499860,0.41945,10.00
0.031400,4.997362,0.500902,0.41937,10.00
0.031410,4.997625,0.501498,0.41886,10.00
0.031420,4.997901,0.501630,0.41858,10.00
0.031430,4.998174,0.501498,0.41843,10.00
0.031440,4.998435,0.501223,0.41836,10.00
0.031450,4.998937,0.500873,0.41833,10.00
0.031460,5.000418,0.499399,0.41704,10.00
0.031470,5.001791,0.496775,0.41644,10.00
0.031480,5.003023,0.493620,0.41623,10.00
0.031490,5.004101,0.490290,0.41625,10.00
0.031500,5.004890,0.486990,0.41639,10.00
0.031510,5.005015,0.484393,0.41725,10.00
0.031520,5.005045,0.482584,0.41779,10.00
0.031530,5.005006,0.481278,0.41813,10.00
0.031540,5.004918,0.480304,0.41836,10.00
0.031550,5.004661,0.479559,0.41851,10.00
0.031560,5.003862,0.479541,0.41928,10.00
0.031570,5.003086,0.480237,0.41968,10.00
0.031580,5.002356,0.481307,0.41985,10.00
0.031590,5.001684,0.482555,0.41990,10.00
0.031600,5.000806,0.483864,0.41988,10.00
0.031610,4.998950,0.486308,0.42117,10.00
0.031620,4.997248,0.489900,0.42173,10.00
0.031630,4.995732,0.493989,0.42188,10.00
0.031640,4.994413,0.498200,0.42179,10.00
0.031650,4.993762,0.502323,0.42159,10.00
0.031660,4.995139,0.504226,0.41894,10.00
0.031670,4.996527,0.503758,0.41753,10.00
0.031680,4.997850,0.502012,0.41683,10.00
0.031690,4.999068,0.499625,0.41654,10.00
0.031700,4.999992,0.496968,0.41648,10.00
0.031710,5.000120,0.494984,0.41742,10.00
0.031720,5.000182,0.493827,0.41797,10.00
0.031730,5.000205,0.493158,0.41830,10.00
0.031740,5.000206,0.492776,0.41849,10.00
0.031750,5.000382,0.492563,0.41860,10.00
0.031760,5.001283,0.491650,0.41771,10.00
0.031770,5.002115,0.489959,0.41730,10.00
0.031780,5.002855,0.487910,0.41716,10.00
0.031790,5.003495,0.485745,0.41716,10.00
0.031800,5.003578,0.483600,0.41725,10.00
0.031810,5.001784,0.483497,0.41968,10.00
0.031820,5.000058,0.485566,0.42092,10.00
0.031830,4.998467,0.488742,0.42147,10.00
0.031840,4.997042,0.492410,0.42163,10.00
0.031850,4.995784,0.496215,0.42157,10.00
0.031860,4.994663,0.500001,0.42145,10.00
0.031870,4.993715,0.503659,0.42124,10.00
0.031880,4.992932,0.507107,0.42099,10.00
0.031890,4.992303,0.510307,0.42074,10.00
0.031900,4.991698,0.513240,0.42048,10.00
0.031910,4.990771,0.516400,0.42083,10.00
0.031920,4.990000,0.519816,0.42088,10.00
0.031930,4.989387,0.523223,0.42077,10.00
0.031940,4.988929,0.526478,0.42059,10.00
0.031950,4.989050,0.529505,0.42036,10.00
0.031960,4.991003,0.530411,0.41793,10.00
0.031970,4.992923,0.529097,0.41666,10.00
0.031980,4.994739,0.526599,0.41606,10.00
0.031990,4.996417,0.523521,0.41585,10.00
0.032000,4.997973,0.520215,0.41586,10.00
0.032010,4.999499,0.516742,0.41582,10.00
0.032020,5.000859,0.513212,0.41593,10.00
0.032030,5.002054,0.509765,0.41612,10.00
0.032040,5.003092,0.506478,0.41635,10.00
0.032050,5.003826,0.503393,0.41659,10.00
0.032060,5.003817,0.501188,0.41761,10.00
0.032070,5.003735,0.499900,0.41821,10.00
0.032080,5.003611,0.499158,0.41856,10.00
0.032090,5.003463,0.498745,0.41877,10.00
0.032100,5.003512,0.498531,0.41889,10.00
0.032110,5.004367,0.497551,0.41791,10.00
0.032120,5.005148,0.495718,0.41745,10.00
0.032130,5.005831,0.493498,0.41728,10.00
0.032140,5.006406,0.491157,0.41728,10.00
0.032150,5.006504,0.488846,0.41738,10.00
0.032160,5.005060,0.488220,0.41937,10.00
0.032170,5.003648,0.489394,0.42041,10.00
0.032180,5.002323,0.491514,0.42089,10.00
0.032190,5.001114,0.494083,0.42106,10.00
0.032200,5.000236,0.496812,0.42104,10.00
0.032210,5.000277,0.498672,0.41991,10.00
0.032220,5.000374,0.499532,0.41926,10.00
0.032230,5.000492,0.499821,0.41890,10.00
0.032240,5.000613,0.499793,0.41870,10.00
0.032250,5.000742,0.499595,0.41861,10.00
0.032260,5.000912,0.499255,0.41849,10.00
0.032270,5.001063,0.498819,0.41845,10.00
0.032280,5.001193,0.498347,0.41844,10.00
0.032290,5.001300,0.497876,0.41846,10.00
0.032300,5.001495,0.497424,0.41849,10.00
0.032310,5.002095,0.496536,0.41797,10.00
0.032320,5.002638,0.495197,0.41774,10.00
0.032330,5.003111,0.493665,0.41767,10.00
0.032340,5.003512,0.492089,0.41770,10.00
0.032350,5.003493,0.490552,0.41777,10.00
0.032360,5.002058,0.490575,0.41962,10.00
0.032370,5.000678,0.492248,0.42055,10.00
0.032380,4.999406,0.494761,0.42096,10.00
0.032390,4.998266,0.497645,0.42108,10.00
0.032400,4.997618,0.500629,0.42102,10.00
0.032410,4.998486,0.502054,0.41909,10.00
0.032420,4.999365,0.501767,0.41806,10.00
0.032430,5.000199,0.500560,0.41755,10.00
0.032440,5.000961,0.498896,0.41734,10.00
0.032450,5.001604,0.497042,0.41729,10.00
0.032460,5.002029,0.495295,0.41751,10.00
0.032470,5.002378,0.493748,0.41769,10.00
0.032480,5.002659,0.492367,0.41784,10.00
0.032490,5.002881,0.491132,0.41797,10.00
0.032500,5.002864,0.490025,0.41808,10.00
0.032510,5.002081,0.489821,0.41911,10.00
0.032520,5.001320,0.490546,0.41964,10.00
0.032530,5.000610,0.491756,0.41989,10.00
0.032540,4.999964,0.493192,0.41996,10.00
0.032550,4.999530,0.494702,0.41995,10.00
0.032560,4.999719,0.495600,0.41917,10.00
0.032570,4.999927,0.495809,0.41874,10.00
0.032580,5.000133,0.495639,0.41851,10.00
0.032590,5.000324,0.495271,0.41841,10.00
0.032600,5.000375,0.494810,0.41837,10.00
0.032610,4.999936,0.494828,0.41897,10.00
0.032620,4.999516,0.495381,0.41928,10.00
0.032630,4.999130,0.496206,0.41941,10.00
0.032640,4.998788,0.497148,0.41945,10.00
0.032650,4.998569,0.498120,0.41943,10.00
0.032660,4.998700,0.498739,0.41899,10.00
0.032670,4.998847,0.498961,0.41874,10.00
0.032680,4.998997,0.498959,0.41861,10.00
0.032690,4.999142,0.498832,0.41854,10.00
0.032700,4.999260,0.498639,0.41851,10.00
0.032710,4.999291,0.498499,0.41860,10.00
0.032720,4.999318,0.498436,0.41865,10.00
0.032730,4.999343,0.498414,0.41868,10.00
0.032740,4.999367,0.498413,0.41869,10.00
0.032750,4.999249,0.498423,0.41870,10.00
0.032760,4.998575,0.499044,0.41943,10.00
0.032770,4.997951,0.500303,0.41977,10.00
0.032780,4.997395,0.501858,0.41990,10.00
0.032790,4.996917,0.503514,0.41990,10.00
0.032800,4.996771,0.505161,0.41984,10.00
0.032810,4.997694,0.505648,0.41846,10.00
0.032820,4.998598,0.504895,0.41773,10.00
0.032830,4.999445,0.503489,0.41740,10.00
0.032840,5.000215,0.501775,0.41728,10.00
0.032850,5.000770,0.499950,0.41728,10.00
0.032860,5.000729,0.498685,0.41802,10.00
0.032870,5.000650,0.498067,0.41844,10.00
0.032880,5.000555,0.497823,0.41867,10.00
0.032890,5.000455,0.497789,0.41880,10.00
0.032900,5.000552,0.497873,0.41887,10.00
0.032910,5.001415,0.497187,0.41791,10.00
0.032920,5.002218,0.495660,0.41746,10.00
0.032930,5.002935,0.493736,0.41728,10.00
0.032940,5.003558,0.491669,0.41727,10.00
0.032950,5.003789,0.489605,0.41734,10.00
0.032960,5.002780,0.488877,0.41894,10.00
0.032970,5.001785,0.489587,0.41979,10.00
0.032980,5.000848,0.491058,0.42019,10.00
0.032990,4.999994,0.492895,0.42033,10.00
0.033000,4.999279,0.494871,0.42034,10.00
0.033010,4.998843,0.496653,0.42002,10.00
0.033020,4.998482,0.498157,0.41980,10.00
0.033030,4.998185,0.499457,0.41963,10.00
0.033040,4.997943,0.500599,0.41949,10.00
0.033050,4.997615,0.501611,0.41938,10.00
0.033060,4.996802,0.503091,0.41997,10.00
0.033070,4.996074,0.505080,0.42021,10.00
0.033080,4.995446,0.507267,0.42026,10.00
0.033090,4.994922,0.509473,0.42019,10.00
0.033100,4.994620,0.511600,0.42008,10.00
0.033110,4.994891,0.513074,0.41932,10.00
0.033120,4.995208,0.513845,0.41887,10.00
0.033130,4.995545,0.514193,0.41862,10.00
0.033140,4.995889,0.514286,0.41848,10.00
0.033150,4.996146,0.514222,0.41840,10.00
0.033160,4.996062,0.514426,0.41879,10.00
0.033170,4.995998,0.514952,0.41898,10.00
0.033180,4.995962,0.515619,0.41906,10.00
0.033190,4.995958,0.516326,0.41907,10.00
0.033200,4.996209,0.517016,0.41905,10.00
0.033210,4.997363,0.516703,0.41788,10.00
0.033220,4.998466,0.515329,0.41729,10.00
0.033230,4.999486,0.513419,0.41705,10.00
0.033240,5.000407,0.511275,0.41700,10.00
0.033250,5.001249,0.509075,0.41705,10.00
0.033260,5.002079,0.506817,0.41704,10.00
0.033270,5.002803,0.504552,0.41712,10.00
0.033280,5.003423,0.502363,0.41725,10.00
0.033290,5.003943,0.500296,0.41740,10.00
0.033300,5.004387,0.498373,0.41755,10.00
0.033310,5.004806,0.496538,0.41762,10.00
0.033320,5.005142,0.494789,0.41773,10.00
0.033330,5.005400,0.493159,0.41785,10.00
0.033340,5.005586,0.491662,0.41798,10.00
0.033350,5.005796,0.490304,0.41810,10.00
0.033360,5.006291,0.488707,0.41777,10.00
0.033370,5.006703,0.486848,0.41766,10.00
0.033380,5.007027,0.484930,0.41768,10.00
0.033390,5.007264,0.483066,0.41776,10.00
0.033400,5.007013,0.481316,0.41788,10.00
0.033410,5.005109,0.481434,0.42005,10.00
0.033420,5.003278,0.483513,0.42115,10.00
0.033430,5.001579,0.486595,0.42163,10.00
0.033440,5.000041,0.490126,0.42175,10.00
0.033450,4.999038,0.493785,0.42168,10.00
0.033460,4.999623,0.495840,0.41967,10.00
0.033470,5.000247,0.496119,0.41857,10.00
0.033480,5.000851,0.495429,0.41800,10.00
0.033490,5.001407,0.494242,0.41774,10.00
0.033500,5.002035,0.492830,0.41766,10.00
0.033510,5.003121,0.490775,0.41698,10.00
0.033520,5.004091,0.488139,0.41672,10.00
0.033530,5.004930,0.485289,0.41669,10.00
0.033540,5.005636,0.482435,0.41679,10.00
0.033550,5.006022,0.479694,0.41694,10.00
0.033560,5.005549,0.477932,0.41809,10.00
0.033570,5.005029,0.477216,0.41873,10.00
0.033580,5.004497,0.477108,0.41909,10.00
0.033590,5.003972,0.477351,0.41928,10.00
0.033600,5.003356,0.477791,0.41937,10.00
0.033610,5.002338,0.478808,0.41995,10.00
0.033620,5.001386,0.480368,0.42021,10.00
0.033630,5.000517,0.482179,0.42028,10.00
0.033640,4.999737,0.484071,0.42025,10.00
0.033650,4.998902,0.485948,0.42017,10.00
0.033660,4.997598,0.488365,0.42078,10.00
0.033670,4.996426,0.491321,0.42099,10.00
0.033680,4.995399,0.494462,0.42099,10.00
0.033690,4.994519,0.497590,0.42087,10.00
0.033700,4.993823,0.500592,0.42069,10.00
0.033710,4.993419,0.503237,0.42028,10.00
0.033720,4.993126,0.505489,0.41997,10.00
0.033730,4.992928,0.507435,0.41972,10.00
0.033740,4.992812,0.509129,0.41953,10.00
0.033750,4.993086,0.510610,0.41936,10.00
0.033760,4.994658,0.510551,0.41761,10.00
0.033770,4.996174,0.508911,0.41673,10.00
0.033780,4.997584,0.506456,0.41634,10.00
0.033790,4.998866,0.503635,0.41624,10.00
0.033800,4.999964,0.500704,0.41629,10.00
0.033810,5.000746,0.498006,0.41666,10.00
0.033820,5.001411,0.495632,0.41696,10.00
0.033830,5.001973,0.493516,0.41719,10.00
0.033840,5.002442,0.491615,0.41739,10.00
0.033850,5.002814,0.489903,0.41757,10.00
0.033860,5.003057,0.488417,0.41780,10.00
0.033870,5.003237,0.487148,0.41797,10.00
0.033880,5.003363,0.486047,0.41810,10.00
0.033890,5.003442,0.485086,0.41822,10.00
0.033900,5.003202,0.484244,0.41831,10.00
0.033910,5.001841,0.484696,0.41980,10.00
0.033920,5.000545,0.486484,0.42054,10.00
0.033930,4.999357,0.488940,0.42085,10.00
0.033940,4.998294,0.491676,0.42091,10.00
0.033950,4.997620,0.494469,0.42084,10.00
0.033960,4.998078,0.496096,0.41939,10.00
0.033970,4.998571,0.496438,0.41860,10.00
0.033980,4.999056,0.496070,0.41818,10.00
0.033990,4.999511,0.495327,0.41798,10.00
0.034000,5.000034,0.494406,0.41791,10.00
0.034010,5.000935,0.492955,0.41736,10.00
0.034020,5.001752,0.491017,0.41714,10.00
0.034030,5.002471,0.488886,0.41710,10.00
0.034040,5.003089,0.486730,0.41716,10.00
0.034050,5.003634,0.484642,0.41728,10.00
0.034060,5.004189,0.482560,0.41728,10.00
0.034070,5.004648,0.480503,0.41736,10.00
0.034080,5.005013,0.478545,0.41748,10.00
0.034090,5.005292,0.476722,0.41762,10.00
0.034100,5.005311,0.475051,0.41776,10.00
0.034110,5.004559,0.474303,0.41881,10.00
0.034120,5.003805,0.474510,0.41936,10.00
0.034130,5.003079,0.475242,0.41964,10.00
0.034140,5.002398,0.476248,0.41976,10.00
0.034150,5.001486,0.477379,0.41978,10.00
0.034160,4.999527,0.479756,0.42118,10.00
0.034170,4.997722,0.483384,0.42180,10.00
0.034180,4.996108,0.487566,0.42197,10.00
0.034190,4.994695,0.491900,0.42190,10.00
0.034200,4.993610,0.496160,0.42170,10.00
0.034210,4.993208,0.499685,0.42080,10.00
0.034220,4.992945,0.502386,0.42021,10.00
0.034230,4.992789,0.504531,0.41981,10.00
0.034240,4.992720,0.506284,0.41952,10.00
0.034250,4.992817,0.507743,0.41931,10.00
0.034260,4.993340,0.508573,0.41867,10.00
0.034270,4.993880,0.508796,0.41831,10.00
0.034280,4.994418,0.508665,0.41812,10.00
0.034290,4.994942,0.508327,0.41803,10.00
0.034300,4.995686,0.507873,0.41799,10.00
0.034310,4.997346,0.506325,0.41677,10.00
0.034320,4.998895,0.503670,0.41621,10.00
0.034330,5.000301,0.500498,0.41602,10.00
0.034340,5.001551,0.497151,0.41605,10.00
0.034350,5.002330,0.493824,0.41619,10.00
0.034360,5.001732,0.491962,0.41797,10.00
0.034370,5.001100,0.491687,0.41895,10.00
0.034380,5.000483,0.492281,0.41946,10.00
0.034390,4.999910,0.493328,0.41969,10.00
0.034400,4.999452,0.494584,0.41977,10.00
0.034410,4.999288,0.495657,0.41946,10.00
0.034420,4.999166,0.496453,0.41926,10.00
0.034430,4.999075,0.497071,0.41913,10.00
0.034440,4.999010,0.497568,0.41904,10.00
0.034450,4.999291,0.497980,0.41897,10.00
0.034460,5.000863,0.496934,0.41727,10.00
0.034470,5.002336,0.494381,0.41645,10.00
0.034480,5.003665,0.491103,0.41613,10.00
0.034490,5.004830,0.487551,0.41609,10.00
0.034500,5.005565,0.483983,0.41621,10.00
0.034510,5.005116,0.481660,0.41773,10.00
0.034520,5.004604,0.480710,0.41859,10.00
0.034530,5.004074,0.480549,0.41907,10.00
0.034540,5.003552,0.480835,0.41931,10.00
0.034550,5.003034,0.481364,0.41943,10.00
0.034560,5.002477,0.482096,0.41956,10.00
0.034570,5.001960,0.482963,0.41960,10.00
0.034580,5.001486,0.483883,0.41959,10.00
0.034590,5.001056,0.484806,0.41955,10.00
0.034600,5.000909,0.485706,0.41949,10.00
0.034610,5.001735,0.485548,0.41822,10.00
0.034620,5.002516,0.484277,0.41758,10.00
0.034630,5.003221,0.482456,0.41731,10.00
0.034640,5.003832,0.480407,0.41724,10.00
0.034650,5.003930,0.478318,0.41729,10.00
0.034660,5.002317,0.478060,0.41949,10.00
0.034670,5.000757,0.479770,0.42061,10.00
0.034680,4.999312,0.482494,0.42112,10.00
0.034690,4.998011,0.485677,0.42127,10.00
0.034700,4.997049,0.488999,0.42123,10.00
0.034710,4.996959,0.491495,0.42015,10.00
0.034720,4.996955,0.493028,0.41951,10.00
0.034730,4.997004,0.493982,0.41913,10.00
0.034740,4.997085,0.494582,0.41890,10.00
0.034750,4.996997,0.494963,0.41876,10.00
0.034760,4.996181,0.496016,0.41963,10.00
0.034770,4.995439,0.497825,0.42003,10.00
0.034780,4.994793,0.499971,0.42017,10.00
0.034790,4.994250,0.502212,0.42015,10.00
0.034800,4.993926,0.504413,0.42006,10.00
0.034810,4.994146,0.506012,0.41935,10.00
0.034820,4.994419,0.506948,0.41893,10.00
0.034830,4.994721,0.507477,0.41868,10.00
0.034840,4.995039,0.507751,0.41853,10.00
0.034850,4.995372,0.507860,0.41844,10.00
0.034860,4.995742,0.507820,0.41834,10.00
0.034870,4.996105,0.507665,0.41829,10.00
0.034880,4.996458,0.507438,0.41827,10.00
0.034890,4.996797,0.507167,0.41827,10.00
0.034900,4.997350,0.506868,0.41828,10.00
0.034910,4.998775,0.505582,0.41714,10.00
0.034920,5.000106,0.503270,0.41661,10.00
0.034930,5.001310,0.500477,0.41643,10.00
0.034940,5.002378,0.497518,0.41644,10.00
0.034950,5.002997,0.494572,0.41656,10.00
0.034960,5.002280,0.493054,0.41830,10.00
0.034970,5.001542,0.493077,0.41923,10.00
0.034980,5.000833,0.493936,0.41971,10.00
0.034990,5.000180,0.495222,0.41991,10.00
0.035000,4.999774,0.496694,0.41997,10.00
0.035010,5.000145,0.497444,0.41902,10.00
0.035020,5.000524,0.497360,0.41852,10.00
0.035030,5.000884,0.496826,0.41826,10.00
0.035040,5.001212,0.496069,0.41815,10.00
0.035050,5.001355,0.495217,0.41813,10.00
0.035060,5.000889,0.494967,0.41888,10.00
0.035070,5.000433,0.495391,0.41928,10.00
0.035080,5.000010,0.496164,0.41946,10.00
0.035090,4.999628,0.497101,0.41952,10.00
0.035100,4.999482,0.498092,0.41952,10.00
0.035110,5.000124,0.498267,0.41852,10.00
0.035120,5.000744,0.497554,0.41800,10.00
0.035130,5.001316,0.496385,0.41777,10.00
0.035140,5.001825,0.495010,0.41769,10.00
0.035150,5.002122,0.493575,0.41771,10.00
0.035160,5.001781,0.492783,0.41851,10.00
0.035170,5.001427,0.492710,0.41895,10.00
0.035180,5.001083,0.493031,0.41917,10.00
0.035190,5.000762,0.493558,0.41927,10.00
0.035200,5.000205,0.494181,0.41931,10.00
0.035210,4.998653,0.495957,0.42063,10.00
0.035220,4.997224,0.498904,0.42123,10.00
0.035230,4.995951,0.502377,0.42142,10.00
0.035240,4.994847,0.506006,0.42139,10.00
0.035250,4.994413,0.509583,0.42123,10.00
0.035260,4.996096,0.510855,0.41848,10.00
0.035270,4.997757,0.509663,0.41703,10.00
0.035280,4.999317,0.507168,0.41634,10.00
0.035290,5.000738,0.504046,0.41609,10.00
0.035300,5.001798,0.500687,0.41608,10.00
0.035310,5.001895,0.498195,0.41724,10.00
0.035320,5.001909,0.496734,0.41793,10.00
0.035330,5.001875,0.495884,0.41833,10.00
0.035340,5.001812,0.495398,0.41857,10.00
0.035350,5.001626,0.495128,0.41870,10.00
0.035360,5.001007,0.495453,0.41933,10.00
0.035370,5.000422,0.496343,0.41964,10.00
0.035380,4.999889,0.497509,0.41976,10.00
0.035390,4.999414,0.498785,0.41978,10.00
0.035400,4.999154,0.500076,0.41974,10.00
0.035410,4.999550,0.500674,0.41890,10.00
0.035420,4.999949,0.500520,0.41844,10.00
0.035430,5.000328,0.499963,0.41822,10.00
0.035440,5.000674,0.499206,0.41813,10.00
0.035450,5.000764,0.498367,0.41811,10.00
0.035460,4.999970,0.498436,0.41923,10.00
0.035470,4.999212,0.499495,0.41979,10.00
0.035480,4.998521,0.501051,0.42004,10.00
0.035490,4.997910,0.502818,0.42010,10.00
0.035500,4.997674,0.504634,0.42007,10.00
0.035510,4.998658,0.505166,0.41851,10.00
0.035520,4.999620,0.504305,0.41769,10.00
0.035530,5.000517,0.502716,0.41731,10.00
0.035540,5.001328,0.500786,0.41718,10.00
0.035550,5.001959,0.498738,0.41719,10.00
0.035560,5.002169,0.497054,0.41769,10.00
0.035570,5.002315,0.495823,0.41801,10.00
0.035580,5.002412,0.494883,0.41822,10.00
0.035590,5.002472,0.494139,0.41836,10.00
0.035600,5.002409,0.493532,0.41846,10.00
0.035610,5.001963,0.493419,0.41900,10.00
0.035620,5.001529,0.493796,0.41928,10.00
0.035630,5.001121,0.494429,0.41941,10.00
0.035640,5.000747,0.495184,0.41945,10.00
0.035650,5.000403,0.495982,0.41944,10.00
0.035660,5.000068,0.496809,0.41944,10.00
0.035670,4.999772,0.497642,0.41941,10.00
0.035680,4.999515,0.498449,0.41937,10.00
0.035690,4.999294,0.499214,0.41931,10.00
0.035700,4.999378,0.499929,0.41926,10.00
0.035710,5.000542,0.499441,0.41784,10.00
0.035720,5.001641,0.497697,0.41714,10.00
0.035730,5.002638,0.495335,0.41685,10.00
0.035740,5.003516,0.492725,0.41679,10.00
0.035750,5.004007,0.490078,0.41686,10.00
0.035760,5.003354,0.488630,0.41833,10.00
0.035770,5.002676,0.488497,0.41913,10.00
0.035780,5.002017,0.489089,0.41954,10.00
0.035790,5.001399,0.490060,0.41972,10.00
0.035800,5.001027,0.491210,0.41978,10.00
0.035810,5.001468,0.491595,0.41879,10.00
0.035820,5.001898,0.491112,0.41827,10.00
0.035830,5.002291,0.490180,0.41803,10.00
0.035840,5.002633,0.489045,0.41794,10.00
0.035850,5.003002,0.487847,0.41794,10.00
0.035860,5.003631,0.486319,0.41757,10.00
0.035870,5.004179,0.484487,0.41745,10.00
0.035880,5.004638,0.482566,0.41746,10.00
0.035890,5.005009,0.480677,0.41753,10.00
0.035900,5.005185,0.478885,0.41765,10.00
0.035910,5.004855,0.477691,0.41833,10.00
0.035920,5.004490,0.477131,0.41872,10.00
0.035930,5.004113,0.476949,0.41894,10.00
0.035940,5.003736,0.476994,0.41906,10.00
0.035950,5.003147,0.477175,0.41912,10.00
0.035960,5.001717,0.478372,0.42026,10.00
0.035970,5.000377,0.480595,0.42079,10.00
0.035980,4.999159,0.483304,0.42098,10.00
0.035990,4.998075,0.486188,0.42097,10.00
0.036000,4.997436,0.489069,0.42085,10.00
0.036010,4.998128,0.490534,0.41913,10.00
0.036020,4.998839,0.490469,0.41820,10.00
0.036030,4.999520,0.489577,0.41773,10.00
0.036040,5.000144,0.488269,0.41753,10.00
0.036050,5.000504,0.486781,0.41748,10.00
0.036060,5.000029,0.486085,0.41850,10.00
0.036070,4.999552,0.486298,0.41904,10.00
0.036080,4.999100,0.486996,0.41931,10.00
0.036090,4.998689,0.487933,0.41942,10.00
0.036100,4.998250,0.488968,0.41944,10.00
0.036110,4.997566,0.490340,0.41980,10.00
0.036120,4.996956,0.492020,0.41993,10.00
0.036130,4.996428,0.493804,0.41993,10.00
0.036140,4.995984,0.495575,0.41986,10.00
0.036150,4.995663,0.497271,0.41976,10.00
0.036160,4.995585,0.498675,0.41942,10.00
0.036170,4.995561,0.499762,0.41920,10.00
0.036180,4.995581,0.500631,0.41905,10.00
0.036190,4.995635,0.501338,0.41893,10.00
0.036200,4.995817,0.501922,0.41885,10.00
0.036210,4.996407,0.501985,0.41828,10.00
0.036220,4.996982,0.501524,0.41799,10.00
0.036230,4.997526,0.500786,0.41786,10.00
0.036240,4.998029,0.499913,0.41783,10.00
0.036250,4.998384,0.498991,0.41784,10.00
0.036260,4.998284,0.498516,0.41841,10.00
0.036270,4.998177,0.498537,0.41872,10.00
0.036280,4.998079,0.498819,0.41888,10.00
0.036290,4.997999,0.499228,0.41894,10.00
0.036300,4.997894,0.499684,0.41896,10.00
0.036310,4.997634,0.500335,0.41918,10.00
0.036320,4.997411,0.501168,0.41927,10.00
0.036330,4.997228,0.502061,0.41928,10.00
0.036340,4.997087,0.502948,0.41925,10.00
0.036350,4.996846,0.503793,0.41920,10.00
0.036360,4.996098,0.505170,0.41985,10.00
0.036370,4.995433,0.507099,0.42012,10.00
0.036380,4.994865,0.509248,0.42019,10.00
0.036390,4.994398,0.511426,0.42014,10.00
0.036400,4.994239,0.513528,0.42003,10.00
0.036410,4.994983,0.514613,0.41884,10.00
0.036420,4.995740,0.514612,0.41819,10.00
0.036430,4.996477,0.514007,0.41786,10.00
0.036440,4.997173,0.513082,0.41772,10.00
0.036450,4.997696,0.512000,0.41768,10.00
0.036460,4.997685,0.511387,0.41832,10.00
0.036470,4.997661,0.511321,0.41867,10.00
0.036480,4.997643,0.511544,0.41885,10.00
0.036490,4.997640,0.511904,0.41893,10.00
0.036500,4.997700,0.512315,0.41895,10.00
0.036510,4.997958,0.512534,0.41872,10.00
0.036520,4.998218,0.512525,0.41859,10.00
0.036530,4.998473,0.512384,0.41852,10.00
0.036540,4.998718,0.512166,0.41849,10.00
0.036550,4.999115,0.511907,0.41848,10.00
0.036560,5.000138,0.510927,0.41766,10.00
0.036570,5.001089,0.509206,0.41728,10.00
0.036580,5.001948,0.507141,0.41715,10.00
0.036590,5.002705,0.504959,0.41716,10.00
0.036600,5.003435,0.502791,0.41725,10.00
0.036610,5.004355,0.500393,0.41700,10.00
0.036620,5.005155,0.497787,0.41696,10.00
0.036630,5.005833,0.495168,0.41705,10.00
0.036640,5.006392,0.492645,0.41719,10.00
0.036650,5.006672,0.490274,0.41736,10.00
0.036660,5.006208,0.488784,0.41836,10.00
0.036670,5.005705,0.488217,0.41893,10.00
0.036680,5.005194,0.488187,0.41924,10.00
0.036690,5.004693,0.488462,0.41940,10.00
0.036700,5.004149,0.488908,0.41947,10.00
0.036710,5.003382,0.489714,0.41981,10.00
0.036720,5.002665,0.490846,0.41996,10.00
0.036730,5.002008,0.492125,0.41998,10.00
0.036740,5.001412,0.493447,0.41995,10.00
0.036750,5.001032,0.494754,0.41988,10.00
0.036760,5.001306,0.495361,0.41903,10.00
0.036770,5.001585,0.495221,0.41857,10.00
0.036780,5.001844,0.494687,0.41835,10.00
0.036790,5.002073,0.493962,0.41825,10.00
0.036800,5.002325,0.493166,0.41824,10.00
0.036810,5.002777,0.492104,0.41795,10.00
0.036820,5.003172,0.490804,0.41785,10.00
0.036830,5.003503,0.489427,0.41784,10.00
0.036840,5.003770,0.488066,0.41789,10.00
0.036850,5.003737,0.486772,0.41797,10.00
0.036860,5.002716,0.486588,0.41927,10.00
0.036870,5.001725,0.487575,0.41994,10.00
0.036880,5.000802,0.489168,0.42024,10.00
0.036890,4.999963,0.491042,0.42033,10.00
0.036900,4.999251,0.493007,0.42031,10.00
0.036910,4.998764,0.494809,0.42005,10.00
0.036920,4.998355,0.496382,0.41985,10.00
0.036930,4.998014,0.497775,0.41969,10.00
0.036940,4.997734,0.499019,0.41955,10.00
0.036950,4.997347,0.500136,0.41944,10.00
0.036960,4.996386,0.501821,0.42014,10.00
0.036970,4.995525,0.504117,0.42044,10.00
0.036980,4.994779,0.506655,0.42050,10.00
0.036990,4.994153,0.509223,0.42043,10.00
0.037000,4.994015,0.511704,0.42030,10.00
0.037010,4.995432,0.512455,0.41826,10.00
0.037020,4.996824,0.511374,0.41720,10.00
0.037030,4.998131,0.509325,0.41670,10.00
0.037040,4.999325,0.506813,0.41653,10.00
0.037050,5.000176,0.504130,0.41653,10.00
0.037060,5.000051,0.502372,0.41774,10.00
0.037070,4.999878,0.501676,0.41842,10.00
0.037080,4.999692,0.501576,0.41879,10.00
0.037090,4.999511,0.501800,0.41898,10.00
0.037100,4.999486,0.502190,0.41907,10.00
0.037110,5.000025,0.502060,0.41839,10.00
0.037120,5.000538,0.501328,0.41805,10.00
0.037130,5.001006,0.500297,0.41791,10.00
0.037140,5.001422,0.499139,0.41788,10.00
0.037150,5.001732,0.497955,0.41790,10.00
0.037160,5.001796,0.497010,0.41821,10.00
0.037170,5.001824,0.496346,0.41840,10.00
0.037180,5.001828,0.495860,0.41853,10.00
0.037190,5.001813,0.495493,0.41861,10.00
0.037200,5.001781,0.495207,0.41866,10.00
0.037210,5.001732,0.494987,0.41871,10.00
0.037220,5.001675,0.494820,0.41874,10.00
0.037230,5.001611,0.494692,0.41877,10.00
0.037240,5.001542,0.494594,0.41878,10.00
0.037250,5.001532,0.494521,0.41880,10.00
0.037260,5.001758,0.494206,0.41850,10.00
0.037270,5.001962,0.493636,0.41836,10.00
0.037280,5.002135,0.492952,0.41831,10.00
0.037290,5.002275,0.492236,0.41831,10.00
0.037300,5.002288,0.491534,0.41834,10.00
0.037310,5.001903,0.491272,0.41886,10.00
0.037320,5.001523,0.491481,0.41913,10.00
0.037330,5.001160,0.491943,0.41926,10.00
0.037340,5.000825,0.492532,0.41931,10.00
0.037350,5.000471,0.493173,0.41931,10.00
0.037360,4.999960,0.494030,0.41953,10.00
0.037370,4.999497,0.495085,0.41961,10.00
0.037380,4.999086,0.496214,0.41961,10.00
0.037390,4.998728,0.497343,0.41957,10.00
0.037400,4.998408,0.498431,0.41950,10.00
0.037410,4.998077,0.499521,0.41951,10.00
0.037420,4.997798,0.500605,0.41946,10.00
0.037430,4.997568,0.501644,0.41940,10.00
0.037440,4.997385,0.502616,0.41933,10.00
0.037450,4.997182,0.503513,0.41926,10.00
0.037460,4.996779,0.504593,0.41950,10.00
0.037470,4.996432,0.505869,0.41958,10.00
0.037480,4.996147,0.507198,0.41957,10.00
0.037490,4.995923,0.508498,0.41951,10.00
0.037500,4.996072,0.509727,0.41943,10.00
0.037510,4.997504,0.509518,0.41775,10.00
0.037520,4.998875,0.507801,0.41691,10.00
0.037530,5.000140,0.505318,0.41654,10.00
0.037540,5.001275,0.502503,0.41645,10.00
0.037550,5.002077,0.499604,0.41651,10.00
0.037560,5.001972,0.497605,0.41766,10.00
0.037570,5.001806,0.496623,0.41831,10.00
0.037580,5.001614,0.496230,0.41868,10.00
0.037590,5.001414,0.496172,0.41888,10.00
0.037600,5.001174,0.496302,0.41899,10.00
0.037610,5.000767,0.496725,0.41927,10.00
0.037620,5.000388,0.497399,0.41939,10.00
0.037630,5.000046,0.498188,0.41943,10.00
0.037640,4.999742,0.499012,0.41942,10.00
0.037650,4.999673,0.499828,0.41938,10.00
0.037660,5.000408,0.499771,0.41834,10.00
0.037670,5.001110,0.498790,0.41781,10.00
0.037680,5.001750,0.497345,0.41758,10.00
0.037690,5.002316,0.495701,0.41752,10.00
0.037700,5.002655,0.494011,0.41755,10.00
0.037710,5.002338,0.492991,0.41838,10.00
0.037720,5.001999,0.492719,0.41884,10.00
0.037730,5.001661,0.492867,0.41908,10.00
0.037740,5.001338,0.493242,0.41920,10.00
0.037750,5.001097,0.493733,0.41925,10.00
0.037760,5.001116,0.494018,0.41895,10.00
0.037770,5.001139,0.494046,0.41879,10.00
0.037780,5.001161,0.493940,0.41870,10.00
0.037790,5.001175,0.493767,0.41867,10.00
0.037800,5.001042,0.493569,0.41865,10.00
0.037810,5.000359,0.493960,0.41936,10.00
0.037820,4.999716,0.494978,0.41970,10.00
0.037830,4.999131,0.496303,0.41983,10.00
0.037840,4.998612,0.497747,0.41985,10.00
0.037850,4.998177,0.499205,0.41980,10.00
0.037860,4.997865,0.500555,0.41965,10.00
0.037870,4.997612,0.501762,0.41952,10.00
0.037880,4.997411,0.502845,0.41941,10.00
0.037890,4.997257,0.503817,0.41931,10.00
0.037900,4.997340,0.504688,0.41923,10.00
0.037910,4.998218,0.504638,0.41817,10.00
0.037920,4.999061,0.503636,0.41763,10.00
0.037930,4.999840,0.502149,0.41740,10.00
0.037940,5.000541,0.500447,0.41733,10.00
0.037950,5.001089,0.498687,0.41737,10.00
0.037960,5.001277,0.497261,0.41781,10.00
0.037970,5.001410,0.496232,0.41809,10.00
0.037980,5.001503,0.495456,0.41827,10.00
0.037990,5.001566,0.494847,0.41840,10.00
0.038000,5.001427,0.494354,0.41848,10.00
0.038010,5.000582,0.494696,0.41943,10.00
0.038020,4.999782,0.495889,0.41990,10.00
0.038030,4.999051,0.497501,0.42010,10.00
0.038040,4.998403,0.499285,0.42013,10.00
0.038050,4.998064,0.501098,0.42008,10.00
0.038060,4.998681,0.501905,0.41886,10.00
0.038070,4.999301,0.501619,0.41820,10.00
0.038080,4.999887,0.500748,0.41788,10.00
0.038090,5.000422,0.499588,0.41775,10.00
0.038100,5.000920,0.498312,0.41773,10.00
0.038110,5.001441,0.496926,0.41766,10.00
0.038120,5.001894,0.495482,0.41768,10.00
0.038130,5.002280,0.494059,0.41774,10.00
0.038140,5.002602,0.492703,0.41783,10.00
0.038150,5.002783,0.491436,0.41793,10.00
0.038160,5.002597,0.490608,0.41843,10.00
0.038170,5.002388,0.490239,0.41871,10.00
0.038180,5.002171,0.490138,0.41887,10.00
0.038190,5.001955,0.490194,0.41896,10.00
0.038200,5.001819,0.490340,0.41900,10.00
0.038210,5.001983,0.490218,0.41864,10.00
0.038220,5.002131,0.489792,0.41846,10.00
0.038230,5.002255,0.489222,0.41839,10.00
0.038240,5.002351,0.488602,0.41838,10.00
0.038250,5.002146,0.487984,0.41839,10.00
0.038260,5.000856,0.488553,0.41980,10.00
0.038270,4.999635,0.490379,0.42049,10.00
0.038280,4.998521,0.492826,0.42077,10.00
0.038290,4.997530,0.495524,0.42082,10.00
0.038300,4.997007,0.498262,0.42074,10.00
0.038310,4.997926,0.499483,0.41889,10.00
0.038320,4.998849,0.499054,0.41791,10.00
0.038330,4.999722,0.497744,0.41742,10.00
0.038340,5.000518,0.496000,0.41723,10.00
0.038350,5.000751,0.494081,0.41720,10.00
0.038360,4.999045,0.494158,0.41965,10.00
0.038370,4.997414,0.496407,0.42089,10.00
0.038380,4.995925,0.499750,0.42144,10.00
0.038390,4.994610,0.503564,0.42158,10.00
0.038400,4.994037,0.507489,0.42151,10.00
0.038410,4.995827,0.508939,0.41850,10.00
0.038420,4.997595,0.507693,0.41691,10.00
0.038430,4.999256,0.505022,0.41615,10.00
0.038440,5.000767,0.501665,0.41587,10.00
0.038450,5.001807,0.498049,0.41586,10.00
0.038460,5.001488,0.495717,0.41753,10.00
0.038470,5.001109,0.494865,0.41846,10.00
0.038480,5.000717,0.494847,0.41897,10.00
0.038490,5.000340,0.495282,0.41923,10.00
0.038500,4.999889,0.495949,0.41934,10.00
0.038510,4.999081,0.497151,0.41988,10.00
0.038520,4.998346,0.498831,0.42011,10.00
0.038530,4.997696,0.500711,0.42016,10.00
0.038540,4.997135,0.502629,0.42012,10.00
0.038550,4.997043,0.504495,0.42002,10.00
0.038560,4.998511,0.504645,0.41799,10.00
0.038570,4.999926,0.502979,0.41695,10.00
0.038580,5.001230,0.500385,0.41648,10.00
0.038590,5.002399,0.497378,0.41635,10.00
0.038600,5.003282,0.494253,0.41639,10.00
0.038610,5.003474,0.491774,0.41724,10.00
0.038620,5.003575,0.490061,0.41777,10.00
0.038630,5.003611,0.488831,0.41810,10.00
0.038640,5.003601,0.487915,0.41832,10.00
0.038650,5.003549,0.487210,0.41846,10.00
0.038660,5.003445,0.486681,0.41860,10.00
0.038670,5.003322,0.486290,0.41868,10.00
0.038680,5.003185,0.485999,0.41874,10.00
0.038690,5.003037,0.485782,0.41879,10.00
0.038700,5.002785,0.485624,0.41882,10.00
0.038710,5.002150,0.485926,0.41933,10.00
0.038720,5.001545,0.486699,0.41958,10.00
0.038730,5.000985,0.487708,0.41968,10.00
0.038740,5.000477,0.488817,0.41969,10.00
0.038750,4.999892,0.489946,0.41965,10.00
0.038760,4.998856,0.491602,0.42025,10.00
0.038770,4.997915,0.493786,0.42049,10.00
0.038780,4.997085,0.496180,0.42052,10.00
0.038790,4.996367,0.498599,0.42045,10.00
0.038800,4.995805,0.500942,0.42032,10.00
0.038810,4.995517,0.502969,0.41995,10.00
0.038820,4.995312,0.504644,0.41968,10.00
0.038830,4.995177,0.506060,0.41948,10.00
0.038840,4.995101,0.507272,0.41932,10.00
0.038850,4.995008,0.508320,0.41920,10.00
0.038860,4.994690,0.509520,0.41944,10.00
0.038870,4.994435,0.510905,0.41951,10.00
0.038880,4.994244,0.512325,0.41950,10.00
0.038890,4.994118,0.513698,0.41944,10.00
0.038900,4.994356,0.514981,0.41935,10.00
0.038910,4.995834,0.514857,0.41772,10.00
0.038920,4.997255,0.513259,0.41690,10.00
0.038930,4.998575,0.510904,0.41654,10.00
0.038940,4.999772,0.508212,0.41645,10.00
0.038950,5.000693,0.505422,0.41650,10.00
0.038960,5.000920,0.503288,0.41737,10.00
0.038970,5.001072,0.501915,0.41789,10.00
0.038980,5.001175,0.501000,0.41820,10.00
0.038990,5.001243,0.500365,0.41839,10.00
0.039000,5.001083,0.499905,0.41852,10.00
0.039010,5.000108,0.500428,0.41963,10.00
0.039020,4.999191,0.501937,0.42017,10.00
0.039030,4.998362,0.503926,0.42039,10.00
0.039040,4.997632,0.506102,0.42042,10.00
0.039050,4.997125,0.508298,0.42036,10.00
0.039060,4.997184,0.509912,0.41963,10.00
0.039070,4.997298,0.510869,0.41921,10.00
0.039080,4.997442,0.511429,0.41895,10.00
0.039090,4.997605,0.511744,0.41880,10.00
0.039100,4.997757,0.511907,0.41871,10.00
0.039110,4.997834,0.512058,0.41876,10.00
0.039120,4.997919,0.512234,0.41877,10.00
0.039130,4.998011,0.512408,0.41878,10.00
0.039140,4.998110,0.512567,0.41877,10.00
0.039150,4.998485,0.512704,0.41876,10.00
0.039160,4.999913,0.511668,0.41739,10.00
0.039170,5.001251,0.509407,0.41673,10.00
0.039180,5.002463,0.506558,0.41648,10.00
0.039190,5.003533,0.503490,0.41646,10.00
0.039200,5.004394,0.500413,0.41657,10.00
0.039210,5.004865,0.497718,0.41707,10.00
0.039220,5.005224,0.495479,0.41742,10.00
0.039230,5.005489,0.493575,0.41769,10.00
0.039240,5.005674,0.491932,0.41789,10.00
0.039250,5.005937,0.490501,0.41806,10.00
0.039260,5.006713,0.488621,0.41746,10.00
0.039270,5.007385,0.486240,0.41723,10.00
0.039280,5.007941,0.483691,0.41720,10.00
0.039290,5.008378,0.481159,0.41729,10.00
0.039300,5.008421,0.478747,0.41743,10.00
0.039310,5.007264,0.477703,0.41901,10.00
0.039320,5.006108,0.478108,0.41985,10.00
0.039330,5.004999,0.479303,0.42027,10.00
0.039340,5.003961,0.480906,0.42043,10.00
0.039350,5.003162,0.482690,0.42046,10.00
0.039360,5.003057,0.483861,0.41962,10.00
0.039370,5.002985,0.484314,0.41915,10.00
0.039380,5.002921,0.484375,0.41889,10.00
0.039390,5.002855,0.484234,0.41876,10.00
0.039400,5.002578,0.483999,0.41870,10.00
0.039410,5.001503,0.484593,0.41971,10.00
0.039420,5.000486,0.486091,0.42019,10.00
0.039430,4.999556,0.488034,0.42038,10.00
0.039440,4.998723,0.490154,0.42040,10.00
0.039450,4.998028,0.492299,0.42034,10.00
0.039460,4.997574,0.494227,0.42004,10.00
0.039470,4.997203,0.495885,0.41981,10.00
0.039480,4.996902,0.497335,0.41963,10.00
0.039490,4.996664,0.498617,0.41949,10.00
0.039500,4.996518,0.499758,0.41936,10.00
0.039510,4.996561,0.500620,0.41908,10.00
0.039520,4.996636,0.501211,0.41890,10.00
0.039530,4.996732,0.501627,0.41878,10.00
0.039540,4.996843,0.501924,0.41871,10.00
0.039550,4.996967,0.502139,0.41866,10.00
0.039560,4.997106,0.502285,0.41862,10.00
0.039570,4.997250,0.502375,0.41859,10.00
0.039580,4.997396,0.502424,0.41857,10.00
0.039590,4.997543,0.502442,0.41856,10.00
0.039600,4.997505,0.502436,0.41855,10.00
0.039610,4.996748,0.503192,0.41948,10.00
0.039620,4.996054,0.504753,0.41992,10.00
0.039630,4.995445,0.506685,0.42008,10.00
0.039640,4.994930,0.508739,0.42009,10.00
0.039650,4.994499,0.510776,0.42001,10.00
0.039660,4.994120,0.512762,0.41995,10.00
0.039670,4.993830,0.514661,0.41984,10.00
0.039680,4.993624,0.516430,0.41971,10.00
0.039690,4.993495,0.518047,0.41958,10.00
0.039700,4.993650,0.519507,0.41945,10.00
0.039710,4.994701,0.519899,0.41824,10.00
0.039720,4.995733,0.519185,0.41761,10.00
0.039730,4.996710,0.517880,0.41732,10.00
0.039740,4.997615,0.516285,0.41722,10.00
0.039750,4.998258,0.514575,0.41723,10.00
0.039760,4.998115,0.513623,0.41821,10.00
0.039770,4.997954,0.513521,0.41875,10.00
0.039780,4.997803,0.513873,0.41902,10.00
0.039790,4.997675,0.514449,0.41914,10.00
0.039800,4.997520,0.515117,0.41918,10.00
0.039810,4.997174,0.516043,0.41946,10.00
0.039820,4.996879,0.517198,0.41957,10.00
0.039830,4.996641,0.518425,0.41958,10.00
0.039840,4.996458,0.519637,0.41953,10.00
0.039850,4.996591,0.520784,0.41946,10.00
0.039860,4.997786,0.520735,0.41807,10.00
0.039870,4.998937,0.519428,0.41736,10.00
0.039880,5.000004,0.517475,0.41705,10.00
0.039890,5.000969,0.515233,0.41696,10.00
0.039900,5.001857,0.512907,0.41701,10.00
0.039910,5.002763,0.510476,0.41695,10.00
0.039920,5.003553,0.507997,0.41701,10.00
0.039930,5.004229,0.505582,0.41714,10.00
0.039940,5.004795,0.503290,0.41730,10.00
0.039950,5.005280,0.501154,0.41746,10.00
0.039960,5.005754,0.499093,0.41752,10.00
0.039970,5.006135,0.497107,0.41763,10.00
0.039980,5.006427,0.495245,0.41776,10.00
0.039990,5.006637,0.493529,0.41790,10.00
0.040000,5.006743,0.491968,0.41803,10.00
0.040010,5.006668,0.490687,0.41831,10.00
0.040020,5.006543,0.489688,0.41850,10.00
0.040030,5.006379,0.488894,0.41864,10.00
0.040040,5.006184,0.488257,0.41874,10.00
0.040050,5.006137,0.487746,0.41881,10.00
0.040060,5.006742,0.486605,0.41800,10.00
0.040070,5.007272,0.484784,0.41763,10.00
0.040080,5.007708,0.482679,0.41752,10.00
0.040090,5.008044,0.480515,0.41754,10.00
0.040100,5.008227,0.478418,0.41764,10.00
0.040110,5.008098,0.476693,0.41805,10.00
0.040120,5.007905,0.475382,0.41833,10.00
0.040130,5.007660,0.474367,0.41852,10.00
0.040140,5.007378,0.473573,0.41866,10.00
0.040150,5.007073,0.472951,0.41876,10.00
0.040160,5.006779,0.472434,0.41880,10.00
0.040170,5.006465,0.471995,0.41884,10.00
0.040180,5.006134,0.471639,0.41888,10.00
0.040190,5.005792,0.471363,0.41892,10.00
0.040200,5.005202,0.471163,0.41895,10.00
0.040210,5.003681,0.472046,0.42017,10.00
0.040220,5.002241,0.474052,0.42076,10.00
0.040230,5.000914,0.476612,0.42099,10.00
0.040240,4.999717,0.479397,0.42101,10.00
0.040250,4.998721,0.482215,0.42091,10.00
0.040260,4.998120,0.484670,0.42042,10.00
0.040270,4.997621,0.486690,0.42007,10.00
0.040280,4.997208,0.488405,0.41982,10.00
0.040290,4.996867,0.489895,0.41963,10.00
0.040300,4.996735,0.491208,0.41948,10.00
0.040310,4.997217,0.491766,0.41862,10.00
0.040320,4.997699,0.491561,0.41817,10.00
0.040330,4.998158,0.490947,0.41795,10.00
0.040340,4.998581,0.490129,0.41786,10.00
0.040350,4.998913,0.489229,0.41785,10.00
0.040360,4.999009,0.488524,0.41813,10.00
0.040370,4.999079,0.488064,0.41830,10.00
0.040380,4.999133,0.487753,0.41840,10.00
0.040390,4.999174,0.487533,0.41847,10.00
0.040400,4.999029,0.487371,0.41851,10.00
0.040410,4.998182,0.488008,0.41944,10.00
0.040420,4.997391,0.489467,0.41989,10.00
0.040430,4.996682,0.491318,0.42006,10.00
0.040440,4.996065,0.493313,0.42008,10.00
0.040450,4.995664,0.495310,0.42001,10.00
0.040460,4.995829,0.496712,0.41929,10.00
0.040470,4.996038,0.497453,0.41886,10.00
0.040480,4.996268,0.497802,0.41862,10.00
0.040490,4.996505,0.497916,0.41849,10.00
0.040500,4.996423,0.497892,0.41841,10.00
0.040510,4.995089,0.499148,0.41999,10.00
0.040520,4.993859,0.501782,0.42075,10.00
0.040530,4.992774,0.505057,0.42103,10.00
0.040540,4.991849,0.508549,0.42104,10.00
0.040550,4.991136,0.512018,0.42092,10.00
0.040560,4.990771,0.515123,0.42047,10.00
0.040570,4.990536,0.517786,0.42013,10.00
0.040580,4.990413,0.520090,0.41985,10.00
0.040590,4.990386,0.522093,0.41962,10.00
0.040600,4.990509,0.523835,0.41942,10.00
0.040610,4.990955,0.525070,0.41893,10.00
0.040620,4.991442,0.525808,0.41862,10.00
0.040630,4.991950,0.526223,0.41844,10.00
0.040640,4.992469,0.526421,0.41833,10.00
0.040650,4.993200,0.526467,0.41826,10.00
0.040660,4.994745,0.525508,0.41717,10.00
0.040670,4.996210,0.523531,0.41664,10.00
0.040680,4.997563,0.521052,0.41645,10.00
0.040690,4.998791,0.518370,0.41645,10.00
0.040700,4.999935,0.515658,0.41654,10.00
0.040710,5.001126,0.512826,0.41647,10.00
0.040720,5.002180,0.509918,0.41654,10.00
0.040730,5.003099,0.507068,0.41669,10.00
0.040740,5.003887,0.504348,0.41687,10.00
0.040750,5.004365,0.501797,0.41706,10.00
0.040760,5.003998,0.500232,0.41821,10.00
0.040770,5.003591,0.499696,0.41885,10.00
0.040780,5.003179,0.499743,0.41919,10.00
0.040790,5.002781,0.500110,0.41937,10.00
0.040800,5.002186,0.500644,0.41944,10.00
0.040810,5.000762,0.502194,0.42057,10.00
0.040820,4.999444,0.504750,0.42108,10.00
0.040830,4.998263,0.507763,0.42124,10.00
0.040840,4.997228,0.510914,0.42121,10.00
0.040850,4.996693,0.514025,0.42107,10.00
0.040860,4.997672,0.515495,0.41910,10.00
0.040870,4.998662,0.515203,0.41804,10.00
0.040880,4.999605,0.513960,0.41752,10.00
0.040890,5.000474,0.512238,0.41730,10.00
0.040900,5.001371,0.510312,0.41725,10.00
0.040910,5.002628,0.507844,0.41671,10.00
0.040920,5.003753,0.504899,0.41653,10.00
0.040930,5.004735,0.501803,0.41655,10.00
0.040940,5.005572,0.498739,0.41668,10.00
0.040950,5.005919,0.495810,0.41686,10.00
0.040960,5.004768,0.494561,0.41884,10.00
0.040970,5.003618,0.495088,0.41989,10.00
0.040980,5.002525,0.496568,0.42040,10.00
0.040990,5.001519,0.498521,0.42061,10.00
0.041000,5.000707,0.500671,0.42064,10.00
0.041010,5.000369,0.502450,0.42009,10.00
0.041020,5.000099,0.503750,0.41974,10.00
0.041030,4.999880,0.504747,0.41952,10.00
0.041040,4.999703,0.505546,0.41936,10.00
0.041050,4.999737,0.506208,0.41926,10.00
0.041060,5.000496,0.506009,0.41827,10.00
0.041070,5.001217,0.504938,0.41778,10.00
0.041080,5.001873,0.503431,0.41757,10.00
0.041090,5.002453,0.501744,0.41752,10.00
0.041100,5.002798,0.500022,0.41756,10.00
0.041110,5.002467,0.498998,0.41842,10.00
0.041120,5.002114,0.498747,0.41890,10.00
0.041130,5.001764,0.498929,0.41915,10.00
0.041140,5.001431,0.499344,0.41927,10.00
0.041150,5.001197,0.499875,0.41931,10.00
0.041160,5.001284,0.500134,0.41894,10.00
0.041170,5.001372,0.500066,0.41873,10.00
0.041180,5.001452,0.499827,0.41863,10.00
0.041190,5.001519,0.499507,0.41859,10.00
0.041200,5.001393,0.499160,0.41858,10.00
0.041210,5.000566,0.499564,0.41948,10.00
0.041220,4.999785,0.500769,0.41992,10.00
0.041230,4.999073,0.502368,0.42010,10.00
0.041240,4.998443,0.504125,0.42013,10.00
0.041250,4.998110,0.505903,0.42008,10.00
0.041260,4.998691,0.506717,0.41890,10.00
0.041270,4.999276,0.506483,0.41828,10.00
0.041280,4.999832,0.505686,0.41797,10.00
0.041290,5.000340,0.504611,0.41784,10.00
0.041300,5.000951,0.503420,0.41782,10.00
0.041310,5.002121,0.501536,0.41705,10.00
0.041320,5.003179,0.498981,0.41674,10.00
0.041330,5.004108,0.496157,0.41667,10.00
0.041340,5.004903,0.493293,0.41675,10.00
0.041350,5.005343,0.490518,0.41690,10.00
0.041360,5.004783,0.488856,0.41822,10.00
0.041370,5.004186,0.488387,0.41895,10.00
0.041380,5.003590,0.488592,0.41934,10.00
0.041390,5.003017,0.489169,0.41953,10.00
0.041400,5.002675,0.489938,0.41960,10.00
0.041410,5.003138,0.489959,0.41862,10.00
0.041420,5.003575,0.489131,0.41812,10.00
0.041430,5.003959,0.487885,0.41790,10.00
0.041440,5.004280,0.486467,0.41784,10.00
0.041450,5.004256,0.485020,0.41786,10.00
0.041460,5.003079,0.484808,0.41934,10.00
0.041470,5.001938,0.485928,0.42010,10.00
0.041480,5.000873,0.487742,0.42044,10.00
0.041490,4.999906,0.489876,0.42055,10.00
0.041500,4.999217,0.492115,0.42052,10.00
0.041510,4.999314,0.493594,0.41954,10.00
0.041520,4.999453,0.494208,0.41899,10.00
0.041530,4.999604,0.494335,0.41869,10.00
0.041540,4.999753,0.494195,0.41853,10.00
0.041550,4.999979,0.493916,0.41845,10.00
0.041560,5.000535,0.493197,0.41798,10.00
0.041570,5.001044,0.492062,0.41777,10.00
0.041580,5.001493,0.490745,0.41770,10.00
0.041590,5.001878,0.489380,0.41772,10.00
0.041600,5.001871,0.488043,0.41778,10.00
0.041610,5.000517,0.488180,0.41954,10.00
0.041620,4.999222,0.489879,0.42042,10.00
0.041630,4.998034,0.492366,0.42080,10.00
0.041640,4.996974,0.495195,0.42090,10.00
0.041650,4.996413,0.498108,0.42085,10.00
0.041660,4.997395,0.499419,0.41888,10.00
0.041670,4.998380,0.498978,0.41783,10.00
0.041680,4.999313,0.497600,0.41732,10.00
0.041690,5.000166,0.495760,0.41711,10.00
0.041700,5.000561,0.493733,0.41708,10.00
0.041710,4.999444,0.493225,0.41897,10.00
0.041720,4.998359,0.494397,0.41995,10.00
0.041730,4.997358,0.496436,0.42041,10.00
0.041740,4.996465,0.498870,0.42056,10.00
0.041750,4.995865,0.501428,0.42054,10.00
0.041760,4.996060,0.503217,0.41956,10.00
0.041770,4.996309,0.504119,0.41900,10.00
0.041780,4.996582,0.504500,0.41867,10.00
0.041790,4.996863,0.504577,0.41849,10.00
0.041800,4.997238,0.504477,0.41840,10.00
0.041810,4.997982,0.503862,0.41787,10.00
0.041820,4.998681,0.502758,0.41762,10.00
0.041830,4.999319,0.501423,0.41753,10.00
0.041840,4.999891,0.500003,0.41754,10.00
0.041850,5.000404,0.498585,0.41760,10.00
0.041860,5.000882,0.497182,0.41764,10.00
0.041870,5.001296,0.495818,0.41772,10.00
0.041880,5.001648,0.494524,0.41781,10.00
0.041890,5.001941,0.493317,0.41790,10.00
0.041900,5.001894,0.492203,0.41800,10.00
0.041910,5.000678,0.492408,0.41954,10.00
0.041920,4.999517,0.493989,0.42032,10.00
0.041930,4.998453,0.496260,0.42065,10.00
0.041940,4.997507,0.498827,0.42073,10.00
0.041950,4.996843,0.501461,0.42068,10.00
0.041960,4.996920,0.503357,0.41975,10.00
0.041970,4.997058,0.504415,0.41920,10.00
0.041980,4.997229,0.504974,0.41888,10.00
0.041990,4.997416,0.505236,0.41870,10.00
0.042000,4.997598,0.505320,0.41860,10.00
0.042010,4.997735,0.505345,0.41860,10.00
0.042020,4.997873,0.505355,0.41860,10.00
0.042030,4.998010,0.505350,0.41859,10.00
0.042040,4.998145,0.505330,0.41859,10.00
0.042050,4.998411,0.505295,0.41859,10.00
0.042060,4.999186,0.504687,0.41793,10.00
0.042070,4.999913,0.503481,0.41761,10.00
0.042080,5.000572,0.501990,0.41750,10.00
0.042090,5.001158,0.500395,0.41750,10.00
0.042100,5.001626,0.498798,0.41756,10.00
0.042110,5.001851,0.497443,0.41787,10.00
0.042120,5.002022,0.496367,0.41808,10.00
0.042130,5.002148,0.495485,0.41823,10.00
0.042140,5.002239,0.494743,0.41833,10.00
0.042150,5.002249,0.494108,0.41842,10.00
0.042160,5.002041,0.493768,0.41873,10.00
0.042170,5.001827,0.493718,0.41891,10.00
0.042180,5.001616,0.493833,0.41900,10.00
0.042190,5.001415,0.494039,0.41904,10.00
0.042200,5.001297,0.494292,0.41905,10.00
0.042210,5.001470,0.494260,0.41869,10.00
0.042220,5.001633,0.493914,0.41850,10.00
0.042230,5.001774,0.493416,0.41842,10.00
0.042240,5.001891,0.492857,0.41840,10.00
0.042250,5.001851,0.492291,0.41841,10.00
0.042260,5.001280,0.492299,0.41910,10.00
0.042270,5.000731,0.492921,0.41944,10.00
0.042280,5.000221,0.493859,0.41960,10.00
0.042290,4.999761,0.494938,0.41964,10.00
0.042300,4.999468,0.496058,0.41962,10.00
0.042310,4.999674,0.496673,0.41899,10.00
0.042320,4.999890,0.496730,0.41864,10.00
0.042330,5.000098,0.496483,0.41847,10.00
0.042340,5.000290,0.496081,0.41839,10.00
0.042350,5.000466,0.495609,0.41836,10.00
0.042360,5.000642,0.495093,0.41834,10.00
0.042370,5.000793,0.494560,0.41835,10.00
0.042380,5.000919,0.494038,0.41837,10.00
0.042390,5.001021,0.493543,0.41841,10.00
0.042400,5.000886,0.493083,0.41844,10.00
0.042410,4.999888,0.493583,0.41957,10.00
0.042420,4.998947,0.495085,0.42012,10.00
0.042430,4.998093,0.497079,0.42035,10.00
0.042440,4.997340,0.499267,0.42038,10.00
0.042450,4.996996,0.501480,0.42032,10.00
0.042460,4.997945,0.502321,0.41866,10.00
0.042470,4.998885,0.501678,0.41778,10.00
0.042480,4.999768,0.500250,0.41736,10.00
0.042490,5.000570,0.498444,0.41720,10.00
0.042500,5.000951,0.496495,0.41719,10.00
0.042510,4.999948,0.495949,0.41894,10.00
0.042520,4.998970,0.496947,0.41984,10.00
0.042530,4.998066,0.498746,0.42026,10.00
0.042540,4.997258,0.500913,0.42041,10.00
0.042550,4.996917,0.503198,0.42040,10.00
0.042560,4.998086,0.503927,0.41848,10.00
0.042570,4.999231,0.502951,0.41749,10.00
0.042580,5.000301,0.501081,0.41702,10.00
0.042590,5.001268,0.498790,0.41685,10.00
0.042600,5.002047,0.496350,0.41685,10.00
0.042610,5.002415,0.494239,0.41733,10.00
0.042620,5.002698,0.492560,0.41765,10.00
0.042630,5.002912,0.491177,0.41788,10.00
0.042640,5.003069,0.490011,0.41805,10.00
0.042650,5.003265,0.489010,0.41818,10.00
0.042660,5.003763,0.487766,0.41784,10.00
0.042670,5.004193,0.486240,0.41772,10.00
0.042680,5.004549,0.484627,0.41771,10.00
0.042690,5.004831,0.483034,0.41777,10.00
0.042700,5.004995,0.481522,0.41787,10.00
0.042710,5.004911,0.480319,0.41821,10.00
0.042720,5.004782,0.479448,0.41843,10.00
0.042730,5.004621,0.478803,0.41857,10.00
0.042740,5.004436,0.478318,0.41867,10.00
0.042750,5.004045,0.477953,0.41874,10.00
0.042760,5.002909,0.478481,0.41974,10.00
0.042770,5.001830,0.479921,0.42023,10.00
0.042780,5.000834,0.481816,0.42043,10.00
0.042790,4.999935,0.483900,0.42045,10.00
0.042800,4.999189,0.486021,0.42039,10.00
0.042810,4.998747,0.487866,0.42001,10.00
0.042820,4.998382,0.489378,0.41975,10.00
0.042830,4.998080,0.490657,0.41956,10.00
0.042840,4.997833,0.491764,0.41941,10.00
0.042850,4.997529,0.492738,0.41930,10.00
0.042860,4.996855,0.494051,0.41973,10.00
0.042870,4.996255,0.495740,0.41991,10.00
0.042880,4.995739,0.497568,0.41993,10.00
0.042890,4.995309,0.499399,0.41987,10.00
0.042900,4.994954,0.501158,0.41977,10.00
0.042910,4.994643,0.502841,0.41970,10.00
0.042920,4.994409,0.504432,0.41959,10.00
0.042930,4.994244,0.505903,0.41948,10.00
0.042940,4.994143,0.507243,0.41936,10.00
0.042950,4.994288,0.508450,0.41925,10.00
0.042960,4.995215,0.508726,0.41820,10.00
0.042970,4.996123,0.508040,0.41766,10.00
0.042980,4.996979,0.506843,0.41741,10.00
0.042990,4.997771,0.505398,0.41732,10.00
0.043000,4.998310,0.503859,0.41734,10.00
0.043010,4.998079,0.503078,0.41831,10.00
0.043020,4.997837,0.503140,0.41883,10.00
0.043030,4.997613,0.503649,0.41909,10.00
0.043040,4.997419,0.504374,0.41920,10.00
0.043050,4.997397,0.505182,0.41923,10.00
0.043060,4.997939,0.505424,0.41853,10.00
0.043070,4.998471,0.505031,0.41816,10.00
0.043080,4.998972,0.504300,0.41799,10.00
0.043090,4.999433,0.503407,0.41793,10.00
0.043100,4.999788,0.502451,0.41794,10.00
0.043110,4.999854,0.501755,0.41829,10.00
0.043120,4.999897,0.501366,0.41849,10.00
0.043130,4.999928,0.501153,0.41861,10.00
0.043140,4.999952,0.501041,0.41868,10.00
0.043150,4.999911,0.500985,0.41872,10.00
0.043160,4.999631,0.501219,0.41905,10.00
0.043170,4.999372,0.501742,0.41920,10.00
0.043180,4.999141,0.502400,0.41926,10.00
0.043190,4.998943,0.503104,0.41927,10.00
0.043200,4.998818,0.503806,0.41924,10.00
0.043210,4.998884,0.504304,0.41900,10.00
0.043220,4.998965,0.504577,0.41885,10.00
0.043230,4.999054,0.504713,0.41877,10.00
0.043240,4.999146,0.504767,0.41872,10.00
0.043250,4.999264,0.504769,0.41869,10.00
0.043260,4.999476,0.504634,0.41856,10.00
0.043270,4.999677,0.504370,0.41849,10.00
0.043280,4.999863,0.504041,0.41847,10.00
0.043290,5.000032,0.503685,0.41847,10.00
0.043300,5.000154,0.503325,0.41848,10.00
0.043310,5.000141,0.503103,0.41865,10.00
0.043320,5.000122,0.503031,0.41875,10.00
0.043330,5.000103,0.503042,0.41880,10.00
0.043340,5.000085,0.503095,0.41882,10.00
0.043350,5.000072,0.503168,0.41883,10.00
0.043360,5.000070,0.503240,0.41883,10.00
0.043370,5.000071,0.503303,0.41882,10.00
0.043380,5.000074,0.503358,0.41881,10.00
0.043390,5.000080,0.503405,0.41881,10.00
0.043400,5.000354,0.503445,0.41880,10.00
0.043410,5.001664,0.502345,0.41745,10.00
0.043420,5.002883,0.500055,0.41681,10.00
0.043430,5.003975,0.497203,0.41658,10.00
0.043440,5.004927,0.494152,0.41656,10.00
0.043450,5.005339,0.491109,0.41667,10.00
0.043460,5.004067,0.489877,0.41885,10.00
0.043470,5.002802,0.490597,0.42000,10.00
0.043480,5.001606,0.492357,0.42056,10.00
0.043490,5.000511,0.494626,0.42078,10.00
0.043500,4.999671,0.497098,0.42080,10.00
0.043510,4.999494,0.498999,0.42001,10.00
0.043520,4.999384,0.500203,0.41953,10.00
0.043530,4.999317,0.500987,0.41925,10.00
0.043540,4.999278,0.501515,0.41907,10.00
0.043550,4.999424,0.501884,0.41896,10.00
0.043560,5.000231,0.501447,0.41806,10.00
0.043570,5.000989,0.500204,0.41761,10.00
0.043580,5.001676,0.498568,0.41744,10.00
0.043590,5.002281,0.496780,0.41741,10.00
0.043600,5.002907,0.494974,0.41746,10.00
0.043610,5.003860,0.492778,0.41703,10.00
0.043620,5.004698,0.490213,0.41689,10.00
0.043630,5.005411,0.487547,0.41692,10.00
0.043640,5.006002,0.484932,0.41704,10.00
0.043650,5.006340,0.482451,0.41720,10.00
0.043660,5.006040,0.480723,0.41806,10.00
0.043670,5.005686,0.479793,0.41856,10.00
0.043680,5.005305,0.479345,0.41886,10.00
0.043690,5.004914,0.479192,0.41902,10.00
0.043700,5.004511,0.479221,0.41912,10.00
0.043710,5.004063,0.479420,0.41923,10.00
0.043720,5.003630,0.479750,0.41928,10.00
0.043730,5.003216,0.480154,0.41930,10.00
0.043740,5.002823,0.480598,0.41929,10.00
0.043750,5.002422,0.481061,0.41927,10.00
0.043760,5.001924,0.481661,0.41940,10.00
0.043770,5.001460,0.482396,0.41944,10.00
0.043780,5.001033,0.483187,0.41944,10.00
0.043790,5.000644,0.483989,0.41941,10.00
0.043800,5.000254,0.484776,0.41936,10.00
0.043810,4.999749,0.485699,0.41951,10.00
0.043820,4.999293,0.486756,0.41955,10.00
0.043830,4.998888,0.487853,0.41953,10.00
0.043840,4.998535,0.488934,0.41948,10.00
0.043850,4.998285,0.489970,0.41941,10.00
0.043860,4.998295,0.490712,0.41906,10.00
0.043870,4.998330,0.491141,0.41886,10.00
0.043880,4.998378,0.491384,0.41874,10.00
0.043890,4.998434,0.491516,0.41867,10.00
0.043900,4.998469,0.491581,0.41863,10.00
0.043910,4.998409,0.491710,0.41873,10.00
0.043920,4.998358,0.491926,0.41878,10.00
0.043930,4.998318,0.492178,0.41879,10.00
0.043940,4.998290,0.492437,0.41879,10.00
0.043950,4.998300,0.492690,0.41878,10.00
0.043960,4.998422,0.492816,0.41864,10.00
0.043970,4.998545,0.492805,0.41856,10.00
0.043980,4.998665,0.492719,0.41852,10.00
0.043990,4.998779,0.492592,0.41850,10.00
0.044000,4.998803,0.492445,0.41850,10.00
0.044010,4.998493,0.492646,0.41892,10.00
0.044020,4.998205,0.493220,0.41913,10.00
0.044030,4.997950,0.493973,0.41922,10.00
0.044040,4.997732,0.494792,0.41923,10.00
0.044050,4.997818,0.495614,0.41921,10.00
0.044060,4.998973,0.495275,0.41782,10.00
0.044070,5.000071,0.493704,0.41714,10.00
0.044080,5.001074,0.491519,0.41685,10.00
0.044090,5.001966,0.489078,0.41678,10.00
0.044100,5.002653,0.486587,0.41685,10.00
0.044110,5.002880,0.484537,0.41742,10.00
0.044120,5.003029,0.483008,0.41779,10.00
0.044130,5.003117,0.481823,0.41804,10.00
0.044140,5.003158,0.480874,0.41821,10.00
0.044150,5.003004,0.480097,0.41833,10.00
0.044160,5.002212,0.480114,0.41921,10.00
0.044170,5.001448,0.480930,0.41966,10.00
0.044180,5.000737,0.482158,0.41986,10.00
0.044190,5.000090,0.483574,0.41991,10.00
0.044200,4.999296,0.485046,0.41988,10.00
0.044210,4.997731,0.487422,0.42091,10.00
0.044220,4.996307,0.490702,0.42133,10.00
0.044230,4.995051,0.494353,0.42143,10.00
0.044240,4.993968,0.498071,0.42133,10.00
0.044250,4.993288,0.501685,0.42114,10.00
0.044260,4.993668,0.504119,0.41974,10.00
0.044270,4.994120,0.505283,0.41894,10.00
0.044280,4.994601,0.505702,0.41849,10.00
0.044290,4.995086,0.505688,0.41824,10.00
0.044300,4.995734,0.505423,0.41812,10.00
0.044310,4.997036,0.504282,0.41719,10.00
0.044320,4.998255,0.502295,0.41676,10.00
0.044330,4.999367,0.499910,0.41662,10.00
0.044340,5.000361,0.497385,0.41664,10.00
0.044350,5.000998,0.494868,0.41674,10.00
0.044360,5.000595,0.493453,0.41809,10.00
0.044370,5.000164,0.493231,0.41883,10.00
0.044380,4.999745,0.493661,0.41921,10.00
0.044390,4.999357,0.494430,0.41939,10.00
0.044400,4.999017,0.495354,0.41945,10.00
0.044410,4.998745,0.496302,0.41941,10.00
0.044420,4.998517,0.497212,0.41936,10.00
0.044430,4.998330,0.498067,0.41930,10.00
0.044440,4.998181,0.498858,0.41923,10.00
0.044450,4.998190,0.499581,0.41917,10.00
0.044460,4.998711,0.499711,0.41848,10.00
0.044470,4.999218,0.499225,0.41813,10.00
0.044480,4.999691,0.498418,0.41797,10.00
0.044490,5.000120,0.497462,0.41792,10.00
0.044500,5.000372,0.496457,0.41793,10.00
0.044510,5.000068,0.496014,0.41863,10.00
0.044520,4.999764,0.496191,0.41901,10.00
0.044530,4.999479,0.496696,0.41919,10.00
0.044540,4.999223,0.497359,0.41926,10.00
0.044550,4.998950,0.498083,0.41927,10.00
0.044560,4.998513,0.499028,0.41951,10.00
0.044570,4.998126,0.500172,0.41959,10.00
0.044580,4.997796,0.501379,0.41959,10.00
0.044590,4.997522,0.502572,0.41954,10.00
0.044600,4.997477,0.503709,0.41947,10.00
0.044610,4.998164,0.504023,0.41850,10.00
0.044620,4.998836,0.503468,0.41800,10.00
0.044630,4.999467,0.502456,0.41777,10.00
0.044640,5.000042,0.501227,0.41769,10.00
0.044650,5.000418,0.499919,0.41769,10.00
0.044660,5.000194,0.499200,0.41844,10.00
0.044670,4.999958,0.499143,0.41885,10.00
0.044680,4.999730,0.499445,0.41906,10.00
0.044690,4.999523,0.499928,0.41915,10.00
0.044700,4.999352,0.500489,0.41918,10.00
0.044710,4.999252,0.501024,0.41912,10.00
0.044720,4.999175,0.501496,0.41906,10.00
0.044730,4.999118,0.501914,0.41902,10.00
0.044740,4.999079,0.502285,0.41898,10.00
0.044750,4.999224,0.502614,0.41894,10.00
0.044760,5.000036,0.502188,0.41806,10.00
0.044770,5.000802,0.500979,0.41763,10.00
0.044780,5.001498,0.499387,0.41746,10.00
0.044790,5.002114,0.497643,0.41743,10.00
0.044800,5.002602,0.495878,0.41749,10.00
0.044810,5.002832,0.494362,0.41781,10.00
0.044820,5.003000,0.493142,0.41803,10.00
0.044830,5.003119,0.492131,0.41819,10.00
0.044840,5.003195,0.491276,0.41831,10.00
0.044850,5.003082,0.490542,0.41840,10.00
0.044860,5.002340,0.490562,0.41926,10.00
0.044870,5.001624,0.491352,0.41969,10.00
0.044880,5.000960,0.492537,0.41988,10.00
0.044890,5.000358,0.493900,0.41993,10.00
0.044900,4.999931,0.495314,0.41990,10.00
0.044910,4.999995,0.496243,0.41928,10.00
0.044920,5.000085,0.496628,0.41893,10.00
0.044930,5.000183,0.496704,0.41874,10.00
0.044940,5.000280,0.496611,0.41864,10.00
0.044950,5.000264,0.496430,0.41860,10.00
0.044960,4.999830,0.496655,0.41911,10.00
0.044970,4.999421,0.497334,0.41936,10.00
0.044980,4.999052,0.498233,0.41946,10.00
0.044990,4.998728,0.499218,0.41948,10.00
0.045000,4.998511,0.500214,0.41945,10.00
0.045010,4.998573,0.500921,0.41909,10.00
0.045020,4.998658,0.501304,0.41888,10.00
0.045030,4.998753,0.501495,0.41876,10.00
0.045040,4.998854,0.501570,0.41869,10.00
0.045050,4.998970,0.501576,0.41866,10.00
0.045060,4.999140,0.501479,0.41856,10.00
0.045070,4.999302,0.501293,0.41852,10.00
0.045080,4.999454,0.501062,0.41851,10.00
0.045090,4.999594,0.500812,0.41851,10.00
0.045100,4.999607,0.500557,0.41852,10.00
0.045110,4.999161,0.500795,0.41911,10.00
0.045120,4.998743,0.501554,0.41940,10.00
0.045130,4.998369,0.502565,0.41952,10.00
0.045140,4.998045,0.503673,0.41954,10.00
0.045150,4.997702,0.504789,0.41951,10.00
0.045160,4.997131,0.506169,0.41981,10.00
0.045170,4.996633,0.507803,0.41991,10.00
0.045180,4.996213,0.509507,0.41990,10.00
0.045190,4.995873,0.511179,0.41983,10.00
0.045200,4.995840,0.512764,0.41972,10.00
0.045210,4.996782,0.513242,0.41844,10.00
0.045220,4.997708,0.512557,0.41776,10.00
0.045230,4.998580,0.511254,0.41745,10.00
0.045240,4.999380,0.509652,0.41734,10.00
0.045250,5.000236,0.507938,0.41734,10.00
0.045260,5.001539,0.505638,0.41672,10.00
0.045270,5.002716,0.502785,0.41649,10.00
0.045280,5.003751,0.499734,0.41649,10.00
0.045290,5.004643,0.496686,0.41660,10.00
0.045300,5.005175,0.493752,0.41677,10.00
0.045310,5.004722,0.491927,0.41808,10.00
0.045320,5.004223,0.491283,0.41881,10.00
0.045330,5.003716,0.491311,0.41921,10.00
0.045340,5.003224,0.491714,0.41941,10.00
0.045350,5.002881,0.492315,0.41950,10.00
0.045360,5.003048,0.492489,0.41890,10.00
0.045370,5.003206,0.492153,0.41859,10.00
0.045380,5.003341,0.491561,0.41845,10.00
0.045390,5.003446,0.490861,0.41840,10.00
0.045400,5.003342,0.490136,0.41840,10.00
0.045410,5.002527,0.490176,0.41931,10.00
0.045420,5.001741,0.491040,0.41977,10.00
0.045430,5.001011,0.492328,0.41997,10.00
0.045440,5.000348,0.493806,0.42003,10.00
0.045450,4.999714,0.495340,0.42000,10.00
0.045460,4.998981,0.497039,0.42015,10.00
0.045470,4.998333,0.498870,0.42016,10.00
0.045480,4.997771,0.500708,0.42009,10.00
0.045490,4.997294,0.502481,0.41999,10.00
0.045500,4.997244,0.504152,0.41987,10.00
0.045510,4.998622,0.504223,0.41799,10.00
0.045520,4.999948,0.502617,0.41703,10.00
0.045530,5.001169,0.500156,0.41661,10.00
0.045540,5.002262,0.497317,0.41648,10.00
0.045550,5.002967,0.494374,0.41653,10.00
0.045560,5.002561,0.492548,0.41793,10.00
0.045570,5.002110,0.491973,0.41871,10.00
0.045580,5.001656,0.492101,0.41913,10.00
0.045590,5.001222,0.492612,0.41934,10.00
0.045600,5.000882,0.493317,0.41942,10.00
0.045610,5.000826,0.493835,0.41912,10.00
0.045620,5.000787,0.494091,0.41894,10.00
0.045630,5.000756,0.494200,0.41885,10.00
0.045640,5.000727,0.494228,0.41879,10.00
0.045650,5.000741,0.494215,0.41877,10.00
0.045660,5.000921,0.494000,0.41854,10.00
0.045670,5.001085,0.493588,0.41843,10.00
0.045680,5.001227,0.493086,0.41839,10.00
0.045690,5.001344,0.492558,0.41839,10.00
0.045700,5.001050,0.492037,0.41841,10.00
0.045710,4.999228,0.493191,0.42039,10.00
0.045720,4.997518,0.496103,0.42136,10.00
0.045730,4.995974,0.499866,0.42173,10.00
0.045740,4.994618,0.503952,0.42178,10.00
0.045750,4.993761,0.508062,0.42165,10.00
0.045760,4.994286,0.510723,0.41987,10.00
0.045770,4.994882,0.511786,0.41887,10.00
0.045780,4.995497,0.511933,0.41832,10.00
0.045790,4.996101,0.511563,0.41804,10.00
0.045800,4.996720,0.510913,0.41791,10.00
0.045810,4.997472,0.509937,0.41764,10.00
0.045820,4.998168,0.508706,0.41755,10.00
0.045830,4.998803,0.507371,0.41755,10.00
0.045840,4.999373,0.506019,0.41759,10.00
0.045850,5.000099,0.504698,0.41767,10.00
0.045860,5.001614,0.502507,0.41665,10.00
0.045870,5.002996,0.499414,0.41622,10.00
0.045880,5.004220,0.495945,0.41612,10.00
0.045890,5.005279,0.492398,0.41620,10.00
0.045900,5.005965,0.488943,0.41638,10.00
0.045910,5.005686,0.486556,0.41765,10.00
0.045920,5.005333,0.485324,0.41839,10.00
0.045930,5.004946,0.484775,0.41881,10.00
0.045940,5.004547,0.484631,0.41905,10.00
0.045950,5.003959,0.484725,0.41917,10.00
0.045960,5.002634,0.485776,0.42020,10.00
0.045970,5.001391,0.487763,0.42069,10.00
0.045980,5.000256,0.490197,0.42086,10.00
0.045990,4.999243,0.492794,0.42085,10.00
0.046000,4.998543,0.495393,0.42075,10.00
0.046010,4.998704,0.497091,0.41964,10.00
0.046020,4.998913,0.497803,0.41901,10.00
0.046030,4.999137,0.497955,0.41866,10.00
0.046040,4.999357,0.497796,0.41848,10.00
0.046050,4.999403,0.497474,0.41840,10.00
0.046060,4.998803,0.497759,0.41918,10.00
0.046070,4.998239,0.498735,0.41957,10.00
0.046080,4.997732,0.500046,0.41973,10.00
0.046090,4.997291,0.501489,0.41976,10.00
0.046100,4.996978,0.502948,0.41972,10.00
0.046110,4.996965,0.504102,0.41934,10.00
0.046120,4.996995,0.504905,0.41910,10.00
0.046130,4.997054,0.505482,0.41895,10.00
0.046140,4.997135,0.505908,0.41885,10.00
0.046150,4.997008,0.506228,0.41878,10.00
0.046160,4.996021,0.507425,0.41987,10.00
0.046170,4.995121,0.509562,0.42037,10.00
0.046180,4.994334,0.512120,0.42054,10.00
0.046190,4.993672,0.514803,0.42053,10.00
0.046200,4.993405,0.517443,0.42042,10.00
0.046210,4.994313,0.518795,0.41889,10.00
0.046220,4.995237,0.518756,0.41806,10.00
0.046230,4.996133,0.517950,0.41764,10.00
0.046240,4.996977,0.516740,0.41746,10.00
0.046250,4.997618,0.515338,0.41741,10.00
0.046260,4.997654,0.514456,0.41814,10.00
0.046270,4.997668,0.514192,0.41853,10.00
0.046280,4.997680,0.514260,0.41875,10.00
0.046290,4.997699,0.514496,0.41885,10.00
0.046300,4.997667,0.514805,0.41889,10.00
0.046310,4.997395,0.515409,0.41923,10.00
0.046320,4.997161,0.516293,0.41937,10.00
0.046330,4.996971,0.517286,0.41941,10.00
0.046340,4.996828,0.518292,0.41939,10.00
0.046350,4.996901,0.519259,0.41934,10.00
0.046360,4.997684,0.519429,0.41841,10.00
0.046370,4.998446,0.518754,0.41794,10.00
0.046380,4.999161,0.517636,0.41772,10.00
0.046390,4.999815,0.516308,0.41765,10.00
0.046400,5.000367,0.514906,0.41766,10.00
0.046410,5.000711,0.513662,0.41791,10.00
0.046420,5.001002,0.512629,0.41808,10.00
0.046430,5.001249,0.511742,0.41820,10.00
0.046440,5.001459,0.510965,0.41830,10.00
0.046450,5.001693,0.510273,0.41838,10.00
0.046460,5.002127,0.509400,0.41814,10.00
0.046470,5.002513,0.508325,0.41806,10.00
0.046480,5.002847,0.507181,0.41805,10.00
0.046490,5.003127,0.506042,0.41810,10.00
0.046500,5.003398,0.504952,0.41816,10.00
0.046510,5.003790,0.503746,0.41801,10.00
0.046520,5.004122,0.502427,0.41799,10.00
0.046530,5.004392,0.501100,0.41802,10.00
0.046540,5.004602,0.499825,0.41809,10.00
0.046550,5.004675,0.498633,0.41818,10.00
0.046560,5.004389,0.497874,0.41866,10.00
0.046570,5.004083,0.497571,0.41894,10.00
0.046580,5.003772,0.497536,0.41909,10.00
0.046590,5.003466,0.497659,0.41917,10.00
0.046600,5.003112,0.497872,0.41921,10.00
0.046610,5.002549,0.498380,0.41951,10.00
0.046620,5.002019,0.499170,0.41964,10.00
0.046630,5.001532,0.500093,0.41968,10.00
0.046640,5.001090,0.501061,0.41966,10.00
0.046650,5.000759,0.502025,0.41962,10.00
0.046660,5.000726,0.502680,0.41923,10.00
0.046670,5.000712,0.502999,0.41901,10.00
0.046680,5.000708,0.503126,0.41888,10.00
0.046690,5.000706,0.503148,0.41882,10.00
0.046700,5.000654,0.503114,0.41878,10.00
0.046710,5.000401,0.503268,0.41902,10.00
0.046720,5.000163,0.503637,0.41914,10.00
0.046730,4.999947,0.504111,0.41918,10.00
0.046740,4.999754,0.504625,0.41919,10.00
0.046750,4.999561,0.505144,0.41917,10.00
0.046760,4.999301,0.505746,0.41926,10.00
0.046770,4.999072,0.506426,0.41928,10.00
0.046780,4.998875,0.507123,0.41927,10.00
0.046790,4.998711,0.507801,0.41923,10.00
0.046800,4.998522,0.508443,0.41919,10.00
0.046810,4.998151,0.509270,0.41942,10.00
0.046820,4.997825,0.510289,0.41950,10.00
0.046830,4.997549,0.511371,0.41950,10.00
0.046840,4.997323,0.512442,0.41946,10.00
0.046850,4.997303,0.513464,0.41940,10.00
0.046860,4.997942,0.513743,0.41853,10.00
0.046870,4.998568,0.513239,0.41808,10.00
0.046880,4.999155,0.512322,0.41787,10.00
0.046890,4.999693,0.511208,0.41780,10.00
0.046900,5.000348,0.510022,0.41780,10.00
0.046910,5.001619,0.508100,0.41698,10.00
0.046920,5.002774,0.505449,0.41663,10.00
0.046930,5.003795,0.502497,0.41656,10.00
0.046940,5.004675,0.499493,0.41664,10.00
0.046950,5.005349,0.496572,0.41679,10.00
0.046960,5.005626,0.494099,0.41732,10.00
0.046970,5.005805,0.492126,0.41769,10.00
0.046980,5.005903,0.490506,0.41795,10.00
0.046990,5.005934,0.489151,0.41815,10.00
0.047000,5.005927,0.488002,0.41830,10.00
0.047010,5.005941,0.486949,0.41833,10.00
0.047020,5.005909,0.485962,0.41839,10.00
0.047030,5.005835,0.485063,0.41846,10.00
0.047040,5.005722,0.484263,0.41853,10.00
0.047050,5.005471,0.483562,0.41860,10.00
0.047060,5.004780,0.483409,0.41920,10.00
0.047070,5.004101,0.483819,0.41951,10.00
0.047080,5.003454,0.484537,0.41965,10.00
0.047090,5.002846,0.485412,0.41970,10.00
0.047100,5.002445,0.486355,0.41969,10.00
0.047110,5.002720,0.486625,0.41883,10.00
0.047120,5.002984,0.486159,0.41839,10.00
0.047130,5.003215,0.485323,0.41818,10.00
0.047140,5.003402,0.484329,0.41811,10.00
0.047150,5.003270,0.483296,0.41812,10.00
0.047160,5.002034,0.483448,0.41953,10.00
0.047170,5.000847,0.484874,0.42024,10.00
0.047180,4.999751,0.486950,0.42055,10.00
0.047190,4.998762,0.489312,0.42063,10.00
0.047200,4.998080,0.491752,0.42058,10.00
0.047210,4.998264,0.493328,0.41949,10.00
0.047220,4.998489,0.493937,0.41888,10.00
0.047230,4.998726,0.494002,0.41854,10.00
0.047240,4.998955,0.493769,0.41837,10.00
0.047250,4.999130,0.493383,0.41830,10.00
0.047260,4.999132,0.493094,0.41847,10.00
0.047270,4.999125,0.492957,0.41857,10.00
0.047280,4.999115,0.492907,0.41863,10.00
0.047290,4.999104,0.492906,0.41866,10.00
0.047300,4.998818,0.492933,0.41867,10.00
0.047310,4.997458,0.494150,0.42008,10.00
0.047320,4.996197,0.496603,0.42074,10.00
0.047330,4.995070,0.499636,0.42099,10.00
0.047340,4.994092,0.502870,0.42099,10.00
0.047350,4.993472,0.506089,0.42087,10.00
0.047360,4.993803,0.508295,0.41965,10.00
0.047370,4.994200,0.509384,0.41894,10.00
0.047380,4.994625,0.509816,0.41854,10.00
0.047390,4.995057,0.509862,0.41832,10.00
0.047400,4.995539,0.509683,0.41820,10.00
0.047410,4.996230,0.509130,0.41786,10.00
0.047420,4.996884,0.508250,0.41771,10.00
0.047430,4.997489,0.507211,0.41767,10.00
0.047440,4.998043,0.506113,0.41768,10.00
0.047450,4.998313,0.505014,0.41773,10.00
0.047460,4.997629,0.504931,0.41897,10.00
0.047470,4.996976,0.505930,0.41960,10.00
0.047480,4.996388,0.507471,0.41988,10.00
0.047490,4.995880,0.509243,0.41996,10.00
0.047500,4.995517,0.511067,0.41994,10.00
0.047510,4.995479,0.512582,0.41954,10.00
0.047520,4.995499,0.513722,0.41928,10.00
0.047530,4.995563,0.514605,0.41911,10.00
0.047540,4.995661,0.515305,0.41898,10.00
0.047550,4.995706,0.515866,0.41889,10.00
0.047560,4.995453,0.516668,0.41924,10.00
0.047570,4.995247,0.517745,0.41938,10.00
0.047580,4.995094,0.518918,0.41941,10.00
0.047590,4.994995,0.520086,0.41938,10.00
0.047600,4.995302,0.521195,0.41931,10.00
0.047610,4.997038,0.520705,0.41745,10.00
0.047620,4.998694,0.518535,0.41652,10.00
0.047630,5.000218,0.515520,0.41613,10.00
0.047640,5.001588,0.512144,0.41605,10.00
0.047650,5.002465,0.508686,0.41613,10.00
0.047660,5.001895,0.506710,0.41797,10.00
0.047670,5.001285,0.506369,0.41898,10.00
0.047680,5.000690,0.506925,0.41951,10.00
0.047690,5.000136,0.507948,0.41975,10.00
0.047700,4.999709,0.509187,0.41984,10.00
0.047710,4.999620,0.510195,0.41947,10.00
0.047720,4.999568,0.510876,0.41925,10.00
0.047730,4.999542,0.511353,0.41911,10.00
0.047740,4.999533,0.511701,0.41902,10.00
0.047750,4.999573,0.511962,0.41896,10.00
0.047760,4.999758,0.512015,0.41874,10.00
0.047770,4.999938,0.511870,0.41863,10.00
0.047780,5.000109,0.511621,0.41857,10.00
0.047790,5.000265,0.511319,0.41856,10.00
0.047800,5.000506,0.510999,0.41856,10.00
0.047810,5.001120,0.510252,0.41807,10.00
0.047820,5.001684,0.509071,0.41785,10.00
0.047830,5.002186,0.507697,0.41778,10.00
0.047840,5.002621,0.506267,0.41780,10.00
0.047850,5.003197,0.504861,0.41786,10.00
0.047860,5.004515,0.502639,0.41690,10.00
0.047870,5.005701,0.499584,0.41650,10.00
0.047880,5.006732,0.496194,0.41641,10.00
0.047890,5.007603,0.492756,0.41650,10.00
0.047900,5.008088,0.489427,0.41667,10.00
0.047910,5.007531,0.487270,0.41805,10.00
0.047920,5.006915,0.486371,0.41883,10.00
0.047930,5.006283,0.486206,0.41926,10.00
0.047940,5.005658,0.486463,0.41949,10.00
0.047950,5.005202,0.486959,0.41959,10.00
0.047960,5.005347,0.486958,0.41889,10.00
0.047970,5.005474,0.486368,0.41853,10.00
0.047980,5.005566,0.485497,0.41837,10.00
0.047990,5.005614,0.484521,0.41833,10.00
0.048000,5.005643,0.483542,0.41835,10.00
0.048010,5.005732,0.482500,0.41826,10.00
0.048020,5.005772,0.481420,0.41826,10.00
0.048030,5.005763,0.480374,0.41830,10.00
0.048040,5.005708,0.479404,0.41836,10.00
0.048050,5.005190,0.478528,0.41843,10.00
0.048060,5.002989,0.479554,0.42064,10.00
0.048070,5.000904,0.482565,0.42172,10.00
0.048080,4.998994,0.486558,0.42216,10.00
0.048090,4.997287,0.490952,0.42223,10.00
0.048100,4.995815,0.495412,0.42210,10.00
0.048110,4.994654,0.499639,0.42172,10.00
0.048120,4.993680,0.503524,0.42138,10.00
0.048130,4.992878,0.507080,0.42105,10.00
0.048140,4.992232,0.510319,0.42075,10.00
0.048150,4.991832,0.513258,0.42047,10.00
0.048160,4.991961,0.515473,0.41970,10.00
0.048170,4.992169,0.516960,0.41922,10.00
0.048180,4.992431,0.517980,0.41892,10.00
0.048190,4.992728,0.518691,0.41873,10.00
0.048200,4.993000,0.519187,0.41860,10.00
0.048210,4.993096,0.519740,0.41877,10.00
0.048220,4.993219,0.520399,0.41883,10.00
0.048230,4.993372,0.521072,0.41883,10.00
0.048240,4.993554,0.521706,0.41881,10.00
0.048250,4.993799,0.522278,0.41877,10.00
0.048260,4.994208,0.522621,0.41855,10.00
0.048270,4.994624,0.522724,0.41842,10.00
0.048280,4.995039,0.522674,0.41834,10.00
0.048290,4.995446,0.522525,0.41831,10.00
0.048300,4.995880,0.522310,0.41829,10.00
0.048310,4.996449,0.521890,0.41810,10.00
0.048320,4.996989,0.521272,0.41802,10.00
0.048330,4.997496,0.520554,0.41800,10.00
0.048340,4.997967,0.519795,0.41802,10.00
0.048350,4.998766,0.519028,0.41805,10.00
0.048360,5.000951,0.516719,0.41625,10.00
0.048370,5.002972,0.512807,0.41543,10.00
0.048380,5.004785,0.508163,0.41516,10.00
0.048390,5.006371,0.503288,0.41520,10.00
0.048400,5.007382,0.498466,0.41541,10.00
0.048410,5.006821,0.495333,0.41745,10.00
0.048420,5.006174,0.494041,0.41861,10.00
0.048430,5.005502,0.493805,0.41924,10.00
0.048440,5.004840,0.494165,0.41958,10.00
0.048450,5.004088,0.494849,0.41973,10.00
0.048460,5.002912,0.496206,0.42038,10.00
0.048470,5.001821,0.498164,0.42066,10.00
0.048480,5.000832,0.500389,0.42073,10.00
0.048490,4.999951,0.502686,0.42068,10.00
0.048500,4.999605,0.504946,0.42057,10.00
0.048510,5.001026,0.505288,0.41827,10.00
0.048520,5.002396,0.503596,0.41709,10.00
0.048530,5.003652,0.500865,0.41655,10.00
0.048540,5.004765,0.497674,0.41639,10.00
0.048550,5.005506,0.494353,0.41642,10.00
0.048560,5.005245,0.492017,0.41767,10.00
0.048570,5.004913,0.490811,0.41839,10.00
0.048580,5.004547,0.490273,0.41881,10.00
0.048590,5.004170,0.490128,0.41904,10.00
0.048600,5.003809,0.490216,0.41916,10.00
0.048610,5.003518,0.490376,0.41914,10.00
0.048620,5.003235,0.490547,0.41913,10.00
0.048630,5.002961,0.490730,0.41912,10.00
0.048640,5.002698,0.490925,0.41911,10.00
0.048650,5.002481,0.491130,0.41909,10.00
0.048660,5.002419,0.491186,0.41890,10.00
0.048670,5.002355,0.491085,0.41879,10.00
0.048680,5.002285,0.490911,0.41875,10.00
0.048690,5.002206,0.490713,0.41873,10.00
0.048700,5.001944,0.490518,0.41873,10.00
0.048710,5.000992,0.491086,0.41962,10.00
0.048720,5.000094,0.492456,0.42005,10.00
0.048730,4.999275,0.494219,0.42022,10.00
0.048740,4.998544,0.496137,0.42024,10.00
0.048750,4.998095,0.498073,0.42018,10.00
0.048760,4.998481,0.499136,0.41911,10.00
0.048770,4.998885,0.499247,0.41852,10.00
0.048780,4.999276,0.498837,0.41822,10.00
0.048790,4.999640,0.498159,0.41809,10.00
0.048800,4.999876,0.497358,0.41804,10.00
0.048810,4.999719,0.496908,0.41851,10.00
0.048820,4.999554,0.496873,0.41877,10.00
0.048830,4.999396,0.497064,0.41890,10.00
0.048840,4.999250,0.497372,0.41896,10.00
0.048850,4.998927,0.497732,0.41898,10.00
0.048860,4.997870,0.498930,0.41995,10.00
0.048870,4.996897,0.500983,0.42040,10.00
0.048880,4.996034,0.503423,0.42055,10.00
0.048890,4.995289,0.505981,0.42053,10.00
0.048900,4.994884,0.508504,0.42042,10.00
0.048910,4.995452,0.509970,0.41915,10.00
0.048920,4.996050,0.510292,0.41846,10.00
0.048930,4.996642,0.509971,0.41809,10.00
0.048940,4.997206,0.509303,0.41791,10.00
0.048950,4.997661,0.508460,0.41785,10.00
0.048960,4.997795,0.507847,0.41821,10.00
0.048970,4.997910,0.507536,0.41842,10.00
0.048980,4.998015,0.507391,0.41853,10.00
0.048990,4.998116,0.507335,0.41859,10.00
0.049000,4.998401,0.507323,0.41863,10.00
0.049010,4.999412,0.506534,0.41770,10.00
0.049020,5.000358,0.504918,0.41726,10.00
0.049030,5.001214,0.502909,0.41710,10.00
0.049040,5.001970,0.500756,0.41710,10.00
0.049050,5.002446,0.498602,0.41718,10.00
0.049060,5.002127,0.497289,0.41820,10.00
0.049070,5.001777,0.496894,0.41878,10.00
0.049080,5.001426,0.497014,0.41908,10.00
0.049090,5.001089,0.497414,0.41923,10.00
0.049100,5.000698,0.497956,0.41929,10.00
0.049110,5.000029,0.498895,0.41970,10.00
0.049120,4.999416,0.500200,0.41987,10.00
0.049130,4.998869,0.501658,0.41991,10.00
0.049140,4.998393,0.503148,0.41987,10.00
0.049150,4.997988,0.504600,0.41980,10.00
0.049160,4.997658,0.505967,0.41969,10.00
0.049170,4.997389,0.507230,0.41958,10.00
0.049180,4.997176,0.508386,0.41948,10.00
0.049190,4.997013,0.509437,0.41938,10.00
0.049200,4.996762,0.510386,0.41929,10.00
0.049210,4.996033,0.511807,0.41988,10.00
0.049220,4.995387,0.513730,0.42013,10.00
0.049230,4.994837,0.515846,0.42018,10.00
0.049240,4.994387,0.517980,0.42012,10.00
0.049250,4.994289,0.520033,0.42001,10.00
0.049260,4.995281,0.520861,0.41858,10.00
0.049270,4.996269,0.520391,0.41782,10.00
0.049280,4.997209,0.519218,0.41745,10.00
0.049290,4.998082,0.517693,0.41731,10.00
0.049300,4.998842,0.516019,0.41729,10.00
0.049310,4.999388,0.514459,0.41752,10.00
0.049320,4.999866,0.513087,0.41770,10.00
0.049330,5.000283,0.511860,0.41784,10.00
0.049340,5.000647,0.510749,0.41795,10.00
0.049350,5.001074,0.509738,0.41805,10.00
0.049360,5.001899,0.508330,0.41757,10.00
0.049370,5.002644,0.506496,0.41738,10.00
0.049380,5.003297,0.504497,0.41735,10.00
0.049390,5.003855,0.502483,0.41741,10.00
0.049400,5.004294,0.500538,0.41752,10.00
0.049410,5.004541,0.498821,0.41778,10.00
0.049420,5.004716,0.497359,0.41799,10.00
0.049430,5.004829,0.496097,0.41814,10.00
0.049440,5.004890,0.495000,0.41827,10.00
0.049450,5.005058,0.494042,0.41838,10.00
0.049460,5.005785,0.492552,0.41769,10.00
0.049470,5.006424,0.490484,0.41740,10.00
0.049480,5.006959,0.488193,0.41734,10.00
0.049490,5.007387,0.485878,0.41739,10.00
0.049500,5.007561,0.483652,0.41751,10.00
0.049510,5.007058,0.482205,0.41841,10.00
0.049520,5.006517,0.481593,0.41892,10.00
0.049530,5.005965,0.481477,0.41920,10.00
0.049540,5.005418,0.481654,0.41935,10.00
0.049550,5.004894,0.482004,0.41942,10.00
0.049560,5.004415,0.482425,0.41941,10.00
0.049570,5.003959,0.482875,0.41940,10.00
0.049580,5.003525,0.483339,0.41937,10.00
0.049590,5.003115,0.483811,0.41934,10.00
0.049600,5.002789,0.484284,0.41931,10.00
0.049610,5.002725,0.484494,0.41897,10.00
0.049620,5.002663,0.484425,0.41879,10.00
0.049630,5.002593,0.484219,0.41870,10.00
0.049640,5.002513,0.483958,0.41867,10.00
0.049650,5.002322,0.483687,0.41866,10.00
0.049660,5.001734,0.483853,0.41917,10.00
0.049670,5.001170,0.484489,0.41942,10.00
0.049680,5.000645,0.485365,0.41953,10.00
0.049690,5.000165,0.486348,0.41955,10.00
0.049700,4.999728,0.487362,0.41953,10.00
0.049710,4.999317,0.488385,0.41950,10.00
0.049720,4.998954,0.489393,0.41945,10.00
0.049730,4.998638,0.490360,0.41939,10.00
0.049740,4.998365,0.491273,0.41932,10.00
0.049750,4.998019,0.492125,0.41925,10.00
0.049760,4.997261,0.493405,0.41977,10.00
0.049770,4.996578,0.495135,0.41998,10.00
0.049780,4.995982,0.497045,0.42003,10.00
0.049790,4.995477,0.498979,0.41997,10.00
0.049800,4.995092,0.500850,0.41987,10.00
0.049810,4.994913,0.502480,0.41959,10.00
0.049820,4.994801,0.503839,0.41939,10.00
0.049830,4.994745,0.504992,0.41923,10.00
0.049840,4.994737,0.505980,0.41911,10.00
0.049850,4.994938,0.506832,0.41901,10.00
0.049860,4.995828,0.506852,0.41808,10.00
0.049870,4.996689,0.506021,0.41760,10.00
0.049880,4.997496,0.504747,0.41739,10.00
0.049890,4.998235,0.503268,0.41734,10.00
0.049900,4.998904,0.501722,0.41736,10.00
0.049910,4.999512,0.500174,0.41742,10.00
0.049920,5.000048,0.498669,0.41751,10.00
0.049930,5.000515,0.497237,0.41761,10.00
0.049940,5.000918,0.495895,0.41772,10.00
0.049950,5.001116,0.494648,0.41782,10.00
0.049960,5.000698,0.494113,0.41865,10.00
0.049970,5.000279,0.494316,0.41909,10.00
0.049980,4.999883,0.494914,0.41931,10.00
0.049990,4.999522,0.495707,0.41940,10.00
0.050000,4.999435,0.496577,0.41941,10.00
0.050010,4.977908,0.509858,0.43772,5.00
0.050020,4.957831,0.545163,0.44981,5.00
0.050030,4.939851,0.590968,0.45449,5.00
0.050040,4.924232,0.640643,0.45503,5.00
0.050050,4.910712,0.690429,0.45333,5.00
0.050060,4.898337,0.739554,0.45203,5.00
0.050070,4.888258,0.786992,0.44942,5.00
0.050080,4.880344,0.831512,0.44622,5.00
0.050090,4.874423,0.872528,0.44284,5.00
0.050100,4.870607,0.909826,0.43951,5.00
0.050110,4.869558,0.942152,0.43486,5.00
0.050120,4.869845,0.969572,0.43124,5.00
0.050130,4.871259,0.992968,0.42832,5.00
0.050140,4.873626,1.012954,0.42591,5.00
0.050150,4.876600,1.029985,0.42390,5.00
0.050160,4.879491,1.045237,0.42319,5.00
0.050170,4.883009,1.059032,0.42221,5.00
0.050180,4.887075,1.071152,0.42116,5.00
0.050190,4.891606,1.081546,0.42014,5.00
0.050200,4.896529,1.090255,0.41921,5.00
0.050210,4.901797,1.097330,0.41833,5.00
0.050220,4.907295,1.102884,0.41759,5.00
0.050230,4.912958,1.107067,0.41699,5.00
0.050240,4.918724,1.110021,0.41650,5.00
0.050250,4.924475,1.111878,0.41612,5.00
0.050260,4.929974,1.113043,0.41617,5.00
0.050270,4.935461,1.113643,0.41613,5.00
0.050280,4.940908,1.113626,0.41607,5.00
0.050290,4.946289,1.113000,0.41602,5.00
0.050300,4.951588,1.111802,0.41600,5.00
0.050310,4.956818,1.110037,0.41596,5.00
0.050320,4.961905,1.107763,0.41598,5.00
0.050330,4.966832,1.105071,0.41606,5.00
0.050340,4.971583,1.102036,0.41619,5.00
0.050350,4.976309,1.098724,0.41634,5.00
0.050360,4.981474,1.094496,0.41571,5.00
0.050370,4.986374,1.089374,0.41553,5.00
0.050380,4.990984,1.083792,0.41562,5.00
0.050390,4.995294,1.078013,0.41586,5.00
0.050400,4.999273,1.072200,0.41618,5.00
0.050410,5.002843,1.066574,0.41670,5.00
0.050420,5.006133,1.061203,0.41715,5.00
0.050430,5.009156,1.056058,0.41757,5.00
0.050440,5.011924,1.051126,0.41796,5.00
0.050450,5.014439,1.046401,0.41832,5.00
0.050460,5.016678,1.041929,0.41873,5.00
0.050470,5.018701,1.037710,0.41908,5.00
0.050480,5.020521,1.033719,0.41940,5.00
0.050490,5.022149,1.029939,0.41970,5.00
0.050500,5.023367,1.026360,0.41997,5.00
0.050510,5.023519,1.023955,0.42139,5.00
0.050520,5.023596,1.022762,0.42217,5.00
0.050530,5.023639,1.022225,0.42259,5.00
0.050540,5.023666,1.022025,0.42280,5.00
0.050550,5.023735,1.021981,0.42289,5.00
0.050560,5.023980,1.021795,0.42268,5.00
0.050570,5.024209,1.021403,0.42256,5.00
0.050580,5.024414,1.020888,0.42249,5.00
0.050590,5.024592,1.020298,0.42246,5.00
0.050600,5.024781,1.019665,0.42244,5.00
0.050610,5.025095,1.018839,0.42223,5.00
0.050620,5.025363,1.017826,0.42214,5.00
0.050630,5.025581,1.016731,0.42211,5.00
0.050640,5.025746,1.015616,0.42212,5.00
0.050650,5.026068,1.014517,0.42214,5.00
0.050660,5.027144,1.012573,0.42113,5.00
0.050670,5.028096,1.009759,0.42068,5.00
0.050680,5.028901,1.006574,0.42055,5.00
0.050690,5.029551,1.003304,0.42059,5.00
0.050700,5.029890,1.000111,0.42072,5.00
0.050710,5.029464,0.997760,0.42170,5.00
0.050720,5.028962,0.996323,0.42227,5.00
0.050730,5.028416,0.995439,0.42259,5.00
0.050740,5.027844,0.994893,0.42277,5.00
0.050750,5.027387,0.994560,0.42287,5.00
0.050760,5.027422,0.993817,0.42227,5.00
0.050770,5.027408,0.992596,0.42198,5.00
0.050780,5.027333,0.991174,0.42186,5.00
0.050790,5.027192,0.989709,0.42185,5.00
0.050800,5.027024,0.988288,0.42188,5.00
0.050810,5.026936,0.986803,0.42176,5.00
0.050820,5.026780,0.985271,0.42174,5.00
0.050830,5.026557,0.983787,0.42178,5.00
0.050840,5.026271,0.982400,0.42184,5.00
0.050850,5.025674,0.981136,0.42191,5.00
0.050860,5.024038,0.981087,0.42327,5.00
0.050870,5.022451,0.982297,0.42394,5.00
0.050880,5.020953,0.984158,0.42422,5.00
0.050890,5.019562,0.986315,0.42428,5.00
0.050900,5.018323,0.988562,0.42420,5.00
0.050910,5.017350,0.990618,0.42387,5.00
0.050920,5.016471,0.992412,0.42361,5.00
0.050930,5.015675,0.994003,0.42339,5.00
0.050940,5.014955,0.995430,0.42321,5.00
0.050950,5.014405,0.996719,0.42305,5.00
0.050960,5.014319,0.997444,0.42239,5.00
0.050970,5.014250,0.997602,0.42201,5.00
0.050980,5.014180,0.997448,0.42181,5.00
0.050990,5.014098,0.997133,0.42170,5.00
0.051000,5.014258,0.996744,0.42165,5.00
0.051010,5.015398,0.995237,0.42034,5.00
0.051020,5.016426,0.992596,0.41972,5.00
0.051030,5.017309,0.989447,0.41951,5.00
0.051040,5.018036,0.986151,0.41952,5.00
0.051050,5.018075,0.982908,0.41965,5.00
0.051060,5.015894,0.982098,0.42252,5.00
0.051070,5.013772,0.983872,0.42400,5.00
0.051080,5.011790,0.986982,0.42466,5.00
0.051090,5.009985,0.990706,0.42486,5.00
0.051100,5.008585,0.994627,0.42481,5.00
0.051110,5.008205,0.997604,0.42354,5.00
0.051120,5.007931,0.999469,0.42278,5.00
0.051130,5.007724,1.000664,0.42231,5.00
0.051140,5.007562,1.001450,0.42203,5.00
0.051150,5.007714,1.001982,0.42184,5.00
0.051160,5.008994,1.001140,0.42028,5.00
0.051170,5.010183,0.998929,0.41953,5.00
0.051180,5.011241,0.996062,0.41923,5.00
0.051190,5.012153,0.992949,0.41918,5.00
0.051200,5.012624,0.989823,0.41928,5.00
0.051210,5.011826,0.988045,0.42091,5.00
0.051220,5.010998,0.987734,0.42179,5.00
0.051230,5.010186,0.988232,0.42224,5.00
0.051240,5.009418,0.989156,0.42244,5.00
0.051250,5.008879,0.990282,0.42250,5.00
0.051260,5.009078,0.990736,0.42160,5.00
0.051270,5.009273,0.990416,0.42113,5.00
0.051280,5.009441,0.989696,0.42089,5.00
0.051290,5.009568,0.988793,0.42080,5.00
0.051300,5.009590,0.987832,0.42078,5.00
0.051310,5.009331,0.987142,0.42112,5.00
0.051320,5.009053,0.986772,0.42131,5.00
0.051330,5.008765,0.986596,0.42141,5.00
0.051340,5.008476,0.986538,0.42147,5.00
0.051350,5.008137,0.986554,0.42150,5.00
0.051360,5.007601,0.986837,0.42177,5.00
0.051370,5.007090,0.987379,0.42189,5.00
0.051380,5.006613,0.988048,0.42192,5.00
0.051390,5.006171,0.988764,0.42191,5.00
0.051400,5.005541,0.989484,0.42187,5.00
0.051410,5.004074,0.991141,0.42296,5.00
0.051420,5.002723,0.993761,0.42343,5.00
0.051430,5.001516,0.996800,0.42356,5.00
0.051440,5.000461,0.999951,0.42351,5.00
0.051450,4.999832,1.003037,0.42335,5.00
0.051460,5.000408,1.004801,0.42176,5.00
0.051470,5.001018,1.005148,0.42089,5.00
0.051480,5.001615,1.004709,0.42044,5.00
0.051490,5.002174,1.003853,0.42022,5.00
0.051500,5.002472,1.002797,0.42014,5.00
0.051510,5.001894,1.002565,0.42121,5.00
0.051520,5.001338,1.003265,0.42175,5.00
0.051530,5.000833,1.004435,0.42200,5.00
0.051540,5.000392,1.005806,0.42207,5.00
0.051550,5.000290,1.007226,0.42205,5.00
0.051560,5.001308,1.007456,0.42061,5.00
0.051570,5.002290,1.006404,0.41988,5.00
0.051580,5.003195,1.004691,0.41954,5.00
0.051590,5.004006,1.002682,0.41944,5.00
0.051600,5.004482,1.000582,0.41947,5.00
0.051610,5.003949,0.999506,0.42074,5.00
0.051620,5.003405,0.999556,0.42142,5.00
0.051630,5.002887,1.000212,0.42176,5.00
0.051640,5.002412,1.001168,0.42190,5.00
0.051650,5.002228,1.002248,0.42193,5.00
0.051660,5.003030,1.002332,0.42069,5.00
0.051670,5.003797,1.001321,0.42006,5.00
0.051680,5.004493,0.999757,0.41978,5.00
0.051690,5.005106,0.997952,0.41970,5.00
0.051700,5.005543,0.996088,0.41973,5.00
0.051710,5.005556,0.994630,0.42025,5.00
0.051720,5.005518,0.993649,0.42057,5.00
0.051730,5.005443,0.992966,0.42077,5.00
0.051740,5.005344,0.992475,0.42089,5.00
0.051750,5.005169,0.992113,0.42097,5.00
0.051760,5.004750,0.992091,0.42132,5.00
0.051770,5.004344,0.992396,0.42150,5.00
0.051780,5.003960,0.992872,0.42157,5.00
0.051790,5.003604,0.993427,0.42159,5.00
0.051800,5.003376,0.994009,0.42157,5.00
0.051810,5.003560,0.994168,0.42104,5.00
0.051820,5.003736,0.993869,0.42077,5.00
0.051830,5.003890,0.993338,0.42064,5.00
0.051840,5.004016,0.992707,0.42059,5.00
0.051850,5.004164,0.992049,0.42059,5.00
0.051860,5.004489,0.991180,0.42035,5.00
0.051870,5.004765,0.990112,0.42026,5.00
0.051880,5.004988,0.988984,0.42026,5.00
0.051890,5.005158,0.987872,0.42030,5.00
0.051900,5.005208,0.986818,0.42036,5.00
0.051910,5.004938,0.986141,0.42079,5.00
0.051920,5.004652,0.985864,0.42103,5.00
0.051930,5.004363,0.985820,0.42116,5.00
0.051940,5.004078,0.985912,0.42123,5.00
0.051950,5.003746,0.986083,0.42126,5.00
0.051960,5.003207,0.986538,0.42155,5.00
0.051970,5.002702,0.987264,0.42168,5.00
0.051980,5.002237,0.988117,0.42171,5.00
0.051990,5.001817,0.989011,0.42169,5.00
0.052000,5.001370,0.989898,0.42165,5.00
0.052010,5.000690,0.991055,0.42195,5.00
0.052020,5.000077,0.992479,0.42205,5.00
0.052030,4.999536,0.993994,0.42205,5.00
0.052040,4.999069,0.995502,0.42198,5.00
0.052050,4.998540,0.996947,0.42189,5.00
0.052060,4.997565,0.998864,0.42245,5.00
0.052070,4.996700,1.001263,0.42266,5.00
0.052080,4.995956,1.003826,0.42267,5.00
0.052090,4.995335,1.006371,0.42257,5.00
0.052100,4.994868,1.008802,0.42242,5.00
0.052110,4.994647,1.010918,0.42207,5.00
0.052120,4.994514,1.012690,0.42181,5.00
0.052130,4.994455,1.014195,0.42161,5.00
0.052140,4.994458,1.015483,0.42144,5.00
0.052150,4.994609,1.016589,0.42131,5.00
0.052160,4.995168,1.017141,0.42073,5.00
0.052170,4.995731,1.017139,0.42041,5.00
0.052180,4.996279,1.016823,0.42025,5.00
0.052190,4.996804,1.016333,0.42018,5.00
0.052200,4.997356,1.015753,0.42016,5.00
0.052210,4.998099,1.014886,0.41989,5.00
0.052220,4.998788,1.013753,0.41978,5.00
0.052230,4.999416,1.012508,0.41977,5.00
0.052240,4.999982,1.011239,0.41982,5.00
0.052250,5.000425,1.009996,0.41989,5.00
0.052260,5.000578,1.009062,0.42027,5.00
0.052270,5.000696,1.008461,0.42050,5.00
0.052280,5.000792,1.008058,0.42064,5.00
0.052290,5.000872,1.007772,0.42073,5.00
0.052300,5.001044,1.007557,0.42078,5.00
0.052310,5.001609,1.006945,0.42029,5.00
0.052320,5.002128,1.005902,0.42007,5.00
0.052330,5.002589,1.004664,0.42000,5.00
0.052340,5.002988,1.003367,0.42001,5.00
0.052350,5.003452,1.002089,0.42007,5.00
0.052360,5.004349,1.000331,0.41950,5.00
0.052370,5.005143,0.998094,0.41929,5.00
0.052380,5.005823,0.995687,0.41927,5.00
0.052390,5.006387,0.993287,0.41936,5.00
0.052400,5.006759,0.990990,0.41949,5.00
0.052410,5.006710,0.989192,0.42006,5.00
0.052420,5.006596,0.987932,0.42042,5.00
0.052430,5.006435,0.987021,0.42065,5.00
0.052440,5.006242,0.986347,0.42080,5.00
0.052450,5.006056,0.985839,0.42090,5.00
0.052460,5.005976,0.985320,0.42081,5.00
0.052470,5.005873,0.984755,0.42079,5.00
0.052480,5.005744,0.984201,0.42080,5.00
0.052490,5.005593,0.983687,0.42082,5.00
0.052500,5.005348,0.983229,0.42086,5.00
0.052510,5.004801,0.983144,0.42126,5.00
0.052520,5.004267,0.983445,0.42147,5.00
0.052530,5.003757,0.983955,0.42156,5.00
0.052540,5.003279,0.984571,0.42158,5.00
0.052550,5.002632,0.985232,0.42157,5.00
0.052560,5.001237,0.986761,0.42256,5.00
0.052570,4.999950,0.989172,0.42299,5.00
0.052580,4.998795,0.991975,0.42312,5.00
0.052590,4.997782,0.994887,0.42307,5.00
0.052600,4.996824,0.997749,0.42293,5.00
0.052610,4.995668,1.000839,0.42317,5.00
0.052620,4.994669,1.004128,0.42317,5.00
0.052630,4.993828,1.007393,0.42304,5.00
0.052640,4.993138,1.010513,0.42285,5.00
0.052650,4.992884,1.013424,0.42263,5.00
0.052660,4.993894,1.014854,0.42092,5.00
0.052670,4.994915,1.014744,0.42001,5.00
0.052680,4.995898,1.013793,0.41955,5.00
0.052690,4.996815,1.012408,0.41936,5.00
0.052700,4.997867,1.010828,0.41932,5.00
0.052710,4.999662,1.008288,0.41829,5.00
0.052720,5.001298,1.004827,0.41788,5.00
0.052730,5.002751,1.000996,0.41780,5.00
0.052740,5.004015,0.997105,0.41792,5.00
0.052750,5.004789,0.993330,0.41813,5.00
0.052760,5.004203,0.991060,0.41993,5.00
0.052770,5.003568,0.990395,0.42092,5.00
0.052780,5.002934,0.990627,0.42145,5.00
0.052790,5.002331,0.991342,0.42170,5.00
0.052800,5.001988,0.992298,0.42180,5.00
0.052810,5.002532,0.992439,0.42073,5.00
0.052820,5.003050,0.991646,0.42018,5.00
0.052830,5.003513,0.990387,0.41994,5.00
0.052840,5.003909,0.988931,0.41986,5.00
0.052850,5.004089,0.987431,0.41989,5.00
0.052860,5.003637,0.986588,0.42069,5.00
0.052870,5.003173,0.986473,0.42112,5.00
0.052880,5.002719,0.986763,0.42135,5.00
0.052890,5.002290,0.987270,0.42145,5.00
0.052900,5.001715,0.987883,0.42148,5.00
0.052910,5.000494,0.989282,0.42235,5.00
0.052920,4.999371,0.991460,0.42274,5.00
0.052930,4.998368,0.993981,0.42284,5.00
0.052940,4.997490,0.996593,0.42280,5.00
0.052950,4.996728,0.999155,0.42267,5.00
0.052960,4.996043,1.001638,0.42256,5.00
0.052970,4.995474,1.004004,0.42240,5.00
0.052980,4.995014,1.006211,0.42223,5.00
0.052990,4.994652,1.008241,0.42206,5.00
0.053000,4.994365,1.010087,0.42189,5.00
0.053010,4.994096,1.011824,0.42181,5.00
0.053020,4.993905,1.013459,0.42170,5.00
0.053030,4.993787,1.014964,0.42159,5.00
0.053040,4.993734,1.016327,0.42147,5.00
0.053050,4.993886,1.017546,0.42135,5.00
0.053060,4.994656,1.018003,0.42051,5.00
0.053070,4.995418,1.017679,0.42007,5.00
0.053080,4.996145,1.016930,0.41985,5.00
0.053090,4.996825,1.015966,0.41978,5.00
0.053100,4.997634,1.014909,0.41978,5.00
0.053110,4.999091,1.013057,0.41891,5.00
0.053120,5.000428,1.010421,0.41854,5.00
0.053130,5.001623,1.007453,0.41846,5.00
0.053140,5.002670,1.004413,0.41854,5.00
0.053150,5.003514,1.001446,0.41870,5.00
0.053160,5.003994,0.998878,0.41919,5.00
0.053170,5.004367,0.996756,0.41953,5.00
0.053180,5.004650,0.994960,0.41979,5.00
0.053190,5.004855,0.993414,0.41999,5.00
0.053200,5.004648,0.992070,0.42016,5.00
0.053210,5.003040,0.992368,0.42204,5.00
0.053220,5.001510,0.994346,0.42297,5.00
0.053230,5.000107,0.997161,0.42336,5.00
0.053240,4.998856,1.000329,0.42345,5.00
0.053250,4.998139,1.003570,0.42337,5.00
0.053260,4.999034,1.005130,0.42130,5.00
0.053270,4.999939,1.004859,0.42020,5.00
0.053280,5.000794,1.003611,0.41965,5.00
0.053290,5.001570,1.001881,0.41943,5.00
0.053300,5.002236,0.999955,0.41938,5.00
0.053310,5.002736,0.998077,0.41953,5.00
0.053320,5.003150,0.996339,0.41968,5.00
0.053330,5.003485,0.994747,0.41982,5.00
0.053340,5.003749,0.993299,0.41995,5.00
0.053350,5.003781,0.991989,0.42008,5.00
0.053360,5.003102,0.991526,0.42104,5.00
0.053370,5.002434,0.991933,0.42155,5.00
0.053380,5.001803,0.992801,0.42178,5.00
0.053390,5.001225,0.993892,0.42187,5.00
0.053400,5.000668,0.995068,0.42187,5.00
0.053410,5.000027,0.996406,0.42201,5.00
0.053420,4.999456,0.997868,0.42202,5.00
0.053430,4.998958,0.999344,0.42197,5.00
0.053440,4.998530,1.000773,0.42189,5.00
0.053450,4.998508,1.002123,0.42179,5.00
0.053460,4.999864,1.001932,0.41997,5.00
0.053470,5.001152,1.000137,0.41907,5.00
0.053480,5.002323,0.997544,0.41868,5.00
0.053490,5.003356,0.994619,0.41859,5.00
0.053500,5.004041,0.991628,0.41866,5.00
0.053510,5.003793,0.989586,0.41984,5.00
0.053520,5.003486,0.988609,0.42052,5.00
0.053530,5.003155,0.988250,0.42090,5.00
0.053540,5.002822,0.988247,0.42110,5.00
0.053550,5.002498,0.988444,0.42121,5.00
0.053560,5.002191,0.988748,0.42125,5.00
0.053570,5.001902,0.989105,0.42126,5.00
0.053580,5.001633,0.989485,0.42125,5.00
0.053590,5.001384,0.989870,0.42123,5.00
0.053600,5.001020,0.990249,0.42120,5.00
0.053610,5.000158,0.991184,0.42185,5.00
0.053620,4.999364,0.992694,0.42214,5.00
0.053630,4.998652,0.994462,0.42222,5.00
0.053640,4.998030,0.996303,0.42220,5.00
0.053650,4.997172,0.998114,0.42211,5.00
0.053660,4.995140,1.001219,0.42363,5.00
0.053670,4.993307,1.005645,0.42427,5.00
0.053680,4.991708,1.010610,0.42442,5.00
0.053690,4.990352,1.015666,0.42430,5.00
0.053700,4.989599,1.020566,0.42404,5.00
0.053710,4.990484,1.023628,0.42187,5.00
0.053720,4.991443,1.024723,0.42066,5.00
0.053730,4.992410,1.024695,0.42000,5.00
0.053740,4.993348,1.024039,0.41968,5.00
0.053750,4.994173,1.023048,0.41954,5.00
0.053760,4.994683,1.022173,0.41984,5.00
0.053770,4.995156,1.021526,0.42003,5.00
0.053780,4.995599,1.021009,0.42015,5.00
0.053790,4.996017,1.020564,0.42023,5.00
0.053800,4.996554,1.020159,0.42028,5.00
0.053810,4.997625,1.019170,0.41961,5.00
0.053820,4.998623,1.017562,0.41931,5.00
0.053830,4.999530,1.015670,0.41922,5.00
0.053840,5.000340,1.013687,0.41925,5.00
0.053850,5.000973,1.011722,0.41934,5.00
0.053860,5.001199,1.010180,0.41987,5.00
0.053870,5.001367,1.009105,0.42020,5.00
0.053880,5.001493,1.008321,0.42041,5.00
0.053890,5.001587,1.007722,0.42055,5.00
0.053900,5.001868,1.007246,0.42064,5.00
0.053910,5.002943,1.005961,0.41964,5.00
0.053920,5.003925,1.003807,0.41919,5.00
0.053930,5.004788,1.001270,0.41905,5.00
0.053940,5.005525,0.998626,0.41908,5.00
0.053950,5.005942,0.996032,0.41920,5.00
0.053960,5.005485,0.994399,0.42034,5.00
0.053970,5.004988,0.993804,0.42098,5.00
0.053980,5.004485,0.993802,0.42132,5.00
0.053990,5.003997,0.994130,0.42150,5.00
0.054000,5.003437,0.994636,0.42157,5.00
0.054010,5.002532,0.995639,0.42208,5.00
0.054020,5.001694,0.997104,0.42229,5.00
0.054030,5.000936,0.998771,0.42234,5.00
0.054040,5.000263,1.000489,0.42230,5.00
0.054050,4.999915,1.002175,0.42221,5.00
0.054060,5.000585,1.002753,0.42087,5.00
0.054070,5.001241,1.002158,0.42018,5.00
0.054080,5.001847,1.000954,0.41985,5.00
0.054090,5.002383,0.999470,0.41974,5.00
0.054100,5.002653,0.997894,0.41974,5.00
0.054110,5.002101,0.997148,0.42077,5.00
0.054120,5.001549,0.997325,0.42132,5.00
0.054130,5.001023,0.997997,0.42159,5.00
0.054140,5.000541,0.998915,0.42169,5.00
0.054150,5.000180,0.999935,0.42171,5.00
0.054160,5.000155,1.000662,0.42131,5.00
0.054170,5.000152,1.001039,0.42108,5.00
0.054180,5.000161,1.001214,0.42095,5.00
0.054190,5.000174,1.001274,0.42088,5.00
0.054200,5.000210,1.001271,0.42084,5.00
0.054210,5.000327,1.001144,0.42071,5.00
0.054220,5.000434,1.000906,0.42065,5.00
0.054230,5.000529,1.000619,0.42063,5.00
0.054240,5.000608,1.000316,0.42063,5.00
0.054250,5.000871,1.000017,0.42064,5.00
0.054260,5.001884,0.998896,0.41967,5.00
0.054270,5.002812,0.996923,0.41922,5.00
0.054280,5.003630,0.994568,0.41908,5.00
0.054290,5.004330,0.992102,0.41910,5.00
0.054300,5.004514,0.989677,0.41920,5.00
0.054310,5.003034,0.989073,0.42137,5.00
0.054320,5.001597,0.990404,0.42249,5.00
0.054330,5.000263,0.992735,0.42300,5.00
0.054340,4.999061,0.995525,0.42316,5.00
0.054350,4.998376,0.998463,0.42313,5.00
0.054360,4.999292,0.999774,0.42111,5.00
0.054370,5.000207,0.999295,0.42003,5.00
0.054380,5.001063,0.997871,0.41951,5.00
0.054390,5.001834,0.995992,0.41931,5.00
0.054400,5.002144,0.993940,0.41928,5.00
0.054410,5.000945,0.993421,0.42118,5.00
0.054420,4.999783,0.994585,0.42215,5.00
0.054430,4.998711,0.996617,0.42260,5.00
0.054440,4.997752,0.999042,0.42274,5.00
0.054450,4.996899,1.001588,0.42272,5.00
0.054460,4.996106,1.004170,0.42269,5.00
0.054470,4.995437,1.006709,0.42257,5.00
0.054480,4.994885,1.009122,0.42241,5.00
0.054490,4.994443,1.011369,0.42223,5.00
0.054500,4.993935,1.013431,0.42206,5.00
0.054510,4.992872,1.016013,0.42273,5.00
0.054520,4.991953,1.019148,0.42296,5.00
0.054530,4.991189,1.022446,0.42295,5.00
0.054540,4.990580,1.025691,0.42282,5.00
0.054550,4.990351,1.028764,0.42262,5.00
0.054560,4.991155,1.030624,0.42124,5.00
0.054570,4.991999,1.031206,0.42047,5.00
0.054580,4.992840,1.031053,0.42005,5.00
0.054590,4.993654,1.030487,0.41985,5.00
0.054600,4.994652,1.029697,0.41977,5.00
0.054610,4.996467,1.027848,0.41864,5.00
0.054620,4.998151,1.024966,0.41815,5.00
0.054630,4.999675,1.021621,0.41801,5.00
0.054640,5.001030,1.018140,0.41807,5.00
0.054650,5.002347,1.014708,0.41824,5.00
0.054660,5.004012,1.010865,0.41780,5.00
0.054670,5.005476,1.006642,0.41773,5.00
0.054680,5.006733,1.002375,0.41786,5.00
0.054690,5.007789,0.998252,0.41810,5.00
0.054700,5.008572,0.994370,0.41838,5.00
0.054710,5.008856,0.991131,0.41909,5.00
0.054720,5.009011,0.988567,0.41958,5.00
0.054730,5.009061,0.986482,0.41993,5.00
0.054740,5.009027,0.984753,0.42018,5.00
0.054750,5.008735,0.983301,0.42038,5.00
0.054760,5.007658,0.982872,0.42148,5.00
0.054770,5.006601,0.983462,0.42205,5.00
0.054780,5.005597,0.984599,0.42232,5.00
0.054790,5.004662,0.986008,0.42240,5.00
0.054800,5.003926,0.987528,0.42239,5.00
0.054810,5.003752,0.988536,0.42170,5.00
0.054820,5.003607,0.988958,0.42131,5.00
0.054830,5.003473,0.989061,0.42109,5.00
0.054840,5.003340,0.989000,0.42098,5.00
0.054850,5.003087,0.988863,0.42093,5.00
0.054860,5.002377,0.989198,0.42150,5.00
0.054870,5.001703,0.990052,0.42177,5.00
0.054880,5.001082,0.991162,0.42187,5.00
0.054890,5.000520,0.992376,0.42188,5.00
0.054900,5.000026,0.993607,0.42184,5.00
0.054910,4.999621,0.994774,0.42173,5.00
0.054920,4.999269,0.995850,0.42163,5.00
0.054930,4.998967,0.996839,0.42153,5.00
0.054940,4.998711,0.997745,0.42145,5.00
0.054950,4.998604,0.998573,0.42137,5.00
0.054960,4.998955,0.998865,0.42075,5.00
0.054970,4.999300,0.998609,0.42043,5.00
0.054980,4.999622,0.998064,0.42028,5.00
0.054990,4.999913,0.997386,0.42022,5.00
0.055000,5.000169,0.996659,0.42022,5.00
0.055010,5.000391,0.995934,0.42025,5.00
0.055020,5.000579,0.995237,0.42029,5.00
0.055030,5.000734,0.994583,0.42034,5.00
0.055040,5.000860,0.993979,0.42039,5.00
0.055050,5.001021,0.993427,0.42044,5.00
0.055060,5.001398,0.992665,0.42018,5.00
0.055070,5.001730,0.991679,0.42008,5.00
0.055080,5.002011,0.990614,0.42006,5.00
0.055090,5.002242,0.989553,0.42010,5.00
0.055100,5.002237,0.988538,0.42016,5.00
0.055110,5.001461,0.988389,0.42118,5.00
0.055120,5.000713,0.989147,0.42169,5.00
0.055130,5.000019,0.990373,0.42192,5.00
0.055140,4.999394,0.991809,0.42199,5.00
0.055150,4.998759,0.993309,0.42197,5.00
0.055160,4.997877,0.995139,0.42231,5.00
0.055170,4.997095,0.997268,0.42241,5.00
0.055180,4.996420,0.999477,0.42238,5.00
0.055190,4.995850,1.001644,0.42228,5.00
0.055200,4.995180,1.003700,0.42214,5.00
0.055210,4.993826,1.006466,0.42300,5.00
0.055220,4.992632,1.009962,0.42332,5.00
0.055230,4.991615,1.013708,0.42335,5.00
0.055240,4.990777,1.017433,0.42321,5.00
0.055250,4.990473,1.020990,0.42299,5.00
0.055260,4.991732,1.022766,0.42092,5.00
0.055270,4.993005,1.022662,0.41981,5.00
0.055280,4.994231,1.021529,0.41925,5.00
0.055290,4.995379,1.019863,0.41902,5.00
0.055300,4.996464,1.017954,0.41896,5.00
0.055310,4.997571,1.015840,0.41886,5.00
0.055320,4.998568,1.013609,0.41889,5.00
0.055330,4.999455,1.011389,0.41899,5.00
0.055340,5.000235,1.009249,0.41913,5.00
0.055350,5.000791,1.007226,0.41929,5.00
0.055360,5.000776,1.005863,0.42007,5.00
0.055370,5.000719,1.005186,0.42051,5.00
0.055380,5.000643,1.004904,0.42077,5.00
0.055390,5.000562,1.004844,0.42090,5.00
0.055400,5.000516,1.004906,0.42097,5.00
0.055410,5.000603,1.004890,0.42084,5.00
0.055420,5.000686,1.004757,0.42077,5.00
0.055430,5.000760,1.004566,0.42074,5.00
0.055440,5.000824,1.004350,0.42074,5.00
0.055450,5.000818,1.004130,0.42074,5.00
0.055460,5.000572,1.004168,0.42105,5.00
0.055470,5.000339,1.004481,0.42120,5.00
0.055480,5.000125,1.004930,0.42127,5.00
0.055490,4.999936,1.005436,0.42128,5.00
0.055500,4.999887,1.005952,0.42127,5.00
0.055510,5.000309,1.005965,0.42066,5.00
0.055520,5.000712,1.005440,0.42035,5.00
0.055530,5.001080,1.004644,0.42022,5.00
0.055540,5.001405,1.003733,0.42018,5.00
0.055550,5.001796,1.002793,0.42020,5.00
0.055560,5.002574,1.001402,0.41969,5.00
0.055570,5.003270,0.999566,0.41948,5.00
0.055580,5.003870,0.997564,0.41945,5.00
0.055590,5.004374,0.995552,0.41951,5.00
0.055600,5.004526,0.993618,0.41963,5.00
0.055610,5.003591,0.992903,0.42106,5.00
0.055620,5.002670,0.993474,0.42181,5.00
0.055630,5.001803,0.994724,0.42216,5.00
0.055640,5.001011,0.996301,0.42229,5.00
0.055650,5.000384,0.998002,0.42229,5.00
0.055660,5.000164,0.999358,0.42181,5.00
0.055670,4.999995,1.000288,0.42151,5.00
0.055680,4.999862,1.000956,0.42132,5.00
0.055690,4.999756,1.001460,0.42120,5.00
0.055700,4.999723,1.001856,0.42112,5.00
0.055710,4.999912,1.001956,0.42080,5.00
0.055720,5.000094,1.001772,0.42063,5.00
0.055730,5.000263,1.001441,0.42055,5.00
0.055740,5.000413,1.001044,0.42053,5.00
0.055750,5.000301,1.000626,0.42053,5.00
0.055760,4.999236,1.001238,0.42176,5.00
0.055770,4.998240,1.002936,0.42236,5.00
0.055780,4.997346,1.005155,0.42259,5.00
0.055790,4.996566,1.007568,0.42262,5.00
0.055800,4.996104,1.009991,0.42254,5.00
0.055810,4.996532,1.011471,0.42139,5.00
0.055820,4.996992,1.011920,0.42076,5.00
0.055830,4.997452,1.011788,0.42042,5.00
0.055840,4.997892,1.011340,0.42026,5.00
0.055850,4.998469,1.010731,0.42019,5.00
0.055860,4.999658,1.009344,0.41934,5.00
0.055870,5.000750,1.007202,0.41897,5.00
0.055880,5.001726,1.004730,0.41887,5.00
0.055890,5.002577,1.002171,0.41892,5.00
0.055900,5.003534,0.999663,0.41904,5.00
0.055910,5.005254,0.996313,0.41806,5.00
0.055920,5.006781,0.992118,0.41770,5.00
0.055930,5.008095,0.987636,0.41768,5.00
0.055940,5.009195,0.983180,0.41785,5.00
0.055950,5.009567,0.978921,0.41811,5.00
0.055960,5.007727,0.977161,0.42104,5.00
0.055970,5.005902,0.978031,0.42258,5.00
0.055980,5.004175,0.980305,0.42332,5.00
0.055990,5.002587,0.983269,0.42361,5.00
0.056000,5.001411,0.986510,0.42363,5.00
0.056010,5.001388,0.988705,0.42223,5.00
0.056020,5.001429,0.989676,0.42143,5.00
0.056030,5.001493,0.989960,0.42099,5.00
0.056040,5.001559,0.989871,0.42076,5.00
0.056050,5.001499,0.989590,0.42065,5.00
0.056060,5.000979,0.989711,0.42118,5.00
0.056070,5.000482,0.990313,0.42145,5.00
0.056080,5.000025,0.991158,0.42156,5.00
0.056090,4.999613,0.992106,0.42158,5.00
0.056100,4.999198,0.993078,0.42155,5.00
0.056110,4.998629,0.994247,0.42176,5.00
0.056120,4.998123,0.995600,0.42182,5.00
0.056130,4.997685,0.997000,0.42180,5.00
0.056140,4.997314,0.998372,0.42173,5.00
0.056150,4.996860,0.999675,0.42164,5.00
0.056160,4.995898,1.001511,0.42229,5.00
0.056170,4.995044,1.003897,0.42254,5.00
0.056180,4.994312,1.006483,0.42257,5.00
0.056190,4.993704,1.009070,0.42248,5.00
0.056200,4.993172,1.011550,0.42234,5.00
0.056210,4.992583,1.014053,0.42239,5.00
0.056220,4.992113,1.016561,0.42231,5.00
0.056230,4.991758,1.018960,0.42218,5.00
0.056240,4.991511,1.021193,0.42201,5.00
0.056250,4.991616,1.023232,0.42184,5.00
0.056260,4.992794,1.023990,0.42040,5.00
0.056270,4.993957,1.023424,0.41964,5.00
0.056280,4.995063,1.022146,0.41928,5.00
0.056290,4.996090,1.020513,0.41915,5.00
0.056300,4.997277,1.018734,0.41915,5.00
0.056310,4.999330,1.015877,0.41797,5.00
0.056320,5.001205,1.011969,0.41749,5.00
0.056330,5.002872,1.007633,0.41741,5.00
0.056340,5.004324,1.003225,0.41754,5.00
0.056350,5.005333,0.998944,0.41778,5.00
0.056360,5.005235,0.995890,0.41925,5.00
0.056370,5.005039,0.994157,0.42011,5.00
0.056380,5.004789,0.993210,0.42061,5.00
0.056390,5.004512,0.992732,0.42090,5.00
0.056400,5.004280,0.992536,0.42106,5.00
0.056410,5.004264,0.992271,0.42087,5.00
0.056420,5.004232,0.991860,0.42078,5.00
0.056430,5.004180,0.991398,0.42076,5.00
0.056440,5.004107,0.990935,0.42076,5.00
0.056450,5.003753,0.990500,0.42078,5.00
0.056460,5.002369,0.991218,0.42212,5.00
0.056470,5.001065,0.993141,0.42277,5.00
0.056480,4.999877,0.995649,0.42302,5.00
0.056490,4.998821,0.998383,0.42305,5.00
0.056500,4.998190,1.001140,0.42295,5.00
0.056510,4.998813,1.002575,0.42134,5.00
0.056520,4.999453,1.002576,0.42046,5.00
0.056530,5.000065,1.001803,0.42002,5.00
0.056540,5.000625,1.000641,0.41983,5.00
0.056550,5.001044,0.999312,0.41978,5.00
0.056560,5.001092,0.998278,0.42021,5.00
0.056570,5.001103,0.997623,0.42046,5.00
0.056580,5.001092,0.997199,0.42062,5.00
0.056590,5.001065,0.996918,0.42071,5.00
0.056600,5.001110,0.996727,0.42077,5.00
0.056610,5.001464,0.996249,0.42040,5.00
0.056620,5.001784,0.995451,0.42023,5.00
0.056630,5.002060,0.994514,0.42018,5.00
0.056640,5.002290,0.993542,0.42019,5.00
0.056650,5.002528,0.992593,0.42023,5.00
0.056660,5.002933,0.991467,0.42002,5.00
0.056670,5.003277,0.990171,0.41996,5.00
0.056680,5.003559,0.988839,0.41998,5.00
0.056690,5.003778,0.987547,0.42004,5.00
0.056700,5.003845,0.986333,0.42012,5.00
0.056710,5.003491,0.985619,0.42069,5.00
0.056720,5.003124,0.985429,0.42100,5.00
0.056730,5.002760,0.985538,0.42117,5.00
0.056740,5.002410,0.985814,0.42125,5.00
0.056750,5.001994,0.986180,0.42128,5.00
0.056760,5.001274,0.986944,0.42170,5.00
0.056770,5.000608,0.988095,0.42188,5.00
0.056780,5.000005,0.989418,0.42193,5.00
0.056790,4.999468,0.990788,0.42190,5.00
0.056800,4.999091,0.992137,0.42183,5.00
0.056810,4.999135,0.993034,0.42128,5.00
0.056820,4.999206,0.993443,0.42097,5.00
0.056830,4.999286,0.993575,0.42079,5.00
0.056840,4.999367,0.993553,0.42070,5.00
0.056850,4.999436,0.993449,0.42065,5.00
0.056860,4.999473,0.993334,0.42067,5.00
0.056870,4.999504,0.993234,0.42068,5.00
0.056880,4.999530,0.993146,0.42070,5.00
0.056890,4.999553,0.993068,0.42071,5.00
0.056900,4.999681,0.993000,0.42071,5.00
0.056910,5.000227,0.992477,0.42017,5.00
0.056920,5.000731,0.991480,0.41992,5.00
0.056930,5.001178,0.990267,0.41984,5.00
0.056940,5.001564,0.988986,0.41984,5.00
0.056950,5.001991,0.987720,0.41990,5.00
0.056960,5.002759,0.986076,0.41946,5.00
0.056970,5.003434,0.984059,0.41930,5.00
0.056980,5.004007,0.981925,0.41930,5.00
0.056990,5.004479,0.979816,0.41939,5.00
0.057000,5.004152,0.977811,0.41951,5.00
0.057010,5.001013,0.978934,0.42320,5.00
0.057020,4.998049,0.983323,0.42501,5.00
0.057030,4.995360,0.989316,0.42574,5.00
0.057040,4.992986,0.995950,0.42588,5.00
0.057050,4.991552,1.002679,0.42568,5.00
0.057060,4.992823,1.006584,0.42222,5.00
0.057070,4.994168,1.007394,0.42032,5.00
0.057080,4.995487,1.006493,0.41933,5.00
0.057090,4.996727,1.004690,0.41887,5.00
0.057100,4.997705,1.002458,0.41871,5.00
0.057110,4.997961,1.000730,0.41950,5.00
0.057120,4.998157,0.999690,0.41997,5.00
0.057130,4.998316,0.999052,0.42025,5.00
0.057140,4.998451,0.998649,0.42042,5.00
0.057150,4.998559,0.998383,0.42052,5.00
0.057160,4.998613,0.998244,0.42063,5.00
0.057170,4.998664,0.998202,0.42070,5.00
0.057180,4.998713,0.998209,0.42073,5.00
0.057190,4.998763,0.998238,0.42075,5.00
0.057200,4.998531,0.998276,0.42076,5.00
0.057210,4.997207,0.999514,0.42218,5.00
0.057220,4.995987,1.001997,0.42285,5.00
0.057230,4.994909,1.005051,0.42309,5.00
0.057240,4.993984,1.008291,0.42309,5.00
0.057250,4.993238,1.011500,0.42296,5.00
0.057260,4.992730,1.014459,0.42265,5.00
0.057270,4.992352,1.017104,0.42238,5.00
0.057280,4.992090,1.019464,0.42213,5.00
0.057290,4.991930,1.021563,0.42192,5.00
0.057300,4.992114,1.023422,0.42172,5.00
0.057310,4.993366,1.023977,0.42027,5.00
0.057320,4.994593,1.023201,0.41951,5.00
0.057330,4.995752,1.021717,0.41916,5.00
0.057340,4.996824,1.019889,0.41905,5.00
0.057350,4.997561,1.017927,0.41906,5.00
0.057360,4.997281,1.016961,0.42034,5.00
0.057370,4.996992,1.017100,0.42102,5.00
0.057380,4.996729,1.017817,0.42136,5.00
0.057390,4.996509,1.018808,0.42150,5.00
0.057400,4.996803,1.019896,0.42153,5.00
0.057410,4.998947,1.019014,0.41916,5.00
0.057420,5.000969,1.016024,0.41801,5.00
0.057430,5.002806,1.012004,0.41754,5.00
0.057440,5.004432,1.007574,0.41747,5.00
0.057450,5.005533,1.003088,0.41760,5.00
0.057460,5.005228,1.000050,0.41940,5.00
0.057470,5.004836,0.998619,0.42042,5.00
0.057480,5.004410,0.998114,0.42100,5.00
0.057490,5.003980,0.998137,0.42130,5.00
0.057500,5.003531,0.998450,0.42146,5.00
0.057510,5.002982,0.999052,0.42168,5.00
0.057520,5.002471,0.999868,0.42177,5.00
0.057530,5.002005,1.000776,0.42178,5.00
0.057540,5.001585,1.001703,0.42175,5.00
0.057550,5.001243,1.002612,0.42170,5.00
0.057560,5.001071,1.003341,0.42147,5.00
0.057570,5.000928,1.003874,0.42132,5.00
0.057580,5.000807,1.004282,0.42123,5.00
0.057590,5.000703,1.004610,0.42116,5.00
0.057600,5.000622,1.004883,0.42112,5.00
0.057610,5.000590,1.005078,0.42104,5.00
0.057620,5.000565,1.005201,0.42099,5.00
0.057630,5.000545,1.005283,0.42096,5.00
0.057640,5.000527,1.005338,0.42094,5.00
0.057650,5.000421,1.005377,0.42093,5.00
0.057660,4.999961,1.005795,0.42138,5.00
0.057670,4.999537,1.006610,0.42159,5.00
0.057680,4.999159,1.007609,0.42166,5.00
0.057690,4.998832,1.008666,0.42166,5.00
0.057700,4.998800,1.009714,0.42162,5.00
0.057710,4.999768,1.009670,0.42032,5.00
0.057720,5.000692,1.008474,0.41966,5.00
0.057730,5.001536,1.006698,0.41938,5.00
0.057740,5.002284,1.004676,0.41931,5.00
0.057750,5.002622,1.002598,0.41935,5.00
0.057760,5.001661,1.001885,0.42102,5.00
0.057770,5.000721,1.002648,0.42188,5.00
0.057780,4.999846,1.004180,0.42229,5.00
0.057790,4.999059,1.006072,0.42243,5.00
0.057800,4.998722,1.008086,0.42243,5.00
0.057810,4.999852,1.008589,0.42057,5.00
0.057820,5.000945,1.007446,0.41961,5.00
0.057830,5.001952,1.005457,0.41917,5.00
0.057840,5.002847,1.003087,0.41903,5.00
0.057850,5.003335,1.000603,0.41905,5.00
0.057860,5.002583,0.999382,0.42062,5.00
0.057870,5.001824,0.999556,0.42146,5.00
0.057880,5.001102,1.000480,0.42187,5.00
0.057890,5.000439,1.001778,0.42204,5.00
0.057900,5.000144,1.003233,0.42208,5.00
0.057910,5.001074,1.003454,0.42054,5.00
0.057920,5.001967,1.002321,0.41975,5.00
0.057930,5.002779,1.000503,0.41940,5.00
0.057940,5.003493,0.998388,0.41930,5.00
0.057950,5.004025,0.996196,0.41933,5.00
0.057960,5.004153,0.994380,0.41982,5.00
0.057970,5.004212,0.993020,0.42014,5.00
0.057980,5.004217,0.991966,0.42035,5.00
0.057990,5.004181,0.991126,0.42050,5.00
0.058000,5.004033,0.990443,0.42061,5.00
0.058010,5.003554,0.990215,0.42109,5.00
0.058020,5.003083,0.990431,0.42134,5.00
0.058030,5.002633,0.990888,0.42146,5.00
0.058040,5.002211,0.991468,0.42150,5.00
0.058050,5.001763,0.992102,0.42149,5.00
0.058060,5.001125,0.992993,0.42176,5.00
0.058070,5.000540,0.994129,0.42186,5.00
0.058080,5.000015,0.995361,0.42186,5.00
0.058090,4.999550,0.996601,0.42181,5.00
0.058100,4.999126,0.997803,0.42174,5.00
0.058110,4.998679,0.999027,0.42176,5.00
0.058120,4.998293,1.000263,0.42172,5.00
0.058130,4.997965,1.001459,0.42165,5.00
0.058140,4.997693,1.002586,0.42157,5.00
0.058150,4.997327,1.003632,0.42148,5.00
0.058160,4.996445,1.005207,0.42213,5.00
0.058170,4.995659,1.007337,0.42239,5.00
0.058180,4.994984,1.009679,0.42244,5.00
0.058190,4.994421,1.012039,0.42237,5.00
0.058200,4.994140,1.014310,0.42225,5.00
0.058210,4.994627,1.015708,0.42123,5.00
0.058220,4.995146,1.016174,0.42066,5.00
0.058230,4.995666,1.016109,0.42035,5.00
0.058240,4.996169,1.015746,0.42020,5.00
0.058250,4.996586,1.015225,0.42014,5.00
0.058260,4.996734,1.014887,0.42044,5.00
0.058270,4.996872,1.014790,0.42060,5.00
0.058280,4.997008,1.014817,0.42069,5.00
0.058290,4.997147,1.014900,0.42073,5.00
0.058300,4.997055,1.015000,0.42075,5.00
0.058310,4.996065,1.016085,0.42193,5.00
0.058320,4.995163,1.018186,0.42248,5.00
0.058330,4.994379,1.020744,0.42267,5.00
0.058340,4.993722,1.023441,0.42267,5.00
0.058350,4.993616,1.026096,0.42256,5.00
0.058360,4.995276,1.026812,0.42026,5.00
0.058370,4.996892,1.025465,0.41907,5.00
0.058380,4.998401,1.023042,0.41853,5.00
0.058390,4.999771,1.020117,0.41835,5.00
0.058400,5.000968,1.017021,0.41838,5.00
0.058410,5.001920,1.014043,0.41863,5.00
0.058420,5.002736,1.011289,0.41888,5.00
0.058430,5.003425,1.008759,0.41911,5.00
0.058440,5.004000,1.006445,0.41933,5.00
0.058450,5.004429,1.004338,0.41953,5.00
0.058460,5.004607,1.002599,0.41992,5.00
0.058470,5.004715,1.001224,0.42018,5.00
0.058480,5.004767,1.000105,0.42037,5.00
0.058490,5.004773,0.999174,0.42051,5.00
0.058500,5.004386,0.998391,0.42061,5.00
0.058510,5.002585,0.999240,0.42249,5.00
0.058520,5.000888,1.001765,0.42340,5.00
0.058530,4.999346,1.005105,0.42376,5.00
0.058540,4.997979,1.008764,0.42381,5.00
0.058550,4.996927,1.012458,0.42369,5.00
0.058560,4.996574,1.015456,0.42280,5.00
0.058570,4.996338,1.017652,0.42223,5.00
0.058580,4.996187,1.019326,0.42186,5.00
0.058590,4.996104,1.020647,0.42160,5.00
0.058600,4.995985,1.021719,0.42142,5.00
0.058610,4.995561,1.022986,0.42174,5.00
0.058620,4.995207,1.024505,0.42185,5.00
0.058630,4.994927,1.026091,0.42184,5.00
0.058640,4.994721,1.027640,0.42178,5.00
0.058650,4.994944,1.029097,0.42168,5.00
0.058660,4.996624,1.028905,0.41976,5.00
0.058670,4.998230,1.026992,0.41880,5.00
0.058680,4.999709,1.024211,0.41840,5.00
0.058690,5.001037,1.021056,0.41830,5.00
0.058700,5.001907,1.017811,0.41838,5.00
0.058710,5.001459,1.015907,0.42006,5.00
0.058720,5.000972,1.015486,0.42097,5.00
0.058730,5.000495,1.015876,0.42145,5.00
0.058740,5.000052,1.016690,0.42168,5.00
0.058750,5.000063,1.017699,0.42176,5.00
0.058760,5.001703,1.017044,0.41971,5.00
0.058770,5.003246,1.014580,0.41870,5.00
0.058780,5.004636,1.011236,0.41829,5.00
0.058790,5.005852,1.007544,0.41822,5.00
0.058800,5.006752,1.003811,0.41832,5.00
0.058810,5.006954,1.000777,0.41921,5.00
0.058820,5.007040,0.998556,0.41977,5.00
0.058830,5.007039,0.996869,0.42014,5.00
0.058840,5.006973,0.995549,0.42040,5.00
0.058850,5.007026,0.994492,0.42058,5.00
0.058860,5.007701,0.992905,0.41985,5.00
0.058870,5.008280,0.990717,0.41954,5.00
0.058880,5.008748,0.988305,0.41947,5.00
0.058890,5.009101,0.985883,0.41954,5.00
0.058900,5.009531,0.983569,0.41966,5.00
0.058910,5.010584,0.980625,0.41888,5.00
0.058920,5.011474,0.977049,0.41860,5.00
0.058930,5.012189,0.973291,0.41860,5.00
0.058940,5.012727,0.969607,0.41875,5.00
0.058950,5.012845,0.966130,0.41897,5.00
0.058960,5.011818,0.964015,0.42051,5.00
0.058970,5.010746,0.963335,0.42137,5.00
0.058980,5.009678,0.963486,0.42183,5.00
0.058990,5.008640,0.964113,0.42205,5.00
0.059000,5.007390,0.965004,0.42214,5.00
0.059010,5.005195,0.967129,0.42345,5.00
0.059020,5.003151,0.970457,0.42403,5.00
0.059030,5.001294,0.974333,0.42418,5.00
0.059040,4.999634,0.978376,0.42411,5.00
0.059050,4.998385,0.982373,0.42391,5.00
0.059060,4.998152,0.985301,0.42259,5.00
0.059070,4.998019,0.987059,0.42180,5.00
0.059080,4.997947,0.988126,0.42134,5.00
0.059090,4.997912,0.988784,0.42106,5.00
0.059100,4.997832,0.989197,0.42090,5.00
0.059110,4.997506,0.989751,0.42114,5.00
0.059120,4.997214,0.990515,0.42124,5.00
0.059130,4.996962,0.991363,0.42127,5.00
0.059140,4.996751,0.992223,0.42124,5.00
0.059150,4.996803,0.993056,0.42120,5.00
0.059160,4.997757,0.992892,0.42002,5.00
0.059170,4.998664,0.991683,0.41944,5.00
0.059180,4.999492,0.989955,0.41919,5.00
0.059190,5.000228,0.988011,0.41914,5.00
0.059200,5.000613,0.986025,0.41919,5.00
0.059210,4.999920,0.985172,0.42058,5.00
0.059220,4.999230,0.985550,0.42131,5.00
0.059230,4.998583,0.986579,0.42167,5.00
0.059240,4.997998,0.987923,0.42180,5.00
0.059250,4.997482,0.989389,0.42182,5.00
0.059260,4.997034,0.990870,0.42178,5.00
0.059270,4.996657,0.992304,0.42170,5.00
0.059280,4.996345,0.993658,0.42160,5.00
0.059290,4.996095,0.994914,0.42150,5.00
0.059300,4.995758,0.996065,0.42140,5.00
0.059310,4.994920,0.997718,0.42203,5.00
0.059320,4.994180,0.999901,0.42228,5.00
0.059330,4.993551,1.002278,0.42232,5.00
0.059340,4.993037,1.004661,0.42224,5.00
0.059350,4.992760,1.006946,0.42211,5.00
0.059360,4.993080,1.008537,0.42131,5.00
0.059370,4.993447,1.009387,0.42085,5.00
0.059380,4.993837,1.009790,0.42058,5.00
0.059390,4.994234,1.009923,0.42043,5.00
0.059400,4.994658,1.009890,0.42035,5.00
0.059410,4.995190,1.009626,0.42016,5.00
0.059420,4.995700,1.009166,0.42008,5.00
0.059430,4.996181,1.008605,0.42005,5.00
0.059440,4.996631,1.007997,0.42007,5.00
0.059450,4.997064,1.007376,0.42009,5.00
0.059460,4.997524,1.006698,0.42006,5.00
0.059470,4.997948,1.005970,0.42007,5.00
0.059480,4.998334,1.005234,0.42010,5.00
0.059490,4.998684,1.004515,0.42015,5.00
0.059500,4.998952,1.003826,0.42020,5.00
0.059510,4.999006,1.003372,0.42049,5.00
0.059520,4.999047,1.003166,0.42065,5.00
0.059530,4.999081,1.003096,0.42074,5.00
0.059540,4.999114,1.003099,0.42079,5.00
0.059550,4.999085,1.003138,0.42081,5.00
0.059560,4.998813,1.003459,0.42114,5.00
0.059570,4.998567,1.004063,0.42130,5.00
0.059580,4.998354,1.004793,0.42135,5.00
0.059590,4.998177,1.005559,0.42135,5.00
0.059600,4.998030,1.006311,0.42131,5.00
0.059610,4.997893,1.007049,0.42130,5.00
0.059620,4.997790,1.007762,0.42126,5.00
0.059630,4.997719,1.008427,0.42122,5.00
0.059640,4.997677,1.009036,0.42116,5.00
0.059650,4.997797,1.009585,0.42112,5.00
0.059660,4.998466,1.009497,0.42038,5.00
0.059670,4.999105,1.008751,0.42002,5.00
0.059680,4.999695,1.007673,0.41987,5.00
0.059690,5.000227,1.006451,0.41983,5.00
0.059700,5.000729,1.005194,0.41986,5.00
0.059710,5.001293,1.003827,0.41977,5.00
0.059720,5.001788,1.002377,0.41977,5.00
0.059730,5.002213,1.000938,0.41983,5.00
0.059740,5.002570,0.999560,0.41992,5.00
0.059750,5.002880,0.998268,0.42002,5.00
0.059760,5.003191,0.997011,0.42004,5.00
0.059770,5.003444,0.995787,0.42010,5.00
0.059780,5.003640,0.994634,0.42018,5.00
0.059790,5.003785,0.993569,0.42026,5.00
0.059800,5.003706,0.992599,0.42035,5.00
0.059810,5.002901,0.992475,0.42132,5.00
0.059820,5.002124,0.993226,0.42181,5.00
0.059830,5.001401,0.994426,0.42203,5.00
0.059840,5.000745,0.995831,0.42209,5.00
0.059850,5.000203,0.997299,0.42207,5.00
0.059860,4.999896,0.998569,0.42178,5.00
0.059870,4.999643,0.999590,0.42159,5.00
0.059880,4.999433,1.000440,0.42145,5.00
0.059890,4.999260,1.001166,0.42135,5.00
0.059900,4.999153,1.001798,0.42127,5.00
0.059910,4.999203,1.002212,0.42103,5.00
0.059920,4.999264,1.002414,0.42090,5.00
0.059930,4.999331,1.002493,0.42082,5.00
0.059940,4.999399,1.002500,0.42078,5.00
0.059950,4.999645,1.002467,0.42076,5.00
0.059960,5.000582,1.001649,0.41985,5.00
0.059970,5.001450,1.000026,0.41942,5.00
0.059980,5.002226,0.998031,0.41927,5.00
0.059990,5.002900,0.995911,0.41927,5.00
0.060000,5.003206,0.993808,0.41936,5.00
0.060010,5.002381,0.992928,0.42083,5.00
0.060020,5.001563,0.993359,0.42160,5.00
0.060030,5.000793,0.994485,0.42198,5.00
0.060040,5.000090,0.995949,0.42212,5.00
0.060050,4.999569,0.997544,0.42213,5.00
0.060060,4.999534,0.998705,0.42155,5.00
0.060070,4.999536,0.999351,0.42121,5.00
0.060080,4.999559,0.999694,0.42101,5.00
0.060090,4.999592,0.999861,0.42090,5.00
0.060100,4.999582,0.999926,0.42083,5.00
0.060110,4.999392,1.000133,0.42103,5.00
0.060120,4.999219,1.000514,0.42113,5.00
0.060130,4.999067,1.000974,0.42116,5.00
0.060140,4.998938,1.001457,0.42116,5.00
0.060150,4.999033,1.001933,0.42114,5.00
0.060160,4.999934,1.001527,0.42009,5.00
0.060170,5.000781,1.000195,0.41958,5.00
0.060180,5.001546,0.998413,0.41937,5.00
0.060190,5.002218,0.996456,0.41934,5.00
0.060200,5.002562,0.994480,0.41940,5.00
0.060210,5.001916,0.993556,0.42068,5.00
0.060220,5.001268,0.993771,0.42136,5.00
0.060230,5.000652,0.994595,0.42169,5.00
0.060240,5.000089,0.995721,0.42183,5.00
0.060250,4.999634,0.996971,0.42185,5.00
0.060260,4.999426,0.998039,0.42157,5.00
0.060270,4.999261,0.998862,0.42139,5.00
0.060280,4.999130,0.999521,0.42127,5.00
0.060290,4.999026,1.000066,0.42118,5.00
0.060300,4.999005,1.000529,0.42111,5.00
0.060310,4.999233,1.000678,0.42076,5.00
0.060320,4.999456,1.000515,0.42058,5.00
0.060330,4.999664,1.000188,0.42050,5.00
0.060340,4.999854,0.999784,0.42047,5.00
0.060350,4.999811,0.999353,0.42047,5.00
0.060360,4.998923,0.999824,0.42156,5.00
0.060370,4.998092,1.001252,0.42208,5.00
0.060380,4.997348,1.003139,0.42229,5.00
0.060390,4.996702,1.005199,0.42233,5.00
0.060400,4.996435,1.007271,0.42226,5.00
0.060410,4.997348,1.008077,0.42074,5.00
0.060420,4.998250,1.007520,0.41994,5.00
0.060430,4.999097,1.006244,0.41955,5.00
0.060440,4.999868,1.004622,0.41941,5.00
0.060450,5.000392,1.002870,0.41941,5.00
0.060460,5.000198,1.001802,0.42029,5.00
0.060470,4.999981,1.001517,0.42078,5.00
0.060480,4.999765,1.001661,0.42104,5.00
0.060490,4.999564,1.002032,0.42116,5.00
0.060500,4.999274,1.002509,0.42121,5.00
0.060510,4.998572,1.003501,0.42178,5.00
0.060520,4.997937,1.004989,0.42203,5.00
0.060530,4.997382,1.006686,0.42210,5.00
0.060540,4.996910,1.008427,0.42206,5.00
0.060550,4.996791,1.010120,0.42197,5.00
0.060560,4.997805,1.010562,0.42049,5.00
0.060570,4.998790,1.009681,0.41973,5.00
0.060580,4.999707,1.008113,0.41938,5.00
0.060590,5.000534,1.006229,0.41927,5.00
0.060600,5.001295,1.004241,0.41928,5.00
0.060610,5.002075,1.002142,0.41922,5.00
0.060620,5.002751,0.999994,0.41927,5.00
0.060630,5.003325,0.997901,0.41938,5.00
0.060640,5.003802,0.995921,0.41952,5.00
0.060650,5.004027,0.994082,0.41967,5.00
0.060660,5.003543,0.993081,0.42063,5.00
0.060670,5.003044,0.992948,0.42116,5.00
0.060680,5.002557,0.993296,0.42142,5.00
0.060690,5.002098,0.993898,0.42155,5.00
0.060700,5.001641,0.994622,0.42158,5.00
0.060710,5.001095,0.995530,0.42174,5.00
0.060720,5.000600,0.996585,0.42178,5.00
0.060730,5.000158,0.997683,0.42176,5.00
0.060740,4.999770,0.998766,0.42170,5.00
0.060750,4.999476,0.999803,0.42163,5.00
0.060760,4.999399,1.000592,0.42134,5.00
0.060770,4.999351,1.001119,0.42116,5.00
0.060780,4.999322,1.001485,0.42105,5.00
0.060790,4.999307,1.001748,0.42098,5.00
0.060800,4.999204,1.001946,0.42093,5.00
0.060810,4.998723,1.002521,0.42140,5.00
0.060820,4.998286,1.003502,0.42161,5.00
0.060830,4.997902,1.004664,0.42168,5.00
0.060840,4.997576,1.005875,0.42167,5.00
0.060850,4.997462,1.007064,0.42161,5.00
0.060860,4.998004,1.007531,0.42076,5.00
0.060870,4.998539,1.007231,0.42031,5.00
0.060880,4.999045,1.006522,0.42010,5.00
0.060890,4.999507,1.005616,0.42002,5.00
0.060900,5.000089,1.004633,0.42001,5.00
0.060910,5.001273,1.002930,0.41920,5.00
0.060920,5.002347,1.000516,0.41887,5.00
0.060930,5.003293,0.997811,0.41879,5.00
0.060940,5.004106,0.995053,0.41886,5.00
0.060950,5.004458,0.992375,0.41900,5.00
0.060960,5.003402,0.991255,0.42085,5.00
0.060970,5.002354,0.991787,0.42183,5.00
0.060980,5.001365,0.993196,0.42230,5.00
0.060990,5.000462,0.995033,0.42248,5.00
0.061000,4.999726,0.997037,0.42249,5.00
0.061010,4.999362,0.998760,0.42207,5.00
0.061020,4.999068,1.000109,0.42179,5.00
0.061030,4.998831,1.001205,0.42159,5.00
0.061040,4.998641,1.002124,0.42145,5.00
0.061050,4.998294,1.002911,0.42134,5.00
0.061060,4.997224,1.004427,0.42224,5.00
0.061070,4.996255,1.006725,0.42263,5.00
0.061080,4.995409,1.009353,0.42274,5.00
0.061090,4.994692,1.012052,0.42269,5.00
0.061100,4.994315,1.014679,0.42256,5.00
0.061110,4.994885,1.016252,0.42131,5.00
0.061120,4.995488,1.016695,0.42062,5.00
0.061130,4.996087,1.016501,0.42026,5.00
0.061140,4.996661,1.015957,0.42008,5.00
0.061150,4.997278,1.015233,0.42002,5.00
0.061160,4.998155,1.014099,0.41962,5.00
0.061170,4.998961,1.012599,0.41947,5.00
0.061180,4.999687,1.010949,0.41945,5.00
0.061190,5.000331,1.009275,0.41950,5.00
0.061200,5.000954,1.007645,0.41960,5.00
0.061210,5.001730,1.005846,0.41941,5.00
0.061220,5.002413,1.003885,0.41939,5.00
0.061230,5.002999,1.001912,0.41945,5.00
0.061240,5.003493,1.000008,0.41957,5.00
0.061250,5.003665,0.998218,0.41970,5.00
0.061260,5.002845,0.997559,0.42102,5.00
0.061270,5.002038,0.998079,0.42171,5.00
0.061280,5.001280,0.999222,0.42203,5.00
0.061290,5.000590,1.000663,0.42215,5.00
0.061300,5.000138,1.002215,0.42215,5.00
0.061310,5.000394,1.003077,0.42127,5.00
0.061320,5.000665,1.003163,0.42079,5.00
0.061330,5.000924,1.002829,0.42055,5.00
0.061340,5.001159,1.002282,0.42044,5.00
0.061350,5.001341,1.001642,0.42040,5.00
0.061360,5.001401,1.001079,0.42053,5.00
0.061370,5.001438,1.000633,0.42062,5.00
0.061380,5.001456,1.000270,0.42068,5.00
0.061390,5.001460,0.999969,0.42072,5.00
0.061400,5.001397,0.999715,0.42076,5.00
0.061410,5.001111,0.999732,0.42106,5.00
0.061420,5.000837,1.000024,0.42121,5.00
0.061430,5.000583,1.000455,0.42128,5.00
0.061440,5.000352,1.000948,0.42129,5.00
0.061450,5.000170,1.001457,0.42128,5.00
0.061460,5.000105,1.001857,0.42113,5.00
0.061470,5.000054,1.002130,0.42104,5.00
0.061480,5.000015,1.002325,0.42099,5.00
0.061490,4.999983,1.002471,0.42095,5.00
0.061500,4.999994,1.002585,0.42093,5.00
0.061510,5.000152,1.002522,0.42073,5.00
0.061520,5.000302,1.002279,0.42063,5.00
0.061530,5.000436,1.001950,0.42059,5.00
0.061540,5.000553,1.001588,0.42058,5.00
0.061550,5.000831,1.001221,0.42059,5.00
0.061560,5.001784,1.000108,0.41971,5.00
0.061570,5.002654,0.998227,0.41931,5.00
0.061580,5.003421,0.996007,0.41918,5.00
0.061590,5.004078,0.993691,0.41921,5.00
0.061600,5.004458,0.991418,0.41931,5.00
0.061610,5.004090,0.989968,0.42029,5.00
0.061620,5.003685,0.989406,0.42084,5.00
0.061630,5.003273,0.989355,0.42114,5.00
0.061640,5.002872,0.989591,0.42130,5.00
0.061650,5.002357,0.989983,0.42137,5.00
0.061660,5.001357,0.991012,0.42205,5.00
0.061670,5.000430,0.992657,0.42235,5.00
0.061680,4.999595,0.994578,0.42244,5.00
0.061690,4.998857,0.996581,0.42240,5.00
0.061700,4.998409,0.998555,0.42231,5.00
0.061710,4.998805,0.999618,0.42121,5.00
0.061720,4.999217,0.999704,0.42061,5.00
0.061730,4.999614,0.999261,0.42031,5.00
0.061740,4.999979,0.998547,0.42017,5.00
0.061750,5.000200,0.997715,0.42013,5.00
0.061760,4.999979,0.997291,0.42067,5.00
0.061770,4.999754,0.997340,0.42095,5.00
0.061780,4.999541,0.997645,0.42110,5.00
0.061790,4.999347,0.998075,0.42116,5.00
0.061800,4.999380,0.998558,0.42117,5.00
0.061810,5.000224,0.998187,0.42013,5.00
0.061820,5.001017,0.996902,0.41963,5.00
0.061830,5.001731,0.995175,0.41942,5.00
0.061840,5.002355,0.993276,0.41939,5.00
0.061850,5.002717,0.991360,0.41945,5.00
0.061860,5.002334,0.990230,0.42041,5.00
0.061870,5.001929,0.989961,0.42093,5.00
0.061880,5.001529,0.990172,0.42121,5.00
0.061890,5.001150,0.990640,0.42134,5.00
0.061900,5.000864,0.991235,0.42139,5.00
0.061910,5.000862,0.991606,0.42106,5.00
0.061920,5.000869,0.991697,0.42088,5.00
0.061930,5.000875,0.991638,0.42079,5.00
0.061940,5.000876,0.991506,0.42075,5.00
0.061950,5.000688,0.991342,0.42073,5.00
0.061960,4.999782,0.991950,0.42165,5.00
0.061970,4.998935,0.993375,0.42209,5.00
0.061980,4.998173,0.995189,0.42226,5.00
0.061990,4.997504,0.997145,0.42227,5.00
0.062000,4.996735,0.999103,0.42220,5.00
0.062010,4.995295,1.001822,0.42307,5.00
0.062020,4.994014,1.005294,0.42341,5.00
0.062030,4.992911,1.009035,0.42344,5.00
0.062040,4.991988,1.012768,0.42330,5.00
0.062050,4.991667,1.016345,0.42309,5.00
0.062060,4.993176,1.017859,0.42067,5.00
0.062070,4.994676,1.017200,0.41940,5.00
0.062080,4.996097,1.015377,0.41878,5.00
0.062090,4.997406,1.012981,0.41854,5.00
0.062100,4.998422,1.010351,0.41852,5.00
0.062110,4.998661,1.008390,0.41945,5.00
0.062120,4.998833,1.007237,0.41999,5.00
0.062130,4.998965,1.006554,0.42032,5.00
0.062140,4.999073,1.006146,0.42050,5.00
0.062150,4.999186,1.005896,0.42062,5.00
0.062160,4.999369,1.005650,0.42058,5.00
0.062170,4.999538,1.005365,0.42057,5.00
0.062180,4.999692,1.005066,0.42058,5.00
0.062190,4.999831,1.004769,0.42059,5.00
0.062200,4.999875,1.004481,0.42061,5.00
0.062210,4.999597,1.004546,0.42103,5.00
0.062220,4.999334,1.004981,0.42124,5.00
0.062230,4.999100,1.005596,0.42133,5.00
0.062240,4.998897,1.006283,0.42135,5.00
0.062250,4.998828,1.006980,0.42133,5.00
0.062260,4.999180,1.007228,0.42079,5.00
0.062270,4.999526,1.006990,0.42051,5.00
0.062280,4.999850,1.006496,0.42038,5.00
0.062290,5.000145,1.005880,0.42033,5.00
0.062300,5.000337,1.005219,0.42033,5.00
0.062310,5.000225,1.004855,0.42071,5.00
0.062320,5.000106,1.004827,0.42092,5.00
0.062330,4.999993,1.004979,0.42102,5.00
0.062340,4.999890,1.005221,0.42107,5.00
0.062350,4.999616,1.005502,0.42108,5.00
0.062360,4.998642,1.006575,0.42200,5.00
0.062370,4.997749,1.008456,0.42243,5.00
0.062380,4.996960,1.010699,0.42257,5.00
0.062390,4.996283,1.013048,0.42255,5.00
0.062400,4.996098,1.015358,0.42244,5.00
0.062410,4.997493,1.015937,0.42038,5.00
0.062420,4.998847,1.014681,0.41932,5.00
0.062430,5.000103,1.012473,0.41884,5.00
0.062440,5.001235,1.009830,0.41868,5.00
0.062450,5.002014,1.007046,0.41871,5.00
0.062460,5.001808,1.005221,0.41994,5.00
0.062470,5.001553,1.004483,0.42063,5.00
0.062480,5.001285,1.004361,0.42100,5.00
0.062490,5.001024,1.004576,0.42120,5.00
0.062500,5.001129,1.004967,0.42128,5.00
0.062510,5.002608,1.003957,0.41956,5.00
0.062520,5.003983,1.001430,0.41873,5.00
0.062530,5.005210,0.998186,0.41841,5.00
0.062540,5.006271,0.994682,0.41838,5.00
0.062550,5.007007,0.991180,0.41850,5.00
0.062560,5.006982,0.988478,0.41948,5.00
0.062570,5.006860,0.986679,0.42008,5.00
0.062580,5.006674,0.985449,0.42045,5.00
0.062590,5.006445,0.984588,0.42069,5.00
0.062600,5.006115,0.983974,0.42084,5.00
0.062610,5.005489,0.983837,0.42130,5.00
0.062620,5.004876,0.984140,0.42154,5.00
0.062630,5.004289,0.984685,0.42164,5.00
0.062640,5.003736,0.985355,0.42168,5.00
0.062650,5.003113,0.986082,0.42167,5.00
0.062660,5.002112,0.987279,0.42217,5.00
0.062670,5.001189,0.988943,0.42238,5.00
0.062680,5.000355,0.990806,0.42242,5.00
0.062690,4.999615,0.992712,0.42236,5.00
0.062700,4.999061,0.994576,0.42226,5.00
0.062710,4.998961,0.995950,0.42166,5.00
0.062720,4.998908,0.996793,0.42130,5.00
0.062730,4.998885,0.997320,0.42109,5.00
0.062740,4.998880,0.997657,0.42096,5.00
0.062750,4.998736,0.997877,0.42089,5.00
0.062760,4.998011,0.998671,0.42160,5.00
0.062770,4.997347,1.000091,0.42193,5.00
0.062780,4.996762,1.001793,0.42204,5.00
0.062790,4.996263,1.003579,0.42203,5.00
0.062800,4.996221,1.005337,0.42196,5.00
0.062810,4.997707,1.005422,0.41997,5.00
0.062820,4.999132,1.003738,0.41896,5.00
0.062830,5.000440,1.001158,0.41853,5.00
0.062840,5.001608,0.998189,0.41841,5.00
0.062850,5.002309,0.995120,0.41847,5.00
0.062860,5.001628,0.993468,0.42022,5.00
0.062870,5.000925,0.993377,0.42117,5.00
0.062880,5.000248,0.994133,0.42166,5.00
0.062890,4.999625,0.995321,0.42187,5.00
0.062900,4.999121,0.996700,0.42193,5.00
0.062910,4.998899,0.997900,0.42163,5.00
0.062920,4.998725,0.998833,0.42143,5.00
0.062930,4.998590,0.999587,0.42130,5.00
0.062940,4.998487,1.000214,0.42120,5.00
0.062950,4.998295,1.000748,0.42112,5.00
0.062960,4.997678,1.001700,0.42165,5.00
0.062970,4.997124,1.003103,0.42187,5.00
0.062980,4.996644,1.004691,0.42193,5.00
0.062990,4.996242,1.006315,0.42190,5.00
0.063000,4.996141,1.007890,0.42182,5.00
0.063010,4.996986,1.008414,0.42058,5.00
0.063020,4.997814,1.007826,0.41993,5.00
0.063030,4.998590,1.006653,0.41963,5.00
0.063040,4.999298,1.005202,0.41953,5.00
0.063050,5.000125,1.003650,0.41953,5.00
0.063060,5.001632,1.001270,0.41861,5.00
0.063070,5.002992,0.998084,0.41825,5.00
0.063080,5.004186,0.994584,0.41819,5.00
0.063090,5.005209,0.991051,0.41830,5.00
0.063100,5.005721,0.987638,0.41849,5.00
0.063110,5.004738,0.985896,0.42047,5.00
0.063120,5.003736,0.985923,0.42153,5.00
0.063130,5.002774,0.986914,0.42206,5.00
0.063140,5.001880,0.988398,0.42229,5.00
0.063150,5.001155,0.990101,0.42235,5.00
0.063160,5.000857,0.991495,0.42187,5.00
0.063170,5.000613,0.992474,0.42157,5.00
0.063180,5.000408,0.993198,0.42138,5.00
0.063190,5.000233,0.993762,0.42126,5.00
0.063200,5.000180,0.994221,0.42117,5.00
0.063210,5.000524,0.994195,0.42062,5.00
0.063220,5.000850,0.993688,0.42035,5.00
0.063230,5.001143,0.992942,0.42023,5.00
0.063240,5.001397,0.992098,0.42020,5.00
0.063250,5.001743,0.991238,0.42022,5.00
0.063260,5.002570,0.989833,0.41958,5.00
0.063270,5.003309,0.987885,0.41932,5.00
0.063280,5.003946,0.985724,0.41927,5.00
0.063290,5.004479,0.983538,0.41933,5.00
0.063300,5.004692,0.981429,0.41944,5.00
0.063310,5.003965,0.980377,0.42068,5.00
0.063320,5.003231,0.980447,0.42135,5.00
0.063330,5.002524,0.981130,0.42168,5.00
0.063340,5.001864,0.982128,0.42182,5.00
0.063350,5.001170,0.983270,0.42185,5.00
0.063360,5.000186,0.984837,0.42228,5.00
0.063370,4.999294,0.986787,0.42243,5.00
0.063380,4.998503,0.988875,0.42243,5.00
0.063390,4.997814,0.990963,0.42234,5.00
0.063400,4.997193,0.992974,0.42222,5.00
0.063410,4.996548,0.994996,0.42223,5.00
0.063420,4.996000,0.997015,0.42216,5.00
0.063430,4.995546,0.998954,0.42204,5.00
0.063440,4.995181,1.000769,0.42191,5.00
0.063450,4.994711,1.002442,0.42177,5.00
0.063460,4.993591,1.004760,0.42257,5.00
0.063470,4.992606,1.007759,0.42289,5.00
0.063480,4.991774,1.010998,0.42293,5.00
0.063490,4.991097,1.014230,0.42282,5.00
0.063500,4.990863,1.017319,0.42263,5.00
0.063510,4.991914,1.018939,0.42093,5.00
0.063520,4.992983,1.019009,0.42001,5.00
0.063530,4.994020,1.018219,0.41954,5.00
0.063540,4.994999,1.016976,0.41934,5.00
0.063550,4.995758,1.015517,0.41929,5.00
0.063560,4.995868,1.014608,0.42006,5.00
0.063570,4.995955,1.014354,0.42049,5.00
0.063580,4.996040,1.014448,0.42072,5.00
0.063590,4.996133,1.014713,0.42082,5.00
0.063600,4.996493,1.015047,0.42087,5.00
0.063610,4.997850,1.014317,0.41960,5.00
0.063620,4.999127,1.012448,0.41899,5.00
0.063630,5.000292,1.010026,0.41876,5.00
0.063640,5.001330,1.007389,0.41874,5.00
0.063650,5.002140,1.004731,0.41883,5.00
0.063660,5.002449,1.002571,0.41947,5.00
0.063670,5.002673,1.000984,0.41988,5.00
0.063680,5.002834,0.999766,0.42015,5.00
0.063690,5.002945,0.998796,0.42033,5.00
0.063700,5.003117,0.998000,0.42046,5.00
0.063710,5.003643,0.996907,0.42005,5.00
0.063720,5.004105,0.995471,0.41989,5.00
0.063730,5.004494,0.993910,0.41986,5.00
0.063740,5.004808,0.992349,0.41991,5.00
0.063750,5.004926,0.990856,0.42000,5.00
0.063760,5.004499,0.989989,0.42072,5.00
0.063770,5.004056,0.989787,0.42112,5.00
0.063780,5.003619,0.989962,0.42133,5.00
0.063790,5.003200,0.990343,0.42143,5.00
0.063800,5.002871,0.990831,0.42146,5.00
0.063810,5.002828,0.991084,0.42113,5.00
0.063820,5.002789,0.991056,0.42094,5.00
0.063830,5.002744,0.990886,0.42085,5.00
0.063840,5.002690,0.990653,0.42082,5.00
0.063850,5.002332,0.990403,0.42081,5.00
0.063860,5.000823,0.991411,0.42229,5.00
0.063870,4.999412,0.993740,0.42300,5.00
0.063880,4.998139,0.996699,0.42326,5.00
0.063890,4.997018,0.999888,0.42328,5.00
0.063900,4.996307,1.003080,0.42316,5.00
0.063910,4.996728,1.005073,0.42170,5.00
0.063920,4.997198,1.005757,0.42088,5.00
0.063930,4.997672,1.005704,0.42044,5.00
0.063940,4.998128,1.005248,0.42022,5.00
0.063950,4.998447,1.004587,0.42013,5.00
0.063960,4.998314,1.004289,0.42065,5.00
0.063970,4.998182,1.004436,0.42092,5.00
0.063980,4.998065,1.004814,0.42106,5.00
0.063990,4.997970,1.005296,0.42111,5.00
0.064000,4.997937,1.005812,0.42111,5.00
0.064010,4.998081,1.006153,0.42090,5.00
0.064020,4.998233,1.006292,0.42078,5.00
0.064030,4.998387,1.006311,0.42071,5.00
0.064040,4.998537,1.006259,0.42068,5.00
0.064050,4.998754,1.006166,0.42066,5.00
0.064060,4.999237,1.005750,0.42030,5.00
0.064070,4.999687,1.005009,0.42014,5.00
0.064080,5.000095,1.004118,0.42008,5.00
0.064090,5.000457,1.003176,0.42009,5.00
0.064100,5.000679,1.002240,0.42013,5.00
0.064110,5.000492,1.001743,0.42067,5.00
0.064120,5.000298,1.001716,0.42095,5.00
0.064130,5.000111,1.001943,0.42110,5.00
0.064140,4.999941,1.002299,0.42116,5.00
0.064150,4.999823,1.002710,0.42118,5.00
0.064160,4.999856,1.002993,0.42100,5.00
0.064170,4.999897,1.003118,0.42090,5.00
0.064180,4.999940,1.003153,0.42085,5.00
0.064190,4.999983,1.003136,0.42082,5.00
0.064200,5.000029,1.003091,0.42080,5.00
0.064210,5.000091,1.003012,0.42077,5.00
0.064220,5.000148,1.002904,0.42076,5.00
0.064230,5.000200,1.002784,0.42076,5.00
0.064240,5.000245,1.002662,0.42076,5.00
0.064250,5.000086,1.002543,0.42077,5.00
0.064260,4.999152,1.003273,0.42178,5.00
0.064270,4.998285,1.004889,0.42226,5.00
0.064280,4.997513,1.006919,0.42243,5.00
0.064290,4.996843,1.009093,0.42244,5.00
0.064300,4.996304,1.011258,0.42236,5.00
0.064310,4.995963,1.013222,0.42210,5.00
0.064320,4.995707,1.014938,0.42190,5.00
0.064330,4.995526,1.016446,0.42172,5.00
0.064340,4.995409,1.017775,0.42158,5.00
0.064350,4.995418,1.018945,0.42145,5.00
0.064360,4.995739,1.019684,0.42100,5.00
0.064370,4.996078,1.019994,0.42074,5.00
0.064380,4.996421,1.020049,0.42060,5.00
0.064390,4.996758,1.019951,0.42052,5.00
0.064400,4.996993,1.019762,0.42049,5.00
0.064410,4.996854,1.019915,0.42095,5.00
0.064420,4.996735,1.020449,0.42117,5.00
0.064430,4.996647,1.021156,0.42126,5.00
0.064440,4.996593,1.021919,0.42128,5.00
0.064450,4.996904,1.022672,0.42126,5.00
0.064460,4.998530,1.021974,0.41955,5.00
0.064470,5.000065,1.019751,0.41872,5.00
0.064480,5.001462,1.016782,0.41839,5.00
0.064490,5.002703,1.013514,0.41834,5.00
0.064500,5.003682,1.010206,0.41844,5.00
0.064510,5.004110,1.007432,0.41914,5.00
0.064520,5.004425,1.005285,0.41959,5.00
0.064530,5.004653,1.003562,0.41991,5.00
0.064540,5.004810,1.002138,0.42014,5.00
0.064550,5.004804,1.000936,0.42031,5.00
0.064560,5.004351,1.000343,0.42096,5.00
0.064570,5.003893,1.000346,0.42131,5.00
0.064580,5.003448,1.000677,0.42148,5.00
0.064590,5.003028,1.001183,0.42156,5.00
0.064600,5.002774,1.001771,0.42157,5.00
0.064610,5.003079,1.001809,0.42087,5.00
0.064620,5.003366,1.001243,0.42051,5.00
0.064630,5.003615,1.000380,0.42036,5.00
0.064640,5.003820,0.999396,0.42031,5.00
0.064650,5.004126,0.998392,0.42033,5.00
0.064660,5.004964,0.996789,0.41962,5.00
0.064670,5.005704,0.994590,0.41933,5.00
0.064680,5.006330,0.992165,0.41927,5.00
0.064690,5.006840,0.989720,0.41934,5.00
0.064700,5.007032,0.987371,0.41947,5.00
0.064710,5.006326,0.986047,0.42066,5.00
0.064720,5.005597,0.985811,0.42131,5.00
0.064730,5.004883,0.986187,0.42165,5.00
0.064740,5.004202,0.986895,0.42180,5.00
0.064750,5.003480,0.987770,0.42185,5.00
0.064760,5.002480,0.989073,0.42227,5.00
0.064770,5.001560,0.990763,0.42242,5.00
0.064780,5.000729,0.992609,0.42243,5.00
0.064790,4.999991,0.994477,0.42237,5.00
0.064800,4.999494,0.996294,0.42226,5.00
0.064810,4.999671,0.997374,0.42137,5.00
0.064820,4.999873,0.997670,0.42088,5.00
0.064830,5.000074,0.997536,0.42062,5.00
0.064840,5.000260,0.997176,0.42049,5.00
0.064850,5.000421,0.996710,0.42045,5.00
0.064860,5.000538,0.996228,0.42046,5.00
0.064870,5.000633,0.995768,0.42049,5.00
0.064880,5.000707,0.995341,0.42053,5.00
0.064890,5.000762,0.994950,0.42056,5.00
0.064900,5.000669,0.994597,0.42060,5.00
0.064910,5.000056,0.994834,0.42128,5.00
0.064920,4.999478,0.995685,0.42162,5.00
0.064930,4.998952,0.996836,0.42176,5.00
0.064940,4.998486,0.998107,0.42178,5.00
0.064950,4.998122,0.999396,0.42174,5.00
0.064960,4.997970,1.000480,0.42148,5.00
0.064970,4.997862,1.001322,0.42130,5.00
0.064980,4.997787,1.001999,0.42118,5.00
0.064990,4.997741,1.002560,0.42109,5.00
0.065000,4.997898,1.003032,0.42102,5.00
0.065010,4.998770,1.002673,0.42007,5.00
0.065020,4.999592,1.001463,0.41960,5.00
0.065030,5.000340,0.999837,0.41942,5.00
0.065040,5.001002,0.998047,0.41939,5.00
0.065050,5.001533,0.996235,0.41944,5.00
0.065060,5.001813,0.994664,0.41976,5.00
0.065070,5.002026,0.993382,0.41998,5.00
0.065080,5.002186,0.992310,0.42015,5.00
0.065090,5.002300,0.991395,0.42027,5.00
0.065100,5.002536,0.990606,0.42037,5.00
0.065110,5.003363,0.989235,0.41964,5.00
0.065120,5.004102,0.987240,0.41933,5.00
0.065130,5.004737,0.984992,0.41925,5.00
0.065140,5.005262,0.982703,0.41930,5.00
0.065150,5.005362,0.980490,0.41942,5.00
0.065160,5.004129,0.979766,0.42117,5.00
0.065170,5.002920,0.980617,0.42208,5.00
0.065180,5.001786,0.982297,0.42250,5.00
0.065190,5.000750,0.984373,0.42265,5.00
0.065200,4.999830,0.986594,0.42264,5.00
0.065210,4.999050,0.988784,0.42251,5.00
0.065220,4.998373,0.990862,0.42236,5.00
0.065230,4.997794,0.992804,0.42220,5.00
0.065240,4.997303,0.994602,0.42204,5.00
0.065250,4.996821,0.996253,0.42189,5.00
0.065260,4.996129,0.998073,0.42212,5.00
0.065270,4.995532,1.000080,0.42216,5.00
0.065280,4.995032,1.002107,0.42211,5.00
0.065290,4.994626,1.004061,0.42200,5.00
0.065300,4.994436,1.005893,0.42187,5.00
0.065310,4.994819,1.007043,0.42109,5.00
0.065320,4.995229,1.007479,0.42066,5.00
0.065330,4.995644,1.007504,0.42042,5.00
0.065340,4.996049,1.007293,0.42030,5.00
0.065350,4.996330,1.006954,0.42025,5.00
0.065360,4.996179,1.006999,0.42077,5.00
0.065370,4.996044,1.007483,0.42103,5.00
0.065380,4.995939,1.008176,0.42115,5.00
0.065390,4.995868,1.008946,0.42118,5.00
0.065400,4.996054,1.009718,0.42116,5.00
0.065410,4.997129,1.009514,0.42001,5.00
0.065420,4.998154,1.008276,0.41944,5.00
0.065430,4.999098,1.006518,0.41920,5.00
0.065440,4.999948,1.004538,0.41915,5.00
0.065450,5.000651,1.002509,0.41921,5.00
0.065460,5.001076,1.000723,0.41955,5.00
0.065470,5.001425,0.999241,0.41979,5.00
0.065480,5.001710,0.997978,0.41997,5.00
0.065490,5.001940,0.996882,0.42011,5.00
0.065500,5.002350,0.995921,0.42023,5.00
0.065510,5.003599,0.994103,0.41918,5.00
0.065520,5.004728,0.991375,0.41872,5.00
0.065530,5.005711,0.988265,0.41860,5.00
0.065540,5.006541,0.985076,0.41866,5.00
0.065550,5.006838,0.981976,0.41882,5.00
0.065560,5.005505,0.980685,0.42096,5.00
0.065570,5.004182,0.981313,0.42208,5.00
0.065580,5.002930,0.982967,0.42262,5.00
0.065590,5.001780,0.985125,0.42283,5.00
0.065600,5.000762,0.987485,0.42285,5.00
0.065610,4.999932,0.989796,0.42267,5.00
0.065620,4.999211,0.991959,0.42249,5.00
0.065630,4.998590,0.993966,0.42232,5.00
0.065640,4.998061,0.995814,0.42215,5.00
0.065650,4.997645,0.997508,0.42199,5.00
0.065660,4.997419,0.998930,0.42170,5.00
0.065670,4.997252,1.000082,0.42149,5.00
0.065680,4.997134,1.001041,0.42135,5.00
0.065690,4.997055,1.001855,0.42123,5.00
0.065700,4.997013,1.002554,0.42114,5.00
0.065710,4.997008,1.003151,0.42106,5.00
0.065720,4.997028,1.003660,0.42100,5.00
0.065730,4.997068,1.004095,0.42094,5.00
0.065740,4.997126,1.004466,0.42090,5.00
0.065750,4.997316,1.004782,0.42086,5.00
0.065760,4.997972,1.004552,0.42024,5.00
0.065770,4.998595,1.003761,0.41994,5.00
0.065780,4.999168,1.002690,0.41982,5.00
0.065790,4.999684,1.001504,0.41980,5.00
0.065800,5.000234,1.000297,0.41984,5.00
0.065810,5.001087,0.998725,0.41944,5.00
0.065820,5.001851,0.996799,0.41930,5.00
0.065830,5.002517,0.994756,0.41930,5.00
0.065840,5.003084,0.992729,0.41939,5.00
0.065850,5.003380,0.990791,0.41951,5.00
0.065860,5.002899,0.989732,0.42054,5.00
0.065870,5.002401,0.989602,0.42110,5.00
0.065880,5.001918,0.989984,0.42139,5.00
0.065890,5.001464,0.990633,0.42152,5.00
0.065900,5.001227,0.991410,0.42156,5.00
0.065910,5.001726,0.991467,0.42065,5.00
0.065920,5.002199,0.990728,0.42018,5.00
0.065930,5.002623,0.989593,0.41998,5.00
0.065940,5.002987,0.988293,0.41992,5.00
0.065950,5.003195,0.986959,0.41994,5.00
0.065960,5.002983,0.986057,0.42047,5.00
0.065970,5.002746,0.985641,0.42078,5.00
0.065980,5.002501,0.985511,0.42095,5.00
0.065990,5.002257,0.985548,0.42104,5.00
0.066000,5.001859,0.985682,0.42108,5.00
0.066010,5.000849,0.986553,0.42191,5.00
0.066020,4.999909,0.988165,0.42229,5.00
0.066030,4.999061,0.990120,0.42242,5.00
0.066040,4.998313,0.992190,0.42240,5.00
0.066050,4.997773,0.994247,0.42232,5.00
0.066060,4.997749,0.995759,0.42165,5.00
0.066070,4.997776,0.996672,0.42125,5.00
0.066080,4.997834,0.997223,0.42101,5.00
0.066090,4.997911,0.997557,0.42087,5.00
0.066100,4.997929,0.997756,0.42079,5.00
0.066110,4.997686,0.998163,0.42108,5.00
0.066120,4.997472,0.998820,0.42122,5.00
0.066130,4.997293,0.999582,0.42126,5.00
0.066140,4.997150,1.000367,0.42125,5.00
0.066150,4.997078,1.001130,0.42121,5.00
0.066160,4.997170,1.001702,0.42100,5.00
0.066170,4.997281,1.002067,0.42087,5.00
0.066180,4.997404,1.002301,0.42079,5.00
0.066190,4.997534,1.002447,0.42074,5.00
0.066200,4.997426,1.002535,0.42070,5.00
0.066210,4.996384,1.003607,0.42190,5.00
0.066220,4.995432,1.005716,0.42246,5.00
0.066230,4.994598,1.008296,0.42266,5.00
0.066240,4.993893,1.011023,0.42266,5.00
0.066250,4.993614,1.013714,0.42255,5.00
0.066260,4.994608,1.015011,0.42089,5.00
0.066270,4.995609,1.014812,0.42001,5.00
0.066280,4.996568,1.013798,0.41957,5.00
0.066290,4.997459,1.012371,0.41939,5.00
0.066300,4.998184,1.010762,0.41935,5.00
0.066310,4.998484,1.009481,0.41984,5.00
0.066320,4.998735,1.008618,0.42014,5.00
0.066330,4.998952,1.008007,0.42033,5.00
0.066340,4.999144,1.007546,0.42044,5.00
0.066350,4.999512,1.007179,0.42052,5.00
0.066360,5.000620,1.006040,0.41959,5.00
0.066370,5.001643,1.004075,0.41916,5.00
0.066380,5.002555,1.001736,0.41903,5.00
0.066390,5.003350,0.999284,0.41905,5.00
0.066400,5.003878,0.996865,0.41916,5.00
0.066410,5.003717,0.995191,0.42006,5.00
0.066420,5.003505,0.994330,0.42058,5.00
0.066430,5.003269,0.993944,0.42088,5.00
0.066440,5.003026,0.993837,0.42104,5.00
0.066450,5.002893,0.993891,0.42113,5.00
0.066460,5.003182,0.993582,0.42063,5.00
0.066470,5.003441,0.992850,0.42039,5.00
0.066480,5.003659,0.991924,0.42030,5.00
0.066490,5.003831,0.990938,0.42029,5.00
0.066500,5.003753,0.989963,0.42032,5.00
0.066510,5.002839,0.989909,0.42141,5.00
0.066520,5.001959,0.990831,0.42196,5.00
0.066530,5.001144,0.992252,0.42219,5.00
0.066540,5.000407,0.993896,0.42226,5.00
0.066550,4.999863,0.995602,0.42223,5.00
0.066560,4.999824,0.996819,0.42159,5.00
0.066570,4.999824,0.997477,0.42122,5.00
0.066580,4.999845,0.997810,0.42101,5.00
0.066590,4.999875,0.997957,0.42089,5.00
0.066600,5.000041,0.997998,0.42083,5.00
0.066610,5.000725,0.997414,0.42012,5.00
0.066620,5.001357,0.996208,0.41979,5.00
0.066630,5.001920,0.994714,0.41967,5.00
0.066640,5.002408,0.993123,0.41967,5.00
0.066650,5.002692,0.991544,0.41973,5.00
0.066660,5.002414,0.990571,0.42046,5.00
0.066670,5.002113,0.990258,0.42087,5.00
0.066680,5.001812,0.990317,0.42108,5.00
0.066690,5.001522,0.990582,0.42119,5.00
0.066700,5.001214,0.990952,0.42123,5.00
0.066710,5.000785,0.991526,0.42143,5.00
0.066720,5.000391,0.992277,0.42150,5.00
0.066730,5.000036,0.993099,0.42151,5.00
0.066740,4.999723,0.993931,0.42148,5.00
0.066750,4.999395,0.994739,0.42143,5.00
0.066760,4.998896,0.995736,0.42165,5.00
0.066770,4.998452,0.996921,0.42172,5.00
0.066780,4.998067,0.998163,0.42171,5.00
0.066790,4.997742,0.999387,0.42165,5.00
0.066800,4.997588,1.000552,0.42157,5.00
0.066810,4.997931,1.001151,0.42091,5.00
0.066820,4.998281,1.001155,0.42056,5.00
0.066830,4.998618,1.000834,0.42038,5.00
0.066840,4.998933,1.000345,0.42030,5.00
0.066850,4.999096,0.999781,0.42028,5.00
0.066860,4.998747,0.999722,0.42092,5.00
0.066870,4.998415,1.000222,0.42125,5.00
0.066880,4.998117,1.001001,0.42139,5.00
0.066890,4.997860,1.001898,0.42143,5.00
0.066900,4.997965,1.002819,0.42142,5.00
0.066910,4.999342,1.002367,0.41977,5.00
0.066920,5.000643,1.000459,0.41897,5.00
0.066930,5.001824,0.997835,0.41863,5.00
0.066940,5.002867,0.994923,0.41857,5.00
0.066950,5.003162,0.991967,0.41866,5.00
0.066960,5.000971,0.991673,0.42186,5.00
0.066970,4.998869,0.994221,0.42349,5.00
0.066980,4.996946,0.998207,0.42421,5.00
0.066990,4.995239,1.002818,0.42441,5.00
0.067000,4.994155,1.007591,0.42433,5.00
0.067010,4.994821,1.010594,0.42212,5.00
0.067020,4.995560,1.011618,0.42089,5.00
0.067030,4.996306,1.011527,0.42023,5.00
0.067040,4.997022,1.010827,0.41990,5.00
0.067050,4.997736,1.009813,0.41976,5.00
0.067060,4.998565,1.008471,0.41951,5.00
0.067070,4.999319,1.006891,0.41944,5.00
0.067080,4.999991,1.005235,0.41946,5.00
0.067090,5.000583,1.003596,0.41954,5.00
0.067100,5.001100,1.002023,0.41964,5.00
0.067110,5.001556,1.000531,0.41974,5.00
0.067120,5.001942,0.999130,0.41985,5.00
0.067130,5.002264,0.997833,0.41996,5.00
0.067140,5.002528,0.996642,0.42007,5.00
0.067150,5.002506,0.995557,0.42017,5.00
0.067160,5.001538,0.995558,0.42143,5.00
0.067170,5.000612,0.996682,0.42207,5.00
0.067180,4.999763,0.998371,0.42234,5.00
0.067190,4.999005,1.000305,0.42241,5.00
0.067200,4.998489,1.002299,0.42237,5.00
0.067210,4.998635,1.003628,0.42154,5.00
0.067220,4.998817,1.004214,0.42106,5.00
0.067230,4.999012,1.004372,0.42080,5.00
0.067240,4.999206,1.004292,0.42066,5.00
0.067250,4.999718,1.004083,0.42059,5.00
0.067260,5.001491,1.002414,0.41891,5.00
0.067270,5.003128,0.999263,0.41813,5.00
0.067280,5.004586,0.995433,0.41787,5.00
0.067290,5.005851,0.991385,0.41788,5.00
0.067300,5.006567,0.987378,0.41805,5.00
0.067310,5.005718,0.985065,0.42009,5.00
0.067320,5.004826,0.984580,0.42120,5.00
0.067330,5.003949,0.985110,0.42179,5.00
0.067340,5.003121,0.986181,0.42206,5.00
0.067350,5.002726,0.987516,0.42215,5.00
0.067360,5.003837,0.987379,0.42028,5.00
0.067370,5.004883,0.985616,0.41934,5.00
0.067380,5.005815,0.983053,0.41894,5.00
0.067390,5.006613,0.980167,0.41884,5.00
0.067400,5.006924,0.977230,0.41891,5.00
0.067410,5.005750,0.975868,0.42081,5.00
0.067420,5.004576,0.976221,0.42182,5.00
0.067430,5.003456,0.977502,0.42231,5.00
0.067440,5.002418,0.979249,0.42251,5.00
0.067450,5.001523,0.981196,0.42254,5.00
0.067460,5.000918,0.982980,0.42224,5.00
0.067470,5.000391,0.984506,0.42201,5.00
0.067480,4.999933,0.985843,0.42184,5.00
0.067490,4.999535,0.987033,0.42170,5.00
0.067500,4.998901,0.988105,0.42158,5.00
0.067510,4.997186,0.990313,0.42294,5.00
0.067520,4.995622,0.993721,0.42355,5.00
0.067530,4.994242,0.997645,0.42371,5.00
0.067540,4.993058,1.001696,0.42364,5.00
0.067550,4.992386,1.005653,0.42345,5.00
0.067560,4.993144,1.008035,0.42157,5.00
0.067570,4.993953,1.008726,0.42053,5.00
0.067580,4.994758,1.008465,0.41998,5.00
0.067590,4.995529,1.007687,0.41972,5.00
0.067600,4.996351,1.006645,0.41962,5.00
0.067610,4.997512,1.005054,0.41909,5.00
0.067620,4.998576,1.002981,0.41889,5.00
0.067630,4.999531,1.000718,0.41887,5.00
0.067640,5.000373,0.998431,0.41895,5.00
0.067650,5.000764,0.996212,0.41909,5.00
0.067660,4.999727,0.995565,0.42096,5.00
0.067670,4.998718,0.996573,0.42193,5.00
0.067680,4.997789,0.998434,0.42238,5.00
0.067690,4.996965,1.000682,0.42253,5.00
0.067700,4.996245,1.003051,0.42252,5.00
0.067710,4.995604,1.005428,0.42247,5.00
0.067720,4.995075,1.007735,0.42234,5.00
0.067730,4.994652,1.009906,0.42219,5.00
0.067740,4.994326,1.011913,0.42203,5.00
0.067750,4.994289,1.013743,0.42187,5.00
0.067760,4.995107,1.014546,0.42070,5.00
0.067770,4.995922,1.014293,0.42009,5.00
0.067780,4.996702,1.013466,0.41979,5.00
0.067790,4.997429,1.012347,0.41967,5.00
0.067800,4.998151,1.011102,0.41965,5.00
0.067810,4.999029,1.009583,0.41941,5.00
0.067820,4.999824,1.007836,0.41935,5.00
0.067830,5.000530,1.006024,0.41938,5.00
0.067840,5.001149,1.004241,0.41947,5.00
0.067850,5.001679,1.002537,0.41959,5.00
0.067860,5.002113,1.000956,0.41974,5.00
0.067870,5.002475,0.999512,0.41987,5.00
0.067880,5.002772,0.998196,0.42000,5.00
0.067890,5.003011,0.997003,0.42011,5.00
0.067900,5.003136,0.995925,0.42022,5.00
0.067910,5.002978,0.995211,0.42062,5.00
0.067920,5.002800,0.994866,0.42085,5.00
0.067930,5.002615,0.994738,0.42098,5.00
0.067940,5.002429,0.994739,0.42105,5.00
0.067950,5.001938,0.994814,0.42108,5.00
0.067960,5.000255,0.996246,0.42265,5.00
0.067970,4.998693,0.999070,0.42339,5.00
0.067980,4.997294,1.002540,0.42365,5.00
0.067990,4.996071,1.006227,0.42364,5.00
0.068000,4.995384,1.009890,0.42349,5.00
0.068010,4.996258,1.011871,0.42146,5.00
0.068020,4.997161,1.012039,0.42036,5.00
0.068030,4.998034,1.011216,0.41980,5.00
0.068040,4.998846,1.009880,0.41955,5.00
0.068050,4.999420,1.008310,0.41947,5.00
0.068060,4.999276,1.007365,0.42033,5.00
0.068070,4.999114,1.007163,0.42079,5.00
0.068080,4.998955,1.007364,0.42104,5.00
0.068090,4.998813,1.007771,0.42115,5.00
0.068100,4.998831,1.008270,0.42119,5.00
0.068110,4.999409,1.008208,0.42050,5.00
0.068120,4.999960,1.007525,0.42015,5.00
0.068130,5.000466,1.006530,0.42000,5.00
0.068140,5.000919,1.005401,0.41996,5.00
0.068150,5.001229,1.004240,0.41999,5.00
0.068160,5.001150,1.003471,0.42048,5.00
0.068170,5.001050,1.003139,0.42076,5.00
0.068180,5.000943,1.003055,0.42091,5.00
0.068190,5.000837,1.003110,0.42099,5.00
0.068200,5.000515,1.003237,0.42103,5.00
0.068210,4.999340,1.004344,0.42216,5.00
0.068220,4.998255,1.006447,0.42269,5.00
0.068230,4.997290,1.009006,0.42287,5.00
0.068240,4.996454,1.011711,0.42286,5.00
0.068250,4.996022,1.014387,0.42275,5.00
0.068260,4.996780,1.015772,0.42120,5.00
0.068270,4.997553,1.015769,0.42036,5.00
0.068280,4.998297,1.015008,0.41994,5.00
0.068290,4.998988,1.013859,0.41976,5.00
0.068300,4.999415,1.012537,0.41971,5.00
0.068310,4.998998,1.012015,0.42075,5.00
0.068320,4.998588,1.012399,0.42129,5.00
0.068330,4.998214,1.013251,0.42155,5.00
0.068340,4.997887,1.014317,0.42165,5.00
0.068350,4.997795,1.015453,0.42165,5.00
0.068360,4.998456,1.015810,0.42070,5.00
0.068370,4.999102,1.015312,0.42021,5.00
0.068380,4.999707,1.014365,0.41998,5.00
0.068390,5.000257,1.013207,0.41990,5.00
0.068400,5.000803,1.011973,0.41990,5.00
0.068410,5.001508,1.010502,0.41967,5.00
0.068420,5.002134,1.008825,0.41961,5.00
0.068430,5.002676,1.007101,0.41965,5.00
0.068440,5.003137,1.005416,0.41973,5.00
0.068450,5.003578,1.003820,0.41984,5.00
0.068460,5.004174,1.002084,0.41966,5.00
0.068470,5.004682,1.000209,0.41964,5.00
0.068480,5.005100,0.998337,0.41971,5.00
0.068490,5.005431,0.996545,0.41981,5.00
0.068500,5.005415,0.994874,0.41994,5.00
0.068510,5.004292,0.994474,0.42141,5.00
0.068520,5.003199,0.995399,0.42216,5.00
0.068530,5.002179,0.997013,0.42251,5.00
0.068540,5.001251,0.998947,0.42262,5.00
0.068550,5.000588,1.000988,0.42259,5.00
0.068560,5.000668,1.002311,0.42166,5.00
0.068570,5.000784,1.002819,0.42114,5.00
0.068580,5.000908,1.002874,0.42086,5.00
0.068590,5.001027,1.002683,0.42072,5.00
0.068600,5.000946,1.002370,0.42065,5.00
0.068610,5.000130,1.002794,0.42157,5.00
0.068620,4.999364,1.004027,0.42201,5.00
0.068630,4.998672,1.005651,0.42218,5.00
0.068640,4.998065,1.007424,0.42221,5.00
0.068650,4.997831,1.009209,0.42215,5.00
0.068660,4.998789,1.009714,0.42061,5.00
0.068670,4.999721,1.008850,0.41981,5.00
0.068680,5.000585,1.007278,0.41944,5.00
0.068690,5.001359,1.005380,0.41932,5.00
0.068700,5.002037,1.003377,0.41933,5.00
0.068710,5.002614,1.001398,0.41942,5.00
0.068720,5.003099,0.999509,0.41955,5.00
0.068730,5.003497,0.997745,0.41969,5.00
0.068740,5.003816,0.996120,0.41983,5.00
0.068750,5.003903,0.994638,0.41996,5.00
0.068760,5.003310,0.993972,0.42089,5.00
0.068770,5.002716,0.994144,0.42138,5.00
0.068780,5.002149,0.994769,0.42162,5.00
0.068790,5.001623,0.995624,0.42172,5.00
0.068800,5.001195,0.996578,0.42173,5.00
0.068810,5.001021,0.997331,0.42144,5.00
0.068820,5.000874,0.997833,0.42126,5.00
0.068830,5.000748,0.998184,0.42115,5.00
0.068840,5.000635,0.998445,0.42108,5.00
0.068850,5.000694,0.998651,0.42103,5.00
0.068860,5.001381,0.998145,0.42020,5.00
0.068870,5.002017,0.996909,0.41980,5.00
0.068880,5.002581,0.995331,0.41964,5.00
0.068890,5.003065,0.993633,0.41963,5.00
0.068900,5.003307,0.991940,0.41969,5.00
0.068910,5.002850,0.991001,0.42060,5.00
0.068920,5.002379,0.990880,0.42109,5.00
0.068930,5.001920,0.991211,0.42134,5.00
0.068940,5.001487,0.991782,0.42146,5.00
0.068950,5.001171,0.992468,0.42149,5.00
0.068960,5.001214,0.992842,0.42106,5.00
0.068970,5.001263,0.992849,0.42083,5.00
0.068980,5.001306,0.992664,0.42072,5.00
0.068990,5.001337,0.992387,0.42067,5.00
0.069000,5.001340,0.992077,0.42065,5.00
0.069010,5.001271,0.991827,0.42073,5.00
0.069020,5.001195,0.991659,0.42078,5.00
0.069030,5.001113,0.991546,0.42081,5.00
0.069040,5.001028,0.991472,0.42083,5.00
0.069050,5.000807,0.991427,0.42085,5.00
0.069060,5.000066,0.991974,0.42153,5.00
0.069070,4.999374,0.993132,0.42186,5.00
0.069080,4.998750,0.994578,0.42197,5.00
0.069090,4.998200,0.996128,0.42198,5.00
0.069100,4.997824,0.997676,0.42192,5.00
0.069110,4.997902,0.998746,0.42133,5.00
0.069120,4.998012,0.999292,0.42099,5.00
0.069130,4.998137,0.999531,0.42080,5.00
0.069140,4.998267,0.999594,0.42070,5.00
0.069150,4.998466,0.999556,0.42064,5.00
0.069160,4.998935,0.999161,0.42026,5.00
0.069170,4.999372,0.998424,0.42008,5.00
0.069180,4.999767,0.997528,0.42002,5.00
0.069190,5.000116,0.996578,0.42003,5.00
0.069200,5.000386,0.995636,0.42007,5.00
0.069210,5.000485,0.994871,0.42029,5.00
0.069220,5.000554,0.994307,0.42044,5.00
0.069230,5.000601,0.993875,0.42053,5.00
0.069240,5.000630,0.993532,0.42060,5.00
0.069250,5.000651,0.993252,0.42064,5.00
0.069260,5.000683,0.992995,0.42065,5.00
0.069270,5.000704,0.992750,0.42066,5.00
0.069280,5.000714,0.992524,0.42068,5.00
0.069290,5.000713,0.992319,0.42070,5.00
0.069300,5.000627,0.992137,0.42072,5.00
0.069310,5.000231,0.992307,0.42112,5.00
0.069320,4.999858,0.992843,0.42132,5.00
0.069330,4.999517,0.993558,0.42140,5.00
0.069340,4.999215,0.994345,0.42141,5.00
0.069350,4.998901,0.995142,0.42139,5.00
0.069360,4.998432,0.996128,0.42160,5.00
0.069370,4.998017,0.997292,0.42166,5.00
0.069380,4.997660,0.998507,0.42165,5.00
0.069390,4.997361,0.999702,0.42160,5.00
0.069400,4.997144,1.000837,0.42152,5.00
0.069410,4.997081,1.001780,0.42131,5.00
0.069420,4.997055,1.002519,0.42116,5.00
0.069430,4.997059,1.003114,0.42106,5.00
0.069440,4.997087,1.003602,0.42098,5.00
0.069450,4.997117,1.004009,0.42093,5.00
0.069460,4.997095,1.004424,0.42097,5.00
0.069470,4.997093,1.004861,0.42097,5.00
0.069480,4.997111,1.005286,0.42096,5.00
0.069490,4.997147,1.005682,0.42094,5.00
0.069500,4.997315,1.006040,0.42091,5.00
0.069510,4.997945,1.005867,0.42030,5.00
0.069520,4.998544,1.005141,0.42000,5.00
0.069530,4.999098,1.004139,0.41988,5.00
0.069540,4.999597,1.003021,0.41986,5.00
0.069550,4.999984,1.001878,0.41989,5.00
0.069560,5.000099,1.000999,0.42023,5.00
0.069570,5.000181,1.000423,0.42044,5.00
0.069580,5.000242,1.000031,0.42057,5.00
0.069590,5.000288,0.999751,0.42065,5.00
0.069600,5.000257,0.999543,0.42070,5.00
0.069610,4.999961,0.999661,0.42107,5.00
0.069620,4.999683,1.000102,0.42125,5.00
0.069630,4.999432,1.000701,0.42132,5.00
0.069640,4.999213,1.001362,0.42133,5.00
0.069650,4.999048,1.002029,0.42131,5.00
0.069660,4.999000,1.002580,0.42117,5.00
0.069670,4.998974,1.002994,0.42107,5.00
0.069680,4.998964,1.003316,0.42100,5.00
0.069690,4.998966,1.003574,0.42096,5.00
0.069700,4.999208,1.003784,0.42093,5.00
0.069710,5.000345,1.002985,0.41975,5.00
0.069720,5.001405,1.001145,0.41919,5.00
0.069730,5.002358,0.998811,0.41898,5.00
0.069740,5.003190,0.996299,0.41896,5.00
0.069750,5.003856,0.993789,0.41906,5.00
0.069760,5.004233,0.991568,0.41943,5.00
0.069770,5.004515,0.989693,0.41970,5.00
0.069780,5.004718,0.988085,0.41991,5.00
0.069790,5.004852,0.986691,0.42008,5.00
0.069800,5.004773,0.985475,0.42022,5.00
0.069810,5.004050,0.985063,0.42111,5.00
0.069820,5.003338,0.985464,0.42158,5.00
0.069830,5.002664,0.986299,0.42180,5.00
0.069840,5.002040,0.987347,0.42187,5.00
0.069850,5.001508,0.988479,0.42187,5.00
0.069860,5.001173,0.989471,0.42164,5.00
0.069870,5.000879,0.990273,0.42149,5.00
0.069880,5.000622,0.990949,0.42138,5.00
0.069890,5.000394,0.991536,0.42130,5.00
0.069900,5.000031,0.992057,0.42123,5.00
0.069910,4.999060,0.993219,0.42200,5.00
0.069920,4.998171,0.995058,0.42234,5.00
0.069930,4.997383,0.997193,0.42244,5.00
0.069940,4.996701,0.999407,0.42241,5.00
0.069950,4.996253,1.001576,0.42230,5.00
0.069960,4.996402,1.003091,0.42152,5.00
0.069970,4.996597,1.003896,0.42106,5.00
0.069980,4.996815,1.004281,0.42080,5.00
0.069990,4.997041,1.004417,0.42066,5.00
0.070000,4.997230,1.004407,0.42058,5.00
0.070010,4.997269,1.004469,0.42073,5.00
0.070020,4.997314,1.004645,0.42080,5.00
0.070030,4.997368,1.004870,0.42083,5.00
0.070040,4.997433,1.005106,0.42083,5.00
0.070050,4.997335,1.005331,0.42083,5.00
0.070060,4.996581,1.006265,0.42168,5.00
0.070070,4.995897,1.007933,0.42207,5.00
0.070080,4.995305,1.009927,0.42221,5.00
0.070090,4.994812,1.012010,0.42219,5.00
0.070100,4.994559,1.014054,0.42210,5.00
0.070110,4.994949,1.015383,0.42126,5.00
0.070120,4.995373,1.015939,0.42079,5.00
0.070130,4.995805,1.016044,0.42052,5.00
0.070140,4.996231,1.015888,0.42039,5.00
0.070150,4.996432,1.015584,0.42033,5.00
0.070160,4.995802,1.016089,0.42136,5.00
0.070170,4.995227,1.017480,0.42186,5.00
0.070180,4.994732,1.019282,0.42206,5.00
0.070190,4.994328,1.021225,0.42208,5.00
0.070200,4.994286,1.023157,0.42202,5.00
0.070210,4.995375,1.023848,0.42055,5.00
0.070220,4.996448,1.023210,0.41979,5.00
0.070230,4.997460,1.021865,0.41942,5.00
0.070240,4.998392,1.020176,0.41930,5.00
0.070250,4.999166,1.018352,0.41930,5.00
0.070260,4.999581,1.016808,0.41972,5.00
0.070270,4.999933,1.015623,0.41999,5.00
0.070280,5.000234,1.014669,0.42017,5.00
0.070290,5.000494,1.013870,0.42030,5.00
0.070300,5.000870,1.013181,0.42040,5.00
0.070310,5.001802,1.011929,0.41971,5.00
0.070320,5.002650,1.010072,0.41942,5.00
0.070330,5.003399,1.007957,0.41934,5.00
0.070340,5.004043,1.005785,0.41938,5.00
0.070350,5.004346,1.003666,0.41949,5.00
0.070360,5.003623,1.002678,0.42083,5.00
0.070370,5.002897,1.002891,0.42155,5.00
0.070380,5.002206,1.003750,0.42190,5.00
0.070390,5.001571,1.004929,0.42204,5.00
0.070400,5.001233,1.006243,0.42206,5.00
0.070410,5.001873,1.006583,0.42084,5.00
0.070420,5.002490,1.005848,0.42021,5.00
0.070430,5.003053,1.004566,0.41992,5.00
0.070440,5.003545,1.003040,0.41982,5.00
0.070450,5.004039,1.001444,0.41983,5.00
0.070460,5.004763,0.999543,0.41951,5.00
0.070470,5.005386,0.997375,0.41942,5.00
0.070480,5.005903,0.995153,0.41946,5.00
0.070490,5.006316,0.992997,0.41957,5.00
0.070500,5.006586,0.990969,0.41971,5.00
0.070510,5.006586,0.989295,0.42009,5.00
0.070520,5.006521,0.987996,0.42035,5.00
0.070530,5.006406,0.986964,0.42053,5.00
0.070540,5.006250,0.986129,0.42066,5.00
0.070550,5.005931,0.985450,0.42076,5.00
0.070560,5.005078,0.985453,0.42150,5.00
0.070570,5.004253,0.986142,0.42187,5.00
0.070580,5.003477,0.987189,0.42203,5.00
0.070590,5.002761,0.988404,0.42207,5.00
0.070600,5.002160,0.989676,0.42204,5.00
0.070610,5.001823,0.990722,0.42171,5.00
0.070620,5.001529,0.991496,0.42151,5.00
0.070630,5.001268,0.992104,0.42137,5.00
0.070640,5.001033,0.992605,0.42128,5.00
0.070650,5.000824,0.993037,0.42122,5.00
0.070660,5.000644,0.993411,0.42116,5.00
0.070670,5.000481,0.993738,0.42111,5.00
0.070680,5.000334,0.994032,0.42107,5.00
0.070690,5.000200,0.994301,0.42105,5.00
0.070700,4.999910,0.994550,0.42102,5.00
0.070710,4.998973,0.995503,0.42185,5.00
0.070720,4.998110,0.997192,0.42224,5.00
0.070730,4.997341,0.999215,0.42236,5.00
0.070740,4.996675,1.001340,0.42235,5.00
0.070750,4.996205,1.003438,0.42225,5.00
0.070760,4.996199,1.005035,0.42165,5.00
0.070770,4.996251,1.006079,0.42128,5.00
0.070780,4.996339,1.006779,0.42105,5.00
0.070790,4.996451,1.007259,0.42091,5.00
0.070800,4.996471,1.007594,0.42082,5.00
0.070810,4.996076,1.008298,0.42131,5.00
0.070820,4.995729,1.009417,0.42154,5.00
0.070830,4.995441,1.010709,0.42160,5.00
0.070840,4.995215,1.012036,0.42159,5.00
0.070850,4.995347,1.013321,0.42153,5.00
0.070860,4.996684,1.013266,0.41995,5.00
0.070870,4.997964,1.011800,0.41916,5.00
0.070880,4.999145,1.009620,0.41882,5.00
0.070890,5.000207,1.007127,0.41874,5.00
0.070900,5.001173,1.004555,0.41880,5.00
0.070910,5.002127,1.001910,0.41878,5.00
0.070920,5.002952,0.999258,0.41888,5.00
0.070930,5.003652,0.996704,0.41903,5.00
0.070940,5.004234,0.994302,0.41921,5.00
0.070950,5.004615,0.992079,0.41940,5.00
0.070960,5.004542,0.990433,0.42004,5.00
0.070970,5.004412,0.989379,0.42043,5.00
0.070980,5.004247,0.988694,0.42067,5.00
0.070990,5.004059,0.988245,0.42081,5.00
0.071000,5.003668,0.987951,0.42090,5.00
0.071010,5.002540,0.988562,0.42191,5.00
0.071020,5.001478,0.990081,0.42239,5.00
0.071030,5.000506,0.992040,0.42257,5.00
0.071040,4.999638,0.994171,0.42259,5.00
0.071050,4.999031,0.996318,0.42251,5.00
0.071060,4.999135,0.997732,0.42160,5.00
0.071070,4.999277,0.998339,0.42108,5.00
0.071080,4.999433,0.998489,0.42080,5.00
0.071090,4.999586,0.998387,0.42065,5.00
0.071100,4.999623,0.998152,0.42058,5.00
0.071110,4.999234,0.998308,0.42109,5.00
0.071120,4.998867,0.998913,0.42134,5.00
0.071130,4.998539,0.999737,0.42144,5.00
0.071140,4.998253,1.000646,0.42146,5.00
0.071150,4.998285,1.001565,0.42144,5.00
0.071160,4.999421,1.001289,0.42001,5.00
0.071170,5.000497,0.999748,0.41930,5.00
0.071180,5.001475,0.997581,0.41900,5.00
0.071190,5.002338,0.995159,0.41894,5.00
0.071200,5.002833,0.992692,0.41901,5.00
0.071210,5.002250,0.991352,0.42039,5.00
0.071220,5.001647,0.991246,0.42114,5.00
0.071230,5.001065,0.991814,0.42152,5.00
0.071240,5.000524,0.992729,0.42169,5.00
0.071250,5.000123,0.993802,0.42174,5.00
0.071260,5.000120,0.994547,0.42127,5.00
0.071270,5.000139,0.994887,0.42101,5.00
0.071280,5.000166,0.994997,0.42087,5.00
0.071290,5.000195,0.994983,0.42079,5.00
0.071300,5.000170,0.994903,0.42075,5.00
0.071310,4.999945,0.995007,0.42099,5.00
0.071320,4.999733,0.995323,0.42110,5.00
0.071330,4.999541,0.995743,0.42115,5.00
0.071340,4.999370,0.996205,0.42116,5.00
0.071350,4.999266,0.996671,0.42114,5.00
0.071360,4.999354,0.996938,0.42090,5.00
0.071370,4.999446,0.996985,0.42076,5.00
0.071380,4.999536,0.996913,0.42069,5.00
0.071390,4.999620,0.996779,0.42066,5.00
0.071400,4.999578,0.996616,0.42065,5.00
0.071410,4.999067,0.996947,0.42125,5.00
0.071420,4.998592,0.997804,0.42154,5.00
0.071430,4.998167,0.998912,0.42165,5.00
0.071440,4.997799,1.000111,0.42166,5.00
0.071450,4.997534,1.001311,0.42162,5.00
0.071460,4.997499,1.002273,0.42133,5.00
0.071470,4.997500,1.002964,0.42114,5.00
0.071480,4.997526,1.003477,0.42102,5.00
0.071490,4.997573,1.003869,0.42094,5.00
0.071500,4.997650,1.004176,0.42088,5.00
0.071510,4.997801,1.004352,0.42076,5.00
0.071520,4.997956,1.004407,0.42070,5.00
0.071530,4.998109,1.004389,0.42066,5.00
0.071540,4.998259,1.004327,0.42064,5.00
0.071550,4.998821,1.004239,0.42064,5.00
0.071560,5.000998,1.002358,0.41853,5.00
0.071570,5.003014,0.998619,0.41755,5.00
0.071580,5.004817,0.994018,0.41720,5.00
0.071590,5.006386,0.989129,0.41721,5.00
0.071600,5.007155,0.984276,0.41740,5.00
0.071610,5.005511,0.982032,0.42054,5.00
0.071620,5.003862,0.982590,0.42221,5.00
0.071630,5.002298,0.984648,0.42302,5.00
0.071640,5.000863,0.987450,0.42335,5.00
0.071650,4.999894,0.990557,0.42341,5.00
0.071660,5.000308,0.992374,0.42172,5.00
0.071670,5.000756,0.992704,0.42079,5.00
0.071680,5.001191,0.992225,0.42032,5.00
0.071690,5.001589,0.991332,0.42009,5.00
0.071700,5.001690,0.990252,0.42002,5.00
0.071710,5.000782,0.990165,0.42126,5.00
0.071720,4.999912,0.991185,0.42190,5.00
0.071730,4.999112,0.992768,0.42217,5.00
0.071740,4.998399,0.994596,0.42225,5.00
0.071750,4.998004,0.996489,0.42222,5.00
0.071760,4.998576,0.997384,0.42099,5.00
0.071770,4.999151,0.997185,0.42033,5.00
0.071780,4.999695,0.996404,0.42001,5.00
0.071790,5.000190,0.995335,0.41988,5.00
0.071800,5.000442,0.994152,0.41985,5.00
0.071810,4.999907,0.993748,0.42083,5.00
0.071820,4.999385,0.994211,0.42134,5.00
0.071830,4.998902,0.995124,0.42158,5.00
0.071840,4.998471,0.996245,0.42167,5.00
0.071850,4.998112,0.997435,0.42167,5.00
0.071860,4.997866,0.998554,0.42154,5.00
0.071870,4.997669,0.999557,0.42144,5.00
0.071880,4.997517,1.000456,0.42135,5.00
0.071890,4.997405,1.001261,0.42126,5.00
0.071900,4.997271,1.001980,0.42119,5.00
0.071910,4.996948,1.002861,0.42141,5.00
0.071920,4.996674,1.003919,0.42149,5.00
0.071930,4.996452,1.005027,0.42148,5.00
0.071940,4.996282,1.006111,0.42144,5.00
0.071950,4.996132,1.007135,0.42137,5.00
0.071960,4.995919,1.008198,0.42144,5.00
0.071970,4.995757,1.009297,0.42143,5.00
0.071980,4.995646,1.010364,0.42138,5.00
0.071990,4.995582,1.011363,0.42132,5.00
0.072000,4.995819,1.012277,0.42124,5.00
0.072010,4.997091,1.012006,0.41988,5.00
0.072020,4.998302,1.010506,0.41920,5.00
0.072030,4.999416,1.008390,0.41892,5.00
0.072040,5.000417,1.006013,0.41886,5.00
0.072050,5.000935,1.003579,0.41892,5.00
0.072060,4.999930,1.002744,0.42088,5.00
0.072070,4.998948,1.003634,0.42190,5.00
0.072080,4.998041,1.005417,0.42238,5.00
0.072090,4.997235,1.007612,0.42255,5.00
0.072100,4.996785,1.009940,0.42254,5.00
0.072110,4.997392,1.011211,0.42122,5.00
0.072120,4.998016,1.011295,0.42050,5.00
0.072130,4.998620,1.010729,0.42014,5.00
0.072140,4.999182,1.009827,0.41998,5.00
0.072150,4.999460,1.008771,0.41993,5.00
0.072160,4.998778,1.008660,0.42113,5.00
0.072170,4.998128,1.009595,0.42173,5.00
0.072180,4.997542,1.011052,0.42200,5.00
0.072190,4.997034,1.012729,0.42208,5.00
0.072200,4.997015,1.014456,0.42205,5.00
0.072210,4.998656,1.014406,0.41991,5.00
0.072220,5.000223,1.012456,0.41884,5.00
0.072230,5.001659,1.009550,0.41838,5.00
0.072240,5.002938,1.006233,0.41826,5.00
0.072250,5.003728,1.002817,0.41833,5.00
0.072260,5.003095,1.000857,0.42014,5.00
0.072270,5.002427,1.000505,0.42112,5.00
0.072280,5.001775,1.001035,0.42163,5.00
0.072290,5.001166,1.002026,0.42187,5.00
0.072300,5.000417,1.003232,0.42195,5.00
0.072310,4.998964,1.005350,0.42294,5.00
0.072320,4.997645,1.008336,0.42335,5.00
0.072330,4.996485,1.011675,0.42344,5.00
0.072340,4.995489,1.015075,0.42335,5.00
0.072350,4.994760,1.018373,0.42317,5.00
0.072360,4.994598,1.021028,0.42241,5.00
0.072370,4.994538,1.022978,0.42192,5.00
0.072380,4.994553,1.024462,0.42159,5.00
0.072390,4.994626,1.025623,0.42137,5.00
0.072400,4.994812,1.026552,0.42121,5.00
0.072410,4.995297,1.027015,0.42075,5.00
0.072420,4.995787,1.027038,0.42050,5.00
0.072430,4.996265,1.026806,0.42037,5.00
0.072440,4.996725,1.026432,0.42032,5.00
0.072450,4.997320,1.025979,0.42030,5.00
0.072460,4.998506,1.024813,0.41951,5.00
0.072470,4.999606,1.022929,0.41916,5.00
0.072480,5.000602,1.020719,0.41906,5.00
0.072490,5.001485,1.018409,0.41909,5.00
0.072500,5.002394,1.016125,0.41920,5.00
0.072510,5.003732,1.013351,0.41865,5.00
0.072520,5.004918,1.010098,0.41848,5.00
0.072530,5.005941,1.006712,0.41852,5.00
0.072540,5.006802,1.003386,0.41868,5.00
0.072550,5.007367,1.000227,0.41889,5.00
0.072560,5.007235,0.997892,0.41984,5.00
0.072570,5.007024,0.996431,0.42041,5.00
0.072580,5.006765,0.995509,0.42075,5.00
0.072590,5.006475,0.994928,0.42096,5.00
0.072600,5.006424,0.994567,0.42109,5.00
0.072610,5.007355,0.993267,0.41988,5.00
0.072620,5.008188,0.990937,0.41932,5.00
0.072630,5.008894,0.988158,0.41913,5.00
0.072640,5.009464,0.985259,0.41914,5.00
0.072650,5.009494,0.982425,0.41926,5.00
0.072660,5.007826,0.981475,0.42148,5.00
0.072670,5.006190,0.982529,0.42263,5.00
0.072680,5.004647,0.984644,0.42317,5.00
0.072690,5.003229,0.987270,0.42336,5.00
0.072700,5.002165,0.990090,0.42335,5.00
0.072710,5.002075,0.992007,0.42214,5.00
0.072720,5.002043,0.992882,0.42146,5.00
0.072730,5.002034,0.993172,0.42108,5.00
0.072740,5.002028,0.993145,0.42088,5.00
0.072750,5.002094,0.992955,0.42078,5.00
0.072760,5.002448,0.992364,0.42035,5.00
0.072770,5.002761,0.991410,0.42016,5.00
0.072780,5.003023,0.990304,0.42010,5.00
0.072790,5.003232,0.989166,0.42011,5.00
0.072800,5.003144,0.988062,0.42016,5.00
0.072810,5.002061,0.988064,0.42146,5.00
0.072820,5.001023,0.989233,0.42212,5.00
0.072830,5.000064,0.990994,0.42240,5.00
0.072840,4.999203,0.993015,0.42248,5.00
0.072850,4.998663,0.995106,0.42243,5.00
0.072860,4.999083,0.996219,0.42122,5.00
0.072870,4.999517,0.996256,0.42056,5.00
0.072880,4.999932,0.995714,0.42023,5.00
0.072890,5.000310,0.994881,0.42008,5.00
0.072900,5.000349,0.993924,0.42004,5.00
0.072910,4.999197,0.994193,0.42155,5.00
0.072920,4.998107,0.995790,0.42229,5.00
0.072930,4.997118,0.998045,0.42261,5.00
0.072940,4.996250,1.000569,0.42268,5.00
0.072950,4.995817,1.003140,0.42261,5.00
0.072960,4.996718,1.004306,0.42090,5.00
0.072970,4.997619,1.003948,0.41999,5.00
0.072980,4.998472,1.002777,0.41955,5.00
0.072990,4.999251,1.001205,0.41938,5.00
0.073000,4.999627,0.999473,0.41935,5.00
0.073010,4.998672,0.999081,0.42103,5.00
0.073020,4.997753,1.000161,0.42188,5.00
0.073030,4.996912,1.001991,0.42227,5.00
0.073040,4.996172,1.004153,0.42240,5.00
0.073050,4.995708,1.006408,0.42238,5.00
0.073060,4.995999,1.007912,0.42143,5.00
0.073070,4.996330,1.008561,0.42090,5.00
0.073080,4.996674,1.008718,0.42060,5.00
0.073090,4.997013,1.008594,0.42045,5.00
0.073100,4.997323,1.008316,0.42038,5.00
0.073110,4.997551,1.008028,0.42043,5.00
0.073120,4.997764,1.007775,0.42047,5.00
0.073130,4.997965,1.007543,0.42050,5.00
0.073140,4.998154,1.007326,0.42053,5.00
0.073150,4.998152,1.007118,0.42055,5.00
0.073160,4.997440,1.007683,0.42148,5.00
0.073170,4.996784,1.009053,0.42192,5.00
0.073180,4.996207,1.010799,0.42209,5.00
0.073190,4.995718,1.012673,0.42211,5.00
0.073200,4.995612,1.014538,0.42204,5.00
0.073210,4.996724,1.015076,0.42046,5.00
0.073220,4.997809,1.014196,0.41964,5.00
0.073230,4.998823,1.012575,0.41927,5.00
0.073240,4.999743,1.010609,0.41914,5.00
0.073250,5.000469,1.008522,0.41916,5.00
0.073260,5.000734,1.006840,0.41971,5.00
0.073270,5.000934,1.005649,0.42006,5.00
0.073280,5.001087,1.004766,0.42028,5.00
0.073290,5.001204,1.004082,0.42043,5.00
0.073300,5.001182,1.003531,0.42053,5.00
0.073310,5.000704,1.003549,0.42117,5.00
0.073320,5.000247,1.004130,0.42148,5.00
0.073330,4.999830,1.004994,0.42162,5.00
0.073340,4.999459,1.005978,0.42166,5.00
0.073350,4.999216,1.006989,0.42163,5.00
0.073360,4.999327,1.007641,0.42119,5.00
0.073370,4.999454,1.007891,0.42093,5.00
0.073380,4.999586,1.007913,0.42080,5.00
0.073390,4.999713,1.007810,0.42073,5.00
0.073400,4.999896,1.007640,0.42069,5.00
0.073410,5.000317,1.007168,0.42036,5.00
0.073420,5.000703,1.006403,0.42022,5.00
0.073430,5.001048,1.005508,0.42017,5.00
0.073440,5.001347,1.004577,0.42018,5.00
0.073450,5.001593,1.003661,0.42023,5.00
0.073460,5.001763,1.002827,0.42033,5.00
0.073470,5.001896,1.002090,0.42041,5.00
0.073480,5.001997,1.001437,0.42049,5.00
0.073490,5.002069,1.000856,0.42055,5.00
0.073500,5.002168,1.000340,0.42060,5.00
0.073510,5.002448,0.999661,0.42039,5.00
0.073520,5.002688,0.998804,0.42030,5.00
0.073530,5.002886,0.997889,0.42030,5.00
0.073540,5.003041,0.996983,0.42033,5.00
0.073550,5.003157,0.996122,0.42038,5.00
0.073560,5.003247,0.995312,0.42043,5.00
0.073570,5.003301,0.994561,0.42048,5.00
0.073580,5.003322,0.993877,0.42054,5.00
0.073590,5.003314,0.993264,0.42059,5.00
0.073600,5.003257,0.992720,0.42065,5.00
0.073610,5.003086,0.992343,0.42081,5.00
0.073620,5.002904,0.992132,0.42091,5.00
0.073630,5.002718,0.992029,0.42097,5.00
0.073640,5.002530,0.991995,0.42100,5.00
0.073650,5.002234,0.992008,0.42102,5.00
0.073660,5.001511,0.992525,0.42159,5.00
0.073670,5.000834,0.993556,0.42185,5.00
0.073680,5.000217,0.994830,0.42195,5.00
0.073690,4.999666,0.996194,0.42194,5.00
0.073700,4.999174,0.997558,0.42189,5.00
0.073710,4.998712,0.998910,0.42185,5.00
0.073720,4.998315,1.000226,0.42178,5.00
0.073730,4.997980,1.001473,0.42169,5.00
0.073740,4.997701,1.002635,0.42159,5.00
0.073750,4.997487,1.003704,0.42150,5.00
0.073760,4.997363,1.004632,0.42136,5.00
0.073770,4.997279,1.005419,0.42125,5.00
0.073780,4.997228,1.006097,0.42116,5.00
0.073790,4.997205,1.006683,0.42109,5.00
0.073800,4.997560,1.007193,0.42103,5.00
0.073810,4.999307,1.006134,0.41920,5.00
0.073820,5.000942,1.003452,0.41832,5.00
0.073830,5.002417,0.999993,0.41799,5.00
0.073840,5.003713,0.996245,0.41795,5.00
0.073850,5.004415,0.992484,0.41809,5.00
0.073860,5.003345,0.990612,0.42038,5.00
0.073870,5.002259,0.990782,0.42160,5.00
0.073880,5.001224,0.992052,0.42222,5.00
0.073890,5.000272,0.993876,0.42247,5.00
0.073900,4.999531,0.995935,0.42253,5.00
0.073910,4.999325,0.997574,0.42192,5.00
0.073920,4.999179,0.998670,0.42154,5.00
0.073930,4.999074,0.999435,0.42131,5.00
0.073940,4.999000,0.999992,0.42116,5.00
0.073950,4.999131,1.000416,0.42107,5.00
0.073960,4.999995,0.999968,0.42007,5.00
0.073970,5.000804,0.998642,0.41959,5.00
0.073980,5.001533,0.996892,0.41940,5.00
0.073990,5.002172,0.994982,0.41937,5.00
0.074000,5.002523,0.993060,0.41944,5.00
0.074010,5.002033,0.992032,0.42052,5.00
0.074020,5.001529,0.991975,0.42111,5.00
0.074030,5.001043,0.992448,0.42141,5.00
0.074040,5.000590,0.993195,0.42154,5.00
0.074050,5.000372,0.994067,0.42158,5.00
0.074060,5.000944,0.994159,0.42059,5.00
0.074070,5.001489,0.993389,0.42009,5.00
0.074080,5.001981,0.992188,0.41987,5.00
0.074090,5.002409,0.990804,0.41981,5.00
0.074100,5.002564,0.989379,0.41983,5.00
0.074110,5.001854,0.988865,0.42094,5.00
0.074120,5.001157,0.989340,0.42151,5.00
0.074130,5.000502,0.990337,0.42179,5.00
0.074140,4.999907,0.991583,0.42188,5.00
0.074150,4.999402,0.992921,0.42188,5.00
0.074160,4.999063,0.994152,0.42170,5.00
0.074170,4.998779,0.995220,0.42156,5.00
0.074180,4.998542,0.996162,0.42145,5.00
0.074190,4.998347,0.997001,0.42135,5.00
0.074200,4.998209,0.997751,0.42127,5.00
0.074210,4.998184,0.998337,0.42110,5.00
0.074220,4.998180,0.998763,0.42099,5.00
0.074230,4.998194,0.999084,0.42092,5.00
0.074240,4.998219,0.999333,0.42087,5.00
0.074250,4.998127,0.999532,0.42084,5.00
0.074260,4.997547,1.000234,0.42145,5.00
0.074270,4.997021,1.001470,0.42174,5.00
0.074280,4.996562,1.002944,0.42183,5.00
0.074290,4.996177,1.004484,0.42182,5.00
0.074300,4.996055,1.005996,0.42176,5.00
0.074310,4.996744,1.006615,0.42070,5.00
0.074320,4.997427,1.006282,0.42014,5.00
0.074330,4.998074,1.005441,0.41988,5.00
0.074340,4.998669,1.004350,0.41977,5.00
0.074350,4.999182,1.003160,0.41977,5.00
0.074360,4.999545,1.002055,0.41993,5.00
0.074370,4.999859,1.001088,0.42006,5.00
0.074380,5.000129,1.000229,0.42016,5.00
0.074390,5.000360,0.999459,0.42024,5.00
0.074400,5.000679,0.998764,0.42032,5.00
0.074410,5.001445,0.997613,0.41976,5.00
0.074420,5.002137,0.995976,0.41953,5.00
0.074430,5.002742,0.994141,0.41947,5.00
0.074440,5.003258,0.992272,0.41952,5.00
0.074450,5.003650,0.990461,0.41962,5.00
0.074460,5.003820,0.988906,0.41992,5.00
0.074470,5.003927,0.987638,0.42013,5.00
0.074480,5.003981,0.986582,0.42029,5.00
0.074490,5.003992,0.985688,0.42041,5.00
0.074500,5.004027,0.984927,0.42051,5.00
0.074510,5.004270,0.984013,0.42028,5.00
0.074520,5.004463,0.982922,0.42020,5.00
0.074530,5.004604,0.981788,0.42020,5.00
0.074540,5.004693,0.980686,0.42025,5.00
0.074550,5.004625,0.979655,0.42031,5.00
0.074560,5.004090,0.979177,0.42094,5.00
0.074570,5.003555,0.979277,0.42127,5.00
0.074580,5.003039,0.979699,0.42143,5.00
0.074590,5.002551,0.980290,0.42150,5.00
0.074600,5.002158,0.980962,0.42151,5.00
0.074610,5.002032,0.981407,0.42119,5.00
0.074620,5.001920,0.981585,0.42101,5.00
0.074630,5.001813,0.981620,0.42091,5.00
0.074640,5.001706,0.981587,0.42086,5.00
0.074650,5.001599,0.981525,0.42084,5.00
0.074660,5.001495,0.981453,0.42082,5.00
0.074670,5.001388,0.981382,0.42082,5.00
0.074680,5.001280,0.981322,0.42082,5.00
0.074690,5.001170,0.981277,0.42082,5.00
0.074700,5.000817,0.981248,0.42083,5.00
0.074710,4.999526,0.982265,0.42205,5.00
0.074720,4.998324,0.984369,0.42263,5.00
0.074730,4.997244,0.986984,0.42284,5.00
0.074740,4.996298,0.989777,0.42284,5.00
0.074750,4.995450,0.992560,0.42273,5.00
0.074760,4.994593,0.995385,0.42275,5.00
0.074770,4.993871,0.998203,0.42264,5.00
0.074780,4.993281,1.000903,0.42248,5.00
0.074790,4.992814,1.003428,0.42229,5.00
0.074800,4.992546,1.005750,0.42210,5.00
0.074810,4.992718,1.007493,0.42147,5.00
0.074820,4.992951,1.008642,0.42109,5.00
0.074830,4.993222,1.009412,0.42085,5.00
0.074840,4.993519,1.009932,0.42070,5.00
0.074850,4.993982,1.010280,0.42060,5.00
0.074860,4.995042,1.009863,0.41978,5.00
0.074870,4.996051,1.008686,0.41938,5.00
0.074880,4.996986,1.007130,0.41923,5.00
0.074890,4.997837,1.005414,0.41921,5.00
0.074900,4.998346,1.003667,0.41927,5.00
0.074910,4.997783,1.003042,0.42065,5.00
0.074920,4.997232,1.003622,0.42138,5.00
0.074930,4.996731,1.004823,0.42172,5.00
0.074940,4.996297,1.006306,0.42184,5.00
0.074950,4.996041,1.007876,0.42184,5.00
0.074960,4.996260,1.008984,0.42126,5.00
0.074970,4.996512,1.009555,0.42092,5.00
0.074980,4.996778,1.009804,0.42073,5.00
0.074990,4.997047,1.009860,0.42062,5.00
0.075000,4.997393,1.009799,0.42057,5.00
0.075010,4.998040,1.009329,0.42014,5.00
0.075020,4.998648,1.008465,0.41994,5.00
0.075030,4.999206,1.007411,0.41988,5.00
0.075040,4.999709,1.006289,0.41989,5.00
0.075050,5.000466,1.005165,0.41993,5.00
0.075060,5.002371,1.002761,0.41844,5.00
0.075070,5.004111,0.999042,0.41778,5.00
0.075080,5.005649,0.994756,0.41760,5.00
0.075090,5.006975,0.990329,0.41768,5.00
0.075100,5.007709,0.986000,0.41789,5.00
0.075110,5.006765,0.983518,0.42009,5.00
0.075120,5.005775,0.983014,0.42130,5.00
0.075130,5.004804,0.983608,0.42192,5.00
0.075140,5.003886,0.984787,0.42222,5.00
0.075150,5.003150,0.986250,0.42231,5.00
0.075160,5.002924,0.987347,0.42174,5.00
0.075170,5.002736,0.987961,0.42141,5.00
0.075180,5.002570,0.988299,0.42122,5.00
0.075190,5.002416,0.988486,0.42111,5.00
0.075200,5.002233,0.988590,0.42105,5.00
0.075210,5.001914,0.988808,0.42119,5.00
0.075220,5.001612,0.989169,0.42126,5.00
0.075230,5.001332,0.989600,0.42128,5.00
0.075240,5.001074,0.990057,0.42127,5.00
0.075250,5.000748,0.990516,0.42125,5.00
0.075260,5.000089,0.991353,0.42168,5.00
0.075270,4.999486,0.992576,0.42186,5.00
0.075280,4.998948,0.993963,0.42191,5.00
0.075290,4.998480,0.995388,0.42188,5.00
0.075300,4.998470,0.996779,0.42180,5.00
0.075310,5.000043,0.996435,0.41974,5.00
0.075320,5.001531,0.994268,0.41872,5.00
0.075330,5.002881,0.991200,0.41828,5.00
0.075340,5.004069,0.987764,0.41819,5.00
0.075350,5.004602,0.984264,0.41828,5.00
0.075360,5.003086,0.982931,0.42091,5.00
0.075370,5.001593,0.983942,0.42229,5.00
0.075380,5.000195,0.986186,0.42294,5.00
0.075390,4.998930,0.989016,0.42318,5.00
0.075400,4.997999,0.992062,0.42319,5.00
0.075410,4.997947,0.994310,0.42213,5.00
0.075420,4.997969,0.995613,0.42150,5.00
0.075430,4.998034,0.996355,0.42114,5.00
0.075440,4.998122,0.996764,0.42092,5.00
0.075450,4.998275,0.996976,0.42080,5.00
0.075460,4.998639,0.996843,0.42046,5.00
0.075470,4.998984,0.996405,0.42030,5.00
0.075480,4.999302,0.995815,0.42023,5.00
0.075490,4.999589,0.995163,0.42022,5.00
0.075500,4.999707,0.994499,0.42024,5.00
0.075510,4.999268,0.994430,0.42096,5.00
0.075520,4.998849,0.994993,0.42133,5.00
0.075530,4.998468,0.995874,0.42149,5.00
0.075540,4.998135,0.996892,0.42154,5.00
0.075550,4.997933,0.997943,0.42152,5.00
0.075560,4.998095,0.998624,0.42106,5.00
0.075570,4.998274,0.998890,0.42081,5.00
0.075580,4.998456,0.998919,0.42067,5.00
0.075590,4.998635,0.998814,0.42059,5.00
0.075600,4.998567,0.998637,0.42056,5.00
0.075610,4.997564,0.999436,0.42175,5.00
0.075620,4.996638,1.001274,0.42232,5.00
0.075630,4.995819,1.003597,0.42253,5.00
0.075640,4.995117,1.006087,0.42255,5.00
0.075650,4.994579,1.008565,0.42246,5.00
0.075660,4.994329,1.010743,0.42209,5.00
0.075670,4.994170,1.012563,0.42182,5.00
0.075680,4.994087,1.014107,0.42161,5.00
0.075690,4.994069,1.015430,0.42144,5.00
0.075700,4.994089,1.016569,0.42130,5.00
0.075710,4.994090,1.017621,0.42127,5.00
0.075720,4.994137,1.018609,0.42122,5.00
0.075730,4.994226,1.019508,0.42115,5.00
0.075740,4.994352,1.020309,0.42108,5.00
0.075750,4.994395,1.021009,0.42101,5.00
0.075760,4.994017,1.022104,0.42153,5.00
0.075770,4.993704,1.023619,0.42175,5.00
0.075780,4.993467,1.025285,0.42180,5.00
0.075790,4.993308,1.026952,0.42176,5.00
0.075800,4.993463,1.028537,0.42167,5.00
0.075810,4.994615,1.028981,0.42036,5.00
0.075820,4.995741,1.028224,0.41968,5.00
0.075830,4.996804,1.026830,0.41936,5.00
0.075840,4.997785,1.025128,0.41926,5.00
0.075850,4.998586,1.023307,0.41928,5.00
0.075860,4.998948,1.021860,0.41981,5.00
0.075870,4.999254,1.020863,0.42013,5.00
0.075880,4.999520,1.020137,0.42033,5.00
0.075890,4.999756,1.019575,0.42046,5.00
0.075900,5.000098,1.019115,0.42055,5.00
0.075910,5.000926,1.018165,0.41995,5.00
0.075920,5.001688,1.016680,0.41969,5.00
0.075930,5.002368,1.014959,0.41961,5.00
0.075940,5.002963,1.013172,0.41964,5.00
0.075950,5.003318,1.011417,0.41972,5.00
0.075960,5.002997,1.010397,0.42061,5.00
0.075970,5.002657,1.010166,0.42109,5.00
0.075980,5.002321,1.010370,0.42134,5.00
0.075990,5.002005,1.010804,0.42146,5.00
0.076000,5.002073,1.011348,0.42150,5.00
0.076010,5.003563,1.010407,0.41969,5.00
0.076020,5.004949,1.007877,0.41881,5.00
0.076030,5.006185,1.004591,0.41847,5.00
0.076040,5.007253,1.001028,0.41843,5.00
0.076050,5.007952,0.997458,0.41855,5.00
0.076060,5.007725,0.994864,0.41974,5.00
0.076070,5.007414,0.993359,0.42044,5.00
0.076080,5.007057,0.992511,0.42085,5.00
0.076090,5.006676,0.992066,0.42109,5.00
0.076100,5.006392,0.991871,0.42123,5.00
0.076110,5.006521,0.991380,0.42077,5.00
0.076120,5.006616,0.990520,0.42056,5.00
0.076130,5.006666,0.989509,0.42048,5.00
0.076140,5.006669,0.988471,0.42048,5.00
0.076150,5.006518,0.987474,0.42053,5.00
0.076160,5.005906,0.987012,0.42113,5.00
0.076170,5.005295,0.987119,0.42145,5.00
0.076180,5.004703,0.987546,0.42161,5.00
0.076190,5.004142,0.988144,0.42167,5.00
0.076200,5.003579,0.988826,0.42168,5.00
0.076210,5.002914,0.989694,0.42184,5.00
0.076220,5.002299,0.990723,0.42188,5.00
0.076230,5.001738,0.991812,0.42187,5.00
0.076240,5.001231,0.992900,0.42181,5.00
0.076250,5.000688,0.993955,0.42174,5.00
0.076260,4.999843,0.995345,0.42212,5.00
0.076270,4.999079,0.997075,0.42226,5.00
0.076280,4.998404,0.998927,0.42226,5.00
0.076290,4.997820,1.000777,0.42219,5.00
0.076300,4.997436,1.002555,0.42208,5.00
0.076310,4.997575,1.003744,0.42138,5.00
0.076320,4.997748,1.004306,0.42098,5.00
0.076330,4.997934,1.004506,0.42076,5.00
0.076340,4.998122,1.004499,0.42064,5.00
0.076350,4.998312,1.004376,0.42058,5.00
0.076360,4.998524,1.004157,0.42051,5.00
0.076370,4.998722,1.003874,0.42049,5.00
0.076380,4.998905,1.003562,0.42049,5.00
0.076390,4.999071,1.003244,0.42050,5.00
0.076400,4.999380,1.002932,0.42052,5.00
0.076410,5.000284,1.001962,0.41975,5.00
0.076420,5.001115,1.000312,0.41940,5.00
0.076430,5.001855,0.998357,0.41929,5.00
0.076440,5.002497,0.996312,0.41931,5.00
0.076450,5.002918,0.994300,0.41941,5.00
0.076460,5.002769,0.992907,0.42015,5.00
0.076470,5.002578,0.992189,0.42058,5.00
0.076480,5.002367,0.991868,0.42083,5.00
0.076490,5.002151,0.991781,0.42096,5.00
0.076500,5.001934,0.991830,0.42104,5.00
0.076510,5.001710,0.991972,0.42109,5.00
0.076520,5.001496,0.992174,0.42111,5.00
0.076530,5.001294,0.992406,0.42111,5.00
0.076540,5.001104,0.992652,0.42110,5.00
0.076550,5.000862,0.992902,0.42109,5.00
0.076560,5.000377,0.993429,0.42141,5.00
0.076570,4.999928,0.994243,0.42155,5.00
0.076580,4.999524,0.995184,0.42158,5.00
0.076590,4.999168,0.996160,0.42157,5.00
0.076600,4.998897,0.997120,0.42152,5.00
0.076610,4.998817,0.997876,0.42127,5.00
0.076620,4.998766,0.998406,0.42111,5.00
0.076630,4.998735,0.998794,0.42101,5.00
0.076640,4.998720,0.999089,0.42094,5.00
0.076650,4.998750,0.999322,0.42090,5.00
0.076660,4.998922,0.999366,0.42070,5.00
0.076670,4.999089,0.999225,0.42059,5.00
0.076680,4.999245,0.998989,0.42055,5.00
0.076690,4.999388,0.998710,0.42053,5.00
0.076700,4.999322,0.998415,0.42054,5.00
0.076710,4.998485,0.998952,0.42153,5.00
0.076720,4.997706,1.000362,0.42202,5.00
0.076730,4.997011,1.002189,0.42220,5.00
0.076740,4.996409,1.004168,0.42222,5.00
0.076750,4.996318,1.006149,0.42216,5.00
0.076760,4.997924,1.006289,0.41996,5.00
0.076770,4.999465,1.004474,0.41884,5.00
0.076780,5.000881,1.001668,0.41835,5.00
0.076790,5.002143,0.998430,0.41822,5.00
0.076800,5.002906,0.995079,0.41828,5.00
0.076810,5.002203,0.993229,0.42014,5.00
0.076820,5.001470,0.993033,0.42115,5.00
0.076830,5.000762,0.993742,0.42167,5.00
0.076840,5.000107,0.994916,0.42190,5.00
0.076850,4.999612,0.996299,0.42197,5.00
0.076860,4.999556,0.997343,0.42148,5.00
0.076870,4.999535,0.997946,0.42118,5.00
0.076880,4.999534,0.998291,0.42101,5.00
0.076890,4.999544,0.998484,0.42091,5.00
0.076900,4.999507,0.998587,0.42086,5.00
0.076910,4.999269,0.998862,0.42109,5.00
0.076920,4.999051,0.999340,0.42119,5.00
0.076930,4.998860,0.999908,0.42123,5.00
0.076940,4.998698,1.000502,0.42122,5.00
0.076950,4.998672,1.001086,0.42120,5.00
0.076960,4.999094,1.001179,0.42062,5.00
0.076970,4.999501,1.000751,0.42032,5.00
0.076980,4.999877,1.000057,0.42018,5.00
0.076990,5.000214,0.999244,0.42015,5.00
0.077000,5.000445,0.998397,0.42016,5.00
0.077010,5.000381,0.997841,0.42053,5.00
0.077020,5.000302,0.997615,0.42074,5.00
0.077030,5.000219,0.997575,0.42085,5.00
0.077040,5.000138,0.997637,0.42091,5.00
0.077050,4.999960,0.997754,0.42094,5.00
0.077060,4.999395,0.998329,0.42146,5.00
0.077070,4.998875,0.999362,0.42170,5.00
0.077080,4.998412,1.000604,0.42178,5.00
0.077090,4.998012,1.001910,0.42177,5.00
0.077100,4.997851,1.003199,0.42171,5.00
0.077110,4.998433,1.003677,0.42075,5.00
0.077120,4.999006,1.003292,0.42024,5.00
0.077130,4.999543,1.002453,0.42000,5.00
0.077140,5.000030,1.001397,0.41991,5.00
0.077150,5.000344,1.000261,0.41991,5.00
0.077160,5.000145,0.999626,0.42055,5.00
0.077170,4.999935,0.999556,0.42090,5.00
0.077180,4.999733,0.999792,0.42108,5.00
0.077190,4.999548,1.000184,0.42116,5.00
0.077200,4.999399,1.000645,0.42118,5.00
0.077210,4.999328,1.001065,0.42111,5.00
0.077220,4.999274,1.001414,0.42105,5.00
0.077230,4.999234,1.001709,0.42101,5.00
0.077240,4.999208,1.001964,0.42098,5.00
0.077250,4.999333,1.002185,0.42095,5.00
0.077260,5.000017,1.001775,0.42021,5.00
0.077270,5.000657,1.000714,0.41986,5.00
0.077280,5.001234,0.999341,0.41972,5.00
0.077290,5.001739,0.997852,0.41971,5.00
0.077300,5.002089,0.996358,0.41976,5.00
0.077310,5.002044,0.995275,0.42027,5.00
0.077320,5.001963,0.994650,0.42057,5.00
0.077330,5.001863,0.994300,0.42074,5.00
0.077340,5.001753,0.994116,0.42084,5.00
0.077350,5.001526,0.994032,0.42090,5.00
0.077360,5.000864,0.994487,0.42150,5.00
0.077370,5.000245,0.995477,0.42178,5.00
0.077380,4.999684,0.996721,0.42189,5.00
0.077390,4.999187,0.998058,0.42189,5.00
0.077400,4.998889,0.999395,0.42184,5.00
0.077410,4.999171,1.000115,0.42108,5.00
0.077420,4.999465,1.000168,0.42068,5.00
0.077430,4.999747,0.999858,0.42047,5.00
0.077440,5.000007,0.999363,0.42038,5.00
0.077450,5.000302,0.998786,0.42035,5.00
0.077460,5.000804,0.997926,0.42005,5.00
0.077470,5.001255,0.996805,0.41994,5.00
0.077480,5.001648,0.995588,0.41992,5.00
0.077490,5.001982,0.994366,0.41996,5.00
0.077500,5.002111,0.993191,0.42003,5.00
0.077510,5.001609,0.992721,0.42086,5.00
0.077520,5.001112,0.992995,0.42130,5.00
0.077530,5.000644,0.993665,0.42151,5.00
0.077540,5.000216,0.994526,0.42159,5.00
0.077550,4.999689,0.995461,0.42159,5.00
0.077560,4.998650,0.997017,0.42229,5.00
0.077570,4.997709,0.999180,0.42257,5.00
0.077580,4.996882,1.001589,0.42263,5.00
0.077590,4.996173,1.004036,0.42257,5.00
0.077600,4.995851,1.006408,0.42244,5.00
0.077610,4.996688,1.007491,0.42091,5.00
0.077620,4.997527,1.007208,0.42010,5.00
0.077630,4.998324,1.006192,0.41970,5.00
0.077640,4.999057,1.004812,0.41954,5.00
0.077650,4.999566,1.003281,0.41952,5.00
0.077660,4.999422,1.002356,0.42032,5.00
0.077670,4.999258,1.002130,0.42076,5.00
0.077680,4.999096,1.002287,0.42099,5.00
0.077690,4.998948,1.002642,0.42110,5.00
0.077700,4.998788,1.003087,0.42114,5.00
0.077710,4.998520,1.003703,0.42131,5.00
0.077720,4.998287,1.004462,0.42137,5.00
0.077730,4.998091,1.005265,0.42137,5.00
0.077740,4.997934,1.006058,0.42134,5.00
0.077750,4.997964,1.006811,0.42129,5.00
0.077760,4.998613,1.006867,0.42048,5.00
0.077770,4.999237,1.006193,0.42006,5.00
0.077780,4.999814,1.005147,0.41988,5.00
0.077790,5.000333,1.003936,0.41983,5.00
0.077800,5.000746,1.002678,0.41986,5.00
0.077810,5.000925,1.001630,0.42014,5.00
0.077820,5.001062,1.000838,0.42033,5.00
0.077830,5.001167,1.000213,0.42045,5.00
0.077840,5.001246,0.999703,0.42054,5.00
0.077850,5.001052,0.999276,0.42061,5.00
0.077860,4.999866,0.999979,0.42192,5.00
0.077870,4.998757,1.001844,0.42256,5.00
0.077880,4.997759,1.004266,0.42280,5.00
0.077890,4.996886,1.006894,0.42283,5.00
0.077900,4.996469,1.009532,0.42274,5.00
0.077910,4.997446,1.010677,0.42093,5.00
0.077920,4.998418,1.010214,0.41998,5.00
0.077930,4.999336,1.008896,0.41952,5.00
0.077940,5.000173,1.007161,0.41934,5.00
0.077950,5.001004,1.005261,0.41932,5.00
0.077960,5.002075,1.002975,0.41895,5.00
0.077970,5.003023,1.000369,0.41885,5.00
0.077980,5.003841,0.997691,0.41891,5.00
0.077990,5.004532,0.995077,0.41904,5.00
0.078000,5.005063,0.992602,0.41921,5.00
0.078010,5.005333,0.990467,0.41959,5.00
0.078020,5.005514,0.988694,0.41987,5.00
0.078030,5.005620,0.987195,0.42008,5.00
0.078040,5.005664,0.985911,0.42024,5.00
0.078050,5.005577,0.984805,0.42037,5.00
0.078060,5.005150,0.984175,0.42087,5.00
0.078070,5.004711,0.984015,0.42114,5.00
0.078080,5.004277,0.984128,0.42129,5.00
0.078090,5.003857,0.984398,0.42136,5.00
0.078100,5.003383,0.984755,0.42138,5.00
0.078110,5.002654,0.985462,0.42174,5.00
0.078120,5.001973,0.986507,0.42189,5.00
0.078130,5.001350,0.987704,0.42193,5.00
0.078140,5.000788,0.988948,0.42190,5.00
0.078150,5.000326,0.990176,0.42183,5.00
0.078160,5.000071,0.991194,0.42156,5.00
0.078170,4.999857,0.991977,0.42138,5.00
0.078180,4.999676,0.992608,0.42126,5.00
0.078190,4.999522,0.993136,0.42118,5.00
0.078200,4.999528,0.993589,0.42112,5.00
0.078210,5.000084,0.993407,0.42038,5.00
0.078220,5.000607,0.992576,0.42001,5.00
0.078230,5.001079,0.991429,0.41986,5.00
0.078240,5.001490,0.990156,0.41983,5.00
0.078250,5.001537,0.988867,0.41987,5.00
0.078260,5.000349,0.988909,0.42147,5.00
0.078270,4.999216,0.990366,0.42227,5.00
0.078280,4.998180,0.992534,0.42261,5.00
0.078290,4.997261,0.995006,0.42270,5.00
0.078300,4.996593,0.997548,0.42265,5.00
0.078310,4.996541,0.999487,0.42188,5.00
0.078320,4.996557,1.000731,0.42141,5.00
0.078330,4.996617,1.001548,0.42113,5.00
0.078340,4.996706,1.002098,0.42096,5.00
0.078350,4.996849,1.002476,0.42085,5.00
0.078360,4.997143,1.002590,0.42060,5.00
0.078370,4.997433,1.002467,0.42047,5.00
0.078380,4.997711,1.002215,0.42041,5.00
0.078390,4.997972,1.001896,0.42039,5.00
0.078400,4.998270,1.001548,0.42039,5.00
0.078410,4.998756,1.000963,0.42014,5.00
0.078420,4.999204,1.000147,0.42003,5.00
0.078430,4.999608,0.999232,0.42001,5.00
0.078440,4.999966,0.998296,0.42004,5.00
0.078450,5.000319,0.997381,0.42009,5.00
0.078460,5.000781,0.996344,0.41996,5.00
0.078470,5.001188,0.995189,0.41993,5.00
0.078480,5.001538,0.994016,0.41996,5.00
0.078490,5.001832,0.992878,0.42002,5.00
0.078500,5.001833,0.991805,0.42010,5.00
0.078510,5.000850,0.991838,0.42140,5.00
0.078520,4.999911,0.993023,0.42205,5.00
0.078530,4.999051,0.994788,0.42233,5.00
0.078540,4.998287,0.996801,0.42240,5.00
0.078550,4.997722,0.998872,0.42236,5.00
0.078560,4.997637,1.000477,0.42176,5.00
0.078570,4.997611,1.001539,0.42139,5.00
0.078580,4.997623,1.002266,0.42117,5.00
0.078590,4.997662,1.002780,0.42102,5.00
0.078600,4.997659,1.003153,0.42093,5.00
0.078610,4.997438,1.003688,0.42117,5.00
0.078620,4.997249,1.004420,0.42127,5.00
0.078630,4.997097,1.005224,0.42129,5.00
0.078640,4.996983,1.006031,0.42127,5.00
0.078650,4.996991,1.006802,0.42123,5.00
0.078660,4.997361,1.007156,0.42075,5.00
0.078670,4.997732,1.007069,0.42049,5.00
0.078680,4.998087,1.006740,0.42037,5.00
0.078690,4.998421,1.006286,0.42032,5.00
0.078700,4.998597,1.005776,0.42031,5.00
0.078710,4.998231,1.005813,0.42100,5.00
0.078720,4.997887,1.006444,0.42134,5.00
0.078730,4.997584,1.007365,0.42149,5.00
0.078740,4.997328,1.008402,0.42153,5.00
0.078750,4.997126,1.009456,0.42151,5.00
0.078760,4.996981,1.010462,0.42144,5.00
0.078770,4.996880,1.011390,0.42137,5.00
0.078780,4.996821,1.012234,0.42129,5.00
0.078790,4.996798,1.012990,0.42122,5.00
0.078800,4.996798,1.013663,0.42116,5.00
0.078810,4.996795,1.014290,0.42114,5.00
0.078820,4.996819,1.014879,0.42110,5.00
0.078830,4.996867,1.015415,0.42106,5.00
0.078840,4.996938,1.015892,0.42102,5.00
0.078850,4.997265,1.016309,0.42098,5.00
0.078860,4.998522,1.015665,0.41975,5.00
0.078870,4.999706,1.013921,0.41916,5.00
0.078880,5.000785,1.011643,0.41893,5.00
0.078890,5.001744,1.009156,0.41891,5.00
0.078900,5.002143,1.006646,0.41899,5.00
0.078910,5.000725,1.006078,0.42134,5.00
0.078920,4.999356,1.007584,0.42254,5.00
0.078930,4.998099,1.010148,0.42309,5.00
0.078940,4.996983,1.013185,0.42326,5.00
0.078950,4.996386,1.016358,0.42323,5.00
0.078960,4.997358,1.017923,0.42124,5.00
0.078970,4.998339,1.017715,0.42018,5.00
0.078980,4.999275,1.016551,0.41965,5.00
0.078990,5.000134,1.014908,0.41943,5.00
0.079000,5.000816,1.013062,0.41938,5.00
0.079010,5.001058,1.011551,0.41988,5.00
0.079020,5.001242,1.010481,0.42020,5.00
0.079030,5.001384,1.009686,0.42039,5.00
0.079040,5.001494,1.009068,0.42053,5.00
0.079050,5.001458,1.008569,0.42062,5.00
0.079060,5.000931,1.008667,0.42129,5.00
0.079070,5.000431,1.009362,0.42162,5.00
0.079080,4.999976,1.010352,0.42176,5.00
0.079090,4.999574,1.011464,0.42179,5.00
0.079100,4.999377,1.012598,0.42177,5.00
0.079110,4.999819,1.013059,0.42095,5.00
0.079120,5.000256,1.012790,0.42051,5.00
0.079130,5.000666,1.012135,0.42031,5.00
0.079140,5.001037,1.011295,0.42023,5.00
0.079150,5.001351,1.010385,0.42022,5.00
0.079160,5.001570,1.009526,0.42032,5.00
0.079170,5.001750,1.008757,0.42040,5.00
0.079180,5.001897,1.008065,0.42047,5.00
0.079190,5.002012,1.007444,0.42053,5.00
0.079200,5.002154,1.006885,0.42059,5.00
0.079210,5.002476,1.006158,0.42037,5.00
0.079220,5.002758,1.005248,0.42029,5.00
0.079230,5.002993,1.004279,0.42029,5.00
0.079240,5.003183,1.003317,0.42032,5.00
0.079250,5.003481,1.002402,0.42038,5.00
0.079260,5.004330,1.000903,0.41967,5.00
0.079270,5.005085,0.998801,0.41937,5.00
0.079280,5.005731,0.996463,0.41931,5.00
0.079290,5.006264,0.994095,0.41937,5.00
0.079300,5.006445,0.991811,0.41949,5.00
0.079310,5.005588,0.990698,0.42086,5.00
0.079320,5.004724,0.990826,0.42159,5.00
0.079330,5.003894,0.991632,0.42196,5.00
0.079340,5.003118,0.992785,0.42211,5.00
0.079350,5.002668,0.994096,0.42214,5.00
0.079360,5.003301,0.994339,0.42078,5.00
0.079370,5.003904,0.993406,0.42009,5.00
0.079380,5.004442,0.991884,0.41978,5.00
0.079390,5.004898,0.990112,0.41968,5.00
0.079400,5.005169,0.988284,0.41970,5.00
0.079410,5.004969,0.986928,0.42029,5.00
0.079420,5.004726,0.986119,0.42063,5.00
0.079430,5.004458,0.985649,0.42084,5.00
0.079440,5.004177,0.985393,0.42097,5.00
0.079450,5.003663,0.985276,0.42104,5.00
0.079460,5.002266,0.986220,0.42223,5.00
0.079470,5.000955,0.988236,0.42279,5.00
0.079480,4.999763,0.990764,0.42299,5.00
0.079490,4.998703,0.993481,0.42300,5.00
0.079500,4.997778,0.996204,0.42289,5.00
0.079510,4.996989,0.998821,0.42272,5.00
0.079520,4.996322,1.001279,0.42253,5.00
0.079530,4.995767,1.003556,0.42234,5.00
0.079540,4.995316,1.005646,0.42215,5.00
0.079550,4.995247,1.007551,0.42197,5.00
0.079560,4.996385,1.008045,0.42035,5.00
0.079570,4.997493,1.007087,0.41952,5.00
0.079580,4.998524,1.005375,0.41913,5.00
0.079590,4.999458,1.003314,0.41901,5.00
0.079600,4.999999,1.001137,0.41903,5.00
0.079610,4.999318,1.000201,0.42058,5.00
0.079620,4.998640,1.000627,0.42139,5.00
0.079630,4.998010,1.001769,0.42179,5.00
0.079640,4.997447,1.003253,0.42194,5.00
0.079650,4.997276,1.004862,0.42196,5.00
0.079660,4.998409,1.005131,0.42031,5.00
0.079670,4.999499,1.003937,0.41947,5.00
0.079680,5.000504,1.001996,0.41910,5.00
0.079690,5.001402,0.999723,0.41899,5.00
0.079700,5.002125,0.997357,0.41902,5.00
0.079710,5.002503,0.995284,0.41944,5.00
0.079720,5.002795,0.993589,0.41973,5.00
0.079730,5.003014,0.992166,0.41994,5.00
0.079740,5.003174,0.990949,0.42010,5.00
0.079750,5.003350,0.989897,0.42024,5.00
0.079760,5.003752,0.988685,0.41999,5.00
0.079770,5.004089,0.987282,0.41992,5.00
0.079780,5.004358,0.985838,0.41994,5.00
0.079790,5.004560,0.984438,0.42001,5.00
0.079800,5.004411,0.983126,0.42009,5.00
0.079810,5.003085,0.983149,0.42165,5.00
0.079820,5.001814,0.984567,0.42243,5.00
0.079830,5.000639,0.986693,0.42276,5.00
0.079840,4.999581,0.989131,0.42285,5.00
0.079850,4.998647,0.991652,0.42280,5.00
0.079860,4.997839,0.994122,0.42266,5.00
0.079870,4.997148,0.996471,0.42250,5.00
0.079880,4.996565,0.998667,0.42232,5.00
0.079890,4.996082,1.000694,0.42215,5.00
0.079900,4.995841,1.002551,0.42198,5.00
0.079910,4.996264,1.003602,0.42107,5.00
0.079920,4.996707,1.003828,0.42056,5.00
0.079930,4.997143,1.003594,0.42030,5.00
0.079940,4.997556,1.003112,0.42018,5.00
0.079950,4.997807,1.002510,0.42014,5.00
0.079960,4.997508,1.002426,0.42082,5.00
0.079970,4.997224,1.002927,0.42116,5.00
0.079980,4.996975,1.003717,0.42132,5.00
0.079990,4.996767,1.004628,0.42136,5.00
0.080000,4.996400,1.005564,0.42135,5.00
0.080010,4.995287,1.007335,0.42233,5.00
0.080020,4.994291,1.009948,0.42276,5.00
0.080030,4.993432,1.012908,0.42287,5.00
0.080040,4.992717,1.015930,0.42280,5.00
0.080050,4.992279,1.018859,0.42265,5.00
0.080060,4.992496,1.021037,0.42178,5.00
0.080070,4.992787,1.022402,0.42126,5.00
0.080080,4.993122,1.023258,0.42094,5.00
0.080090,4.993484,1.023789,0.42074,5.00
0.080100,4.993980,1.024105,0.42062,5.00
0.080110,4.994949,1.023764,0.41994,5.00
0.080120,4.995875,1.022786,0.41962,5.00
0.080130,4.996739,1.021486,0.41949,5.00
0.080140,4.997532,1.020046,0.41948,5.00
0.080150,4.998075,1.018570,0.41953,5.00
0.080160,4.997862,1.017869,0.42050,5.00
0.080170,4.997644,1.018005,0.42102,5.00
0.080180,4.997447,1.018577,0.42127,5.00
0.080190,4.997284,1.019354,0.42137,5.00
0.080200,4.997355,1.020202,0.42140,5.00
0.080210,4.998217,1.020222,0.42039,5.00
0.080220,4.999046,1.019340,0.41989,5.00
0.080230,4.999814,1.017996,0.41967,5.00
0.080240,5.000507,1.016446,0.41961,5.00
0.080250,5.001228,1.014838,0.41964,5.00
0.080260,5.002282,1.012804,0.41918,5.00
0.080270,5.003222,1.010370,0.41904,5.00
0.080280,5.004040,1.007814,0.41906,5.00
0.080290,5.004734,1.005289,0.41917,5.00
0.080300,5.005359,1.002881,0.41932,5.00
0.080310,5.006057,1.000431,0.41926,5.00
0.080320,5.006637,0.997950,0.41932,5.00
0.080330,5.007101,0.995556,0.41945,5.00
0.080340,5.007456,0.993312,0.41961,5.00
0.080350,5.007605,0.991247,0.41978,5.00
0.080360,5.007252,0.989824,0.42048,5.00
0.080370,5.006856,0.989060,0.42089,5.00
0.080380,5.006441,0.988698,0.42113,5.00
0.080390,5.006021,0.988582,0.42126,5.00
0.080400,5.005395,0.988621,0.42133,5.00
0.080410,5.003970,0.989643,0.42241,5.00
0.080420,5.002633,0.991650,0.42292,5.00
0.080430,5.001414,0.994124,0.42309,5.00
0.080440,5.000323,0.996769,0.42308,5.00
0.080450,4.999639,0.999413,0.42297,5.00
0.080460,5.000155,1.000785,0.42142,5.00
0.080470,5.000688,1.000786,0.42058,5.00
0.080480,5.001195,1.000052,0.42015,5.00
0.080490,5.001653,0.998951,0.41997,5.00
0.080500,5.002037,0.997698,0.41992,5.00
0.080510,5.002296,0.996480,0.42003,5.00
0.080520,5.002502,0.995370,0.42013,5.00
0.080530,5.002657,0.994364,0.42023,5.00
0.080540,5.002769,0.993459,0.42031,5.00
0.080550,5.002811,0.992649,0.42039,5.00
0.080560,5.002700,0.992058,0.42062,5.00
0.080570,5.002569,0.991685,0.42076,5.00
0.080580,5.002427,0.991450,0.42084,5.00
0.080590,5.002278,0.991308,0.42090,5.00
0.080600,5.002100,0.991229,0.42093,5.00
0.080610,5.001816,0.991308,0.42108,5.00
0.080620,5.001542,0.991538,0.42116,5.00
0.080630,5.001284,0.991849,0.42119,5.00
0.080640,5.001044,0.992197,0.42119,5.00
0.080650,5.000885,0.992558,0.42118,5.00
0.080660,5.000990,0.992649,0.42084,5.00
0.080670,5.001090,0.992450,0.42066,5.00
0.080680,5.001176,0.992107,0.42058,5.00
0.080690,5.001244,0.991704,0.42056,5.00
0.080700,5.001021,0.991290,0.42056,5.00
0.080710,4.999729,0.992041,0.42194,5.00
0.080720,4.998519,0.994019,0.42261,5.00
0.080730,4.997427,0.996586,0.42287,5.00
0.080740,4.996469,0.999376,0.42290,5.00
0.080750,4.995789,1.002179,0.42280,5.00
0.080760,4.995797,1.004271,0.42192,5.00
0.080770,4.995876,1.005566,0.42140,5.00
0.080780,4.995999,1.006377,0.42108,5.00
0.080790,4.996149,1.006887,0.42089,5.00
0.080800,4.996284,1.007208,0.42077,5.00
0.080810,4.996307,1.007541,0.42086,5.00
0.080820,4.996346,1.007929,0.42089,5.00
0.080830,4.996402,1.008326,0.42089,5.00
0.080840,4.996476,1.008702,0.42088,5.00
0.080850,4.996835,1.009045,0.42086,5.00
0.080860,4.998254,1.008200,0.41947,5.00
0.080870,4.999585,1.006120,0.41881,5.00
0.080880,5.000792,1.003445,0.41856,5.00
0.080890,5.001860,1.000548,0.41854,5.00
0.080900,5.002695,0.997637,0.41864,5.00
0.080910,5.003035,0.995221,0.41927,5.00
0.080920,5.003280,0.993376,0.41969,5.00
0.080930,5.003449,0.991914,0.41997,5.00
0.080940,5.003559,0.990720,0.42017,5.00
0.080950,5.003608,0.989724,0.42032,5.00
0.080960,5.003573,0.988926,0.42049,5.00
0.080970,5.003508,0.988299,0.42060,5.00
0.080980,5.003418,0.987798,0.42069,5.00
0.080990,5.003310,0.987393,0.42075,5.00
0.081000,5.003100,0.987065,0.42080,5.00
0.081010,5.002545,0.987165,0.42127,5.00
0.081020,5.002013,0.987699,0.42150,5.00
0.081030,5.001517,0.988456,0.42160,5.00
0.081040,5.001062,0.989312,0.42161,5.00
0.081050,5.000430,0.990196,0.42159,5.00
0.081060,4.998983,0.992009,0.42266,5.00
0.081070,4.997660,0.994767,0.42312,5.00
0.081080,4.996486,0.997932,0.42325,5.00
0.081090,4.995470,1.001196,0.42319,5.00
0.081100,4.994668,1.004388,0.42303,5.00
0.081110,4.994240,1.007165,0.42252,5.00
0.081120,4.993929,1.009471,0.42216,5.00
0.081130,4.993716,1.011426,0.42189,5.00
0.081140,4.993585,1.013104,0.42167,5.00
0.081150,4.994010,1.014557,0.42150,5.00
0.081160,4.996375,1.013758,0.41891,5.00
0.081170,4.998615,1.010647,0.41764,5.00
0.081180,5.000660,1.006396,0.41712,5.00
0.081190,5.002478,1.001681,0.41703,5.00
0.081200,5.003531,0.996890,0.41717,5.00
0.081210,5.002288,0.994505,0.42012,5.00
0.081220,5.001025,0.994734,0.42170,5.00
0.081230,4.999825,0.996366,0.42249,5.00
0.081240,4.998731,0.998697,0.42282,5.00
0.081250,4.997767,1.001318,0.42289,5.00
0.081260,4.996954,1.003972,0.42280,5.00
0.081270,4.996267,1.006529,0.42264,5.00
0.081280,4.995697,1.008933,0.42246,5.00
0.081290,4.995237,1.011157,0.42228,5.00
0.081300,4.995184,1.013191,0.42210,5.00
0.081310,4.996412,1.013729,0.42038,5.00
0.081320,4.997608,1.012725,0.41949,5.00
0.081330,4.998724,1.010917,0.41908,5.00
0.081340,4.999736,1.008734,0.41895,5.00
0.081350,5.000530,1.006424,0.41897,5.00
0.081360,5.000801,1.004579,0.41960,5.00
0.081370,5.001001,1.003294,0.42000,5.00
0.081380,5.001152,1.002358,0.42024,5.00
0.081390,5.001265,1.001645,0.42041,5.00
0.081400,5.001385,1.001079,0.42052,5.00
0.081410,5.001619,1.000464,0.42041,5.00
0.081420,5.001822,0.999765,0.42039,5.00
0.081430,5.001990,0.999051,0.42040,5.00
0.081440,5.002124,0.998358,0.42044,5.00
0.081450,5.002300,0.997706,0.42048,5.00
0.081460,5.002730,0.996794,0.42016,5.00
0.081470,5.003107,0.995613,0.42004,5.00
0.081480,5.003424,0.994338,0.42002,5.00
0.081490,5.003681,0.993066,0.42006,5.00
0.081500,5.003669,0.991851,0.42013,5.00
0.081510,5.002790,0.991611,0.42127,5.00
0.081520,5.001938,0.992396,0.42186,5.00
0.081530,5.001146,0.993711,0.42212,5.00
0.081540,5.000427,0.995269,0.42220,5.00
0.081550,4.999857,0.996904,0.42218,5.00
0.081560,4.999629,0.998234,0.42176,5.00
0.081570,4.999453,0.999197,0.42150,5.00
0.081580,4.999315,0.999925,0.42133,5.00
0.081590,4.999208,1.000501,0.42121,5.00
0.081600,4.999230,1.000972,0.42113,5.00
0.081610,4.999686,1.000915,0.42053,5.00
0.081620,5.000120,1.000330,0.42024,5.00
0.081630,5.000515,0.999481,0.42011,5.00
0.081640,5.000864,0.998522,0.42008,5.00
0.081650,5.001354,0.997541,0.42010,5.00
0.081660,5.002522,0.995790,0.41921,5.00
0.081670,5.003576,0.993263,0.41883,5.00
0.081680,5.004497,0.990419,0.41874,5.00
0.081690,5.005279,0.987516,0.41881,5.00
0.081700,5.005858,0.984701,0.41896,5.00
0.081710,5.006056,0.982327,0.41947,5.00
0.081720,5.006159,0.980443,0.41983,5.00
0.081730,5.006185,0.978909,0.42008,5.00
0.081740,5.006148,0.977637,0.42027,5.00
0.081750,5.005660,0.976571,0.42041,5.00
0.081760,5.003573,0.977378,0.42255,5.00
0.081770,5.001598,0.980101,0.42360,5.00
0.081780,4.999793,0.983769,0.42401,5.00
0.081790,4.998183,0.987818,0.42408,5.00
0.081800,4.997008,0.991928,0.42395,5.00
0.081810,4.996943,0.994917,0.42254,5.00
0.081820,4.996977,0.996649,0.42171,5.00
0.081830,4.997068,0.997636,0.42122,5.00
0.081840,4.997190,0.998181,0.42094,5.00
0.081850,4.997336,0.998463,0.42077,5.00
0.081860,4.997521,0.998552,0.42064,5.00
0.081870,4.997705,0.998509,0.42057,5.00
0.081880,4.997883,0.998392,0.42053,5.00
0.081890,4.998053,0.998234,0.42052,5.00
0.081900,4.998162,0.998057,0.42052,5.00
0.081910,4.998057,0.998094,0.42079,5.00
0.081920,4.997962,0.998362,0.42093,5.00
0.081930,4.997883,0.998741,0.42099,5.00
0.081940,4.997823,0.999161,0.42100,5.00
0.081950,4.997552,0.999583,0.42099,5.00
0.081960,4.996408,1.000965,0.42213,5.00
0.081970,4.995366,1.003337,0.42265,5.00
0.081980,4.994454,1.006145,0.42282,5.00
0.081990,4.993682,1.009074,0.42279,5.00
0.082000,4.993056,1.011947,0.42266,5.00
0.082010,4.992591,1.014638,0.42245,5.00
0.082020,4.992246,1.017097,0.42223,5.00
0.082030,4.992008,1.019321,0.42203,5.00
0.082040,4.991868,1.021316,0.42183,5.00
0.082050,4.992000,1.023094,0.42166,5.00
0.082060,4.992937,1.023867,0.42055,5.00
0.082070,4.993871,1.023617,0.41996,5.00
0.082080,4.994768,1.022805,0.41968,5.00
0.082090,4.995612,1.021701,0.41956,5.00
0.082100,4.996268,1.020463,0.41955,5.00
0.082110,4.996374,1.019716,0.42023,5.00
0.082120,4.996462,1.019535,0.42059,5.00
0.082130,4.996550,1.019653,0.42079,5.00
0.082140,4.996646,1.019913,0.42088,5.00
0.082150,4.996856,1.020227,0.42091,5.00
0.082160,4.997471,1.020119,0.42041,5.00
0.082170,4.998061,1.019543,0.42016,5.00
0.082180,4.998613,1.018726,0.42006,5.00
0.082190,4.999119,1.017801,0.42004,5.00
0.082200,4.999711,1.016842,0.42006,5.00
0.082210,5.000771,1.015329,0.41944,5.00
0.082220,5.001737,1.013261,0.41919,5.00
0.082230,5.002593,1.010969,0.41914,5.00
0.082240,5.003337,1.008640,0.41921,5.00
0.082250,5.003811,1.006380,0.41933,5.00
0.082260,5.003562,1.004919,0.42029,5.00
0.082270,5.003275,1.004314,0.42083,5.00
0.082280,5.002978,1.004198,0.42112,5.00
0.082290,5.002686,1.004354,0.42127,5.00
0.082300,5.002564,1.004657,0.42134,5.00
0.082310,5.003065,1.004369,0.42058,5.00
0.082320,5.003528,1.003419,0.42020,5.00
0.082330,5.003935,1.002155,0.42005,5.00
0.082340,5.004278,1.000774,0.42003,5.00
0.082350,5.004564,0.999389,0.42007,5.00
0.082360,5.004826,0.998019,0.42009,5.00
0.082370,5.005024,0.996694,0.42016,5.00
0.082380,5.005163,0.995453,0.42024,5.00
0.082390,5.005247,0.994314,0.42033,5.00
0.082400,5.005425,0.993284,0.42042,5.00
0.082410,5.006116,0.991753,0.41979,5.00
0.082420,5.006716,0.989692,0.41953,5.00
0.082430,5.007210,0.987437,0.41948,5.00
0.082440,5.007598,0.985177,0.41954,5.00
0.082450,5.007649,0.983017,0.41966,5.00
0.082460,5.006702,0.981998,0.42098,5.00
0.082470,5.005753,0.982185,0.42169,5.00
0.082480,5.004841,0.983033,0.42203,5.00
0.082490,5.003986,0.984223,0.42217,5.00
0.082500,5.003023,0.985568,0.42220,5.00
0.082510,5.001455,0.987699,0.42303,5.00
0.082520,5.000020,0.990587,0.42337,5.00
0.082530,4.998739,0.993781,0.42342,5.00
0.082540,4.997616,0.997027,0.42333,5.00
0.082550,4.996965,1.000181,0.42315,5.00
0.082560,4.997694,1.001817,0.42133,5.00
0.082570,4.998442,1.001842,0.42035,5.00
0.082580,4.999159,1.000994,0.41986,5.00
0.082590,4.999818,0.999706,0.41964,5.00
0.082600,5.000441,0.998227,0.41959,5.00
0.082610,5.001126,0.996552,0.41944,5.00
0.082620,5.001724,0.994754,0.41944,5.00
0.082630,5.002235,0.992962,0.41951,5.00
0.082640,5.002663,0.991242,0.41961,5.00
0.082650,5.002940,0.989632,0.41974,5.00
0.082660,5.002872,0.988448,0.42022,5.00
0.082670,5.002764,0.987707,0.42051,5.00
0.082680,5.002631,0.987242,0.42068,5.00
0.082690,5.002483,0.986951,0.42079,5.00
0.082700,5.002218,0.986773,0.42086,5.00
0.082710,5.001533,0.987129,0.42144,5.00
0.082720,5.000885,0.988015,0.42172,5.00
0.082730,5.000291,0.989160,0.42183,5.00
0.082740,4.999757,0.990408,0.42183,5.00
0.082750,4.999547,0.991668,0.42179,5.00
0.082760,5.000409,0.991782,0.42040,5.00
0.082770,5.001233,0.990676,0.41970,5.00
0.082780,5.001980,0.988959,0.41939,5.00
0.082790,5.002636,0.986980,0.41930,5.00
0.082800,5.002776,0.984940,0.41934,5.00
0.082810,5.001204,0.984724,0.42154,5.00
0.082820,4.999694,0.986463,0.42265,5.00
0.082830,4.998307,0.989197,0.42315,5.00
0.082840,4.997069,0.992368,0.42329,5.00
0.082850,4.996242,0.995657,0.42323,5.00
0.082860,4.996550,0.997813,0.42181,5.00
0.082870,4.996916,0.998695,0.42100,5.00
0.082880,4.997297,0.998852,0.42056,5.00
0.082890,4.997670,0.998608,0.42033,5.00
0.082900,4.998032,0.998152,0.42023,5.00
0.082910,4.998404,0.997553,0.42015,5.00
0.082920,4.998743,0.996875,0.42013,5.00
0.082930,4.999047,0.996175,0.42015,5.00
0.082940,4.999317,0.995487,0.42019,5.00
0.082950,4.999519,0.994830,0.42024,5.00
0.082960,4.999559,0.994358,0.42046,5.00
0.082970,4.999582,0.994081,0.42059,5.00
0.082980,4.999596,0.993920,0.42067,5.00
0.082990,4.999605,0.993826,0.42071,5.00
0.083000,4.999731,0.993773,0.42074,5.00
0.083010,5.000321,0.993233,0.42015,5.00
0.083020,5.000865,0.992174,0.41988,5.00
0.083030,5.001350,0.990878,0.41978,5.00
0.083040,5.001769,0.989505,0.41978,5.00
0.083050,5.001880,0.988145,0.41984,5.00
0.083060,5.000987,0.987878,0.42114,5.00
0.083070,5.000126,0.988772,0.42181,5.00
0.083080,4.999330,0.990261,0.42211,5.00
0.083090,4.998617,0.992019,0.42221,5.00
0.083100,4.998144,0.993857,0.42218,5.00
0.083110,4.998348,0.995024,0.42133,5.00
0.083120,4.998581,0.995436,0.42086,5.00
0.083130,4.998819,0.995423,0.42061,5.00
0.083140,4.999046,0.995181,0.42048,5.00
0.083150,4.999093,0.994822,0.42042,5.00
0.083160,4.998482,0.995110,0.42124,5.00
0.083170,4.997911,0.996114,0.42164,5.00
0.083180,4.997401,0.997462,0.42180,5.00
0.083190,4.996961,0.998942,0.42183,5.00
0.083200,4.996817,1.000433,0.42179,5.00
0.083210,4.997613,1.000913,0.42057,5.00
0.083220,4.998392,1.000308,0.41994,5.00
0.083230,4.999120,0.999136,0.41965,5.00
0.083240,4.999781,0.997697,0.41955,5.00
0.083250,5.000372,0.996165,0.41956,5.00
0.083260,5.000910,0.994615,0.41959,5.00
0.083270,5.001374,0.993099,0.41967,5.00
0.083280,5.001767,0.991661,0.41977,5.00
0.083290,5.002094,0.990320,0.41988,5.00
0.083300,5.002212,0.989086,0.41999,5.00
0.083310,5.001701,0.988588,0.42084,5.00
0.083320,5.001195,0.988851,0.42128,5.00
0.083330,5.000717,0.989518,0.42150,5.00
0.083340,5.000279,0.990383,0.42158,5.00
0.083350,4.999915,0.991326,0.42159,5.00
0.083360,4.999703,0.992162,0.42142,5.00
0.083370,4.999526,0.992847,0.42130,5.00
0.083380,4.999379,0.993428,0.42121,5.00
0.083390,4.999258,0.993930,0.42114,5.00
0.083400,4.999109,0.994371,0.42109,5.00
0.083410,4.998787,0.994972,0.42130,5.00
0.083420,4.998501,0.995750,0.42138,5.00
0.083430,4.998255,0.996592,0.42138,5.00
0.083440,4.998049,0.997434,0.42136,5.00
0.083450,4.998086,0.998242,0.42131,5.00
0.083460,4.998949,0.998132,0.42023,5.00
0.083470,4.999770,0.997060,0.41969,5.00
0.083480,5.000522,0.995507,0.41946,5.00
0.083490,5.001189,0.993752,0.41940,5.00
0.083500,5.001517,0.991953,0.41945,5.00
0.083510,5.000775,0.991277,0.42082,5.00
0.083520,5.000045,0.991817,0.42154,5.00
0.083530,4.999364,0.992994,0.42188,5.00
0.083540,4.998753,0.994470,0.42200,5.00
0.083550,4.998229,0.996053,0.42200,5.00
0.083560,4.997827,0.997582,0.42188,5.00
0.083570,4.997495,0.998996,0.42176,5.00
0.083580,4.997227,1.000291,0.42165,5.00
0.083590,4.997017,1.001468,0.42154,5.00
0.083600,4.996886,1.002532,0.42143,5.00
0.083610,4.996908,1.003371,0.42120,5.00
0.083620,4.996962,1.003988,0.42105,5.00
0.083630,4.997039,1.004454,0.42095,5.00
0.083640,4.997133,1.004813,0.42088,5.00
0.083650,4.997240,1.005094,0.42083,5.00
0.083660,4.997359,1.005312,0.42080,5.00
0.083670,4.997485,1.005479,0.42077,5.00
0.083680,4.997616,1.005606,0.42075,5.00
0.083690,4.997750,1.005697,0.42073,5.00
0.083700,4.997999,1.005760,0.42072,5.00
0.083710,4.998685,1.005319,0.42015,5.00
0.083720,4.999328,1.004359,0.41988,5.00
0.083730,4.999915,1.003150,0.41978,5.00
0.083740,5.000439,1.001848,0.41977,5.00
0.083750,5.000958,1.000540,0.41983,5.00
0.083760,5.001643,0.999027,0.41960,5.00
0.083770,5.002248,0.997323,0.41955,5.00
0.083780,5.002769,0.995581,0.41960,5.00
0.083790,5.003207,0.993887,0.41968,5.00
0.083800,5.003432,0.992287,0.41980,5.00
0.083810,5.003060,0.991377,0.42060,5.00
0.083820,5.002671,0.991189,0.42104,5.00
0.083830,5.002290,0.991405,0.42127,5.00
0.083840,5.001928,0.991837,0.42137,5.00
0.083850,5.001355,0.992374,0.42141,5.00
0.083860,4.999893,0.993960,0.42260,5.00
0.083870,4.998548,0.996600,0.42313,5.00
0.083880,4.997348,0.999710,0.42330,5.00
0.083890,4.996305,1.002955,0.42326,5.00
0.083900,4.995888,1.006148,0.42311,5.00
0.083910,4.997444,1.007186,0.42053,5.00
0.083920,4.998966,1.005936,0.41920,5.00
0.083930,5.000382,1.003492,0.41857,5.00
0.083940,5.001657,1.000491,0.41836,5.00
0.083950,5.002639,0.997301,0.41836,5.00
0.083960,5.002926,0.994720,0.41920,5.00
0.083970,5.003114,0.992889,0.41972,5.00
0.083980,5.003232,0.991533,0.42006,5.00
0.083990,5.003296,0.990490,0.42028,5.00
0.084000,5.003306,0.989662,0.42043,5.00
0.084010,5.003236,0.989039,0.42061,5.00
0.084020,5.003144,0.988586,0.42072,5.00
0.084030,5.003034,0.988249,0.42079,5.00
0.084040,5.002913,0.987996,0.42084,5.00
0.084050,5.002818,0.987806,0.42088,5.00
0.084060,5.002851,0.987518,0.42073,5.00
0.084070,5.002866,0.987117,0.42066,5.00
0.084080,5.002862,0.986678,0.42065,5.00
0.084090,5.002838,0.986243,0.42066,5.00
0.084100,5.002635,0.985835,0.42068,5.00
0.084110,5.001789,0.986149,0.42152,5.00
0.084120,5.000988,0.987219,0.42193,5.00
0.084130,5.000253,0.988663,0.42209,5.00
0.084140,4.999596,0.990259,0.42212,5.00
0.084150,4.998970,0.991881,0.42207,5.00
0.084160,4.998239,0.993659,0.42222,5.00
0.084170,4.997600,0.995563,0.42222,5.00
0.084180,4.997052,0.997462,0.42215,5.00
0.084190,4.996594,0.999285,0.42204,5.00
0.084200,4.996209,1.000993,0.42191,5.00
0.084210,4.995864,1.002611,0.42182,5.00
0.084220,4.995593,1.004134,0.42172,5.00
0.084230,4.995390,1.005540,0.42160,5.00
0.084240,4.995249,1.006821,0.42149,5.00
0.084250,4.995135,1.007976,0.42138,5.00
0.084260,4.994955,1.009133,0.42143,5.00
0.084270,4.994831,1.010305,0.42141,5.00
0.084280,4.994759,1.011428,0.42136,5.00
0.084290,4.994737,1.012469,0.42128,5.00
0.084300,4.994811,1.013413,0.42120,5.00
0.084310,4.995126,1.014034,0.42087,5.00
0.084320,4.995458,1.014325,0.42067,5.00
0.084330,4.995793,1.014412,0.42056,5.00
0.084340,4.996126,1.014373,0.42050,5.00
0.084350,4.996724,1.014254,0.42047,5.00
0.084360,4.998369,1.012925,0.41909,5.00
0.084370,4.999903,1.010355,0.41844,5.00
0.084380,5.001289,1.007206,0.41822,5.00
0.084390,5.002513,1.003856,0.41823,5.00
0.084400,5.003506,1.000522,0.41837,5.00
0.084410,5.004081,0.997607,0.41892,5.00
0.084420,5.004533,0.995186,0.41930,5.00
0.084430,5.004881,0.993127,0.41959,5.00
0.084440,5.005141,0.991349,0.41982,5.00
0.084450,5.005086,0.989797,0.42001,5.00
0.084460,5.004038,0.989451,0.42137,5.00
0.084470,5.003019,0.990328,0.42206,5.00
0.084480,5.002069,0.991839,0.42238,5.00
0.084490,5.001204,0.993645,0.42248,5.00
0.084500,5.000269,0.995549,0.42245,5.00
0.084510,4.998793,0.998134,0.42319,5.00
0.084520,4.997467,1.001367,0.42346,5.00
0.084530,4.996307,1.004827,0.42347,5.00
0.084540,4.995315,1.008277,0.42333,5.00
0.084550,4.994509,1.011585,0.42313,5.00
0.084560,4.993954,1.014576,0.42276,5.00
0.084570,4.993529,1.017214,0.42246,5.00
0.084580,4.993219,1.019548,0.42220,5.00
0.084590,4.993011,1.021616,0.42198,5.00
0.084600,4.993030,1.023445,0.42179,5.00
0.084610,4.993667,1.024466,0.42092,5.00
0.084620,4.994321,1.024675,0.42044,5.00
0.084630,4.994965,1.024419,0.42018,5.00
0.084640,4.995584,1.023905,0.42007,5.00
0.084650,4.996266,1.023254,0.42003,5.00
0.084660,4.997285,1.022127,0.41955,5.00
0.084670,4.998230,1.020551,0.41935,5.00
0.084680,4.999090,1.018780,0.41932,5.00
0.084690,4.999859,1.016959,0.41937,5.00
0.084700,5.000582,1.015171,0.41946,5.00
0.084710,5.001383,1.013283,0.41937,5.00
0.084720,5.002089,1.011310,0.41940,5.00
0.084730,5.002699,1.009363,0.41949,5.00
0.084740,5.003218,1.007503,0.41961,5.00
0.084750,5.003450,1.005761,0.41975,5.00
0.084760,5.002820,1.005008,0.42090,5.00
0.084770,5.002193,1.005283,0.42151,5.00
0.084780,5.001599,1.006106,0.42180,5.00
0.084790,5.001056,1.007197,0.42192,5.00
0.084800,5.000925,1.008393,0.42193,5.00
0.084810,5.002227,1.008098,0.42011,5.00
0.084820,5.003455,1.006197,0.41920,5.00
0.084830,5.004563,1.003507,0.41882,5.00
0.084840,5.005529,1.000496,0.41873,5.00
0.084850,5.006119,0.997431,0.41881,5.00
0.084860,5.005683,0.995431,0.42011,5.00
0.084870,5.005194,0.994614,0.42085,5.00
0.084880,5.004692,0.994476,0.42125,5.00
0.084890,5.004200,0.994722,0.42146,5.00
0.084900,5.003902,0.995176,0.42156,5.00
0.084910,5.004296,0.995007,0.42072,5.00
0.084920,5.004658,0.994125,0.42031,5.00
0.084930,5.004966,0.992903,0.42013,5.00
0.084940,5.005212,0.991555,0.42009,5.00
0.084950,5.005157,0.990201,0.42013,5.00
0.084960,5.004119,0.989918,0.42139,5.00
0.084970,5.003111,0.990781,0.42204,5.00
0.084980,5.002169,0.992240,0.42234,5.00
0.084990,5.001310,0.993976,0.42243,5.00
0.085000,5.000684,0.995805,0.42240,5.00
0.085010,5.000706,0.997011,0.42159,5.00
0.085020,5.000761,0.997511,0.42114,5.00
0.085030,5.000826,0.997615,0.42089,5.00
0.085040,5.000890,0.997507,0.42076,5.00
0.085050,5.000926,0.997291,0.42070,5.00
0.085060,5.000878,0.997107,0.42077,5.00
0.085070,5.000825,0.996994,0.42081,5.00
0.085080,5.000768,0.996925,0.42084,5.00
0.085090,5.000710,0.996887,0.42086,5.00
0.085100,5.000949,0.996870,0.42087,5.00
0.085110,5.002348,0.995597,0.41937,5.00
0.085120,5.003637,0.993012,0.41866,5.00
0.085130,5.004780,0.989823,0.41841,5.00
0.085140,5.005761,0.986437,0.41841,5.00
0.085150,5.006227,0.983081,0.41854,5.00
0.085160,5.005167,0.981383,0.42053,5.00
0.085170,5.004092,0.981469,0.42159,5.00
0.085180,5.003059,0.982526,0.42213,5.00
0.085190,5.002099,0.984082,0.42235,5.00
0.085200,5.001227,0.985859,0.42241,5.00
0.085210,5.000458,0.987686,0.42235,5.00
0.085220,4.999777,0.989474,0.42225,5.00
0.085230,4.999182,0.991178,0.42212,5.00
0.085240,4.998667,0.992779,0.42200,5.00
0.085250,4.998442,0.994266,0.42187,5.00
0.085260,4.999127,0.994715,0.42065,5.00
0.085270,4.999795,0.994088,0.42002,5.00
0.085280,5.000412,0.992907,0.41973,5.00
0.085290,5.000962,0.991472,0.41963,5.00
0.085300,5.001339,0.989956,0.41964,5.00
0.085310,5.001259,0.988879,0.42020,5.00
0.085320,5.001145,0.988312,0.42053,5.00
0.085330,5.001016,0.988046,0.42072,5.00
0.085340,5.000880,0.987956,0.42083,5.00
0.085350,5.000614,0.987971,0.42088,5.00
0.085360,4.999841,0.988604,0.42158,5.00
0.085370,4.999122,0.989854,0.42190,5.00
0.085380,4.998474,0.991392,0.42201,5.00
0.085390,4.997906,0.993030,0.42201,5.00
0.085400,4.997562,0.994660,0.42194,5.00
0.085410,4.997857,0.995607,0.42112,5.00
0.085420,4.998171,0.995814,0.42066,5.00
0.085430,4.998480,0.995613,0.42042,5.00
0.085440,4.998770,0.995197,0.42031,5.00
0.085450,4.999180,0.994678,0.42028,5.00
0.085460,5.000124,0.993506,0.41955,5.00
0.085470,5.000988,0.991692,0.41923,5.00
0.085480,5.001753,0.989602,0.41914,5.00
0.085490,5.002414,0.987443,0.41918,5.00
0.085500,5.002357,0.985333,0.41929,5.00
0.085510,4.999814,0.985951,0.42253,5.00
0.085520,4.997407,0.989437,0.42413,5.00
0.085530,4.995222,0.994340,0.42481,5.00
0.085540,4.993298,0.999822,0.42495,5.00
0.085550,4.992112,1.005406,0.42481,5.00
0.085560,4.993014,1.008826,0.42214,5.00
0.085570,4.993993,1.009860,0.42066,5.00
0.085580,4.994970,1.009555,0.41988,5.00
0.085590,4.995904,1.008526,0.41950,5.00
0.085600,4.996688,1.007132,0.41935,5.00
0.085610,4.997072,1.005937,0.41975,5.00
0.085620,4.997408,1.005075,0.42000,5.00
0.085630,4.997707,1.004416,0.42016,5.00
0.085640,4.997978,1.003883,0.42026,5.00
0.085650,4.998285,1.003430,0.42034,5.00
0.085660,4.998803,1.002775,0.42009,5.00
0.085670,4.999281,1.001893,0.41999,5.00
0.085680,4.999711,1.000916,0.41998,5.00
0.085690,5.000092,0.999922,0.42001,5.00
0.085700,5.000359,0.998953,0.42007,5.00
0.085710,5.000319,0.998318,0.42047,5.00
0.085720,5.000261,0.998041,0.42070,5.00
0.085730,5.000197,0.997967,0.42083,5.00
0.085740,5.000133,0.998005,0.42089,5.00
0.085750,5.000044,0.998101,0.42093,5.00
0.085760,4.999843,0.998354,0.42109,5.00
0.085770,4.999660,0.998751,0.42116,5.00
0.085780,4.999499,0.999209,0.42118,5.00
0.085790,4.999360,0.999683,0.42117,5.00
0.085800,4.999487,1.000146,0.42115,5.00
0.085810,5.000581,0.999549,0.41989,5.00
0.085820,5.001604,0.997842,0.41928,5.00
0.085830,5.002525,0.995601,0.41904,5.00
0.085840,5.003330,0.993159,0.41901,5.00
0.085850,5.003820,0.990703,0.41909,5.00
0.085860,5.003435,0.989170,0.42022,5.00
0.085870,5.003014,0.988650,0.42085,5.00
0.085880,5.002590,0.988702,0.42118,5.00
0.085890,5.002182,0.989068,0.42135,5.00
0.085900,5.001381,0.989598,0.42142,5.00
0.085910,4.998990,0.991978,0.42354,5.00
0.085920,4.996785,0.996230,0.42451,5.00
0.085930,4.994818,1.001331,0.42483,5.00
0.085940,4.993109,1.006697,0.42479,5.00
0.085950,4.991709,1.011996,0.42456,5.00
0.085960,4.990759,1.016827,0.42397,5.00
0.085970,4.990020,1.021088,0.42348,5.00
0.085980,4.989467,1.024863,0.42306,5.00
0.085990,4.989079,1.028211,0.42270,5.00
0.086000,4.989283,1.031178,0.42239,5.00
0.086010,4.991351,1.031897,0.41985,5.00
0.086020,4.993366,1.030321,0.41855,5.00
0.086030,4.995255,1.027541,0.41795,5.00
0.086040,4.996984,1.024193,0.41776,5.00
0.086050,4.998346,1.020646,0.41780,5.00
0.086060,4.998785,1.017930,0.41893,5.00
0.086070,4.999126,1.016193,0.41961,5.00
0.086080,4.999401,1.015039,0.42002,5.00
0.086090,4.999632,1.014235,0.42027,5.00
0.086100,5.000015,1.013642,0.42043,5.00
0.086110,5.001090,1.012395,0.41960,5.00
0.086120,5.002076,1.010414,0.41924,5.00
0.086130,5.002953,1.008109,0.41913,5.00
0.086140,5.003715,1.005716,0.41916,5.00
0.086150,5.004277,1.003367,0.41928,5.00
0.086160,5.004399,1.001496,0.41986,5.00
0.086170,5.004450,1.000156,0.42022,5.00
0.086180,5.004450,0.999159,0.42046,5.00
0.086190,5.004411,0.998392,0.42062,5.00
0.086200,5.004450,0.997785,0.42073,5.00
0.086210,5.004882,0.996840,0.42026,5.00
0.086220,5.005257,0.995509,0.42007,5.00
0.086230,5.005563,0.994030,0.42002,5.00
0.086240,5.005798,0.992538,0.42005,5.00
0.086250,5.005837,0.991108,0.42013,5.00
0.086260,5.005315,0.990322,0.42087,5.00
0.086270,5.004782,0.990220,0.42127,5.00
0.086280,5.004260,0.990505,0.42148,5.00
0.086290,5.003763,0.990999,0.42157,5.00
0.086300,5.003692,0.991599,0.42160,5.00
0.086310,5.005192,0.990558,0.41959,5.00
0.086320,5.006579,0.987771,0.41862,5.00
0.086330,5.007803,0.984161,0.41824,5.00
0.086340,5.008843,0.980257,0.41819,5.00
0.086350,5.009336,0.976359,0.41833,5.00
0.086360,5.008251,0.974163,0.42036,5.00
0.086370,5.007131,0.973817,0.42148,5.00
0.086380,5.006035,0.974501,0.42205,5.00
0.086390,5.004997,0.975737,0.42231,5.00
0.086400,5.003803,0.977243,0.42240,5.00
0.086410,5.001802,0.979829,0.42353,5.00
0.086420,4.999967,0.983442,0.42400,5.00
0.086430,4.998325,0.987483,0.42410,5.00
0.086440,4.996884,0.991612,0.42398,5.00
0.086450,4.995854,0.995636,0.42376,5.00
0.086460,4.995835,0.998549,0.42242,5.00
0.086470,4.995914,1.000262,0.42163,5.00
0.086480,4.996049,1.001260,0.42116,5.00
0.086490,4.996215,1.001827,0.42089,5.00
0.086500,4.996358,1.002135,0.42073,5.00
0.086510,4.996352,1.002454,0.42084,5.00
0.086520,4.996364,1.002851,0.42089,5.00
0.086530,4.996395,1.003268,0.42089,5.00
0.086540,4.996443,1.003672,0.42088,5.00
0.086550,4.996648,1.004045,0.42086,5.00
0.086560,4.997409,1.003789,0.42013,5.00
0.086570,4.998131,1.002874,0.41977,5.00
0.086580,4.998796,1.001633,0.41963,5.00
0.086590,4.999395,1.000257,0.41961,5.00
0.086600,4.999852,0.998855,0.41965,5.00
0.086610,4.999964,0.997796,0.42009,5.00
0.086620,5.000038,0.997123,0.42036,5.00
0.086630,5.000088,0.996684,0.42052,5.00
0.086640,5.000122,0.996387,0.42062,5.00
0.086650,5.000264,0.996177,0.42068,5.00
0.086660,5.000865,0.995513,0.42011,5.00
0.086670,5.001415,0.994353,0.41985,5.00
0.086680,5.001901,0.992971,0.41977,5.00
0.086690,5.002318,0.991525,0.41978,5.00
0.086700,5.002533,0.990103,0.41984,5.00
0.086710,5.002165,0.989319,0.42060,5.00
0.086720,5.001786,0.989221,0.42102,5.00
0.086730,5.001416,0.989501,0.42123,5.00
0.086740,5.001068,0.989981,0.42133,5.00
0.086750,5.000607,0.990556,0.42136,5.00
0.086760,4.999630,0.991764,0.42206,5.00
0.086770,4.998735,0.993596,0.42237,5.00
0.086780,4.997939,0.995697,0.42245,5.00
0.086790,4.997248,0.997864,0.42241,5.00
0.086800,4.996873,0.999984,0.42230,5.00
0.086810,4.997422,1.001090,0.42109,5.00
0.086820,4.997984,1.001115,0.42043,5.00
0.086830,4.998525,1.000551,0.42011,5.00
0.086840,4.999026,0.999686,0.41996,5.00
0.086850,4.999499,0.998688,0.41992,5.00
0.086860,4.999997,0.997569,0.41985,5.00
0.086870,5.000438,0.996380,0.41985,5.00
0.086880,5.000821,0.995197,0.41990,5.00
0.086890,5.001148,0.994062,0.41998,5.00
0.086900,5.001418,0.992996,0.42006,5.00
0.086910,5.001622,0.992029,0.42016,5.00
0.086920,5.001784,0.991165,0.42026,5.00
0.086930,5.001907,0.990393,0.42034,5.00
0.086940,5.001996,0.989703,0.42041,5.00
0.086950,5.002010,0.989089,0.42047,5.00
0.086960,5.001821,0.988738,0.42076,5.00
0.086970,5.001624,0.988653,0.42092,5.00
0.086980,5.001431,0.988720,0.42100,5.00
0.086990,5.001244,0.988871,0.42104,5.00
0.087000,5.000849,0.989068,0.42105,5.00
0.087010,4.999620,0.990215,0.42215,5.00
0.087020,4.998482,0.992335,0.42266,5.00
0.087030,4.997464,0.994902,0.42283,5.00
0.087040,4.996576,0.997613,0.42282,5.00
0.087050,4.995935,1.000298,0.42270,5.00
0.087060,4.995868,1.002371,0.42195,5.00
0.087070,4.995875,1.003764,0.42150,5.00
0.087080,4.995933,1.004731,0.42121,5.00
0.087090,4.996027,1.005422,0.42103,5.00
0.087100,4.996108,1.005930,0.42091,5.00
0.087110,4.996062,1.006469,0.42102,5.00
0.087120,4.996044,1.007081,0.42105,5.00
0.087130,4.996053,1.007700,0.42104,5.00
0.087140,4.996090,1.008288,0.42102,5.00
0.087150,4.995981,1.008827,0.42098,5.00
0.087160,4.995231,1.010036,0.42180,5.00
0.087170,4.994564,1.011942,0.42217,5.00
0.087180,4.993998,1.014140,0.42227,5.00
0.087190,4.993539,1.016400,0.42224,5.00
0.087200,4.993464,1.018592,0.42213,5.00
0.087210,4.994570,1.019464,0.42059,5.00
0.087220,4.995664,1.018934,0.41977,5.00
0.087230,4.996701,1.017652,0.41939,5.00
0.087240,4.997660,1.015999,0.41924,5.00
0.087250,4.998268,1.014194,0.41923,5.00
0.087260,4.997762,1.013485,0.42063,5.00
0.087270,4.997265,1.013988,0.42136,5.00
0.087280,4.996814,1.015116,0.42171,5.00
0.087290,4.996426,1.016529,0.42184,5.00
0.087300,4.996423,1.018032,0.42184,5.00
0.087310,4.997710,1.018181,0.42021,5.00
0.087320,4.998948,1.016860,0.41937,5.00
0.087330,5.000093,1.014788,0.41901,5.00
0.087340,5.001123,1.012381,0.41890,5.00
0.087350,5.002152,1.009878,0.41894,5.00
0.087360,5.003529,1.006899,0.41846,5.00
0.087370,5.004746,1.003499,0.41833,5.00
0.087380,5.005794,1.000001,0.41840,5.00
0.087390,5.006676,0.996588,0.41857,5.00
0.087400,5.006884,0.993356,0.41879,5.00
0.087410,5.004941,0.992552,0.42164,5.00
0.087420,5.003055,0.994285,0.42310,5.00
0.087430,5.001303,0.997330,0.42377,5.00
0.087440,4.999723,1.000978,0.42398,5.00
0.087450,4.998793,1.004818,0.42394,5.00
0.087460,4.999846,1.006651,0.42144,5.00
0.087470,5.000907,1.006267,0.42010,5.00
0.087480,5.001906,1.004704,0.41944,5.00
0.087490,5.002808,1.002564,0.41917,5.00
0.087500,5.003460,1.000196,0.41912,5.00
0.087510,5.003461,0.998384,0.41988,5.00
0.087520,5.003399,0.997262,0.42034,5.00
0.087530,5.003299,0.996561,0.42061,5.00
0.087540,5.003176,0.996119,0.42078,5.00
0.087550,5.002959,0.995840,0.42088,5.00
0.087560,5.002424,0.996006,0.42134,5.00
0.087570,5.001915,0.996595,0.42157,5.00
0.087580,5.001444,0.997396,0.42166,5.00
0.087590,5.001015,0.998288,0.42167,5.00
0.087600,5.000825,0.999198,0.42164,5.00
0.087610,5.001428,0.999269,0.42062,5.00
0.087620,5.002002,0.998443,0.42010,5.00
0.087630,5.002519,0.997169,0.41987,5.00
0.087640,5.002969,0.995705,0.41981,5.00
0.087650,5.003330,0.994200,0.41983,5.00
0.087660,5.003554,0.992807,0.41999,5.00
0.087670,5.003717,0.991574,0.42013,5.00
0.087680,5.003826,0.990482,0.42025,5.00
0.087690,5.003889,0.989515,0.42035,5.00
0.087700,5.003799,0.988662,0.42044,5.00
0.087710,5.003241,0.988386,0.42108,5.00
0.087720,5.002693,0.988697,0.42141,5.00
0.087730,5.002174,0.989323,0.42157,5.00
0.087740,5.001692,0.990104,0.42162,5.00
0.087750,5.001131,0.990948,0.42162,5.00
0.087760,5.000145,0.992312,0.42219,5.00
0.087770,4.999245,0.994190,0.42242,5.00
0.087780,4.998445,0.996277,0.42247,5.00
0.087790,4.997748,0.998400,0.42241,5.00
0.087800,4.997313,1.000463,0.42229,5.00
0.087810,4.997594,1.001734,0.42135,5.00
0.087820,4.997906,1.002157,0.42082,5.00
0.087830,4.998220,1.002105,0.42054,5.00
0.087840,4.998521,1.001795,0.42040,5.00
0.087850,4.998835,1.001352,0.42034,5.00
0.087860,4.999253,1.000711,0.42016,5.00
0.087870,4.999633,0.999908,0.42010,5.00
0.087880,4.999971,0.999046,0.42010,5.00
0.087890,5.000267,0.998182,0.42013,5.00
0.087900,5.000433,0.997351,0.42018,5.00
0.087910,5.000212,0.996948,0.42069,5.00
0.087920,4.999989,0.996999,0.42097,5.00
0.087930,4.999777,0.997292,0.42110,5.00
0.087940,4.999584,0.997707,0.42116,5.00
0.087950,4.999279,0.998171,0.42117,5.00
0.087960,4.998477,0.999215,0.42184,5.00
0.087970,4.997747,1.000840,0.42213,5.00
0.087980,4.997105,1.002714,0.42221,5.00
0.087990,4.996555,1.004649,0.42218,5.00
0.088000,4.996219,1.006539,0.42209,5.00
0.088010,4.996439,1.007812,0.42136,5.00
0.088020,4.996696,1.008419,0.42094,5.00
0.088030,4.996967,1.008636,0.42070,5.00
0.088040,4.997238,1.008627,0.42057,5.00
0.088050,4.997530,1.008487,0.42051,5.00
0.088060,4.997920,1.008157,0.42034,5.00
0.088070,4.998286,1.007664,0.42027,5.00
0.088080,4.998624,1.007097,0.42026,5.00
0.088090,4.998932,1.006504,0.42027,5.00
0.088100,4.999068,1.005915,0.42030,5.00
0.088110,4.998619,1.005955,0.42106,5.00
0.088120,4.998195,1.006658,0.42145,5.00
0.088130,4.997817,1.007687,0.42161,5.00
0.088140,4.997493,1.008848,0.42165,5.00
0.088150,4.997279,1.010032,0.42163,5.00
0.088160,4.997332,1.010945,0.42129,5.00
0.088170,4.997416,1.011547,0.42109,5.00
0.088180,4.997521,1.011950,0.42096,5.00
0.088190,4.997640,1.012225,0.42088,5.00
0.088200,4.998017,1.012411,0.42083,5.00
0.088210,4.999367,1.011475,0.41954,5.00
0.088220,5.000628,1.009390,0.41893,5.00
0.088230,5.001766,1.006758,0.41870,5.00
0.088240,5.002769,1.003929,0.41869,5.00
0.088250,5.003654,1.001099,0.41880,5.00
0.088260,5.004482,0.998292,0.41886,5.00
0.088270,5.005177,0.995564,0.41901,5.00
0.088280,5.005747,0.992987,0.41919,5.00
0.088290,5.006199,0.990598,0.41938,5.00
0.088300,5.006437,0.988411,0.41957,5.00
0.088310,5.006160,0.986888,0.42030,5.00
0.088320,5.005836,0.986041,0.42073,5.00
0.088330,5.005488,0.985606,0.42097,5.00
0.088340,5.005132,0.985423,0.42112,5.00
0.088350,5.004607,0.985398,0.42120,5.00
0.088360,5.003438,0.986186,0.42208,5.00
0.088370,5.002339,0.987780,0.42249,5.00
0.088380,5.001334,0.989761,0.42264,5.00
0.088390,5.000432,0.991885,0.42263,5.00
0.088400,4.999575,0.994013,0.42255,5.00
0.088410,4.998584,0.996328,0.42272,5.00
0.088420,4.997712,0.998798,0.42272,5.00
0.088430,4.996960,1.001259,0.42262,5.00
0.088440,4.996324,1.003621,0.42247,5.00
0.088450,4.996160,1.005837,0.42231,5.00
0.088460,4.997508,1.006339,0.42030,5.00
0.088470,4.998814,1.005054,0.41927,5.00
0.088480,5.000023,1.002850,0.41880,5.00
0.088490,5.001108,1.000229,0.41866,5.00
0.088500,5.001873,0.997479,0.41869,5.00
0.088510,5.001782,0.995557,0.41975,5.00
0.088520,5.001631,0.994585,0.42036,5.00
0.088530,5.001455,0.994164,0.42071,5.00
0.088540,5.001270,0.994061,0.42090,5.00
0.088550,5.000913,0.994136,0.42101,5.00
0.088560,4.999890,0.995048,0.42193,5.00
0.088570,4.998942,0.996779,0.42236,5.00
0.088580,4.998092,0.998890,0.42251,5.00
0.088590,4.997350,1.001125,0.42250,5.00
0.088600,4.996701,1.003342,0.42240,5.00
0.088610,4.996097,1.005526,0.42234,5.00
0.088620,4.995596,1.007638,0.42223,5.00
0.088630,4.995192,1.009626,0.42209,5.00
0.088640,4.994878,1.011463,0.42194,5.00
0.088650,4.994951,1.013139,0.42179,5.00
0.088660,4.996284,1.013353,0.42010,5.00
0.088670,4.997571,1.012057,0.41925,5.00
0.088680,4.998763,1.009984,0.41887,5.00
0.088690,4.999841,1.007563,0.41876,5.00
0.088700,5.000500,1.005037,0.41880,5.00
0.088710,4.999887,1.003804,0.42041,5.00
0.088720,4.999267,1.003992,0.42128,5.00
0.088730,4.998683,1.004936,0.42170,5.00
0.088740,4.998158,1.006249,0.42188,5.00
0.088750,4.998049,1.007708,0.42192,5.00
0.088760,4.999361,1.007709,0.42012,5.00
0.088770,5.000614,1.006120,0.41922,5.00
0.088780,5.001760,1.003730,0.41883,5.00
0.088790,5.002777,1.000998,0.41872,5.00
0.088800,5.003400,0.998185,0.41878,5.00
0.088810,5.002888,0.996533,0.42022,5.00
0.088820,5.002343,0.996168,0.42101,5.00
0.088830,5.001808,0.996514,0.42143,5.00
0.088840,5.001304,0.997236,0.42162,5.00
0.088850,5.000759,0.998139,0.42169,5.00
0.088860,4.999934,0.999468,0.42211,5.00
0.088870,4.999187,1.001175,0.42227,5.00
0.088880,4.998529,1.003021,0.42229,5.00
0.088890,4.997961,1.004874,0.42222,5.00
0.088900,4.997505,1.006658,0.42211,5.00
0.088910,4.997223,1.008234,0.42187,5.00
0.088920,4.997008,1.009579,0.42168,5.00
0.088930,4.996851,1.010743,0.42153,5.00
0.088940,4.996744,1.011758,0.42141,5.00
0.088950,4.996507,1.012648,0.42131,5.00
0.088960,4.995632,1.014167,0.42210,5.00
0.088970,4.994855,1.016359,0.42244,5.00
0.088980,4.994193,1.018819,0.42252,5.00
0.088990,4.993649,1.021320,0.42247,5.00
0.089000,4.993505,1.023734,0.42234,5.00
0.089010,4.994568,1.024791,0.42075,5.00
0.089020,4.995627,1.024409,0.41991,5.00
0.089030,4.996636,1.023252,0.41950,5.00
0.089040,4.997572,1.021704,0.41934,5.00
0.089050,4.998612,1.019991,0.41932,5.00
0.089060,5.000296,1.017441,0.41843,5.00
0.089070,5.001826,1.014094,0.41808,5.00
0.089080,5.003180,1.010438,0.41804,5.00
0.089090,5.004355,1.006750,0.41816,5.00
0.089100,5.005242,1.003185,0.41837,5.00
0.089110,5.005528,1.000302,0.41918,5.00
0.089120,5.005703,0.998161,0.41971,5.00
0.089130,5.005792,0.996510,0.42005,5.00
0.089140,5.005816,0.995194,0.42029,5.00
0.089150,5.005923,0.994122,0.42047,5.00
0.089160,5.006517,0.992652,0.41991,5.00
0.089170,5.007026,0.990723,0.41968,5.00
0.089180,5.007437,0.988633,0.41965,5.00
0.089190,5.007749,0.986552,0.41971,5.00
0.089200,5.007753,0.984571,0.41982,5.00
0.089210,5.006837,0.983648,0.42104,5.00
0.089220,5.005920,0.983841,0.42169,5.00
0.089230,5.005038,0.984647,0.42201,5.00
0.089240,5.004211,0.985770,0.42214,5.00
0.089250,5.003462,0.987038,0.42216,5.00
0.089260,5.002841,0.988281,0.42204,5.00
0.089270,5.002280,0.989441,0.42193,5.00
0.089280,5.001774,0.990523,0.42183,5.00
0.089290,5.001320,0.991532,0.42173,5.00
0.089300,5.000894,0.992472,0.42164,5.00
0.089310,5.000438,0.993428,0.42166,5.00
0.089320,5.000030,0.994407,0.42163,5.00
0.089330,4.999669,0.995367,0.42158,5.00
0.089340,4.999354,0.996283,0.42151,5.00
0.089350,4.999081,0.997143,0.42145,5.00
0.089360,4.998845,0.997946,0.42138,5.00
0.089370,4.998646,0.998690,0.42132,5.00
0.089380,4.998481,0.999374,0.42126,5.00
0.089390,4.998346,0.999998,0.42120,5.00
0.089400,4.998215,1.000566,0.42115,5.00
0.089410,4.998016,1.001183,0.42122,5.00
0.089420,4.997848,1.001856,0.42123,5.00
0.089430,4.997713,1.002530,0.42121,5.00
0.089440,4.997608,1.003177,0.42117,5.00
0.089450,4.997402,1.003779,0.42113,5.00
0.089460,4.996716,1.004887,0.42174,5.00
0.089470,4.996102,1.006520,0.42201,5.00
0.089480,4.995575,1.008368,0.42208,5.00
0.089490,4.995137,1.010255,0.42204,5.00
0.089500,4.995019,1.012083,0.42194,5.00
0.089510,4.995880,1.012817,0.42066,5.00
0.089520,4.996732,1.012392,0.41998,5.00
0.089530,4.997539,1.011348,0.41966,5.00
0.089540,4.998283,1.010000,0.41954,5.00
0.089550,4.998864,1.008531,0.41953,5.00
0.089560,4.999022,1.007428,0.42004,5.00
0.089570,4.999142,1.006766,0.42034,5.00
0.089580,4.999238,1.006363,0.42052,5.00
0.089590,4.999319,1.006109,0.42063,5.00
0.089600,4.999390,1.005943,0.42069,5.00
0.089610,4.999456,1.005827,0.42073,5.00
0.089620,4.999516,1.005740,0.42075,5.00
0.089630,4.999572,1.005669,0.42076,5.00
0.089640,4.999625,1.005607,0.42078,5.00
0.089650,4.999777,1.005551,0.42078,5.00
0.089660,5.000322,1.005063,0.42027,5.00
0.089670,5.000827,1.004125,0.42004,5.00
0.089680,5.001278,1.002980,0.41995,5.00
0.089690,5.001671,1.001766,0.41996,5.00
0.089700,5.002040,1.000562,0.42001,5.00
0.089710,5.002488,0.999262,0.41991,5.00
0.089720,5.002871,0.997885,0.41991,5.00
0.089730,5.003188,0.996521,0.41996,5.00
0.089740,5.003442,0.995221,0.42004,5.00
0.089750,5.003450,0.994012,0.42013,5.00
0.089760,5.002683,0.993696,0.42117,5.00
0.089770,5.001936,0.994310,0.42170,5.00
0.089780,5.001237,0.995408,0.42194,5.00
0.089790,5.000602,0.996733,0.42202,5.00
0.089800,5.000143,0.998136,0.42201,5.00
0.089810,5.000171,0.999072,0.42140,5.00
0.089820,5.000226,0.999475,0.42106,5.00
0.089830,5.000291,0.999580,0.42087,5.00
0.089840,5.000354,0.999520,0.42077,5.00
0.089850,5.000434,0.999376,0.42073,5.00
0.089860,5.000595,0.999096,0.42059,5.00
0.089870,5.000738,0.998702,0.42054,5.00
0.089880,5.000861,0.998263,0.42053,5.00
0.089890,5.000962,0.997819,0.42054,5.00
0.089900,5.000858,0.997391,0.42056,5.00
0.089910,5.000014,0.997779,0.42152,5.00
0.089920,4.999221,0.999022,0.42199,5.00
0.089930,4.998503,1.000679,0.42218,5.00
0.089940,4.997873,1.002497,0.42221,5.00
0.089950,4.997647,1.004334,0.42215,5.00
0.089960,4.998734,1.004763,0.42046,5.00
0.089970,4.999786,1.003688,0.41959,5.00
0.089980,5.000757,1.001841,0.41919,5.00
0.089990,5.001625,0.999644,0.41907,5.00
0.090000,5.002217,0.997342,0.41909,5.00
0.090010,5.002056,0.995776,0.42003,5.00
0.090020,5.001850,0.995048,0.42056,5.00
0.090030,5.001628,0.994803,0.42086,5.00
0.090040,5.001404,0.994833,0.42102,5.00
0.090050,5.001104,0.995015,0.42110,5.00
0.090060,5.000489,0.995634,0.42156,5.00
0.090070,4.999921,0.996663,0.42176,5.00
0.090080,4.999410,0.997877,0.42183,5.00
0.090090,4.998960,0.999148,0.42181,5.00
0.090100,4.998413,1.000402,0.42175,5.00
0.090110,4.997310,1.002274,0.42247,5.00
0.090120,4.996320,1.004772,0.42276,5.00
0.090130,4.995460,1.007508,0.42281,5.00
0.090140,4.994733,1.010265,0.42272,5.00
0.090150,4.994341,1.012920,0.42257,5.00
0.090160,4.994868,1.014534,0.42135,5.00
0.090170,4.995432,1.015043,0.42067,5.00
0.090180,4.995995,1.014923,0.42031,5.00
0.090190,4.996538,1.014458,0.42013,5.00
0.090200,4.997239,1.013811,0.42006,5.00
0.090210,4.998641,1.012273,0.41909,5.00
0.090220,4.999935,1.009864,0.41867,5.00
0.090230,5.001096,1.007071,0.41855,5.00
0.090240,5.002117,1.004171,0.41860,5.00
0.090250,5.002940,1.001321,0.41874,5.00
0.090260,5.003407,0.998849,0.41921,5.00
0.090270,5.003770,0.996810,0.41955,5.00
0.090280,5.004047,0.995086,0.41980,5.00
0.090290,5.004249,0.993603,0.41999,5.00
0.090300,5.004397,0.992315,0.42015,5.00
0.090310,5.004523,0.991151,0.42024,5.00
0.090320,5.004599,0.990089,0.42032,5.00
0.090330,5.004628,0.989132,0.42041,5.00
0.090340,5.004617,0.988279,0.42049,5.00
0.090350,5.004259,0.987526,0.42057,5.00
0.090360,5.002666,0.988188,0.42220,5.00
0.090370,5.001160,0.990313,0.42300,5.00
0.090380,4.999786,0.993155,0.42331,5.00
0.090390,4.998562,0.996285,0.42336,5.00
0.090400,4.997697,0.999456,0.42326,5.00
0.090410,4.997780,1.001658,0.42205,5.00
0.090420,4.997931,1.002782,0.42135,5.00
0.090430,4.998113,1.003282,0.42096,5.00
0.090440,4.998306,1.003422,0.42074,5.00
0.090450,4.998195,1.003359,0.42062,5.00
0.090460,4.996903,1.004471,0.42209,5.00
0.090470,4.995712,1.006865,0.42278,5.00
0.090480,4.994658,1.009852,0.42304,5.00
0.090490,4.993756,1.013040,0.42305,5.00
0.090500,4.993216,1.016205,0.42293,5.00
0.090510,4.993638,1.018331,0.42168,5.00
0.090520,4.994120,1.019321,0.42097,5.00
0.090530,4.994622,1.019645,0.42057,5.00
0.090540,4.995124,1.019583,0.42036,5.00
0.090550,4.995732,1.019300,0.42025,5.00
0.090560,4.996785,1.018382,0.41961,5.00
0.090570,4.997770,1.016866,0.41932,5.00
0.090580,4.998668,1.015074,0.41923,5.00
0.090590,4.999474,1.013190,0.41926,5.00
0.090600,5.000171,1.011320,0.41935,5.00
0.090610,5.000710,1.009595,0.41955,5.00
0.090620,5.001172,1.008049,0.41972,5.00
0.090630,5.001563,1.006656,0.41987,5.00
0.090640,5.001892,1.005396,0.42000,5.00
0.090650,5.002230,1.004257,0.42012,5.00
0.090660,5.002772,1.002946,0.41989,5.00
0.090670,5.003244,1.001445,0.41982,5.00
0.090680,5.003642,0.999900,0.41985,5.00
0.090690,5.003967,0.998397,0.41992,5.00
0.090700,5.004138,0.996978,0.42002,5.00
0.090710,5.003914,0.996030,0.42056,5.00
0.090720,5.003664,0.995576,0.42086,5.00
0.090730,5.003403,0.995413,0.42104,5.00
0.090740,5.003143,0.995423,0.42113,5.00
0.090750,5.002654,0.995534,0.42118,5.00
0.090760,5.001265,0.996700,0.42238,5.00
0.090770,4.999974,0.998936,0.42293,5.00
0.090780,4.998810,1.001670,0.42312,5.00
0.090790,4.997786,1.004572,0.42311,5.00
0.090800,4.997017,1.007456,0.42299,5.00
0.090810,4.996824,1.009737,0.42224,5.00
0.090820,4.996716,1.011341,0.42178,5.00
0.090830,4.996670,1.012515,0.42148,5.00
0.090840,4.996669,1.013405,0.42128,5.00
0.090850,4.996645,1.014101,0.42114,5.00
0.090860,4.996427,1.014900,0.42134,5.00
0.090870,4.996252,1.015848,0.42140,5.00
0.090880,4.996122,1.016830,0.42140,5.00
0.090890,4.996037,1.017784,0.42136,5.00
0.090900,4.996017,1.018676,0.42130,5.00
0.090910,4.996123,1.019396,0.42112,5.00
0.090920,4.996255,1.019932,0.42100,5.00
0.090930,4.996406,1.020339,0.42092,5.00
0.090940,4.996572,1.020648,0.42086,5.00
0.090950,4.996915,1.020883,0.42082,5.00
0.090960,4.997913,1.020346,0.41995,5.00
0.090970,4.998855,1.019019,0.41953,5.00
0.090980,4.999717,1.017308,0.41937,5.00
0.090990,5.000489,1.015446,0.41936,5.00
0.091000,5.001513,1.013568,0.41942,5.00
0.091010,5.003785,1.010281,0.41779,5.00
0.091020,5.005845,1.005566,0.41710,5.00
0.091030,5.007654,1.000261,0.41694,5.00
0.091040,5.009202,0.994845,0.41707,5.00
0.091050,5.009953,0.989585,0.41735,5.00
0.091060,5.008363,0.986925,0.42043,5.00
0.091070,5.006747,0.987029,0.42208,5.00
0.091080,5.005195,0.988637,0.42291,5.00
0.091090,5.003752,0.991014,0.42327,5.00
0.091100,5.002752,0.993732,0.42335,5.00
0.091110,5.003099,0.995220,0.42171,5.00
0.091120,5.003467,0.995286,0.42083,5.00
0.091130,5.003813,0.994594,0.42038,5.00
0.091140,5.004113,0.993528,0.42018,5.00
0.091150,5.003946,0.992312,0.42013,5.00
0.091160,5.002123,0.992822,0.42222,5.00
0.091170,5.000394,0.995200,0.42326,5.00
0.091180,4.998817,0.998503,0.42368,5.00
0.091190,4.997415,1.002185,0.42377,5.00
0.091200,4.996485,1.005936,0.42366,5.00
0.091210,4.996856,1.008351,0.42200,5.00
0.091220,4.997290,1.009287,0.42107,5.00
0.091230,4.997738,1.009385,0.42057,5.00
0.091240,4.998172,1.009024,0.42031,5.00
0.091250,4.998559,1.008422,0.42019,5.00
0.091260,4.998832,1.007795,0.42026,5.00
0.091270,4.999077,1.007220,0.42032,5.00
0.091280,4.999294,1.006691,0.42037,5.00
0.091290,4.999486,1.006204,0.42042,5.00
0.091300,4.999860,1.005755,0.42046,5.00
0.091310,5.001003,1.004475,0.41948,5.00
0.091320,5.002052,1.002326,0.41903,5.00
0.091330,5.002982,0.999791,0.41889,5.00
0.091340,5.003785,0.997145,0.41892,5.00
0.091350,5.004193,0.994545,0.41904,5.00
0.091360,5.003437,0.993219,0.42056,5.00
0.091370,5.002667,0.993256,0.42138,5.00
0.091380,5.001927,0.994036,0.42179,5.00
0.091390,5.001241,0.995194,0.42197,5.00
0.091400,5.000370,0.996520,0.42201,5.00
0.091410,4.998601,0.998951,0.42324,5.00
0.091420,4.996990,1.002461,0.42375,5.00
0.091430,4.995567,1.006422,0.42388,5.00
0.091440,4.994340,1.010475,0.42378,5.00
0.091450,4.993770,1.014418,0.42357,5.00
0.091460,4.995189,1.016166,0.42096,5.00
0.091470,4.996605,1.015583,0.41958,5.00
0.091480,4.997945,1.013756,0.41891,5.00
0.091490,4.999171,1.011318,0.41864,5.00
0.091500,4.999969,1.008632,0.41861,5.00
0.091510,4.999471,1.007185,0.42021,5.00
0.091520,4.998952,1.007144,0.42107,5.00
0.091530,4.998459,1.007859,0.42151,5.00
0.091540,4.998014,1.008951,0.42170,5.00
0.091550,4.997723,1.010202,0.42175,5.00
0.091560,4.997862,1.011083,0.42125,5.00
0.091570,4.998026,1.011508,0.42096,5.00
0.091580,4.998200,1.011665,0.42080,5.00
0.091590,4.998375,1.011668,0.42071,5.00
0.091600,4.998732,1.011581,0.42066,5.00
0.091610,4.999802,1.010654,0.41971,5.00
0.091620,5.000795,1.008879,0.41927,5.00
0.091630,5.001687,1.006710,0.41911,5.00
0.091640,5.002468,1.004410,0.41912,5.00
0.091650,5.003160,1.002126,0.41922,5.00
0.091660,5.003833,0.999844,0.41924,5.00
0.091670,5.004396,0.997603,0.41935,5.00
0.091680,5.004856,0.995474,0.41949,5.00
0.091690,5.005220,0.993495,0.41964,5.00
0.091700,5.005119,0.991681,0.41980,5.00
0.091710,5.003481,0.991634,0.42184,5.00
0.091720,5.001911,0.993414,0.42287,5.00
0.091730,5.000462,0.996123,0.42332,5.00
0.091740,4.999162,0.999239,0.42344,5.00
0.091750,4.998272,1.002463,0.42338,5.00
0.091760,4.998517,1.004550,0.42194,5.00
0.091770,4.998818,1.005366,0.42114,5.00
0.091780,4.999132,1.005465,0.42070,5.00
0.091790,4.999436,1.005172,0.42047,5.00
0.091800,4.999728,1.004678,0.42037,5.00
0.091810,5.000030,1.004050,0.42029,5.00
0.091820,5.000299,1.003350,0.42028,5.00
0.091830,5.000533,1.002638,0.42030,5.00
0.091840,5.000733,1.001945,0.42033,5.00
0.091850,5.001058,1.001290,0.42038,5.00
0.091860,5.001963,1.000014,0.41964,5.00
0.091870,5.002783,0.998090,0.41931,5.00
0.091880,5.003501,0.995895,0.41923,5.00
0.091890,5.004109,0.993641,0.41927,5.00
0.091900,5.004636,0.991448,0.41938,5.00
0.091910,5.005155,0.989277,0.41941,5.00
0.091920,5.005572,0.987155,0.41950,5.00
0.091930,5.005892,0.985152,0.41964,5.00
0.091940,5.006123,0.983301,0.41979,5.00
0.091950,5.006105,0.981618,0.41993,5.00
0.091960,5.005368,0.980814,0.42091,5.00
0.091970,5.004628,0.980913,0.42144,5.00
0.091980,5.003913,0.981511,0.42170,5.00
0.091990,5.003239,0.982371,0.42181,5.00
0.092000,5.002721,0.983355,0.42183,5.00
0.092010,5.002666,0.983929,0.42127,5.00
0.092020,5.002624,0.984028,0.42096,5.00
0.092030,5.002579,0.983880,0.42081,5.00
0.092040,5.002524,0.983614,0.42073,5.00
0.092050,5.002424,0.983304,0.42071,5.00
0.092060,5.002186,0.983129,0.42087,5.00
0.092070,5.001947,0.983117,0.42096,5.00
0.092080,5.001712,0.983203,0.42100,5.00
0.092090,5.001486,0.983347,0.42103,5.00
0.092100,5.001165,0.983525,0.42103,5.00
0.092110,5.000452,0.984164,0.42155,5.00
0.092120,4.999789,0.985274,0.42179,5.00
0.092130,4.999188,0.986601,0.42186,5.00
0.092140,4.998656,0.988000,0.42185,5.00
0.092150,4.998142,0.989389,0.42179,5.00
0.092160,4.997501,0.990932,0.42195,5.00
0.092170,4.996941,0.992616,0.42197,5.00
0.092180,4.996463,0.994310,0.42192,5.00
0.092190,4.996064,0.995943,0.42183,5.00
0.092200,4.996054,0.997478,0.42171,5.00
0.092210,4.997330,0.997564,0.42002,5.00
0.092220,4.998553,0.996139,0.41916,5.00
0.092230,4.999678,0.993949,0.41879,5.00
0.092240,5.000683,0.991425,0.41868,5.00
0.092250,5.001334,0.988816,0.41873,5.00
0.092260,5.000974,0.987230,0.42002,5.00
0.092270,5.000579,0.986783,0.42072,5.00
0.092280,5.000186,0.986970,0.42110,5.00
0.092290,4.999814,0.987495,0.42128,5.00
0.092300,4.999412,0.988185,0.42135,5.00
0.092310,4.998801,0.989211,0.42168,5.00
0.092320,4.998251,0.990526,0.42181,5.00
0.092330,4.997768,0.991948,0.42182,5.00
0.092340,4.997355,0.993374,0.42177,5.00
0.092350,4.996940,0.994747,0.42169,5.00
0.092360,4.996320,0.996330,0.42194,5.00
0.092370,4.995783,0.998121,0.42200,5.00
0.092380,4.995335,0.999952,0.42197,5.00
0.092390,4.994972,1.001727,0.42187,5.00
0.092400,4.994932,1.003398,0.42176,5.00
0.092410,4.995907,1.003908,0.42041,5.00
0.092420,4.996862,1.003207,0.41971,5.00
0.092430,4.997756,1.001868,0.41939,5.00
0.092440,4.998573,1.000229,0.41928,5.00
0.092450,4.999128,0.998482,0.41929,5.00
0.092460,4.998906,0.997494,0.42026,5.00
0.092470,4.998666,0.997356,0.42079,5.00
0.092480,4.998435,0.997678,0.42107,5.00
0.092490,4.998229,0.998233,0.42119,5.00
0.092500,4.997985,0.998888,0.42123,5.00
0.092510,4.997514,0.999855,0.42156,5.00
0.092520,4.997100,1.001102,0.42169,5.00
0.092530,4.996749,1.002449,0.42171,5.00
0.092540,4.996462,1.003792,0.42166,5.00
0.092550,4.996141,1.005076,0.42159,5.00
0.092560,4.995506,1.006680,0.42198,5.00
0.092570,4.994959,1.008607,0.42212,5.00
0.092580,4.994507,1.010626,0.42211,5.00
0.092590,4.994150,1.012606,0.42202,5.00
0.092600,4.994217,1.014478,0.42190,5.00
0.092610,4.995663,1.014787,0.42008,5.00
0.092620,4.997061,1.013460,0.41915,5.00
0.092630,4.998361,1.011288,0.41874,5.00
0.092640,4.999540,1.008732,0.41862,5.00
0.092650,5.000487,1.006054,0.41866,5.00
0.092660,5.000916,1.003832,0.41929,5.00
0.092670,5.001255,1.002166,0.41969,5.00
0.092680,5.001527,1.000860,0.41997,5.00
0.092690,5.001743,0.999796,0.42015,5.00
0.092700,5.001817,0.998903,0.42029,5.00
0.092710,5.001471,0.998554,0.42089,5.00
0.092720,5.001128,0.998741,0.42120,5.00
0.092730,5.000806,0.999210,0.42135,5.00
0.092740,5.000511,0.999815,0.42141,5.00
0.092750,5.000127,1.000474,0.42141,5.00
0.092760,4.999303,1.001654,0.42200,5.00
0.092770,4.998555,1.003351,0.42225,5.00
0.092780,4.997897,1.005261,0.42231,5.00
0.092790,4.997333,1.007212,0.42226,5.00
0.092800,4.997115,1.009106,0.42216,5.00
0.092810,4.997964,1.009816,0.42076,5.00
0.092820,4.998802,1.009275,0.42003,5.00
0.092830,4.999587,1.008072,0.41968,5.00
0.092840,5.000301,1.006552,0.41955,5.00
0.092850,5.000503,1.004915,0.41955,5.00
0.092860,4.998943,1.005115,0.42179,5.00
0.092870,4.997465,1.007293,0.42292,5.00
0.092880,4.996127,1.010450,0.42340,5.00
0.092890,4.994958,1.014011,0.42351,5.00
0.092900,4.994260,1.017646,0.42343,5.00
0.092910,4.994887,1.019910,0.42174,5.00
0.092920,4.995567,1.020653,0.42080,5.00
0.092930,4.996249,1.020534,0.42030,5.00
0.092940,4.996905,1.019943,0.42005,5.00
0.092950,4.997788,1.019105,0.41995,5.00
0.092960,4.999659,1.017020,0.41858,5.00
0.092970,5.001381,1.013717,0.41798,5.00
0.092980,5.002923,1.009876,0.41781,5.00
0.092990,5.004271,1.005885,0.41787,5.00
0.093000,5.005070,1.001963,0.41806,5.00
0.093010,5.004299,0.999748,0.42011,5.00
0.093020,5.003488,0.999366,0.42124,5.00
0.093030,5.002697,0.999990,0.42182,5.00
0.093040,5.001957,1.001141,0.42208,5.00
0.093050,5.001526,1.002538,0.42217,5.00
0.093060,5.002109,1.002988,0.42093,5.00
0.093070,5.002675,1.002358,0.42029,5.00
0.093080,5.003190,1.001172,0.42000,5.00
0.093090,5.003640,0.999738,0.41989,5.00
0.093100,5.003927,0.998228,0.41990,5.00
0.093110,5.003791,0.997126,0.42041,5.00
0.093120,5.003620,0.996503,0.42072,5.00
0.093130,5.003431,0.996167,0.42090,5.00
0.093140,5.003233,0.996008,0.42100,5.00
0.093150,5.003014,0.995957,0.42106,5.00
0.093160,5.002723,0.996056,0.42118,5.00
0.093170,5.002442,0.996284,0.42124,5.00
0.093180,5.002177,0.996579,0.42126,5.00
0.093190,5.001928,0.996906,0.42126,5.00
0.093200,5.001707,0.997244,0.42125,5.00
0.093210,5.001547,0.997534,0.42117,5.00
0.093220,5.001399,0.997767,0.42112,5.00
0.093230,5.001263,0.997965,0.42109,5.00
0.093240,5.001136,0.998141,0.42106,5.00
0.093250,5.000844,0.998302,0.42104,5.00
0.093260,4.999889,0.999189,0.42190,5.00
0.093270,4.999004,1.000836,0.42230,5.00
0.093280,4.998213,1.002831,0.42243,5.00
0.093290,4.997523,1.004939,0.42242,5.00
0.093300,4.997085,1.007026,0.42233,5.00
0.093310,4.997326,1.008382,0.42145,5.00
0.093320,4.997602,1.008943,0.42095,5.00
0.093330,4.997888,1.009050,0.42067,5.00
0.093340,4.998169,1.008901,0.42053,5.00
0.093350,4.998573,1.008615,0.42047,5.00
0.093360,4.999487,1.007680,0.41976,5.00
0.093370,5.000332,1.006113,0.41944,5.00
0.093380,5.001090,1.004262,0.41934,5.00
0.093390,5.001754,1.002324,0.41936,5.00
0.093400,5.002287,1.000414,0.41945,5.00
0.093410,5.002584,0.998751,0.41976,5.00
0.093420,5.002811,0.997375,0.41999,5.00
0.093430,5.002980,0.996210,0.42015,5.00
0.093440,5.003100,0.995207,0.42028,5.00
0.093450,5.003185,0.994336,0.42039,5.00
0.093460,5.003271,0.993536,0.42043,5.00
0.093470,5.003321,0.992790,0.42048,5.00
0.093480,5.003339,0.992110,0.42053,5.00
0.093490,5.003327,0.991498,0.42059,5.00
0.093500,5.003185,0.990956,0.42064,5.00
0.093510,5.002616,0.990925,0.42122,5.00
0.093520,5.002065,0.991420,0.42151,5.00
0.093530,5.001550,0.992188,0.42163,5.00
0.093540,5.001079,0.993081,0.42167,5.00
0.093550,5.000775,0.994015,0.42165,5.00
0.093560,5.000993,0.994421,0.42099,5.00
0.093570,5.001210,0.994250,0.42064,5.00
0.093580,5.001408,0.993779,0.42047,5.00
0.093590,5.001579,0.993168,0.42040,5.00
0.093600,5.001751,0.992511,0.42039,5.00
0.093610,5.002016,0.991721,0.42025,5.00
0.093620,5.002239,0.990822,0.42021,5.00
0.093630,5.002419,0.989904,0.42023,5.00
0.093640,5.002556,0.989017,0.42028,5.00
0.093650,5.002353,0.988186,0.42033,5.00
0.093660,5.000949,0.988703,0.42191,5.00
0.093670,4.999621,0.990624,0.42269,5.00
0.093680,4.998414,0.993235,0.42300,5.00
0.093690,4.997344,0.996123,0.42305,5.00
0.093700,4.996773,0.999053,0.42297,5.00
0.093710,4.997722,1.000379,0.42101,5.00
0.093720,4.998672,0.999969,0.41998,5.00
0.093730,4.999568,0.998637,0.41947,5.00
0.093740,5.000381,0.996855,0.41927,5.00
0.093750,5.001157,0.994895,0.41924,5.00
0.093760,5.002054,0.992675,0.41902,5.00
0.093770,5.002837,0.990272,0.41900,5.00
0.093780,5.003503,0.987863,0.41908,5.00
0.093790,5.004057,0.985549,0.41922,5.00
0.093800,5.004434,0.983381,0.41938,5.00
0.093810,5.004440,0.981683,0.41991,5.00
0.093820,5.004382,0.980475,0.42024,5.00
0.093830,5.004280,0.979589,0.42045,5.00
0.093840,5.004145,0.978922,0.42060,5.00
0.093850,5.003802,0.978412,0.42070,5.00
0.093860,5.002727,0.978800,0.42169,5.00
0.093870,5.001705,0.980094,0.42218,5.00
0.093880,5.000766,0.981837,0.42238,5.00
0.093890,4.999919,0.983767,0.42241,5.00
0.093900,4.999543,0.985732,0.42234,5.00
0.093910,5.000714,0.986057,0.42035,5.00
0.093920,5.001837,0.984629,0.41933,5.00
0.093930,5.002859,0.982317,0.41888,5.00
0.093940,5.003754,0.979621,0.41874,5.00
0.093950,5.004089,0.976827,0.41878,5.00
0.093960,5.002632,0.975914,0.42107,5.00
0.093970,5.001207,0.977044,0.42226,5.00
0.093980,4.999878,0.979242,0.42281,5.00
0.093990,4.998676,0.981941,0.42301,5.00
0.094000,4.997964,0.984815,0.42300,5.00
0.094010,4.998758,0.986181,0.42110,5.00
0.094020,4.999558,0.985877,0.42010,5.00
0.094030,5.000311,0.984686,0.41960,5.00
0.094040,5.000989,0.983063,0.41940,5.00
0.094050,5.001653,0.981271,0.41936,5.00
0.094060,5.002498,0.979164,0.41907,5.00
0.094070,5.003232,0.976813,0.41900,5.00
0.094080,5.003852,0.974425,0.41907,5.00
0.094090,5.004359,0.972118,0.41919,5.00
0.094100,5.004367,0.969951,0.41935,5.00
0.094110,5.002746,0.969634,0.42151,5.00
0.094120,5.001181,0.971245,0.42260,5.00
0.094130,4.999734,0.973847,0.42310,5.00
0.094140,4.998431,0.976894,0.42324,5.00
0.094150,4.997013,0.980074,0.42319,5.00
0.094160,4.994703,0.984357,0.42440,5.00
0.094170,4.992639,0.989691,0.42484,5.00
0.094180,4.990848,0.995388,0.42485,5.00
0.094190,4.989331,1.001056,0.42463,5.00
0.094200,4.988523,1.006483,0.42430,5.00
0.094210,4.989681,1.009670,0.42168,5.00
0.094220,4.990904,1.010491,0.42023,5.00
0.094230,4.992115,1.009984,0.41947,5.00
0.094240,4.993270,1.008758,0.41911,5.00
0.094250,4.994186,1.007169,0.41898,5.00
0.094260,4.994384,1.006117,0.41980,5.00
0.094270,4.994554,1.005750,0.42025,5.00
0.094280,4.994716,1.005749,0.42049,5.00
0.094290,4.994882,1.005931,0.42062,5.00
0.094300,4.995061,1.006189,0.42067,5.00
0.094310,4.995266,1.006449,0.42067,5.00
0.094320,4.995480,1.006676,0.42066,5.00
0.094330,4.995702,1.006865,0.42064,5.00
0.094340,4.995929,1.007012,0.42063,5.00
0.094350,4.996103,1.007119,0.42062,5.00
0.094360,4.996060,1.007428,0.42089,5.00
0.094370,4.996038,1.007951,0.42101,5.00
0.094380,4.996042,1.008558,0.42106,5.00
0.094390,4.996075,1.009176,0.42105,5.00
0.094400,4.996430,1.009764,0.42103,5.00
0.094410,4.997956,1.009046,0.41950,5.00
0.094420,4.999396,1.006959,0.41876,5.00
0.094430,5.000708,1.004204,0.41847,5.00
0.094440,5.001875,1.001186,0.41843,5.00
0.094450,5.002562,0.998136,0.41853,5.00
0.094460,5.001816,0.996592,0.42037,5.00
0.094470,5.001056,0.996681,0.42136,5.00
0.094480,5.000332,0.997648,0.42186,5.00
0.094490,4.999672,0.999051,0.42207,5.00
0.094500,4.999135,1.000638,0.42212,5.00
0.094510,4.998863,1.002059,0.42184,5.00
0.094520,4.998651,1.003223,0.42164,5.00
0.094530,4.998488,1.004203,0.42149,5.00
0.094540,4.998367,1.005042,0.42138,5.00
0.094550,4.998239,1.005768,0.42129,5.00
0.094560,4.997978,1.006581,0.42143,5.00
0.094570,4.997760,1.007502,0.42146,5.00
0.094580,4.997585,1.008440,0.42144,5.00
0.094590,4.997455,1.009344,0.42140,5.00
0.094600,4.997498,1.010188,0.42134,5.00
0.094610,4.998096,1.010392,0.42060,5.00
0.094620,4.998679,1.009928,0.42022,5.00
0.094630,4.999224,1.009114,0.42005,5.00
0.094640,4.999723,1.008135,0.41999,5.00
0.094650,5.000268,1.007097,0.42000,5.00
0.094660,5.001133,1.005653,0.41956,5.00
0.094670,5.001914,1.003821,0.41940,5.00
0.094680,5.002600,1.001847,0.41939,5.00
0.094690,5.003189,0.999870,0.41946,5.00
0.094700,5.003526,0.997968,0.41958,5.00
0.094710,5.003150,0.996865,0.42052,5.00
0.094720,5.002753,0.996608,0.42104,5.00
0.094730,5.002362,0.996822,0.42131,5.00
0.094740,5.001991,0.997287,0.42143,5.00
0.094750,5.001827,0.997874,0.42148,5.00
0.094760,5.002385,0.997751,0.42058,5.00
0.094770,5.002910,0.996844,0.42013,5.00
0.094780,5.003377,0.995554,0.41994,5.00
0.094790,5.003777,0.994110,0.41989,5.00
0.094800,5.003928,0.992644,0.41993,5.00
0.094810,5.003313,0.991992,0.42091,5.00
0.094820,5.002701,0.992223,0.42143,5.00
0.094830,5.002119,0.992928,0.42168,5.00
0.094840,5.001581,0.993869,0.42178,5.00
0.094850,5.001097,0.994908,0.42179,5.00
0.094860,5.000679,0.995952,0.42174,5.00
0.094870,5.000310,0.996954,0.42167,5.00
0.094880,4.999989,0.997900,0.42159,5.00
0.094890,4.999711,0.998781,0.42152,5.00
0.094900,4.999342,0.999594,0.42145,5.00
0.094910,4.998495,1.000905,0.42205,5.00
0.094920,4.997731,1.002739,0.42230,5.00
0.094930,4.997063,1.004782,0.42235,5.00
0.094940,4.996496,1.006857,0.42229,5.00
0.094950,4.996304,1.008865,0.42218,5.00
0.094960,4.997283,1.009571,0.42065,5.00
0.094970,4.998245,1.008901,0.41984,5.00
0.094980,4.999147,1.007507,0.41946,5.00
0.094990,4.999967,1.005768,0.41933,5.00
0.095000,5.000718,1.003903,0.41933,5.00
0.095010,5.001460,1.001947,0.41930,5.00
0.095020,5.002105,0.999964,0.41936,5.00
0.095030,5.002656,0.998041,0.41947,5.00
0.095040,5.003118,0.996225,0.41960,5.00
0.095050,5.003253,0.994538,0.41974,5.00
0.095060,5.002364,0.994028,0.42111,5.00
0.095070,5.001496,0.994740,0.42181,5.00
0.095080,5.000686,0.996088,0.42214,5.00
0.095090,4.999954,0.997733,0.42225,5.00
0.095100,4.999658,0.999479,0.42225,5.00
0.095110,5.000807,0.999724,0.42040,5.00
0.095120,5.001909,0.998344,0.41946,5.00
0.095130,5.002914,0.996143,0.41905,5.00
0.095140,5.003800,0.993586,0.41892,5.00
0.095150,5.004565,0.990936,0.41896,5.00
0.095160,5.005229,0.988316,0.41905,5.00
0.095170,5.005772,0.985804,0.41921,5.00
0.095180,5.006200,0.983456,0.41938,5.00
0.095190,5.006523,0.981297,0.41956,5.00
0.095200,5.006679,0.979335,0.41974,5.00
0.095210,5.006471,0.977874,0.42027,5.00
0.095220,5.006214,0.976920,0.42059,5.00
0.095230,5.005925,0.976291,0.42079,5.00
0.095240,5.005617,0.975879,0.42092,5.00
0.095250,5.005103,0.975616,0.42100,5.00
0.095260,5.003834,0.976283,0.42203,5.00
0.095270,5.002634,0.977886,0.42252,5.00
0.095280,5.001531,0.979947,0.42270,5.00
0.095290,5.000537,0.982190,0.42271,5.00
0.095300,4.999797,0.984456,0.42263,5.00
0.095310,4.999713,0.986056,0.42178,5.00
0.095320,4.999682,0.986917,0.42129,5.00
0.095330,4.999677,0.987351,0.42102,5.00
0.095340,4.999685,0.987542,0.42086,5.00
0.095350,4.999543,0.987597,0.42077,5.00
0.095360,4.998800,0.988238,0.42151,5.00
0.095370,4.998112,0.989528,0.42185,5.00
0.095380,4.997497,0.991120,0.42198,5.00
0.095390,4.996964,0.992814,0.42198,5.00
0.095400,4.996511,0.994498,0.42191,5.00
0.095410,4.996129,0.996115,0.42182,5.00
0.095420,4.995822,0.997635,0.42171,5.00
0.095430,4.995583,0.999040,0.42159,5.00
0.095440,4.995407,1.000321,0.42148,5.00
0.095450,4.995197,1.001480,0.42137,5.00
0.095460,4.994687,1.002904,0.42173,5.00
0.095470,4.994254,1.004614,0.42185,5.00
0.095480,4.993906,1.006403,0.42185,5.00
0.095490,4.993642,1.008155,0.42177,5.00
0.095500,4.993414,1.009806,0.42167,5.00
0.095510,4.993098,1.011506,0.42176,5.00
0.095520,4.992863,1.013247,0.42174,5.00
0.095530,4.992707,1.014929,0.42166,5.00
0.095540,4.992627,1.016498,0.42155,5.00
0.095550,4.992541,1.017928,0.42143,5.00
0.095560,4.992235,1.019521,0.42169,5.00
0.095570,4.992008,1.021289,0.42175,5.00
0.095580,4.991865,1.023064,0.42171,5.00
0.095590,4.991801,1.024754,0.42162,5.00
0.095600,4.992184,1.026314,0.42151,5.00
0.095610,4.994084,1.026132,0.41951,5.00
0.095620,4.995904,1.024137,0.41850,5.00
0.095630,4.997590,1.021221,0.41808,5.00
0.095640,4.999117,1.017900,0.41798,5.00
0.095650,5.000351,1.014472,0.41806,5.00
0.095660,5.000935,1.011634,0.41887,5.00
0.095670,5.001406,1.009500,0.41938,5.00
0.095680,5.001789,1.007821,0.41973,5.00
0.095690,5.002101,1.006447,0.41997,5.00
0.095700,5.002245,1.005288,0.42014,5.00
0.095710,5.001917,1.004753,0.42082,5.00
0.095720,5.001584,1.004826,0.42119,5.00
0.095730,5.001268,1.005225,0.42137,5.00
0.095740,5.000977,1.005786,0.42144,5.00
0.095750,5.000736,1.006414,0.42146,5.00
0.095760,5.000599,1.006975,0.42134,5.00
0.095770,5.000486,1.007435,0.42126,5.00
0.095780,5.000393,1.007822,0.42120,5.00
0.095790,5.000316,1.008156,0.42116,5.00
0.095800,5.000308,1.008446,0.42112,5.00
0.095810,5.000520,1.008472,0.42082,5.00
0.095820,5.000724,1.008231,0.42067,5.00
0.095830,5.000911,1.007853,0.42060,5.00
0.095840,5.001077,1.007415,0.42058,5.00
0.095850,5.001409,1.006960,0.42058,5.00
0.095860,5.002450,1.005713,0.41966,5.00
0.095870,5.003401,1.003653,0.41924,5.00
0.095880,5.004239,1.001236,0.41911,5.00
0.095890,5.004956,0.998720,0.41914,5.00
0.095900,5.005436,0.996253,0.41925,5.00
0.095910,5.005344,0.994415,0.42000,5.00
0.095920,5.005190,0.993265,0.42045,5.00
0.095930,5.004997,0.992541,0.42072,5.00
0.095940,5.004781,0.992084,0.42089,5.00
0.095950,5.004559,0.991801,0.42099,5.00
0.095960,5.004360,0.991599,0.42101,5.00
0.095970,5.004155,0.991443,0.42103,5.00
0.095980,5.003945,0.991328,0.42105,5.00
0.095990,5.003734,0.991251,0.42106,5.00
0.096000,5.003587,0.991207,0.42107,5.00
0.096010,5.003693,0.990916,0.42075,5.00
0.096020,5.003778,0.990363,0.42059,5.00
0.096030,5.003833,0.989699,0.42054,5.00
0.096040,5.003857,0.989011,0.42054,5.00
0.096050,5.003650,0.988346,0.42057,5.00
0.096060,5.002639,0.988579,0.42161,5.00
0.096070,5.001675,0.989756,0.42213,5.00
0.096080,5.000788,0.991408,0.42235,5.00
0.096090,4.999989,0.993260,0.42239,5.00
0.096100,4.999551,0.995156,0.42234,5.00
0.096110,5.000243,0.995870,0.42089,5.00
0.096120,5.000922,0.995308,0.42013,5.00
0.096130,5.001551,0.994082,0.41977,5.00
0.096140,5.002109,0.992548,0.41964,5.00
0.096150,5.002298,0.990908,0.41963,5.00
0.096160,5.001282,0.990515,0.42116,5.00
0.096170,5.000297,0.991481,0.42194,5.00
0.096180,4.999386,0.993149,0.42230,5.00
0.096190,4.998568,0.995135,0.42242,5.00
0.096200,4.997925,0.997220,0.42239,5.00
0.096210,4.997668,0.998967,0.42193,5.00
0.096220,4.997482,1.000294,0.42162,5.00
0.096230,4.997349,1.001343,0.42142,5.00
0.096240,4.997259,1.002198,0.42127,5.00
0.096250,4.997461,1.002912,0.42117,5.00
0.096260,4.998690,1.002427,0.41979,5.00
0.096270,4.999849,1.000717,0.41912,5.00
0.096280,5.000902,0.998409,0.41885,5.00
0.096290,5.001834,0.995863,0.41880,5.00
0.096300,5.002356,0.993285,0.41888,5.00
0.096310,5.001651,0.991999,0.42046,5.00
0.096320,5.000936,0.992116,0.42131,5.00
0.096330,5.000255,0.992989,0.42173,5.00
0.096340,4.999631,0.994239,0.42191,5.00
0.096350,4.998916,0.995650,0.42195,5.00
0.096360,4.997658,0.997767,0.42271,5.00
0.096370,4.996528,1.000549,0.42301,5.00
0.096380,4.995542,1.003582,0.42305,5.00
0.096390,4.994703,1.006631,0.42295,5.00
0.096400,4.994281,1.009568,0.42277,5.00
0.096410,4.995061,1.011154,0.42119,5.00
0.096420,4.995863,1.011311,0.42032,5.00
0.096430,4.996642,1.010679,0.41988,5.00
0.096440,4.997373,1.009635,0.41969,5.00
0.096450,4.998268,1.008398,0.41963,5.00
0.096460,4.999966,1.006143,0.41852,5.00
0.096470,5.001517,1.002904,0.41805,5.00
0.096480,5.002895,0.999251,0.41795,5.00
0.096490,5.004092,0.995512,0.41804,5.00
0.096500,5.004720,0.991871,0.41823,5.00
0.096510,5.003663,0.990085,0.42045,5.00
0.096520,5.002593,0.990273,0.42163,5.00
0.096530,5.001573,0.991525,0.42222,5.00
0.096540,5.000634,0.993310,0.42247,5.00
0.096550,4.999892,0.995323,0.42252,5.00
0.096560,4.999636,0.996963,0.42197,5.00
0.096570,4.999442,0.998116,0.42162,5.00
0.096580,4.999293,0.998963,0.42140,5.00
0.096590,4.999179,0.999615,0.42126,5.00
0.096600,4.999197,1.000136,0.42116,5.00
0.096610,4.999646,1.000117,0.42056,5.00
0.096620,5.000075,0.999563,0.42025,5.00
0.096630,5.000467,0.998741,0.42012,5.00
0.096640,5.000814,0.997805,0.42009,5.00
0.096650,5.001052,0.996844,0.42011,5.00
0.096660,5.000997,0.996175,0.42048,5.00
0.096670,5.000922,0.995838,0.42069,5.00
0.096680,5.000839,0.995693,0.42081,5.00
0.096690,5.000752,0.995661,0.42088,5.00
0.096700,5.000897,0.995692,0.42091,5.00
0.096710,5.001937,0.994782,0.41977,5.00
0.096720,5.002896,0.992873,0.41923,5.00
0.096730,5.003746,0.990503,0.41904,5.00
0.096740,5.004475,0.987978,0.41903,5.00
0.096750,5.004799,0.985473,0.41913,5.00
0.096760,5.003902,0.984295,0.42072,5.00
0.096770,5.003000,0.984542,0.42156,5.00
0.096780,5.002141,0.985558,0.42198,5.00
0.096790,5.001347,0.986959,0.42215,5.00
0.096800,5.000780,0.988525,0.42218,5.00
0.096810,5.000879,0.989485,0.42137,5.00
0.096820,5.001000,0.989739,0.42092,5.00
0.096830,5.001119,0.989609,0.42069,5.00
0.096840,5.001226,0.989281,0.42058,5.00
0.096850,5.001107,0.988864,0.42053,5.00
0.096860,5.000164,0.989301,0.42157,5.00
0.096870,4.999276,0.990661,0.42208,5.00
0.096880,4.998472,0.992470,0.42228,5.00
0.096890,4.997762,0.994456,0.42231,5.00
0.096900,4.997157,0.996461,0.42225,5.00
0.096910,4.996676,0.998368,0.42210,5.00
0.096920,4.996282,1.000130,0.42195,5.00
0.096930,4.995967,1.001742,0.42180,5.00
0.096940,4.995724,1.003206,0.42166,5.00
0.096950,4.995507,1.004528,0.42154,5.00
0.096960,4.995197,1.005879,0.42162,5.00
0.096970,4.994953,1.007276,0.42160,5.00
0.096980,4.994773,1.008633,0.42154,5.00
0.096990,4.994654,1.009906,0.42146,5.00
0.097000,4.994944,1.011074,0.42136,5.00
0.097010,4.996653,1.010628,0.41949,5.00
0.097020,4.998276,1.008506,0.41857,5.00
0.097030,4.999763,1.005550,0.41819,5.00
0.097040,5.001093,1.002248,0.41811,5.00
0.097050,5.002102,0.998877,0.41821,5.00
0.097060,5.002343,0.996260,0.41918,5.00
0.097070,5.002488,0.994507,0.41977,5.00
0.097080,5.002568,0.993287,0.42014,5.00
0.097090,5.002602,0.992406,0.42037,5.00
0.097100,5.002551,0.991744,0.42052,5.00
0.097110,5.002277,0.991448,0.42088,5.00
0.097120,5.002002,0.991483,0.42107,5.00
0.097130,5.001736,0.991702,0.42117,5.00
0.097140,5.001485,0.992016,0.42121,5.00
0.097150,5.001282,0.992375,0.42122,5.00
0.097160,5.001213,0.992623,0.42106,5.00
0.097170,5.001152,0.992738,0.42097,5.00
0.097180,5.001095,0.992781,0.42092,5.00
0.097190,5.001039,0.992787,0.42089,5.00
0.097200,5.000648,0.992776,0.42087,5.00
0.097210,4.998957,0.994185,0.42256,5.00
0.097220,4.997390,0.997078,0.42335,5.00
0.097230,4.995989,1.000662,0.42363,5.00
0.097240,4.994770,1.004481,0.42363,5.00
0.097250,4.994091,1.008277,0.42348,5.00
0.097260,4.994964,1.010401,0.42147,5.00
0.097270,4.995873,1.010716,0.42037,5.00
0.097280,4.996759,1.010035,0.41980,5.00
0.097290,4.997590,1.008829,0.41954,5.00
0.097300,4.998281,1.007377,0.41946,5.00
0.097310,4.998619,1.006140,0.41984,5.00
0.097320,4.998908,1.005222,0.42007,5.00
0.097330,4.999159,1.004503,0.42023,5.00
0.097340,4.999378,1.003914,0.42034,5.00
0.097350,4.999409,1.003412,0.42041,5.00
0.097360,4.998788,1.003663,0.42129,5.00
0.097370,4.998206,1.004680,0.42172,5.00
0.097380,4.997687,1.006067,0.42190,5.00
0.097390,4.997240,1.007596,0.42193,5.00
0.097400,4.996953,1.009140,0.42189,5.00
0.097410,4.997071,1.010261,0.42137,5.00
0.097420,4.997225,1.010907,0.42107,5.00
0.097430,4.997398,1.011265,0.42089,5.00
0.097440,4.997580,1.011445,0.42078,5.00
0.097450,4.997867,1.011515,0.42072,5.00
0.097460,4.998542,1.011088,0.42018,5.00
0.097470,4.999177,1.010170,0.41993,5.00
0.097480,4.999758,1.009015,0.41984,5.00
0.097490,5.000279,1.007771,0.41983,5.00
0.097500,5.000923,1.006521,0.41988,5.00
0.097510,5.002228,1.004523,0.41902,5.00
0.097520,5.003407,1.001769,0.41867,5.00
0.097530,5.004442,0.998713,0.41860,5.00
0.097540,5.005326,0.995612,0.41868,5.00
0.097550,5.005837,0.992610,0.41885,5.00
0.097560,5.005326,0.990752,0.42020,5.00
0.097570,5.004771,0.990115,0.42095,5.00
0.097580,5.004212,0.990171,0.42136,5.00
0.097590,5.003672,0.990609,0.42156,5.00
0.097600,5.003025,0.991248,0.42164,5.00
0.097610,5.001876,0.992570,0.42236,5.00
0.097620,5.000818,0.994538,0.42266,5.00
0.097630,4.999866,0.996787,0.42274,5.00
0.097640,4.999027,0.999107,0.42269,5.00
0.097650,4.998640,1.001381,0.42257,5.00
0.097660,4.999679,1.002099,0.42071,5.00
0.097670,5.000691,1.001170,0.41974,5.00
0.097680,5.001627,0.999389,0.41929,5.00
0.097690,5.002462,0.997215,0.41913,5.00
0.097700,5.002916,0.994914,0.41914,5.00
0.097710,5.002209,0.993785,0.42060,5.00
0.097720,5.001495,0.993959,0.42138,5.00
0.097730,5.000817,0.994832,0.42177,5.00
0.097740,5.000194,0.996054,0.42193,5.00
0.097750,4.999559,0.997422,0.42196,5.00
0.097760,4.998692,0.999149,0.42231,5.00
0.097770,4.997921,1.001184,0.42242,5.00
0.097780,4.997251,1.003308,0.42240,5.00
0.097790,4.996683,1.005396,0.42230,5.00
0.097800,4.996154,1.007383,0.42217,5.00
0.097810,4.995489,1.009482,0.42232,5.00
0.097820,4.994928,1.011689,0.42231,5.00
0.097830,4.994472,1.013862,0.42222,5.00
0.097840,4.994116,1.015922,0.42208,5.00
0.097850,4.994100,1.017833,0.42194,5.00
0.097860,4.995130,1.018522,0.42053,5.00
0.097870,4.996145,1.017942,0.41980,5.00
0.097880,4.997104,1.016687,0.41946,5.00
0.097890,4.997988,1.015101,0.41933,5.00
0.097900,4.998868,1.013386,0.41933,5.00
0.097910,4.999974,1.011316,0.41900,5.00
0.097920,5.000966,1.008939,0.41891,5.00
0.097930,5.001839,1.006483,0.41896,5.00
0.097940,5.002594,1.004073,0.41908,5.00
0.097950,5.003109,1.001779,0.41924,5.00
0.097960,5.003028,1.000174,0.42005,5.00
0.097970,5.002895,0.999295,0.42052,5.00
0.097980,5.002737,0.998845,0.42079,5.00
0.097990,5.002567,0.998648,0.42094,5.00
0.098000,5.002296,0.998601,0.42103,5.00
0.098010,5.001646,0.999059,0.42157,5.00
0.098020,5.001037,1.000002,0.42182,5.00
0.098030,5.000484,1.001176,0.42191,5.00
0.098040,4.999991,1.002434,0.42191,5.00
0.098050,4.999641,1.003691,0.42185,5.00
0.098060,4.999665,1.004556,0.42137,5.00
0.098070,4.999716,1.004992,0.42109,5.00
0.098080,4.999779,1.005180,0.42093,5.00
0.098090,4.999845,1.005225,0.42085,5.00
0.098100,5.000033,1.005190,0.42080,5.00
0.098110,5.000694,1.004591,0.42016,5.00
0.098120,5.001305,1.003428,0.41986,5.00
0.098130,5.001850,1.002004,0.41976,5.00
0.098140,5.002323,1.000494,0.41976,5.00
0.098150,5.002645,0.998997,0.41982,5.00
0.098160,5.002596,0.997898,0.42030,5.00
0.098170,5.002510,0.997238,0.42059,5.00
0.098180,5.002403,0.996845,0.42076,5.00
0.098190,5.002284,0.996616,0.42086,5.00
0.098200,5.002411,0.996489,0.42092,5.00
0.098210,5.003514,0.995356,0.41968,5.00
0.098220,5.004524,0.993148,0.41911,5.00
0.098230,5.005410,0.990453,0.41890,5.00
0.098240,5.006161,0.987606,0.41891,5.00
0.098250,5.006620,0.984795,0.41902,5.00
0.098260,5.006344,0.982788,0.41998,5.00
0.098270,5.006006,0.981664,0.42054,5.00
0.098280,5.005635,0.981073,0.42087,5.00
0.098290,5.005250,0.980808,0.42106,5.00
0.098300,5.004708,0.980745,0.42116,5.00
0.098310,5.003570,0.981468,0.42200,5.00
0.098320,5.002498,0.982957,0.42239,5.00
0.098330,5.001513,0.984816,0.42253,5.00
0.098340,5.000627,0.986817,0.42253,5.00
0.098350,4.999886,0.988827,0.42245,5.00
0.098360,4.999421,0.990577,0.42209,5.00
0.098370,4.999030,0.992021,0.42185,5.00
0.098380,4.998702,0.993248,0.42166,5.00
0.098390,4.998429,0.994313,0.42152,5.00
0.098400,4.997976,0.995253,0.42141,5.00
0.098410,4.996685,0.997053,0.42246,5.00
0.098420,4.995514,0.999768,0.42292,5.00
0.098430,4.994490,1.002870,0.42304,5.00
0.098440,4.993618,1.006057,0.42298,5.00
0.098450,4.993017,1.009161,0.42283,5.00
0.098460,4.993030,1.011577,0.42201,5.00
0.098470,4.993130,1.013239,0.42151,5.00
0.098480,4.993291,1.014417,0.42119,5.00
0.098490,4.993494,1.015274,0.42098,5.00
0.098500,4.993896,1.015910,0.42084,5.00
0.098510,4.994971,1.015673,0.41990,5.00
0.098520,4.995999,1.014573,0.41944,5.00
0.098530,4.996956,1.013034,0.41925,5.00
0.098540,4.997828,1.011305,0.41921,5.00
0.098550,4.998672,1.009526,0.41927,5.00
0.098560,4.999659,1.007526,0.41906,5.00
0.098570,5.000541,1.005339,0.41904,5.00
0.098580,5.001314,1.003127,0.41912,5.00
0.098590,5.001982,1.000984,0.41924,5.00
0.098600,5.002652,0.998958,0.41939,5.00
0.098610,5.003623,0.996640,0.41903,5.00
0.098620,5.004472,0.994021,0.41894,5.00
0.098630,5.005191,0.991345,0.41900,5.00
0.098640,5.005785,0.988747,0.41914,5.00
0.098650,5.005987,0.986299,0.41931,5.00
0.098660,5.005017,0.985199,0.42087,5.00
0.098670,5.004049,0.985507,0.42170,5.00
0.098680,5.003125,0.986576,0.42211,5.00
0.098690,5.002269,0.988027,0.42227,5.00
0.098700,5.001811,0.989639,0.42229,5.00
0.098710,5.002670,0.989932,0.42064,5.00
0.098720,5.003491,0.988779,0.41979,5.00
0.098730,5.004232,0.986899,0.41941,5.00
0.098740,5.004870,0.984706,0.41929,5.00
0.098750,5.004988,0.982438,0.41932,5.00
0.098760,5.003394,0.981986,0.42151,5.00
0.098770,5.001852,0.983492,0.42263,5.00
0.098780,5.000422,0.986008,0.42314,5.00
0.098790,4.999133,0.988983,0.42329,5.00
0.098800,4.998160,0.992099,0.42325,5.00
0.098810,4.997980,0.994476,0.42227,5.00
0.098820,4.997883,0.995985,0.42169,5.00
0.098830,4.997841,0.996970,0.42133,5.00
0.098840,4.997834,0.997633,0.42112,5.00
0.098850,4.998125,0.998096,0.42098,5.00
0.098860,4.999492,0.997267,0.41952,5.00
0.098870,5.000771,0.995144,0.41881,5.00
0.098880,5.001924,0.992401,0.41854,5.00
0.098890,5.002934,0.989428,0.41852,5.00
0.098900,5.003574,0.986447,0.41862,5.00
0.098910,5.003196,0.984540,0.41994,5.00
0.098920,5.002769,0.983813,0.42067,5.00
0.098930,5.002332,0.983756,0.42107,5.00
0.098940,5.001908,0.984071,0.42128,5.00
0.098950,5.001471,0.984583,0.42137,5.00
0.098960,5.000919,0.985347,0.42158,5.00
0.098970,5.000413,0.986312,0.42166,5.00
0.098980,4.999957,0.987353,0.42166,5.00
0.098990,4.999554,0.988402,0.42162,5.00
0.099000,4.999110,0.989419,0.42156,5.00
0.099010,4.998364,0.990766,0.42194,5.00
0.099020,4.997695,0.992451,0.42208,5.00
0.099030,4.997113,0.994252,0.42209,5.00
0.099040,4.996618,0.996048,0.42202,5.00
0.099050,4.996387,0.997769,0.42191,5.00
0.099060,4.996933,0.998615,0.42089,5.00
0.099070,4.997485,0.998537,0.42033,5.00
0.099080,4.998014,0.997959,0.42006,5.00
0.099090,4.998504,0.997128,0.41995,5.00
0.099100,4.998945,0.996186,0.41992,5.00
0.099110,4.999323,0.995234,0.41997,5.00
0.099120,4.999655,0.994317,0.42003,5.00
0.099130,4.999944,0.993452,0.42010,5.00
0.099140,5.000193,0.992646,0.42016,5.00
0.099150,5.000340,0.991902,0.42023,5.00
0.099160,5.000206,0.991492,0.42062,5.00
0.099170,5.000065,0.991425,0.42083,5.00
0.099180,4.999927,0.991547,0.42094,5.00
0.099190,4.999799,0.991767,0.42099,5.00
0.099200,4.999568,0.992032,0.42100,5.00
0.099210,4.998904,0.992803,0.42158,5.00
0.099220,4.998297,0.994081,0.42184,5.00
0.099230,4.997760,0.995584,0.42192,5.00
0.099240,4.997297,0.997149,0.42191,5.00
0.099250,4.996842,0.998686,0.42183,5.00
0.099260,4.996192,1.000436,0.42208,5.00
0.099270,4.995633,1.002386,0.42214,5.00
0.099280,4.995170,1.004363,0.42209,5.00
0.099290,4.994798,1.006271,0.42198,5.00
0.099300,4.994786,1.008059,0.42186,5.00
0.099310,4.995914,1.008543,0.42034,5.00
0.099320,4.997013,1.007664,0.41956,5.00
0.099330,4.998042,1.006074,0.41921,5.00
0.099340,4.998979,1.004150,0.41909,5.00
0.099350,4.999651,1.002111,0.41911,5.00
0.099360,4.999580,1.000784,0.42003,5.00
0.099370,4.999473,1.000267,0.42055,5.00
0.099380,4.999357,1.000203,0.42083,5.00
0.099390,4.999247,1.000382,0.42098,5.00
0.099400,4.999134,1.000683,0.42104,5.00
0.099410,4.998977,1.001100,0.42114,5.00
0.099420,4.998843,1.001597,0.42117,5.00
0.099430,4.998733,1.002116,0.42117,5.00
0.099440,4.998648,1.002622,0.42115,5.00
0.099450,4.998668,1.003099,0.42111,5.00
0.099460,4.999033,1.003185,0.42066,5.00
0.099470,4.999385,1.002862,0.42043,5.00
0.099480,4.999714,1.002326,0.42032,5.00
0.099490,5.000012,1.001693,0.42029,5.00
0.099500,5.000213,1.001028,0.42030,5.00
0.099510,5.000129,1.000646,0.42066,5.00
0.099520,5.000037,1.000579,0.42086,5.00
0.099530,4.999948,1.000684,0.42096,5.00
0.099540,4.999867,1.000875,0.42100,5.00
0.099550,4.999649,1.001104,0.42102,5.00
0.099560,4.998867,1.001974,0.42176,5.00
0.099570,4.998151,1.003495,0.42210,5.00
0.099580,4.997520,1.005307,0.42222,5.00
0.099590,4.996979,1.007202,0.42220,5.00
0.099600,4.996665,1.009066,0.42212,5.00
0.099610,4.996967,1.010255,0.42131,5.00
0.099620,4.997299,1.010712,0.42086,5.00
0.099630,4.997637,1.010750,0.42061,5.00
0.099640,4.997966,1.010552,0.42048,5.00
0.099650,4.998390,1.010225,0.42043,5.00
0.099660,4.999225,1.009362,0.41985,5.00
0.099670,4.999998,1.007981,0.41960,5.00
0.099680,5.000694,1.006367,0.41952,5.00
0.099690,5.001308,1.004685,0.41955,5.00
0.099700,5.001805,1.003026,0.41963,5.00
0.099710,5.002086,1.001592,0.41991,5.00
0.099720,5.002307,1.000417,0.42011,5.00
0.099730,5.002478,0.999427,0.42026,5.00
0.099740,5.002607,0.998576,0.42037,5.00
0.099750,5.002565,0.997836,0.42046,5.00
0.099760,5.001974,0.997757,0.42121,5.00
0.099770,5.001404,0.998347,0.42159,5.00
0.099780,5.000876,0.999280,0.42176,5.00
0.099790,5.000400,1.000366,0.42181,5.00
0.099800,4.999804,1.001497,0.42179,5.00
0.099810,4.998587,1.003350,0.42261,5.00
0.099820,4.997487,1.005925,0.42295,5.00
0.099830,4.996522,1.008789,0.42302,5.00
0.099840,4.995698,1.011696,0.42294,5.00
0.099850,4.995132,1.014510,0.42278,5.00
0.099860,4.995170,1.016640,0.42198,5.00
0.099870,4.995282,1.018029,0.42149,5.00
0.099880,4.995443,1.018954,0.42118,5.00
0.099890,4.995635,1.019581,0.42099,5.00
0.099900,4.996111,1.020011,0.42087,5.00
0.099910,4.997613,1.019193,0.41948,5.00
0.099920,4.999028,1.017119,0.41881,5.00
0.099930,5.000318,1.014437,0.41855,5.00
0.099940,5.001467,1.011519,0.41853,5.00
0.099950,5.002373,1.008578,0.41863,5.00
0.099960,5.002751,1.006157,0.41930,5.00
0.099970,5.003034,1.004336,0.41974,5.00
0.099980,5.003243,1.002909,0.42003,5.00
0.099990,5.003393,1.001751,0.42023,5.00
0.100000,5.003448,1.000786,0.42038,5.00
0.100010,5.003280,1.000167,0.42073,5.00
0.100020,5.003095,0.999872,0.42093,5.00
0.100030,5.002903,0.999768,0.42104,5.00
0.100040,5.002712,0.999778,0.42110,5.00
0.100050,5.002568,0.999855,0.42113,5.00
0.100060,5.002597,0.999788,0.42092,5.00
0.100070,5.002618,0.999554,0.42082,5.00
0.100080,5.002626,0.999243,0.42078,5.00
0.100090,5.002619,0.998908,0.42077,5.00
0.100100,5.002512,0.998580,0.42078,5.00
0.100110,5.002066,0.998630,0.42122,5.00
0.100120,5.001637,0.999081,0.42144,5.00
0.100130,5.001239,0.999737,0.42153,5.00
0.100140,5.000876,1.000483,0.42155,5.00
0.100150,5.000876,1.001253,0.42153,5.00
0.100160,5.002167,1.000634,0.41986,5.00
0.100170,5.003376,0.998549,0.41904,5.00
0.100180,5.004458,0.995757,0.41871,5.00
0.100190,5.005395,0.992695,0.41866,5.00
0.100200,5.005464,0.989611,0.41875,5.00
0.100210,5.002596,0.989703,0.42255,5.00
0.100220,4.999858,0.993169,0.42446,5.00
0.100230,4.997353,0.998331,0.42528,5.00
0.100240,4.995126,1.004218,0.42549,5.00
0.100250,4.993821,1.010274,0.42536,5.00
0.100260,4.995247,1.013513,0.42189,5.00
0.100270,4.996716,1.013656,0.42001,5.00
0.100280,4.998128,1.012117,0.41905,5.00
0.100290,4.999432,1.009720,0.41864,5.00
0.100300,5.000588,1.006943,0.41852,5.00
0.100310,5.001546,1.004126,0.41865,5.00
0.100320,5.002370,1.001425,0.41883,5.00
0.100330,5.003069,0.998889,0.41902,5.00
0.100340,5.003652,0.996539,0.41922,5.00
0.100350,5.003981,0.994382,0.41942,5.00
0.100360,5.003643,0.993044,0.42034,5.00
0.100370,5.003272,0.992542,0.42086,5.00
0.100380,5.002895,0.992519,0.42114,5.00
0.100390,5.002528,0.992763,0.42128,5.00
0.100400,5.002158,0.993150,0.42135,5.00
0.100410,5.001720,0.993705,0.42148,5.00
0.100420,5.001316,0.994391,0.42152,5.00
0.100430,5.000948,0.995127,0.42152,5.00
0.100440,5.000617,0.995868,0.42149,5.00
0.100450,5.000524,0.996588,0.42144,5.00
0.100460,5.001252,0.996411,0.42037,5.00
0.100470,5.001938,0.995296,0.41983,5.00
0.100480,5.002553,0.993721,0.41961,5.00
0.100490,5.003086,0.991962,0.41956,5.00
0.100500,5.003172,0.990177,0.41960,5.00
0.100510,5.001777,0.989984,0.42152,5.00
0.100520,5.000436,0.991492,0.42249,5.00
0.100530,4.999201,0.993867,0.42291,5.00
0.100540,4.998097,0.996624,0.42304,5.00
0.100550,4.997060,0.999487,0.42299,5.00
0.100560,4.995886,1.002599,0.42321,5.00
0.100570,4.994869,1.005890,0.42320,5.00
0.100580,4.994011,1.009147,0.42306,5.00
0.100590,4.993303,1.012255,0.42286,5.00
0.100600,4.992985,1.015154,0.42264,5.00
0.100610,4.993753,1.016769,0.42117,5.00
0.100620,4.994549,1.017049,0.42036,5.00
0.100630,4.995328,1.016584,0.41994,5.00
0.100640,4.996068,1.015720,0.41975,5.00
0.100650,4.996762,1.014660,0.41969,5.00
0.100660,4.997427,1.013492,0.41967,5.00
0.100670,4.998031,1.012284,0.41970,5.00
0.100680,4.998575,1.011089,0.41977,5.00
0.100690,4.999062,1.009938,0.41985,5.00
0.100700,4.999490,1.008848,0.41994,5.00
0.100710,4.999855,1.007840,0.42004,5.00
0.100720,5.000173,1.006916,0.42013,5.00
0.100730,5.000448,1.006071,0.42021,5.00
0.100740,5.000685,1.005297,0.42029,5.00
0.100750,5.000990,1.004589,0.42036,5.00
0.100760,5.001669,1.003500,0.41989,5.00
0.100770,5.002280,1.002005,0.41970,5.00
0.100780,5.002813,1.000351,0.41966,5.00
0.100790,5.003265,0.998677,0.41971,5.00
0.100800,5.003544,0.997058,0.41980,5.00
0.100810,5.003380,0.995941,0.42039,5.00
0.100820,5.003183,0.995361,0.42073,5.00
0.100830,5.002970,0.995099,0.42092,5.00
0.100840,5.002753,0.995027,0.42103,5.00
0.100850,5.002498,0.995067,0.42109,5.00
0.100860,5.002098,0.995340,0.42131,5.00
0.100870,5.001719,0.995824,0.42141,5.00
0.100880,5.001369,0.996412,0.42145,5.00
0.100890,5.001051,0.997037,0.42144,5.00
0.100900,5.000830,0.997665,0.42141,5.00
0.100910,5.000898,0.997991,0.42103,5.00
0.100920,5.000972,0.997992,0.42083,5.00
0.100930,5.001039,0.997821,0.42073,5.00
0.100940,5.001096,0.997567,0.42069,5.00
0.100950,5.001128,0.997280,0.42067,5.00
0.100960,5.001104,0.997038,0.42074,5.00
0.100970,5.001071,0.996858,0.42078,5.00
0.100980,5.001031,0.996721,0.42080,5.00
0.100990,5.000986,0.996615,0.42082,5.00
0.101000,5.000961,0.996535,0.42084,5.00
0.101010,5.001025,0.996373,0.42073,5.00
0.101020,5.001079,0.996122,0.42068,5.00
0.101030,5.001120,0.995836,0.42067,5.00
0.101040,5.001147,0.995545,0.42067,5.00
0.101050,5.001055,0.995266,0.42068,5.00
0.101060,5.000537,0.995461,0.42124,5.00
0.101070,5.000047,0.996153,0.42151,5.00
0.101080,4.999600,0.997090,0.42162,5.00
0.101090,4.999202,0.998125,0.42164,5.00
0.101100,4.999050,0.999175,0.42161,5.00
0.101110,4.999697,0.999372,0.42058,5.00
0.101120,5.000321,0.998657,0.42005,5.00
0.101130,5.000892,0.997477,0.41981,5.00
0.101140,5.001399,0.996092,0.41974,5.00
0.101150,5.001654,0.994651,0.41976,5.00
0.101160,5.001133,0.994012,0.42074,5.00
0.101170,5.000614,0.994252,0.42127,5.00
0.101180,5.000124,0.994960,0.42152,5.00
0.101190,4.999677,0.995897,0.42162,5.00
0.101200,4.999321,0.996925,0.42163,5.00
0.101210,4.999174,0.997789,0.42139,5.00
0.101220,4.999063,0.998440,0.42124,5.00
0.101230,4.998977,0.998950,0.42113,5.00
0.101240,4.998913,0.999366,0.42106,5.00
0.101250,4.998959,0.999713,0.42101,5.00
0.101260,4.999381,0.999613,0.42050,5.00
0.101270,4.999782,0.999059,0.42025,5.00
0.101280,5.000148,0.998282,0.42014,5.00
0.101290,5.000471,0.997412,0.42012,5.00
0.101300,5.000777,0.996525,0.42014,5.00
0.101310,5.001138,0.995557,0.42006,5.00
0.101320,5.001450,0.994526,0.42006,5.00
0.101330,5.001712,0.993503,0.42010,5.00
0.101340,5.001927,0.992525,0.42017,5.00
0.101350,5.002040,0.991613,0.42024,5.00
0.101360,5.001889,0.991020,0.42060,5.00
0.101370,5.001723,0.990758,0.42080,5.00
0.101380,5.001552,0.990690,0.42092,5.00
0.101390,5.001383,0.990734,0.42098,5.00
0.101400,5.001134,0.990843,0.42101,5.00
0.101410,5.000565,0.991348,0.42144,5.00
0.101420,5.000036,0.992246,0.42164,5.00
0.101430,4.999558,0.993326,0.42171,5.00
0.101440,4.999135,0.994466,0.42170,5.00
0.101450,4.998924,0.995597,0.42165,5.00
0.101460,4.999375,0.996015,0.42079,5.00
0.101470,4.999819,0.995671,0.42034,5.00
0.101480,5.000232,0.994930,0.42012,5.00
0.101490,5.000601,0.994003,0.42005,5.00
0.101500,5.000624,0.993011,0.42005,5.00
0.101510,4.999436,0.993299,0.42160,5.00
0.101520,4.998312,0.994955,0.42236,5.00
0.101530,4.997294,0.997288,0.42269,5.00
0.101540,4.996399,0.999896,0.42276,5.00
0.101550,4.995624,1.002551,0.42269,5.00
0.101560,4.994942,1.005162,0.42259,5.00
0.101570,4.994382,1.007662,0.42244,5.00
0.101580,4.993936,1.009998,0.42226,5.00
0.101590,4.993595,1.012148,0.42208,5.00
0.101600,4.993275,1.014103,0.42190,5.00
0.101610,4.992753,1.016179,0.42211,5.00
0.101620,4.992335,1.018398,0.42213,5.00
0.101630,4.992020,1.020592,0.42206,5.00
0.101640,4.991805,1.022671,0.42193,5.00
0.101650,4.992166,1.024590,0.42178,5.00
0.101660,4.994489,1.024271,0.41919,5.00
0.101670,4.996708,1.021624,0.41790,5.00
0.101680,4.998751,1.017804,0.41735,5.00
0.101690,5.000587,1.013480,0.41723,5.00
0.101700,5.002110,1.009037,0.41734,5.00
0.101710,5.003042,1.005103,0.41806,5.00
0.101720,5.003806,1.001811,0.41858,5.00
0.101730,5.004427,0.998990,0.41897,5.00
0.101740,5.004925,0.996533,0.41928,5.00
0.101750,5.005182,0.994370,0.41953,5.00
0.101760,5.004830,0.993020,0.42042,5.00
0.101770,5.004444,0.992473,0.42091,5.00
0.101780,5.004050,0.992389,0.42118,5.00
0.101790,5.003664,0.992569,0.42132,5.00
0.101800,5.003065,0.992894,0.42139,5.00
0.101810,5.001603,0.994264,0.42255,5.00
0.101820,5.000247,0.996677,0.42309,5.00
0.101830,4.999027,0.999567,0.42326,5.00
0.101840,4.997954,1.002610,0.42323,5.00
0.101850,4.997323,1.005620,0.42310,5.00
0.101860,4.997978,1.007244,0.42142,5.00
0.101870,4.998658,1.007377,0.42051,5.00
0.101880,4.999313,1.006698,0.42005,5.00
0.101890,4.999919,1.005602,0.41984,5.00
0.101900,5.000356,1.004319,0.41978,5.00
0.101910,5.000309,1.003440,0.42035,5.00
0.101920,5.000237,1.003060,0.42067,5.00
0.101930,5.000157,1.002960,0.42084,5.00
0.101940,5.000078,1.003016,0.42093,5.00
0.101950,4.999856,1.003152,0.42098,5.00
0.101960,4.999067,1.003956,0.42174,5.00
0.101970,4.998342,1.005431,0.42209,5.00
0.101980,4.997699,1.007208,0.42221,5.00
0.101990,4.997146,1.009079,0.42220,5.00
0.102000,4.996870,1.010925,0.42212,5.00
0.102010,4.997410,1.011881,0.42106,5.00
0.102020,4.997961,1.011882,0.42049,5.00
0.102030,4.998491,1.011360,0.42020,5.00
0.102040,4.998985,1.010571,0.42007,5.00
0.102050,4.999651,1.009660,0.42004,5.00
0.102060,5.001113,1.007790,0.41897,5.00
0.102070,5.002448,1.004972,0.41850,5.00
0.102080,5.003631,1.001747,0.41838,5.00
0.102090,5.004653,0.998427,0.41844,5.00
0.102100,5.005316,0.995183,0.41861,5.00
0.102110,5.005043,0.992971,0.41984,5.00
0.102120,5.004706,0.991871,0.42055,5.00
0.102130,5.004340,0.991423,0.42095,5.00
0.102140,5.003968,0.991354,0.42117,5.00
0.102150,5.003241,0.991502,0.42128,5.00
0.102160,5.001122,0.993312,0.42315,5.00
0.102170,4.999154,0.996793,0.42403,5.00
0.102180,4.997385,1.001049,0.42433,5.00
0.102190,4.995834,1.005564,0.42431,5.00
0.102200,4.995146,1.010049,0.42412,5.00
0.102210,4.997173,1.011598,0.42060,5.00
0.102220,4.999160,1.010014,0.41876,5.00
0.102230,5.001008,1.006797,0.41789,5.00
0.102240,5.002671,1.002814,0.41759,5.00
0.102250,5.004053,0.998567,0.41759,5.00
0.102260,5.004927,0.994670,0.41815,5.00
0.102270,5.005631,0.991290,0.41859,5.00
0.102280,5.006188,0.988325,0.41895,5.00
0.102290,5.006614,0.985705,0.41924,5.00
0.102300,5.006692,0.983384,0.41950,5.00
0.102310,5.005760,0.982324,0.42090,5.00
0.102320,5.004825,0.982537,0.42165,5.00
0.102330,5.003929,0.983445,0.42202,5.00
0.102340,5.003092,0.984708,0.42216,5.00
0.102350,5.002332,0.986129,0.42219,5.00
0.102360,5.001669,0.987565,0.42211,5.00
0.102370,5.001077,0.988950,0.42202,5.00
0.102380,5.000550,0.990265,0.42192,5.00
0.102390,5.000086,0.991499,0.42181,5.00
0.102400,4.999637,0.992648,0.42171,5.00
0.102410,4.999079,0.993892,0.42183,5.00
0.102420,4.998585,0.995238,0.42184,5.00
0.102430,4.998158,0.996591,0.42179,5.00
0.102440,4.997794,0.997896,0.42171,5.00
0.102450,4.997643,0.999125,0.42162,5.00
0.102460,4.998142,0.999614,0.42075,5.00
0.102470,4.998635,0.999332,0.42030,5.00
0.102480,4.999100,0.998641,0.42008,5.00
0.102490,4.999522,0.997754,0.42000,5.00
0.102500,4.999982,0.996792,0.42000,5.00
0.102510,5.000716,0.995472,0.41961,5.00
0.102520,5.001373,0.993818,0.41947,5.00
0.102530,5.001946,0.992047,0.41947,5.00
0.102540,5.002434,0.990283,0.41954,5.00
0.102550,5.002551,0.988594,0.41964,5.00
0.102560,5.001477,0.988236,0.42121,5.00
0.102570,5.000437,0.989277,0.42202,5.00
0.102580,4.999475,0.991037,0.42238,5.00
0.102590,4.998611,0.993123,0.42250,5.00
0.102600,4.997852,0.995310,0.42247,5.00
0.102610,4.997195,0.997472,0.42238,5.00
0.102620,4.996639,0.999542,0.42224,5.00
0.102630,4.996179,1.001480,0.42209,5.00
0.102640,4.995807,1.003269,0.42194,5.00
0.102650,4.995523,1.004904,0.42179,5.00
0.102660,4.995342,1.006354,0.42162,5.00
0.102670,4.995224,1.007620,0.42147,5.00
0.102680,4.995160,1.008731,0.42134,5.00
0.102690,4.995143,1.009706,0.42124,5.00
0.102700,4.995346,1.010559,0.42115,5.00
0.102710,4.996279,1.010540,0.42016,5.00
0.102720,4.997176,1.009629,0.41967,5.00
0.102730,4.998011,1.008261,0.41946,5.00
0.102740,4.998770,1.006689,0.41940,5.00
0.102750,4.999434,1.005058,0.41944,5.00
0.102760,4.999959,1.003515,0.41960,5.00
0.102770,5.000414,1.002108,0.41974,5.00
0.102780,5.000804,1.000823,0.41987,5.00
0.102790,5.001135,0.999652,0.41998,5.00
0.102800,5.001276,0.998586,0.42009,5.00
0.102810,5.000836,0.998202,0.42087,5.00
0.102820,5.000403,0.998517,0.42129,5.00
0.102830,4.999999,0.999198,0.42148,5.00
0.102840,4.999634,1.000052,0.42155,5.00
0.102850,4.999326,1.000967,0.42155,5.00
0.102860,4.999110,1.001829,0.42146,5.00
0.102870,4.998932,1.002601,0.42137,5.00
0.102880,4.998789,1.003293,0.42130,5.00
0.102890,4.998676,1.003914,0.42124,5.00
0.102900,4.998795,1.004471,0.42118,5.00
0.102910,4.999734,1.004096,0.42009,5.00
0.102920,5.000619,1.002760,0.41956,5.00
0.102930,5.001421,1.000954,0.41935,5.00
0.102940,5.002129,0.998961,0.41931,5.00
0.102950,5.002660,0.996944,0.41937,5.00
0.102960,5.002794,0.995323,0.41988,5.00
0.102970,5.002866,0.994161,0.42019,5.00
0.102980,5.002894,0.993294,0.42040,5.00
0.102990,5.002887,0.992625,0.42054,5.00
0.103000,5.002777,0.992095,0.42064,5.00
0.103010,5.002349,0.991993,0.42109,5.00
0.103020,5.001931,0.992310,0.42133,5.00
0.103030,5.001539,0.992847,0.42143,5.00
0.103040,5.001177,0.993488,0.42146,5.00
0.103050,5.000864,0.994166,0.42145,5.00
0.103060,5.000645,0.994779,0.42134,5.00
0.103070,5.000453,0.995301,0.42126,5.00
0.103080,5.000284,0.995758,0.42120,5.00
0.103090,5.000136,0.996165,0.42116,5.00
0.103100,4.999993,0.996532,0.42111,5.00
0.103110,4.999815,0.996923,0.42115,5.00
0.103120,4.999656,0.997344,0.42115,5.00
0.103130,4.999518,0.997767,0.42113,5.00
0.103140,4.999400,0.998174,0.42111,5.00
0.103150,4.999388,0.998558,0.42108,5.00
0.103160,4.999727,0.998548,0.42062,5.00
0.103170,5.000050,0.998126,0.42038,5.00
0.103180,5.000345,0.997499,0.42028,5.00
0.103190,5.000607,0.996784,0.42026,5.00
0.103200,5.000510,0.996049,0.42027,5.00
0.103210,4.999127,0.996705,0.42194,5.00
0.103220,4.997829,0.998828,0.42275,5.00
0.103230,4.996661,1.001662,0.42307,5.00
0.103240,4.995640,1.004768,0.42313,5.00
0.103250,4.994753,1.007901,0.42303,5.00
0.103260,4.993947,1.010994,0.42294,5.00
0.103270,4.993286,1.013979,0.42277,5.00
0.103280,4.992762,1.016781,0.42257,5.00
0.103290,4.992363,1.019364,0.42236,5.00
0.103300,4.992313,1.021715,0.42215,5.00
0.103310,4.993276,1.022837,0.42077,5.00
0.103320,4.994244,1.022696,0.42003,5.00
0.103330,4.995176,1.021860,0.41966,5.00
0.103340,4.996051,1.020665,0.41951,5.00
0.103350,4.996949,1.019303,0.41948,5.00
0.103360,4.998125,1.017507,0.41906,5.00
0.103370,4.999197,1.015324,0.41893,5.00
0.103380,5.000156,1.013004,0.41894,5.00
0.103390,5.001002,1.010691,0.41904,5.00
0.103400,5.001575,1.008462,0.41918,5.00
0.103410,5.001420,1.007046,0.42016,5.00
0.103420,5.001226,1.006489,0.42070,5.00
0.103430,5.001023,1.006417,0.42100,5.00
0.103440,5.000827,1.006608,0.42115,5.00
0.103450,5.000673,1.006934,0.42122,5.00
0.103460,5.000648,1.007201,0.42110,5.00
0.103470,5.000631,1.007360,0.42102,5.00
0.103480,5.000621,1.007455,0.42098,5.00
0.103490,5.000613,1.007512,0.42095,5.00
0.103500,5.000624,1.007545,0.42094,5.00
0.103510,5.000701,1.007494,0.42084,5.00
0.103520,5.000772,1.007360,0.42080,5.00
0.103530,5.000835,1.007187,0.42078,5.00
0.103540,5.000889,1.006999,0.42078,5.00
0.103550,5.001309,1.006810,0.42078,5.00
0.103560,5.003172,1.005036,0.41891,5.00
0.103570,5.004889,1.001615,0.41803,5.00
0.103580,5.006412,0.997440,0.41772,5.00
0.103590,5.007724,0.993022,0.41774,5.00
0.103600,5.008526,0.988650,0.41792,5.00
0.103610,5.007961,0.985756,0.41969,5.00
0.103620,5.007318,0.984472,0.42070,5.00
0.103630,5.006650,0.984122,0.42126,5.00
0.103640,5.005987,0.984307,0.42156,5.00
0.103650,5.005370,0.984790,0.42170,5.00
0.103660,5.004874,0.985337,0.42163,5.00
0.103670,5.004405,0.985863,0.42158,5.00
0.103680,5.003965,0.986372,0.42153,5.00
0.103690,5.003551,0.986866,0.42149,5.00
0.103700,5.003119,0.987347,0.42145,5.00
0.103710,5.002542,0.988000,0.42163,5.00
0.103720,5.002006,0.988833,0.42169,5.00
0.103730,5.001515,0.989741,0.42169,5.00
0.103740,5.001069,0.990663,0.42166,5.00
0.103750,5.000619,0.991566,0.42160,5.00
0.103760,5.000018,0.992643,0.42179,5.00
0.103770,4.999477,0.993894,0.42184,5.00
0.103780,4.998999,0.995195,0.42182,5.00
0.103790,4.998584,0.996476,0.42176,5.00
0.103800,4.998131,0.997700,0.42168,5.00
0.103810,4.997356,0.999261,0.42208,5.00
0.103820,4.996670,1.001168,0.42222,5.00
0.103830,4.996080,1.003186,0.42222,5.00
0.103840,4.995586,1.005184,0.42213,5.00
0.103850,4.995360,1.007088,0.42201,5.00
0.103860,4.995899,1.008119,0.42100,5.00
0.103870,4.996452,1.008230,0.42044,5.00
0.103880,4.996991,1.007831,0.42016,5.00
0.103890,4.997499,1.007164,0.42003,5.00
0.103900,4.998011,1.006369,0.42000,5.00
0.103910,4.998653,1.005342,0.41979,5.00
0.103920,4.999236,1.004121,0.41973,5.00
0.103930,4.999756,1.002836,0.41974,5.00
0.103940,5.000213,1.001562,0.41980,5.00
0.103950,5.000709,1.000339,0.41988,5.00
0.103960,5.001530,0.998769,0.41948,5.00
0.103970,5.002262,0.996846,0.41933,5.00
0.103980,5.002896,0.994806,0.41934,5.00
0.103990,5.003432,0.992785,0.41942,5.00
0.104000,5.003508,0.990854,0.41954,5.00
0.104010,5.002076,0.990609,0.42153,5.00
0.104020,5.000698,0.992131,0.42254,5.00
0.104030,4.999428,0.994554,0.42298,5.00
0.104040,4.998291,0.997376,0.42311,5.00
0.104050,4.997433,1.000309,0.42307,5.00
0.104060,4.997243,1.002614,0.42224,5.00
0.104070,4.997138,1.004177,0.42173,5.00
0.104080,4.997092,1.005279,0.42141,5.00
0.104090,4.997087,1.006085,0.42121,5.00
0.104100,4.997216,1.006695,0.42108,5.00
0.104110,4.997762,1.006737,0.42047,5.00
0.104120,4.998290,1.006231,0.42017,5.00
0.104130,4.998781,1.005443,0.42003,5.00
0.104140,4.999228,1.004526,0.42000,5.00
0.104150,4.999769,1.003570,0.42001,5.00
0.104160,5.000810,1.002027,0.41935,5.00
0.104170,5.001754,0.999899,0.41908,5.00
0.104180,5.002585,0.997537,0.41903,5.00
0.104190,5.003300,0.995138,0.41909,5.00
0.104200,5.003615,0.992814,0.41922,5.00
0.104210,5.002710,0.991844,0.42083,5.00
0.104220,5.001811,0.992306,0.42167,5.00
0.104230,5.000964,0.993529,0.42208,5.00
0.104240,5.000190,0.995122,0.42224,5.00
0.104250,4.999525,0.996860,0.42225,5.00
0.104260,4.999037,0.998512,0.42207,5.00
0.104270,4.998624,1.000002,0.42192,5.00
0.104280,4.998279,1.001349,0.42178,5.00
0.104290,4.997994,1.002567,0.42165,5.00
0.104300,4.997853,1.003668,0.42154,5.00
0.104310,4.998111,1.004277,0.42099,5.00
0.104320,4.998379,1.004387,0.42069,5.00
0.104330,4.998641,1.004221,0.42053,5.00
0.104340,4.998890,1.003907,0.42046,5.00
0.104350,4.999035,1.003522,0.42044,5.00
0.104360,4.998831,1.003469,0.42087,5.00
0.104370,4.998638,1.003788,0.42109,5.00
0.104380,4.998466,1.004292,0.42118,5.00
0.104390,4.998322,1.004874,0.42121,5.00
0.104400,4.998321,1.005472,0.42120,5.00
0.104410,4.998799,1.005558,0.42059,5.00
0.104420,4.999260,1.005094,0.42028,5.00
0.104430,4.999688,1.004347,0.42014,5.00
0.104440,5.000074,1.003473,0.42010,5.00
0.104450,5.000352,1.002560,0.42011,5.00
0.104460,5.000335,1.001933,0.42048,5.00
0.104470,5.000299,1.001632,0.42069,5.00
0.104480,5.000256,1.001516,0.42081,5.00
0.104490,5.000210,1.001505,0.42087,5.00
0.104500,4.999921,1.001551,0.42090,5.00
0.104510,4.998682,1.002670,0.42216,5.00
0.104520,4.997537,1.004890,0.42274,5.00
0.104530,4.996519,1.007618,0.42295,5.00
0.104540,4.995639,1.010512,0.42295,5.00
0.104550,4.995101,1.013380,0.42283,5.00
0.104560,4.995485,1.015253,0.42163,5.00
0.104570,4.995919,1.016043,0.42095,5.00
0.104580,4.996366,1.016207,0.42058,5.00
0.104590,4.996806,1.016016,0.42039,5.00
0.104600,4.997477,1.015630,0.42030,5.00
0.104610,4.999085,1.014088,0.41901,5.00
0.104620,5.000576,1.011399,0.41843,5.00
0.104630,5.001915,1.008188,0.41824,5.00
0.104640,5.003091,1.004813,0.41827,5.00
0.104650,5.004010,1.001474,0.41842,5.00
0.104660,5.004409,0.998682,0.41911,5.00
0.104670,5.004695,0.996511,0.41956,5.00
0.104680,5.004892,0.994762,0.41987,5.00
0.104690,5.005016,0.993316,0.42010,5.00
0.104700,5.005141,0.992097,0.42027,5.00
0.104710,5.005449,0.990802,0.42010,5.00
0.104720,5.005691,0.989386,0.42007,5.00
0.104730,5.005867,0.987972,0.42011,5.00
0.104740,5.005979,0.986626,0.42018,5.00
0.104750,5.005991,0.985381,0.42028,5.00
0.104760,5.005795,0.984422,0.42057,5.00
0.104770,5.005565,0.983761,0.42076,5.00
0.104780,5.005313,0.983301,0.42088,5.00
0.104790,5.005046,0.982982,0.42096,5.00
0.104800,5.004649,0.982766,0.42101,5.00
0.104810,5.003773,0.983147,0.42166,5.00
0.104820,5.002940,0.984130,0.42197,5.00
0.104830,5.002168,0.985413,0.42209,5.00
0.104840,5.001466,0.986822,0.42210,5.00
0.104850,5.000848,0.988254,0.42205,5.00
0.104860,5.000353,0.989595,0.42190,5.00
0.104870,4.999920,0.990811,0.42177,5.00
0.104880,4.999543,0.991919,0.42166,5.00
0.104890,4.999217,0.992932,0.42156,5.00
0.104900,4.999079,0.993856,0.42147,5.00
0.104910,4.999529,0.994101,0.42067,5.00
0.104920,4.999966,0.993647,0.42027,5.00
0.104930,5.000368,0.992835,0.42008,5.00
0.104940,5.000725,0.991862,0.42002,5.00
0.104950,5.000861,0.990840,0.42002,5.00
0.104960,5.000285,0.990562,0.42093,5.00
0.104970,4.999725,0.991091,0.42140,5.00
0.104980,4.999206,0.992038,0.42162,5.00
0.104990,4.998741,0.993176,0.42169,5.00
0.105000,4.998078,0.994376,0.42168,5.00
0.105010,4.996480,0.996653,0.42292,5.00
0.105020,4.995032,1.000011,0.42345,5.00
0.105030,4.993764,1.003820,0.42359,5.00
0.105040,4.992682,1.007722,0.42351,5.00
0.105050,4.992090,1.011518,0.42331,5.00
0.105060,4.992856,1.013802,0.42152,5.00
0.105070,4.993672,1.014469,0.42053,5.00
0.105080,4.994483,1.014224,0.42001,5.00
0.105090,4.995261,1.013480,0.41975,5.00
0.105100,4.996122,1.012480,0.41965,5.00
0.105110,4.997436,1.010807,0.41898,5.00
0.105120,4.998644,1.008522,0.41871,5.00
0.105130,4.999729,1.005983,0.41867,5.00
0.105140,5.000688,1.003395,0.41875,5.00
0.105150,5.001207,1.000872,0.41889,5.00
0.105160,5.000381,0.999822,0.42065,5.00
0.105170,4.999560,1.000331,0.42158,5.00
0.105180,4.998795,1.001659,0.42203,5.00
0.105190,4.998108,1.003379,0.42220,5.00
0.105200,4.997682,1.005242,0.42222,5.00
0.105210,4.998011,1.006380,0.42129,5.00
0.105220,4.998365,1.006685,0.42078,5.00
0.105230,4.998715,1.006525,0.42051,5.00
0.105240,4.999048,1.006116,0.42038,5.00
0.105250,4.999467,1.005583,0.42033,5.00
0.105260,5.000291,1.004524,0.41976,5.00
0.105270,5.001044,1.002962,0.41952,5.00
0.105280,5.001713,1.001185,0.41946,5.00
0.105290,5.002294,0.999360,0.41950,5.00
0.105300,5.002950,0.997579,0.41959,5.00
0.105310,5.004156,0.995198,0.41889,5.00
0.105320,5.005224,0.992214,0.41863,5.00
0.105330,5.006142,0.989025,0.41861,5.00
0.105340,5.006906,0.985855,0.41873,5.00
0.105350,5.007153,0.982826,0.41892,5.00
0.105360,5.005829,0.981575,0.42100,5.00
0.105370,5.004515,0.982195,0.42209,5.00
0.105380,5.003271,0.983814,0.42262,5.00
0.105390,5.002126,0.985925,0.42282,5.00
0.105400,5.001444,0.988234,0.42284,5.00
0.105410,5.002235,0.989083,0.42099,5.00
0.105420,5.003009,0.988316,0.42003,5.00
0.105430,5.003718,0.986717,0.41957,5.00
0.105440,5.004336,0.984737,0.41941,5.00
0.105450,5.004739,0.982636,0.41940,5.00
0.105460,5.004597,0.981048,0.42006,5.00
0.105470,5.004403,0.980073,0.42046,5.00
0.105480,5.004176,0.979478,0.42070,5.00
0.105490,5.003932,0.979122,0.42084,5.00
0.105500,5.003469,0.978921,0.42093,5.00
0.105510,5.002192,0.979714,0.42204,5.00
0.105520,5.000991,0.981505,0.42256,5.00
0.105530,4.999897,0.983775,0.42276,5.00
0.105540,4.998922,0.986228,0.42276,5.00
0.105550,4.998292,0.988692,0.42267,5.00
0.105560,4.998652,0.990116,0.42139,5.00
0.105570,4.999040,0.990410,0.42069,5.00
0.105580,4.999419,0.990086,0.42033,5.00
0.105590,4.999771,0.989440,0.42016,5.00
0.105600,4.999892,0.988647,0.42010,5.00
0.105610,4.999217,0.988632,0.42108,5.00
0.105620,4.998574,0.989485,0.42158,5.00
0.105630,4.997988,0.990775,0.42180,5.00
0.105640,4.997471,0.992252,0.42186,5.00
0.105650,4.997271,0.993771,0.42183,5.00
0.105660,4.998084,0.994222,0.42053,5.00
0.105670,4.998877,0.993518,0.41986,5.00
0.105680,4.999613,0.992216,0.41955,5.00
0.105690,5.000275,0.990638,0.41944,5.00
0.105700,5.000588,0.988970,0.41946,5.00
0.105710,4.999782,0.988456,0.42088,5.00
0.105720,4.998996,0.989201,0.42162,5.00
0.105730,4.998271,0.990596,0.42196,5.00
0.105740,4.997625,0.992290,0.42208,5.00
0.105750,4.997075,0.994080,0.42207,5.00
0.105760,4.996657,0.995804,0.42194,5.00
0.105770,4.996316,0.997396,0.42180,5.00
0.105780,4.996047,0.998853,0.42167,5.00
0.105790,4.995843,1.000175,0.42155,5.00
0.105800,4.995847,1.001368,0.42143,5.00
0.105810,4.996486,1.001798,0.42057,5.00
0.105820,4.997115,1.001447,0.42012,5.00
0.105830,4.997711,1.000680,0.41991,5.00
0.105840,4.998260,0.999710,0.41983,5.00
0.105850,4.998755,0.998659,0.41983,5.00
0.105860,4.999184,0.997614,0.41989,5.00
0.105870,4.999563,0.996614,0.41996,5.00
0.105880,4.999894,0.995673,0.42004,5.00
0.105890,5.000182,0.994796,0.42011,5.00
0.105900,5.000205,0.993986,0.42019,5.00
0.105910,4.999320,0.994195,0.42139,5.00
0.105920,4.998485,0.995461,0.42198,5.00
0.105930,4.997730,0.997247,0.42223,5.00
0.105940,4.997069,0.999245,0.42229,5.00
0.105950,4.996783,1.001277,0.42224,5.00
0.105960,4.997669,1.002068,0.42073,5.00
0.105970,4.998542,1.001515,0.41994,5.00
0.105980,4.999362,1.000255,0.41957,5.00
0.105990,5.000107,0.998655,0.41943,5.00
0.106000,5.000524,0.996928,0.41942,5.00
0.106010,4.999909,0.996235,0.42072,5.00
0.106020,4.999301,0.996686,0.42140,5.00
0.106030,4.998737,0.997734,0.42173,5.00
0.106040,4.998234,0.999063,0.42185,5.00
0.106050,4.998135,1.000491,0.42186,5.00
0.106060,4.999405,1.000489,0.42011,5.00
0.106070,5.000618,0.998942,0.41924,5.00
0.106080,5.001726,0.996617,0.41885,5.00
0.106090,5.002709,0.993960,0.41875,5.00
0.106100,5.003460,0.991225,0.41881,5.00
0.106110,5.003692,0.988980,0.41945,5.00
0.106120,5.003837,0.987319,0.41986,5.00
0.106130,5.003916,0.986042,0.42014,5.00
0.106140,5.003944,0.985028,0.42033,5.00
0.106150,5.003793,0.984203,0.42046,5.00
0.106160,5.003072,0.984109,0.42126,5.00
0.106170,5.002375,0.984740,0.42167,5.00
0.106180,5.001723,0.985747,0.42184,5.00
0.106190,5.001129,0.986926,0.42189,5.00
0.106200,5.000789,0.988161,0.42187,5.00
0.106210,5.001265,0.988557,0.42083,5.00
0.106220,5.001728,0.988044,0.42029,5.00
0.106230,5.002149,0.987065,0.42004,5.00
0.106240,5.002516,0.985877,0.41995,5.00
0.106250,5.002737,0.984625,0.41996,5.00
0.106260,5.002563,0.983763,0.42045,5.00
0.106270,5.002364,0.983348,0.42073,5.00
0.106280,5.002156,0.983197,0.42088,5.00
0.106290,5.001947,0.983201,0.42097,5.00
0.106300,5.001637,0.983296,0.42101,5.00
0.106310,5.000924,0.983894,0.42156,5.00
0.106320,5.000260,0.984990,0.42182,5.00
0.106330,4.999658,0.986318,0.42190,5.00
0.106340,4.999124,0.987724,0.42189,5.00
0.106350,4.998775,0.989124,0.42183,5.00
0.106360,4.998947,0.989970,0.42116,5.00
0.106370,4.999137,0.990218,0.42079,5.00
0.106380,4.999328,0.990135,0.42059,5.00
0.106390,4.999507,0.989875,0.42049,5.00
0.106400,4.999425,0.989529,0.42046,5.00
0.106410,4.998373,0.990194,0.42169,5.00
0.106420,4.997392,0.991942,0.42228,5.00
0.106430,4.996515,0.994206,0.42251,5.00
0.106440,4.995755,0.996660,0.42254,5.00
0.106450,4.995093,0.999118,0.42246,5.00
0.106460,4.994466,1.001565,0.42242,5.00
0.106470,4.993955,1.003952,0.42230,5.00
0.106480,4.993554,1.006206,0.42215,5.00
0.106490,4.993253,1.008290,0.42198,5.00
0.106500,4.993485,1.010190,0.42182,5.00
0.106510,4.995511,1.010027,0.41944,5.00
0.106520,4.997449,1.007731,0.41824,5.00
0.106530,4.999232,1.004357,0.41773,5.00
0.106540,5.000833,1.000518,0.41761,5.00
0.106550,5.002215,0.996566,0.41770,5.00
0.106560,5.003310,0.992805,0.41803,5.00
0.106570,5.004232,0.989347,0.41835,5.00
0.106580,5.004998,0.986184,0.41864,5.00
0.106590,5.005621,0.983306,0.41892,5.00
0.106600,5.005682,0.980699,0.41917,5.00
0.106610,5.003949,0.980188,0.42158,5.00
0.106620,5.002272,0.981832,0.42282,5.00
0.106630,5.000718,0.984587,0.42338,5.00
0.106640,4.999318,0.987845,0.42355,5.00
0.106650,4.998534,0.991258,0.42350,5.00
0.106660,4.999663,0.992713,0.42107,5.00
0.106670,5.000786,0.992022,0.41979,5.00
0.106680,5.001833,0.990202,0.41917,5.00
0.106690,5.002772,0.987845,0.41894,5.00
0.106700,5.003719,0.985288,0.41891,5.00
0.106710,5.005047,0.982173,0.41834,5.00
0.106720,5.006207,0.978582,0.41818,5.00
0.106730,5.007190,0.974880,0.41824,5.00
0.106740,5.007998,0.971271,0.41842,5.00
0.106750,5.008219,0.967863,0.41865,5.00
0.106760,5.006650,0.966504,0.42103,5.00
0.106770,5.005097,0.967289,0.42228,5.00
0.106780,5.003628,0.969220,0.42288,5.00
0.106790,5.002276,0.971712,0.42311,5.00
0.106800,5.001012,0.974428,0.42313,5.00
0.106810,4.999713,0.977362,0.42325,5.00
0.106820,4.998563,0.980414,0.42319,5.00
0.106830,4.997560,0.983421,0.42304,5.00
0.106840,4.996700,0.986293,0.42285,5.00
0.106850,4.996095,0.988985,0.42264,5.00
0.106860,4.996092,0.990952,0.42180,5.00
0.106870,4.996156,0.992166,0.42131,5.00
0.106880,4.996261,0.992923,0.42101,5.00
0.106890,4.996392,0.993399,0.42083,5.00
0.106900,4.996552,0.993698,0.42072,5.00
0.106910,4.996776,0.993823,0.42058,5.00
0.106920,4.996999,0.993808,0.42051,5.00
0.106930,4.997218,0.993713,0.42047,5.00
0.106940,4.997429,0.993570,0.42046,5.00
0.106950,4.997803,0.993400,0.42046,5.00
0.106960,4.998838,0.992482,0.41959,5.00
0.106970,4.999799,0.990792,0.41920,5.00
0.106980,5.000664,0.988746,0.41906,5.00
0.106990,5.001425,0.986583,0.41908,5.00
0.107000,5.001809,0.984439,0.41917,5.00
0.107010,5.001036,0.983543,0.42067,5.00
0.107020,5.000270,0.983984,0.42147,5.00
0.107030,4.999551,0.985130,0.42185,5.00
0.107040,4.998901,0.986615,0.42200,5.00
0.107050,4.998275,0.988229,0.42201,5.00
0.107060,4.997524,0.990076,0.42222,5.00
0.107070,4.996869,0.992098,0.42225,5.00
0.107080,4.996312,0.994134,0.42219,5.00
0.107090,4.995851,0.996097,0.42208,5.00
0.107100,4.995456,0.997940,0.42194,5.00
0.107110,4.995050,0.999742,0.42192,5.00
0.107120,4.994729,1.001501,0.42184,5.00
0.107130,4.994488,1.003158,0.42173,5.00
0.107140,4.994321,1.004687,0.42161,5.00
0.107150,4.994438,1.006076,0.42149,5.00
0.107160,4.995457,1.006399,0.42028,5.00
0.107170,4.996449,1.005623,0.41965,5.00
0.107180,4.997380,1.004270,0.41937,5.00
0.107190,4.998233,1.002646,0.41928,5.00
0.107200,4.998967,1.000926,0.41930,5.00
0.107210,4.999480,0.999359,0.41956,5.00
0.107220,4.999923,0.998008,0.41975,5.00
0.107230,5.000306,0.996818,0.41990,5.00
0.107240,5.000635,0.995757,0.42002,5.00
0.107250,5.000886,0.994802,0.42012,5.00
0.107260,5.000980,0.994064,0.42036,5.00
0.107270,5.001047,0.993539,0.42051,5.00
0.107280,5.001092,0.993147,0.42060,5.00
0.107290,5.001122,0.992843,0.42067,5.00
0.107300,5.001264,0.992599,0.42071,5.00
0.107310,5.001879,0.991868,0.42011,5.00
0.107320,5.002440,0.990619,0.41984,5.00
0.107330,5.002932,0.989139,0.41975,5.00
0.107340,5.003350,0.987596,0.41977,5.00
0.107350,5.003411,0.986080,0.41984,5.00
0.107360,5.002297,0.985854,0.42137,5.00
0.107370,5.001224,0.986991,0.42215,5.00
0.107380,5.000232,0.988827,0.42249,5.00
0.107390,4.999342,0.990973,0.42259,5.00
0.107400,4.998306,0.993210,0.42256,5.00
0.107410,4.996391,0.996494,0.42374,5.00
0.107420,4.994672,1.000802,0.42420,5.00
0.107430,4.993176,1.005494,0.42426,5.00
0.107440,4.991907,1.010207,0.42410,5.00
0.107450,4.991176,1.014742,0.42384,5.00
0.107460,4.991879,1.017646,0.42193,5.00
0.107470,4.992656,1.018818,0.42085,5.00
0.107480,4.993450,1.018990,0.42026,5.00
0.107490,4.994228,1.018597,0.41996,5.00
0.107500,4.994666,1.017894,0.41982,5.00
0.107510,4.993870,1.018336,0.42133,5.00
0.107520,4.993140,1.020064,0.42207,5.00
0.107530,4.992513,1.022401,0.42237,5.00
0.107540,4.992005,1.024959,0.42243,5.00
0.107550,4.992008,1.027519,0.42236,5.00
0.107560,4.993645,1.028297,0.42025,5.00
0.107570,4.995246,1.027166,0.41915,5.00
0.107580,4.996751,1.025027,0.41865,5.00
0.107590,4.998132,1.022405,0.41848,5.00
0.107600,4.999289,1.019605,0.41849,5.00
0.107610,4.999975,1.017166,0.41905,5.00
0.107620,5.000558,1.015199,0.41942,5.00
0.107630,5.001055,1.013553,0.41968,5.00
0.107640,5.001480,1.012134,0.41988,5.00
0.107650,5.001757,1.010887,0.42004,5.00
0.107660,5.001655,1.010133,0.42059,5.00
0.107670,5.001533,1.009862,0.42089,5.00
0.107680,5.001408,1.009862,0.42105,5.00
0.107690,5.001288,1.010005,0.42114,5.00
0.107700,5.001054,1.010221,0.42117,5.00
0.107710,5.000351,1.010992,0.42180,5.00
0.107720,4.999706,1.012319,0.42209,5.00
0.107730,4.999134,1.013892,0.42218,5.00
0.107740,4.998641,1.015535,0.42216,5.00
0.107750,4.998448,1.017149,0.42209,5.00
0.107760,4.999192,1.017737,0.42086,5.00
0.107770,4.999924,1.017232,0.42022,5.00
0.107780,5.000609,1.016150,0.41992,5.00
0.107790,5.001231,1.014794,0.41981,5.00
0.107800,5.001852,1.013336,0.41980,5.00
0.107810,5.002671,1.011579,0.41951,5.00
0.107820,5.003395,1.009567,0.41943,5.00
0.107830,5.004020,1.007492,0.41947,5.00
0.107840,5.004546,1.005465,0.41957,5.00
0.107850,5.004794,1.003543,0.41970,5.00
0.107860,5.004243,1.002538,0.42077,5.00
0.107870,5.003679,1.002494,0.42134,5.00
0.107880,5.003133,1.002976,0.42163,5.00
0.107890,5.002623,1.003730,0.42176,5.00
0.107900,5.002172,1.004609,0.42179,5.00
0.107910,5.001833,1.005454,0.42169,5.00
0.107920,5.001534,1.006214,0.42160,5.00
0.107930,5.001269,1.006903,0.42152,5.00
0.107940,5.001037,1.007530,0.42146,5.00
0.107950,5.001067,1.008102,0.42140,5.00
0.107960,5.002031,1.007630,0.42017,5.00
0.107970,5.002933,1.006077,0.41956,5.00
0.107980,5.003741,1.004001,0.41932,5.00
0.107990,5.004441,1.001726,0.41928,5.00
0.108000,5.004668,0.999434,0.41935,5.00
0.108010,5.003379,0.998771,0.42131,5.00
0.108020,5.002123,0.999854,0.42232,5.00
0.108030,5.000954,1.001843,0.42278,5.00
0.108040,4.999899,1.004252,0.42294,5.00
0.108050,4.999099,1.006800,0.42292,5.00
0.108060,4.998935,1.008768,0.42214,5.00
0.108070,4.998843,1.010044,0.42167,5.00
0.108080,4.998796,1.010898,0.42139,5.00
0.108090,4.998782,1.011490,0.42121,5.00
0.108100,4.998886,1.011915,0.42109,5.00
0.108110,4.999382,1.011817,0.42053,5.00
0.108120,4.999855,1.011215,0.42025,5.00
0.108130,5.000288,1.010361,0.42013,5.00
0.108140,5.000676,1.009400,0.42011,5.00
0.108150,5.000886,1.008415,0.42013,5.00
0.108160,5.000544,1.008007,0.42084,5.00
0.108170,5.000205,1.008224,0.42121,5.00
0.108180,4.999889,1.008768,0.42139,5.00
0.108190,4.999605,1.009468,0.42146,5.00
0.108200,4.999865,1.010225,0.42146,5.00
0.108210,5.002130,1.008824,0.41888,5.00
0.108220,5.004245,1.005145,0.41763,5.00
0.108230,5.006140,1.000379,0.41715,5.00
0.108240,5.007790,0.995212,0.41709,5.00
0.108250,5.008614,0.990032,0.41727,5.00
0.108260,5.006965,0.987500,0.42046,5.00
0.108270,5.005301,0.987828,0.42217,5.00
0.108280,5.003712,0.989700,0.42302,5.00
0.108290,5.002245,0.992349,0.42337,5.00
0.108300,5.001007,0.995331,0.42345,5.00
0.108310,5.000253,0.998025,0.42293,5.00
0.108320,4.999614,1.000273,0.42256,5.00
0.108330,4.999074,1.002201,0.42229,5.00
0.108340,4.998620,1.003886,0.42208,5.00
0.108350,4.998257,1.005379,0.42190,5.00
0.108360,4.998028,1.006637,0.42167,5.00
0.108370,4.997852,1.007680,0.42150,5.00
0.108380,4.997720,1.008564,0.42137,5.00
0.108390,4.997626,1.009326,0.42127,5.00
0.108400,4.997606,1.009989,0.42119,5.00
0.108410,4.997775,1.010392,0.42092,5.00
0.108420,4.997953,1.010539,0.42077,5.00
0.108430,4.998131,1.010537,0.42068,5.00
0.108440,4.998306,1.010450,0.42064,5.00
0.108450,4.998523,1.010315,0.42062,5.00
0.108460,4.998925,1.009942,0.42037,5.00
0.108470,4.999299,1.009336,0.42026,5.00
0.108480,4.999640,1.008624,0.42022,5.00
0.108490,4.999944,1.007877,0.42023,5.00
0.108500,5.000166,1.007139,0.42027,5.00
0.108510,5.000176,1.006623,0.42055,5.00
0.108520,5.000171,1.006351,0.42070,5.00
0.108530,5.000157,1.006220,0.42080,5.00
0.108540,5.000140,1.006169,0.42085,5.00
0.108550,5.000221,1.006163,0.42087,5.00
0.108560,5.000687,1.005760,0.42039,5.00
0.108570,5.001118,1.004930,0.42016,5.00
0.108580,5.001501,1.003903,0.42008,5.00
0.108590,5.001832,1.002810,0.42008,5.00
0.108600,5.001859,1.001725,0.42012,5.00
0.108610,5.000854,1.001762,0.42146,5.00
0.108620,4.999896,1.002986,0.42213,5.00
0.108630,4.999020,1.004807,0.42242,5.00
0.108640,4.998242,1.006882,0.42249,5.00
0.108650,4.997739,1.009016,0.42245,5.00
0.108660,4.998005,1.010367,0.42147,5.00
0.108670,4.998304,1.010848,0.42093,5.00
0.108680,4.998608,1.010836,0.42064,5.00
0.108690,4.998901,1.010557,0.42049,5.00
0.108700,4.999238,1.010138,0.42043,5.00
0.108710,4.999796,1.009388,0.42009,5.00
0.108720,5.000307,1.008338,0.41995,5.00
0.108730,5.000762,1.007164,0.41992,5.00
0.108740,5.001159,1.005967,0.41996,5.00
0.108750,5.001706,1.004801,0.42002,5.00
0.108760,5.003003,1.002816,0.41905,5.00
0.108770,5.004174,0.999989,0.41864,5.00
0.108780,5.005195,0.996819,0.41855,5.00
0.108790,5.006061,0.993592,0.41863,5.00
0.108800,5.006562,0.990465,0.41880,5.00
0.108810,5.006087,0.988434,0.42009,5.00
0.108820,5.005559,0.987576,0.42082,5.00
0.108830,5.005016,0.987398,0.42122,5.00
0.108840,5.004482,0.987607,0.42143,5.00
0.108850,5.003968,0.988033,0.42153,5.00
0.108860,5.003480,0.988574,0.42156,5.00
0.108870,5.003022,0.989171,0.42156,5.00
0.108880,5.002596,0.989788,0.42153,5.00
0.108890,5.002202,0.990403,0.42149,5.00
0.108900,5.001717,0.991005,0.42145,5.00
0.108910,5.000787,0.992105,0.42202,5.00
0.108920,4.999931,0.993722,0.42227,5.00
0.108930,4.999162,0.995563,0.42232,5.00
0.108940,4.998486,0.997459,0.42228,5.00
0.108950,4.997776,0.999316,0.42219,5.00
0.108960,4.996668,1.001614,0.42269,5.00
0.108970,4.995687,1.004350,0.42286,5.00
0.108980,4.994844,1.007214,0.42283,5.00
0.108990,4.994137,1.010034,0.42271,5.00
0.109000,4.993712,1.012715,0.42253,5.00
0.109010,4.993994,1.014568,0.42158,5.00
0.109020,4.994332,1.015545,0.42102,5.00
0.109030,4.994696,1.016002,0.42071,5.00
0.109040,4.995068,1.016146,0.42053,5.00
0.109050,4.995321,1.016104,0.42043,5.00
0.109060,4.995115,1.016444,0.42097,5.00
0.109070,4.994939,1.017231,0.42123,5.00
0.109080,4.994807,1.018218,0.42133,5.00
0.109090,4.994723,1.019261,0.42134,5.00
0.109100,4.994889,1.020282,0.42131,5.00
0.109110,4.995891,1.020372,0.42022,5.00
0.109120,4.996859,1.019476,0.41967,5.00
0.109130,4.997763,1.018069,0.41943,5.00
0.109140,4.998587,1.016429,0.41936,5.00
0.109150,4.999205,1.014715,0.41940,5.00
0.109160,4.999267,1.013536,0.42009,5.00
0.109170,4.999292,1.012963,0.42049,5.00
0.109180,4.999301,1.012734,0.42072,5.00
0.109190,4.999306,1.012693,0.42084,5.00
0.109200,4.999385,1.012752,0.42090,5.00
0.109210,4.999756,1.012544,0.42055,5.00
0.109220,5.000105,1.012025,0.42039,5.00
0.109230,5.000423,1.011357,0.42033,5.00
0.109240,5.000706,1.010630,0.42032,5.00
0.109250,5.000904,1.009897,0.42035,5.00
0.109260,5.000879,1.009395,0.42063,5.00
0.109270,5.000839,1.009147,0.42080,5.00
0.109280,5.000793,1.009045,0.42089,5.00
0.109290,5.000745,1.009026,0.42094,5.00
0.109300,5.000701,1.009053,0.42096,5.00
0.109310,5.000673,1.009090,0.42096,5.00
0.109320,5.000647,1.009122,0.42095,5.00
0.109330,5.000622,1.009152,0.42095,5.00
0.109340,5.000599,1.009179,0.42094,5.00
0.109350,5.000966,1.009204,0.42094,5.00
0.109360,5.002842,1.007575,0.41898,5.00
0.109370,5.004575,1.004223,0.41806,5.00
0.109380,5.006117,1.000074,0.41772,5.00
0.109390,5.007448,0.995658,0.41772,5.00
0.109400,5.008203,0.991274,0.41789,5.00
0.109410,5.007340,0.988637,0.41999,5.00
0.109420,5.006420,0.987894,0.42115,5.00
0.109430,5.005507,0.988216,0.42177,5.00
0.109440,5.004633,0.989117,0.42207,5.00
0.109450,5.003432,0.990312,0.42218,5.00
0.109460,5.000802,0.993273,0.42413,5.00
0.109470,4.998382,0.997972,0.42499,5.00
0.109480,4.996221,1.003437,0.42524,5.00
0.109490,4.994333,1.009113,0.42515,5.00
0.109500,4.992926,1.014687,0.42488,5.00
0.109510,4.992584,1.019107,0.42347,5.00
0.109520,4.992409,1.022250,0.42259,5.00
0.109530,4.992353,1.024572,0.42202,5.00
0.109540,4.992388,1.026349,0.42164,5.00
0.109550,4.992879,1.027746,0.42138,5.00
0.109560,4.994925,1.027224,0.41925,5.00
0.109570,4.996871,1.024778,0.41819,5.00
0.109580,4.998660,1.021373,0.41776,5.00
0.109590,5.000267,1.017565,0.41767,5.00
0.109600,5.001372,1.013674,0.41778,5.00
0.109610,5.001084,1.011200,0.41956,5.00
0.109620,5.000732,1.010295,0.42055,5.00
0.109630,5.000368,1.010267,0.42109,5.00
0.109640,5.000021,1.010713,0.42136,5.00
0.109650,4.999988,1.011397,0.42148,5.00
0.109660,5.001097,1.010972,0.42008,5.00
0.109670,5.002139,1.009311,0.41939,5.00
0.109680,5.003079,1.007047,0.41910,5.00
0.109690,5.003900,1.004545,0.41905,5.00
0.109700,5.004170,1.002014,0.41912,5.00
0.109710,5.002657,1.001393,0.42142,5.00
0.109720,5.001189,1.002818,0.42261,5.00
0.109730,4.999831,1.005297,0.42315,5.00
0.109740,4.998611,1.008257,0.42332,5.00
0.109750,4.997810,1.011366,0.42329,5.00
0.109760,4.998197,1.013300,0.42180,5.00
0.109770,4.998630,1.013909,0.42097,5.00
0.109780,4.999065,1.013779,0.42053,5.00
0.109790,4.999478,1.013251,0.42031,5.00
0.109800,4.999934,1.012525,0.42022,5.00
0.109810,5.000653,1.011387,0.41982,5.00
0.109820,5.001303,1.009890,0.41966,5.00
0.109830,5.001875,1.008255,0.41964,5.00
0.109840,5.002366,1.006607,0.41969,5.00
0.109850,5.002637,1.005016,0.41978,5.00
0.109860,5.002278,1.004131,0.42062,5.00
0.109870,5.001903,1.003993,0.42107,5.00
0.109880,5.001538,1.004267,0.42131,5.00
0.109890,5.001195,1.004758,0.42141,5.00
0.109900,5.000912,1.005351,0.42145,5.00
0.109910,5.000784,1.005845,0.42128,5.00
0.109920,5.000675,1.006197,0.42118,5.00
0.109930,5.000581,1.006461,0.42111,5.00
0.109940,5.000498,1.006671,0.42106,5.00
0.109950,5.000482,1.006845,0.42103,5.00
0.109960,5.000701,1.006747,0.42072,5.00
0.109970,5.000905,1.006374,0.42056,5.00
0.109980,5.001086,1.005867,0.42050,5.00
0.109990,5.001241,1.005310,0.42049,5.00
0.110000,5.001467,1.004749,0.42050,5.00
0.110010,5.002047,1.003794,0.42004,5.00
0.110020,5.002566,1.002439,0.41984,5.00
0.110030,5.003014,1.000925,0.41980,5.00
0.110040,5.003389,0.999388,0.41984,5.00
0.110050,5.003664,0.997902,0.41992,5.00
0.110060,5.003763,0.996626,0.42016,5.00
0.110070,5.003810,0.995584,0.42033,5.00
0.110080,5.003815,0.994717,0.42046,5.00
0.110090,5.003784,0.993986,0.42056,5.00
0.110100,5.003890,0.993367,0.42063,5.00
0.110110,5.004621,0.992130,0.41986,5.00
0.110120,5.005270,0.990233,0.41951,5.00
0.110130,5.005818,0.988064,0.41942,5.00
0.110140,5.006261,0.985844,0.41945,5.00
0.110150,5.006160,0.983694,0.41956,5.00
0.110160,5.004249,0.983558,0.42193,5.00
0.110170,5.002411,0.985542,0.42312,5.00
0.110180,5.000713,0.988610,0.42365,5.00
0.110190,4.999183,0.992158,0.42379,5.00
0.110200,4.998089,0.995840,0.42372,5.00
0.110210,4.998166,0.998372,0.42225,5.00
0.110220,4.998319,0.999604,0.42141,5.00
0.110230,4.998504,1.000090,0.42094,5.00
0.110240,4.998698,1.000155,0.42068,5.00
0.110250,4.998802,0.999990,0.42055,5.00
0.110260,4.998568,1.000063,0.42091,5.00
0.110270,4.998348,1.000454,0.42109,5.00
0.110280,4.998153,1.001000,0.42117,5.00
0.110290,4.997987,1.001607,0.42119,5.00
0.110300,4.997980,1.002222,0.42117,5.00
0.110310,4.998509,1.002260,0.42048,5.00
0.110320,4.999017,1.001683,0.42013,5.00
0.110330,4.999485,1.000793,0.41998,5.00
0.110340,4.999905,0.999767,0.41994,5.00
0.110350,5.000116,0.998705,0.41996,5.00
0.110360,4.999669,0.998330,0.42080,5.00
0.110370,4.999231,0.998700,0.42124,5.00
0.110380,4.998825,0.999457,0.42145,5.00
0.110390,4.998463,1.000395,0.42153,5.00
0.110400,4.998231,1.001394,0.42153,5.00
0.110410,4.998369,1.002036,0.42107,5.00
0.110420,4.998523,1.002268,0.42081,5.00
0.110430,4.998679,1.002268,0.42068,5.00
0.110440,4.998830,1.002142,0.42061,5.00
0.110450,4.998991,1.001950,0.42058,5.00
0.110460,4.999215,1.001646,0.42048,5.00
0.110470,4.999421,1.001248,0.42044,5.00
0.110480,4.999605,1.000813,0.42043,5.00
0.110490,4.999768,1.000373,0.42045,5.00
0.110500,4.999984,0.999947,0.42048,5.00
0.110510,5.000471,0.999226,0.42013,5.00
0.110520,5.000911,0.998202,0.41998,5.00
0.110530,5.001297,0.997055,0.41995,5.00
0.110540,5.001627,0.995886,0.41998,5.00
0.110550,5.002024,0.994753,0.42004,5.00
0.110560,5.002841,0.993168,0.41950,5.00
0.110570,5.003565,0.991124,0.41930,5.00
0.110580,5.004185,0.988916,0.41927,5.00
0.110590,5.004699,0.986712,0.41935,5.00
0.110600,5.004735,0.984602,0.41948,5.00
0.110610,5.003217,0.984233,0.42152,5.00
0.110620,5.001750,0.985692,0.42256,5.00
0.110630,5.000390,0.988092,0.42303,5.00
0.110640,4.999165,0.990918,0.42317,5.00
0.110650,4.998256,0.993874,0.42313,5.00
0.110660,4.998163,0.996054,0.42212,5.00
0.110670,4.998144,0.997338,0.42152,5.00
0.110680,4.998168,0.998089,0.42117,5.00
0.110690,4.998217,0.998525,0.42096,5.00
0.110700,4.998263,0.998772,0.42084,5.00
0.110710,4.998255,0.998974,0.42085,5.00
0.110720,4.998257,0.999176,0.42085,5.00
0.110730,4.998267,0.999370,0.42084,5.00
0.110740,4.998286,0.999548,0.42083,5.00
0.110750,4.998282,0.999708,0.42082,5.00
0.110760,4.998171,0.999976,0.42096,5.00
0.110770,4.998076,1.000356,0.42101,5.00
0.110780,4.998000,1.000779,0.42103,5.00
0.110790,4.997945,1.001207,0.42102,5.00
0.110800,4.997948,1.001616,0.42100,5.00
0.110810,4.998125,1.001827,0.42077,5.00
0.110820,4.998303,1.001828,0.42065,5.00
0.110830,4.998476,1.001711,0.42059,5.00
0.110840,4.998641,1.001532,0.42056,5.00
0.110850,4.998602,1.001322,0.42056,5.00
0.110860,4.997805,1.001919,0.42153,5.00
0.110870,4.997068,1.003367,0.42200,5.00
0.110880,4.996415,1.005216,0.42218,5.00
0.110890,4.995857,1.007204,0.42219,5.00
0.110900,4.995618,1.009187,0.42212,5.00
0.110910,4.996343,1.010128,0.42088,5.00
0.110920,4.997071,1.009946,0.42021,5.00
0.110930,4.997766,1.009157,0.41988,5.00
0.110940,4.998410,1.008062,0.41975,5.00
0.110950,4.998936,1.006835,0.41973,5.00
0.110960,4.999171,1.005828,0.42006,5.00
0.110970,4.999367,1.005108,0.42027,5.00
0.110980,4.999533,1.004564,0.42040,5.00
0.110990,4.999677,1.004134,0.42049,5.00
0.111000,4.999811,1.003777,0.42055,5.00
0.111010,4.999968,1.003431,0.42055,5.00
0.111020,5.000107,1.003078,0.42056,5.00
0.111030,5.000229,1.002734,0.42058,5.00
0.111040,5.000335,1.002407,0.42060,5.00
0.111050,5.000420,1.002101,0.42063,5.00
0.111060,5.000469,1.001842,0.42068,5.00
0.111070,5.000507,1.001630,0.42072,5.00
0.111080,5.000537,1.001453,0.42075,5.00
0.111090,5.000558,1.001301,0.42077,5.00
0.111100,5.000439,1.001169,0.42078,5.00
0.111110,4.999796,1.001623,0.42147,5.00
0.111120,4.999196,1.002684,0.42180,5.00
0.111130,4.998659,1.004032,0.42192,5.00
0.111140,4.998191,1.005482,0.42193,5.00
0.111150,4.998059,1.006931,0.42188,5.00
0.111160,4.999028,1.007188,0.42045,5.00
0.111170,4.999962,1.006178,0.41972,5.00
0.111180,5.000823,1.004519,0.41939,5.00
0.111190,5.001592,1.002571,0.41929,5.00
0.111200,5.002129,1.000540,0.41932,5.00
0.111210,5.002051,0.999109,0.42009,5.00
0.111220,5.001929,0.998364,0.42053,5.00
0.111230,5.001786,0.998021,0.42079,5.00
0.111240,5.001636,0.997910,0.42093,5.00
0.111250,5.001606,0.997933,0.42100,5.00
0.111260,5.002049,0.997518,0.42043,5.00
0.111270,5.002454,0.996610,0.42016,5.00
0.111280,5.002808,0.995474,0.42006,5.00
0.111290,5.003105,0.994265,0.42005,5.00
0.111300,5.002866,0.993067,0.42010,5.00
0.111310,5.000721,0.993958,0.42257,5.00
0.111320,4.998701,0.997045,0.42379,5.00
0.111330,4.996870,1.001203,0.42427,5.00
0.111340,4.995258,1.005783,0.42435,5.00
0.111350,4.994330,1.010415,0.42421,5.00
0.111360,4.995403,1.012941,0.42164,5.00
0.111370,4.996513,1.013171,0.42025,5.00
0.111380,4.997587,1.012146,0.41953,5.00
0.111390,4.998585,1.010474,0.41922,5.00
0.111400,4.999361,1.008506,0.41912,5.00
0.111410,4.999538,1.006993,0.41980,5.00
0.111420,4.999663,1.006072,0.42020,5.00
0.111430,4.999755,1.005501,0.42044,5.00
0.111440,4.999826,1.005136,0.42059,5.00
0.111450,4.999952,1.004894,0.42067,5.00
0.111460,5.000333,1.004436,0.42038,5.00
0.111470,5.000682,1.003720,0.42025,5.00
0.111480,5.000993,1.002892,0.42022,5.00
0.111490,5.001262,1.002034,0.42023,5.00
0.111500,5.001495,1.001194,0.42027,5.00
0.111510,5.001713,1.000371,0.42030,5.00
0.111520,5.001892,0.999578,0.42034,5.00
0.111530,5.002034,0.998833,0.42039,5.00
0.111540,5.002144,0.998146,0.42045,5.00
0.111550,5.002104,0.997520,0.42051,5.00
0.111560,5.001577,0.997459,0.42116,5.00
0.111570,5.001070,0.997981,0.42149,5.00
0.111580,5.000600,0.998803,0.42163,5.00
0.111590,5.000175,0.999758,0.42167,5.00
0.111600,4.999416,1.000752,0.42165,5.00
0.111610,4.997220,1.003360,0.42353,5.00
0.111620,4.995211,1.007618,0.42438,5.00
0.111630,4.993436,1.012602,0.42463,5.00
0.111640,4.991909,1.017783,0.42457,5.00
0.111650,4.991225,1.022862,0.42432,5.00
0.111660,4.993086,1.025147,0.42100,5.00
0.111670,4.994947,1.024452,0.41923,5.00
0.111680,4.996713,1.022160,0.41837,5.00
0.111690,4.998334,1.019076,0.41803,5.00
0.111700,4.999467,1.015669,0.41798,5.00
0.111710,4.999171,1.013585,0.41972,5.00
0.111720,4.998827,1.013031,0.42068,5.00
0.111730,4.998486,1.013315,0.42119,5.00
0.111740,4.998175,1.014035,0.42143,5.00
0.111750,4.998089,1.014956,0.42153,5.00
0.111760,4.998769,1.015157,0.42061,5.00
0.111770,4.999426,1.014532,0.42013,5.00
0.111780,5.000037,1.013479,0.41992,5.00
0.111790,5.000589,1.012231,0.41985,5.00
0.111800,5.000993,1.010921,0.41987,5.00
0.111810,5.001010,1.009979,0.42035,5.00
0.111820,5.000996,1.009463,0.42063,5.00
0.111830,5.000966,1.009194,0.42079,5.00
0.111840,5.000929,1.009068,0.42088,5.00
0.111850,5.001010,1.009024,0.42093,5.00
0.111860,5.001560,1.008512,0.42034,5.00
0.111870,5.002067,1.007488,0.42007,5.00
0.111880,5.002516,1.006229,0.41997,5.00
0.111890,5.002902,1.004892,0.41997,5.00
0.111900,5.003039,1.003568,0.42002,5.00
0.111910,5.002400,1.003087,0.42103,5.00
0.111920,5.001772,1.003508,0.42156,5.00
0.111930,5.001183,1.004403,0.42181,5.00
0.111940,5.000647,1.005524,0.42189,5.00
0.111950,5.000507,1.006728,0.42189,5.00
0.111960,5.001737,1.006496,0.42014,5.00
0.111970,5.002899,1.004724,0.41927,5.00
0.111980,5.003949,1.002193,0.41890,5.00
0.111990,5.004864,0.999351,0.41881,5.00
0.112000,5.005278,0.996455,0.41888,5.00
0.112010,5.004152,0.995188,0.42086,5.00
0.112020,5.003031,0.995688,0.42190,5.00
0.112030,5.001970,0.997131,0.42241,5.00
0.112040,5.000998,0.999037,0.42260,5.00
0.112050,5.000328,1.001127,0.42263,5.00
0.112060,5.000542,1.002389,0.42154,5.00
0.112070,5.000783,1.002699,0.42095,5.00
0.112080,5.001021,1.002487,0.42063,5.00
0.112090,5.001239,1.002005,0.42048,5.00
0.112100,5.001099,1.001398,0.42043,5.00
0.112110,4.999647,1.002154,0.42209,5.00
0.112120,4.998286,1.004378,0.42290,5.00
0.112130,4.997059,1.007310,0.42321,5.00
0.112140,4.995984,1.010513,0.42326,5.00
0.112150,4.995625,1.013736,0.42315,5.00
0.112160,4.997585,1.014467,0.42015,5.00
0.112170,4.999482,1.012533,0.41861,5.00
0.112180,5.001234,1.009231,0.41792,5.00
0.112190,5.002801,1.005311,0.41769,5.00
0.112200,5.003894,1.001204,0.41774,5.00
0.112210,5.003715,0.998329,0.41932,5.00
0.112220,5.003449,0.996868,0.42023,5.00
0.112230,5.003144,0.996230,0.42075,5.00
0.112240,5.002826,0.996067,0.42103,5.00
0.112250,5.002520,0.996175,0.42118,5.00
0.112260,5.002258,0.996396,0.42121,5.00
0.112270,5.002011,0.996658,0.42122,5.00
0.112280,5.001778,0.996940,0.42121,5.00
0.112290,5.001560,0.997228,0.42120,5.00
0.112300,5.001492,0.997515,0.42118,5.00
0.112310,5.001962,0.997222,0.42048,5.00
0.112320,5.002397,0.996323,0.42013,5.00
0.112330,5.002779,0.995136,0.42000,5.00
0.112340,5.003100,0.993846,0.41998,5.00
0.112350,5.003441,0.992555,0.42002,5.00
0.112360,5.004041,0.990972,0.41968,5.00
0.112370,5.004555,0.989113,0.41957,5.00
0.112380,5.004978,0.987184,0.41959,5.00
0.112390,5.005311,0.985302,0.41967,5.00
0.112400,5.005304,0.983529,0.41979,5.00
0.112410,5.004233,0.982976,0.42120,5.00
0.112420,5.003184,0.983700,0.42194,5.00
0.112430,5.002197,0.985098,0.42228,5.00
0.112440,5.001293,0.986820,0.42239,5.00
0.112450,5.000437,0.988662,0.42239,5.00
0.112460,4.999514,0.990681,0.42251,5.00
0.112470,4.998695,0.992821,0.42250,5.00
0.112480,4.997980,0.994950,0.42241,5.00
0.112490,4.997366,0.996995,0.42228,5.00
0.112500,4.996982,0.998918,0.42213,5.00
0.112510,4.997207,1.000129,0.42130,5.00
0.112520,4.997463,1.000600,0.42084,5.00
0.112530,4.997726,1.000649,0.42059,5.00
0.112540,4.997982,1.000466,0.42046,5.00
0.112550,4.998165,1.000161,0.42040,5.00
0.112560,4.998106,1.000044,0.42068,5.00
0.112570,4.998050,1.000163,0.42082,5.00
0.112580,4.998002,1.000401,0.42089,5.00
0.112590,4.997968,1.000691,0.42092,5.00
0.112600,4.997773,1.000994,0.42092,5.00
0.112610,4.996918,1.002030,0.42179,5.00
0.112620,4.996140,1.003817,0.42218,5.00
0.112630,4.995459,1.005936,0.42231,5.00
0.112640,4.994884,1.008147,0.42229,5.00
0.112650,4.994532,1.010317,0.42219,5.00
0.112660,4.994734,1.011873,0.42147,5.00
0.112670,4.994986,1.012758,0.42104,5.00
0.112680,4.995264,1.013236,0.42079,5.00
0.112690,4.995554,1.013464,0.42064,5.00
0.112700,4.995887,1.013538,0.42056,5.00
0.112710,4.996372,1.013344,0.42032,5.00
0.112720,4.996836,1.012910,0.42020,5.00
0.112730,4.997274,1.012353,0.42016,5.00
0.112740,4.997680,1.011740,0.42016,5.00
0.112750,4.998290,1.011111,0.42019,5.00
0.112760,4.999785,1.009485,0.41904,5.00
0.112770,5.001162,1.006833,0.41852,5.00
0.112780,5.002392,1.003725,0.41836,5.00
0.112790,5.003467,1.000485,0.41841,5.00
0.112800,5.003886,0.997298,0.41856,5.00
0.112810,5.002219,0.996388,0.42128,5.00
0.112820,5.000597,0.997891,0.42269,5.00
0.112830,4.999095,1.000644,0.42334,5.00
0.112840,4.997749,1.003970,0.42355,5.00
0.112850,4.996838,1.007480,0.42353,5.00
0.112860,4.997132,1.009821,0.42203,5.00
0.112870,4.997489,1.010826,0.42119,5.00
0.112880,4.997867,1.011069,0.42072,5.00
0.112890,4.998240,1.010885,0.42048,5.00
0.112900,4.998563,1.010471,0.42036,5.00
0.112910,4.998741,1.010074,0.42047,5.00
0.112920,4.998902,1.009767,0.42055,5.00
0.112930,4.999050,1.009515,0.42059,5.00
0.112940,4.999185,1.009297,0.42063,5.00
0.112950,4.999343,1.009102,0.42066,5.00
0.112960,4.999620,1.008781,0.42051,5.00
0.112970,4.999876,1.008327,0.42045,5.00
0.112980,5.000107,1.007813,0.42043,5.00
0.112990,5.000312,1.007286,0.42045,5.00
0.113000,5.000331,1.006769,0.42048,5.00
0.113010,4.999700,1.006961,0.42132,5.00
0.113020,4.999105,1.007898,0.42174,5.00
0.113030,4.998569,1.009199,0.42191,5.00
0.113040,4.998101,1.010645,0.42195,5.00
0.113050,4.997872,1.012111,0.42191,5.00
0.113060,4.998360,1.012817,0.42099,5.00
0.113070,4.998852,1.012696,0.42049,5.00
0.113080,4.999320,1.012130,0.42025,5.00
0.113090,4.999752,1.011339,0.42015,5.00
0.113100,5.000180,1.010453,0.42013,5.00
0.113110,5.000714,1.009381,0.41996,5.00
0.113120,5.001190,1.008158,0.41992,5.00
0.113130,5.001605,1.006898,0.41994,5.00
0.113140,5.001960,1.005665,0.42001,5.00
0.113150,5.002224,1.004495,0.42009,5.00
0.113160,5.002309,1.003544,0.42034,5.00
0.113170,5.002356,1.002823,0.42050,5.00
0.113180,5.002375,1.002259,0.42061,5.00
0.113190,5.002371,1.001804,0.42069,5.00
0.113200,5.002446,1.001430,0.42075,5.00
0.113210,5.002880,1.000707,0.42030,5.00
0.113220,5.003266,0.999607,0.42011,5.00
0.113230,5.003595,0.998352,0.42005,5.00
0.113240,5.003862,0.997066,0.42008,5.00
0.113250,5.003850,0.995820,0.42014,5.00
0.113260,5.002929,0.995585,0.42132,5.00
0.113270,5.002038,0.996417,0.42193,5.00
0.113280,5.001209,0.997801,0.42220,5.00
0.113290,5.000458,0.999436,0.42229,5.00
0.113300,4.999964,1.001151,0.42226,5.00
0.113310,5.000227,1.002110,0.42131,5.00
0.113320,5.000507,1.002228,0.42079,5.00
0.113330,5.000776,1.001891,0.42052,5.00
0.113340,5.001021,1.001323,0.42040,5.00
0.113350,5.001432,1.000654,0.42036,5.00
0.113360,5.002578,0.999116,0.41937,5.00
0.113370,5.003618,0.996717,0.41893,5.00
0.113380,5.004529,0.993949,0.41881,5.00
0.113390,5.005303,0.991093,0.41886,5.00
0.113400,5.005812,0.988307,0.41899,5.00
0.113410,5.005690,0.986227,0.41983,5.00
0.113420,5.005496,0.984917,0.42033,5.00
0.113430,5.005259,0.984086,0.42064,5.00
0.113440,5.004995,0.983559,0.42082,5.00
0.113450,5.004528,0.983231,0.42094,5.00
0.113460,5.003322,0.983838,0.42196,5.00
0.113470,5.002182,0.985371,0.42245,5.00
0.113480,5.001136,0.987359,0.42263,5.00
0.113490,5.000194,0.989527,0.42265,5.00
0.113500,4.999732,0.991720,0.42257,5.00
0.113510,5.000813,0.992271,0.42058,5.00
0.113520,5.001859,0.991070,0.41955,5.00
0.113530,5.002813,0.988975,0.41908,5.00
0.113540,5.003652,0.986483,0.41893,5.00
0.113550,5.004280,0.983878,0.41895,5.00
0.113560,5.004445,0.981692,0.41951,5.00
0.113570,5.004524,0.980025,0.41987,5.00
0.113580,5.004537,0.978713,0.42013,5.00
0.113590,5.004498,0.977656,0.42031,5.00
0.113600,5.004307,0.976789,0.42044,5.00
0.113610,5.003660,0.976535,0.42109,5.00
0.113620,5.003025,0.976887,0.42143,5.00
0.113630,5.002421,0.977565,0.42159,5.00
0.113640,5.001858,0.978406,0.42164,5.00
0.113650,5.001440,0.979316,0.42163,5.00
0.113660,5.001455,0.979814,0.42109,5.00
0.113670,5.001478,0.979853,0.42080,5.00
0.113680,5.001497,0.979652,0.42066,5.00
0.113690,5.001502,0.979338,0.42059,5.00
0.113700,5.001113,0.978983,0.42057,5.00
0.113710,4.999235,0.980241,0.42249,5.00
0.113720,4.997481,0.983201,0.42341,5.00
0.113730,4.995902,0.986971,0.42375,5.00
0.113740,4.994517,0.991037,0.42378,5.00
0.113750,4.993434,0.995109,0.42363,5.00
0.113760,4.992943,0.998584,0.42287,5.00
0.113770,4.992595,1.001360,0.42235,5.00
0.113780,4.992362,1.003645,0.42198,5.00
0.113790,4.992224,1.005565,0.42171,5.00
0.113800,4.992238,1.007201,0.42149,5.00
0.113810,4.992601,1.008301,0.42095,5.00
0.113820,4.992995,1.008887,0.42064,5.00
0.113830,4.993404,1.009157,0.42046,5.00
0.113840,4.993815,1.009230,0.42036,5.00
0.113850,4.994408,1.009178,0.42031,5.00
0.113860,4.995717,1.008252,0.41934,5.00
0.113870,4.996946,1.006445,0.41890,5.00
0.113880,4.998069,1.004220,0.41874,5.00
0.113890,4.999077,1.001842,0.41875,5.00
0.113900,4.999809,0.999464,0.41885,5.00
0.113910,4.999812,0.997843,0.41980,5.00
0.113920,4.999765,0.997052,0.42034,5.00
0.113930,4.999698,0.996736,0.42064,5.00
0.113940,4.999624,0.996686,0.42081,5.00
0.113950,4.999474,0.996781,0.42089,5.00
0.113960,4.999023,0.997285,0.42133,5.00
0.113970,4.998611,0.998172,0.42153,5.00
0.113980,4.998248,0.999230,0.42160,5.00
0.113990,4.997938,1.000339,0.42159,5.00
0.114000,4.997735,1.001428,0.42154,5.00
0.114010,4.997797,1.002229,0.42120,5.00
0.114020,4.997885,1.002713,0.42099,5.00
0.114030,4.997988,1.003002,0.42087,5.00
0.114040,4.998100,1.003169,0.42080,5.00
0.114050,4.998327,1.003260,0.42075,5.00
0.114060,4.998986,1.002828,0.42017,5.00
0.114070,4.999603,1.001872,0.41989,5.00
0.114080,5.000164,1.000665,0.41979,5.00
0.114090,5.000662,0.999365,0.41979,5.00
0.114100,5.001117,0.998061,0.41984,5.00
0.114110,5.001589,0.996719,0.41981,5.00
0.114120,5.001994,0.995359,0.41985,5.00
0.114130,5.002335,0.994044,0.41993,5.00
0.114140,5.002616,0.992805,0.42001,5.00
0.114150,5.002588,0.991658,0.42011,5.00
0.114160,5.001526,0.991684,0.42148,5.00
0.114170,5.000512,0.992929,0.42217,5.00
0.114180,4.999581,0.994787,0.42246,5.00
0.114190,4.998751,0.996909,0.42254,5.00
0.114200,4.998088,0.999095,0.42249,5.00
0.114210,4.997762,1.000976,0.42208,5.00
0.114220,4.997513,1.002482,0.42179,5.00
0.114230,4.997328,1.003725,0.42159,5.00
0.114240,4.997195,1.004774,0.42144,5.00
0.114250,4.997288,1.005674,0.42132,5.00
0.114260,4.998126,1.005678,0.42031,5.00
0.114270,4.998930,1.004774,0.41980,5.00
0.114280,4.999671,1.003409,0.41958,5.00
0.114290,5.000338,1.001842,0.41952,5.00
0.114300,5.001012,1.000221,0.41955,5.00
0.114310,5.001943,0.998262,0.41920,5.00
0.114320,5.002768,0.995997,0.41910,5.00
0.114330,5.003480,0.993654,0.41914,5.00
0.114340,5.004080,0.991360,0.41925,5.00
0.114350,5.004351,0.989185,0.41940,5.00
0.114360,5.003661,0.988109,0.42068,5.00
0.114370,5.002962,0.988185,0.42137,5.00
0.114380,5.002292,0.988889,0.42171,5.00
0.114390,5.001669,0.989911,0.42186,5.00
0.114400,5.000935,0.991075,0.42189,5.00
0.114410,4.999611,0.992989,0.42270,5.00
0.114420,4.998408,0.995624,0.42304,5.00
0.114430,4.997344,0.998550,0.42310,5.00
0.114440,4.996424,1.001522,0.42301,5.00
0.114450,4.995677,1.004405,0.42285,5.00
0.114460,4.995188,1.006988,0.42250,5.00
0.114470,4.994811,1.009232,0.42221,5.00
0.114480,4.994532,1.011197,0.42198,5.00
0.114490,4.994337,1.012928,0.42179,5.00
0.114500,4.994406,1.014453,0.42162,5.00
0.114510,4.995273,1.014994,0.42052,5.00
0.114520,4.996128,1.014535,0.41995,5.00
0.114530,4.996937,1.013541,0.41968,5.00
0.114540,4.997687,1.012283,0.41958,5.00
0.114550,4.998293,1.010919,0.41958,5.00
0.114560,4.998534,1.009864,0.42002,5.00
0.114570,4.998735,1.009184,0.42029,5.00
0.114580,4.998911,1.008723,0.42045,5.00
0.114590,4.999067,1.008392,0.42054,5.00
0.114600,4.999322,1.008137,0.42061,5.00
0.114610,5.000004,1.007449,0.42008,5.00
0.114620,5.000634,1.006289,0.41984,5.00
0.114630,5.001199,1.004916,0.41976,5.00
0.114640,5.001694,1.003477,0.41978,5.00
0.114650,5.002254,1.002056,0.41985,5.00
0.114660,5.003261,1.000135,0.41927,5.00
0.114670,5.004157,0.997714,0.41905,5.00
0.114680,5.004930,0.995118,0.41904,5.00
0.114690,5.005578,0.992533,0.41913,5.00
0.114700,5.005952,0.990059,0.41928,5.00
0.114710,5.005614,0.988404,0.42023,5.00
0.114720,5.005230,0.987621,0.42078,5.00
0.114730,5.004828,0.987349,0.42108,5.00
0.114740,5.004427,0.987376,0.42125,5.00
0.114750,5.004028,0.987574,0.42133,5.00
0.114760,5.003617,0.987901,0.42140,5.00
0.114770,5.003228,0.988311,0.42142,5.00
0.114780,5.002862,0.988762,0.42141,5.00
0.114790,5.002520,0.989227,0.42139,5.00
0.114800,5.002401,0.989692,0.42136,5.00
0.114810,5.003077,0.989301,0.42033,5.00
0.114820,5.003703,0.988015,0.41982,5.00
0.114830,5.004253,0.986302,0.41962,5.00
0.114840,5.004715,0.984435,0.41958,5.00
0.114850,5.004863,0.982564,0.41964,5.00
0.114860,5.004057,0.981725,0.42087,5.00
0.114870,5.003253,0.982002,0.42153,5.00
0.114880,5.002487,0.982881,0.42184,5.00
0.114890,5.001776,0.984063,0.42197,5.00
0.114900,5.001329,0.985373,0.42199,5.00
0.114910,5.001721,0.985864,0.42094,5.00
0.114920,5.002104,0.985445,0.42039,5.00
0.114930,5.002452,0.984559,0.42013,5.00
0.114940,5.002750,0.983461,0.42004,5.00
0.114950,5.002931,0.982299,0.42004,5.00
0.114960,5.002818,0.981417,0.42039,5.00
0.114970,5.002675,0.980871,0.42061,5.00
0.114980,5.002515,0.980535,0.42074,5.00
0.114990,5.002346,0.980335,0.42082,5.00
0.115000,5.001896,0.980225,0.42087,5.00
0.115010,5.000377,0.981346,0.42228,5.00
0.115020,4.998960,0.983730,0.42295,5.00
0.115030,4.997681,0.986711,0.42320,5.00
0.115040,4.996556,0.989904,0.42320,5.00
0.115050,4.995635,0.993093,0.42308,5.00
0.115060,4.995049,0.995953,0.42265,5.00
0.115070,4.994587,0.998413,0.42232,5.00
0.115080,4.994232,1.000559,0.42205,5.00
0.115090,4.993969,1.002445,0.42184,5.00
0.115100,4.993774,1.004110,0.42165,5.00
0.115110,4.993593,1.005643,0.42157,5.00
0.115120,4.993480,1.007070,0.42147,5.00
0.115130,4.993429,1.008370,0.42136,5.00
0.115140,4.993434,1.009539,0.42125,5.00
0.115150,4.993646,1.010578,0.42116,5.00
0.115160,4.994510,1.010823,0.42027,5.00
0.115170,4.995354,1.010254,0.41982,5.00
0.115180,4.996152,1.009252,0.41961,5.00
0.115190,4.996891,1.008042,0.41955,5.00
0.115200,4.997632,1.006752,0.41956,5.00
0.115210,4.998568,1.005173,0.41929,5.00
0.115220,4.999416,1.003336,0.41921,5.00
0.115230,5.000170,1.001420,0.41925,5.00
0.115240,5.000832,0.999530,0.41934,5.00
0.115250,5.001310,0.997722,0.41946,5.00
0.115260,5.001343,0.996420,0.42006,5.00
0.115270,5.001333,0.995655,0.42042,5.00
0.115280,5.001297,0.995209,0.42063,5.00
0.115290,5.001247,0.994953,0.42075,5.00
0.115300,5.001264,0.994812,0.42082,5.00
0.115310,5.001566,0.994423,0.42049,5.00
0.115320,5.001838,0.993747,0.42034,5.00
0.115330,5.002074,0.992945,0.42028,5.00
0.115340,5.002271,0.992109,0.42029,5.00
0.115350,5.002407,0.991289,0.42033,5.00
0.115360,5.002425,0.990603,0.42048,5.00
0.115370,5.002417,0.990067,0.42059,5.00
0.115380,5.002388,0.989637,0.42066,5.00
0.115390,5.002341,0.989287,0.42072,5.00
0.115400,5.002336,0.988999,0.42076,5.00
0.115410,5.002535,0.988527,0.42051,5.00
0.115420,5.002704,0.987851,0.42040,5.00
0.115430,5.002839,0.987099,0.42038,5.00
0.115440,5.002938,0.986340,0.42040,5.00
0.115450,5.002998,0.985614,0.42043,5.00
0.115460,5.003009,0.984959,0.42050,5.00
0.115470,5.002992,0.984386,0.42057,5.00
0.115480,5.002951,0.983887,0.42062,5.00
0.115490,5.002890,0.983455,0.42067,5.00
0.115500,5.002606,0.983084,0.42071,5.00
0.115510,5.001508,0.983644,0.42178,5.00
0.115520,5.000473,0.985168,0.42230,5.00
0.115530,4.999531,0.987159,0.42250,5.00
0.115540,4.998693,0.989333,0.42253,5.00
0.115550,4.998011,0.991527,0.42245,5.00
0.115560,4.997618,0.993445,0.42209,5.00
0.115570,4.997306,0.995033,0.42182,5.00
0.115580,4.997063,0.996380,0.42163,5.00
0.115590,4.996877,0.997542,0.42148,5.00
0.115600,4.996713,0.998557,0.42136,5.00
0.115610,4.996482,0.999568,0.42140,5.00
0.115620,4.996300,1.000599,0.42138,5.00
0.115630,4.996166,1.001594,0.42133,5.00
0.115640,4.996076,1.002524,0.42127,5.00
0.115650,4.995908,1.003376,0.42120,5.00
0.115660,4.995317,1.004648,0.42173,5.00
0.115670,4.994802,1.006362,0.42194,5.00
0.115680,4.994375,1.008239,0.42198,5.00
0.115690,4.994037,1.010120,0.42193,5.00
0.115700,4.993997,1.011920,0.42183,5.00
0.115710,4.994854,1.012698,0.42064,5.00
0.115720,4.995708,1.012395,0.42002,5.00
0.115730,4.996522,1.011508,0.41971,5.00
0.115740,4.997280,1.010326,0.41959,5.00
0.115750,4.998003,1.009016,0.41958,5.00
0.115760,4.998772,1.007553,0.41948,5.00
0.115770,4.999465,1.005987,0.41949,5.00
0.115780,5.000079,1.004417,0.41955,5.00
0.115790,5.000619,1.002898,0.41965,5.00
0.115800,5.001117,1.001460,0.41976,5.00
0.115810,5.001667,0.999987,0.41971,5.00
0.115820,5.002144,0.998481,0.41975,5.00
0.115830,5.002549,0.997013,0.41983,5.00
0.115840,5.002887,0.995624,0.41992,5.00
0.115850,5.002979,0.994333,0.42003,5.00
0.115860,5.002307,0.993921,0.42105,5.00
0.115870,5.001649,0.994421,0.42158,5.00
0.115880,5.001034,0.995399,0.42183,5.00
0.115890,5.000476,0.996602,0.42191,5.00
0.115900,5.000287,0.997883,0.42190,5.00
0.115910,5.001350,0.997857,0.42030,5.00
0.115920,5.002360,0.996424,0.41950,5.00
0.115930,5.003275,0.994288,0.41915,5.00
0.115940,5.004076,0.991859,0.41906,5.00
0.115950,5.004463,0.989367,0.41911,5.00
0.115960,5.003589,0.988196,0.42072,5.00
0.115970,5.002712,0.988467,0.42158,5.00
0.115980,5.001878,0.989513,0.42200,5.00
0.115990,5.001111,0.990944,0.42217,5.00
0.116000,5.000444,0.992537,0.42220,5.00
0.116010,4.999947,0.994061,0.42203,5.00
0.116020,4.999519,0.995442,0.42189,5.00
0.116030,4.999155,0.996695,0.42176,5.00
0.116040,4.998847,0.997832,0.42164,5.00
0.116050,4.998477,0.998865,0.42154,5.00
0.116060,4.997716,1.000280,0.42202,5.00
0.116070,4.997038,1.002107,0.42220,5.00
0.116080,4.996453,1.004082,0.42222,5.00
0.116090,4.995963,1.006056,0.42215,5.00
0.116100,4.995705,1.007949,0.42204,5.00
0.116110,4.996072,1.009126,0.42121,5.00
0.116120,4.996467,1.009543,0.42074,5.00
0.116130,4.996865,1.009526,0.42049,5.00
0.116140,4.997251,1.009264,0.42036,5.00
0.116150,4.997432,1.008871,0.42031,5.00
0.116160,4.996870,1.009203,0.42124,5.00
0.116170,4.996352,1.010331,0.42169,5.00
0.116180,4.995900,1.011836,0.42187,5.00
0.116190,4.995525,1.013478,0.42190,5.00
0.116200,4.995434,1.015120,0.42185,5.00
0.116210,4.996211,1.015819,0.42073,5.00
0.116220,4.996983,1.015501,0.42014,5.00
0.116230,4.997717,1.014634,0.41985,5.00
0.116240,4.998398,1.013493,0.41974,5.00
0.116250,4.999211,1.012238,0.41973,5.00
0.116260,5.000717,1.010131,0.41879,5.00
0.116270,5.002089,1.007191,0.41840,5.00
0.116280,5.003305,1.003908,0.41832,5.00
0.116290,5.004358,1.000564,0.41841,5.00
0.116300,5.005224,0.997313,0.41859,5.00
0.116310,5.005825,0.994366,0.41896,5.00
0.116320,5.006296,0.991768,0.41926,5.00
0.116330,5.006654,0.989466,0.41951,5.00
0.116340,5.006912,0.987422,0.41973,5.00
0.116350,5.007028,0.985608,0.41992,5.00
0.116360,5.006863,0.984224,0.42036,5.00
0.116370,5.006648,0.983261,0.42063,5.00
0.116380,5.006400,0.982578,0.42080,5.00
0.116390,5.006128,0.982088,0.42092,5.00
0.116400,5.005732,0.981737,0.42100,5.00
0.116410,5.004901,0.981955,0.42160,5.00
0.116420,5.004105,0.982738,0.42189,5.00
0.116430,5.003359,0.983811,0.42201,5.00
0.116440,5.002674,0.985013,0.42203,5.00
0.116450,5.002018,0.986251,0.42199,5.00
0.116460,5.001302,0.987607,0.42208,5.00
0.116470,5.000656,0.989055,0.42207,5.00
0.116480,5.000082,0.990507,0.42201,5.00
0.116490,4.999578,0.991910,0.42192,5.00
0.116500,4.999181,0.993239,0.42182,5.00
0.116510,4.999005,0.994306,0.42151,5.00
0.116520,4.998870,0.995099,0.42131,5.00
0.116530,4.998767,0.995715,0.42118,5.00
0.116540,4.998690,0.996212,0.42109,5.00
0.116550,4.998708,0.996624,0.42103,5.00
0.116560,4.999031,0.996659,0.42060,5.00
0.116570,4.999342,0.996316,0.42039,5.00
0.116580,4.999629,0.995781,0.42030,5.00
0.116590,4.999886,0.995162,0.42027,5.00
0.116600,5.000221,0.994520,0.42028,5.00
0.116610,5.000949,0.993425,0.41976,5.00
0.116620,5.001607,0.991878,0.41955,5.00
0.116630,5.002183,0.990147,0.41950,5.00
0.116640,5.002674,0.988386,0.41954,5.00
0.116650,5.002578,0.986680,0.41964,5.00
0.116660,5.000448,0.987218,0.42229,5.00
0.116670,4.998431,0.990110,0.42361,5.00
0.116680,4.996598,0.994167,0.42416,5.00
0.116690,4.994980,0.998698,0.42428,5.00
0.116700,4.993944,1.003314,0.42415,5.00
0.116710,4.994515,1.006271,0.42210,5.00
0.116720,4.995162,1.007391,0.42095,5.00
0.116730,4.995823,1.007469,0.42033,5.00
0.116740,4.996465,1.006971,0.42001,5.00
0.116750,4.996940,1.006170,0.41987,5.00
0.116760,4.996872,1.005772,0.42048,5.00
0.116770,4.996801,1.005892,0.42081,5.00
0.116780,4.996744,1.006278,0.42096,5.00
0.116790,4.996709,1.006783,0.42103,5.00
0.116800,4.996535,1.007325,0.42104,5.00
0.116810,4.995748,1.008556,0.42185,5.00
0.116820,4.995046,1.010478,0.42221,5.00
0.116830,4.994446,1.012690,0.42232,5.00
0.116840,4.993953,1.014963,0.42228,5.00
0.116850,4.993775,1.017170,0.42217,5.00
0.116860,4.994504,1.018359,0.42098,5.00
0.116870,4.995248,1.018461,0.42034,5.00
0.116880,4.995972,1.017958,0.42001,5.00
0.116890,4.996657,1.017133,0.41986,5.00
0.116900,4.997531,1.016151,0.41982,5.00
0.116910,4.999273,1.014100,0.41864,5.00
0.116920,5.000875,1.010995,0.41813,5.00
0.116930,5.002308,1.007430,0.41799,5.00
0.116940,5.003562,1.003748,0.41807,5.00
0.116950,5.004379,1.000140,0.41825,5.00
0.116960,5.004015,0.997818,0.41980,5.00
0.116970,5.003590,0.996881,0.42067,5.00
0.116980,5.003149,0.996732,0.42115,5.00
0.116990,5.002719,0.997019,0.42139,5.00
0.117000,5.002358,0.997537,0.42150,5.00
0.117010,5.002206,0.997972,0.42131,5.00
0.117020,5.002070,0.998244,0.42119,5.00
0.117030,5.001945,0.998424,0.42112,5.00
0.117040,5.001828,0.998553,0.42108,5.00
0.117050,5.001688,0.998653,0.42105,5.00
0.117060,5.001443,0.998859,0.42118,5.00
0.117070,5.001213,0.999184,0.42123,5.00
0.117080,5.001002,0.999564,0.42124,5.00
0.117090,5.000810,0.999962,0.42124,5.00
0.117100,5.000723,1.000357,0.42122,5.00
0.117110,5.000989,1.000372,0.42076,5.00
0.117120,5.001241,0.999987,0.42052,5.00
0.117130,5.001468,0.999402,0.42042,5.00
0.117140,5.001664,0.998733,0.42039,5.00
0.117150,5.001552,0.998048,0.42041,5.00
0.117160,5.000346,0.998547,0.42182,5.00
0.117170,4.999211,1.000298,0.42251,5.00
0.117180,4.998183,1.002659,0.42279,5.00
0.117190,4.997279,1.005260,0.42284,5.00
0.117200,4.996653,1.007891,0.42276,5.00
0.117210,4.996733,1.009795,0.42186,5.00
0.117220,4.996875,1.010885,0.42133,5.00
0.117230,4.997050,1.011489,0.42102,5.00
0.117240,4.997243,1.011799,0.42084,5.00
0.117250,4.997102,1.011931,0.42073,5.00
0.117260,4.995639,1.013406,0.42240,5.00
0.117270,4.994298,1.016323,0.42317,5.00
0.117280,4.993121,1.019897,0.42345,5.00
0.117290,4.992124,1.023677,0.42345,5.00
0.117300,4.991777,1.027410,0.42330,5.00
0.117310,4.993425,1.028959,0.42070,5.00
0.117320,4.995060,1.028173,0.41933,5.00
0.117330,4.996608,1.026139,0.41867,5.00
0.117340,4.998031,1.023491,0.41842,5.00
0.117350,4.999160,1.020597,0.41840,5.00
0.117360,4.999546,1.018322,0.41928,5.00
0.117370,4.999848,1.016811,0.41981,5.00
0.117380,5.000092,1.015761,0.42014,5.00
0.117390,5.000294,1.014993,0.42035,5.00
0.117400,5.000326,1.014401,0.42048,5.00
0.117410,4.999789,1.014517,0.42128,5.00
0.117420,4.999284,1.015329,0.42167,5.00
0.117430,4.998830,1.016481,0.42184,5.00
0.117440,4.998436,1.017769,0.42187,5.00
0.117450,4.998243,1.019077,0.42184,5.00
0.117460,4.998646,1.019755,0.42108,5.00
0.117470,4.999055,1.019745,0.42066,5.00
0.117480,4.999449,1.019359,0.42046,5.00
0.117490,4.999816,1.018778,0.42037,5.00
0.117500,5.000015,1.018109,0.42034,5.00
0.117510,4.999658,1.017986,0.42104,5.00
0.117520,4.999316,1.018467,0.42139,5.00
0.117530,4.999007,1.019251,0.42155,5.00
0.117540,4.998742,1.020165,0.42160,5.00
0.117550,4.998765,1.021109,0.42158,5.00
0.117560,4.999779,1.020989,0.42031,5.00
0.117570,5.000745,1.019734,0.41967,5.00
0.117580,5.001628,1.017911,0.41940,5.00
0.117590,5.002414,1.015845,0.41933,5.00
0.117600,5.002979,1.013726,0.41938,5.00
0.117610,5.002986,1.012159,0.42008,5.00
0.117620,5.002941,1.011220,0.42050,5.00
0.117630,5.002864,1.010659,0.42074,5.00
0.117640,5.002769,1.010325,0.42089,5.00
0.117650,5.002879,1.010131,0.42097,5.00
0.117660,5.003817,1.009110,0.41994,5.00
0.117670,5.004674,1.007192,0.41946,5.00
0.117680,5.005424,1.004870,0.41929,5.00
0.117690,5.006058,1.002425,0.41930,5.00
0.117700,5.006583,1.000015,0.41940,5.00
0.117710,5.007022,0.997698,0.41951,5.00
0.117720,5.007356,0.995516,0.41966,5.00
0.117730,5.007593,0.993504,0.41982,5.00
0.117740,5.007742,0.991674,0.41998,5.00
0.117750,5.007723,0.990030,0.42013,5.00
0.117760,5.007293,0.988939,0.42072,5.00
0.117770,5.006834,0.988409,0.42106,5.00
0.117780,5.006365,0.988219,0.42125,5.00
0.117790,5.005897,0.988239,0.42135,5.00
0.117800,5.005488,0.988388,0.42140,5.00
0.117810,5.005282,0.988411,0.42117,5.00
0.117820,5.005074,0.988268,0.42106,5.00
0.117830,5.004860,0.988057,0.42101,5.00
0.117840,5.004637,0.987833,0.42099,5.00
0.117850,5.004196,0.987625,0.42099,5.00
0.117860,5.002929,0.988345,0.42206,5.00
0.117870,5.001736,0.990037,0.42257,5.00
0.117880,5.000644,0.992201,0.42276,5.00
0.117890,4.999666,0.994547,0.42277,5.00
0.117900,4.999155,0.996911,0.42269,5.00
0.117910,5.000117,0.997709,0.42078,5.00
0.117920,5.001057,0.996830,0.41979,5.00
0.117930,5.001922,0.995086,0.41933,5.00
0.117940,5.002689,0.992944,0.41916,5.00
0.117950,5.003288,0.990675,0.41917,5.00
0.117960,5.003546,0.988684,0.41956,5.00
0.117970,5.003722,0.987064,0.41984,5.00
0.117980,5.003831,0.985715,0.42004,5.00
0.117990,5.003883,0.984574,0.42020,5.00
0.118000,5.003593,0.983600,0.42033,5.00
0.118010,5.002117,0.984021,0.42192,5.00
0.118020,5.000716,0.985868,0.42270,5.00
0.118030,4.999432,0.988425,0.42303,5.00
0.118040,4.998285,0.991276,0.42309,5.00
0.118050,4.997428,0.994184,0.42301,5.00
0.118060,4.997286,0.996384,0.42210,5.00
0.118070,4.997223,0.997779,0.42156,5.00
0.118080,4.997208,0.998686,0.42123,5.00
0.118090,4.997227,0.999295,0.42103,5.00
0.118100,4.997066,0.999715,0.42091,5.00
0.118110,4.996139,1.000872,0.42184,5.00
0.118120,4.995297,1.002841,0.42227,5.00
0.118130,4.994563,1.005166,0.42241,5.00
0.118140,4.993944,1.007589,0.42239,5.00
0.118150,4.993545,1.009964,0.42228,5.00
0.118160,4.993665,1.011763,0.42160,5.00
0.118170,4.993848,1.012928,0.42118,5.00
0.118180,4.994070,1.013695,0.42093,5.00
0.118190,4.994317,1.014204,0.42077,5.00
0.118200,4.994721,1.014540,0.42067,5.00
0.118210,4.995678,1.014162,0.41990,5.00
0.118220,4.996588,1.013076,0.41953,5.00
0.118230,4.997430,1.011637,0.41939,5.00
0.118240,4.998195,1.010052,0.41937,5.00
0.118250,4.998714,1.008439,0.41943,5.00
0.118260,4.998511,1.007571,0.42036,5.00
0.118270,4.998294,1.007512,0.42086,5.00
0.118280,4.998088,1.007887,0.42112,5.00
0.118290,4.997908,1.008476,0.42123,5.00
0.118300,4.997839,1.009153,0.42126,5.00
0.118310,4.998109,1.009511,0.42086,5.00
0.118320,4.998381,1.009495,0.42064,5.00
0.118330,4.998644,1.009274,0.42052,5.00
0.118340,4.998892,1.008946,0.42048,5.00
0.118350,4.999085,1.008566,0.42047,5.00
0.118360,4.999114,1.008327,0.42066,5.00
0.118370,4.999137,1.008252,0.42077,5.00
0.118380,4.999159,1.008266,0.42083,5.00
0.118390,4.999183,1.008323,0.42086,5.00
0.118400,4.999511,1.008399,0.42087,5.00
0.118410,5.001009,1.007199,0.41935,5.00
0.118420,5.002400,1.004663,0.41864,5.00
0.118430,5.003644,1.001502,0.41838,5.00
0.118440,5.004727,0.998125,0.41837,5.00
0.118450,5.005304,0.994764,0.41850,5.00
0.118460,5.004395,0.993003,0.42043,5.00
0.118470,5.003465,0.992967,0.42147,5.00
0.118480,5.002570,0.993872,0.42200,5.00
0.118490,5.001738,0.995259,0.42223,5.00
0.118500,5.001285,0.996862,0.42229,5.00
0.118510,5.002086,0.997244,0.42073,5.00
0.118520,5.002856,0.996264,0.41993,5.00
0.118530,5.003555,0.994594,0.41957,5.00
0.118540,5.004162,0.992621,0.41945,5.00
0.118550,5.004451,0.990568,0.41947,5.00
0.118560,5.003790,0.989494,0.42067,5.00
0.118570,5.003117,0.989506,0.42132,5.00
0.118580,5.002469,0.990111,0.42164,5.00
0.118590,5.001863,0.991023,0.42178,5.00
0.118600,5.001241,0.992076,0.42182,5.00
0.118610,5.000412,0.993458,0.42213,5.00
0.118620,4.999662,0.995126,0.42224,5.00
0.118630,4.998998,0.996890,0.42222,5.00
0.118640,4.998420,0.998642,0.42215,5.00
0.118650,4.997946,1.000324,0.42204,5.00
0.118660,4.997633,1.001811,0.42181,5.00
0.118670,4.997385,1.003087,0.42163,5.00
0.118680,4.997192,1.004198,0.42150,5.00
0.118690,4.997047,1.005173,0.42138,5.00
0.118700,4.996929,1.006034,0.42129,5.00
0.118710,4.996788,1.006861,0.42128,5.00
0.118720,4.996686,1.007667,0.42125,5.00
0.118730,4.996620,1.008425,0.42120,5.00
0.118740,4.996587,1.009121,0.42114,5.00
0.118750,4.996623,1.009750,0.42109,5.00
0.118760,4.996838,1.010143,0.42084,5.00
0.118770,4.997062,1.010296,0.42070,5.00
0.118780,4.997287,1.010307,0.42062,5.00
0.118790,4.997508,1.010231,0.42058,5.00
0.118800,4.997568,1.010104,0.42056,5.00
0.118810,4.997025,1.010600,0.42133,5.00
0.118820,4.996529,1.011759,0.42170,5.00
0.118830,4.996099,1.013222,0.42184,5.00
0.118840,4.995742,1.014786,0.42185,5.00
0.118850,4.995666,1.016336,0.42180,5.00
0.118860,4.996464,1.016930,0.42067,5.00
0.118870,4.997252,1.016499,0.42007,5.00
0.118880,4.997997,1.015522,0.41979,5.00
0.118890,4.998682,1.014278,0.41968,5.00
0.118900,4.999513,1.012928,0.41968,5.00
0.118910,5.001096,1.010666,0.41867,5.00
0.118920,5.002536,1.007508,0.41825,5.00
0.118930,5.003808,1.003984,0.41816,5.00
0.118940,5.004906,1.000396,0.41826,5.00
0.118950,5.005570,0.996912,0.41845,5.00
0.118960,5.005049,0.994746,0.42001,5.00
0.118970,5.004475,0.993987,0.42089,5.00
0.118980,5.003896,0.994026,0.42136,5.00
0.118990,5.003336,0.994503,0.42159,5.00
0.119000,5.003104,0.995209,0.42169,5.00
0.119010,5.004051,0.994771,0.42023,5.00
0.119020,5.004932,0.993068,0.41951,5.00
0.119030,5.005710,0.990757,0.41922,5.00
0.119040,5.006369,0.988217,0.41916,5.00
0.119050,5.006633,0.985661,0.41924,5.00
0.119060,5.005724,0.984366,0.42075,5.00
0.119070,5.004804,0.984439,0.42156,5.00
0.119080,5.003917,0.985263,0.42196,5.00
0.119090,5.003088,0.986475,0.42214,5.00
0.119100,5.002217,0.987863,0.42218,5.00
0.119110,5.000992,0.989772,0.42269,5.00
0.119120,4.999879,0.992151,0.42288,5.00
0.119130,4.998890,0.994702,0.42287,5.00
0.119140,4.998025,0.997253,0.42277,5.00
0.119150,4.997559,0.999711,0.42262,5.00
0.119160,4.998280,1.000849,0.42105,5.00
0.119170,4.999006,1.000595,0.42022,5.00
0.119180,4.999691,0.999599,0.41981,5.00
0.119190,5.000314,0.998239,0.41964,5.00
0.119200,5.000702,0.996732,0.41961,5.00
0.119210,5.000379,0.995902,0.42048,5.00
0.119220,5.000045,0.995845,0.42095,5.00
0.119230,4.999723,0.996208,0.42119,5.00
0.119240,4.999427,0.996786,0.42130,5.00
0.119250,4.999229,0.997459,0.42133,5.00
0.119260,4.999321,0.997877,0.42099,5.00
0.119270,4.999422,0.997991,0.42080,5.00
0.119280,4.999523,0.997936,0.42070,5.00
0.119290,4.999617,0.997792,0.42065,5.00
0.119300,4.999594,0.997606,0.42063,5.00
0.119310,4.999137,0.997869,0.42118,5.00
0.119320,4.998711,0.998614,0.42145,5.00
0.119330,4.998329,0.999591,0.42155,5.00
0.119340,4.997998,1.000654,0.42157,5.00
0.119350,4.997786,1.001722,0.42153,5.00
0.119360,4.997885,1.002462,0.42113,5.00
0.119370,4.998007,1.002839,0.42090,5.00
0.119380,4.998138,1.003002,0.42077,5.00
0.119390,4.998272,1.003039,0.42070,5.00
0.119400,4.998542,1.003003,0.42066,5.00
0.119410,4.999341,1.002340,0.41995,5.00
0.119420,5.000085,1.001044,0.41962,5.00
0.119430,5.000754,0.999452,0.41951,5.00
0.119440,5.001341,0.997761,0.41951,5.00
0.119450,5.001749,0.996080,0.41958,5.00
0.119460,5.001694,0.994889,0.42018,5.00
0.119470,5.001601,0.994238,0.42053,5.00
0.119480,5.001489,0.993905,0.42073,5.00
0.119490,5.001368,0.993760,0.42085,5.00
0.119500,5.001461,0.993727,0.42091,5.00
0.119510,5.002392,0.992842,0.41986,5.00
0.119520,5.003248,0.991040,0.41936,5.00
0.119530,5.004001,0.988818,0.41918,5.00
0.119540,5.004642,0.986460,0.41918,5.00
0.119550,5.004735,0.984128,0.41928,5.00
0.119560,5.003026,0.983763,0.42162,5.00
0.119570,5.001378,0.985489,0.42281,5.00
0.119580,4.999854,0.988285,0.42334,5.00
0.119590,4.998486,0.991560,0.42350,5.00
0.119600,4.997462,0.994977,0.42345,5.00
0.119610,4.997294,0.997584,0.42239,5.00
0.119620,4.997219,0.999246,0.42175,5.00
0.119630,4.997203,1.000335,0.42137,5.00
0.119640,4.997226,1.001069,0.42113,5.00
0.119650,4.997029,1.001580,0.42098,5.00
0.119660,4.995895,1.002995,0.42213,5.00
0.119670,4.994864,1.005403,0.42265,5.00
0.119680,4.993966,1.008248,0.42282,5.00
0.119690,4.993209,1.011211,0.42279,5.00
0.119700,4.992843,1.014114,0.42266,5.00
0.119710,4.993586,1.015793,0.42121,5.00
0.119720,4.994359,1.016153,0.42041,5.00
0.119730,4.995121,1.015775,0.42000,5.00
0.119740,4.995846,1.014998,0.41980,5.00
0.119750,4.996458,1.014019,0.41974,5.00
0.119760,4.996762,1.013235,0.42007,5.00
0.119770,4.997036,1.012725,0.42027,5.00
0.119780,4.997289,1.012370,0.42040,5.00
0.119790,4.997526,1.012102,0.42047,5.00
0.119800,4.997771,1.011881,0.42052,5.00
0.119810,4.998086,1.011597,0.42045,5.00
0.119820,4.998382,1.011232,0.42042,5.00
0.119830,4.998659,1.010831,0.42042,5.00
0.119840,4.998914,1.010419,0.42044,5.00
0.119850,4.998947,1.010009,0.42046,5.00
0.119860,4.998180,1.010467,0.42150,5.00
0.119870,4.997467,1.011831,0.42201,5.00
0.119880,4.996836,1.013627,0.42221,5.00
0.119890,4.996296,1.015580,0.42224,5.00
0.119900,4.996242,1.017536,0.42218,5.00
0.119910,4.997795,1.017747,0.42010,5.00
0.119920,4.999289,1.016101,0.41904,5.00
0.119930,5.000667,1.013506,0.41857,5.00
0.119940,5.001902,1.010492,0.41844,5.00
0.119950,5.002854,1.007360,0.41849,5.00
0.119960,5.003144,1.004841,0.41930,5.00
0.119970,5.003338,1.003051,0.41981,5.00
0.119980,5.003463,1.001724,0.42014,5.00
0.119990,5.003536,1.000700,0.42036,5.00
0.120000,5.008013,0.999884,0.42051,10.00
0.120010,5.029760,0.980289,0.39816,10.00
0.120020,5.049934,0.940997,0.38758,10.00
0.120030,5.067955,0.892501,0.38373,10.00
0.120040,5.083591,0.840841,0.38363,10.00
0.120050,5.096828,0.789446,0.38557,10.00
0.120060,5.107794,0.740135,0.38844,10.00
0.120070,5.116554,0.693898,0.39180,10.00
0.120080,5.123274,0.651243,0.39529,10.00
0.120090,5.128129,0.612353,0.39871,10.00
0.120100,5.131534,0.577226,0.40196,10.00
0.120110,5.134339,0.544760,0.40381,10.00
0.120120,5.135722,0.514738,0.40602,10.00
0.120130,5.135813,0.487515,0.40832,10.00
0.120140,5.134747,0.463196,0.41057,10.00
0.120150,5.132780,0.441745,0.41268,10.00
0.120160,5.130388,0.422540,0.41401,10.00
0.120170,5.127192,0.405402,0.41546,10.00
0.120180,5.123291,0.390436,0.41690,10.00
0.120190,5.118787,0.377619,0.41825,10.00
0.120200,5.113450,0.366862,0.41947,10.00
0.120210,5.106417,0.359439,0.42221,10.00
0.120220,5.099172,0.355270,0.42394,10.00
0.120230,5.091837,0.353424,0.42502,10.00
0.120240,5.084500,0.353301,0.42569,10.00
0.120250,5.077358,0.354500,0.42608,10.00
0.120260,5.070836,0.356189,0.42562,10.00
0.120270,5.064427,0.358136,0.42538,10.00
0.120280,5.058146,0.360489,0.42523,10.00
0.120290,5.052013,0.363296,0.42511,10.00
0.120300,5.046205,0.366552,0.42498,10.00
0.120310,5.041195,0.369550,0.42405,10.00
0.120320,5.036333,0.372211,0.42350,10.00
0.120330,5.031613,0.374850,0.42317,10.00
0.120340,5.027038,0.377625,0.42294,10.00
0.120350,5.022120,0.380605,0.42276,10.00
0.120360,5.015438,0.385910,0.42510,10.00
0.120370,5.009098,0.393626,0.42612,10.00
0.120380,5.003174,0.402558,0.42638,10.00
0.120390,4.997698,0.412000,0.42621,10.00
0.120400,4.992651,0.421533,0.42580,10.00
0.120410,4.987948,0.431030,0.42541,10.00
0.120420,4.983694,0.440352,0.42488,10.00
0.120430,4.979873,0.449351,0.42429,10.00
0.120440,4.976467,0.457945,0.42368,10.00
0.120450,4.973755,0.466090,0.42307,10.00
0.120460,4.972581,0.472485,0.42096,10.00
0.120470,4.971651,0.477067,0.41968,10.00
0.120480,4.970900,0.480547,0.41888,10.00
0.120490,4.970292,0.483345,0.41837,10.00
0.120500,4.969868,0.485704,0.41803,10.00
0.120510,4.969812,0.487477,0.41745,10.00
0.120520,4.969821,0.488734,0.41711,10.00
0.120530,4.969879,0.489686,0.41692,10.00
0.120540,4.969974,0.490457,0.41680,10.00
0.120550,4.969993,0.491116,0.41674,10.00
0.120560,4.969623,0.492160,0.41725,10.00
0.120570,4.969314,0.493634,0.41749,10.00
0.120580,4.969079,0.495296,0.41757,10.00
0.120590,4.968922,0.497007,0.41757,10.00
0.120600,4.968765,0.498687,0.41753,10.00
0.120610,4.968378,0.500626,0.41786,10.00
0.120620,4.968088,0.502815,0.41797,10.00
0.120630,4.967901,0.505057,0.41796,10.00
0.120640,4.967815,0.507243,0.41789,10.00
0.120650,4.967639,0.509312,0.41778,10.00
0.120660,4.966825,0.512029,0.41861,10.00
0.120670,4.966158,0.515417,0.41895,10.00
0.120680,4.965656,0.519031,0.41900,10.00
0.120690,4.965319,0.522620,0.41890,10.00
0.120700,4.965265,0.526043,0.41873,10.00
0.120710,4.965832,0.528713,0.41792,10.00
0.120720,4.966494,0.530572,0.41741,10.00
0.120730,4.967223,0.531896,0.41710,10.00
0.120740,4.967997,0.532852,0.41690,10.00
0.120750,4.968917,0.533544,0.41678,10.00
0.120760,4.970298,0.533556,0.41613,10.00
0.120770,4.971654,0.532910,0.41581,10.00
0.120780,4.972963,0.531900,0.41569,10.00
0.120790,4.974216,0.530703,0.41567,10.00
0.120800,4.975397,0.529420,0.41572,10.00
0.120810,4.976482,0.528149,0.41585,10.00
0.120820,4.977505,0.526927,0.41597,10.00
0.120830,4.978470,0.525754,0.41609,10.00
0.120840,4.979378,0.524633,0.41620,10.00
0.120850,4.980246,0.523563,0.41631,10.00
0.120860,4.981111,0.522492,0.41636,10.00
0.120870,4.981924,0.521415,0.41643,10.00
0.120880,4.982684,0.520363,0.41652,10.00
0.120890,4.983394,0.519351,0.41661,10.00
0.120900,4.984357,0.518389,0.41670,10.00
0.120910,4.986443,0.516202,0.41528,10.00
0.120920,4.988382,0.512732,0.41465,10.00
0.120930,4.990137,0.508690,0.41447,10.00
0.120940,4.991695,0.504482,0.41455,10.00
0.120950,4.992564,0.500341,0.41476,10.00
0.120960,4.991324,0.498490,0.41752,10.00
0.120970,4.990078,0.499094,0.41900,10.00
0.120980,4.988904,0.501015,0.41973,10.00
0.120990,4.987843,0.503591,0.42004,10.00
0.121000,4.987001,0.506437,0.42011,10.00
0.121010,4.986644,0.508950,0.41959,10.00
0.121020,4.986389,0.510987,0.41924,10.00
0.121030,4.986218,0.512693,0.41899,10.00
0.121040,4.986119,0.514156,0.41880,10.00
0.121050,4.986080,0.515430,0.41866,10.00
0.121060,4.986087,0.516558,0.41855,10.00
0.121070,4.986142,0.517561,0.41846,10.00
0.121080,4.986239,0.518453,0.41839,10.00
0.121090,4.986374,0.519243,0.41832,10.00
0.121100,4.986717,0.519940,0.41826,10.00
0.121110,4.987775,0.519801,0.41732,10.00
0.121120,4.988796,0.518796,0.41685,10.00
0.121130,4.989754,0.517350,0.41666,10.00
0.121140,4.990636,0.515708,0.41662,10.00
0.121150,4.991440,0.514011,0.41667,10.00
0.121160,4.992175,0.512328,0.41675,10.00
0.121170,4.992832,0.510704,0.41686,10.00
0.121180,4.993414,0.509167,0.41698,10.00
0.121190,4.993927,0.507733,0.41711,10.00
0.121200,4.994123,0.506408,0.41723,10.00
0.121210,4.993273,0.506270,0.41863,10.00
0.121220,4.992458,0.507367,0.41935,10.00
0.121230,4.991715,0.509095,0.41968,10.00
0.121240,4.991062,0.511106,0.41978,10.00
0.121250,4.990676,0.513197,0.41976,10.00
0.121260,4.991046,0.514533,0.41882,10.00
0.121270,4.991450,0.515018,0.41830,10.00
0.121280,4.991860,0.515019,0.41802,10.00
0.121290,4.992261,0.514754,0.41788,10.00
0.121300,4.992761,0.514349,0.41782,10.00
0.121310,4.993694,0.513378,0.41722,10.00
0.121320,4.994564,0.511861,0.41696,10.00
0.121330,4.995353,0.510100,0.41689,10.00
0.121340,4.996056,0.508269,0.41692,10.00
0.121350,4.996645,0.506466,0.41701,10.00
0.121360,4.997042,0.504865,0.41727,10.00
0.121370,4.997371,0.503500,0.41747,10.00
0.121380,4.997641,0.502315,0.41763,10.00
0.121390,4.997861,0.501278,0.41775,10.00
0.121400,4.997883,0.500365,0.41786,10.00
0.121410,4.997266,0.500215,0.41873,10.00
0.121420,4.996668,0.500846,0.41919,10.00
0.121430,4.996113,0.501886,0.41939,10.00
0.121440,4.995614,0.503115,0.41946,10.00
0.121450,4.995171,0.504410,0.41946,10.00
0.121460,4.994773,0.505713,0.41943,10.00
0.121470,4.994436,0.506987,0.41936,10.00
0.121480,4.994156,0.508200,0.41929,10.00
0.121490,4.993930,0.509336,0.41920,10.00
0.121500,4.993686,0.510388,0.41912,10.00
0.121510,4.993224,0.511643,0.41939,10.00
0.121520,4.992827,0.513117,0.41948,10.00
0.121530,4.992500,0.514651,0.41947,10.00
0.121540,4.992244,0.516155,0.41941,10.00
0.121550,4.992410,0.517581,0.41932,10.00
0.121560,4.994019,0.517395,0.41743,10.00
0.121570,4.995562,0.515515,0.41648,10.00
0.121580,4.996987,0.512778,0.41608,10.00
0.121590,4.998270,0.509668,0.41598,10.00
0.121600,4.999194,0.506464,0.41605,10.00
0.121610,4.999156,0.504213,0.41726,10.00
0.121620,4.999047,0.503042,0.41797,10.00
0.121630,4.998904,0.502502,0.41837,10.00
0.121640,4.998747,0.502328,0.41860,10.00
0.121650,4.998656,0.502364,0.41872,10.00
0.121660,4.998830,0.502236,0.41845,10.00
0.121670,4.998989,0.501875,0.41832,10.00
0.121680,4.999128,0.501408,0.41827,10.00
0.121690,4.999244,0.500905,0.41827,10.00
0.121700,4.999304,0.500407,0.41829,10.00
0.121710,4.999208,0.500079,0.41849,10.00
0.121720,4.999104,0.499940,0.41861,10.00
0.121730,4.998998,0.499914,0.41867,10.00
0.121740,4.998892,0.499956,0.41871,10.00
0.121750,4.998833,0.500039,0.41873,10.00
0.121760,4.998944,0.499965,0.41852,10.00
0.121770,4.999047,0.499717,0.41842,10.00
0.121780,4.999135,0.499389,0.41839,10.00
0.121790,4.999206,0.499034,0.41838,10.00
0.121800,4.999114,0.498682,0.41839,10.00
0.121810,4.998433,0.498978,0.41916,10.00
0.121820,4.997788,0.499959,0.41954,10.00
0.121830,4.997200,0.501280,0.41970,10.00
0.121840,4.996680,0.502741,0.41973,10.00
0.121850,4.996391,0.504226,0.41969,10.00
0.121860,4.996799,0.504984,0.41880,10.00
0.121870,4.997217,0.504948,0.41832,10.00
0.121880,4.997618,0.504480,0.41808,10.00
0.121890,4.997990,0.503795,0.41798,10.00
0.121900,4.998365,0.503016,0.41795,10.00
0.121910,4.998856,0.502045,0.41777,10.00
0.121920,4.999296,0.500914,0.41772,10.00
0.121930,4.999681,0.499739,0.41774,10.00
0.121940,5.000012,0.498585,0.41779,10.00
0.121950,5.000316,0.497487,0.41787,10.00
0.121960,5.000670,0.496353,0.41782,10.00
0.121970,5.000971,0.495187,0.41784,10.00
0.121980,5.001218,0.494052,0.41790,10.00
0.121990,5.001414,0.492981,0.41797,10.00
0.122000,5.001516,0.491992,0.41805,10.00
0.122010,5.001392,0.491291,0.41837,10.00
0.122020,5.001246,0.490889,0.41856,10.00
0.122030,5.001087,0.490673,0.41867,10.00
0.122040,5.000923,0.490575,0.41874,10.00
0.122050,5.000748,0.490553,0.41878,10.00
0.122060,5.000537,0.490625,0.41885,10.00
0.122070,5.000332,0.490774,0.41889,10.00
0.122080,5.000136,0.490969,0.41890,10.00
0.122090,4.999951,0.491190,0.41890,10.00
0.122100,4.999678,0.491424,0.41890,10.00
0.122110,4.999030,0.492086,0.41939,10.00
0.122120,4.998428,0.493191,0.41961,10.00
0.122130,4.997885,0.494501,0.41969,10.00
0.122140,4.997407,0.495878,0.41968,10.00
0.122150,4.996984,0.497245,0.41962,10.00
0.122160,4.996592,0.498593,0.41958,10.00
0.122170,4.996262,0.499902,0.41951,10.00
0.122180,4.995990,0.501139,0.41943,10.00
0.122190,4.995774,0.502290,0.41934,10.00
0.122200,4.995746,0.503349,0.41925,10.00
0.122210,4.996303,0.503724,0.41847,10.00
0.122220,4.996854,0.503391,0.41806,10.00
0.122230,4.997376,0.502681,0.41786,10.00
0.122240,4.997858,0.501785,0.41779,10.00
0.122250,4.998222,0.500817,0.41779,10.00
0.122260,4.998252,0.500153,0.41820,10.00
0.122270,4.998263,0.499845,0.41843,10.00
0.122280,4.998265,0.499738,0.41856,10.00
0.122290,4.998266,0.499742,0.41863,10.00
0.122300,4.998347,0.499804,0.41867,10.00
0.122310,4.998733,0.499563,0.41829,10.00
0.122320,4.999097,0.498986,0.41811,10.00
0.122330,4.999428,0.498247,0.41804,10.00
0.122340,4.999722,0.497447,0.41804,10.00
0.122350,5.000159,0.496643,0.41807,10.00
0.122360,5.001262,0.495097,0.41720,10.00
0.122370,5.002267,0.492792,0.41682,10.00
0.122380,5.003152,0.490162,0.41672,10.00
0.122390,5.003912,0.487457,0.41677,10.00
0.122400,5.004233,0.484817,0.41690,10.00
0.122410,5.003216,0.483652,0.41865,10.00
0.122420,5.002197,0.484062,0.41958,10.00
0.122430,5.001227,0.485321,0.42004,10.00
0.122440,5.000331,0.487008,0.42023,10.00
0.122450,4.999538,0.488876,0.42026,10.00
0.122460,4.998899,0.490712,0.42012,10.00
0.122470,4.998344,0.492432,0.41998,10.00
0.122480,4.997866,0.494031,0.41985,10.00
0.122490,4.997460,0.495511,0.41972,10.00
0.122500,4.997024,0.496872,0.41960,10.00
0.122510,4.996276,0.498525,0.41997,10.00
0.122520,4.995617,0.500494,0.42009,10.00
0.122530,4.995053,0.502559,0.42008,10.00
0.122540,4.994585,0.504594,0.41999,10.00
0.122550,4.994447,0.506533,0.41987,10.00
0.122560,4.995319,0.507328,0.41854,10.00
0.122570,4.996187,0.506917,0.41783,10.00
0.122580,4.997014,0.505857,0.41749,10.00
0.122590,4.997779,0.504472,0.41735,10.00
0.122600,4.998416,0.502953,0.41734,10.00
0.122610,4.998755,0.501653,0.41768,10.00
0.122620,4.999042,0.500647,0.41790,10.00
0.122630,4.999287,0.499831,0.41806,10.00
0.122640,4.999498,0.499145,0.41816,10.00
0.122650,4.999627,0.498550,0.41825,10.00
0.122660,4.999523,0.498252,0.41858,10.00
0.122670,4.999415,0.498246,0.41876,10.00
0.122680,4.999312,0.498398,0.41885,10.00
0.122690,4.999219,0.498630,0.41889,10.00
0.122700,4.999367,0.498897,0.41890,10.00
0.122710,5.000421,0.498195,0.41774,10.00
0.122720,5.001408,0.496464,0.41718,10.00
0.122730,5.002296,0.494239,0.41696,10.00
0.122740,5.003074,0.491829,0.41693,10.00
0.122750,5.003669,0.489410,0.41701,10.00
0.122760,5.003883,0.487376,0.41750,10.00
0.122770,5.004016,0.485791,0.41782,10.00
0.122780,5.004085,0.484517,0.41805,10.00
0.122790,5.004103,0.483469,0.41821,10.00
0.122800,5.003818,0.482593,0.41834,10.00
0.122810,5.002484,0.482962,0.41975,10.00
0.122820,5.001211,0.484606,0.42045,10.00
0.122830,5.000037,0.486891,0.42075,10.00
0.122840,4.998981,0.489451,0.42081,10.00
0.122850,4.998143,0.492076,0.42075,10.00
0.122860,4.997798,0.494240,0.42013,10.00
0.122870,4.997537,0.495858,0.41974,10.00
0.122880,4.997340,0.497124,0.41948,10.00
0.122890,4.997195,0.498149,0.41930,10.00
0.122900,4.997302,0.499005,0.41917,10.00
0.122910,4.998260,0.498841,0.41801,10.00
0.122920,4.999176,0.497642,0.41743,10.00
0.122930,5.000018,0.495921,0.41718,10.00
0.122940,5.000771,0.493977,0.41712,10.00
0.122950,5.001214,0.491981,0.41717,10.00
0.122960,5.000716,0.490955,0.41837,10.00
0.122970,5.000205,0.490996,0.41901,10.00
0.122980,4.999716,0.491614,0.41934,10.00
0.122990,4.999265,0.492527,0.41948,10.00
0.123000,4.998815,0.493568,0.41952,10.00
0.123010,4.998232,0.494843,0.41974,10.00
0.123020,4.997715,0.496307,0.41980,10.00
0.123030,4.997269,0.497820,0.41978,10.00
0.123040,4.996893,0.499302,0.41971,10.00
0.123050,4.996420,0.500710,0.41962,10.00
0.123060,4.995376,0.502717,0.42034,10.00
0.123070,4.994446,0.505344,0.42063,10.00
0.123080,4.993647,0.508204,0.42067,10.00
0.123090,4.992982,0.511075,0.42059,10.00
0.123100,4.992653,0.513836,0.42043,10.00
0.123110,4.993245,0.515549,0.41921,10.00
0.123120,4.993879,0.516143,0.41853,10.00
0.123130,4.994518,0.516091,0.41816,10.00
0.123140,4.995141,0.515672,0.41797,10.00
0.123150,4.995878,0.515053,0.41789,10.00
0.123160,4.997130,0.513728,0.41715,10.00
0.123170,4.998297,0.511727,0.41683,10.00
0.123180,4.999359,0.509420,0.41675,10.00
0.123190,5.000307,0.507019,0.41679,10.00
0.123200,5.000995,0.504645,0.41690,10.00
0.123210,5.000996,0.502997,0.41780,10.00
0.123220,5.000945,0.502142,0.41831,10.00
0.123230,5.000869,0.501745,0.41861,10.00
0.123240,5.000783,0.501610,0.41877,10.00
0.123250,5.000816,0.501622,0.41886,10.00
0.123260,5.001322,0.501201,0.41829,10.00
0.123270,5.001792,0.500283,0.41802,10.00
0.123280,5.002210,0.499130,0.41792,10.00
0.123290,5.002572,0.497895,0.41791,10.00
0.123300,5.002891,0.496662,0.41796,10.00
0.123310,5.003212,0.495416,0.41795,10.00
0.123320,5.003475,0.494179,0.41800,10.00
0.123330,5.003682,0.492998,0.41807,10.00
0.123340,5.003837,0.491897,0.41815,10.00
0.123350,5.003835,0.490887,0.41823,10.00
0.123360,5.003368,0.490434,0.41886,10.00
0.123370,5.002899,0.490559,0.41920,10.00
0.123380,5.002448,0.491001,0.41936,10.00
0.123390,5.002023,0.491608,0.41943,10.00
0.123400,5.001797,0.492292,0.41944,10.00
0.123410,5.002255,0.492290,0.41858,10.00
0.123420,5.002688,0.491537,0.41814,10.00
0.123430,5.003074,0.490414,0.41795,10.00
0.123440,5.003403,0.489136,0.41790,10.00
0.123450,5.003431,0.487830,0.41792,10.00
0.123460,5.002467,0.487584,0.41919,10.00
0.123470,5.001530,0.488482,0.41985,10.00
0.123480,5.000656,0.489976,0.42015,10.00
0.123490,4.999862,0.491748,0.42024,10.00
0.123500,4.999174,0.493612,0.42022,10.00
0.123510,4.998648,0.495381,0.42005,10.00
0.123520,4.998201,0.496995,0.41989,10.00
0.123530,4.997825,0.498467,0.41975,10.00
0.123540,4.997513,0.499807,0.41962,10.00
0.123550,4.997121,0.501025,0.41950,10.00
0.123560,4.996240,0.502722,0.42010,10.00
0.123570,4.995455,0.504934,0.42034,10.00
0.123580,4.994780,0.507337,0.42038,10.00
0.123590,4.994218,0.509748,0.42030,10.00
0.123600,4.994118,0.512065,0.42017,10.00
0.123610,4.995496,0.512733,0.41823,10.00
0.123620,4.996846,0.511655,0.41723,10.00
0.123630,4.998114,0.509658,0.41675,10.00
0.123640,4.999272,0.507221,0.41659,10.00
0.123650,5.000229,0.504624,0.41660,10.00
0.123660,5.000753,0.502365,0.41711,10.00
0.123670,5.001184,0.500551,0.41745,10.00
0.123680,5.001540,0.499040,0.41769,10.00
0.123690,5.001831,0.497747,0.41787,10.00
0.123700,5.002061,0.496620,0.41801,10.00
0.123710,5.002219,0.495652,0.41816,10.00
0.123720,5.002335,0.494824,0.41827,10.00
0.123730,5.002416,0.494105,0.41836,10.00
0.123740,5.002467,0.493478,0.41843,10.00
0.123750,5.002291,0.492927,0.41849,10.00
0.123760,5.001312,0.493299,0.41956,10.00
0.123770,5.000381,0.494624,0.42008,10.00
0.123780,4.999530,0.496424,0.42030,10.00
0.123790,4.998770,0.498419,0.42034,10.00
0.123800,4.998250,0.500451,0.42029,10.00
0.123810,4.998389,0.501812,0.41945,10.00
0.123820,4.998567,0.502425,0.41897,10.00
0.123830,4.998760,0.502608,0.41871,10.00
0.123840,4.998953,0.502548,0.41856,10.00
0.123850,4.999178,0.502355,0.41849,10.00
0.123860,4.999548,0.501922,0.41826,10.00
0.123870,4.999890,0.501280,0.41816,10.00
0.123880,5.000199,0.500544,0.41814,10.00
0.123890,5.000472,0.499783,0.41815,10.00
0.123900,5.000634,0.499034,0.41819,10.00
0.123910,5.000467,0.498641,0.41862,10.00
0.123920,5.000294,0.498629,0.41885,10.00
0.123930,5.000128,0.498825,0.41897,10.00
0.123940,4.999974,0.499126,0.41902,10.00
0.123950,5.000121,0.499475,0.41903,10.00
0.123960,5.001392,0.498626,0.41759,10.00
0.123970,5.002580,0.496503,0.41689,10.00
0.123980,5.003649,0.493769,0.41662,10.00
0.123990,5.004582,0.490806,0.41659,10.00
0.124000,5.005321,0.487832,0.41668,10.00
0.124010,5.005715,0.485195,0.41712,10.00
0.124020,5.005999,0.482973,0.41744,10.00
0.124030,5.006190,0.481067,0.41769,10.00
0.124040,5.006301,0.479417,0.41789,10.00
0.124050,5.006207,0.477981,0.41806,10.00
0.124060,5.005529,0.477305,0.41888,10.00
0.124070,5.004846,0.477393,0.41932,10.00
0.124080,5.004182,0.477911,0.41955,10.00
0.124090,5.003551,0.478659,0.41964,10.00
0.124100,5.002848,0.479522,0.41966,10.00
0.124110,5.001746,0.480914,0.42021,10.00
0.124120,5.000728,0.482816,0.42044,10.00
0.124130,4.999807,0.484938,0.42049,10.00
0.124140,4.998989,0.487110,0.42043,10.00
0.124150,4.998358,0.489239,0.42032,10.00
0.124160,4.998159,0.490905,0.41975,10.00
0.124170,4.998021,0.492064,0.41939,10.00
0.124180,4.997928,0.492908,0.41917,10.00
0.124190,4.997867,0.493548,0.41903,10.00
0.124200,4.998083,0.494054,0.41893,10.00
0.124210,4.999298,0.493395,0.41759,10.00
0.124220,5.000441,0.491548,0.41694,10.00
0.124230,5.001479,0.489122,0.41668,10.00
0.124240,5.002394,0.486470,0.41664,10.00
0.124250,5.002927,0.483793,0.41672,10.00
0.124260,5.002339,0.482295,0.41817,10.00
0.124270,5.001724,0.482088,0.41895,10.00
0.124280,5.001123,0.482594,0.41936,10.00
0.124290,5.000559,0.483476,0.41955,10.00
0.124300,4.999818,0.484537,0.41961,10.00
0.124310,4.998253,0.486621,0.42074,10.00
0.124320,4.996821,0.489707,0.42124,10.00
0.124330,4.995548,0.493226,0.42137,10.00
0.124340,4.994444,0.496851,0.42130,10.00
0.124350,4.993867,0.500399,0.42113,10.00
0.124360,4.994845,0.502244,0.41910,10.00
0.124370,4.995849,0.502262,0.41799,10.00
0.124380,4.996820,0.501280,0.41743,10.00
0.124390,4.997727,0.499779,0.41719,10.00
0.124400,4.998382,0.498041,0.41712,10.00
0.124410,4.998285,0.496959,0.41802,10.00
0.124420,4.998163,0.496658,0.41851,10.00
0.124430,4.998039,0.496786,0.41878,10.00
0.124440,4.997929,0.497135,0.41890,10.00
0.124450,4.997721,0.497587,0.41896,10.00
0.124460,4.997075,0.498575,0.41956,10.00
0.124470,4.996494,0.500084,0.41983,10.00
0.124480,4.995990,0.501813,0.41991,10.00
0.124490,4.995569,0.503593,0.41988,10.00
0.124500,4.995472,0.505326,0.41980,10.00
0.124510,4.996397,0.505929,0.41846,10.00
0.124520,4.997311,0.505326,0.41776,10.00
0.124530,4.998174,0.504081,0.41743,10.00
0.124540,4.998967,0.502523,0.41730,10.00
0.124550,4.999492,0.500843,0.41730,10.00
0.124560,4.999200,0.499957,0.41832,10.00
0.124570,4.998895,0.499965,0.41887,10.00
0.124580,4.998606,0.500451,0.41915,10.00
0.124590,4.998347,0.501174,0.41927,10.00
0.124600,4.998142,0.501996,0.41930,10.00
0.124610,4.998037,0.502770,0.41921,10.00
0.124620,4.997965,0.503447,0.41913,10.00
0.124630,4.997921,0.504042,0.41906,10.00
0.124640,4.997903,0.504565,0.41901,10.00
0.124650,4.998026,0.505023,0.41896,10.00
0.124660,4.998631,0.504917,0.41831,10.00
0.124670,4.999211,0.504228,0.41799,10.00
0.124680,4.999748,0.503243,0.41785,10.00
0.124690,5.000234,0.502126,0.41782,10.00
0.124700,5.000590,0.500974,0.41784,10.00
0.124710,5.000599,0.500162,0.41828,10.00
0.124720,5.000583,0.499736,0.41853,10.00
0.124730,5.000554,0.499531,0.41868,10.00
0.124740,5.000520,0.499455,0.41876,10.00
0.124750,5.000411,0.499449,0.41880,10.00
0.124760,5.000015,0.499797,0.41919,10.00
0.124770,4.999648,0.500493,0.41938,10.00
0.124780,4.999318,0.501352,0.41945,10.00
0.124790,4.999031,0.502267,0.41945,10.00
0.124800,4.999080,0.503178,0.41941,10.00
0.124810,5.000314,0.502801,0.41788,10.00
0.124820,5.001484,0.501060,0.41711,10.00
0.124830,5.002550,0.498642,0.41679,10.00
0.124840,5.003492,0.495943,0.41672,10.00
0.124850,5.004066,0.493192,0.41679,10.00
0.124860,5.003577,0.491538,0.41814,10.00
0.124870,5.003051,0.491098,0.41889,10.00
0.124880,5.002527,0.491339,0.41929,10.00
0.124890,5.002028,0.491948,0.41948,10.00
0.124900,5.001939,0.492742,0.41956,10.00
0.124910,5.003349,0.492018,0.41767,10.00
0.124920,5.004671,0.489641,0.41674,10.00
0.124930,5.005855,0.486463,0.41636,10.00
0.124940,5.006880,0.482974,0.41629,10.00
0.124950,5.007140,0.479454,0.41639,10.00
0.124960,5.004905,0.478614,0.41961,10.00
0.124970,5.002726,0.480655,0.42127,10.00
0.124980,5.000695,0.484197,0.42204,10.00
0.124990,4.998855,0.488439,0.42229,10.00
0.125000,4.997402,0.492917,0.42226,10.00
0.125010,4.996853,0.496609,0.42117,10.00
0.125020,4.996446,0.499332,0.42048,10.00
0.125030,4.996147,0.501431,0.42003,10.00
0.125040,4.995933,0.503110,0.41971,10.00
0.125050,4.996104,0.504496,0.41949,10.00
0.125060,4.997565,0.504314,0.41773,10.00
0.125070,4.998965,0.502551,0.41684,10.00
0.125080,5.000254,0.499986,0.41645,10.00
0.125090,5.001411,0.497073,0.41636,10.00
0.125100,5.002299,0.494073,0.41642,10.00
0.125110,5.002548,0.491677,0.41721,10.00
0.125120,5.002709,0.489992,0.41771,10.00
0.125130,5.002805,0.488756,0.41802,10.00
0.125140,5.002853,0.487814,0.41823,10.00
0.125150,5.003049,0.487072,0.41837,10.00
0.125160,5.003935,0.485683,0.41754,10.00
0.125170,5.004733,0.483577,0.41717,10.00
0.125180,5.005423,0.481169,0.41706,10.00
0.125190,5.005998,0.478694,0.41710,10.00
0.125200,5.006214,0.476286,0.41722,10.00
0.125210,5.005369,0.475059,0.41861,10.00
0.125220,5.004510,0.475098,0.41936,10.00
0.125230,5.003676,0.475836,0.41974,10.00
0.125240,5.002891,0.476944,0.41991,10.00
0.125250,5.001978,0.478227,0.41995,10.00
0.125260,5.000401,0.480368,0.42087,10.00
0.125270,4.998953,0.483340,0.42126,10.00
0.125280,4.997657,0.486663,0.42134,10.00
0.125290,4.996521,0.490061,0.42125,10.00
0.125300,4.995530,0.493381,0.42108,10.00
0.125310,4.994642,0.496588,0.42093,10.00
0.125320,4.993900,0.499642,0.42073,10.00
0.125330,4.993295,0.502496,0.42051,10.00
0.125340,4.992815,0.505126,0.42029,10.00
0.125350,4.992650,0.507528,0.42008,10.00
0.125360,4.993365,0.508856,0.41887,10.00
0.125370,4.994104,0.509077,0.41821,10.00
0.125380,4.994832,0.508674,0.41787,10.00
0.125390,4.995528,0.507930,0.41770,10.00
0.125400,4.996222,0.507011,0.41765,10.00
0.125410,4.997023,0.505846,0.41746,10.00
0.125420,4.997761,0.504485,0.41740,10.00
0.125430,4.998433,0.503054,0.41742,10.00
0.125440,4.999036,0.501627,0.41749,10.00
0.125450,4.999381,0.500246,0.41758,10.00
0.125460,4.998913,0.499751,0.41865,10.00
0.125470,4.998453,0.500193,0.41920,10.00
0.125480,4.998029,0.501121,0.41947,10.00
0.125490,4.997656,0.502274,0.41957,10.00
0.125500,4.997551,0.503503,0.41958,10.00
0.125510,4.998325,0.503822,0.41846,10.00
0.125520,4.999081,0.503145,0.41789,10.00
0.125530,4.999787,0.501946,0.41762,10.00
0.125540,5.000428,0.500502,0.41753,10.00
0.125550,5.000986,0.498972,0.41754,10.00
0.125560,5.001431,0.497496,0.41766,10.00
0.125570,5.001809,0.496125,0.41777,10.00
0.125580,5.002126,0.494860,0.41788,10.00
0.125590,5.002388,0.493701,0.41799,10.00
0.125600,5.002444,0.492643,0.41809,10.00
0.125610,5.001855,0.492339,0.41895,10.00
0.125620,5.001278,0.492812,0.41940,10.00
0.125630,5.000737,0.493694,0.41961,10.00
0.125640,5.000245,0.494770,0.41969,10.00
0.125650,4.999932,0.495915,0.41968,10.00
0.125660,5.000162,0.496523,0.41900,10.00
0.125670,5.000402,0.496530,0.41863,10.00
0.125680,5.000631,0.496211,0.41845,10.00
0.125690,5.000840,0.495728,0.41836,10.00
0.125700,5.001217,0.495174,0.41834,10.00
0.125710,5.002321,0.493779,0.41737,10.00
0.125720,5.003331,0.491535,0.41693,10.00
0.125730,5.004223,0.488915,0.41680,10.00
0.125740,5.004989,0.486192,0.41683,10.00
0.125750,5.005317,0.483519,0.41695,10.00
0.125760,5.004314,0.482304,0.41869,10.00
0.125770,5.003307,0.482651,0.41961,10.00
0.125780,5.002344,0.483844,0.42007,10.00
0.125790,5.001453,0.485464,0.42026,10.00
0.125800,5.000812,0.487266,0.42029,10.00
0.125810,5.000905,0.488403,0.41940,10.00
0.125820,5.001027,0.488761,0.41891,10.00
0.125830,5.001152,0.488691,0.41864,10.00
0.125840,5.001266,0.488395,0.41851,10.00
0.125850,5.001259,0.487993,0.41846,10.00
0.125860,5.000827,0.487995,0.41897,10.00
0.125870,5.000411,0.488460,0.41923,10.00
0.125880,5.000025,0.489163,0.41935,10.00
0.125890,4.999676,0.489974,0.41938,10.00
0.125900,4.999161,0.490816,0.41937,10.00
0.125910,4.997886,0.492521,0.42036,10.00
0.125920,4.996720,0.495107,0.42081,10.00
0.125930,4.995688,0.498074,0.42093,10.00
0.125940,4.994799,0.501137,0.42088,10.00
0.125950,4.993992,0.504135,0.42074,10.00
0.125960,4.993083,0.507240,0.42086,10.00
0.125970,4.992321,0.510418,0.42080,10.00
0.125980,4.991706,0.513507,0.42064,10.00
0.125990,4.991229,0.516417,0.42045,10.00
0.126000,4.991202,0.519107,0.42024,10.00
0.126010,4.992545,0.520188,0.41840,10.00
0.126020,4.993882,0.519592,0.41742,10.00
0.126030,4.995159,0.518087,0.41695,10.00
0.126040,4.996348,0.516121,0.41676,10.00
0.126050,4.997327,0.513957,0.41674,10.00
0.126060,4.997778,0.512209,0.41736,10.00
0.126070,4.998164,0.510985,0.41774,10.00
0.126080,4.998501,0.510076,0.41798,10.00
0.126090,4.998801,0.509360,0.41814,10.00
0.126100,4.999044,0.508765,0.41824,10.00
0.126110,4.999156,0.508364,0.41845,10.00
0.126120,4.999255,0.508135,0.41857,10.00
0.126130,4.999347,0.508003,0.41864,10.00
0.126140,4.999433,0.507922,0.41868,10.00
0.126150,4.999575,0.507866,0.41870,10.00
0.126160,4.999943,0.507570,0.41841,10.00
0.126170,5.000289,0.507015,0.41828,10.00
0.126180,5.000604,0.506335,0.41823,10.00
0.126190,5.000885,0.505609,0.41823,10.00
0.126200,5.001033,0.504882,0.41826,10.00
0.126210,5.000757,0.504604,0.41881,10.00
0.126220,5.000485,0.504809,0.41909,10.00
0.126230,5.000231,0.505266,0.41923,10.00
0.126240,5.000002,0.505843,0.41928,10.00
0.126250,4.999925,0.506463,0.41928,10.00
0.126260,5.000351,0.506562,0.41864,10.00
0.126270,5.000763,0.506093,0.41832,10.00
0.126280,5.001144,0.505330,0.41817,10.00
0.126290,5.001484,0.504436,0.41812,10.00
0.126300,5.001671,0.503501,0.41813,10.00
0.126310,5.001387,0.503045,0.41872,10.00
0.126320,5.001099,0.503121,0.41904,10.00
0.126330,5.000824,0.503481,0.41920,10.00
0.126340,5.000571,0.503985,0.41927,10.00
0.126350,5.000393,0.504549,0.41928,10.00
0.126360,5.000430,0.504920,0.41902,10.00
0.126370,5.000476,0.505062,0.41887,10.00
0.126380,5.000526,0.505073,0.41879,10.00
0.126390,5.000573,0.505014,0.41875,10.00
0.126400,5.000543,0.504918,0.41873,10.00
0.126410,5.000219,0.505121,0.41910,10.00
0.126420,4.999915,0.505648,0.41928,10.00
0.126430,4.999641,0.506332,0.41935,10.00
0.126440,4.999402,0.507074,0.41936,10.00
0.126450,4.999485,0.507820,0.41933,10.00
0.126460,5.000725,0.507310,0.41784,10.00
0.126470,5.001897,0.505473,0.41710,10.00
0.126480,5.002961,0.502981,0.41679,10.00
0.126490,5.003898,0.500224,0.41673,10.00
0.126500,5.004438,0.497426,0.41680,10.00
0.126510,5.003808,0.495850,0.41830,10.00
0.126520,5.003149,0.495614,0.41912,10.00
0.126530,5.002504,0.496121,0.41954,10.00
0.126540,5.001897,0.497020,0.41974,10.00
0.126550,5.001137,0.498108,0.41980,10.00
0.126560,4.999648,0.500122,0.42081,10.00
0.126570,4.998283,0.503035,0.42125,10.00
0.126580,4.997069,0.506333,0.42136,10.00
0.126590,4.996013,0.509720,0.42129,10.00
0.126600,4.995391,0.513029,0.42112,10.00
0.126610,4.995995,0.514993,0.41951,10.00
0.126620,4.996644,0.515510,0.41862,10.00
0.126630,4.997289,0.515214,0.41815,10.00
0.126640,4.997905,0.514478,0.41792,10.00
0.126650,4.998579,0.513519,0.41783,10.00
0.126660,4.999597,0.512034,0.41731,10.00
0.126670,5.000529,0.510077,0.41710,10.00
0.126680,5.001362,0.507929,0.41707,10.00
0.126690,5.002093,0.505750,0.41713,10.00
0.126700,5.002569,0.503631,0.41725,10.00
0.126710,5.002355,0.502273,0.41816,10.00
0.126720,5.002104,0.501730,0.41868,10.00
0.126730,5.001843,0.501651,0.41896,10.00
0.126740,5.001588,0.501831,0.41910,10.00
0.126750,5.001464,0.502149,0.41917,10.00
0.126760,5.001820,0.502028,0.41859,10.00
0.126770,5.002154,0.501405,0.41830,10.00
0.126780,5.002451,0.500536,0.41818,10.00
0.126790,5.002704,0.499570,0.41815,10.00
0.126800,5.003001,0.498591,0.41818,10.00
0.126810,5.003601,0.497265,0.41777,10.00
0.126820,5.004129,0.495598,0.41762,10.00
0.126830,5.004574,0.493816,0.41761,10.00
0.126840,5.004937,0.492044,0.41767,10.00
0.126850,5.005297,0.490352,0.41777,10.00
0.126860,5.005882,0.488447,0.41749,10.00
0.126870,5.006372,0.486331,0.41743,10.00
0.126880,5.006762,0.484192,0.41748,10.00
0.126890,5.007056,0.482134,0.41759,10.00
0.126900,5.007157,0.480212,0.41772,10.00
0.126910,5.006784,0.478880,0.41837,10.00
0.126920,5.006369,0.478167,0.41876,10.00
0.126930,5.005936,0.477836,0.41898,10.00
0.126940,5.005496,0.477745,0.41911,10.00
0.126950,5.004959,0.477806,0.41918,10.00
0.126960,5.004046,0.478389,0.41971,10.00
0.126970,5.003178,0.479480,0.41996,10.00
0.126980,5.002371,0.480824,0.42005,10.00
0.126990,5.001632,0.482271,0.42004,10.00
0.127000,5.000707,0.483736,0.41999,10.00
0.127010,4.998855,0.486259,0.42120,10.00
0.127020,4.997158,0.489862,0.42171,10.00
0.127030,4.995647,0.493925,0.42184,10.00
0.127040,4.994331,0.498094,0.42175,10.00
0.127050,4.993333,0.502168,0.42154,10.00
0.127060,4.993006,0.505504,0.42065,10.00
0.127070,4.992809,0.508022,0.42007,10.00
0.127080,4.992712,0.509994,0.41968,10.00
0.127090,4.992693,0.511585,0.41941,10.00
0.127100,4.992796,0.512894,0.41921,10.00
0.127110,4.993170,0.513747,0.41877,10.00
0.127120,4.993569,0.514173,0.41852,10.00
0.127130,4.993977,0.514335,0.41837,10.00
0.127140,4.994387,0.514330,0.41829,10.00
0.127150,4.995184,0.514216,0.41825,10.00
0.127160,4.997505,0.512355,0.41624,10.00
0.127170,4.999677,0.508691,0.41529,10.00
0.127180,5.001647,0.504171,0.41495,10.00
0.127190,5.003393,0.499342,0.41495,10.00
0.127200,5.004596,0.494514,0.41514,10.00
0.127210,5.004350,0.491206,0.41701,10.00
0.127220,5.004003,0.489571,0.41808,10.00
0.127230,5.003612,0.488910,0.41869,10.00
0.127240,5.003209,0.488809,0.41902,10.00
0.127250,5.002927,0.489026,0.41920,10.00
0.127260,5.003105,0.488932,0.41870,10.00
0.127270,5.003266,0.488421,0.41846,10.00
0.127280,5.003396,0.487712,0.41835,10.00
0.127290,5.003492,0.486932,0.41833,10.00
0.127300,5.003584,0.486151,0.41835,10.00
0.127310,5.003769,0.485269,0.41822,10.00
0.127320,5.003911,0.484300,0.41819,10.00
0.127330,5.004008,0.483329,0.41822,10.00
0.127340,5.004061,0.482404,0.41827,10.00
0.127350,5.003812,0.481550,0.41833,10.00
0.127360,5.002507,0.481893,0.41972,10.00
0.127370,5.001260,0.483489,0.42041,10.00
0.127380,5.000110,0.485717,0.42070,10.00
0.127390,4.999075,0.488216,0.42076,10.00
0.127400,4.998160,0.490780,0.42070,10.00
0.127410,4.997364,0.493292,0.42057,10.00
0.127420,4.996682,0.495687,0.42041,10.00
0.127430,4.996108,0.497932,0.42024,10.00
0.127440,4.995634,0.500011,0.42007,10.00
0.127450,4.995221,0.501920,0.41990,10.00
0.127460,4.994774,0.503790,0.41990,10.00
0.127470,4.994413,0.505632,0.41982,10.00
0.127480,4.994135,0.507382,0.41971,10.00
0.127490,4.993934,0.509006,0.41959,10.00
0.127500,4.993851,0.510490,0.41947,10.00
0.127510,4.994014,0.511630,0.41911,10.00
0.127520,4.994218,0.512420,0.41888,10.00
0.127530,4.994450,0.512975,0.41874,10.00
0.127540,4.994702,0.513366,0.41864,10.00
0.127550,4.995011,0.513638,0.41858,10.00
0.127560,4.995498,0.513633,0.41831,10.00
0.127570,4.995976,0.513361,0.41817,10.00
0.127580,4.996435,0.512940,0.41811,10.00
0.127590,4.996870,0.512438,0.41810,10.00
0.127600,4.997178,0.511897,0.41811,10.00
0.127610,4.997066,0.511773,0.41864,10.00
0.127620,4.996963,0.512100,0.41892,10.00
0.127630,4.996881,0.512649,0.41904,10.00
0.127640,4.996827,0.513287,0.41909,10.00
0.127650,4.997054,0.513940,0.41908,10.00
0.127660,4.998284,0.513500,0.41779,10.00
0.127670,4.999455,0.511898,0.41715,10.00
0.127680,5.000529,0.509713,0.41688,10.00
0.127690,5.001493,0.507285,0.41683,10.00
0.127700,5.002185,0.504807,0.41690,10.00
0.127710,5.002161,0.503047,0.41781,10.00
0.127720,5.002081,0.502095,0.41833,10.00
0.127730,5.001971,0.501615,0.41864,10.00
0.127740,5.001849,0.501412,0.41881,10.00
0.127750,5.001817,0.501368,0.41890,10.00
0.127760,5.002155,0.501012,0.41847,10.00
0.127770,5.002464,0.500286,0.41827,10.00
0.127780,5.002734,0.499388,0.41819,10.00
0.127790,5.002960,0.498435,0.41819,10.00
0.127800,5.003166,0.497491,0.41822,10.00
0.127810,5.003425,0.496487,0.41815,10.00
0.127820,5.003635,0.495438,0.41816,10.00
0.127830,5.003798,0.494408,0.41820,10.00
0.127840,5.003914,0.493435,0.41826,10.00
0.127850,5.003999,0.492536,0.41833,10.00
0.127860,5.004087,0.491673,0.41834,10.00
0.127870,5.004136,0.490845,0.41838,10.00
0.127880,5.004149,0.490077,0.41844,10.00
0.127890,5.004129,0.489380,0.41849,10.00
0.127900,5.004024,0.488757,0.41855,10.00
0.127910,5.003675,0.488447,0.41889,10.00
0.127920,5.003323,0.488459,0.41907,10.00
0.127930,5.002978,0.488655,0.41916,10.00
0.127940,5.002647,0.488955,0.41920,10.00
0.127950,5.002298,0.489311,0.41921,10.00
0.127960,5.001832,0.489842,0.41938,10.00
0.127970,5.001398,0.490538,0.41945,10.00
0.127980,5.000999,0.491305,0.41945,10.00
0.127990,5.000638,0.492091,0.41943,10.00
0.128000,5.000504,0.492864,0.41939,10.00
0.128010,5.001146,0.492798,0.41838,10.00
0.128020,5.001756,0.491845,0.41787,10.00
0.128030,5.002307,0.490451,0.41765,10.00
0.128040,5.002786,0.488873,0.41759,10.00
0.128050,5.002994,0.487258,0.41762,10.00
0.128060,5.002362,0.486526,0.41869,10.00
0.128070,5.001728,0.486759,0.41926,10.00
0.128080,5.001122,0.487516,0.41955,10.00
0.128090,5.000562,0.488536,0.41966,10.00
0.128100,4.999899,0.489669,0.41968,10.00
0.128110,4.998686,0.491490,0.42043,10.00
0.128120,4.997581,0.493981,0.42075,10.00
0.128130,4.996603,0.496746,0.42081,10.00
0.128140,4.995756,0.499559,0.42074,10.00
0.128150,4.995185,0.502294,0.42059,10.00
0.128160,4.995302,0.504264,0.41968,10.00
0.128170,4.995485,0.505404,0.41914,10.00
0.128180,4.995704,0.506045,0.41883,10.00
0.128190,4.995942,0.506381,0.41864,10.00
0.128200,4.996093,0.506530,0.41853,10.00
0.128210,4.995874,0.506967,0.41895,10.00
0.128220,4.995686,0.507754,0.41915,10.00
0.128230,4.995540,0.508691,0.41922,10.00
0.128240,4.995438,0.509663,0.41922,10.00
0.128250,4.995510,0.510608,0.41918,10.00
0.128260,4.996128,0.510939,0.41847,10.00
0.128270,4.996740,0.510614,0.41809,10.00
0.128280,4.997323,0.509932,0.41791,10.00
0.128290,4.997868,0.509071,0.41785,10.00
0.128300,4.998560,0.508133,0.41785,10.00
0.128310,4.999955,0.506360,0.41691,10.00
0.128320,5.001237,0.503749,0.41650,10.00
0.128330,5.002384,0.500772,0.41640,10.00
0.128340,5.003388,0.497702,0.41646,10.00
0.128350,5.004073,0.494693,0.41660,10.00
0.128360,5.003934,0.492580,0.41768,10.00
0.128370,5.003729,0.491439,0.41831,10.00
0.128380,5.003490,0.490875,0.41868,10.00
0.128390,5.003236,0.490652,0.41888,10.00
0.128400,5.003256,0.490632,0.41899,10.00
0.128410,5.004357,0.489551,0.41765,10.00
0.128420,5.005370,0.487308,0.41702,10.00
0.128430,5.006260,0.484526,0.41678,10.00
0.128440,5.007014,0.481565,0.41677,10.00
0.128450,5.007306,0.478629,0.41688,10.00
0.128460,5.006205,0.477207,0.41868,10.00
0.128470,5.005092,0.477423,0.41965,10.00
0.128480,5.004021,0.478535,0.42014,10.00
0.128490,5.003019,0.480111,0.42034,10.00
0.128500,5.002124,0.481898,0.42039,10.00
0.128510,5.001417,0.483641,0.42022,10.00
0.128520,5.000788,0.485251,0.42006,10.00
0.128530,5.000232,0.486740,0.41992,10.00
0.128540,4.999742,0.488119,0.41980,10.00
0.128550,4.999489,0.489393,0.41968,10.00
0.128560,4.999971,0.489829,0.41870,10.00
0.128570,5.000445,0.489395,0.41818,10.00
0.128580,5.000884,0.488509,0.41794,10.00
0.128590,5.001274,0.487413,0.41785,10.00
0.128600,5.001439,0.486246,0.41784,10.00
0.128610,5.000879,0.485819,0.41876,10.00
0.128620,5.000327,0.486209,0.41924,10.00
0.128630,4.999807,0.487033,0.41947,10.00
0.128640,4.999334,0.488066,0.41955,10.00
0.128650,4.999307,0.489179,0.41956,10.00
0.128660,5.000867,0.488618,0.41753,10.00
0.128670,5.002342,0.486264,0.41652,10.00
0.128680,5.003676,0.483028,0.41610,10.00
0.128690,5.004847,0.479434,0.41601,10.00
0.128700,5.005543,0.475785,0.41610,10.00
0.128710,5.004887,0.473543,0.41783,10.00
0.128720,5.004177,0.472858,0.41879,10.00
0.128730,5.003466,0.473055,0.41931,10.00
0.128740,5.002782,0.473739,0.41956,10.00
0.128750,5.002055,0.474676,0.41967,10.00
0.128760,5.001053,0.476085,0.42011,10.00
0.128770,5.000132,0.477903,0.42028,10.00
0.128780,4.999302,0.479888,0.42030,10.00
0.128790,4.998568,0.481898,0.42023,10.00
0.128800,4.998191,0.483857,0.42012,10.00
0.128810,4.998935,0.484591,0.41866,10.00
0.128820,4.999671,0.484027,0.41788,10.00
0.128830,5.000358,0.482782,0.41752,10.00
0.128840,5.000975,0.481214,0.41738,10.00
0.128850,5.001394,0.479529,0.41737,10.00
0.128860,5.001264,0.478359,0.41804,10.00
0.128870,5.001099,0.477793,0.41842,10.00
0.128880,5.000920,0.477580,0.41864,10.00
0.128890,5.000738,0.477571,0.41876,10.00
0.128900,5.000308,0.477679,0.41882,10.00
0.128910,4.998906,0.478926,0.42012,10.00
0.128920,4.997600,0.481330,0.42074,10.00
0.128930,4.996426,0.484277,0.42096,10.00
0.128940,4.995397,0.487413,0.42096,10.00
0.128950,4.994455,0.490536,0.42084,10.00
0.128960,4.993418,0.493795,0.42097,10.00
0.128970,4.992537,0.497143,0.42091,10.00
0.128980,4.991809,0.500406,0.42075,10.00
0.128990,4.991229,0.503492,0.42054,10.00
0.129000,4.990847,0.506355,0.42032,10.00
0.129010,4.990828,0.508713,0.41979,10.00
0.129020,4.990901,0.510550,0.41942,10.00
0.129030,4.991047,0.512016,0.41917,10.00
0.129040,4.991251,0.513205,0.41898,10.00
0.129050,4.991494,0.514175,0.41884,10.00
0.129060,4.991748,0.514998,0.41877,10.00
0.129070,4.992034,0.515703,0.41869,10.00
0.129080,4.992348,0.516294,0.41863,10.00
0.129090,4.992684,0.516778,0.41857,10.00
0.129100,4.993375,0.517161,0.41852,10.00
0.129110,4.995390,0.516018,0.41678,10.00
0.129120,4.997297,0.513290,0.41594,10.00
0.129130,4.999048,0.509784,0.41561,10.00
0.129140,5.000623,0.505964,0.41558,10.00
0.129150,5.001678,0.502100,0.41571,10.00
0.129160,5.001240,0.499779,0.41762,10.00
0.129170,5.000749,0.499151,0.41868,10.00
0.129180,5.000259,0.499458,0.41924,10.00
0.129190,4.999799,0.500259,0.41951,10.00
0.129200,4.999381,0.501299,0.41962,10.00
0.129210,4.998998,0.502446,0.41966,10.00
0.129220,4.998670,0.503617,0.41963,10.00
0.129230,4.998395,0.504756,0.41957,10.00
0.129240,4.998172,0.505831,0.41950,10.00
0.129250,4.998119,0.506828,0.41942,10.00
0.129260,4.998587,0.507217,0.41872,10.00
0.129270,4.999052,0.506974,0.41835,10.00
0.129280,4.999493,0.506391,0.41817,10.00
0.129290,4.999901,0.505637,0.41810,10.00
0.129300,5.000311,0.504812,0.41809,10.00
0.129310,5.000836,0.503805,0.41792,10.00
0.129320,5.001308,0.502638,0.41786,10.00
0.129330,5.001723,0.501425,0.41788,10.00
0.129340,5.002081,0.500230,0.41794,10.00
0.129350,5.002468,0.499086,0.41801,10.00
0.129360,5.003121,0.497665,0.41768,10.00
0.129370,5.003699,0.495957,0.41756,10.00
0.129380,5.004193,0.494160,0.41757,10.00
0.129390,5.004604,0.492385,0.41764,10.00
0.129400,5.004973,0.490693,0.41774,10.00
0.129410,5.005414,0.488954,0.41767,10.00
0.129420,5.005772,0.487175,0.41770,10.00
0.129430,5.006049,0.485451,0.41778,10.00
0.129440,5.006249,0.483831,0.41789,10.00
0.129450,5.006196,0.482340,0.41801,10.00
0.129460,5.005365,0.481767,0.41905,10.00
0.129470,5.004539,0.482151,0.41960,10.00
0.129480,5.003751,0.483054,0.41987,10.00
0.129490,5.003015,0.484220,0.41997,10.00
0.129500,5.002491,0.485501,0.41998,10.00
0.129510,5.002627,0.486157,0.41916,10.00
0.129520,5.002770,0.486108,0.41872,10.00
0.129530,5.002900,0.485689,0.41850,10.00
0.129540,5.003005,0.485094,0.41841,10.00
0.129550,5.002947,0.484433,0.41838,10.00
0.129560,5.002342,0.484336,0.41907,10.00
0.129570,5.001753,0.484862,0.41942,10.00
0.129580,5.001201,0.485716,0.41958,10.00
0.129590,5.000694,0.486724,0.41963,10.00
0.129600,5.000205,0.487786,0.41962,10.00
0.129610,4.999639,0.488984,0.41973,10.00
0.129620,4.999132,0.490292,0.41975,10.00
0.129630,4.998689,0.491615,0.41971,10.00
0.129640,4.998306,0.492900,0.41964,10.00
0.129650,4.997959,0.494118,0.41955,10.00
0.129660,4.997581,0.495348,0.41957,10.00
0.129670,4.997260,0.496590,0.41954,10.00
0.129680,4.996996,0.497790,0.41947,10.00
0.129690,4.996786,0.498918,0.41939,10.00
0.129700,4.996706,0.499961,0.41931,10.00
0.129710,4.996981,0.500574,0.41882,10.00
0.129720,4.997269,0.500741,0.41855,10.00
0.129730,4.997557,0.500652,0.41841,10.00
0.129740,4.997834,0.500420,0.41834,10.00
0.129750,4.998328,0.500112,0.41831,10.00
0.129760,4.999702,0.498786,0.41715,10.00
0.129770,5.000979,0.496419,0.41661,10.00
0.129780,5.002128,0.493570,0.41642,10.00
0.129790,5.003137,0.490561,0.41644,10.00
0.129800,5.003640,0.487574,0.41656,10.00
0.129810,5.002588,0.486264,0.41858,10.00
0.129820,5.001534,0.486755,0.41966,10.00
0.129830,5.000536,0.488211,0.42018,10.00
0.129840,4.999622,0.490142,0.42039,10.00
0.129850,4.998988,0.492267,0.42043,10.00
0.129860,4.999161,0.493652,0.41945,10.00
0.129870,4.999370,0.494169,0.41890,10.00
0.129880,4.999587,0.494198,0.41860,10.00
0.129890,4.999797,0.493961,0.41845,10.00
0.129900,4.999851,0.493588,0.41838,10.00
0.129910,4.999338,0.493751,0.41907,10.00
0.129920,4.998852,0.494523,0.41941,10.00
0.129930,4.998413,0.495596,0.41956,10.00
0.129940,4.998028,0.496791,0.41959,10.00
0.129950,4.997541,0.498006,0.41956,10.00
0.129960,4.996490,0.499864,0.42030,10.00
0.129970,4.995548,0.502363,0.42061,10.00
0.129980,4.994731,0.505113,0.42067,10.00
0.129990,4.994044,0.507891,0.42059,10.00
0.130000,4.993810,0.510573,0.42044,10.00
0.130010,4.994965,0.511704,0.41862,10.00
0.130020,4.996117,0.511189,0.41765,10.00
0.130030,4.997215,0.509785,0.41718,10.00
0.130040,4.998230,0.507935,0.41699,10.00
0.130050,4.998890,0.505899,0.41697,10.00
0.130060,4.998433,0.504936,0.41835,10.00
0.130070,4.997971,0.505185,0.41909,10.00
0.130080,4.997541,0.506072,0.41945,10.00
0.130090,4.997162,0.507266,0.41960,10.00
0.130100,4.996835,0.508575,0.41963,10.00
0.130110,4.996537,0.509925,0.41964,10.00
0.130120,4.996302,0.511259,0.41958,10.00
0.130130,4.996126,0.512525,0.41951,10.00
0.130140,4.996007,0.513697,0.41942,10.00
0.130150,4.996167,0.514765,0.41933,10.00
0.130160,4.997266,0.514748,0.41808,10.00
0.130170,4.998326,0.513603,0.41745,10.00
0.130180,4.999312,0.511876,0.41717,10.00
0.130190,5.000207,0.509885,0.41709,10.00
0.130200,5.000777,0.507815,0.41713,10.00
0.130210,5.000362,0.506740,0.41838,10.00
0.130220,4.999933,0.506764,0.41905,10.00
0.130230,4.999524,0.507378,0.41939,10.00
0.130240,4.999154,0.508286,0.41953,10.00
0.130250,4.999031,0.509319,0.41957,10.00
0.130260,4.999739,0.509522,0.41854,10.00
0.130270,5.000425,0.508802,0.41801,10.00
0.130280,5.001061,0.507604,0.41776,10.00
0.130290,5.001633,0.506187,0.41768,10.00
0.130300,5.002147,0.504701,0.41770,10.00
0.130310,5.002631,0.503184,0.41771,10.00
0.130320,5.003045,0.501684,0.41777,10.00
0.130330,5.003390,0.500248,0.41786,10.00
0.130340,5.003671,0.498903,0.41796,10.00
0.130350,5.003847,0.497660,0.41806,10.00
0.130360,5.003794,0.496715,0.41839,10.00
0.130370,5.003706,0.496078,0.41859,10.00
0.130380,5.003596,0.495637,0.41872,10.00
0.130390,5.003470,0.495328,0.41880,10.00
0.130400,5.003435,0.495109,0.41885,10.00
0.130410,5.003792,0.494520,0.41837,10.00
0.130420,5.004108,0.493524,0.41815,10.00
0.130430,5.004372,0.492352,0.41808,10.00
0.130440,5.004580,0.491138,0.41808,10.00
0.130450,5.004686,0.489955,0.41813,10.00
0.130460,5.004559,0.489039,0.41844,10.00
0.130470,5.004399,0.488421,0.41863,10.00
0.130480,5.004218,0.487998,0.41875,10.00
0.130490,5.004022,0.487708,0.41883,10.00
0.130500,5.003860,0.487513,0.41888,10.00
0.130510,5.003859,0.487206,0.41870,10.00
0.130520,5.003841,0.486761,0.41862,10.00
0.130530,5.003800,0.486271,0.41860,10.00
0.130540,5.003738,0.485785,0.41861,10.00
0.130550,5.003383,0.485330,0.41863,10.00
0.130560,5.001952,0.486078,0.42003,10.00
0.130570,5.000598,0.488087,0.42072,10.00
0.130580,4.999361,0.490716,0.42099,10.00
0.130590,4.998256,0.493593,0.42102,10.00
0.130600,4.997607,0.496507,0.42093,10.00
0.130610,4.998330,0.497982,0.41917,10.00
0.130620,4.999071,0.497891,0.41822,10.00
0.130630,4.999780,0.496954,0.41774,10.00
0.130640,5.000430,0.495590,0.41754,10.00
0.130650,5.000818,0.494042,0.41748,10.00
0.130660,5.000386,0.493267,0.41848,10.00
0.130670,4.999947,0.493381,0.41902,10.00
0.130680,4.999530,0.493973,0.41929,10.00
0.130690,4.999148,0.494804,0.41940,10.00
0.130700,4.998693,0.495736,0.41943,10.00
0.130710,4.997835,0.497180,0.41999,10.00
0.130720,4.997060,0.499115,0.42022,10.00
0.130730,4.996383,0.501243,0.42026,10.00
0.130740,4.995807,0.503394,0.42020,10.00
0.130750,4.995422,0.505475,0.42009,10.00
0.130760,4.995491,0.507041,0.41948,10.00
0.130770,4.995614,0.508047,0.41912,10.00
0.130780,4.995773,0.508703,0.41889,10.00
0.130790,4.995954,0.509135,0.41875,10.00
0.130800,4.996096,0.509417,0.41866,10.00
0.130810,4.996042,0.509822,0.41887,10.00
0.130820,4.996012,0.510389,0.41896,10.00
0.130830,4.996009,0.511010,0.41899,10.00
0.130840,4.996034,0.511627,0.41897,10.00
0.130850,4.995913,0.512208,0.41894,10.00
0.130860,4.995139,0.513475,0.41978,10.00
0.130870,4.994448,0.515457,0.42016,10.00
0.130880,4.993860,0.517742,0.42027,10.00
0.130890,4.993380,0.520092,0.42024,10.00
0.130900,4.993198,0.522377,0.42013,10.00
0.130910,4.993860,0.523714,0.41902,10.00
0.130920,4.994551,0.524031,0.41841,10.00
0.130930,4.995235,0.523765,0.41808,10.00
0.130940,4.995895,0.523172,0.41793,10.00
0.130950,4.996646,0.522406,0.41787,10.00
0.130960,4.997850,0.521016,0.41723,10.00
0.130970,4.998969,0.519031,0.41695,10.00
0.130980,4.999984,0.516782,0.41689,10.00
0.130990,5.000889,0.514460,0.41694,10.00
0.131000,5.001599,0.512173,0.41705,10.00
0.131010,5.001866,0.510353,0.41763,10.00
0.131020,5.002064,0.509048,0.41800,10.00
0.131030,5.002211,0.508067,0.41823,10.00
0.131040,5.002319,0.507298,0.41839,10.00
0.131050,5.002568,0.506673,0.41849,10.00
0.131060,5.003463,0.505416,0.41770,10.00
0.131070,5.004275,0.503469,0.41735,10.00
0.131080,5.004987,0.501222,0.41724,10.00
0.131090,5.005590,0.498901,0.41727,10.00
0.131100,5.006142,0.496631,0.41738,10.00
0.131110,5.006808,0.494245,0.41724,10.00
0.131120,5.007358,0.491767,0.41726,10.00
0.131130,5.007795,0.489343,0.41737,10.00
0.131140,5.008123,0.487051,0.41751,10.00
0.131150,5.008249,0.484932,0.41768,10.00
0.131160,5.007885,0.483437,0.41836,10.00
0.131170,5.007473,0.482590,0.41876,10.00
0.131180,5.007037,0.482146,0.41900,10.00
0.131190,5.006589,0.481958,0.41914,10.00
0.131200,5.005885,0.481937,0.41922,10.00
0.131210,5.004192,0.483114,0.42055,10.00
0.131220,5.002596,0.485506,0.42118,10.00
0.131230,5.001133,0.488486,0.42141,10.00
0.131240,4.999819,0.491693,0.42142,10.00
0.131250,4.998839,0.494917,0.42130,10.00
0.131260,4.998713,0.497271,0.42020,10.00
0.131270,4.998665,0.498656,0.41956,10.00
0.131280,4.998664,0.499468,0.41918,10.00
0.131290,4.998690,0.499941,0.41895,10.00
0.131300,4.998724,0.500211,0.41882,10.00
0.131310,4.998739,0.500392,0.41878,10.00
0.131320,4.998761,0.500531,0.41875,10.00
0.131330,4.998788,0.500640,0.41873,10.00
0.131340,4.998820,0.500728,0.41872,10.00
0.131350,4.999025,0.500798,0.41871,10.00
0.131360,4.999895,0.500128,0.41784,10.00
0.131370,5.000709,0.498687,0.41743,10.00
0.131380,5.001442,0.496880,0.41727,10.00
0.131390,5.002086,0.494940,0.41726,10.00
0.131400,5.002606,0.492999,0.41733,10.00
0.131410,5.002912,0.491270,0.41761,10.00
0.131420,5.003146,0.489796,0.41781,10.00
0.131430,5.003317,0.488521,0.41797,10.00
0.131440,5.003434,0.487408,0.41810,10.00
0.131450,5.003447,0.486433,0.41821,10.00
0.131460,5.003199,0.485818,0.41859,10.00
0.131470,5.002935,0.485561,0.41881,10.00
0.131480,5.002666,0.485518,0.41893,10.00
0.131490,5.002401,0.485604,0.41900,10.00
0.131500,5.002008,0.485766,0.41903,10.00
0.131510,5.001100,0.486548,0.41972,10.00
0.131520,5.000250,0.487957,0.42004,10.00
0.131530,4.999477,0.489663,0.42015,10.00
0.131540,4.998788,0.491474,0.42014,10.00
0.131550,4.998225,0.493282,0.42007,10.00
0.131560,4.997901,0.494854,0.41976,10.00
0.131570,4.997642,0.496149,0.41955,10.00
0.131580,4.997437,0.497248,0.41939,10.00
0.131590,4.997279,0.498197,0.41927,10.00
0.131600,4.997440,0.499028,0.41917,10.00
0.131610,4.998719,0.498575,0.41768,10.00
0.131620,4.999933,0.496797,0.41694,10.00
0.131630,5.001041,0.494362,0.41664,10.00
0.131640,5.002026,0.491656,0.41658,10.00
0.131650,5.002428,0.488901,0.41665,10.00
0.131660,5.000944,0.488147,0.41908,10.00
0.131670,4.999496,0.489551,0.42034,10.00
0.131680,4.998152,0.492076,0.42092,10.00
0.131690,4.996944,0.495122,0.42112,10.00
0.131700,4.996150,0.498341,0.42111,10.00
0.131710,4.996535,0.500410,0.41964,10.00
0.131720,4.996975,0.501168,0.41882,10.00
0.131730,4.997425,0.501184,0.41838,10.00
0.131740,4.997862,0.500789,0.41815,10.00
0.131750,4.998152,0.500180,0.41805,10.00
0.131760,4.997940,0.499984,0.41863,10.00
0.131770,4.997735,0.500290,0.41893,10.00
0.131780,4.997553,0.500852,0.41907,10.00
0.131790,4.997400,0.501526,0.41912,10.00
0.131800,4.997192,0.502231,0.41912,10.00
0.131810,4.996672,0.503297,0.41954,10.00
0.131820,4.996214,0.504717,0.41971,10.00
0.131830,4.995826,0.506269,0.41974,10.00
0.131840,4.995511,0.507829,0.41970,10.00
0.131850,4.995772,0.509326,0.41962,10.00
0.131860,4.998066,0.508573,0.41696,10.00
0.131870,5.000245,0.505454,0.41565,10.00
0.131880,5.002237,0.501157,0.41510,10.00
0.131890,5.004011,0.496369,0.41498,10.00
0.131900,5.005192,0.491487,0.41511,10.00
0.131910,5.004737,0.488275,0.41719,10.00
0.131920,5.004193,0.486926,0.41837,10.00
0.131930,5.003622,0.486643,0.41902,10.00
0.131940,5.003057,0.486959,0.41936,10.00
0.131950,5.002209,0.487598,0.41952,10.00
0.131960,5.000188,0.489723,0.42115,10.00
0.131970,4.998315,0.493301,0.42189,10.00
0.131980,4.996633,0.497543,0.42213,10.00
0.131990,4.995159,0.501994,0.42209,10.00
0.132000,4.994227,0.506396,0.42190,10.00
0.132010,4.994798,0.509183,0.41995,10.00
0.132020,4.995442,0.510213,0.41885,10.00
0.132030,4.996100,0.510244,0.41825,10.00
0.132040,4.996741,0.509720,0.41795,10.00
0.132050,4.997340,0.508902,0.41781,10.00
0.132060,4.997871,0.507967,0.41780,10.00
0.132070,4.998356,0.507007,0.41784,10.00
0.132080,4.998796,0.506058,0.41789,10.00
0.132090,4.999191,0.505142,0.41795,10.00
0.132100,4.999344,0.504270,0.41801,10.00
0.132110,4.998677,0.504300,0.41909,10.00
0.132120,4.998042,0.505277,0.41964,10.00
0.132130,4.997469,0.506725,0.41988,10.00
0.132140,4.996970,0.508372,0.41994,10.00
0.132150,4.996586,0.510060,0.41991,10.00
0.132160,4.996426,0.511543,0.41964,10.00
0.132170,4.996327,0.512766,0.41945,10.00
0.132180,4.996278,0.513795,0.41930,10.00
0.132190,4.996271,0.514671,0.41918,10.00
0.132200,4.996328,0.515420,0.41909,10.00
0.132210,4.996518,0.515949,0.41888,10.00
0.132220,4.996725,0.516266,0.41875,10.00
0.132230,4.996942,0.516445,0.41867,10.00
0.132240,4.997164,0.516530,0.41862,10.00
0.132250,4.997447,0.516550,0.41860,10.00
0.132260,4.997964,0.516264,0.41827,10.00
0.132270,4.998456,0.515672,0.41812,10.00
0.132280,4.998916,0.514925,0.41806,10.00
0.132290,4.999337,0.514113,0.41806,10.00
0.132300,4.999954,0.513286,0.41809,10.00
0.132310,5.001451,0.511470,0.41694,10.00
0.132320,5.002828,0.508634,0.41643,10.00
0.132330,5.004057,0.505346,0.41628,10.00
0.132340,5.005126,0.501931,0.41633,10.00
0.132350,5.005971,0.498573,0.41648,10.00
0.132360,5.006407,0.495654,0.41702,10.00
0.132370,5.006724,0.493238,0.41740,10.00
0.132380,5.006940,0.491193,0.41769,10.00
0.132390,5.007070,0.489437,0.41792,10.00
0.132400,5.007131,0.487917,0.41810,10.00
0.132410,5.007142,0.486580,0.41823,10.00
0.132420,5.007097,0.485400,0.41835,10.00
0.132430,5.007002,0.484367,0.41846,10.00
0.132440,5.006865,0.483468,0.41855,10.00
0.132450,5.006619,0.482696,0.41864,10.00
0.132460,5.006061,0.482346,0.41907,10.00
0.132470,5.005501,0.482424,0.41931,10.00
0.132480,5.004955,0.482750,0.41943,10.00
0.132490,5.004431,0.483217,0.41948,10.00
0.132500,5.003687,0.483760,0.41949,10.00
0.132510,5.002019,0.485384,0.42071,10.00
0.132520,5.000465,0.488113,0.42127,10.00
0.132530,4.999057,0.491354,0.42145,10.00
0.132540,4.997808,0.494765,0.42142,10.00
0.132550,4.996911,0.498150,0.42127,10.00
0.132560,4.996914,0.500585,0.42010,10.00
0.132570,4.996997,0.501976,0.41941,10.00
0.132580,4.997125,0.502748,0.41901,10.00
0.132590,4.997277,0.503151,0.41878,10.00
0.132600,4.997392,0.503334,0.41865,10.00
0.132610,4.997323,0.503590,0.41882,10.00
0.132620,4.997269,0.503981,0.41889,10.00
0.132630,4.997236,0.504424,0.41891,10.00
0.132640,4.997223,0.504873,0.41891,10.00
0.132650,4.997220,0.505302,0.41889,10.00
0.132660,4.997196,0.505740,0.41891,10.00
0.132670,4.997193,0.506184,0.41891,10.00
0.132680,4.997210,0.506606,0.41889,10.00
0.132690,4.997244,0.506995,0.41886,10.00
0.132700,4.997420,0.507343,0.41883,10.00
0.132710,4.998098,0.507117,0.41817,10.00
0.132720,4.998744,0.506293,0.41784,10.00
0.132730,4.999340,0.505167,0.41771,10.00
0.132740,4.999879,0.503913,0.41768,10.00
0.132750,5.000417,0.502630,0.41772,10.00
0.132760,5.001123,0.501123,0.41749,10.00
0.132770,5.001752,0.499413,0.41743,10.00
0.132780,5.002299,0.497654,0.41746,10.00
0.132790,5.002764,0.495934,0.41755,10.00
0.132800,5.002749,0.494300,0.41766,10.00
0.132810,5.001100,0.494486,0.41980,10.00
0.132820,4.999523,0.496581,0.42088,10.00
0.132830,4.998078,0.499640,0.42135,10.00
0.132840,4.996790,0.503112,0.42147,10.00
0.132850,4.995992,0.506685,0.42140,10.00
0.132860,4.996620,0.508802,0.41959,10.00
0.132870,4.997293,0.509303,0.41860,10.00
0.132880,4.997959,0.508904,0.41807,10.00
0.132890,4.998590,0.508024,0.41782,10.00
0.132900,4.999077,0.506907,0.41772,10.00
0.132910,4.999143,0.506094,0.41819,10.00
0.132920,4.999183,0.505687,0.41846,10.00
0.132930,4.999212,0.505508,0.41861,10.00
0.132940,4.999236,0.505456,0.41869,10.00
0.132950,4.999235,0.505470,0.41874,10.00
0.132960,4.999142,0.505620,0.41888,10.00
0.132970,4.999061,0.505889,0.41895,10.00
0.132980,4.998993,0.506210,0.41897,10.00
0.132990,4.998941,0.506545,0.41897,10.00
0.133000,4.998930,0.506871,0.41895,10.00
0.133010,4.999035,0.507066,0.41880,10.00
0.133020,4.999144,0.507119,0.41872,10.00
0.133030,4.999253,0.507089,0.41867,10.00
0.133040,4.999358,0.507012,0.41865,10.00
0.133050,4.999374,0.506909,0.41864,10.00
0.133060,4.999055,0.507152,0.41907,10.00
0.133070,4.998759,0.507767,0.41927,10.00
0.133080,4.998498,0.508557,0.41935,10.00
0.133090,4.998276,0.509409,0.41936,10.00
0.133100,4.998288,0.510260,0.41934,10.00
0.133110,4.999095,0.510246,0.41831,10.00
0.133120,4.999872,0.509311,0.41778,10.00
0.133130,5.000588,0.507906,0.41755,10.00
0.133140,5.001231,0.506293,0.41749,10.00
0.133150,5.001688,0.504622,0.41752,10.00
0.133160,5.001649,0.503438,0.41814,10.00
0.133170,5.001573,0.502809,0.41850,10.00
0.133180,5.001478,0.502504,0.41871,10.00
0.133190,5.001375,0.502388,0.41882,10.00
0.133200,5.001227,0.502381,0.41889,10.00
0.133210,5.000915,0.502619,0.41914,10.00
0.133220,5.000622,0.503082,0.41925,10.00
0.133230,5.000355,0.503653,0.41929,10.00
0.133240,5.000116,0.504263,0.41929,10.00
0.133250,4.999895,0.504874,0.41927,10.00
0.133260,4.999660,0.505509,0.41929,10.00
0.133270,4.999456,0.506160,0.41927,10.00
0.133280,4.999282,0.506794,0.41924,10.00
0.133290,4.999137,0.507395,0.41920,10.00
0.133300,4.999276,0.507955,0.41915,10.00
0.133310,5.000439,0.507376,0.41781,10.00
0.133320,5.001535,0.505606,0.41715,10.00
0.133330,5.002529,0.503254,0.41689,10.00
0.133340,5.003404,0.500671,0.41684,10.00
0.133350,5.004088,0.498059,0.41692,10.00
0.133360,5.004385,0.495822,0.41740,10.00
0.133370,5.004591,0.494034,0.41774,10.00
0.133380,5.004725,0.492563,0.41797,10.00
0.133390,5.004798,0.491326,0.41815,10.00
0.133400,5.004856,0.490273,0.41829,10.00
0.133410,5.005013,0.489214,0.41821,10.00
0.133420,5.005119,0.488119,0.41822,10.00
0.133430,5.005177,0.487058,0.41826,10.00
0.133440,5.005188,0.486068,0.41833,10.00
0.133450,5.005244,0.485167,0.41840,10.00
0.133460,5.005607,0.483985,0.41803,10.00
0.133470,5.005905,0.482507,0.41788,10.00
0.133480,5.006131,0.480938,0.41787,10.00
0.133490,5.006286,0.479393,0.41792,10.00
0.133500,5.006286,0.477936,0.41801,10.00
0.133510,5.005889,0.476963,0.41855,10.00
0.133520,5.005464,0.476504,0.41886,10.00
0.133530,5.005029,0.476361,0.41904,10.00
0.133540,5.004595,0.476413,0.41913,10.00
0.133550,5.004078,0.476587,0.41918,10.00
0.133560,5.003214,0.477231,0.41967,10.00
0.133570,5.002397,0.478335,0.41989,10.00
0.133580,5.001641,0.479664,0.41996,10.00
0.133590,5.000951,0.481081,0.41995,10.00
0.133600,5.000456,0.482506,0.41989,10.00
0.133610,5.000518,0.483357,0.41917,10.00
0.133620,5.000600,0.483584,0.41878,10.00
0.133630,5.000683,0.483472,0.41857,10.00
0.133640,5.000754,0.483187,0.41847,10.00
0.133650,5.000779,0.482825,0.41843,10.00
0.133660,5.000667,0.482572,0.41858,10.00
0.133670,5.000547,0.482464,0.41867,10.00
0.133680,5.000426,0.482445,0.41872,10.00
0.133690,5.000306,0.482482,0.41875,10.00
0.133700,5.000108,0.482552,0.41876,10.00
0.133710,4.999597,0.482991,0.41918,10.00
0.133720,4.999119,0.483807,0.41938,10.00
0.133730,4.998685,0.484802,0.41945,10.00
0.133740,4.998301,0.485862,0.41944,10.00
0.133750,4.997820,0.486920,0.41940,10.00
0.133760,4.996819,0.488563,0.42008,10.00
0.133770,4.995915,0.490801,0.42036,10.00
0.133780,4.995124,0.493277,0.42042,10.00
0.133790,4.994451,0.495789,0.42036,10.00
0.133800,4.994094,0.498223,0.42023,10.00
0.133810,4.994631,0.499661,0.41905,10.00
0.133820,4.995199,0.500032,0.41840,10.00
0.133830,4.995764,0.499802,0.41806,10.00
0.133840,4.996306,0.499242,0.41789,10.00
0.133850,4.996473,0.498512,0.41783,10.00
0.133860,4.995271,0.499163,0.41955,10.00
0.133870,4.994148,0.501317,0.42040,10.00
0.133880,4.993150,0.504197,0.42075,10.00
0.133890,4.992296,0.507354,0.42081,10.00
0.133900,4.991809,0.510532,0.42072,10.00
0.133910,4.992317,0.512662,0.41945,10.00
0.133920,4.992885,0.513624,0.41873,10.00
0.133930,4.993474,0.513900,0.41832,10.00
0.133940,4.994061,0.513773,0.41810,10.00
0.133950,4.994794,0.513413,0.41800,10.00
0.133960,4.996131,0.512235,0.41714,10.00
0.133970,4.997386,0.510267,0.41675,10.00
0.133980,4.998533,0.507926,0.41663,10.00
0.133990,4.999566,0.505454,0.41665,10.00
0.134000,5.000353,0.502990,0.41676,10.00
0.134010,5.000532,0.501153,0.41755,10.00
0.134020,5.000647,0.500010,0.41802,10.00
0.134030,5.000722,0.499281,0.41830,10.00
0.134040,5.000770,0.498800,0.41847,10.00
0.134050,5.000788,0.498472,0.41857,10.00
0.134060,5.000745,0.498290,0.41870,10.00
0.134070,5.000698,0.498224,0.41877,10.00
0.134080,5.000649,0.498223,0.41881,10.00
0.134090,5.000602,0.498259,0.41883,10.00
0.134100,5.000589,0.498314,0.41884,10.00
0.134110,5.000705,0.498241,0.41868,10.00
0.134120,5.000812,0.498028,0.41860,10.00
0.134130,5.000907,0.497749,0.41857,10.00
0.134140,5.000988,0.497444,0.41856,10.00
0.134150,5.000935,0.497137,0.41857,10.00
0.134160,5.000400,0.497353,0.41919,10.00
0.134170,4.999894,0.498122,0.41950,10.00
0.134180,4.999434,0.499164,0.41963,10.00
0.134190,4.999026,0.500317,0.41965,10.00
0.134200,4.998779,0.501488,0.41962,10.00
0.134210,4.998998,0.502174,0.41902,10.00
0.134220,4.999230,0.502327,0.41870,10.00
0.134230,4.999460,0.502183,0.41852,10.00
0.134240,4.999678,0.501880,0.41844,10.00
0.134250,4.999853,0.501498,0.41841,10.00
0.134260,4.999910,0.501193,0.41854,10.00
0.134270,4.999957,0.500996,0.41861,10.00
0.134280,4.999996,0.500863,0.41866,10.00
0.134290,5.000030,0.500768,0.41868,10.00
0.134300,4.999931,0.500695,0.41870,10.00
0.134310,4.999324,0.501188,0.41937,10.00
0.134320,4.998759,0.502267,0.41969,10.00
0.134330,4.998255,0.503622,0.41981,10.00
0.134340,4.997817,0.505076,0.41982,10.00
0.134350,4.997603,0.506526,0.41976,10.00
0.134360,4.998059,0.507256,0.41890,10.00
0.134370,4.998523,0.507205,0.41843,10.00
0.134380,4.998971,0.506727,0.41819,10.00
0.134390,4.999388,0.506029,0.41809,10.00
0.134400,4.999735,0.505231,0.41806,10.00
0.134410,4.999912,0.504544,0.41825,10.00
0.134420,5.000062,0.504017,0.41837,10.00
0.134430,5.000191,0.503592,0.41845,10.00
0.134440,5.000301,0.503235,0.41851,10.00
0.134450,5.000261,0.502925,0.41855,10.00
0.134460,4.999681,0.503227,0.41926,10.00
0.134470,4.999137,0.504160,0.41962,10.00
0.134480,4.998646,0.505398,0.41976,10.00
0.134490,4.998217,0.506756,0.41978,10.00
0.134500,4.997933,0.508125,0.41974,10.00
0.134510,4.998025,0.509105,0.41926,10.00
0.134520,4.998147,0.509648,0.41898,10.00
0.134530,4.998286,0.509929,0.41882,10.00
0.134540,4.998433,0.510050,0.41872,10.00
0.134550,4.998678,0.510074,0.41867,10.00
0.134560,4.999298,0.509627,0.41815,10.00
0.134570,4.999881,0.508711,0.41790,10.00
0.134580,5.000413,0.507569,0.41781,10.00
0.134590,5.000889,0.506342,0.41781,10.00
0.134600,5.001342,0.505109,0.41786,10.00
0.134610,5.001883,0.503759,0.41774,10.00
0.134620,5.002357,0.502309,0.41773,10.00
0.134630,5.002762,0.500857,0.41778,10.00
0.134640,5.003102,0.499459,0.41786,10.00
0.134650,5.003487,0.498145,0.41796,10.00
0.134660,5.004237,0.496466,0.41751,10.00
0.134670,5.004897,0.494405,0.41734,10.00
0.134680,5.005455,0.492219,0.41734,10.00
0.134690,5.005913,0.490055,0.41742,10.00
0.134700,5.006077,0.487992,0.41754,10.00
0.134710,5.005390,0.486903,0.41867,10.00
0.134720,5.004687,0.486845,0.41929,10.00
0.134730,5.004001,0.487363,0.41960,10.00
0.134740,5.003351,0.488187,0.41974,10.00
0.134750,5.002919,0.489163,0.41978,10.00
0.134760,5.003208,0.489462,0.41890,10.00
0.134770,5.003486,0.488997,0.41844,10.00
0.134780,5.003730,0.488146,0.41822,10.00
0.134790,5.003930,0.487128,0.41815,10.00
0.134800,5.004051,0.486066,0.41815,10.00
0.134810,5.004009,0.485157,0.41834,10.00
0.134820,5.003931,0.484443,0.41847,10.00
0.134830,5.003825,0.483873,0.41857,10.00
0.134840,5.003697,0.483414,0.41864,10.00
0.134850,5.003680,0.483044,0.41870,10.00
0.134860,5.004153,0.482198,0.41809,10.00
0.134870,5.004569,0.480840,0.41781,10.00
0.134880,5.004915,0.479267,0.41773,10.00
0.134890,5.005187,0.477648,0.41774,10.00
0.134900,5.005545,0.476077,0.41782,10.00
0.134910,5.006453,0.473926,0.41711,10.00
0.134920,5.007243,0.471187,0.41684,10.00
0.134930,5.007898,0.468248,0.41680,10.00
0.134940,5.008416,0.465327,0.41690,10.00
0.134950,5.008396,0.462544,0.41707,10.00
0.134960,5.006670,0.461692,0.41931,10.00
0.134970,5.004973,0.462881,0.42049,10.00
0.134980,5.003370,0.465157,0.42104,10.00
0.134990,5.001894,0.467963,0.42124,10.00
0.135000,5.000492,0.470976,0.42123,10.00
0.135010,4.998980,0.474288,0.42145,10.00
0.135020,4.997631,0.477806,0.42143,10.00
0.135030,4.996449,0.481318,0.42129,10.00
0.135040,4.995428,0.484706,0.42109,10.00
0.135050,4.994666,0.487906,0.42085,10.00
0.135060,4.994459,0.490437,0.42008,10.00
0.135070,4.994347,0.492266,0.41959,10.00
0.135080,4.994305,0.493641,0.41928,10.00
0.135090,4.994317,0.494711,0.41906,10.00
0.135100,4.994210,0.495567,0.41892,10.00
0.135110,4.993506,0.496955,0.41963,10.00
0.135120,4.992886,0.498942,0.41993,10.00
0.135130,4.992366,0.501169,0.42001,10.00
0.135140,4.991952,0.503430,0.41997,10.00
0.135150,4.991912,0.505612,0.41986,10.00
0.135160,4.993030,0.506495,0.41834,10.00
0.135170,4.994142,0.505994,0.41754,10.00
0.135180,4.995204,0.504745,0.41715,10.00
0.135190,4.996194,0.503116,0.41700,10.00
0.135200,4.996940,0.501325,0.41698,10.00
0.135210,4.996979,0.500176,0.41785,10.00
0.135220,4.996988,0.499771,0.41833,10.00
0.135230,4.996990,0.499773,0.41859,10.00
0.135240,4.996999,0.499986,0.41872,10.00
0.135250,4.996884,0.500297,0.41878,10.00
0.135260,4.996257,0.501218,0.41948,10.00
0.135270,4.995692,0.502741,0.41980,10.00
0.135280,4.995207,0.504524,0.41990,10.00
0.135290,4.994807,0.506374,0.41989,10.00
0.135300,4.994642,0.508181,0.41981,10.00
0.135310,4.995139,0.509252,0.41894,10.00
0.135320,4.995659,0.509526,0.41846,10.00
0.135330,4.996175,0.509344,0.41821,10.00
0.135340,4.996674,0.508908,0.41808,10.00
0.135350,4.997265,0.508336,0.41803,10.00
0.135360,4.998292,0.507190,0.41743,10.00
0.135370,4.999246,0.505486,0.41716,10.00
0.135380,5.000110,0.503533,0.41709,10.00
0.135390,5.000879,0.501507,0.41713,10.00
0.135400,5.001479,0.499509,0.41723,10.00
0.135410,5.001698,0.497911,0.41773,10.00
0.135420,5.001857,0.496757,0.41804,10.00
0.135430,5.001971,0.495886,0.41824,10.00
0.135440,5.002050,0.495200,0.41838,10.00
0.135450,5.001933,0.494642,0.41847,10.00
0.135460,5.001140,0.494893,0.41939,10.00
0.135470,5.000385,0.495963,0.41985,10.00
0.135480,4.999695,0.497441,0.42004,10.00
0.135490,4.999080,0.499089,0.42008,10.00
0.135500,4.998543,0.500769,0.42003,10.00
0.135510,4.998079,0.502412,0.41995,10.00
0.135520,4.997689,0.503974,0.41985,10.00
0.135530,4.997369,0.505433,0.41974,10.00
0.135540,4.997113,0.506778,0.41962,10.00
0.135550,4.997061,0.508005,0.41951,10.00
0.135560,4.997625,0.508500,0.41868,10.00
0.135570,4.998187,0.508240,0.41824,10.00
0.135580,4.998722,0.507572,0.41802,10.00
0.135590,4.999218,0.506697,0.41794,10.00
0.135600,4.999659,0.505736,0.41793,10.00
0.135610,5.000013,0.504799,0.41801,10.00
0.135620,5.000325,0.503929,0.41809,10.00
0.135630,5.000598,0.503122,0.41816,10.00
0.135640,5.000834,0.502376,0.41822,10.00
0.135650,5.001006,0.501687,0.41829,10.00
0.135660,5.001023,0.501187,0.41850,10.00
0.135670,5.001024,0.500881,0.41863,10.00
0.135680,5.001014,0.500690,0.41871,10.00
0.135690,5.000998,0.500569,0.41875,10.00
0.135700,5.000891,0.500492,0.41878,10.00
0.135710,5.000446,0.500809,0.41923,10.00
0.135720,5.000029,0.501527,0.41945,10.00
0.135730,4.999652,0.502438,0.41953,10.00
0.135740,4.999320,0.503420,0.41954,10.00
0.135750,4.999077,0.504404,0.41950,10.00
0.135760,4.999040,0.505174,0.41924,10.00
0.135770,4.999032,0.505702,0.41907,10.00
0.135780,4.999043,0.506076,0.41897,10.00
0.135790,4.999068,0.506350,0.41890,10.00
0.135800,4.999145,0.506555,0.41885,10.00
0.135810,4.999392,0.506533,0.41861,10.00
0.135820,4.999631,0.506290,0.41849,10.00
0.135830,4.999854,0.505930,0.41844,10.00
0.135840,5.000058,0.505517,0.41842,10.00
0.135850,5.000366,0.505087,0.41843,10.00
0.135860,5.001136,0.504132,0.41782,10.00
0.135870,5.001843,0.502640,0.41755,10.00
0.135880,5.002472,0.500911,0.41747,10.00
0.135890,5.003018,0.499115,0.41750,10.00
0.135900,5.003280,0.497352,0.41758,10.00
0.135910,5.002685,0.496523,0.41869,10.00
0.135920,5.002085,0.496696,0.41929,10.00
0.135930,5.001511,0.497411,0.41959,10.00
0.135940,5.000981,0.498399,0.41971,10.00
0.135950,5.000545,0.499505,0.41974,10.00
0.135960,5.000333,0.500452,0.41949,10.00
0.135970,5.000158,0.501181,0.41932,10.00
0.135980,5.000013,0.501767,0.41921,10.00
0.135990,4.999893,0.502255,0.41913,10.00
0.136000,4.999886,0.502673,0.41907,10.00
0.136010,5.000259,0.502642,0.41856,10.00
0.136020,5.000615,0.502154,0.41830,10.00
0.136030,5.000940,0.501437,0.41819,10.00
0.136040,5.001228,0.500620,0.41815,10.00
0.136050,5.001458,0.499779,0.41817,10.00
0.136060,5.001578,0.499037,0.41830,10.00
0.136070,5.001666,0.498419,0.41840,10.00
0.136080,5.001728,0.497894,0.41847,10.00
0.136090,5.001769,0.497441,0.41853,10.00
0.136100,5.001708,0.497048,0.41858,10.00
0.136110,5.001313,0.497053,0.41903,10.00
0.136120,5.000932,0.497466,0.41926,10.00
0.136130,5.000577,0.498090,0.41936,10.00
0.136140,5.000255,0.498808,0.41939,10.00
0.136150,4.999953,0.499555,0.41937,10.00
0.136160,4.999625,0.500358,0.41942,10.00
0.136170,4.999336,0.501200,0.41941,10.00
0.136180,4.999087,0.502032,0.41937,10.00
0.136190,4.998875,0.502828,0.41932,10.00
0.136200,4.998654,0.503575,0.41926,10.00
0.136210,4.998288,0.504461,0.41944,10.00
0.136220,4.997969,0.505492,0.41949,10.00
0.136230,4.997699,0.506561,0.41948,10.00
0.136240,4.997478,0.507606,0.41943,10.00
0.136250,4.997443,0.508597,0.41937,10.00
0.136260,4.997993,0.508922,0.41859,10.00
0.136270,4.998535,0.508550,0.41819,10.00
0.136280,4.999046,0.507805,0.41800,10.00
0.136290,4.999516,0.506879,0.41793,10.00
0.136300,4.999875,0.505884,0.41793,10.00
0.136310,4.999935,0.505156,0.41829,10.00
0.136320,4.999972,0.504746,0.41850,10.00
0.136330,4.999995,0.504519,0.41862,10.00
0.136340,5.000010,0.504398,0.41869,10.00
0.136350,5.000320,0.504337,0.41873,10.00
0.136360,5.001789,0.503040,0.41725,10.00
0.136370,5.003154,0.500432,0.41655,10.00
0.136380,5.004375,0.497210,0.41629,10.00
0.136390,5.005437,0.493775,0.41628,10.00
0.136400,5.006162,0.490354,0.41641,10.00
0.136410,5.006043,0.487827,0.41750,10.00
0.136420,5.005839,0.486294,0.41815,10.00
0.136430,5.005584,0.485369,0.41854,10.00
0.136440,5.005299,0.484822,0.41877,10.00
0.136450,5.004892,0.484515,0.41891,10.00
0.136460,5.004067,0.484814,0.41953,10.00
0.136470,5.003275,0.485690,0.41983,10.00
0.136480,5.002536,0.486860,0.41995,10.00
0.136490,5.001858,0.488161,0.41997,10.00
0.136500,5.001278,0.489498,0.41993,10.00
0.136510,5.000900,0.490664,0.41968,10.00
0.136520,5.000571,0.491621,0.41951,10.00
0.136530,5.000282,0.492438,0.41939,10.00
0.136540,5.000029,0.493154,0.41930,10.00
0.136550,4.999841,0.493795,0.41922,10.00
0.136560,4.999810,0.494232,0.41899,10.00
0.136570,4.999794,0.494471,0.41886,10.00
0.136580,4.999785,0.494594,0.41879,10.00
0.136590,4.999780,0.494653,0.41874,10.00
0.136600,4.999691,0.494675,0.41872,10.00
0.136610,4.999273,0.495040,0.41914,10.00
0.136620,4.998884,0.495773,0.41933,10.00
0.136630,4.998535,0.496680,0.41941,10.00
0.136640,4.998232,0.497648,0.41941,10.00
0.136650,4.997965,0.498612,0.41937,10.00
0.136660,4.997710,0.499574,0.41936,10.00
0.136670,4.997499,0.500514,0.41932,10.00
0.136680,4.997331,0.501406,0.41926,10.00
0.136690,4.997202,0.502234,0.41919,10.00
0.136700,4.997412,0.502993,0.41913,10.00
0.136710,4.998828,0.502396,0.41755,10.00
0.136720,5.000170,0.500384,0.41676,10.00
0.136730,5.001392,0.497675,0.41644,10.00
0.136740,5.002478,0.494682,0.41639,10.00
0.136750,5.003126,0.491643,0.41647,10.00
0.136760,5.002483,0.489949,0.41812,10.00
0.136770,5.001809,0.489730,0.41903,10.00
0.136780,5.001153,0.490325,0.41949,10.00
0.136790,5.000539,0.491345,0.41971,10.00
0.136800,4.999993,0.492564,0.41978,10.00
0.136810,4.999554,0.493800,0.41971,10.00
0.136820,4.999171,0.494977,0.41962,10.00
0.136830,4.998842,0.496081,0.41954,10.00
0.136840,4.998562,0.497107,0.41945,10.00
0.136850,4.998583,0.498053,0.41937,10.00
0.136860,4.999637,0.497835,0.41800,10.00
0.136870,5.000641,0.496405,0.41732,10.00
0.136880,5.001558,0.494369,0.41703,10.00
0.136890,5.002370,0.492079,0.41696,10.00
0.136900,5.002776,0.489735,0.41701,10.00
0.136910,5.001924,0.488709,0.41862,10.00
0.136920,5.001071,0.489120,0.41948,10.00
0.136930,5.000263,0.490302,0.41989,10.00
0.136940,4.999525,0.491863,0.42006,10.00
0.136950,4.999049,0.493578,0.42009,10.00
0.136960,4.999373,0.494533,0.41911,10.00
0.136970,4.999713,0.494618,0.41857,10.00
0.136980,5.000041,0.494230,0.41830,10.00
0.136990,5.000343,0.493600,0.41817,10.00
0.137000,5.000828,0.492862,0.41813,10.00
0.137010,5.002117,0.491175,0.41705,10.00
0.137020,5.003295,0.488539,0.41657,10.00
0.137030,5.004335,0.485488,0.41643,10.00
0.137040,5.005228,0.482330,0.41647,10.00
0.137050,5.005772,0.479235,0.41662,10.00
0.137060,5.005382,0.477165,0.41784,10.00
0.137070,5.004933,0.476209,0.41854,10.00
0.137080,5.004462,0.475906,0.41893,10.00
0.137090,5.003990,0.475983,0.41914,10.00
0.137100,5.003440,0.476279,0.41925,10.00
0.137110,5.002557,0.477083,0.41975,10.00
0.137120,5.001728,0.478357,0.41998,10.00
0.137130,5.000968,0.479851,0.42004,10.00
0.137140,5.000281,0.481422,0.42002,10.00
0.137150,4.999486,0.482987,0.41995,10.00
0.137160,4.998055,0.485276,0.42078,10.00
0.137170,4.996756,0.488300,0.42111,10.00
0.137180,4.995609,0.491614,0.42116,10.00
0.137190,4.994619,0.494965,0.42107,10.00
0.137200,4.994063,0.498212,0.42089,10.00
0.137210,4.994741,0.500087,0.41926,10.00
0.137220,4.995459,0.500498,0.41837,10.00
0.137230,4.996167,0.500091,0.41789,10.00
0.137240,4.996841,0.499243,0.41767,10.00
0.137250,4.997285,0.498177,0.41759,10.00
0.137260,4.996968,0.497794,0.41851,10.00
0.137270,4.996658,0.498206,0.41899,10.00
0.137280,4.996381,0.499024,0.41921,10.00
0.137290,4.996147,0.500025,0.41930,10.00
0.137300,4.996212,0.501081,0.41930,10.00
0.137310,4.997299,0.501053,0.41800,10.00
0.137320,4.998346,0.499853,0.41734,10.00
0.137330,4.999316,0.498053,0.41705,10.00
0.137340,5.000191,0.495987,0.41697,10.00
0.137350,5.000779,0.493844,0.41701,10.00
0.137360,5.000542,0.492529,0.41805,10.00
0.137370,5.000272,0.492138,0.41863,10.00
0.137380,5.000001,0.492262,0.41894,10.00
0.137390,4.999746,0.492660,0.41909,10.00
0.137400,4.999625,0.493193,0.41915,10.00
0.137410,4.999964,0.493306,0.41860,10.00
0.137420,5.000293,0.492931,0.41832,10.00
0.137430,5.000595,0.492305,0.41819,10.00
0.137440,5.000865,0.491566,0.41815,10.00
0.137450,5.001042,0.490793,0.41816,10.00
0.137460,5.000964,0.490271,0.41847,10.00
0.137470,5.000871,0.490036,0.41865,10.00
0.137480,5.000773,0.489968,0.41876,10.00
0.137490,5.000674,0.489994,0.41881,10.00
0.137500,5.000579,0.490074,0.41884,10.00
0.137510,5.000488,0.490184,0.41885,10.00
0.137520,5.000403,0.490308,0.41885,10.00
0.137530,5.000323,0.490438,0.41885,10.00
0.137540,5.000251,0.490569,0.41884,10.00
0.137550,5.000133,0.490697,0.41883,10.00
0.137560,4.999824,0.491038,0.41908,10.00
0.137570,4.999538,0.491599,0.41919,10.00
0.137580,4.999282,0.492261,0.41923,10.00
0.137590,4.999058,0.492953,0.41922,10.00
0.137600,4.998818,0.493637,0.41919,10.00
0.137610,4.998422,0.494495,0.41940,10.00
0.137620,4.998072,0.495526,0.41946,10.00
0.137630,4.997772,0.496611,0.41946,10.00
0.137640,4.997523,0.497682,0.41942,10.00
0.137650,4.997353,0.498703,0.41935,10.00
0.137660,4.997348,0.499523,0.41913,10.00
0.137670,4.997375,0.500127,0.41898,10.00
0.137680,4.997425,0.500585,0.41888,10.00
0.137690,4.997492,0.500941,0.41881,10.00
0.137700,4.997524,0.501222,0.41876,10.00
0.137710,4.997375,0.501653,0.41898,10.00
0.137720,4.997251,0.502257,0.41907,10.00
0.137730,4.997157,0.502925,0.41909,10.00
0.137740,4.997094,0.503595,0.41907,10.00
0.137750,4.996956,0.504233,0.41904,10.00
0.137760,4.996435,0.505272,0.41953,10.00
0.137770,4.995976,0.506724,0.41974,10.00
0.137780,4.995590,0.508338,0.41979,10.00
0.137790,4.995280,0.509970,0.41975,10.00
0.137800,4.995192,0.511540,0.41967,10.00
0.137810,4.995751,0.512377,0.41881,10.00
0.137820,4.996322,0.512431,0.41835,10.00
0.137830,4.996880,0.512045,0.41811,10.00
0.137840,4.997411,0.511420,0.41800,10.00
0.137850,4.997758,0.510676,0.41797,10.00
0.137860,4.997486,0.510519,0.41874,10.00
0.137870,4.997227,0.511019,0.41913,10.00
0.137880,4.997001,0.511847,0.41931,10.00
0.137890,4.996819,0.512811,0.41936,10.00
0.137900,4.996713,0.513805,0.41936,10.00
0.137910,4.996771,0.514636,0.41916,10.00
0.137920,4.996861,0.515267,0.41902,10.00
0.137930,4.996975,0.515755,0.41893,10.00
0.137940,4.997108,0.516136,0.41886,10.00
0.137950,4.997232,0.516433,0.41881,10.00
0.137960,4.997276,0.516760,0.41889,10.00
0.137970,4.997337,0.517134,0.41891,10.00
0.137980,4.997414,0.517507,0.41891,10.00
0.137990,4.997508,0.517856,0.41889,10.00
0.138000,4.997892,0.518166,0.41887,10.00
0.138010,4.999364,0.517257,0.41745,10.00
0.138020,5.000750,0.515074,0.41676,10.00
0.138030,5.002012,0.512269,0.41650,10.00
0.138040,5.003133,0.509223,0.41647,10.00
0.138050,5.003805,0.506152,0.41657,10.00
0.138060,5.003152,0.504473,0.41827,10.00
0.138070,5.002470,0.504313,0.41920,10.00
0.138080,5.001808,0.504983,0.41967,10.00
0.138090,5.001192,0.506083,0.41989,10.00
0.138100,5.000727,0.507378,0.41996,10.00
0.138110,5.000682,0.508346,0.41948,10.00
0.138120,5.000668,0.508890,0.41920,10.00
0.138130,5.000673,0.509186,0.41903,10.00
0.138140,5.000686,0.509336,0.41894,10.00
0.138150,5.001073,0.509401,0.41888,10.00
0.138160,5.002901,0.507842,0.41698,10.00
0.138170,5.004599,0.504609,0.41608,10.00
0.138180,5.006120,0.500587,0.41575,10.00
0.138190,5.007442,0.496287,0.41573,10.00
0.138200,5.008440,0.491999,0.41589,10.00
0.138210,5.008769,0.488405,0.41675,10.00
0.138220,5.008956,0.485612,0.41732,10.00
0.138230,5.009031,0.483371,0.41772,10.00
0.138240,5.009015,0.481533,0.41801,10.00
0.138250,5.009033,0.480000,0.41822,10.00
0.138260,5.009409,0.478252,0.41785,10.00
0.138270,5.009695,0.476227,0.41773,10.00
0.138280,5.009886,0.474149,0.41775,10.00
0.138290,5.009983,0.472146,0.41784,10.00
0.138300,5.009713,0.470282,0.41796,10.00
0.138310,5.008276,0.469778,0.41951,10.00
0.138320,5.006865,0.470702,0.42032,10.00
0.138330,5.005525,0.472393,0.42069,10.00
0.138340,5.004279,0.474465,0.42082,10.00
0.138350,5.003000,0.476691,0.42081,10.00
0.138360,5.001293,0.479528,0.42141,10.00
0.138370,4.999740,0.482926,0.42161,10.00
0.138380,4.998354,0.486519,0.42159,10.00
0.138390,4.997138,0.490098,0.42144,10.00
0.138400,4.996371,0.493546,0.42123,10.00
0.138410,4.996868,0.495589,0.41955,10.00
0.138420,4.997412,0.496138,0.41862,10.00
0.138430,4.997954,0.495857,0.41813,10.00
0.138440,4.998467,0.495132,0.41789,10.00
0.138450,4.998644,0.494188,0.41780,10.00
0.138460,4.997626,0.494411,0.41928,10.00
0.138470,4.996662,0.495935,0.42002,10.00
0.138480,4.995790,0.498105,0.42034,10.00
0.138490,4.995029,0.500541,0.42042,10.00
0.138500,4.994408,0.503028,0.42036,10.00
0.138510,4.993992,0.505344,0.42012,10.00
0.138520,4.993676,0.507419,0.41991,10.00
0.138530,4.993450,0.509277,0.41972,10.00
0.138540,4.993304,0.510936,0.41956,10.00
0.138550,4.993273,0.512412,0.41941,10.00
0.138560,4.993474,0.513533,0.41906,10.00
0.138570,4.993715,0.514302,0.41883,10.00
0.138580,4.993984,0.514836,0.41869,10.00
0.138590,4.994271,0.515205,0.41859,10.00
0.138600,4.994664,0.515454,0.41853,10.00
0.138610,4.995434,0.515206,0.41801,10.00
0.138620,4.996175,0.514463,0.41775,10.00
0.138630,4.996872,0.513463,0.41765,10.00
0.138640,4.997516,0.512344,0.41763,10.00
0.138650,4.998026,0.511189,0.41767,10.00
0.138660,4.998173,0.510380,0.41813,10.00
0.138670,4.998294,0.509962,0.41839,10.00
0.138680,4.998402,0.509760,0.41854,10.00
0.138690,4.998504,0.509676,0.41862,10.00
0.138700,4.998737,0.509650,0.41866,10.00
0.138710,4.999492,0.509080,0.41801,10.00
0.138720,5.000199,0.507920,0.41770,10.00
0.138730,5.000842,0.506477,0.41758,10.00
0.138740,5.001414,0.504929,0.41758,10.00
0.138750,5.002089,0.503378,0.41764,10.00
0.138760,5.003382,0.501126,0.41683,10.00
0.138770,5.004545,0.498171,0.41651,10.00
0.138780,5.005560,0.494944,0.41646,10.00
0.138790,5.006423,0.491693,0.41655,10.00
0.138800,5.006954,0.488555,0.41673,10.00
0.138810,5.006635,0.486381,0.41786,10.00
0.138820,5.006249,0.485241,0.41852,10.00
0.138830,5.005831,0.484720,0.41889,10.00
0.138840,5.005402,0.484568,0.41911,10.00
0.138850,5.005025,0.484639,0.41922,10.00
0.138860,5.004852,0.484632,0.41902,10.00
0.138870,5.004675,0.484483,0.41893,10.00
0.138880,5.004490,0.484278,0.41888,10.00
0.138890,5.004296,0.484065,0.41887,10.00
0.138900,5.003990,0.483870,0.41887,10.00
0.138910,5.003273,0.484149,0.41941,10.00
0.138920,5.002586,0.484926,0.41967,10.00
0.138930,5.001945,0.485958,0.41978,10.00
0.138940,5.001358,0.487103,0.41979,10.00
0.138950,5.000777,0.488277,0.41975,10.00
0.138960,5.000064,0.489638,0.41994,10.00
0.138970,4.999421,0.491171,0.41998,10.00
0.138980,4.998852,0.492746,0.41994,10.00
0.138990,4.998356,0.494291,0.41986,10.00
0.139000,4.997749,0.495764,0.41976,10.00
0.139010,4.996501,0.497920,0.42058,10.00
0.139020,4.995378,0.500786,0.42091,10.00
0.139030,4.994398,0.503927,0.42096,10.00
0.139040,4.993567,0.507098,0.42087,10.00
0.139050,4.992927,0.510160,0.42071,10.00
0.139060,4.992604,0.512844,0.42027,10.00
0.139070,4.992393,0.515105,0.41994,10.00
0.139080,4.992275,0.517038,0.41969,10.00
0.139090,4.992239,0.518704,0.41949,10.00
0.139100,4.992465,0.520146,0.41932,10.00
0.139110,4.993500,0.520574,0.41821,10.00
0.139120,4.994519,0.519971,0.41762,10.00
0.139130,4.995490,0.518811,0.41735,10.00
0.139140,4.996395,0.517371,0.41725,10.00
0.139150,4.997156,0.515814,0.41726,10.00
0.139160,4.997563,0.514539,0.41768,10.00
0.139170,4.997920,0.513612,0.41794,10.00
0.139180,4.998240,0.512897,0.41811,10.00
0.139190,4.998529,0.512311,0.41822,10.00
0.139200,4.998743,0.511806,0.41830,10.00
0.139210,4.998738,0.511570,0.41861,10.00
0.139220,4.998731,0.511597,0.41877,10.00
0.139230,4.998729,0.511757,0.41885,10.00
0.139240,4.998736,0.511978,0.41889,10.00
0.139250,4.998734,0.512218,0.41890,10.00
0.139260,4.998666,0.512536,0.41899,10.00
0.139270,4.998615,0.512925,0.41902,10.00
0.139280,4.998583,0.513332,0.41903,10.00
0.139290,4.998569,0.513727,0.41901,10.00
0.139300,4.998586,0.514095,0.41899,10.00
0.139310,4.998672,0.514370,0.41889,10.00
0.139320,4.998768,0.514546,0.41883,10.00
0.139330,4.998869,0.514656,0.41879,10.00
0.139340,4.998974,0.514718,0.41876,10.00
0.139350,4.999099,0.514747,0.41875,10.00
0.139360,4.999303,0.514666,0.41864,10.00
0.139370,4.999498,0.514475,0.41858,10.00
0.139380,4.999683,0.514227,0.41856,10.00
0.139390,4.999854,0.513952,0.41856,10.00
0.139400,5.000029,0.513667,0.41857,10.00
0.139410,5.000255,0.513311,0.41850,10.00
0.139420,5.000461,0.512888,0.41847,10.00
0.139430,5.000647,0.512440,0.41848,10.00
0.139440,5.000812,0.511992,0.41850,10.00
0.139450,5.001339,0.511559,0.41852,10.00
0.139460,5.003342,0.509513,0.41661,10.00
0.139470,5.005192,0.505781,0.41572,10.00
0.139480,5.006841,0.501274,0.41541,10.00
0.139490,5.008270,0.496516,0.41543,10.00
0.139500,5.009003,0.491802,0.41562,10.00
0.139510,5.007679,0.489312,0.41828,10.00
0.139520,5.006319,0.489226,0.41973,10.00
0.139530,5.005000,0.490463,0.42047,10.00
0.139540,5.003763,0.492390,0.42080,10.00
0.139550,5.002934,0.494639,0.42089,10.00
0.139560,5.003404,0.495697,0.41932,10.00
0.139570,5.003879,0.495381,0.41848,10.00
0.139580,5.004316,0.494344,0.41806,10.00
0.139590,5.004693,0.492965,0.41789,10.00
0.139600,5.004800,0.491462,0.41786,10.00
0.139610,5.004046,0.490822,0.41893,10.00
0.139620,5.003295,0.491153,0.41950,10.00
0.139630,5.002578,0.492011,0.41977,10.00
0.139640,5.001911,0.493134,0.41988,10.00
0.139650,5.001439,0.494372,0.41989,10.00
0.139660,5.001559,0.495053,0.41916,10.00
0.139670,5.001691,0.495101,0.41877,10.00
0.139680,5.001815,0.494812,0.41856,10.00
0.139690,5.001919,0.494357,0.41847,10.00
0.139700,5.001931,0.493834,0.41845,10.00
0.139710,5.001644,0.493600,0.41881,10.00
0.139720,5.001358,0.493699,0.41900,10.00
0.139730,5.001083,0.493981,0.41910,10.00
0.139740,5.000825,0.494358,0.41913,10.00
0.139750,5.000596,0.494779,0.41914,10.00
0.139760,5.000427,0.495171,0.41908,10.00
0.139770,5.000275,0.495515,0.41903,10.00
0.139780,5.000138,0.495825,0.41899,10.00
0.139790,5.000015,0.496108,0.41896,10.00
0.139800,5.000188,0.496369,0.41894,10.00
0.139810,5.001475,0.495407,0.41749,10.00
0.139820,5.002674,0.493166,0.41679,10.00
0.139830,5.003748,0.490318,0.41652,10.00
0.139840,5.004680,0.487250,0.41650,10.00
0.139850,5.005060,0.484181,0.41660,10.00
0.139860,5.003711,0.482971,0.41884,10.00
0.139870,5.002372,0.483766,0.42002,10.00
0.139880,5.001107,0.485630,0.42058,10.00
0.139890,4.999947,0.488019,0.42080,10.00
0.139900,4.999110,0.490615,0.42082,10.00
0.139910,4.999178,0.492380,0.41972,10.00
0.139920,4.999299,0.493174,0.41909,10.00
0.139930,4.999438,0.493416,0.41875,10.00
0.139940,4.999579,0.493353,0.41856,10.00
0.139950,4.999666,0.493128,0.41847,10.00
0.139960,4.999561,0.493020,0.41867,10.00
0.139970,4.999457,0.493086,0.41877,10.00
0.139980,4.999359,0.493245,0.41882,10.00
0.139990,4.999270,0.493449,0.41884,10.00
0.140000,4.999276,0.493673,0.41885,10.00
0.140010,4.999623,0.493537,0.41841,10.00
0.140020,4.999952,0.493016,0.41820,10.00
0.140030,5.000249,0.492306,0.41811,10.00
0.140040,5.000511,0.491521,0.41809,10.00
0.140050,5.000957,0.490725,0.41811,10.00
0.140060,5.002228,0.489011,0.41703,10.00
0.140070,5.003388,0.486355,0.41656,10.00
0.140080,5.004410,0.483290,0.41642,10.00
0.140090,5.005284,0.480122,0.41646,10.00
0.140100,5.005663,0.477022,0.41661,10.00
0.140110,5.004544,0.475569,0.41856,10.00
0.140120,5.003417,0.475880,0.41961,10.00
0.140130,5.002337,0.477149,0.42013,10.00
0.140140,5.001334,0.478907,0.42035,10.00
0.140150,5.000571,0.480879,0.42040,10.00
0.140160,5.000488,0.482270,0.41959,10.00
0.140170,5.000447,0.482960,0.41913,10.00
0.140180,5.000427,0.483254,0.41887,10.00
0.140190,5.000413,0.483328,0.41873,10.00
0.140200,5.000405,0.483287,0.41865,10.00
0.140210,5.000419,0.483162,0.41859,10.00
0.140220,5.000426,0.482987,0.41856,10.00
0.140230,5.000424,0.482796,0.41855,10.00
0.140240,5.000414,0.482608,0.41856,10.00
0.140250,5.000263,0.482433,0.41857,10.00
0.140260,4.999591,0.482838,0.41925,10.00
0.140270,4.998958,0.483853,0.41958,10.00
0.140280,4.998383,0.485164,0.41971,10.00
0.140290,4.997874,0.486591,0.41973,10.00
0.140300,4.997720,0.488031,0.41968,10.00
0.140310,4.998750,0.488202,0.41815,10.00
0.140320,4.999743,0.487017,0.41737,10.00
0.140330,5.000658,0.485139,0.41702,10.00
0.140340,5.001473,0.482954,0.41692,10.00
0.140350,5.002008,0.480683,0.41695,10.00
0.140360,5.001756,0.479196,0.41794,10.00
0.140370,5.001463,0.478595,0.41850,10.00
0.140380,5.001160,0.478504,0.41880,10.00
0.140390,5.000862,0.478697,0.41896,10.00
0.140400,5.000361,0.479046,0.41904,10.00
0.140410,4.999035,0.480397,0.42016,10.00
0.140420,4.997806,0.482748,0.42068,10.00
0.140430,4.996703,0.485559,0.42085,10.00
0.140440,4.995738,0.488521,0.42084,10.00
0.140450,4.995059,0.491455,0.42071,10.00
0.140460,4.995091,0.493634,0.41979,10.00
0.140470,4.995197,0.494978,0.41924,10.00
0.140480,4.995348,0.495812,0.41891,10.00
0.140490,4.995528,0.496331,0.41871,10.00
0.140500,4.995719,0.496650,0.41859,10.00
0.140510,4.995902,0.496859,0.41854,10.00
0.140520,4.996091,0.497001,0.41851,10.00
0.140530,4.996284,0.497092,0.41849,10.00
0.140540,4.996479,0.497141,0.41847,10.00
0.140550,4.996513,0.497156,0.41846,10.00
0.140560,4.995916,0.497831,0.41927,10.00
0.140570,4.995374,0.499202,0.41966,10.00
0.140580,4.994906,0.500891,0.41980,10.00
0.140590,4.994519,0.502680,0.41980,10.00
0.140600,4.994450,0.504446,0.41974,10.00
0.140610,4.995374,0.505125,0.41845,10.00
0.140620,4.996289,0.504636,0.41777,10.00
0.140630,4.997160,0.503517,0.41745,10.00
0.140640,4.997966,0.502086,0.41732,10.00
0.140650,4.998477,0.500525,0.41731,10.00
0.140660,4.998047,0.499886,0.41849,10.00
0.140670,4.997621,0.500276,0.41911,10.00
0.140680,4.997230,0.501200,0.41941,10.00
0.140690,4.996890,0.502372,0.41953,10.00
0.140700,4.996990,0.503630,0.41954,10.00
0.140710,4.998638,0.503249,0.41756,10.00
0.140720,5.000210,0.501104,0.41658,10.00
0.140730,5.001650,0.498074,0.41616,10.00
0.140740,5.002935,0.494668,0.41606,10.00
0.140750,5.003551,0.491179,0.41614,10.00
0.140760,5.002039,0.489923,0.41887,10.00
0.140770,5.000549,0.491089,0.42030,10.00
0.140780,4.999155,0.493529,0.42098,10.00
0.140790,4.997897,0.496573,0.42123,10.00
0.140800,4.996990,0.499836,0.42124,10.00
0.140810,4.997015,0.502248,0.42011,10.00
0.140820,4.997119,0.503646,0.41944,10.00
0.140830,4.997269,0.504439,0.41905,10.00
0.140840,4.997443,0.504867,0.41882,10.00
0.140850,4.997633,0.505074,0.41869,10.00
0.140860,4.997842,0.505129,0.41859,10.00
0.140870,4.998050,0.505083,0.41854,10.00
0.140880,4.998253,0.504974,0.41852,10.00
0.140890,4.998449,0.504828,0.41851,10.00
0.140900,4.998427,0.504659,0.41851,10.00
0.140910,4.997575,0.505373,0.41958,10.00
0.140920,4.996788,0.507017,0.42009,10.00
0.140930,4.996092,0.509099,0.42029,10.00
0.140940,4.995498,0.511333,0.42030,10.00
0.140950,4.995159,0.513559,0.42023,10.00
0.140960,4.995506,0.515047,0.41934,10.00
0.140970,4.995895,0.515723,0.41884,10.00
0.140980,4.996299,0.515919,0.41855,10.00
0.140990,4.996702,0.515835,0.41840,10.00
0.141000,4.997237,0.515586,0.41832,10.00
0.141010,4.998308,0.514639,0.41757,10.00
0.141020,4.999311,0.513008,0.41723,10.00
0.141030,5.000226,0.511055,0.41711,10.00
0.141040,5.001044,0.508987,0.41713,10.00
0.141050,5.001666,0.506926,0.41722,10.00
0.141060,5.001813,0.505354,0.41783,10.00
0.141070,5.001903,0.504327,0.41820,10.00
0.141080,5.001955,0.503632,0.41843,10.00
0.141090,5.001982,0.503141,0.41857,10.00
0.141100,5.001949,0.502780,0.41866,10.00
0.141110,5.001740,0.502681,0.41893,10.00
0.141120,5.001535,0.502825,0.41907,10.00
0.141130,5.001341,0.503098,0.41913,10.00
0.141140,5.001162,0.503433,0.41915,10.00
0.141150,5.001078,0.503790,0.41915,10.00
0.141160,5.001316,0.503815,0.41874,10.00
0.141170,5.001544,0.503479,0.41853,10.00
0.141180,5.001750,0.502960,0.41844,10.00
0.141190,5.001929,0.502363,0.41841,10.00
0.141200,5.001930,0.501746,0.41842,10.00
0.141210,5.001323,0.501778,0.41920,10.00
0.141220,5.000741,0.502506,0.41959,10.00
0.141230,5.000205,0.503587,0.41976,10.00
0.141240,4.999725,0.504821,0.41981,10.00
0.141250,4.999387,0.506094,0.41978,10.00
0.141260,4.999431,0.506990,0.41930,10.00
0.141270,4.999502,0.507456,0.41902,10.00
0.141280,4.999587,0.507671,0.41887,10.00
0.141290,4.999677,0.507739,0.41878,10.00
0.141300,5.000070,0.507721,0.41873,10.00
0.141310,5.001637,0.506367,0.41717,10.00
0.141320,5.003095,0.503638,0.41644,10.00
0.141330,5.004403,0.500262,0.41617,10.00
0.141340,5.005545,0.496661,0.41616,10.00
0.141350,5.006270,0.493071,0.41630,10.00
0.141360,5.005872,0.490676,0.41775,10.00
0.141370,5.005405,0.489594,0.41858,10.00
0.141380,5.004913,0.489276,0.41904,10.00
0.141390,5.004422,0.489396,0.41928,10.00
0.141400,5.004024,0.489763,0.41941,10.00
0.141410,5.003957,0.489927,0.41906,10.00
0.141420,5.003890,0.489807,0.41887,10.00
0.141430,5.003813,0.489549,0.41878,10.00
0.141440,5.003723,0.489238,0.41875,10.00
0.141450,5.003628,0.488920,0.41875,10.00
0.141460,5.003557,0.488581,0.41871,10.00
0.141470,5.003471,0.488232,0.41870,10.00
0.141480,5.003369,0.487902,0.41872,10.00
0.141490,5.003254,0.487604,0.41874,10.00
0.141500,5.002962,0.487345,0.41876,10.00
0.141510,5.002020,0.487828,0.41961,10.00
0.141520,5.001127,0.489085,0.42003,10.00
0.141530,5.000306,0.490725,0.42019,10.00
0.141540,4.999569,0.492520,0.42021,10.00
0.141550,4.999256,0.494340,0.42015,10.00
0.141560,5.000348,0.494668,0.41834,10.00
0.141570,5.001403,0.493397,0.41741,10.00
0.141580,5.002371,0.491308,0.41699,10.00
0.141590,5.003229,0.488855,0.41686,10.00
0.141600,5.003650,0.486298,0.41688,10.00
0.141610,5.002715,0.485136,0.41860,10.00
0.141620,5.001777,0.485514,0.41952,10.00
0.141630,5.000885,0.486720,0.41997,10.00
0.141640,5.000064,0.488340,0.42015,10.00
0.141650,4.999411,0.490133,0.42018,10.00
0.141660,4.999176,0.491598,0.41970,10.00
0.141670,4.998996,0.492640,0.41940,10.00
0.141680,4.998856,0.493417,0.41921,10.00
0.141690,4.998748,0.494025,0.41908,10.00
0.141700,4.998804,0.494518,0.41900,10.00
0.141710,4.999429,0.494332,0.41822,10.00
0.141720,5.000023,0.493459,0.41784,10.00
0.141730,5.000564,0.492246,0.41768,10.00
0.141740,5.001042,0.490892,0.41764,10.00
0.141750,5.001428,0.489511,0.41768,10.00
0.141760,5.001638,0.488292,0.41789,10.00
0.141770,5.001797,0.487273,0.41805,10.00
0.141780,5.001913,0.486405,0.41817,10.00
0.141790,5.001993,0.485655,0.41827,10.00
0.141800,5.001831,0.485002,0.41834,10.00
0.141810,5.000825,0.485326,0.41947,10.00
0.141820,4.999869,0.486658,0.42003,10.00
0.141830,4.998992,0.488493,0.42026,10.00
0.141840,4.998208,0.490539,0.42031,10.00
0.141850,4.997478,0.492629,0.42026,10.00
0.141860,4.996666,0.494863,0.42038,10.00
0.141870,4.995962,0.497197,0.42036,10.00
0.141880,4.995367,0.499499,0.42026,10.00
0.141890,4.994877,0.501693,0.42012,10.00
0.141900,4.994760,0.503742,0.41996,10.00
0.141910,4.995804,0.504457,0.41842,10.00
0.141920,4.996834,0.503777,0.41761,10.00
0.141930,4.997808,0.502357,0.41722,10.00
0.141940,4.998701,0.500575,0.41708,10.00
0.141950,4.999174,0.498653,0.41707,10.00
0.141960,4.998263,0.498130,0.41882,10.00
0.141970,4.997378,0.499144,0.41973,10.00
0.141980,4.996567,0.500947,0.42014,10.00
0.141990,4.995852,0.503108,0.42029,10.00
0.142000,4.995477,0.505377,0.42028,10.00
0.142010,4.996127,0.506611,0.41899,10.00
0.142020,4.996795,0.506685,0.41830,10.00
0.142030,4.997445,0.506119,0.41794,10.00
0.142040,4.998056,0.505215,0.41778,10.00
0.142050,4.998478,0.504152,0.41773,10.00
0.142060,4.998296,0.503634,0.41846,10.00
0.142070,4.998110,0.503749,0.41885,10.00
0.142080,4.997940,0.504195,0.41904,10.00
0.142090,4.997796,0.504798,0.41912,10.00
0.142100,4.997753,0.505458,0.41914,10.00
0.142110,4.998018,0.505815,0.41876,10.00
0.142120,4.998287,0.505824,0.41855,10.00
0.142130,4.998550,0.505637,0.41845,10.00
0.142140,4.998800,0.505344,0.41840,10.00
0.142150,4.999075,0.504998,0.41839,10.00
0.142160,4.999490,0.504457,0.41819,10.00
0.142170,4.999874,0.503730,0.41811,10.00
0.142180,5.000220,0.502925,0.41809,10.00
0.142190,5.000528,0.502104,0.41812,10.00
0.142200,5.000711,0.501300,0.41816,10.00
0.142210,5.000522,0.500900,0.41865,10.00
0.142220,5.000329,0.500931,0.41891,10.00
0.142230,5.000145,0.501193,0.41904,10.00
0.142240,4.999977,0.501570,0.41909,10.00
0.142250,5.000401,0.501997,0.41911,10.00
0.142260,5.003077,0.499992,0.41620,10.00
0.142270,5.005574,0.495422,0.41481,10.00
0.142280,5.007815,0.489631,0.41427,10.00
0.142290,5.009769,0.483393,0.41423,10.00
0.142300,5.010865,0.477150,0.41444,10.00
0.142310,5.009479,0.473551,0.41764,10.00
0.142320,5.008020,0.472837,0.41940,10.00
0.142330,5.006582,0.473734,0.42032,10.00
0.142340,5.005218,0.475496,0.42076,10.00
0.142350,5.004194,0.477687,0.42091,10.00
0.142360,5.004226,0.479019,0.41969,10.00
0.142370,5.004286,0.479297,0.41901,10.00
0.142380,5.004342,0.479013,0.41866,10.00
0.142390,5.004377,0.478449,0.41850,10.00
0.142400,5.004165,0.477769,0.41844,10.00
0.142410,5.003075,0.477990,0.41953,10.00
0.142420,5.002029,0.479207,0.42008,10.00
0.142430,5.001059,0.480932,0.42031,10.00
0.142440,5.000178,0.482882,0.42037,10.00
0.142450,4.999376,0.484893,0.42032,10.00
0.142460,4.998608,0.486938,0.42030,10.00
0.142470,4.997935,0.488970,0.42021,10.00
0.142480,4.997356,0.490923,0.42009,10.00
0.142490,4.996865,0.492764,0.41996,10.00
0.142500,4.996761,0.494475,0.41982,10.00
0.142510,4.997921,0.494753,0.41814,10.00
0.142520,4.999044,0.493536,0.41728,10.00
0.142530,5.000084,0.491550,0.41689,10.00
0.142540,5.001018,0.489215,0.41677,10.00
0.142550,5.001464,0.486774,0.41680,10.00
0.142560,5.000339,0.485957,0.41880,10.00
0.142570,4.999235,0.486916,0.41984,10.00
0.142580,4.998206,0.488803,0.42034,10.00
0.142590,4.997281,0.491127,0.42052,10.00
0.142600,4.996643,0.493604,0.42052,10.00
0.142610,4.996790,0.495341,0.41956,10.00
0.142620,4.996990,0.496215,0.41900,10.00
0.142630,4.997215,0.496584,0.41869,10.00
0.142640,4.997446,0.496660,0.41851,10.00
0.142650,4.997612,0.496569,0.41842,10.00
0.142660,4.997524,0.496652,0.41870,10.00
0.142670,4.997447,0.496966,0.41884,10.00
0.142680,4.997389,0.497388,0.41889,10.00
0.142690,4.997350,0.497846,0.41891,10.00
0.142700,4.997329,0.498301,0.41889,10.00
0.142710,4.997316,0.498746,0.41889,10.00
0.142720,4.997322,0.499171,0.41887,10.00
0.142730,4.997346,0.499562,0.41884,10.00
0.142740,4.997387,0.499914,0.41881,10.00
0.142750,4.997392,0.500225,0.41878,10.00
0.142760,4.997218,0.500707,0.41901,10.00
0.142770,4.997071,0.501370,0.41910,10.00
0.142780,4.996957,0.502101,0.41912,10.00
0.142790,4.996877,0.502834,0.41910,10.00
0.142800,4.996870,0.503533,0.41907,10.00
0.142810,4.997051,0.504009,0.41882,10.00
0.142820,4.997245,0.504244,0.41867,10.00
0.142830,4.997445,0.504332,0.41859,10.00
0.142840,4.997645,0.504328,0.41854,10.00
0.142850,4.997997,0.504265,0.41852,10.00
0.142860,4.998946,0.503506,0.41773,10.00
0.142870,4.999835,0.502032,0.41735,10.00
0.142880,5.000644,0.500218,0.41722,10.00
0.142890,5.001362,0.498281,0.41722,10.00
0.142900,5.001857,0.496343,0.41729,10.00
0.142910,5.001753,0.495033,0.41807,10.00
0.142920,5.001610,0.494413,0.41851,10.00
0.142930,5.001450,0.494192,0.41876,10.00
0.142940,5.001289,0.494197,0.41889,10.00
0.142950,5.001136,0.494327,0.41896,10.00
0.142960,5.001011,0.494503,0.41897,10.00
0.142970,5.000895,0.494690,0.41896,10.00
0.142980,5.000788,0.494878,0.41895,10.00
0.142990,5.000690,0.495062,0.41894,10.00
0.143000,5.000548,0.495239,0.41893,10.00
0.143010,5.000214,0.495628,0.41917,10.00
0.143020,4.999906,0.496238,0.41928,10.00
0.143030,4.999630,0.496947,0.41932,10.00
0.143040,4.999389,0.497683,0.41931,10.00
0.143050,4.999201,0.498408,0.41927,10.00
0.143060,4.999125,0.499014,0.41913,10.00
0.143070,4.999072,0.499485,0.41903,10.00
0.143080,4.999038,0.499865,0.41896,10.00
0.143090,4.999020,0.500179,0.41891,10.00
0.143100,4.998855,0.500442,0.41887,10.00
0.143110,4.998074,0.501350,0.41966,10.00
0.143120,4.997358,0.502940,0.42002,10.00
0.143130,4.996728,0.504838,0.42014,10.00
0.143140,4.996189,0.506829,0.42013,10.00
0.143150,4.995882,0.508790,0.42005,10.00
0.143160,4.996206,0.510062,0.41922,10.00
0.143170,4.996564,0.510584,0.41876,10.00
0.143180,4.996931,0.510670,0.41850,10.00
0.143190,4.997294,0.510505,0.41837,10.00
0.143200,4.997616,0.510198,0.41830,10.00
0.143210,4.997819,0.509927,0.41841,10.00
0.143220,4.998011,0.509736,0.41848,10.00
0.143230,4.998194,0.509585,0.41852,10.00
0.143240,4.998370,0.509452,0.41854,10.00
0.143250,4.998522,0.509327,0.41856,10.00
0.143260,4.998599,0.509277,0.41866,10.00
0.143270,4.998675,0.509303,0.41871,10.00
0.143280,4.998753,0.509363,0.41874,10.00
0.143290,4.998833,0.509432,0.41875,10.00
0.143300,4.998857,0.509497,0.41875,10.00
0.143310,4.998655,0.509802,0.41904,10.00
0.143320,4.998474,0.510356,0.41918,10.00
0.143330,4.998323,0.511018,0.41923,10.00
0.143340,4.998204,0.511709,0.41922,10.00
0.143350,4.998177,0.512383,0.41920,10.00
0.143360,4.998415,0.512759,0.41885,10.00
0.143370,4.998660,0.512813,0.41866,10.00
0.143380,4.998900,0.512683,0.41856,10.00
0.143390,4.999131,0.512450,0.41851,10.00
0.143400,4.999588,0.512164,0.41849,10.00
0.143410,5.000960,0.510835,0.41729,10.00
0.143420,5.002234,0.508432,0.41673,10.00
0.143430,5.003378,0.505532,0.41653,10.00
0.143440,5.004380,0.502465,0.41654,10.00
0.143450,5.004978,0.499419,0.41667,10.00
0.143460,5.004428,0.497605,0.41816,10.00
0.143470,5.003837,0.497128,0.41898,10.00
0.143480,5.003250,0.497400,0.41942,10.00
0.143490,5.002689,0.498077,0.41963,10.00
0.143500,5.002367,0.498957,0.41971,10.00
0.143510,5.002869,0.499073,0.41871,10.00
0.143520,5.003347,0.498317,0.41819,10.00
0.143530,5.003776,0.497123,0.41796,10.00
0.143540,5.004143,0.495742,0.41789,10.00
0.143550,5.004375,0.494317,0.41791,10.00
0.143560,5.004274,0.493221,0.41832,10.00
0.143570,5.004135,0.492513,0.41857,10.00
0.143580,5.003971,0.492049,0.41873,10.00
0.143590,5.003792,0.491745,0.41882,10.00
0.143600,5.003569,0.491551,0.41889,10.00
0.143610,5.003205,0.491579,0.41910,10.00
0.143620,5.002851,0.491818,0.41921,10.00
0.143630,5.002512,0.492172,0.41925,10.00
0.143640,5.002193,0.492585,0.41926,10.00
0.143650,5.001960,0.493024,0.41925,10.00
0.143660,5.002001,0.493193,0.41890,10.00
0.143670,5.002041,0.493067,0.41872,10.00
0.143680,5.002071,0.492793,0.41863,10.00
0.143690,5.002086,0.492455,0.41860,10.00
0.143700,5.002001,0.492102,0.41860,10.00
0.143710,5.001576,0.492115,0.41903,10.00
0.143720,5.001164,0.492526,0.41925,10.00
0.143730,5.000780,0.493143,0.41935,10.00
0.143740,5.000428,0.493856,0.41938,10.00
0.143750,5.000207,0.494599,0.41936,10.00
0.143760,5.000397,0.494926,0.41884,10.00
0.143770,5.000586,0.494797,0.41856,10.00
0.143780,5.000762,0.494429,0.41843,10.00
0.143790,5.000917,0.493947,0.41838,10.00
0.143800,5.000973,0.493424,0.41837,10.00
0.143810,5.000714,0.493220,0.41876,10.00
0.143820,5.000456,0.493371,0.41897,10.00
0.143830,5.000213,0.493713,0.41907,10.00
0.143840,4.999989,0.494150,0.41911,10.00
0.143850,4.999880,0.494624,0.41911,10.00
0.143860,5.000158,0.494706,0.41862,10.00
0.143870,5.000426,0.494358,0.41837,10.00
0.143880,5.000670,0.493793,0.41826,10.00
0.143890,5.000885,0.493132,0.41823,10.00
0.143900,5.001137,0.492445,0.41823,10.00
0.143910,5.001626,0.491478,0.41792,10.00
0.143920,5.002060,0.490240,0.41779,10.00
0.143930,5.002433,0.488903,0.41778,10.00
0.143940,5.002743,0.487566,0.41782,10.00
0.143950,5.002957,0.486285,0.41790,10.00
0.143960,5.002975,0.485239,0.41816,10.00
0.143970,5.002953,0.484449,0.41834,10.00
0.143980,5.002901,0.483835,0.41846,10.00
0.143990,5.002824,0.483349,0.41855,10.00
0.144000,5.002901,0.482959,0.41861,10.00
0.144010,5.003633,0.481912,0.41779,10.00
0.144020,5.004293,0.480160,0.41741,10.00
0.144030,5.004862,0.478101,0.41729,10.00
0.144040,5.005331,0.475963,0.41731,10.00
0.144050,5.005039,0.473873,0.41740,10.00
0.144060,5.002068,0.474727,0.42089,10.00
0.144070,4.999241,0.478691,0.42262,10.00
0.144080,4.996653,0.484210,0.42335,10.00
0.144090,4.994348,0.490382,0.42351,10.00
0.144100,4.992606,0.496689,0.42336,10.00
0.144110,4.992200,0.501698,0.42168,10.00
0.144120,4.991979,0.505198,0.42064,10.00
0.144130,4.991890,0.507743,0.41998,10.00
0.144140,4.991899,0.509663,0.41955,10.00
0.144150,4.992057,0.511158,0.41926,10.00
0.144160,4.992557,0.512037,0.41868,10.00
0.144170,4.993079,0.512363,0.41835,10.00
0.144180,4.993604,0.512357,0.41817,10.00
0.144190,4.994120,0.512151,0.41808,10.00
0.144200,4.994569,0.511825,0.41804,10.00
0.144210,4.994796,0.511649,0.41830,10.00
0.144220,4.995020,0.511663,0.41843,10.00
0.144230,4.995246,0.511762,0.41850,10.00
0.144240,4.995476,0.511887,0.41852,10.00
0.144250,4.995745,0.512008,0.41853,10.00
0.144260,4.996148,0.511963,0.41836,10.00
0.144270,4.996541,0.511740,0.41828,10.00
0.144280,4.996920,0.511414,0.41824,10.00
0.144290,4.997280,0.511031,0.41823,10.00
0.144300,4.997753,0.510620,0.41824,10.00
0.144310,4.998721,0.509633,0.41759,10.00
0.144320,4.999622,0.508054,0.41730,10.00
0.144330,5.000439,0.506204,0.41721,10.00
0.144340,5.001166,0.504267,0.41724,10.00
0.144350,5.001885,0.502348,0.41732,10.00
0.144360,5.002842,0.500148,0.41702,10.00
0.144370,5.003687,0.497684,0.41694,10.00
0.144380,5.004414,0.495166,0.41700,10.00
0.144390,5.005026,0.492715,0.41713,10.00
0.144400,5.005481,0.490396,0.41728,10.00
0.144410,5.005656,0.488433,0.41768,10.00
0.144420,5.005753,0.486851,0.41796,10.00
0.144430,5.005785,0.485545,0.41816,10.00
0.144440,5.005763,0.484449,0.41831,10.00
0.144450,5.005387,0.483521,0.41843,10.00
0.144460,5.003768,0.484051,0.42010,10.00
0.144470,5.002225,0.486080,0.42092,10.00
0.144480,5.000803,0.488862,0.42126,10.00
0.144490,4.999524,0.491963,0.42133,10.00
0.144500,4.998661,0.495133,0.42124,10.00
0.144510,4.998988,0.497092,0.41973,10.00
0.144520,4.999363,0.497709,0.41888,10.00
0.144530,4.999743,0.497578,0.41843,10.00
0.144540,5.000102,0.497045,0.41821,10.00
0.144550,5.000431,0.496315,0.41812,10.00
0.144560,5.000725,0.495499,0.41810,10.00
0.144570,5.000980,0.494666,0.41812,10.00
0.144580,5.001196,0.493855,0.41816,10.00
0.144590,5.001376,0.493086,0.41821,10.00
0.144600,5.001506,0.492371,0.41827,10.00
0.144610,5.001544,0.491780,0.41840,10.00
0.144620,5.001558,0.491318,0.41849,10.00
0.144630,5.001554,0.490946,0.41856,10.00
0.144640,5.001535,0.490642,0.41860,10.00
0.144650,5.001437,0.490389,0.41864,10.00
0.144660,5.001068,0.490464,0.41901,10.00
0.144670,5.000713,0.490874,0.41919,10.00
0.144680,5.000384,0.491455,0.41927,10.00
0.144690,5.000085,0.492111,0.41929,10.00
0.144700,4.999653,0.492789,0.41927,10.00
0.144710,4.998611,0.494157,0.42007,10.00
0.144720,4.997657,0.496231,0.42042,10.00
0.144730,4.996812,0.498612,0.42052,10.00
0.144740,4.996081,0.501072,0.42048,10.00
0.144750,4.995512,0.503482,0.42037,10.00
0.144760,4.995241,0.505564,0.41997,10.00
0.144770,4.995056,0.507273,0.41969,10.00
0.144780,4.994941,0.508708,0.41948,10.00
0.144790,4.994885,0.509931,0.41932,10.00
0.144800,4.994994,0.510982,0.41919,10.00
0.144810,4.995589,0.511405,0.41851,10.00
0.144820,4.996181,0.511197,0.41815,10.00
0.144830,4.996752,0.510641,0.41797,10.00
0.144840,4.997288,0.509903,0.41790,10.00
0.144850,4.997796,0.509081,0.41790,10.00
0.144860,4.998298,0.508194,0.41788,10.00
0.144870,4.998756,0.507272,0.41790,10.00
0.144880,4.999171,0.506357,0.41795,10.00
0.144890,4.999543,0.505471,0.41800,10.00
0.144900,4.999836,0.504626,0.41807,10.00
0.144910,4.999942,0.503993,0.41832,10.00
0.144920,5.000025,0.503580,0.41848,10.00
0.144930,5.000093,0.503299,0.41857,10.00
0.144940,5.000151,0.503096,0.41863,10.00
0.144950,5.000232,0.502942,0.41866,10.00
0.144960,5.000435,0.502679,0.41852,10.00
0.144970,5.000621,0.502290,0.41846,10.00
0.144980,5.000787,0.501845,0.41844,10.00
0.144990,5.000931,0.501387,0.41845,10.00
0.145000,5.001115,0.500937,0.41847,10.00
0.145010,5.001516,0.500248,0.41819,10.00
0.145020,5.001877,0.499316,0.41807,10.00
0.145030,5.002191,0.498287,0.41805,10.00
0.145040,5.002456,0.497246,0.41808,10.00
0.145050,5.002433,0.496238,0.41813,10.00
0.145060,5.001430,0.496313,0.41941,10.00
0.145070,5.000469,0.497530,0.42006,10.00
0.145080,4.999584,0.499325,0.42034,10.00
0.145090,4.998793,0.501372,0.42041,10.00
0.145100,4.998146,0.503483,0.42037,10.00
0.145110,4.997773,0.505359,0.42004,10.00
0.145120,4.997479,0.506933,0.41980,10.00
0.145130,4.997250,0.508283,0.41962,10.00
0.145140,4.997080,0.509457,0.41947,10.00
0.145150,4.997110,0.510486,0.41936,10.00
0.145160,4.997771,0.510749,0.41849,10.00
0.145170,4.998419,0.510230,0.41804,10.00
0.145180,4.999028,0.509300,0.41784,10.00
0.145190,4.999585,0.508172,0.41776,10.00
0.145200,4.999933,0.506971,0.41777,10.00
0.145210,4.999625,0.506424,0.41860,10.00
0.145220,4.999315,0.506601,0.41904,10.00
0.145230,4.999026,0.507160,0.41925,10.00
0.145240,4.998769,0.507903,0.41934,10.00
0.145250,4.998791,0.508715,0.41935,10.00
0.145260,4.999795,0.508499,0.41810,10.00
0.145270,5.000751,0.507171,0.41748,10.00
0.145280,5.001626,0.505286,0.41721,10.00
0.145290,5.002404,0.503164,0.41715,10.00
0.145300,5.003108,0.500991,0.41720,10.00
0.145310,5.003816,0.498754,0.41717,10.00
0.145320,5.004418,0.496505,0.41724,10.00
0.145330,5.004917,0.494337,0.41736,10.00
0.145340,5.005320,0.492298,0.41751,10.00
0.145350,5.005286,0.490413,0.41766,10.00
0.145360,5.003824,0.490163,0.41956,10.00
0.145370,5.002407,0.491617,0.42053,10.00
0.145380,5.001089,0.493952,0.42096,10.00
0.145390,4.999896,0.496692,0.42110,10.00
0.145400,4.998830,0.499559,0.42106,10.00
0.145410,4.997877,0.502422,0.42096,10.00
0.145420,4.997055,0.505194,0.42080,10.00
0.145430,4.996360,0.507816,0.42062,10.00
0.145440,4.995781,0.510259,0.42042,10.00
0.145450,4.995508,0.512509,0.42023,10.00
0.145460,4.996102,0.513726,0.41905,10.00
0.145470,4.996716,0.513875,0.41840,10.00
0.145480,4.997317,0.513428,0.41807,10.00
0.145490,4.997886,0.512665,0.41791,10.00
0.145500,4.998217,0.511746,0.41786,10.00
0.145510,4.997740,0.511602,0.41886,10.00
0.145520,4.997284,0.512324,0.41937,10.00
0.145530,4.996876,0.513482,0.41960,10.00
0.145540,4.996528,0.514825,0.41967,10.00
0.145550,4.996506,0.516211,0.41966,10.00
0.145560,4.997565,0.516446,0.41827,10.00
0.145570,4.998594,0.515437,0.41756,10.00
0.145580,4.999553,0.513780,0.41724,10.00
0.145590,5.000423,0.511823,0.41714,10.00
0.145600,5.001163,0.509768,0.41716,10.00
0.145610,5.001668,0.507878,0.41743,10.00
0.145620,5.002092,0.506225,0.41763,10.00
0.145630,5.002444,0.504758,0.41780,10.00
0.145640,5.002733,0.503447,0.41794,10.00
0.145650,5.002818,0.502270,0.41806,10.00
0.145660,5.002282,0.501835,0.41891,10.00
0.145670,5.001751,0.502160,0.41936,10.00
0.145680,5.001250,0.502890,0.41957,10.00
0.145690,5.000790,0.503817,0.41965,10.00
0.145700,5.000335,0.504821,0.41965,10.00
0.145710,4.999769,0.506009,0.41983,10.00
0.145720,4.999263,0.507349,0.41987,10.00
0.145730,4.998823,0.508724,0.41984,10.00
0.145740,4.998445,0.510068,0.41977,10.00
0.145750,4.998220,0.511343,0.41968,10.00
0.145760,4.998403,0.512147,0.41913,10.00
0.145770,4.998607,0.512454,0.41882,10.00
0.145780,4.998816,0.512475,0.41865,10.00
0.145790,4.999021,0.512336,0.41856,10.00
0.145800,4.999286,0.512109,0.41852,10.00
0.145810,4.999814,0.511536,0.41815,10.00
0.145820,5.000304,0.510630,0.41799,10.00
0.145830,5.000746,0.509572,0.41794,10.00
0.145840,5.001136,0.508467,0.41795,10.00
0.145850,5.001505,0.507376,0.41800,10.00
0.145860,5.001939,0.506203,0.41792,10.00
0.145870,5.002317,0.504961,0.41792,10.00
0.145880,5.002636,0.503728,0.41797,10.00
0.145890,5.002899,0.502548,0.41804,10.00
0.145900,5.003164,0.501444,0.41812,10.00
0.145910,5.003595,0.500192,0.41793,10.00
0.145920,5.003962,0.498784,0.41788,10.00
0.145930,5.004262,0.497351,0.41791,10.00
0.145940,5.004497,0.495965,0.41797,10.00
0.145950,5.004686,0.494663,0.41806,10.00
0.145960,5.004876,0.493401,0.41808,10.00
0.145970,5.005009,0.492182,0.41814,10.00
0.145980,5.005089,0.491044,0.41822,10.00
0.145990,5.005119,0.490003,0.41830,10.00
0.146000,5.004848,0.489067,0.41839,10.00
0.146010,5.003539,0.489327,0.41976,10.00
0.146020,5.002285,0.490831,0.42045,10.00
0.146030,5.001124,0.492968,0.42074,10.00
0.146040,5.000074,0.495382,0.42081,10.00
0.146050,4.999359,0.497869,0.42075,10.00
0.146060,4.999613,0.499379,0.41952,10.00
0.146070,4.999902,0.499806,0.41884,10.00
0.146080,5.000191,0.499633,0.41848,10.00
0.146090,5.000462,0.499144,0.41831,10.00
0.146100,5.000620,0.498503,0.41824,10.00
0.146110,5.000417,0.498164,0.41865,10.00
0.146120,5.000210,0.498199,0.41888,10.00
0.146130,5.000012,0.498437,0.41899,10.00
0.146140,4.999829,0.498779,0.41904,10.00
0.146150,4.999492,0.499166,0.41905,10.00
0.146160,4.998510,0.500293,0.41991,10.00
0.146170,4.997606,0.502174,0.42030,10.00
0.146180,4.996802,0.504395,0.42042,10.00
0.146190,4.996106,0.506717,0.42040,10.00
0.146200,4.995614,0.509007,0.42030,10.00
0.146210,4.995601,0.510780,0.41968,10.00
0.146220,4.995652,0.511978,0.41929,10.00
0.146230,4.995747,0.512812,0.41905,10.00
0.146240,4.995872,0.513408,0.41889,10.00
0.146250,4.996321,0.513843,0.41879,10.00
0.146260,4.997961,0.512877,0.41720,10.00
0.146270,4.999508,0.510481,0.41643,10.00
0.146280,5.000918,0.507387,0.41613,10.00
0.146290,5.002172,0.504020,0.41609,10.00
0.146300,5.002712,0.500623,0.41620,10.00
0.146310,5.000933,0.499696,0.41919,10.00
0.146320,4.999199,0.501422,0.42074,10.00
0.146330,4.997593,0.504524,0.42146,10.00
0.146340,4.996153,0.508262,0.42171,10.00
0.146350,4.995604,0.512207,0.42169,10.00
0.146360,4.997993,0.513106,0.41796,10.00
0.146370,5.000313,0.510685,0.41603,10.00
0.146380,5.002462,0.506547,0.41515,10.00
0.146390,5.004390,0.501623,0.41486,10.00
0.146400,5.005772,0.496450,0.41490,10.00
0.146410,5.005724,0.492632,0.41666,10.00
0.146420,5.005549,0.490396,0.41770,10.00
0.146430,5.005301,0.489109,0.41831,10.00
0.146440,5.005012,0.488395,0.41867,10.00
0.146450,5.004506,0.488031,0.41888,10.00
0.146460,5.003223,0.488725,0.42000,10.00
0.146470,5.002007,0.490436,0.42054,10.00
0.146480,5.000889,0.492648,0.42075,10.00
0.146490,4.999884,0.495064,0.42077,10.00
0.146500,4.999088,0.497510,0.42069,10.00
0.146510,4.998772,0.499490,0.42009,10.00
0.146520,4.998531,0.500932,0.41970,10.00
0.146530,4.998348,0.502032,0.41945,10.00
0.146540,4.998208,0.502906,0.41928,10.00
0.146550,4.998079,0.503625,0.41916,10.00
0.146560,4.997880,0.504340,0.41921,10.00
0.146570,4.997715,0.505083,0.41920,10.00
0.146580,4.997584,0.505810,0.41917,10.00
0.146590,4.997486,0.506497,0.41913,10.00
0.146600,4.997507,0.507133,0.41908,10.00
0.146610,4.997901,0.507334,0.41858,10.00
0.146620,4.998289,0.507082,0.41832,10.00
0.146630,4.998657,0.506587,0.41820,10.00
0.146640,4.998997,0.505974,0.41815,10.00
0.146650,4.999419,0.505312,0.41815,10.00
0.146660,5.000246,0.504167,0.41761,10.00
0.146670,5.001003,0.502538,0.41738,10.00
0.146680,5.001677,0.500704,0.41732,10.00
0.146690,5.002263,0.498825,0.41737,10.00
0.146700,5.002755,0.496991,0.41746,10.00
0.146710,5.003138,0.495280,0.41761,10.00
0.146720,5.003446,0.493717,0.41775,10.00
0.146730,5.003685,0.492298,0.41789,10.00
0.146740,5.003863,0.491016,0.41801,10.00
0.146750,5.003847,0.489863,0.41812,10.00
0.146760,5.003241,0.489424,0.41892,10.00
0.146770,5.002639,0.489717,0.41935,10.00
0.146780,5.002065,0.490407,0.41955,10.00
0.146790,5.001531,0.491297,0.41963,10.00
0.146800,5.001037,0.492272,0.41964,10.00
0.146810,5.000567,0.493291,0.41963,10.00
0.146820,5.000147,0.494317,0.41959,10.00
0.146830,4.999774,0.495316,0.41953,10.00
0.146840,4.999447,0.496267,0.41947,10.00
0.146850,4.999168,0.497161,0.41940,10.00
0.146860,4.998952,0.497970,0.41930,10.00
0.146870,4.998771,0.498691,0.41922,10.00
0.146880,4.998622,0.499338,0.41915,10.00
0.146890,4.998501,0.499921,0.41909,10.00
0.146900,4.998313,0.500447,0.41904,10.00
0.146910,4.997786,0.501315,0.41946,10.00
0.146920,4.997312,0.502550,0.41964,10.00
0.146930,4.996901,0.503933,0.41969,10.00
0.146940,4.996556,0.505344,0.41966,10.00
0.146950,4.996493,0.506712,0.41959,10.00
0.146960,4.997339,0.507073,0.41840,10.00
0.146970,4.998165,0.506367,0.41778,10.00
0.146980,4.998940,0.505101,0.41750,10.00
0.146990,4.999645,0.503570,0.41740,10.00
0.147000,5.000259,0.501946,0.41741,10.00
0.147010,5.000735,0.500392,0.41756,10.00
0.147020,5.001142,0.498968,0.41769,10.00
0.147030,5.001485,0.497664,0.41781,10.00
0.147040,5.001771,0.496474,0.41792,10.00
0.147050,5.001963,0.495390,0.41803,10.00
0.147060,5.001945,0.494585,0.41833,10.00
0.147070,5.001898,0.494061,0.41852,10.00
0.147080,5.001832,0.493713,0.41863,10.00
0.147090,5.001755,0.493478,0.41870,10.00
0.147100,5.001498,0.493319,0.41875,10.00
0.147110,5.000572,0.493939,0.41964,10.00
0.147120,4.999702,0.495358,0.42007,10.00
0.147130,4.998912,0.497161,0.42023,10.00
0.147140,4.998212,0.499112,0.42025,10.00
0.147150,4.997821,0.501073,0.42018,10.00
0.147160,4.998363,0.502045,0.41898,10.00
0.147170,4.998915,0.501947,0.41833,10.00
0.147180,4.999443,0.501268,0.41801,10.00
0.147190,4.999929,0.500297,0.41787,10.00
0.147200,5.000231,0.499201,0.41784,10.00
0.147210,4.999961,0.498642,0.41854,10.00
0.147220,4.999684,0.498702,0.41891,10.00
0.147230,4.999422,0.499095,0.41910,10.00
0.147240,4.999183,0.499653,0.41918,10.00
0.147250,4.998934,0.500281,0.41920,10.00
0.147260,4.998564,0.501088,0.41938,10.00
0.147270,4.998236,0.502053,0.41945,10.00
0.147280,4.997956,0.503064,0.41944,10.00
0.147290,4.997722,0.504062,0.41940,10.00
0.147300,4.997811,0.505012,0.41934,10.00
0.147310,4.999022,0.504716,0.41787,10.00
0.147320,5.000175,0.503111,0.41714,10.00
0.147330,5.001230,0.500851,0.41683,10.00
0.147340,5.002170,0.498315,0.41676,10.00
0.147350,5.002918,0.495720,0.41682,10.00
0.147360,5.003273,0.493487,0.41730,10.00
0.147370,5.003538,0.491696,0.41763,10.00
0.147380,5.003728,0.490216,0.41787,10.00
0.147390,5.003858,0.488965,0.41805,10.00
0.147400,5.004057,0.487893,0.41819,10.00
0.147410,5.004687,0.486445,0.41768,10.00
0.147420,5.005236,0.484576,0.41748,10.00
0.147430,5.005693,0.482559,0.41745,10.00
0.147440,5.006056,0.480547,0.41752,10.00
0.147450,5.006116,0.478626,0.41763,10.00
0.147460,5.005269,0.477742,0.41883,10.00
0.147470,5.004417,0.477955,0.41947,10.00
0.147480,5.003596,0.478772,0.41979,10.00
0.147490,5.002826,0.479904,0.41992,10.00
0.147500,5.002105,0.481181,0.41995,10.00
0.147510,5.001411,0.482545,0.41996,10.00
0.147520,5.000782,0.483940,0.41992,10.00
0.147530,5.000219,0.485312,0.41984,10.00
0.147540,4.999720,0.486630,0.41975,10.00
0.147550,4.999025,0.487878,0.41966,10.00
0.147560,4.997395,0.490133,0.42085,10.00
0.147570,4.995906,0.493443,0.42137,10.00
0.147580,4.994588,0.497205,0.42151,10.00
0.147590,4.993451,0.501072,0.42144,10.00
0.147600,4.992486,0.504851,0.42125,10.00
0.147610,4.991668,0.508462,0.42104,10.00
0.147620,4.991011,0.511851,0.42080,10.00
0.147630,4.990505,0.514982,0.42055,10.00
0.147640,4.990135,0.517840,0.42030,10.00
0.147650,4.989948,0.520425,0.42006,10.00
0.147660,4.990103,0.522493,0.41954,10.00
0.147670,4.990336,0.524044,0.41919,10.00
0.147680,4.990628,0.525231,0.41896,10.00
0.147690,4.990965,0.526152,0.41879,10.00
0.147700,4.991561,0.526867,0.41867,10.00
0.147710,4.993057,0.526462,0.41744,10.00
0.147720,4.994494,0.524920,0.41684,10.00
0.147730,4.995836,0.522793,0.41659,10.00
0.147740,4.997069,0.520403,0.41654,10.00
0.147750,4.998188,0.517936,0.41660,10.00
0.147760,4.999205,0.515485,0.41671,10.00
0.147770,5.000108,0.513108,0.41685,10.00
0.147780,5.000902,0.510846,0.41702,10.00
0.147790,5.001594,0.508721,0.41719,10.00
0.147800,5.002056,0.506741,0.41735,10.00
0.147810,5.001911,0.505476,0.41818,10.00
0.147820,5.001731,0.504952,0.41865,10.00
0.147830,5.001541,0.504847,0.41891,10.00
0.147840,5.001353,0.504975,0.41905,10.00
0.147850,5.001092,0.505226,0.41911,10.00
0.147860,5.000516,0.505895,0.41956,10.00
0.147870,4.999985,0.506961,0.41976,10.00
0.147880,4.999511,0.508205,0.41982,10.00
0.147890,4.999096,0.509500,0.41980,10.00
0.147900,4.998978,0.510773,0.41974,10.00
0.147910,4.999832,0.510985,0.41847,10.00
0.147920,5.000659,0.510068,0.41782,10.00
0.147930,5.001423,0.508570,0.41752,10.00
0.147940,5.002108,0.506809,0.41743,10.00
0.147950,5.002699,0.504967,0.41745,10.00
0.147960,5.003174,0.503181,0.41757,10.00
0.147970,5.003569,0.501510,0.41770,10.00
0.147980,5.003890,0.499966,0.41783,10.00
0.147990,5.004143,0.498551,0.41795,10.00
0.148000,5.004172,0.497265,0.41807,10.00
0.148010,5.003516,0.496791,0.41899,10.00
0.148020,5.002866,0.497156,0.41948,10.00
0.148030,5.002249,0.497972,0.41972,10.00
0.148040,5.001678,0.499010,0.41980,10.00
0.148050,5.001281,0.500138,0.41981,10.00
0.148060,5.001410,0.500765,0.41915,10.00
0.148070,5.001550,0.500823,0.41880,10.00
0.148080,5.001683,0.500576,0.41862,10.00
0.148090,5.001800,0.500176,0.41854,10.00
0.148100,5.002085,0.499712,0.41851,10.00
0.148110,5.003081,0.498431,0.41756,10.00
0.148120,5.003989,0.496325,0.41713,10.00
0.148130,5.004787,0.493853,0.41699,10.00
0.148140,5.005466,0.491281,0.41702,10.00
0.148150,5.005934,0.488757,0.41713,10.00
0.148160,5.005932,0.486751,0.41775,10.00
0.148170,5.005856,0.485324,0.41814,10.00
0.148180,5.005726,0.484276,0.41839,10.00
0.148190,5.005556,0.483488,0.41856,10.00
0.148200,5.005507,0.482885,0.41868,10.00
0.148210,5.006016,0.481786,0.41801,10.00
0.148220,5.006456,0.480131,0.41771,10.00
0.148230,5.006812,0.478251,0.41763,10.00
0.148240,5.007080,0.476337,0.41766,10.00
0.148250,5.006950,0.474493,0.41775,10.00
0.148260,5.005524,0.474102,0.41944,10.00
0.148270,5.004133,0.475253,0.42032,10.00
0.148280,5.002824,0.477216,0.42072,10.00
0.148290,5.001622,0.479568,0.42085,10.00
0.148300,5.000535,0.482063,0.42083,10.00
0.148310,4.999557,0.484567,0.42073,10.00
0.148320,4.998695,0.487002,0.42059,10.00
0.148330,4.997945,0.489319,0.42043,10.00
0.148340,4.997299,0.491494,0.42026,10.00
0.148350,4.996605,0.493514,0.42009,10.00
0.148360,4.995431,0.496002,0.42067,10.00
0.148370,4.994390,0.498986,0.42087,10.00
0.148380,4.993495,0.502127,0.42085,10.00
0.148390,4.992745,0.505231,0.42073,10.00
0.148400,4.992362,0.508191,0.42054,10.00
0.148410,4.992986,0.509996,0.41920,10.00
0.148420,4.993653,0.510575,0.41845,10.00
0.148430,4.994323,0.510453,0.41805,10.00
0.148440,4.994972,0.509939,0.41784,10.00
0.148450,4.995732,0.509214,0.41776,10.00
0.148460,4.997008,0.507778,0.41703,10.00
0.148470,4.998192,0.505667,0.41671,10.00
0.148480,4.999267,0.503254,0.41663,10.00
0.148490,5.000224,0.500755,0.41668,10.00
0.148500,5.000942,0.498293,0.41680,10.00
0.148510,5.001073,0.496456,0.41757,10.00
0.148520,5.001139,0.495302,0.41803,10.00
0.148530,5.001165,0.494559,0.41831,10.00
0.148540,5.001165,0.494069,0.41848,10.00
0.148550,5.001131,0.493735,0.41858,10.00
0.148560,5.001023,0.493569,0.41873,10.00
0.148570,5.000912,0.493540,0.41881,10.00
0.148580,5.000802,0.493589,0.41885,10.00
0.148590,5.000696,0.493683,0.41887,10.00
0.148600,5.000487,0.493800,0.41888,10.00
0.148610,4.999858,0.494394,0.41943,10.00
0.148620,4.999274,0.495479,0.41969,10.00
0.148630,4.998749,0.496793,0.41978,10.00
0.148640,4.998288,0.498184,0.41977,10.00
0.148650,4.997969,0.499565,0.41971,10.00
0.148660,4.998008,0.500567,0.41925,10.00
0.148670,4.998080,0.501149,0.41898,10.00
0.148680,4.998171,0.501478,0.41882,10.00
0.148690,4.998271,0.501654,0.41872,10.00
0.148700,4.998442,0.501737,0.41867,10.00
0.148710,4.998865,0.501485,0.41831,10.00
0.148720,4.999265,0.500908,0.41814,10.00
0.148730,4.999633,0.500172,0.41807,10.00
0.148740,4.999963,0.499373,0.41807,10.00
0.148750,5.000071,0.498566,0.41809,10.00
0.148760,4.999422,0.498567,0.41907,10.00
0.148770,4.998803,0.499431,0.41957,10.00
0.148780,4.998238,0.500730,0.41978,10.00
0.148790,4.997740,0.502215,0.41984,10.00
0.148800,4.997342,0.503744,0.41982,10.00
0.148810,4.997121,0.505120,0.41961,10.00
0.148820,4.996958,0.506295,0.41945,10.00
0.148830,4.996844,0.507312,0.41932,10.00
0.148840,4.996774,0.508198,0.41922,10.00
0.148850,4.996737,0.508974,0.41913,10.00
0.148860,4.996719,0.509668,0.41907,10.00
0.148870,4.996730,0.510293,0.41902,10.00
0.148880,4.996767,0.510847,0.41896,10.00
0.148890,4.996828,0.511333,0.41891,10.00
0.148900,4.996996,0.511754,0.41887,10.00
0.148910,4.997521,0.511742,0.41839,10.00
0.148920,4.998030,0.511285,0.41814,10.00
0.148930,4.998510,0.510592,0.41804,10.00
0.148940,4.998952,0.509789,0.41801,10.00
0.148950,4.999420,0.508947,0.41802,10.00
0.148960,5.000102,0.507828,0.41773,10.00
0.148970,5.000723,0.506444,0.41763,10.00
0.148980,5.001274,0.504962,0.41762,10.00
0.148990,5.001756,0.503477,0.41768,10.00
0.149000,5.002068,0.502044,0.41776,10.00
0.149010,5.001923,0.501120,0.41837,10.00
0.149020,5.001753,0.500740,0.41871,10.00
0.149030,5.001575,0.500670,0.41890,10.00
0.149040,5.001400,0.500774,0.41900,10.00
0.149050,5.001070,0.500971,0.41904,10.00
0.149060,5.000117,0.501910,0.41988,10.00
0.149070,4.999232,0.503594,0.42027,10.00
0.149080,4.998439,0.505622,0.42041,10.00
0.149090,4.997744,0.507763,0.42039,10.00
0.149100,4.997216,0.509886,0.42031,10.00
0.149110,4.997041,0.511637,0.41985,10.00
0.149120,4.996935,0.512966,0.41955,10.00
0.149130,4.996881,0.514011,0.41934,10.00
0.149140,4.996869,0.514855,0.41920,10.00
0.149150,4.997010,0.515551,0.41909,10.00
0.149160,4.997643,0.515624,0.41841,10.00
0.149170,4.998257,0.515072,0.41806,10.00
0.149180,4.998835,0.514193,0.41790,10.00
0.149190,4.999364,0.513158,0.41785,10.00
0.149200,4.999871,0.512069,0.41787,10.00
0.149210,5.000436,0.510864,0.41777,10.00
0.149220,5.000940,0.509569,0.41777,10.00
0.149230,5.001383,0.508269,0.41782,10.00
0.149240,5.001766,0.507011,0.41789,10.00
0.149250,5.001896,0.505820,0.41798,10.00
0.149260,5.001210,0.505544,0.41906,10.00
0.149270,5.000542,0.506226,0.41961,10.00
0.149280,4.999923,0.507404,0.41987,10.00
0.149290,4.999368,0.508809,0.41995,10.00
0.149300,4.998925,0.510287,0.41994,10.00
0.149310,4.998725,0.511559,0.41965,10.00
0.149320,4.998576,0.512570,0.41946,10.00
0.149330,4.998468,0.513398,0.41932,10.00
0.149340,4.998395,0.514093,0.41922,10.00
0.149350,4.998257,0.514685,0.41914,10.00
0.149360,4.997784,0.515590,0.41954,10.00
0.149370,4.997363,0.516839,0.41971,10.00
0.149380,4.997006,0.518222,0.41975,10.00
0.149390,4.996713,0.519619,0.41971,10.00
0.149400,4.996607,0.520965,0.41964,10.00
0.149410,4.997039,0.521700,0.41893,10.00
0.149420,4.997484,0.521785,0.41854,10.00
0.149430,4.997919,0.521502,0.41834,10.00
0.149440,4.998334,0.521021,0.41825,10.00
0.149450,4.998840,0.520439,0.41822,10.00
0.149460,4.999774,0.519312,0.41763,10.00
0.149470,5.000637,0.517652,0.41737,10.00
0.149480,5.001414,0.515755,0.41730,10.00
0.149490,5.002099,0.513795,0.41734,10.00
0.149500,5.002481,0.511868,0.41743,10.00
0.149510,5.001956,0.510925,0.41862,10.00
0.149520,5.001421,0.511035,0.41925,10.00
0.149530,5.000910,0.511714,0.41957,10.00
0.149540,5.000441,0.512679,0.41971,10.00
0.149550,5.000323,0.513764,0.41974,10.00
0.149560,5.001433,0.513589,0.41819,10.00
0.149570,5.002490,0.512043,0.41740,10.00
0.149580,5.003452,0.509810,0.41707,10.00
0.149590,5.004298,0.507288,0.41698,10.00
0.149600,5.005035,0.504703,0.41703,10.00
0.149610,5.005697,0.502136,0.41710,10.00
0.149620,5.006242,0.499653,0.41724,10.00
0.149630,5.006675,0.497316,0.41740,10.00
0.149640,5.007005,0.495155,0.41757,10.00
0.149650,5.007185,0.493181,0.41774,10.00
0.149660,5.007063,0.491634,0.41819,10.00
0.149670,5.006885,0.490517,0.41847,10.00
0.149680,5.006665,0.489693,0.41866,10.00
0.149690,5.006414,0.489077,0.41879,10.00
0.149700,5.006164,0.488613,0.41888,10.00
0.149710,5.005986,0.488172,0.41883,10.00
0.149720,5.005789,0.487724,0.41882,10.00
0.149730,5.005574,0.487307,0.41883,10.00
0.149740,5.005341,0.486941,0.41886,10.00
0.149750,5.005018,0.486633,0.41889,10.00
0.149760,5.004382,0.486714,0.41930,10.00
0.149770,5.003765,0.487199,0.41952,10.00
0.149780,5.003179,0.487900,0.41960,10.00
0.149790,5.002631,0.488709,0.41963,10.00
0.149800,5.002047,0.489560,0.41961,10.00
0.149810,5.001207,0.490742,0.41995,10.00
0.149820,5.000434,0.492247,0.42008,10.00
0.149830,4.999737,0.493882,0.42009,10.00
0.149840,4.999118,0.495536,0.42004,10.00
0.149850,4.998632,0.497146,0.41995,10.00
0.149860,4.998442,0.498435,0.41955,10.00
0.149870,4.998301,0.499375,0.41930,10.00
0.149880,4.998197,0.500091,0.41914,10.00
0.149890,4.998122,0.500660,0.41903,10.00
0.149900,4.998135,0.501128,0.41896,10.00
0.149910,4.998421,0.501244,0.41857,10.00
0.149920,4.998701,0.501013,0.41837,10.00
0.149930,4.998964,0.500599,0.41828,10.00
0.149940,4.999204,0.500100,0.41825,10.00
0.149950,4.999412,0.499571,0.41825,10.00
0.149960,4.999567,0.499074,0.41831,10.00
0.149970,4.999699,0.498630,0.41836,10.00
0.149980,4.999812,0.498230,0.41841,10.00
0.149990,4.999907,0.497869,0.41844,10.00
0.150000,4.999819,0.497542,0.41848,10.00
0.150010,4.999068,0.497958,0.41935,10.00
0.150020,4.998362,0.499146,0.41978,10.00
0.150030,4.997724,0.500709,0.41995,10.00
0.150040,4.997165,0.502420,0.41997,10.00
0.150050,4.996698,0.504146,0.41992,10.00
0.150060,4.996357,0.505764,0.41977,10.00
0.150070,4.996086,0.507234,0.41963,10.00
0.150080,4.995879,0.508563,0.41951,10.00
0.150090,4.995730,0.509760,0.41939,10.00
0.150100,4.996001,0.510834,0.41929,10.00
0.150110,4.997751,0.510224,0.41733,10.00
0.150120,4.999414,0.507866,0.41636,10.00
0.150130,5.000936,0.504638,0.41596,10.00
0.150140,5.002293,0.501048,0.41588,10.00
0.150150,5.003129,0.497389,0.41598,10.00
0.150160,5.002430,0.495318,0.41794,10.00
0.150170,5.001691,0.494993,0.41901,10.00
0.150180,5.000969,0.495631,0.41957,10.00
0.150190,5.000295,0.496772,0.41983,10.00
0.150200,4.999816,0.498150,0.41992,10.00
0.150210,4.999924,0.499043,0.41923,10.00
0.150220,5.000055,0.499336,0.41886,10.00
0.150230,5.000189,0.499296,0.41865,10.00
0.150240,5.000315,0.499079,0.41855,10.00
0.150250,5.000399,0.498775,0.41851,10.00
0.150260,5.000357,0.498557,0.41864,10.00
0.150270,5.000308,0.498462,0.41872,10.00
0.150280,5.000258,0.498439,0.41876,10.00
0.150290,5.000208,0.498456,0.41879,10.00
0.150300,5.000192,0.498497,0.41880,10.00
0.150310,5.000309,0.498409,0.41863,10.00
0.150320,5.000416,0.498181,0.41856,10.00
0.150330,5.000511,0.497885,0.41852,10.00
0.150340,5.000591,0.497567,0.41852,10.00
0.150350,5.000786,0.497248,0.41853,10.00
0.150360,5.001470,0.496393,0.41789,10.00
0.150370,5.002096,0.494981,0.41760,10.00
0.150380,5.002648,0.493322,0.41751,10.00
0.150390,5.003119,0.491595,0.41753,10.00
0.150400,5.003027,0.489898,0.41761,10.00
0.150410,5.000979,0.490344,0.42015,10.00
0.150420,4.999028,0.493054,0.42142,10.00
0.150430,4.997242,0.496900,0.42196,10.00
0.150440,4.995654,0.501227,0.42209,10.00
0.150450,4.994666,0.505658,0.42199,10.00
0.150460,4.995413,0.508310,0.41979,10.00
0.150470,4.996219,0.508990,0.41857,10.00
0.150480,4.997019,0.508568,0.41792,10.00
0.150490,4.997780,0.507556,0.41761,10.00
0.150500,4.998186,0.506250,0.41749,10.00
0.150510,4.997377,0.506082,0.41897,10.00
0.150520,4.996601,0.507210,0.41973,10.00
0.150530,4.995900,0.508991,0.42007,10.00
0.150540,4.995292,0.511055,0.42018,10.00
0.150550,4.994697,0.513187,0.42015,10.00
0.150560,4.993870,0.515631,0.42048,10.00
0.150570,4.993165,0.518340,0.42056,10.00
0.150580,4.992588,0.521079,0.42049,10.00
0.150590,4.992136,0.523719,0.42035,10.00
0.150600,4.991932,0.526191,0.42018,10.00
0.150610,4.992347,0.527905,0.41933,10.00
0.150620,4.992815,0.528822,0.41883,10.00
0.150630,4.993308,0.529251,0.41854,10.00
0.150640,4.993809,0.529378,0.41838,10.00
0.150650,4.994325,0.529313,0.41829,10.00
0.150660,4.994895,0.529056,0.41816,10.00
0.150670,4.995447,0.528644,0.41810,10.00
0.150680,4.995974,0.528144,0.41809,10.00
0.150690,4.996476,0.527595,0.41810,10.00
0.150700,4.997246,0.527022,0.41812,10.00
0.150710,4.999144,0.525176,0.41665,10.00
0.150720,5.000910,0.522008,0.41598,10.00
0.150730,5.002506,0.518227,0.41575,10.00
0.150740,5.003916,0.514242,0.41578,10.00
0.150750,5.005140,0.510286,0.41595,10.00
0.150760,5.006185,0.506486,0.41618,10.00
0.150770,5.007060,0.502909,0.41644,10.00
0.150780,5.007774,0.499590,0.41671,10.00
0.150790,5.008343,0.496542,0.41698,10.00
0.150800,5.008900,0.493764,0.41723,10.00
0.150810,5.009815,0.490728,0.41684,10.00
0.150820,5.010578,0.487397,0.41676,10.00
0.150830,5.011186,0.484048,0.41685,10.00
0.150840,5.011642,0.480836,0.41702,10.00
0.150850,5.011643,0.477840,0.41724,10.00
0.150860,5.010295,0.476430,0.41904,10.00
0.150870,5.008938,0.476683,0.42001,10.00
0.150880,5.007626,0.477857,0.42050,10.00
0.150890,5.006387,0.479516,0.42070,10.00
0.150900,5.005224,0.481406,0.42074,10.00
0.150910,5.004110,0.483428,0.42075,10.00
0.150920,5.003093,0.485496,0.42068,10.00
0.150930,5.002175,0.487534,0.42057,10.00
0.150940,5.001351,0.489499,0.42044,10.00
0.150950,5.000768,0.491365,0.42030,10.00
0.150960,5.000856,0.492482,0.41939,10.00
0.150970,5.000970,0.492813,0.41890,10.00
0.150980,5.001087,0.492715,0.41863,10.00
0.150990,5.001192,0.492394,0.41850,10.00
0.151000,5.001283,0.491969,0.41845,10.00
0.151010,5.001368,0.491492,0.41842,10.00
0.151020,5.001431,0.491001,0.41842,10.00
0.151030,5.001472,0.490526,0.41845,10.00
0.151040,5.001492,0.490082,0.41848,10.00
0.151050,5.001305,0.489679,0.41851,10.00
0.151060,5.000371,0.490117,0.41949,10.00
0.151070,4.999488,0.491434,0.41997,10.00
0.151080,4.998681,0.493184,0.42017,10.00
0.151090,4.997962,0.495111,0.42020,10.00
0.151100,4.997424,0.497066,0.42014,10.00
0.151110,4.997317,0.498592,0.41960,10.00
0.151120,4.997267,0.499627,0.41926,10.00
0.151130,4.997255,0.500355,0.41905,10.00
0.151140,4.997270,0.500887,0.41892,10.00
0.151150,4.997180,0.501289,0.41883,10.00
0.151160,4.996621,0.502133,0.41940,10.00
0.151170,4.996116,0.503468,0.41966,10.00
0.151180,4.995681,0.505014,0.41974,10.00
0.151190,4.995320,0.506611,0.41972,10.00
0.151200,4.995012,0.508170,0.41965,10.00
0.151210,4.994695,0.509728,0.41965,10.00
0.151220,4.994449,0.511266,0.41960,10.00
0.151230,4.994273,0.512726,0.41951,10.00
0.151240,4.994160,0.514076,0.41941,10.00
0.151250,4.994280,0.515305,0.41930,10.00
0.151260,4.995130,0.515668,0.41832,10.00
0.151270,4.995966,0.515131,0.41781,10.00
0.151280,4.996759,0.514113,0.41757,10.00
0.151290,4.997496,0.512855,0.41749,10.00
0.151300,4.998057,0.511502,0.41749,10.00
0.151310,4.998117,0.510610,0.41811,10.00
0.151320,4.998153,0.510249,0.41846,10.00
0.151330,4.998180,0.510181,0.41865,10.00
0.151340,4.998208,0.510266,0.41875,10.00
0.151350,4.998365,0.510424,0.41879,10.00
0.151360,4.999004,0.510089,0.41819,10.00
0.151370,4.999610,0.509213,0.41790,10.00
0.151380,5.000165,0.508069,0.41778,10.00
0.151390,5.000662,0.506817,0.41777,10.00
0.151400,5.001192,0.505549,0.41781,10.00
0.151410,5.002024,0.503921,0.41741,10.00
0.151420,5.002768,0.501942,0.41727,10.00
0.151430,5.003415,0.499847,0.41727,10.00
0.151440,5.003964,0.497767,0.41735,10.00
0.151450,5.004179,0.495776,0.41747,10.00
0.151460,5.003374,0.494931,0.41882,10.00
0.151470,5.002569,0.495297,0.41954,10.00
0.151480,5.001804,0.496315,0.41989,10.00
0.151490,5.001099,0.497656,0.42002,10.00
0.151500,5.000846,0.499133,0.42004,10.00
0.151510,5.002156,0.499002,0.41806,10.00
0.151520,5.003404,0.497124,0.41706,10.00
0.151530,5.004534,0.494375,0.41662,10.00
0.151540,5.005523,0.491259,0.41651,10.00
0.151550,5.005965,0.488065,0.41657,10.00
0.151560,5.004710,0.486651,0.41874,10.00
0.151570,5.003454,0.487184,0.41989,10.00
0.151580,5.002259,0.488764,0.42045,10.00
0.151590,5.001156,0.490869,0.42068,10.00
0.151600,5.000622,0.493192,0.42072,10.00
0.151610,5.001994,0.493597,0.41832,10.00
0.151620,5.003315,0.491893,0.41709,10.00
0.151630,5.004521,0.489116,0.41653,10.00
0.151640,5.005581,0.485866,0.41636,10.00
0.151650,5.006177,0.482487,0.41639,10.00
0.151660,5.005422,0.480480,0.41809,10.00
0.151670,5.004623,0.480012,0.41903,10.00
0.151680,5.003833,0.480410,0.41953,10.00
0.151690,5.003078,0.481279,0.41977,10.00
0.151700,5.002505,0.482387,0.41986,10.00
0.151710,5.002502,0.483036,0.41919,10.00
0.151720,5.002513,0.483122,0.41883,10.00
0.151730,5.002519,0.482912,0.41865,10.00
0.151740,5.002510,0.482561,0.41857,10.00
0.151750,5.002306,0.482155,0.41854,10.00
0.151760,5.001387,0.482507,0.41945,10.00
0.151770,5.000513,0.483678,0.41989,10.00
0.151780,4.999708,0.485259,0.42008,10.00
0.151790,4.998984,0.487013,0.42011,10.00
0.151800,4.998407,0.488804,0.42006,10.00
0.151810,4.998154,0.490289,0.41965,10.00
0.151820,4.997960,0.491414,0.41939,10.00
0.151830,4.997810,0.492304,0.41922,10.00
0.151840,4.997697,0.493034,0.41910,10.00
0.151850,4.997384,0.493650,0.41901,10.00
0.151860,4.996197,0.495162,0.42010,10.00
0.151870,4.995113,0.497634,0.42060,10.00
0.151880,4.994159,0.500531,0.42076,10.00
0.151890,4.993345,0.503547,0.42073,10.00
0.151900,4.992889,0.506508,0.42060,10.00
0.151910,4.993416,0.508391,0.41932,10.00
0.151920,4.993993,0.509104,0.41860,10.00
0.151930,4.994579,0.509143,0.41820,10.00
0.151940,4.995153,0.508799,0.41800,10.00
0.151950,4.995595,0.508244,0.41791,10.00
0.151960,4.995589,0.508037,0.41843,10.00
0.151970,4.995585,0.508260,0.41869,10.00
0.151980,4.995598,0.508694,0.41882,10.00
0.151990,4.995634,0.509214,0.41887,10.00
0.152000,4.995670,0.509748,0.41887,10.00
0.152010,4.995638,0.510359,0.41897,10.00
0.152020,4.995637,0.511029,0.41900,10.00
0.152030,4.995665,0.511695,0.41898,10.00
0.152040,4.995723,0.512321,0.41895,10.00
0.152050,4.995676,0.512891,0.41891,10.00
0.152060,4.995140,0.513956,0.41953,10.00
0.152070,4.994670,0.515541,0.41980,10.00
0.152080,4.994281,0.517336,0.41988,10.00
0.152090,4.993977,0.519166,0.41984,10.00
0.152100,4.993733,0.520931,0.41976,10.00
0.152110,4.993480,0.522677,0.41976,10.00
0.152120,4.993306,0.524381,0.41969,10.00
0.152130,4.993208,0.525983,0.41959,10.00
0.152140,4.993180,0.527451,0.41947,10.00
0.152150,4.993339,0.528772,0.41935,10.00
0.152160,4.994044,0.529409,0.41861,10.00
0.152170,4.994754,0.529340,0.41820,10.00
0.152180,4.995446,0.528870,0.41800,10.00
0.152190,4.996107,0.528178,0.41791,10.00
0.152200,4.996875,0.527371,0.41789,10.00
0.152210,4.998164,0.525897,0.41717,10.00
0.152220,4.999361,0.523766,0.41687,10.00
0.152230,5.000447,0.521340,0.41679,10.00
0.152240,5.001416,0.518832,0.41684,10.00
0.152250,5.002128,0.516360,0.41696,10.00
0.152260,5.002189,0.514579,0.41782,10.00
0.152270,5.002192,0.513552,0.41831,10.00
0.152280,5.002160,0.512969,0.41861,10.00
0.152290,5.002110,0.512648,0.41877,10.00
0.152300,5.002293,0.512480,0.41887,10.00
0.152310,5.003412,0.511372,0.41770,10.00
0.152320,5.004446,0.509238,0.41715,10.00
0.152330,5.005364,0.506630,0.41695,10.00
0.152340,5.006154,0.503864,0.41695,10.00
0.152350,5.006463,0.501120,0.41706,10.00
0.152360,5.005276,0.499995,0.41900,10.00
0.152370,5.004095,0.500612,0.42002,10.00
0.152380,5.002975,0.502162,0.42052,10.00
0.152390,5.001944,0.504172,0.42071,10.00
0.152400,5.001185,0.506368,0.42073,10.00
0.152410,5.001197,0.507866,0.41979,10.00
0.152420,5.001254,0.508542,0.41926,10.00
0.152430,5.001326,0.508753,0.41896,10.00
0.152440,5.001401,0.508708,0.41881,10.00
0.152450,5.001370,0.508527,0.41873,10.00
0.152460,5.000944,0.508702,0.41919,10.00
0.152470,5.000540,0.509294,0.41942,10.00
0.152480,5.000171,0.510091,0.41952,10.00
0.152490,4.999842,0.510972,0.41953,10.00
0.152500,4.999434,0.511866,0.41951,10.00
0.152510,4.998595,0.513251,0.42007,10.00
0.152520,4.997838,0.515130,0.42030,10.00
0.152530,4.997176,0.517205,0.42035,10.00
0.152540,4.996611,0.519306,0.42029,10.00
0.152550,4.996259,0.521339,0.42018,10.00
0.152560,4.996447,0.522762,0.41947,10.00
0.152570,4.996680,0.523528,0.41905,10.00
0.152580,4.996935,0.523898,0.41880,10.00
0.152590,4.997198,0.524030,0.41866,10.00
0.152600,4.997463,0.524016,0.41859,10.00
0.152610,4.997726,0.523909,0.41854,10.00
0.152620,4.997982,0.523743,0.41852,10.00
0.152630,4.998228,0.523541,0.41852,10.00
0.152640,4.998462,0.523317,0.41852,10.00
0.152650,4.998816,0.523080,0.41853,10.00
0.152660,4.999664,0.522282,0.41789,10.00
0.152670,5.000455,0.520900,0.41759,10.00
0.152680,5.001171,0.519246,0.41749,10.00
0.152690,5.001806,0.517499,0.41750,10.00
0.152700,5.002666,0.515762,0.41757,10.00
0.152710,5.004640,0.512785,0.41613,10.00
0.152720,5.006432,0.508538,0.41551,10.00
0.152730,5.008007,0.503761,0.41535,10.00
0.152740,5.009354,0.498877,0.41546,10.00
0.152750,5.010327,0.494125,0.41570,10.00
0.152760,5.010501,0.490271,0.41676,10.00
0.152770,5.010529,0.487409,0.41745,10.00
0.152780,5.010446,0.485210,0.41791,10.00
0.152790,5.010276,0.483478,0.41823,10.00
0.152800,5.010243,0.482087,0.41845,10.00
0.152810,5.010951,0.480090,0.41759,10.00
0.152820,5.011544,0.477394,0.41724,10.00
0.152830,5.012004,0.474447,0.41716,10.00
0.152840,5.012328,0.471503,0.41724,10.00
0.152850,5.012395,0.468700,0.41739,10.00
0.152860,5.011852,0.466642,0.41821,10.00
0.152870,5.011242,0.465387,0.41871,10.00
0.152880,5.010592,0.464648,0.41901,10.00
0.152890,5.009921,0.464252,0.41920,10.00
0.152900,5.008920,0.464092,0.41931,10.00
0.152910,5.006665,0.465474,0.42101,10.00
0.152920,5.004529,0.468416,0.42182,10.00
0.152930,5.002559,0.472128,0.42212,10.00
0.152940,5.000776,0.476148,0.42213,10.00
0.152950,4.999357,0.480213,0.42199,10.00
0.152960,4.998791,0.483444,0.42090,10.00
0.152970,4.998348,0.485727,0.42023,10.00
0.152980,4.997992,0.487422,0.41980,10.00
0.152990,4.997705,0.488743,0.41952,10.00
0.153000,4.997373,0.489817,0.41933,10.00
0.153010,4.996702,0.491141,0.41969,10.00
0.153020,4.996103,0.492781,0.41983,10.00
0.153030,4.995585,0.494530,0.41983,10.00
0.153040,4.995149,0.496274,0.41977,10.00
0.153050,4.994644,0.497946,0.41967,10.00
0.153060,4.993639,0.500142,0.42031,10.00
0.153070,4.992755,0.502875,0.42054,10.00
0.153080,4.992004,0.505791,0.42056,10.00
0.153090,4.991390,0.508687,0.42046,10.00
0.153100,4.990943,0.511454,0.42029,10.00
0.153110,4.990767,0.513874,0.41991,10.00
0.153120,4.990690,0.515912,0.41963,10.00
0.153130,4.990697,0.517649,0.41941,10.00
0.153140,4.990777,0.519138,0.41922,10.00
0.153150,4.991069,0.520415,0.41907,10.00
0.153160,4.992003,0.520864,0.41818,10.00
0.153170,4.992928,0.520474,0.41771,10.00
0.153180,4.993818,0.519620,0.41749,10.00
0.153190,4.994658,0.518524,0.41741,10.00
0.153200,4.995601,0.517316,0.41740,10.00
0.153210,4.997110,0.515388,0.41664,10.00
0.153220,4.998502,0.512754,0.41632,10.00
0.153230,4.999760,0.509818,0.41626,10.00
0.153240,5.000877,0.506814,0.41634,10.00
0.153250,5.001787,0.503874,0.41650,10.00
0.153260,5.002306,0.501352,0.41702,10.00
0.153270,5.002722,0.499298,0.41738,10.00
0.153280,5.003053,0.497573,0.41764,10.00
0.153290,5.003310,0.496092,0.41784,10.00
0.153300,5.003293,0.494803,0.41800,10.00
0.153310,5.002398,0.494571,0.41920,10.00
0.153320,5.001528,0.495415,0.41981,10.00
0.153330,5.000717,0.496819,0.42010,10.00
0.153340,4.999981,0.498482,0.42018,10.00
0.153350,4.999410,0.500231,0.42017,10.00
0.153360,4.999240,0.501615,0.41967,10.00
0.153370,4.999122,0.502564,0.41937,10.00
0.153380,4.999040,0.503244,0.41918,10.00
0.153390,4.998984,0.503752,0.41906,10.00
0.153400,4.998957,0.504148,0.41898,10.00
0.153410,4.998984,0.504425,0.41887,10.00
0.153420,4.999021,0.504603,0.41881,10.00
0.153430,4.999064,0.504719,0.41877,10.00
0.153440,4.999110,0.504793,0.41875,10.00
0.153450,4.999218,0.504840,0.41873,10.00
0.153460,4.999558,0.504615,0.41842,10.00
0.153470,4.999877,0.504113,0.41827,10.00
0.153480,5.000169,0.503476,0.41822,10.00
0.153490,5.000428,0.502787,0.41821,10.00
0.153500,5.000660,0.502095,0.41824,10.00
0.153510,5.000883,0.501400,0.41825,10.00
0.153520,5.001073,0.500717,0.41828,10.00
0.153530,5.001233,0.500065,0.41832,10.00
0.153540,5.001363,0.499456,0.41837,10.00
0.153550,5.001579,0.498894,0.41841,10.00
0.153560,5.002212,0.497899,0.41789,10.00
0.153570,5.002784,0.496447,0.41766,10.00
0.153580,5.003280,0.494805,0.41760,10.00
0.153590,5.003699,0.493124,0.41763,10.00
0.153600,5.004021,0.491491,0.41771,10.00
0.153610,5.004192,0.490035,0.41792,10.00
0.153620,5.004302,0.488783,0.41808,10.00
0.153630,5.004360,0.487698,0.41821,10.00
0.153640,5.004372,0.486754,0.41832,10.00
0.153650,5.004336,0.485933,0.41841,10.00
0.153660,5.004233,0.485256,0.41853,10.00
0.153670,5.004104,0.484716,0.41862,10.00
0.153680,5.003953,0.484282,0.41869,10.00
0.153690,5.003787,0.483935,0.41874,10.00
0.153700,5.003685,0.483660,0.41878,10.00
0.153710,5.003880,0.483114,0.41841,10.00
0.153720,5.004041,0.482272,0.41825,10.00
0.153730,5.004158,0.481314,0.41820,10.00
0.153740,5.004231,0.480340,0.41822,10.00
0.153750,5.004195,0.479408,0.41826,10.00
0.153760,5.003865,0.478823,0.41865,10.00
0.153770,5.003520,0.478612,0.41888,10.00
0.153780,5.003174,0.478627,0.41900,10.00
0.153790,5.002834,0.478776,0.41906,10.00
0.153800,5.002127,0.479007,0.41909,10.00
0.153810,4.999966,0.480893,0.42100,10.00
0.153820,4.997951,0.484488,0.42190,10.00
0.153830,4.996132,0.488887,0.42222,10.00
0.153840,4.994531,0.493568,0.42221,10.00
0.153850,4.993581,0.498233,0.42203,10.00
0.153860,4.994526,0.500879,0.41958,10.00
0.153870,4.995523,0.501332,0.41824,10.00
0.153880,4.996500,0.500571,0.41754,10.00
0.153890,4.997419,0.499171,0.41721,10.00
0.153900,4.997966,0.497464,0.41710,10.00
0.153910,4.997279,0.496902,0.41860,10.00
0.153920,4.996608,0.497654,0.41938,10.00
0.153930,4.995995,0.499084,0.41975,10.00
0.153940,4.995458,0.500822,0.41988,10.00
0.153950,4.995378,0.502658,0.41988,10.00
0.153960,4.996827,0.502890,0.41794,10.00
0.153970,4.998229,0.501380,0.41694,10.00
0.153980,4.999530,0.498972,0.41650,10.00
0.153990,5.000703,0.496158,0.41636,10.00
0.154000,5.001470,0.493220,0.41640,10.00
0.154010,5.001052,0.491463,0.41789,10.00
0.154020,5.000596,0.491029,0.41871,10.00
0.154030,5.000144,0.491329,0.41915,10.00
0.154040,4.999718,0.492017,0.41936,10.00
0.154050,4.999451,0.492894,0.41944,10.00
0.154060,4.999690,0.493337,0.41884,10.00
0.154070,4.999932,0.493257,0.41853,10.00
0.154080,5.000161,0.492896,0.41837,10.00
0.154090,5.000369,0.492398,0.41830,10.00
0.154100,5.000681,0.491843,0.41829,10.00
0.154110,5.001471,0.490728,0.41765,10.00
0.154120,5.002190,0.489053,0.41737,10.00
0.154130,5.002823,0.487139,0.41729,10.00
0.154140,5.003363,0.485168,0.41732,10.00
0.154150,5.003494,0.483244,0.41742,10.00
0.154160,5.002296,0.482781,0.41915,10.00
0.154170,5.001127,0.483872,0.42005,10.00
0.154180,5.000038,0.485773,0.42046,10.00
0.154190,4.999051,0.488052,0.42060,10.00
0.154200,4.998385,0.490459,0.42059,10.00
0.154210,4.998641,0.491967,0.41944,10.00
0.154220,4.998935,0.492454,0.41880,10.00
0.154230,4.999233,0.492372,0.41845,10.00
0.154240,4.999516,0.491984,0.41828,10.00
0.154250,4.999504,0.491442,0.41821,10.00
0.154260,4.998401,0.491999,0.41957,10.00
0.154270,4.997364,0.493758,0.42024,10.00
0.154280,4.996429,0.496104,0.42052,10.00
0.154290,4.995612,0.498680,0.42057,10.00
0.154300,4.995026,0.501282,0.42049,10.00
0.154310,4.994983,0.503333,0.41980,10.00
0.154320,4.995015,0.504752,0.41938,10.00
0.154330,4.995100,0.505765,0.41910,10.00
0.154340,4.995222,0.506511,0.41893,10.00
0.154350,4.995478,0.507071,0.41881,10.00
0.154360,4.996165,0.507049,0.41819,10.00
0.154370,4.996831,0.506457,0.41788,10.00
0.154380,4.997458,0.505564,0.41774,10.00
0.154390,4.998038,0.504530,0.41771,10.00
0.154400,4.998592,0.503445,0.41773,10.00
0.154410,4.999197,0.502253,0.41765,10.00
0.154420,4.999742,0.500976,0.41765,10.00
0.154430,5.000227,0.499695,0.41770,10.00
0.154440,5.000652,0.498452,0.41778,10.00
0.154450,5.000969,0.497273,0.41786,10.00
0.154460,5.001035,0.496386,0.41821,10.00
0.154470,5.001069,0.495807,0.41841,10.00
0.154480,5.001083,0.495417,0.41854,10.00
0.154490,5.001081,0.495143,0.41862,10.00
0.154500,5.001218,0.494944,0.41867,10.00
0.154510,5.001925,0.494164,0.41796,10.00
0.154520,5.002575,0.492757,0.41762,10.00
0.154530,5.003150,0.491065,0.41751,10.00
0.154540,5.003641,0.489284,0.41751,10.00
0.154550,5.003401,0.487525,0.41759,10.00
0.154560,5.000552,0.488615,0.42097,10.00
0.154570,4.997855,0.492713,0.42265,10.00
0.154580,4.995401,0.498299,0.42334,10.00
0.154590,4.993229,0.504490,0.42348,10.00
0.154600,4.991843,0.510783,0.42331,10.00
0.154610,4.992655,0.514807,0.42051,10.00
0.154620,4.993572,0.516315,0.41893,10.00
0.154630,4.994511,0.516389,0.41808,10.00
0.154640,4.995426,0.515664,0.41764,10.00
0.154650,4.996378,0.514515,0.41744,10.00
0.154660,4.997602,0.512793,0.41695,10.00
0.154670,4.998729,0.510608,0.41676,10.00
0.154680,4.999746,0.508239,0.41675,10.00
0.154690,5.000650,0.505844,0.41683,10.00
0.154700,5.001313,0.503514,0.41697,10.00
0.154710,5.001366,0.501850,0.41778,10.00
0.154720,5.001363,0.500902,0.41825,10.00
0.154730,5.001330,0.500376,0.41853,10.00
0.154740,5.001281,0.500097,0.41868,10.00
0.154750,5.001247,0.499963,0.41878,10.00
0.154760,5.001304,0.499812,0.41871,10.00
0.154770,5.001351,0.499603,0.41868,10.00
0.154780,5.001388,0.499373,0.41867,10.00
0.154790,5.001414,0.499141,0.41867,10.00
0.154800,5.001398,0.498919,0.41868,10.00
0.154810,5.001246,0.498850,0.41886,10.00
0.154820,5.001096,0.498943,0.41895,10.00
0.154830,5.000954,0.499123,0.41900,10.00
0.154840,5.000822,0.499346,0.41901,10.00
0.154850,5.000625,0.499586,0.41901,10.00
0.154860,5.000144,0.500152,0.41938,10.00
0.154870,4.999700,0.501050,0.41955,10.00
0.154880,4.999304,0.502096,0.41960,10.00
0.154890,4.998959,0.503185,0.41959,10.00
0.154900,4.998743,0.504255,0.41954,10.00
0.154910,4.998886,0.504937,0.41907,10.00
0.154920,4.999046,0.505197,0.41881,10.00
0.154930,4.999211,0.505216,0.41866,10.00
0.154940,4.999372,0.505099,0.41859,10.00
0.154950,4.999518,0.504910,0.41855,10.00
0.154960,4.999632,0.504709,0.41857,10.00
0.154970,4.999735,0.504520,0.41859,10.00
0.154980,4.999831,0.504340,0.41861,10.00
0.154990,4.999918,0.504170,0.41862,10.00
0.155000,5.000032,0.504008,0.41863,10.00
0.155010,5.000275,0.503706,0.41847,10.00
0.155020,5.000499,0.503255,0.41840,10.00
0.155030,5.000699,0.502740,0.41838,10.00
0.155040,5.000875,0.502206,0.41839,10.00
0.155050,5.001146,0.501682,0.41841,10.00
0.155060,5.001865,0.500668,0.41783,10.00
0.155070,5.002518,0.499147,0.41758,10.00
0.155080,5.003094,0.497408,0.41751,10.00
0.155090,5.003585,0.495618,0.41754,10.00
0.155100,5.003812,0.493870,0.41762,10.00
0.155110,5.003246,0.492993,0.41866,10.00
0.155120,5.002671,0.493050,0.41921,10.00
0.155130,5.002117,0.493618,0.41950,10.00
0.155140,5.001598,0.494451,0.41962,10.00
0.155150,5.001055,0.495404,0.41965,10.00
0.155160,5.000290,0.496688,0.41997,10.00
0.155170,4.999596,0.498268,0.42009,10.00
0.155180,4.998980,0.499956,0.42009,10.00
0.155190,4.998444,0.501642,0.42002,10.00
0.155200,4.998097,0.503266,0.41993,10.00
0.155210,4.998263,0.504317,0.41925,10.00
0.155220,4.998458,0.504757,0.41886,10.00
0.155230,4.998662,0.504846,0.41865,10.00
0.155240,4.998863,0.504738,0.41854,10.00
0.155250,4.999160,0.504521,0.41848,10.00
0.155260,4.999850,0.503806,0.41794,10.00
0.155270,5.000490,0.502603,0.41769,10.00
0.155280,5.001066,0.501175,0.41761,10.00
0.155290,5.001572,0.499676,0.41762,10.00
0.155300,5.001829,0.498193,0.41768,10.00
0.155310,5.001325,0.497532,0.41867,10.00
0.155320,5.000818,0.497755,0.41920,10.00
0.155330,5.000338,0.498451,0.41946,10.00
0.155340,4.999898,0.499381,0.41957,10.00
0.155350,4.999525,0.500407,0.41958,10.00
0.155360,4.999276,0.501366,0.41946,10.00
0.155370,4.999069,0.502212,0.41936,10.00
0.155380,4.998898,0.502964,0.41927,10.00
0.155390,4.998759,0.503636,0.41920,10.00
0.155400,4.998791,0.504240,0.41914,10.00
0.155410,4.999396,0.504182,0.41837,10.00
0.155420,4.999976,0.503441,0.41799,10.00
0.155430,5.000509,0.502354,0.41782,10.00
0.155440,5.000986,0.501117,0.41778,10.00
0.155450,5.001470,0.499841,0.41780,10.00
0.155460,5.002159,0.498304,0.41752,10.00
0.155470,5.002767,0.496525,0.41744,10.00
0.155480,5.003289,0.494683,0.41746,10.00
0.155490,5.003726,0.492879,0.41755,10.00
0.155500,5.003993,0.491165,0.41766,10.00
0.155510,5.003839,0.489950,0.41823,10.00
0.155520,5.003645,0.489261,0.41857,10.00
0.155530,5.003430,0.488892,0.41876,10.00
0.155540,5.003205,0.488721,0.41888,10.00
0.155550,5.002823,0.488673,0.41895,10.00
0.155560,5.001841,0.489361,0.41976,10.00
0.155570,5.000918,0.490787,0.42015,10.00
0.155580,5.000074,0.492570,0.42029,10.00
0.155590,4.999319,0.494489,0.42030,10.00
0.155600,4.998550,0.496418,0.42023,10.00
0.155610,4.997461,0.498733,0.42065,10.00
0.155620,4.996493,0.501416,0.42077,10.00
0.155630,4.995654,0.504200,0.42073,10.00
0.155640,4.994945,0.506934,0.42061,10.00
0.155650,4.994685,0.509536,0.42044,10.00
0.155660,4.995806,0.510577,0.41861,10.00
0.155670,4.996921,0.509975,0.41764,10.00
0.155680,4.997978,0.508494,0.41718,10.00
0.155690,4.998949,0.506579,0.41700,10.00
0.155700,4.999395,0.504488,0.41698,10.00
0.155710,4.998073,0.504196,0.41921,10.00
0.155720,4.996801,0.505871,0.42035,10.00
0.155730,4.995641,0.508545,0.42087,10.00
0.155740,4.994621,0.511657,0.42103,10.00
0.155750,4.994026,0.514885,0.42099,10.00
0.155760,4.994651,0.516876,0.41945,10.00
0.155770,4.995323,0.517479,0.41860,10.00
0.155780,4.995996,0.517293,0.41814,10.00
0.155790,4.996645,0.516671,0.41791,10.00
0.155800,4.997283,0.515822,0.41782,10.00
0.155810,4.997978,0.514754,0.41767,10.00
0.155820,4.998617,0.513533,0.41764,10.00
0.155830,4.999197,0.512263,0.41766,10.00
0.155840,4.999716,0.511003,0.41773,10.00
0.155850,4.999957,0.509787,0.41780,10.00
0.155860,4.999288,0.509568,0.41900,10.00
0.155870,4.998643,0.510397,0.41961,10.00
0.155880,4.998054,0.511761,0.41989,10.00
0.155890,4.997538,0.513360,0.41998,10.00
0.155900,4.997354,0.515023,0.41996,10.00
0.155910,4.998246,0.515562,0.41859,10.00
0.155920,4.999123,0.514873,0.41788,10.00
0.155930,4.999944,0.513537,0.41754,10.00
0.155940,5.000693,0.511892,0.41742,10.00
0.155950,5.001283,0.510132,0.41742,10.00
0.155960,5.001493,0.508695,0.41787,10.00
0.155970,5.001649,0.507658,0.41815,10.00
0.155980,5.001765,0.506873,0.41834,10.00
0.155990,5.001849,0.506255,0.41846,10.00
0.156000,5.002266,0.505750,0.41854,10.00
0.156010,5.004057,0.503802,0.41680,10.00
0.156020,5.005705,0.500321,0.41598,10.00
0.156030,5.007167,0.496140,0.41571,10.00
0.156040,5.008425,0.491740,0.41573,10.00
0.156050,5.009133,0.487392,0.41590,10.00
0.156060,5.008299,0.484716,0.41791,10.00
0.156070,5.007400,0.483857,0.41903,10.00
0.156080,5.006497,0.484034,0.41963,10.00
0.156090,5.005623,0.484787,0.41993,10.00
0.156100,5.004754,0.485846,0.42005,10.00
0.156110,5.003778,0.487230,0.42029,10.00
0.156120,5.002876,0.488855,0.42036,10.00
0.156130,5.002055,0.490568,0.42033,10.00
0.156140,5.001315,0.492279,0.42025,10.00
0.156150,5.000704,0.493938,0.42015,10.00
0.156160,5.000361,0.495310,0.41978,10.00
0.156170,5.000072,0.496370,0.41955,10.00
0.156180,4.999826,0.497228,0.41939,10.00
0.156190,4.999617,0.497949,0.41928,10.00
0.156200,4.999230,0.498573,0.41919,10.00
0.156210,4.998053,0.500015,0.42018,10.00
0.156220,4.996974,0.502332,0.42063,10.00
0.156230,4.996017,0.505037,0.42077,10.00
0.156240,4.995190,0.507852,0.42074,10.00
0.156250,4.994563,0.510618,0.42061,10.00
0.156260,4.994328,0.512958,0.42010,10.00
0.156270,4.994187,0.514813,0.41974,10.00
0.156280,4.994121,0.516325,0.41949,10.00
0.156290,4.994117,0.517584,0.41931,10.00
0.156300,4.994569,0.518644,0.41917,10.00
0.156310,4.996639,0.517820,0.41701,10.00
0.156320,4.998605,0.515057,0.41594,10.00
0.156330,5.000407,0.511330,0.41551,10.00
0.156340,5.002020,0.507204,0.41543,10.00
0.156350,5.003222,0.503003,0.41555,10.00
0.156360,5.003396,0.499822,0.41685,10.00
0.156370,5.003459,0.497801,0.41763,10.00
0.156380,5.003450,0.496486,0.41810,10.00
0.156390,5.003395,0.495606,0.41839,10.00
0.156400,5.003330,0.495002,0.41857,10.00
0.156410,5.003332,0.494481,0.41857,10.00
0.156420,5.003311,0.493979,0.41859,10.00
0.156430,5.003268,0.493516,0.41863,10.00
0.156440,5.003205,0.493100,0.41866,10.00
0.156450,5.002937,0.492733,0.41869,10.00
0.156460,5.001919,0.493219,0.41968,10.00
0.156470,5.000955,0.494593,0.42016,10.00
0.156480,5.000070,0.496407,0.42035,10.00
0.156490,4.999278,0.498399,0.42038,10.00
0.156500,4.998863,0.500421,0.42032,10.00
0.156510,4.999640,0.501188,0.41878,10.00
0.156520,5.000408,0.500596,0.41798,10.00
0.156530,5.001125,0.499292,0.41759,10.00
0.156540,5.001769,0.497649,0.41745,10.00
0.156550,5.002162,0.495883,0.41744,10.00
0.156560,5.001813,0.494838,0.41835,10.00
0.156570,5.001443,0.494616,0.41886,10.00
0.156580,5.001078,0.494853,0.41912,10.00
0.156590,5.000732,0.495334,0.41925,10.00
0.156600,5.000364,0.495936,0.41930,10.00
0.156610,4.999834,0.496795,0.41955,10.00
0.156620,4.999353,0.497880,0.41964,10.00
0.156630,4.998925,0.499051,0.41965,10.00
0.156640,4.998553,0.500228,0.41961,10.00
0.156650,4.998471,0.501365,0.41954,10.00
0.156660,4.999360,0.501433,0.41827,10.00
0.156670,5.000215,0.500373,0.41763,10.00
0.156680,5.001001,0.498740,0.41734,10.00
0.156690,5.001701,0.496854,0.41726,10.00
0.156700,5.002066,0.494900,0.41729,10.00
0.156710,5.001389,0.494021,0.41861,10.00
0.156720,5.000711,0.494324,0.41932,10.00
0.156730,5.000068,0.495259,0.41966,10.00
0.156740,4.999480,0.496507,0.41980,10.00
0.156750,4.998988,0.497883,0.41983,10.00
0.156760,4.998686,0.499144,0.41962,10.00
0.156770,4.998438,0.500223,0.41947,10.00
0.156780,4.998236,0.501164,0.41936,10.00
0.156790,4.998075,0.501996,0.41926,10.00
0.156800,4.997907,0.502734,0.41918,10.00
0.156810,4.997602,0.503576,0.41933,10.00
0.156820,4.997341,0.504539,0.41937,10.00
0.156830,4.997126,0.505527,0.41936,10.00
0.156840,4.996956,0.506488,0.41931,10.00
0.156850,4.996850,0.507392,0.41925,10.00
0.156860,4.996861,0.508141,0.41908,10.00
0.156870,4.996901,0.508724,0.41897,10.00
0.156880,4.996965,0.509188,0.41889,10.00
0.156890,4.997046,0.509562,0.41883,10.00
0.156900,4.997239,0.509865,0.41878,10.00
0.156910,4.997819,0.509699,0.41826,10.00
0.156920,4.998375,0.509055,0.41800,10.00
0.156930,4.998891,0.508166,0.41789,10.00
0.156940,4.999362,0.507170,0.41787,10.00
0.156950,4.999836,0.506146,0.41790,10.00
0.156960,5.000463,0.504919,0.41769,10.00
0.156970,5.001025,0.503504,0.41763,10.00
0.156980,5.001519,0.502037,0.41766,10.00
0.156990,5.001945,0.500593,0.41772,10.00
0.157000,5.002150,0.499215,0.41781,10.00
0.157010,5.001691,0.498584,0.41869,10.00
0.157020,5.001228,0.498740,0.41916,10.00
0.157030,5.000788,0.499321,0.41940,10.00
0.157040,5.000381,0.500114,0.41949,10.00
0.157050,4.999950,0.500997,0.41951,10.00
0.157060,4.999305,0.502180,0.41982,10.00
0.157070,4.998724,0.503635,0.41993,10.00
0.157080,4.998216,0.505186,0.41993,10.00
0.157090,4.997780,0.506731,0.41987,10.00
0.157100,4.997404,0.508214,0.41978,10.00
0.157110,4.997056,0.509649,0.41973,10.00
0.157120,4.996773,0.511023,0.41965,10.00
0.157130,4.996551,0.512308,0.41955,10.00
0.157140,4.996386,0.513491,0.41946,10.00
0.157150,4.996250,0.514565,0.41936,10.00
0.157160,4.996074,0.515628,0.41938,10.00
0.157170,4.995946,0.516686,0.41935,10.00
0.157180,4.995866,0.517693,0.41929,10.00
0.157190,4.995830,0.518622,0.41923,10.00
0.157200,4.996104,0.519464,0.41915,10.00
0.157210,4.997463,0.519067,0.41772,10.00
0.157220,4.998760,0.517379,0.41701,10.00
0.157230,4.999955,0.515041,0.41671,10.00
0.157240,5.001029,0.512425,0.41665,10.00
0.157250,5.002139,0.509746,0.41672,10.00
0.157260,5.003749,0.506441,0.41604,10.00
0.157270,5.005183,0.502545,0.41583,10.00
0.157280,5.006429,0.498471,0.41586,10.00
0.157290,5.007484,0.494455,0.41604,10.00
0.157300,5.007781,0.490624,0.41628,10.00
0.157310,5.005662,0.489501,0.41947,10.00
0.157320,5.003585,0.491232,0.42112,10.00
0.157330,5.001640,0.494460,0.42190,10.00
0.157340,4.999873,0.498397,0.42217,10.00
0.157350,4.998535,0.502588,0.42216,10.00
0.157360,4.998313,0.505768,0.42080,10.00
0.157370,4.998201,0.507747,0.41999,10.00
0.157380,4.998159,0.509003,0.41950,10.00
0.157390,4.998161,0.509820,0.41921,10.00
0.157400,4.998415,0.510366,0.41903,10.00
0.157410,4.999556,0.509791,0.41779,10.00
0.157420,5.000634,0.508111,0.41718,10.00
0.157430,5.001614,0.505891,0.41694,10.00
0.157440,5.002482,0.503454,0.41690,10.00
0.157450,5.002947,0.500988,0.41697,10.00
0.157460,5.002180,0.499821,0.41856,10.00
0.157470,5.001405,0.500066,0.41940,10.00
0.157480,5.000667,0.501070,0.41982,10.00
0.157490,4.999990,0.502455,0.42000,10.00
0.157500,4.999531,0.504000,0.42003,10.00
0.157510,4.999720,0.504949,0.41925,10.00
0.157520,4.999932,0.505203,0.41881,10.00
0.157530,5.000143,0.505071,0.41858,10.00
0.157540,5.000340,0.504734,0.41847,10.00
0.157550,5.000587,0.504299,0.41843,10.00
0.157560,5.001076,0.503537,0.41808,10.00
0.157570,5.001519,0.502470,0.41793,10.00
0.157580,5.001908,0.501276,0.41790,10.00
0.157590,5.002240,0.500060,0.41793,10.00
0.157600,5.002629,0.498879,0.41799,10.00
0.157610,5.003404,0.497285,0.41749,10.00
0.157620,5.004089,0.495270,0.41731,10.00
0.157630,5.004675,0.493107,0.41729,10.00
0.157640,5.005161,0.490951,0.41736,10.00
0.157650,5.005554,0.488887,0.41748,10.00
0.157660,5.005879,0.486935,0.41760,10.00
0.157670,5.006116,0.485115,0.41773,10.00
0.157680,5.006275,0.483446,0.41787,10.00
0.157690,5.006361,0.481938,0.41800,10.00
0.157700,5.006441,0.480588,0.41813,10.00
0.157710,5.006689,0.479144,0.41795,10.00
0.157720,5.006867,0.477587,0.41792,10.00
0.157730,5.006973,0.476046,0.41797,10.00
0.157740,5.007012,0.474590,0.41805,10.00
0.157750,5.006712,0.473254,0.41815,10.00
0.157760,5.005284,0.473225,0.41965,10.00
0.157770,5.003902,0.474561,0.42041,10.00
0.157780,5.002608,0.476609,0.42074,10.00
0.157790,5.001422,0.478987,0.42084,10.00
0.157800,5.000566,0.481476,0.42080,10.00
0.157810,5.000656,0.483043,0.41961,10.00
0.157820,5.000786,0.483576,0.41895,10.00
0.157830,5.000922,0.483537,0.41860,10.00
0.157840,5.001048,0.483199,0.41842,10.00
0.157850,5.000972,0.482718,0.41835,10.00
0.157860,5.000169,0.482954,0.41924,10.00
0.157870,4.999404,0.483992,0.41969,10.00
0.157880,4.998702,0.485434,0.41987,10.00
0.157890,4.998074,0.487047,0.41991,10.00
0.157900,4.997642,0.488698,0.41988,10.00
0.157910,4.997747,0.489808,0.41919,10.00
0.157920,4.997885,0.490312,0.41881,10.00
0.157930,4.998034,0.490468,0.41859,10.00
0.157940,4.998185,0.490430,0.41848,10.00
0.157950,4.998273,0.490285,0.41842,10.00
0.157960,4.998134,0.490327,0.41869,10.00
0.157970,4.998004,0.490595,0.41882,10.00
0.157980,4.997890,0.490974,0.41888,10.00
0.157990,4.997795,0.491398,0.41889,10.00
0.158000,4.997493,0.491829,0.41888,10.00
0.158010,4.996324,0.493214,0.42001,10.00
0.158020,4.995253,0.495588,0.42053,10.00
0.158030,4.994308,0.498407,0.42071,10.00
0.158040,4.993499,0.501357,0.42069,10.00
0.158050,4.993059,0.504264,0.42056,10.00
0.158060,4.993649,0.506047,0.41922,10.00
0.158070,4.994282,0.506609,0.41847,10.00
0.158080,4.994917,0.506476,0.41807,10.00
0.158090,4.995532,0.505956,0.41787,10.00
0.158100,4.995950,0.505231,0.41779,10.00
0.158110,4.995687,0.505108,0.41861,10.00
0.158120,4.995441,0.505682,0.41903,10.00
0.158130,4.995233,0.506601,0.41922,10.00
0.158140,4.995071,0.507661,0.41928,10.00
0.158150,4.995282,0.508747,0.41927,10.00
0.158160,4.996799,0.508419,0.41759,10.00
0.158170,4.998249,0.506581,0.41675,10.00
0.158180,4.999587,0.503980,0.41639,10.00
0.158190,5.000790,0.501049,0.41631,10.00
0.158200,5.001726,0.498039,0.41638,10.00
0.158210,5.002036,0.495623,0.41716,10.00
0.158220,5.002254,0.493903,0.41765,10.00
0.158230,5.002406,0.492624,0.41796,10.00
0.158240,5.002507,0.491633,0.41817,10.00
0.158250,5.002561,0.490838,0.41832,10.00
0.158260,5.002551,0.490218,0.41846,10.00
0.158270,5.002517,0.489740,0.41856,10.00
0.158280,5.002464,0.489362,0.41863,10.00
0.158290,5.002397,0.489060,0.41867,10.00
0.158300,5.002334,0.488816,0.41871,10.00
0.158310,5.002322,0.488553,0.41866,10.00
0.158320,5.002298,0.488259,0.41865,10.00
0.158330,5.002260,0.487967,0.41865,10.00
0.158340,5.002210,0.487693,0.41866,10.00
0.158350,5.001784,0.487447,0.41868,10.00
0.158360,4.999931,0.488781,0.42054,10.00
0.158370,4.998196,0.491769,0.42143,10.00
0.158380,4.996628,0.495550,0.42177,10.00
0.158390,4.995248,0.499624,0.42180,10.00
0.158400,4.994342,0.503709,0.42166,10.00
0.158410,4.994720,0.506447,0.42000,10.00
0.158420,4.995177,0.507697,0.41906,10.00
0.158430,4.995664,0.508086,0.41854,10.00
0.158440,4.996151,0.507981,0.41825,10.00
0.158450,4.996594,0.507600,0.41811,10.00
0.158460,4.996897,0.507197,0.41821,10.00
0.158470,4.997181,0.506854,0.41827,10.00
0.158480,4.997450,0.506545,0.41831,10.00
0.158490,4.997705,0.506255,0.41834,10.00
0.158500,4.998051,0.505977,0.41837,10.00
0.158510,4.998799,0.505252,0.41786,10.00
0.158520,4.999497,0.504059,0.41762,10.00
0.158530,5.000131,0.502649,0.41755,10.00
0.158540,5.000695,0.501166,0.41756,10.00
0.158550,5.001066,0.499694,0.41763,10.00
0.158560,5.000886,0.498807,0.41834,10.00
0.158570,5.000686,0.498554,0.41874,10.00
0.158580,5.000485,0.498653,0.41895,10.00
0.158590,5.000295,0.498940,0.41905,10.00
0.158600,5.000090,0.499319,0.41909,10.00
0.158610,4.999780,0.499871,0.41926,10.00
0.158620,4.999500,0.500571,0.41932,10.00
0.158630,4.999255,0.501324,0.41933,10.00
0.158640,4.999045,0.502079,0.41930,10.00
0.158650,4.999028,0.502805,0.41926,10.00
0.158660,4.999658,0.502814,0.41841,10.00
0.158670,5.000264,0.502067,0.41798,10.00
0.158680,5.000822,0.500935,0.41779,10.00
0.158690,5.001320,0.499633,0.41774,10.00
0.158700,5.001393,0.498286,0.41776,10.00
0.158710,4.999990,0.498508,0.41966,10.00
0.158720,4.998654,0.500409,0.42061,10.00
0.158730,4.997435,0.503151,0.42102,10.00
0.158740,4.996357,0.506248,0.42112,10.00
0.158750,4.995574,0.509423,0.42105,10.00
0.158760,4.995508,0.511895,0.42016,10.00
0.158770,4.995531,0.513549,0.41961,10.00
0.158780,4.995614,0.514691,0.41927,10.00
0.158790,4.995739,0.515501,0.41905,10.00
0.158800,4.996239,0.516090,0.41890,10.00
0.158810,4.998108,0.515050,0.41706,10.00
0.158820,4.999872,0.512355,0.41616,10.00
0.158830,5.001482,0.508850,0.41581,10.00
0.158840,5.002915,0.505024,0.41576,10.00
0.158850,5.004002,0.501158,0.41589,10.00
0.158860,5.004270,0.498107,0.41693,10.00
0.158870,5.004426,0.495991,0.41757,10.00
0.158880,5.004503,0.494462,0.41798,10.00
0.158890,5.004520,0.493314,0.41824,10.00
0.158900,5.004379,0.492423,0.41842,10.00
0.158910,5.003763,0.492196,0.41912,10.00
0.158920,5.003157,0.492608,0.41948,10.00
0.158930,5.002584,0.493362,0.41965,10.00
0.158940,5.002052,0.494283,0.41971,10.00
0.158950,5.001596,0.495271,0.41970,10.00
0.158960,5.001305,0.496139,0.41951,10.00
0.158970,5.001049,0.496848,0.41938,10.00
0.158980,5.000825,0.497450,0.41928,10.00
0.158990,5.000626,0.497976,0.41921,10.00
0.159000,5.000610,0.498447,0.41916,10.00
0.159010,5.001239,0.498191,0.41830,10.00
0.159020,5.001831,0.497184,0.41788,10.00
0.159030,5.002363,0.495809,0.41771,10.00
0.159040,5.002826,0.494289,0.41767,10.00
0.159050,5.002964,0.492748,0.41771,10.00
0.159060,5.002048,0.492335,0.41907,10.00
0.159070,5.001152,0.493136,0.41977,10.00
0.159080,5.000316,0.494573,0.42010,10.00
0.159090,4.999558,0.496308,0.42021,10.00
0.159100,4.998867,0.498146,0.42020,10.00
0.159110,4.998193,0.500052,0.42021,10.00
0.159120,4.997609,0.501969,0.42015,10.00
0.159130,4.997113,0.503822,0.42004,10.00
0.159140,4.996701,0.505569,0.41992,10.00
0.159150,4.996585,0.507190,0.41979,10.00
0.159160,4.997391,0.507749,0.41856,10.00
0.159170,4.998186,0.507199,0.41791,10.00
0.159180,4.998935,0.506063,0.41760,10.00
0.159190,4.999620,0.504641,0.41749,10.00
0.159200,5.000126,0.503111,0.41749,10.00
0.159210,5.000137,0.502035,0.41809,10.00
0.159220,5.000114,0.501491,0.41844,10.00
0.159230,5.000075,0.501253,0.41864,10.00
0.159240,5.000031,0.501188,0.41874,10.00
0.159250,4.999839,0.501218,0.41880,10.00
0.159260,4.999078,0.501926,0.41957,10.00
0.159270,4.998371,0.503314,0.41994,10.00
0.159280,4.997741,0.505018,0.42007,10.00
0.159290,4.997195,0.506830,0.42007,10.00
0.159300,4.996990,0.508630,0.42000,10.00
0.159310,4.997869,0.509258,0.41860,10.00
0.159320,4.998735,0.508628,0.41786,10.00
0.159330,4.999549,0.507333,0.41751,10.00
0.159340,5.000291,0.505718,0.41738,10.00
0.159350,5.000740,0.503983,0.41738,10.00
0.159360,5.000279,0.503147,0.41852,10.00
0.159370,4.999812,0.503316,0.41912,10.00
0.159380,4.999370,0.504023,0.41943,10.00
0.159390,4.998971,0.504993,0.41955,10.00
0.159400,4.998923,0.506070,0.41958,10.00
0.159410,5.000105,0.505874,0.41802,10.00
0.159420,5.001232,0.504296,0.41724,10.00
0.159430,5.002262,0.502024,0.41690,10.00
0.159440,5.003174,0.499457,0.41682,10.00
0.159450,5.003739,0.496825,0.41687,10.00
0.159460,5.003310,0.495210,0.41813,10.00
0.159470,5.002842,0.494729,0.41883,10.00
0.159480,5.002374,0.494884,0.41921,10.00
0.159490,5.001925,0.495387,0.41939,10.00
0.159500,5.001400,0.496067,0.41947,10.00
0.159510,5.000498,0.497276,0.42001,10.00
0.159520,4.999671,0.498977,0.42025,10.00
0.159530,4.998930,0.500888,0.42030,10.00
0.159540,4.998281,0.502845,0.42025,10.00
0.159550,4.997775,0.504757,0.42015,10.00
0.159560,4.997554,0.506356,0.41977,10.00
0.159570,4.997397,0.507607,0.41952,10.00
0.159580,4.997290,0.508619,0.41934,10.00
0.159590,4.997225,0.509460,0.41921,10.00
0.159600,4.997101,0.510170,0.41911,10.00
0.159610,4.996640,0.511177,0.41951,10.00
0.159620,4.996237,0.512516,0.41967,10.00
0.159630,4.995900,0.513979,0.41970,10.00
0.159640,4.995632,0.515445,0.41966,10.00
0.159650,4.995677,0.516849,0.41958,10.00
0.159660,4.996748,0.517103,0.41824,10.00
0.159670,4.997789,0.516143,0.41755,10.00
0.159680,4.998763,0.514548,0.41723,10.00
0.159690,4.999652,0.512656,0.41713,10.00
0.159700,5.000446,0.510662,0.41715,10.00
0.159710,5.001140,0.508683,0.41724,10.00
0.159720,5.001743,0.506784,0.41737,10.00
0.159730,5.002260,0.504993,0.41750,10.00
0.159740,5.002697,0.503326,0.41764,10.00
0.159750,5.003121,0.501787,0.41777,10.00
0.159760,5.003714,0.500115,0.41759,10.00
0.159770,5.004225,0.498297,0.41756,10.00
0.159780,5.004650,0.496471,0.41761,10.00
0.159790,5.004992,0.494715,0.41771,10.00
0.159800,5.005183,0.493069,0.41783,10.00
0.159810,5.005018,0.491865,0.41832,10.00
0.159820,5.004812,0.491123,0.41861,10.00
0.159830,5.004582,0.490671,0.41879,10.00
0.159840,5.004337,0.490406,0.41890,10.00
0.159850,5.003791,0.490264,0.41897,10.00
0.159860,5.002094,0.491464,0.42050,10.00
0.159870,5.000499,0.494038,0.42123,10.00
0.159880,4.999049,0.497274,0.42150,10.00
0.159890,4.997760,0.500759,0.42152,10.00
0.159900,4.996768,0.504258,0.42139,10.00
0.159910,4.996452,0.507075,0.42053,10.00
0.159920,4.996242,0.509115,0.41998,10.00
0.159930,4.996112,0.510654,0.41963,10.00
0.159940,4.996042,0.511860,0.41939,10.00
0.159950,4.996183,0.512832,0.41922,10.00
0.159960,4.996991,0.512945,0.41828,10.00
0.159970,4.997777,0.512205,0.41780,10.00
0.159980,4.998511,0.511020,0.41758,10.00
0.159990,4.999183,0.509628,0.41752,10.00
0.160000,4.999704,0.508166,0.41753,10.00
0.160010,4.999839,0.507060,0.41801,10.00
0.160020,4.999935,0.506371,0.41830,10.00
0.160030,5.000007,0.505928,0.41847,10.00
0.160040,5.000063,0.505633,0.41857,10.00
0.160050,5.000008,0.505427,0.41863,10.00
0.160060,4.999556,0.505699,0.41917,10.00
0.160070,4.999134,0.506451,0.41944,10.00
0.160080,4.998754,0.507433,0.41954,10.00
0.160090,4.998423,0.508502,0.41956,10.00
0.160100,4.998256,0.509578,0.41953,10.00
0.160110,4.998581,0.510131,0.41889,10.00
0.160120,4.998912,0.510114,0.41855,10.00
0.160130,4.999232,0.509785,0.41838,10.00
0.160140,4.999531,0.509295,0.41830,10.00
0.160150,4.999844,0.508730,0.41828,10.00
0.160160,5.000284,0.507971,0.41809,10.00
0.160170,5.000683,0.507041,0.41802,10.00
0.160180,5.001036,0.506049,0.41802,10.00
0.160190,5.001342,0.505058,0.41806,10.00
0.160200,5.001666,0.504104,0.41812,10.00
0.160210,5.002194,0.502936,0.41786,10.00
0.160220,5.002660,0.501549,0.41778,10.00
0.160230,5.003058,0.500098,0.41779,10.00
0.160240,5.003389,0.498669,0.41785,10.00
0.160250,5.003628,0.497309,0.41794,10.00
0.160260,5.003698,0.496161,0.41817,10.00
0.160270,5.003722,0.495243,0.41834,10.00
0.160280,5.003709,0.494490,0.41846,10.00
0.160290,5.003665,0.493864,0.41855,10.00
0.160300,5.003567,0.493340,0.41862,10.00
0.160310,5.003335,0.493023,0.41882,10.00
0.160320,5.003095,0.492907,0.41894,10.00
0.160330,5.002855,0.492915,0.41900,10.00
0.160340,5.002619,0.492999,0.41903,10.00
0.160350,5.002423,0.493132,0.41905,10.00
0.160360,5.002371,0.493147,0.41887,10.00
0.160370,5.002315,0.493027,0.41879,10.00
0.160380,5.002252,0.492847,0.41875,10.00
0.160390,5.002181,0.492649,0.41874,10.00
0.160400,5.002048,0.492456,0.41874,10.00
0.160410,5.001698,0.492509,0.41902,10.00
0.160420,5.001360,0.492825,0.41916,10.00
0.160430,5.001042,0.493278,0.41922,10.00
0.160440,5.000748,0.493796,0.41923,10.00
0.160450,5.000365,0.494337,0.41922,10.00
0.160460,4.999563,0.495362,0.41977,10.00
0.160470,4.998825,0.496881,0.42002,10.00
0.160480,4.998167,0.498614,0.42008,10.00
0.160490,4.997592,0.500404,0.42005,10.00
0.160500,4.997381,0.502158,0.41996,10.00
0.160510,4.998345,0.502630,0.41843,10.00
0.160520,4.999287,0.501738,0.41764,10.00
0.160530,5.000162,0.500137,0.41727,10.00
0.160540,5.000950,0.498207,0.41714,10.00
0.160550,5.001426,0.496167,0.41715,10.00
0.160560,5.000958,0.495069,0.41834,10.00
0.160570,5.000474,0.495025,0.41898,10.00
0.160580,5.000006,0.495557,0.41931,10.00
0.160590,4.999573,0.496384,0.41946,10.00
0.160600,4.999321,0.497343,0.41950,10.00
0.160610,4.999647,0.497761,0.41879,10.00
0.160620,4.999972,0.497555,0.41842,10.00
0.160630,5.000277,0.497021,0.41824,10.00
0.160640,5.000551,0.496329,0.41817,10.00
0.160650,5.000745,0.495577,0.41816,10.00
0.160660,5.000725,0.495017,0.41842,10.00
0.160670,5.000687,0.494688,0.41857,10.00
0.160680,5.000638,0.494498,0.41866,10.00
0.160690,5.000584,0.494395,0.41871,10.00
0.160700,5.000541,0.494344,0.41874,10.00
0.160710,5.000555,0.494265,0.41869,10.00
0.160720,5.000563,0.494141,0.41866,10.00
0.160730,5.000566,0.494002,0.41865,10.00
0.160740,5.000562,0.493861,0.41866,10.00
0.160750,5.000734,0.493728,0.41866,10.00
0.160760,5.001611,0.492831,0.41775,10.00
0.160770,5.002420,0.491134,0.41732,10.00
0.160780,5.003137,0.489070,0.41717,10.00
0.160790,5.003753,0.486887,0.41717,10.00
0.160800,5.004002,0.484727,0.41726,10.00
0.160810,5.003121,0.483794,0.41873,10.00
0.160820,5.002240,0.484183,0.41951,10.00
0.160830,5.001402,0.485283,0.41989,10.00
0.160840,5.000628,0.486739,0.42004,10.00
0.160850,5.000032,0.488345,0.42007,10.00
0.160860,4.999916,0.489541,0.41950,10.00
0.160870,4.999839,0.490240,0.41916,10.00
0.160880,4.999787,0.490649,0.41897,10.00
0.160890,4.999748,0.490889,0.41885,10.00
0.160900,4.999787,0.491032,0.41879,10.00
0.160910,5.000102,0.490823,0.41840,10.00
0.160920,5.000396,0.490271,0.41821,10.00
0.160930,5.000658,0.489557,0.41813,10.00
0.160940,5.000886,0.488783,0.41812,10.00
0.160950,5.000798,0.488007,0.41815,10.00
0.160960,4.999589,0.488450,0.41960,10.00
0.160970,4.998444,0.490183,0.42032,10.00
0.160980,4.997402,0.492555,0.42062,10.00
0.160990,4.996480,0.495189,0.42068,10.00
0.161000,4.995619,0.497869,0.42061,10.00
0.161010,4.994627,0.500751,0.42080,10.00
0.161020,4.993776,0.503784,0.42079,10.00
0.161030,4.993065,0.506780,0.42067,10.00
0.161040,4.992490,0.509636,0.42049,10.00
0.161050,4.992352,0.512299,0.42029,10.00
0.161060,4.993535,0.513427,0.41852,10.00
0.161070,4.994717,0.512953,0.41758,10.00
0.161080,4.995846,0.511609,0.41712,10.00
0.161090,4.996896,0.509825,0.41694,10.00
0.161100,4.998023,0.507852,0.41692,10.00
0.161110,4.999709,0.505117,0.41613,10.00
0.161120,5.001242,0.501671,0.41583,10.00
0.161130,5.002602,0.497956,0.41581,10.00
0.161140,5.003787,0.494226,0.41595,10.00
0.161150,5.004395,0.490622,0.41616,10.00
0.161160,5.003259,0.488950,0.41845,10.00
0.161170,5.002113,0.489326,0.41968,10.00
0.161180,5.001022,0.490805,0.42029,10.00
0.161190,5.000020,0.492836,0.42054,10.00
0.161200,4.999189,0.495100,0.42059,10.00
0.161210,4.998735,0.497120,0.42018,10.00
0.161220,4.998363,0.498780,0.41990,10.00
0.161230,4.998061,0.500184,0.41969,10.00
0.161240,4.997819,0.501398,0.41953,10.00
0.161250,4.997616,0.502462,0.41941,10.00
0.161260,4.997405,0.503460,0.41937,10.00
0.161270,4.997239,0.504411,0.41931,10.00
0.161280,4.997116,0.505297,0.41925,10.00
0.161290,4.997031,0.506109,0.41918,10.00
0.161300,4.997202,0.506843,0.41911,10.00
0.161310,4.998264,0.506561,0.41794,10.00
0.161320,4.999277,0.505220,0.41735,10.00
0.161330,5.000209,0.503348,0.41710,10.00
0.161340,5.001044,0.501250,0.41705,10.00
0.161350,5.001672,0.499101,0.41710,10.00
0.161360,5.001782,0.497456,0.41775,10.00
0.161370,5.001834,0.496392,0.41814,10.00
0.161380,5.001847,0.495682,0.41838,10.00
0.161390,5.001835,0.495192,0.41853,10.00
0.161400,5.001780,0.494843,0.41862,10.00
0.161410,5.001620,0.494688,0.41881,10.00
0.161420,5.001458,0.494705,0.41891,10.00
0.161430,5.001301,0.494817,0.41895,10.00
0.161440,5.001151,0.494981,0.41898,10.00
0.161450,5.001142,0.495172,0.41898,10.00
0.161460,5.001662,0.494806,0.41830,10.00
0.161470,5.002145,0.493850,0.41797,10.00
0.161480,5.002574,0.492613,0.41784,10.00
0.161490,5.002942,0.491272,0.41783,10.00
0.161500,5.003314,0.489929,0.41787,10.00
0.161510,5.003885,0.488355,0.41760,10.00
0.161520,5.004376,0.486566,0.41753,10.00
0.161530,5.004782,0.484734,0.41756,10.00
0.161540,5.005104,0.482956,0.41765,10.00
0.161550,5.004984,0.481283,0.41776,10.00
0.161560,5.003380,0.481284,0.41972,10.00
0.161570,5.001835,0.483040,0.42071,10.00
0.161580,5.000404,0.485696,0.42114,10.00
0.161590,4.999112,0.488755,0.42126,10.00
0.161600,4.998174,0.491930,0.42121,10.00
0.161610,4.998185,0.494184,0.42002,10.00
0.161620,4.998267,0.495385,0.41934,10.00
0.161630,4.998385,0.495974,0.41894,10.00
0.161640,4.998519,0.496207,0.41872,10.00
0.161650,4.998727,0.496237,0.41860,10.00
0.161660,4.999203,0.495857,0.41818,10.00
0.161670,4.999648,0.495105,0.41799,10.00
0.161680,5.000052,0.494177,0.41792,10.00
0.161690,5.000411,0.493186,0.41792,10.00
0.161700,5.000504,0.492195,0.41796,10.00
0.161710,4.999705,0.492168,0.41911,10.00
0.161720,4.998939,0.493166,0.41970,10.00
0.161730,4.998237,0.494685,0.41996,10.00
0.161740,4.997614,0.496430,0.42004,10.00
0.161750,4.997246,0.498234,0.42001,10.00
0.161760,4.997626,0.499275,0.41906,10.00
0.161770,4.998027,0.499466,0.41854,10.00
0.161780,4.998421,0.499185,0.41827,10.00
0.161790,4.998793,0.498654,0.41814,10.00
0.161800,4.999061,0.498002,0.41810,10.00
0.161810,4.999001,0.497624,0.41848,10.00
0.161820,4.998935,0.497579,0.41869,10.00
0.161830,4.998872,0.497713,0.41880,10.00
0.161840,4.998818,0.497936,0.41885,10.00
0.161850,4.999176,0.498196,0.41886,10.00
0.161860,5.001102,0.496761,0.41684,10.00
0.161870,5.002902,0.493536,0.41587,10.00
0.161880,5.004521,0.489457,0.41550,10.00
0.161890,5.005937,0.485066,0.41547,10.00
0.161900,5.006568,0.480670,0.41563,10.00
0.161910,5.004743,0.478908,0.41880,10.00
0.161920,5.002930,0.479982,0.42047,10.00
0.161930,5.001219,0.482569,0.42128,10.00
0.161940,4.999655,0.485893,0.42160,10.00
0.161950,4.998394,0.489508,0.42163,10.00
0.161960,4.997831,0.492581,0.42082,10.00
0.161970,4.997390,0.494939,0.42030,10.00
0.161980,4.997045,0.496827,0.41994,10.00
0.161990,4.996778,0.498389,0.41969,10.00
0.162000,4.996684,0.499714,0.41950,10.00
0.162010,4.997065,0.500397,0.41881,10.00
0.162020,4.997458,0.500453,0.41844,10.00
0.162030,4.997841,0.500160,0.41824,10.00
0.162040,4.998204,0.499681,0.41815,10.00
0.162050,4.998547,0.499112,0.41813,10.00
0.162060,4.998888,0.498479,0.41810,10.00
0.162070,4.999197,0.497815,0.41811,10.00
0.162080,4.999475,0.497153,0.41814,10.00
0.162090,4.999722,0.496512,0.41818,10.00
0.162100,5.000003,0.495903,0.41823,10.00
0.162110,5.000505,0.495061,0.41795,10.00
0.162120,5.000959,0.493973,0.41785,10.00
0.162130,5.001358,0.492793,0.41783,10.00
0.162140,5.001702,0.491606,0.41787,10.00
0.162150,5.002010,0.490459,0.41794,10.00
0.162160,5.002343,0.489296,0.41792,10.00
0.162170,5.002622,0.488126,0.41795,10.00
0.162180,5.002847,0.486998,0.41801,10.00
0.162190,5.003021,0.485942,0.41809,10.00
0.162200,5.003242,0.484968,0.41817,10.00
0.162210,5.003778,0.483690,0.41778,10.00
0.162220,5.004245,0.482090,0.41763,10.00
0.162230,5.004633,0.480383,0.41762,10.00
0.162240,5.004942,0.478691,0.41768,10.00
0.162250,5.004768,0.477080,0.41778,10.00
0.162260,5.002937,0.477319,0.41995,10.00
0.162270,5.001183,0.479504,0.42104,10.00
0.162280,4.999566,0.482676,0.42151,10.00
0.162290,4.998113,0.486279,0.42163,10.00
0.162300,4.997092,0.489992,0.42155,10.00
0.162310,4.997252,0.492533,0.42006,10.00
0.162320,4.997488,0.493750,0.41921,10.00
0.162330,4.997755,0.494205,0.41873,10.00
0.162340,4.998030,0.494227,0.41848,10.00
0.162350,4.998369,0.494008,0.41834,10.00
0.162360,4.998975,0.493355,0.41792,10.00
0.162370,4.999537,0.492319,0.41773,10.00
0.162380,5.000045,0.491110,0.41767,10.00
0.162390,5.000493,0.489848,0.41769,10.00
0.162400,5.000734,0.488602,0.41775,10.00
0.162410,5.000338,0.488044,0.41858,10.00
0.162420,4.999940,0.488224,0.41902,10.00
0.162430,4.999564,0.488797,0.41924,10.00
0.162440,4.999221,0.489565,0.41932,10.00
0.162450,4.999085,0.490412,0.41934,10.00
0.162460,4.999640,0.490559,0.41847,10.00
0.162470,5.000177,0.489935,0.41802,10.00
0.162480,5.000671,0.488916,0.41782,10.00
0.162490,5.001112,0.487720,0.41776,10.00
0.162500,5.001244,0.486473,0.41777,10.00
0.162510,5.000342,0.486313,0.41909,10.00
0.162520,4.999472,0.487327,0.41977,10.00
0.162530,4.998670,0.488943,0.42008,10.00
0.162540,4.997954,0.490829,0.42017,10.00
0.162550,4.997326,0.492793,0.42014,10.00
0.162560,4.996780,0.494738,0.42007,10.00
0.162570,4.996323,0.496605,0.41996,10.00
0.162580,4.995949,0.498356,0.41983,10.00
0.162590,4.995654,0.499976,0.41969,10.00
0.162600,4.995486,0.501456,0.41956,10.00
0.162610,4.995607,0.502555,0.41915,10.00
0.162620,4.995765,0.503263,0.41890,10.00
0.162630,4.995948,0.503723,0.41874,10.00
0.162640,4.996146,0.504020,0.41865,10.00
0.162650,4.996263,0.504207,0.41859,10.00
0.162660,4.996036,0.504697,0.41900,10.00
0.162670,4.995842,0.505530,0.41919,10.00
0.162680,4.995692,0.506507,0.41925,10.00
0.162690,4.995587,0.507514,0.41925,10.00
0.162700,4.995573,0.508488,0.41921,10.00
0.162710,4.995773,0.509208,0.41892,10.00
0.162720,4.995998,0.509648,0.41875,10.00
0.162730,4.996236,0.509907,0.41864,10.00
0.162740,4.996481,0.510046,0.41858,10.00
0.162750,4.996574,0.510101,0.41854,10.00
0.162760,4.996059,0.510759,0.41930,10.00
0.162770,4.995596,0.512066,0.41966,10.00
0.162780,4.995204,0.513665,0.41979,10.00
0.162790,4.994888,0.515350,0.41980,10.00
0.162800,4.994892,0.517006,0.41973,10.00
0.162810,4.995911,0.517542,0.41841,10.00
0.162820,4.996914,0.516879,0.41772,10.00
0.162830,4.997863,0.515574,0.41740,10.00
0.162840,4.998740,0.513954,0.41728,10.00
0.162850,4.999436,0.512209,0.41728,10.00
0.162860,4.999666,0.510867,0.41784,10.00
0.162870,4.999847,0.510011,0.41818,10.00
0.162880,4.999997,0.509440,0.41838,10.00
0.162890,5.000126,0.509039,0.41850,10.00
0.162900,5.000342,0.508739,0.41858,10.00
0.162910,5.000948,0.508059,0.41811,10.00
0.162920,5.001508,0.506957,0.41789,10.00
0.162930,5.002010,0.505663,0.41782,10.00
0.162940,5.002449,0.504311,0.41784,10.00
0.162950,5.002781,0.502975,0.41790,10.00
0.162960,5.002884,0.501882,0.41819,10.00
0.162970,5.002944,0.501063,0.41839,10.00
0.162980,5.002972,0.500425,0.41852,10.00
0.162990,5.002975,0.499912,0.41860,10.00
0.163000,5.002977,0.499491,0.41867,10.00
0.163010,5.003042,0.499053,0.41862,10.00
0.163020,5.003084,0.498580,0.41860,10.00
0.163030,5.003106,0.498112,0.41862,10.00
0.163040,5.003106,0.497669,0.41864,10.00
0.163050,5.003095,0.497262,0.41867,10.00
0.163060,5.003095,0.496864,0.41866,10.00
0.163070,5.003077,0.496476,0.41868,10.00
0.163080,5.003042,0.496114,0.41870,10.00
0.163090,5.002991,0.495785,0.41872,10.00
0.163100,5.002838,0.495494,0.41875,10.00
0.163110,5.002324,0.495622,0.41922,10.00
0.163120,5.001831,0.496186,0.41946,10.00
0.163130,5.001372,0.496973,0.41956,10.00
0.163140,5.000955,0.497856,0.41958,10.00
0.163150,5.000477,0.498766,0.41956,10.00
0.163160,4.999644,0.500097,0.42003,10.00
0.163170,4.998887,0.501846,0.42021,10.00
0.163180,4.998219,0.503761,0.42024,10.00
0.163190,4.997641,0.505694,0.42018,10.00
0.163200,4.997224,0.507565,0.42008,10.00
0.163210,4.997174,0.509023,0.41959,10.00
0.163220,4.997177,0.510031,0.41928,10.00
0.163230,4.997218,0.510752,0.41909,10.00
0.163240,4.997285,0.511283,0.41896,10.00
0.163250,4.997539,0.511684,0.41888,10.00
0.163260,4.998454,0.511283,0.41798,10.00
0.163270,4.999324,0.510071,0.41754,10.00
0.163280,5.000122,0.508456,0.41736,10.00
0.163290,5.000838,0.506675,0.41733,10.00
0.163300,5.001287,0.504862,0.41738,10.00
0.163310,5.000945,0.503870,0.41839,10.00
0.163320,5.000585,0.503775,0.41895,10.00
0.163330,5.000237,0.504169,0.41923,10.00
0.163340,4.999917,0.504814,0.41936,10.00
0.163350,4.999784,0.505571,0.41940,10.00
0.163360,5.000289,0.505704,0.41861,10.00
0.163370,5.000778,0.505138,0.41820,10.00
0.163380,5.001227,0.504212,0.41802,10.00
0.163390,5.001628,0.503125,0.41796,10.00
0.163400,5.001809,0.501990,0.41797,10.00
0.163410,5.001284,0.501585,0.41887,10.00
0.163420,5.000768,0.501977,0.41934,10.00
0.163430,5.000284,0.502789,0.41956,10.00
0.163440,4.999845,0.503802,0.41964,10.00
0.163450,4.999516,0.504887,0.41964,10.00
0.163460,4.999475,0.505716,0.41930,10.00
0.163470,4.999462,0.506236,0.41909,10.00
0.163480,4.999468,0.506569,0.41896,10.00
0.163490,4.999485,0.506786,0.41889,10.00
0.163500,4.999697,0.506930,0.41884,10.00
0.163510,5.000642,0.506232,0.41787,10.00
0.163520,5.001524,0.504669,0.41740,10.00
0.163530,5.002320,0.502693,0.41722,10.00
0.163540,5.003018,0.500565,0.41721,10.00
0.163550,5.003523,0.498434,0.41728,10.00
0.163560,5.003575,0.496771,0.41786,10.00
0.163570,5.003566,0.495639,0.41822,10.00
0.163580,5.003516,0.494843,0.41844,10.00
0.163590,5.003437,0.494265,0.41859,10.00
0.163600,5.003161,0.493836,0.41869,10.00
0.163610,5.002189,0.494255,0.41963,10.00
0.163620,5.001266,0.495530,0.42010,10.00
0.163630,5.000418,0.497230,0.42029,10.00
0.163640,4.999656,0.499107,0.42032,10.00
0.163650,4.999106,0.501015,0.42026,10.00
0.163660,4.999118,0.502358,0.41955,10.00
0.163670,4.999172,0.503066,0.41913,10.00
0.163680,4.999247,0.503404,0.41889,10.00
0.163690,4.999331,0.503530,0.41876,10.00
0.163700,4.999569,0.503533,0.41869,10.00
0.163710,5.000400,0.502818,0.41788,10.00
0.163720,5.001174,0.501386,0.41750,10.00
0.163730,5.001869,0.499617,0.41736,10.00
0.163740,5.002476,0.497729,0.41736,10.00
0.163750,5.002915,0.495849,0.41743,10.00
0.163760,5.002957,0.494384,0.41794,10.00
0.163770,5.002946,0.493387,0.41826,10.00
0.163780,5.002898,0.492687,0.41845,10.00
0.163790,5.002824,0.492180,0.41858,10.00
0.163800,5.002651,0.491804,0.41867,10.00
0.163810,5.002151,0.491864,0.41913,10.00
0.163820,5.001668,0.492352,0.41937,10.00
0.163830,5.001216,0.493062,0.41947,10.00
0.163840,5.000802,0.493874,0.41949,10.00
0.163850,5.000593,0.494718,0.41947,10.00
0.163860,5.001070,0.494848,0.41860,10.00
0.163870,5.001528,0.494209,0.41815,10.00
0.163880,5.001943,0.493181,0.41794,10.00
0.163890,5.002304,0.491984,0.41788,10.00
0.163900,5.002276,0.490744,0.41789,10.00
0.163910,5.000897,0.490946,0.41963,10.00
0.163920,4.999579,0.492695,0.42050,10.00
0.163930,4.998370,0.495224,0.42088,10.00
0.163940,4.997292,0.498088,0.42097,10.00
0.163950,4.996580,0.501033,0.42091,10.00
0.163960,4.996898,0.502937,0.41961,10.00
0.163970,4.997266,0.503677,0.41888,10.00
0.163980,4.997647,0.503754,0.41848,10.00
0.163990,4.998019,0.503465,0.41827,10.00
0.164000,4.998477,0.502980,0.41818,10.00
0.164010,4.999322,0.501949,0.41761,10.00
0.164020,5.000102,0.500408,0.41736,10.00
0.164030,5.000801,0.498644,0.41729,10.00
0.164040,5.001415,0.496820,0.41733,10.00
0.164050,5.002009,0.495030,0.41742,10.00
0.164060,5.002776,0.493046,0.41720,10.00
0.164070,5.003443,0.490882,0.41717,10.00
0.164080,5.004009,0.488703,0.41723,10.00
0.164090,5.004474,0.486604,0.41735,10.00
0.164100,5.004618,0.484631,0.41749,10.00
0.164110,5.003787,0.483781,0.41879,10.00
0.164120,5.002956,0.484107,0.41948,10.00
0.164130,5.002162,0.485071,0.41982,10.00
0.164140,5.001425,0.486357,0.41996,10.00
0.164150,5.000762,0.487782,0.41998,10.00
0.164160,5.000200,0.489205,0.41990,10.00
0.164170,4.999703,0.490565,0.41980,10.00
0.164180,4.999267,0.491847,0.41970,10.00
0.164190,4.998890,0.493045,0.41960,10.00
0.164200,4.998457,0.494156,0.41951,10.00
0.164210,4.997649,0.495646,0.41997,10.00
0.164220,4.996925,0.497538,0.42015,10.00
0.164230,4.996294,0.499578,0.42016,10.00
0.164240,4.995759,0.501621,0.42009,10.00
0.164250,4.995581,0.503585,0.41998,10.00
0.164260,4.996514,0.504310,0.41852,10.00
0.164270,4.997437,0.503721,0.41775,10.00
0.164280,4.998308,0.502434,0.41738,10.00
0.164290,4.999107,0.500807,0.41725,10.00
0.164300,4.999509,0.499047,0.41724,10.00
0.164310,4.998602,0.498615,0.41889,10.00
0.164320,4.997723,0.499638,0.41975,10.00
0.164330,4.996916,0.501409,0.42014,10.00
0.164340,4.996204,0.503517,0.42027,10.00
0.164350,4.995840,0.505727,0.42026,10.00
0.164360,4.996535,0.506856,0.41892,10.00
0.164370,4.997244,0.506786,0.41820,10.00
0.164380,4.997926,0.506058,0.41784,10.00
0.164390,4.998563,0.504992,0.41768,10.00
0.164400,4.998905,0.503773,0.41764,10.00
0.164410,4.998258,0.503525,0.41888,10.00
0.164420,4.997635,0.504356,0.41951,10.00
0.164430,4.997069,0.505735,0.41980,10.00
0.164440,4.996575,0.507355,0.41989,10.00
0.164450,4.996237,0.509040,0.41988,10.00
0.164460,4.996278,0.510362,0.41941,10.00
0.164470,4.996366,0.511252,0.41912,10.00
0.164480,4.996487,0.511865,0.41894,10.00
0.164490,4.996629,0.512295,0.41883,10.00
0.164500,4.996857,0.512599,0.41875,10.00
0.164510,4.997368,0.512516,0.41835,10.00
0.164520,4.997861,0.512053,0.41814,10.00
0.164530,4.998326,0.511391,0.41806,10.00
0.164540,4.998755,0.510635,0.41804,10.00
0.164550,4.998950,0.509848,0.41806,10.00
0.164560,4.998339,0.509904,0.41909,10.00
0.164570,4.997760,0.510863,0.41961,10.00
0.164580,4.997241,0.512270,0.41984,10.00
0.164590,4.996794,0.513862,0.41990,10.00
0.164600,4.996597,0.515488,0.41987,10.00
0.164610,4.997159,0.516317,0.41890,10.00
0.164620,4.997729,0.516271,0.41838,10.00
0.164630,4.998281,0.515742,0.41811,10.00
0.164640,4.998799,0.514960,0.41800,10.00
0.164650,4.999246,0.514060,0.41797,10.00
0.164660,4.999537,0.513243,0.41813,10.00
0.164670,4.999794,0.512559,0.41825,10.00
0.164680,5.000021,0.511967,0.41833,10.00
0.164690,5.000222,0.511440,0.41839,10.00
0.164700,5.000513,0.510963,0.41844,10.00
0.164710,5.001229,0.510040,0.41791,10.00
0.164720,5.001886,0.508643,0.41767,10.00
0.164730,5.002469,0.507039,0.41761,10.00
0.164740,5.002976,0.505379,0.41763,10.00
0.164750,5.003123,0.503752,0.41771,10.00
0.164760,5.002102,0.503402,0.41923,10.00
0.164770,5.001110,0.504409,0.42002,10.00
0.164780,5.000188,0.506119,0.42038,10.00
0.164790,4.999359,0.508151,0.42049,10.00
0.164800,4.998746,0.510287,0.42047,10.00
0.164810,4.998692,0.511899,0.41979,10.00
0.164820,4.998694,0.512895,0.41938,10.00
0.164830,4.998730,0.513519,0.41913,10.00
0.164840,4.998788,0.513914,0.41898,10.00
0.164850,4.998873,0.514166,0.41889,10.00
0.164860,4.999017,0.514269,0.41876,10.00
0.164870,4.999162,0.514252,0.41869,10.00
0.164880,4.999304,0.514165,0.41866,10.00
0.164890,4.999440,0.514038,0.41864,10.00
0.164900,4.999425,0.513889,0.41864,10.00
0.164910,4.998846,0.514339,0.41937,10.00
0.164920,4.998308,0.515423,0.41972,10.00
0.164930,4.997830,0.516806,0.41985,10.00
0.164940,4.997421,0.518296,0.41987,10.00
0.164950,4.997349,0.519783,0.41982,10.00
0.164960,4.998382,0.520071,0.41839,10.00
0.164970,4.999386,0.519076,0.41765,10.00
0.164980,5.000321,0.517414,0.41731,10.00
0.164990,5.001166,0.515444,0.41720,10.00
0.165000,5.002074,0.513372,0.41722,10.00
0.165010,5.003503,0.510640,0.41651,10.00
0.165020,5.004782,0.507281,0.41625,10.00
0.165030,5.005897,0.503707,0.41625,10.00
0.165040,5.006844,0.500151,0.41638,10.00
0.165050,5.007674,0.496740,0.41659,10.00
0.165060,5.008525,0.493354,0.41659,10.00
0.165070,5.009219,0.490015,0.41673,10.00
0.165080,5.009763,0.486840,0.41693,10.00
0.165090,5.010166,0.483889,0.41715,10.00
0.165100,5.010202,0.481190,0.41738,10.00
0.165110,5.009195,0.479763,0.41880,10.00
0.165120,5.008166,0.479651,0.41958,10.00
0.165130,5.007158,0.480284,0.41998,10.00
0.165140,5.006196,0.481322,0.42016,10.00
0.165150,5.005204,0.482568,0.42021,10.00
0.165160,5.003934,0.484278,0.42064,10.00
0.165170,5.002759,0.486399,0.42079,10.00
0.165180,5.001692,0.488686,0.42079,10.00
0.165190,5.000734,0.490994,0.42070,10.00
0.165200,4.999992,0.493243,0.42057,10.00
0.165210,4.999775,0.494926,0.41987,10.00
0.165220,4.999618,0.496000,0.41945,10.00
0.165230,4.999500,0.496710,0.41920,10.00
0.165240,4.999408,0.497201,0.41905,10.00
0.165250,4.999245,0.497557,0.41895,10.00
0.165260,4.998744,0.498215,0.41934,10.00
0.165270,4.998286,0.499221,0.41952,10.00
0.165280,4.997880,0.500379,0.41957,10.00
0.165290,4.997529,0.501577,0.41955,10.00
0.165300,4.997250,0.502752,0.41950,10.00
0.165310,4.997085,0.503802,0.41935,10.00
0.165320,4.996965,0.504706,0.41923,10.00
0.165330,4.996882,0.505494,0.41914,10.00
0.165340,4.996834,0.506185,0.41906,10.00
0.165350,4.996962,0.506791,0.41899,10.00
0.165360,4.997695,0.506691,0.41818,10.00
0.165370,4.998399,0.505862,0.41778,10.00
0.165380,4.999050,0.504661,0.41760,10.00
0.165390,4.999640,0.503297,0.41756,10.00
0.165400,5.000265,0.501890,0.41759,10.00
0.165410,5.001224,0.500070,0.41714,10.00
0.165420,5.002084,0.497856,0.41699,10.00
0.165430,5.002835,0.495509,0.41699,10.00
0.165440,5.003476,0.493177,0.41708,10.00
0.165450,5.003736,0.490944,0.41722,10.00
0.165460,5.002822,0.490025,0.41877,10.00
0.165470,5.001911,0.490495,0.41959,10.00
0.165480,5.001049,0.491710,0.41999,10.00
0.165490,5.000256,0.493293,0.42015,10.00
0.165500,4.999868,0.495026,0.42017,10.00
0.165510,5.000825,0.495402,0.41847,10.00
0.165520,5.001750,0.494286,0.41760,10.00
0.165530,5.002599,0.492408,0.41720,10.00
0.165540,5.003347,0.490188,0.41707,10.00
0.165550,5.003860,0.487870,0.41709,10.00
0.165560,5.003765,0.486138,0.41784,10.00
0.165570,5.003612,0.485091,0.41829,10.00
0.165580,5.003423,0.484464,0.41856,10.00
0.165590,5.003215,0.484099,0.41872,10.00
0.165600,5.002864,0.483900,0.41881,10.00
0.165610,5.001993,0.484375,0.41954,10.00
0.165620,5.001168,0.485513,0.41989,10.00
0.165630,5.000407,0.486979,0.42003,10.00
0.165640,4.999721,0.488580,0.42004,10.00
0.165650,4.999272,0.490203,0.41999,10.00
0.165660,4.999522,0.491102,0.41909,10.00
0.165670,4.999789,0.491210,0.41860,10.00
0.165680,5.000047,0.490890,0.41835,10.00
0.165690,5.000283,0.490351,0.41824,10.00
0.165700,5.000348,0.489716,0.41820,10.00
0.165710,4.999831,0.489658,0.41892,10.00
0.165720,4.999332,0.490245,0.41929,10.00
0.165730,4.998873,0.491162,0.41946,10.00
0.165740,4.998461,0.492228,0.41951,10.00
0.165750,4.998168,0.493336,0.41949,10.00
0.165760,4.998184,0.494145,0.41911,10.00
0.165770,4.998227,0.494610,0.41888,10.00
0.165780,4.998286,0.494869,0.41875,10.00
0.165790,4.998352,0.495005,0.41867,10.00
0.165800,4.998386,0.495068,0.41863,10.00
0.165810,4.998283,0.495238,0.41879,10.00
0.165820,4.998192,0.495540,0.41886,10.00
0.165830,4.998117,0.495898,0.41889,10.00
0.165840,4.998059,0.496272,0.41888,10.00
0.165850,4.998072,0.496638,0.41887,10.00
0.165860,4.998312,0.496753,0.41858,10.00
0.165870,4.998547,0.496600,0.41842,10.00
0.165880,4.998771,0.496304,0.41835,10.00
0.165890,4.998978,0.495939,0.41833,10.00
0.165900,4.999011,0.495546,0.41833,10.00
0.165910,4.998421,0.495811,0.41913,10.00
0.165920,4.997866,0.496778,0.41952,10.00
0.165930,4.997369,0.498089,0.41969,10.00
0.165940,4.996937,0.499535,0.41972,10.00
0.165950,4.996587,0.500998,0.41968,10.00
0.165960,4.996358,0.502352,0.41954,10.00
0.165970,4.996188,0.503561,0.41941,10.00
0.165980,4.996069,0.504639,0.41930,10.00
0.165990,4.995997,0.505599,0.41920,10.00
0.166000,4.995928,0.506451,0.41912,10.00
0.166010,4.995746,0.507364,0.41923,10.00
0.166020,4.995610,0.508356,0.41925,10.00
0.166030,4.995519,0.509342,0.41923,10.00
0.166040,4.995472,0.510279,0.41917,10.00
0.166050,4.995224,0.511142,0.41911,10.00
0.166060,4.994073,0.512949,0.42026,10.00
0.166070,4.993040,0.515745,0.42078,10.00
0.166080,4.992151,0.518960,0.42093,10.00
0.166090,4.991415,0.522270,0.42088,10.00
0.166100,4.991373,0.525491,0.42073,10.00
0.166110,4.993586,0.526218,0.41779,10.00
0.166120,4.995743,0.524294,0.41627,10.00
0.166130,4.997762,0.520982,0.41557,10.00
0.166140,4.999602,0.517017,0.41534,10.00
0.166150,5.001014,0.512824,0.41537,10.00
0.166160,5.001320,0.509639,0.41672,10.00
0.166170,5.001515,0.507644,0.41753,10.00
0.166180,5.001640,0.506359,0.41801,10.00
0.166190,5.001718,0.505504,0.41831,10.00
0.166200,5.001833,0.504912,0.41849,10.00
0.166210,5.002196,0.504190,0.41825,10.00
0.166220,5.002518,0.503265,0.41816,10.00
0.166230,5.002794,0.502267,0.41815,10.00
0.166240,5.003024,0.501267,0.41818,10.00
0.166250,5.003183,0.500307,0.41824,10.00
0.166260,5.003202,0.499514,0.41842,10.00
0.166270,5.003191,0.498903,0.41855,10.00
0.166280,5.003156,0.498418,0.41864,10.00
0.166290,5.003102,0.498026,0.41870,10.00
0.166300,5.003068,0.497706,0.41875,10.00
0.166310,5.003166,0.497285,0.41860,10.00
0.166320,5.003240,0.496749,0.41854,10.00
0.166330,5.003289,0.496176,0.41853,10.00
0.166340,5.003311,0.495612,0.41855,10.00
0.166350,5.003460,0.495081,0.41858,10.00
0.166360,5.004174,0.493952,0.41785,10.00
0.166370,5.004815,0.492200,0.41753,10.00
0.166380,5.005365,0.490183,0.41743,10.00
0.166390,5.005819,0.488107,0.41746,10.00
0.166400,5.005889,0.486085,0.41755,10.00
0.166410,5.004744,0.485411,0.41914,10.00
0.166420,5.003615,0.486172,0.41997,10.00
0.166430,5.002549,0.487697,0.42036,10.00
0.166440,5.001568,0.489595,0.42050,10.00
0.166450,5.000771,0.491638,0.42050,10.00
0.166460,5.000418,0.493317,0.41998,10.00
0.166470,5.000129,0.494540,0.41965,10.00
0.166480,4.999889,0.495478,0.41943,10.00
0.166490,4.999688,0.496231,0.41929,10.00
0.166500,4.999472,0.496860,0.41919,10.00
0.166510,4.999104,0.497596,0.41935,10.00
0.166520,4.998775,0.498470,0.41940,10.00
0.166530,4.998489,0.499387,0.41939,10.00
0.166540,4.998246,0.500293,0.41935,10.00
0.166550,4.998108,0.501159,0.41930,10.00
0.166560,4.998255,0.501698,0.41892,10.00
0.166570,4.998416,0.501892,0.41870,10.00
0.166580,4.998580,0.501887,0.41859,10.00
0.166590,4.998739,0.501772,0.41853,10.00
0.166600,4.998855,0.501596,0.41850,10.00
0.166610,4.998824,0.501542,0.41868,10.00
0.166620,4.998795,0.501633,0.41876,10.00
0.166630,4.998772,0.501797,0.41881,10.00
0.166640,4.998758,0.501990,0.41882,10.00
0.166650,4.998687,0.502190,0.41882,10.00
0.166660,4.998371,0.502662,0.41914,10.00
0.166670,4.998085,0.503411,0.41929,10.00
0.166680,4.997839,0.504280,0.41933,10.00
0.166690,4.997634,0.505177,0.41932,10.00
0.166700,4.997519,0.506053,0.41928,10.00
0.166710,4.997630,0.506675,0.41899,10.00
0.166720,4.997760,0.507020,0.41881,10.00
0.166730,4.997901,0.507196,0.41871,10.00
0.166740,4.998046,0.507267,0.41865,10.00
0.166750,4.998044,0.507273,0.41862,10.00
0.166760,4.997460,0.507868,0.41935,10.00
0.166770,4.996926,0.509099,0.41970,10.00
0.166780,4.996458,0.510621,0.41983,10.00
0.166790,4.996065,0.512239,0.41983,10.00
0.166800,4.995773,0.513841,0.41977,10.00
0.166810,4.995655,0.515255,0.41955,10.00
0.166820,4.995595,0.516445,0.41938,10.00
0.166830,4.995585,0.517458,0.41925,10.00
0.166840,4.995617,0.518326,0.41914,10.00
0.166850,4.995955,0.519071,0.41905,10.00
0.166860,4.997381,0.518552,0.41760,10.00
0.166870,4.998738,0.516728,0.41689,10.00
0.166880,4.999987,0.514251,0.41660,10.00
0.166890,5.001109,0.511500,0.41654,10.00
0.166900,5.002170,0.508691,0.41662,10.00
0.166910,5.003379,0.505644,0.41640,10.00
0.166920,5.004438,0.502412,0.41641,10.00
0.166930,5.005345,0.499198,0.41653,10.00
0.166940,5.006106,0.496115,0.41672,10.00
0.166950,5.006257,0.493222,0.41693,10.00
0.166960,5.004449,0.492551,0.41953,10.00
0.166970,5.002686,0.494206,0.42087,10.00
0.166980,5.001043,0.497072,0.42149,10.00
0.166990,4.999554,0.500502,0.42170,10.00
0.167000,4.998644,0.504122,0.42167,10.00
0.167010,4.999496,0.505976,0.41945,10.00
0.167020,5.000370,0.505865,0.41825,10.00
0.167030,5.001205,0.504695,0.41765,10.00
0.167040,5.001966,0.502992,0.41739,10.00
0.167050,5.002460,0.501062,0.41732,10.00
0.167060,5.002162,0.499847,0.41827,10.00
0.167070,5.001835,0.499480,0.41880,10.00
0.167080,5.001507,0.499589,0.41908,10.00
0.167090,5.001193,0.499957,0.41922,10.00
0.167100,5.000885,0.500456,0.41927,10.00
0.167110,5.000545,0.501076,0.41936,10.00
0.167120,5.000236,0.501779,0.41938,10.00
0.167130,4.999962,0.502503,0.41936,10.00
0.167140,4.999722,0.503214,0.41933,10.00
0.167150,4.999525,0.503894,0.41928,10.00
0.167160,4.999404,0.504484,0.41917,10.00
0.167170,4.999308,0.504976,0.41910,10.00
0.167180,4.999232,0.505397,0.41904,10.00
0.167190,4.999174,0.505763,0.41899,10.00
0.167200,4.999283,0.506083,0.41896,10.00
0.167210,4.999997,0.505720,0.41816,10.00
0.167220,5.000670,0.504647,0.41777,10.00
0.167230,5.001281,0.503227,0.41761,10.00
0.167240,5.001820,0.501670,0.41759,10.00
0.167250,5.002020,0.500095,0.41763,10.00
0.167260,5.001117,0.499698,0.41905,10.00
0.167270,5.000236,0.500567,0.41979,10.00
0.167280,4.999419,0.502094,0.42013,10.00
0.167290,4.998684,0.503924,0.42025,10.00
0.167300,4.998097,0.505853,0.42023,10.00
0.167310,4.997829,0.507517,0.41986,10.00
0.167320,4.997628,0.508839,0.41960,10.00
0.167330,4.997481,0.509925,0.41942,10.00
0.167340,4.997379,0.510838,0.41929,10.00
0.167350,4.997635,0.511619,0.41919,10.00
0.167360,4.999174,0.510927,0.41748,10.00
0.167370,5.000629,0.508715,0.41665,10.00
0.167380,5.001955,0.505755,0.41631,10.00
0.167390,5.003131,0.502492,0.41625,10.00
0.167400,5.004046,0.499183,0.41634,10.00
0.167410,5.004398,0.496420,0.41705,10.00
0.167420,5.004641,0.494302,0.41751,10.00
0.167430,5.004799,0.492617,0.41783,10.00
0.167440,5.004889,0.491237,0.41806,10.00
0.167450,5.004652,0.490084,0.41822,10.00
0.167460,5.003316,0.490259,0.41972,10.00
0.167470,5.002034,0.491781,0.42047,10.00
0.167480,5.000847,0.493990,0.42079,10.00
0.167490,4.999775,0.496502,0.42087,10.00
0.167500,4.999012,0.499095,0.42082,10.00
0.167510,4.999099,0.500847,0.41975,10.00
0.167520,4.999238,0.501651,0.41914,10.00
0.167530,4.999396,0.501913,0.41880,10.00
0.167540,4.999557,0.501873,0.41862,10.00
0.167550,4.999691,0.501669,0.41853,10.00
0.167560,4.999737,0.501467,0.41859,10.00
0.167570,4.999775,0.501316,0.41862,10.00
0.167580,4.999807,0.501198,0.41865,10.00
0.167590,4.999834,0.501102,0.41867,10.00
0.167600,4.999789,0.501022,0.41868,10.00
0.167610,4.999476,0.501241,0.41903,10.00
0.167620,4.999184,0.501772,0.41920,10.00
0.167630,4.998922,0.502453,0.41927,10.00
0.167640,4.998693,0.503188,0.41928,10.00
0.167650,4.998784,0.503926,0.41925,10.00
0.167660,5.000016,0.503424,0.41777,10.00
0.167670,5.001182,0.501610,0.41704,10.00
0.167680,5.002240,0.499150,0.41674,10.00
0.167690,5.003174,0.496429,0.41668,10.00
0.167700,5.003822,0.493668,0.41676,10.00
0.167710,5.003734,0.491655,0.41769,10.00
0.167720,5.003581,0.490487,0.41824,10.00
0.167730,5.003389,0.489827,0.41857,10.00
0.167740,5.003178,0.489477,0.41876,10.00
0.167750,5.002977,0.489318,0.41887,10.00
0.167760,5.002851,0.489193,0.41883,10.00
0.167770,5.002719,0.489056,0.41882,10.00
0.167780,5.002582,0.488928,0.41882,10.00
0.167790,5.002440,0.488819,0.41883,10.00
0.167800,5.002329,0.488733,0.41883,10.00
0.167810,5.002352,0.488524,0.41867,10.00
0.167820,5.002362,0.488183,0.41859,10.00
0.167830,5.002354,0.487792,0.41856,10.00
0.167840,5.002329,0.487398,0.41857,10.00
0.167850,5.002051,0.487024,0.41859,10.00
0.167860,5.000843,0.487684,0.41980,10.00
0.167870,4.999702,0.489431,0.42039,10.00
0.167880,4.998662,0.491710,0.42062,10.00
0.167890,4.997736,0.494201,0.42065,10.00
0.167900,4.996905,0.496719,0.42057,10.00
0.167910,4.996095,0.499265,0.42056,10.00
0.167920,4.995404,0.501789,0.42046,10.00
0.167930,4.994829,0.504205,0.42031,10.00
0.167940,4.994361,0.506467,0.42014,10.00
0.167950,4.994370,0.508556,0.41997,10.00
0.167960,4.995940,0.508858,0.41790,10.00
0.167970,4.997462,0.507299,0.41683,10.00
0.167980,4.998877,0.504776,0.41635,10.00
0.167990,5.000158,0.501813,0.41621,10.00
0.168000,5.001376,0.498709,0.41624,10.00
0.168010,5.002769,0.495288,0.41597,10.00
0.168020,5.003992,0.491627,0.41596,10.00
0.168030,5.005043,0.487971,0.41609,10.00
0.168040,5.005926,0.484455,0.41630,10.00
0.168050,5.006329,0.481152,0.41654,10.00
0.168060,5.005326,0.479473,0.41843,10.00
0.168070,5.004301,0.479495,0.41945,10.00
0.168080,5.003309,0.480452,0.41997,10.00
0.168090,5.002380,0.481897,0.42019,10.00
0.168100,5.001556,0.483569,0.42025,10.00
0.168110,5.000924,0.485196,0.42008,10.00
0.168120,5.000365,0.486685,0.41993,10.00
0.168130,4.999872,0.488054,0.41980,10.00
0.168140,4.999442,0.489316,0.41968,10.00
0.168150,4.998965,0.490478,0.41957,10.00
0.168160,4.998144,0.491983,0.41999,10.00
0.168170,4.997405,0.493855,0.42015,10.00
0.168180,4.996760,0.495859,0.42015,10.00
0.168190,4.996208,0.497859,0.42008,10.00
0.168200,4.995926,0.499783,0.41997,10.00
0.168210,4.996425,0.500829,0.41894,10.00
0.168220,4.996942,0.500945,0.41837,10.00
0.168230,4.997446,0.500544,0.41808,10.00
0.168240,4.997922,0.499871,0.41795,10.00
0.168250,4.998314,0.499067,0.41791,10.00
0.168260,4.998477,0.498420,0.41816,10.00
0.168270,4.998616,0.497987,0.41832,10.00
0.168280,4.998739,0.497681,0.41841,10.00
0.168290,4.998849,0.497451,0.41847,10.00
0.168300,4.998994,0.497267,0.41851,10.00
0.168310,4.999303,0.496923,0.41831,10.00
0.168320,4.999589,0.496401,0.41822,10.00
0.168330,4.999848,0.495799,0.41820,10.00
0.168340,5.000078,0.495173,0.41821,10.00
0.168350,5.000133,0.494557,0.41824,10.00
0.168360,4.999594,0.494587,0.41901,10.00
0.168370,4.999079,0.495301,0.41941,10.00
0.168380,4.998609,0.496359,0.41958,10.00
0.168390,4.998194,0.497564,0.41962,10.00
0.168400,4.997765,0.498805,0.41960,10.00
0.168410,4.997115,0.500322,0.41990,10.00
0.168420,4.996544,0.502095,0.42000,10.00
0.168430,4.996059,0.503937,0.41998,10.00
0.168440,4.995659,0.505743,0.41990,10.00
0.168450,4.995577,0.507456,0.41979,10.00
0.168460,4.996494,0.508039,0.41847,10.00
0.168470,4.997397,0.507431,0.41778,10.00
0.168480,4.998250,0.506190,0.41745,10.00
0.168490,4.999034,0.504640,0.41733,10.00
0.168500,4.999794,0.502971,0.41732,10.00
0.168510,5.000685,0.501060,0.41711,10.00
0.168520,5.001479,0.498957,0.41708,10.00
0.168530,5.002173,0.496824,0.41714,10.00
0.168540,5.002768,0.494752,0.41726,10.00
0.168550,5.003310,0.492788,0.41739,10.00
0.168560,5.003918,0.490788,0.41734,10.00
0.168570,5.004431,0.488755,0.41738,10.00
0.168580,5.004852,0.486785,0.41749,10.00
0.168590,5.005184,0.484930,0.41761,10.00
0.168600,5.005495,0.483215,0.41775,10.00
0.168610,5.005966,0.481393,0.41758,10.00
0.168620,5.006349,0.479453,0.41757,10.00
0.168630,5.006642,0.477534,0.41763,10.00
0.168640,5.006849,0.475712,0.41774,10.00
0.168650,5.006998,0.474027,0.41787,10.00
0.168660,5.007157,0.472406,0.41789,10.00
0.168670,5.007242,0.470848,0.41797,10.00
0.168680,5.007260,0.469402,0.41807,10.00
0.168690,5.007216,0.468090,0.41817,10.00
0.168700,5.006868,0.466920,0.41828,10.00
0.168710,5.005510,0.466946,0.41963,10.00
0.168720,5.004196,0.468210,0.42032,10.00
0.168730,5.002964,0.470121,0.42062,10.00
0.168740,5.001834,0.472333,0.42070,10.00
0.168750,5.000599,0.474645,0.42066,10.00
0.168760,4.998645,0.477849,0.42163,10.00
0.168770,4.996872,0.481921,0.42200,10.00
0.168780,4.995302,0.486325,0.42203,10.00
0.168790,4.993940,0.490751,0.42188,10.00
0.168800,4.992811,0.495028,0.42164,10.00
0.168810,4.991988,0.498941,0.42120,10.00
0.168820,4.991334,0.502438,0.42083,10.00
0.168830,4.990832,0.505570,0.42051,10.00
0.168840,4.990465,0.508374,0.42023,10.00
0.168850,4.990323,0.510879,0.41998,10.00
0.168860,4.990693,0.512668,0.41923,10.00
0.168870,4.991122,0.513740,0.41878,10.00
0.168880,4.991584,0.514362,0.41850,10.00
0.168890,4.992064,0.514692,0.41834,10.00
0.168900,4.992414,0.514828,0.41825,10.00
0.168910,4.992226,0.515418,0.41889,10.00
0.168920,4.992081,0.516527,0.41919,10.00
0.168930,4.991993,0.517855,0.41930,10.00
0.168940,4.991969,0.519229,0.41930,10.00
0.168950,4.992096,0.520555,0.41924,10.00
0.168960,4.992633,0.521398,0.41871,10.00
0.168970,4.993191,0.521716,0.41840,10.00
0.168980,4.993751,0.521714,0.41823,10.00
0.168990,4.994303,0.521516,0.41814,10.00
0.169000,4.995115,0.521196,0.41810,10.00
0.169010,4.996981,0.519627,0.41670,10.00
0.169020,4.998729,0.516784,0.41605,10.00
0.169030,5.000322,0.513335,0.41582,10.00
0.169040,5.001744,0.509670,0.41584,10.00
0.169050,5.002709,0.506010,0.41599,10.00
0.169060,5.002399,0.503688,0.41764,10.00
0.169070,5.002028,0.502827,0.41856,10.00
0.169080,5.001644,0.502789,0.41906,10.00
0.169090,5.001273,0.503198,0.41931,10.00
0.169100,5.001088,0.503837,0.41943,10.00
0.169110,5.001553,0.503903,0.41866,10.00
0.169120,5.001999,0.503292,0.41827,10.00
0.169130,5.002405,0.502338,0.41809,10.00
0.169140,5.002762,0.501234,0.41804,10.00
0.169150,5.002905,0.500091,0.41805,10.00
0.169160,5.002374,0.499652,0.41891,10.00
0.169170,5.001848,0.499982,0.41936,10.00
0.169180,5.001351,0.500721,0.41958,10.00
0.169190,5.000896,0.501658,0.41966,10.00
0.169200,5.000591,0.502672,0.41966,10.00
0.169210,5.000732,0.503258,0.41911,10.00
0.169220,5.000885,0.503355,0.41880,10.00
0.169230,5.001034,0.503185,0.41865,10.00
0.169240,5.001170,0.502876,0.41857,10.00
0.169250,5.001345,0.502505,0.41855,10.00
0.169260,5.001718,0.501879,0.41827,10.00
0.169270,5.002053,0.501010,0.41815,10.00
0.169280,5.002343,0.500043,0.41812,10.00
0.169290,5.002589,0.499061,0.41815,10.00
0.169300,5.002741,0.498110,0.41820,10.00
0.169310,5.002664,0.497417,0.41850,10.00
0.169320,5.002564,0.497005,0.41868,10.00
0.169330,5.002451,0.496765,0.41879,10.00
0.169340,5.002331,0.496633,0.41885,10.00
0.169350,5.002218,0.496570,0.41889,10.00
0.169360,5.002150,0.496503,0.41885,10.00
0.169370,5.002078,0.496417,0.41883,10.00
0.169380,5.002002,0.496327,0.41883,10.00
0.169390,5.001923,0.496246,0.41883,10.00
0.169400,5.001704,0.496176,0.41884,10.00
0.169410,5.000949,0.496705,0.41953,10.00
0.169420,5.000240,0.497858,0.41987,10.00
0.169430,4.999595,0.499313,0.41999,10.00
0.169440,4.999023,0.500880,0.42000,10.00
0.169450,4.998597,0.502454,0.41994,10.00
0.169460,4.998520,0.503670,0.41949,10.00
0.169470,4.998487,0.504482,0.41922,10.00
0.169480,4.998484,0.505044,0.41905,10.00
0.169490,4.998502,0.505446,0.41894,10.00
0.169500,4.998422,0.505743,0.41887,10.00
0.169510,4.997911,0.506450,0.41940,10.00
0.169520,4.997447,0.507612,0.41964,10.00
0.169530,4.997045,0.508972,0.41971,10.00
0.169540,4.996708,0.510384,0.41970,10.00
0.169550,4.996403,0.511766,0.41964,10.00
0.169560,4.996034,0.513211,0.41971,10.00
0.169570,4.995734,0.514704,0.41970,10.00
0.169580,4.995502,0.516159,0.41963,10.00
0.169590,4.995335,0.517527,0.41954,10.00
0.169600,4.995162,0.518788,0.41944,10.00
0.169610,4.994788,0.520210,0.41967,10.00
0.169620,4.994485,0.521806,0.41974,10.00
0.169630,4.994257,0.523423,0.41971,10.00
0.169640,4.994102,0.524976,0.41963,10.00
0.169650,4.994198,0.526421,0.41952,10.00
0.169660,4.995066,0.526960,0.41849,10.00
0.169670,4.995927,0.526551,0.41795,10.00
0.169680,4.996750,0.525625,0.41769,10.00
0.169690,4.997519,0.524434,0.41759,10.00
0.169700,4.998220,0.523128,0.41758,10.00
0.169710,4.998829,0.521822,0.41766,10.00
0.169720,4.999377,0.520569,0.41775,10.00
0.169730,4.999868,0.519378,0.41784,10.00
0.169740,5.000304,0.518256,0.41793,10.00
0.169750,5.000704,0.517204,0.41802,10.00
0.169760,5.001114,0.516160,0.41803,10.00
0.169770,5.001474,0.515121,0.41807,10.00
0.169780,5.001786,0.514118,0.41813,10.00
0.169790,5.002053,0.513169,0.41820,10.00
0.169800,5.002361,0.512284,0.41827,10.00
0.169810,5.002955,0.511109,0.41792,10.00
0.169820,5.003483,0.509629,0.41778,10.00
0.169830,5.003939,0.508040,0.41777,10.00
0.169840,5.004320,0.506453,0.41783,10.00
0.169850,5.004344,0.504930,0.41791,10.00
0.169860,5.003192,0.504717,0.41945,10.00
0.169870,5.002077,0.505884,0.42024,10.00
0.169880,5.001040,0.507764,0.42060,10.00
0.169890,5.000103,0.509968,0.42071,10.00
0.169900,4.999458,0.512274,0.42068,10.00
0.169910,4.999634,0.513772,0.41965,10.00
0.169920,4.999850,0.514356,0.41907,10.00
0.169930,5.000077,0.514424,0.41875,10.00
0.169940,5.000297,0.514207,0.41859,10.00
0.169950,5.000319,0.513842,0.41851,10.00
0.169960,4.999608,0.514189,0.41941,10.00
0.169970,4.998939,0.515329,0.41986,10.00
0.169980,4.998336,0.516855,0.42004,10.00
0.169990,4.997810,0.518532,0.42007,10.00
0.170000,4.997829,0.520226,0.42002,10.00
0.170010,4.999736,0.519880,0.41758,10.00
0.170020,5.001554,0.517364,0.41635,10.00
0.170030,5.003218,0.513759,0.41583,10.00
0.170040,5.004696,0.509689,0.41570,10.00
0.170050,5.005775,0.505516,0.41579,10.00
0.170060,5.005869,0.502307,0.41702,10.00
0.170070,5.005849,0.500213,0.41777,10.00
0.170080,5.005755,0.498809,0.41823,10.00
0.170090,5.005610,0.497841,0.41852,10.00
0.170100,5.005513,0.497159,0.41870,10.00
0.170110,5.005717,0.496314,0.41840,10.00
0.170120,5.005874,0.495233,0.41828,10.00
0.170130,5.005979,0.494080,0.41826,10.00
0.170140,5.006032,0.492944,0.41829,10.00
0.170150,5.005743,0.491874,0.41836,10.00
0.170160,5.004271,0.492139,0.41991,10.00
0.170170,5.002859,0.493807,0.42068,10.00
0.170180,5.001551,0.496189,0.42101,10.00
0.170190,5.000366,0.498885,0.42109,10.00
0.170200,4.999462,0.501664,0.42103,10.00
0.170210,4.999271,0.503759,0.42013,10.00
0.170220,4.999152,0.505066,0.41960,10.00
0.170230,4.999080,0.505903,0.41928,10.00
0.170240,4.999038,0.506456,0.41909,10.00
0.170250,4.999054,0.506834,0.41897,10.00
0.170260,4.999235,0.506940,0.41870,10.00
0.170270,4.999412,0.506805,0.41856,10.00
0.170280,4.999578,0.506542,0.41849,10.00
0.170290,4.999730,0.506218,0.41847,10.00
0.170300,4.999868,0.505872,0.41847,10.00
0.170310,4.999997,0.505519,0.41848,10.00
0.170320,5.000109,0.505168,0.41849,10.00
0.170330,5.000205,0.504833,0.41851,10.00
0.170340,5.000286,0.504518,0.41854,10.00
0.170350,5.000501,0.504226,0.41856,10.00
0.170360,5.001280,0.503328,0.41784,10.00
0.170370,5.001995,0.501793,0.41750,10.00
0.170380,5.002629,0.499973,0.41739,10.00
0.170390,5.003175,0.498066,0.41741,10.00
0.170400,5.003225,0.496188,0.41749,10.00
0.170410,5.001604,0.496133,0.41966,10.00
0.170420,5.000046,0.498015,0.42076,10.00
0.170430,4.998610,0.500884,0.42125,10.00
0.170440,4.997324,0.504191,0.42139,10.00
0.170450,4.996196,0.507618,0.42133,10.00
0.170460,4.995218,0.510995,0.42119,10.00
0.170470,4.994395,0.514225,0.42098,10.00
0.170480,4.993717,0.517251,0.42075,10.00
0.170490,4.993173,0.520048,0.42052,10.00
0.170500,4.992771,0.522607,0.42030,10.00
0.170510,4.992559,0.524844,0.41998,10.00
0.170520,4.992440,0.526763,0.41974,10.00
0.170530,4.992402,0.528422,0.41954,10.00
0.170540,4.992432,0.529860,0.41937,10.00
0.170550,4.992594,0.531105,0.41923,10.00
0.170560,4.993081,0.531877,0.41875,10.00
0.170570,4.993588,0.532181,0.41848,10.00
0.170580,4.994097,0.532199,0.41833,10.00
0.170590,4.994601,0.532038,0.41825,10.00
0.170600,4.995396,0.531767,0.41821,10.00
0.170610,4.997361,0.530127,0.41666,10.00
0.170620,4.999202,0.527084,0.41594,10.00
0.170630,5.000875,0.523376,0.41568,10.00
0.170640,5.002366,0.519429,0.41570,10.00
0.170650,5.003268,0.515487,0.41585,10.00
0.170660,5.002427,0.513395,0.41811,10.00
0.170670,5.001554,0.513305,0.41933,10.00
0.170680,5.000713,0.514303,0.41995,10.00
0.170690,4.999937,0.515857,0.42023,10.00
0.170700,4.999616,0.517657,0.42031,10.00
0.170710,5.000836,0.517936,0.41840,10.00
0.170720,5.002014,0.516519,0.41741,10.00
0.170730,5.003095,0.514234,0.41697,10.00
0.170740,5.004056,0.511562,0.41683,10.00
0.170750,5.004594,0.508779,0.41686,10.00
0.170760,5.003857,0.507294,0.41847,10.00
0.170770,5.003099,0.507249,0.41934,10.00
0.170780,5.002365,0.507994,0.41979,10.00
0.170790,5.001680,0.509148,0.41998,10.00
0.170800,5.001167,0.510488,0.42004,10.00
0.170810,5.001146,0.511420,0.41946,10.00
0.170820,5.001153,0.511847,0.41913,10.00
0.170830,5.001172,0.511990,0.41895,10.00
0.170840,5.001191,0.511976,0.41885,10.00
0.170850,5.001131,0.511880,0.41880,10.00
0.170860,5.000761,0.512077,0.41917,10.00
0.170870,5.000412,0.512607,0.41935,10.00
0.170880,5.000094,0.513299,0.41943,10.00
0.170890,4.999811,0.514056,0.41944,10.00
0.170900,4.999971,0.514820,0.41941,10.00
0.170910,5.001751,0.513827,0.41731,10.00
0.170920,5.003423,0.510979,0.41629,10.00
0.170930,5.004932,0.507230,0.41587,10.00
0.170940,5.006252,0.503133,0.41581,10.00
0.170950,5.007121,0.499001,0.41593,10.00
0.170960,5.006795,0.496109,0.41746,10.00
0.170970,5.006380,0.494603,0.41834,10.00
0.170980,5.005922,0.493916,0.41885,10.00
0.170990,5.005450,0.493716,0.41914,10.00
0.171000,5.005035,0.493804,0.41929,10.00
0.171010,5.004853,0.493821,0.41908,10.00
0.171020,5.004667,0.493684,0.41897,10.00
0.171030,5.004474,0.493486,0.41893,10.00
0.171040,5.004273,0.493277,0.41891,10.00
0.171050,5.004006,0.493084,0.41891,10.00
0.171060,5.003509,0.493166,0.41921,10.00
0.171070,5.003027,0.493540,0.41936,10.00
0.171080,5.002569,0.494072,0.41942,10.00
0.171090,5.002139,0.494683,0.41944,10.00
0.171100,5.001788,0.495326,0.41942,10.00
0.171110,5.001653,0.495771,0.41915,10.00
0.171120,5.001532,0.495992,0.41900,10.00
0.171130,5.001418,0.496092,0.41891,10.00
0.171140,5.001308,0.496132,0.41887,10.00
0.171150,5.001110,0.496145,0.41884,10.00
0.171160,5.000568,0.496528,0.41928,10.00
0.171170,5.000057,0.497309,0.41949,10.00
0.171180,4.999590,0.498282,0.41956,10.00
0.171190,4.999171,0.499330,0.41957,10.00
0.171200,4.998871,0.500384,0.41953,10.00
0.171210,4.998885,0.501115,0.41912,10.00
0.171220,4.998922,0.501488,0.41889,10.00
0.171230,4.998970,0.501654,0.41876,10.00
0.171240,4.999022,0.501703,0.41869,10.00
0.171250,4.999005,0.501687,0.41865,10.00
0.171260,4.998720,0.501926,0.41898,10.00
0.171270,4.998456,0.502453,0.41913,10.00
0.171280,4.998221,0.503115,0.41920,10.00
0.171290,4.998019,0.503826,0.41920,10.00
0.171300,4.998010,0.504536,0.41918,10.00
0.171310,4.998652,0.504540,0.41833,10.00
0.171320,4.999269,0.503791,0.41791,10.00
0.171330,4.999838,0.502659,0.41772,10.00
0.171340,5.000349,0.501358,0.41767,10.00
0.171350,5.000767,0.500013,0.41769,10.00
0.171360,5.001012,0.498814,0.41790,10.00
0.171370,5.001207,0.497804,0.41805,10.00
0.171380,5.001360,0.496937,0.41817,10.00
0.171390,5.001475,0.496182,0.41826,10.00
0.171400,5.001465,0.495519,0.41834,10.00
0.171410,5.001062,0.495334,0.41887,10.00
0.171420,5.000667,0.495636,0.41915,10.00
0.171430,5.000295,0.496195,0.41929,10.00
0.171440,4.999954,0.496879,0.41933,10.00
0.171450,4.999487,0.497611,0.41933,10.00
0.171460,4.998431,0.499027,0.42011,10.00
0.171470,4.997465,0.501135,0.42045,10.00
0.171480,4.996608,0.503541,0.42055,10.00
0.171490,4.995867,0.506021,0.42050,10.00
0.171500,4.995454,0.508449,0.42038,10.00
0.171510,4.995984,0.509843,0.41915,10.00
0.171520,4.996542,0.510127,0.41847,10.00
0.171530,4.997092,0.509790,0.41812,10.00
0.171540,4.997614,0.509121,0.41795,10.00
0.171550,4.998116,0.508288,0.41789,10.00
0.171560,4.998640,0.507316,0.41781,10.00
0.171570,4.999115,0.506260,0.41780,10.00
0.171580,4.999540,0.505191,0.41784,10.00
0.171590,4.999915,0.504150,0.41790,10.00
0.171600,5.000326,0.503157,0.41797,10.00
0.171610,5.001021,0.501867,0.41762,10.00
0.171620,5.001644,0.500268,0.41749,10.00
0.171630,5.002189,0.498559,0.41749,10.00
0.171640,5.002653,0.496856,0.41755,10.00
0.171650,5.003062,0.495221,0.41765,10.00
0.171660,5.003480,0.493597,0.41765,10.00
0.171670,5.003823,0.491996,0.41772,10.00
0.171680,5.004094,0.490473,0.41781,10.00
0.171690,5.004297,0.489057,0.41792,10.00
0.171700,5.004203,0.487762,0.41803,10.00
0.171710,5.003139,0.487591,0.41932,10.00
0.171720,5.002107,0.488588,0.41999,10.00
0.171730,5.001143,0.490195,0.42028,10.00
0.171740,5.000265,0.492084,0.42038,10.00
0.171750,4.999479,0.494067,0.42035,10.00
0.171760,4.998785,0.496037,0.42027,10.00
0.171770,4.998183,0.497934,0.42015,10.00
0.171780,4.997666,0.499726,0.42001,10.00
0.171790,4.997230,0.501396,0.41988,10.00
0.171800,4.996907,0.502938,0.41975,10.00
0.171810,4.996800,0.504189,0.41943,10.00
0.171820,4.996742,0.505145,0.41922,10.00
0.171830,4.996722,0.505900,0.41908,10.00
0.171840,4.996732,0.506513,0.41898,10.00
0.171850,4.996802,0.507020,0.41890,10.00
0.171860,4.997026,0.507295,0.41867,10.00
0.171870,4.997256,0.507348,0.41854,10.00
0.171880,4.997483,0.507271,0.41847,10.00
0.171890,4.997703,0.507118,0.41844,10.00
0.171900,4.997693,0.506923,0.41843,10.00
0.171910,4.996807,0.507651,0.41955,10.00
0.171920,4.995987,0.509357,0.42009,10.00
0.171930,4.995263,0.511523,0.42030,10.00
0.171940,4.994645,0.513852,0.42032,10.00
0.171950,4.994251,0.516175,0.42025,10.00
0.171960,4.994409,0.517910,0.41954,10.00
0.171970,4.994626,0.518985,0.41911,10.00
0.171980,4.994879,0.519649,0.41885,10.00
0.171990,4.995153,0.520051,0.41869,10.00
0.172000,4.995718,0.520280,0.41860,10.00
0.172010,4.997371,0.519208,0.41713,10.00
0.172020,4.998928,0.516815,0.41643,10.00
0.172030,5.000351,0.513778,0.41616,10.00
0.172040,5.001621,0.510494,0.41614,10.00
0.172050,5.002620,0.507186,0.41626,10.00
0.172060,5.003017,0.504473,0.41703,10.00
0.172070,5.003309,0.502446,0.41752,10.00
0.172080,5.003520,0.500866,0.41784,10.00
0.172090,5.003668,0.499590,0.41807,10.00
0.172100,5.003526,0.498530,0.41823,10.00
0.172110,5.002421,0.498641,0.41955,10.00
0.172120,5.001360,0.499934,0.42022,10.00
0.172130,5.000381,0.501828,0.42050,10.00
0.172140,4.999500,0.503985,0.42058,10.00
0.172150,4.998898,0.506211,0.42053,10.00
0.172160,4.999075,0.507657,0.41955,10.00
0.172170,4.999291,0.508227,0.41899,10.00
0.172180,4.999518,0.508301,0.41869,10.00
0.172190,4.999739,0.508101,0.41853,10.00
0.172200,5.000122,0.507759,0.41846,10.00
0.172210,5.001175,0.506596,0.41754,10.00
0.172220,5.002147,0.504622,0.41712,10.00
0.172230,5.003013,0.502280,0.41698,10.00
0.172240,5.003765,0.499824,0.41700,10.00
0.172250,5.004467,0.497400,0.41711,10.00
0.172260,5.005309,0.494814,0.41693,10.00
0.172270,5.006024,0.492093,0.41694,10.00
0.172280,5.006614,0.489409,0.41705,10.00
0.172290,5.007083,0.486855,0.41721,10.00
0.172300,5.007269,0.484478,0.41739,10.00
0.172310,5.006694,0.483021,0.41842,10.00
0.172320,5.006083,0.482521,0.41901,10.00
0.172330,5.005469,0.482578,0.41932,10.00
0.172340,5.004869,0.482954,0.41948,10.00
0.172350,5.004194,0.483507,0.41955,10.00
0.172360,5.003162,0.484580,0.42007,10.00
0.172370,5.002198,0.486141,0.42029,10.00
0.172380,5.001315,0.487926,0.42035,10.00
0.172390,5.000520,0.489779,0.42031,10.00
0.172400,5.000135,0.491613,0.42022,10.00
0.172410,5.001091,0.492004,0.41848,10.00
0.172420,5.002015,0.490862,0.41758,10.00
0.172430,5.002859,0.488937,0.41717,10.00
0.172440,5.003602,0.486664,0.41703,10.00
0.172450,5.003882,0.484292,0.41705,10.00
0.172460,5.002678,0.483466,0.41894,10.00
0.172470,5.001492,0.484330,0.41993,10.00
0.172480,5.000376,0.486089,0.42040,10.00
0.172490,4.999359,0.488280,0.42057,10.00
0.172500,4.998581,0.490633,0.42057,10.00
0.172510,4.998418,0.492444,0.41983,10.00
0.172520,4.998320,0.493600,0.41939,10.00
0.172530,4.998263,0.494360,0.41912,10.00
0.172540,4.998234,0.494880,0.41896,10.00
0.172550,4.998127,0.495250,0.41885,10.00
0.172560,4.997657,0.495937,0.41928,10.00
0.172570,4.997231,0.496992,0.41947,10.00
0.172580,4.996860,0.498206,0.41952,10.00
0.172590,4.996547,0.499458,0.41950,10.00
0.172600,4.996318,0.500682,0.41945,10.00
0.172610,4.996250,0.501724,0.41924,10.00
0.172620,4.996223,0.502562,0.41909,10.00
0.172630,4.996231,0.503251,0.41898,10.00
0.172640,4.996266,0.503827,0.41890,10.00
0.172650,4.996348,0.504312,0.41884,10.00
0.172660,4.996537,0.504625,0.41867,10.00
0.172670,4.996735,0.504773,0.41858,10.00
0.172680,4.996935,0.504817,0.41852,10.00
0.172690,4.997135,0.504794,0.41849,10.00
0.172700,4.997314,0.504727,0.41848,10.00
0.172710,4.997423,0.504702,0.41856,10.00
0.172720,4.997532,0.504733,0.41860,10.00
0.172730,4.997643,0.504785,0.41862,10.00
0.172740,4.997756,0.504839,0.41862,10.00
0.172750,4.997820,0.504885,0.41863,10.00
0.172760,4.997690,0.505132,0.41888,10.00
0.172770,4.997579,0.505588,0.41899,10.00
0.172780,4.997491,0.506134,0.41904,10.00
0.172790,4.997430,0.506702,0.41904,10.00
0.172800,4.997434,0.507255,0.41901,10.00
0.172810,4.997621,0.507600,0.41878,10.00
0.172820,4.997815,0.507719,0.41864,10.00
0.172830,4.998011,0.507704,0.41857,10.00
0.172840,4.998202,0.507611,0.41853,10.00
0.172850,4.998367,0.507470,0.41852,10.00
0.172860,4.998447,0.507387,0.41861,10.00
0.172870,4.998525,0.507377,0.41866,10.00
0.172880,4.998604,0.507401,0.41869,10.00
0.172890,4.998683,0.507437,0.41870,10.00
0.172900,4.998849,0.507473,0.41870,10.00
0.172910,4.999345,0.507141,0.41828,10.00
0.172920,4.999812,0.506422,0.41807,10.00
0.172930,5.000239,0.505515,0.41800,10.00
0.172940,5.000621,0.504536,0.41799,10.00
0.172950,5.001003,0.503550,0.41802,10.00
0.172960,5.001526,0.502392,0.41784,10.00
0.172970,5.001988,0.501073,0.41779,10.00
0.172980,5.002387,0.499715,0.41781,10.00
0.172990,5.002724,0.498387,0.41788,10.00
0.173000,5.002623,0.497127,0.41796,10.00
0.173010,5.000998,0.497560,0.41996,10.00
0.173020,4.999453,0.499768,0.42095,10.00
0.173030,4.998042,0.502862,0.42137,10.00
0.173040,4.996789,0.506326,0.42147,10.00
0.173050,4.995805,0.509865,0.42138,10.00
0.173060,4.995385,0.512874,0.42068,10.00
0.173070,4.995086,0.515242,0.42021,10.00
0.173080,4.994884,0.517169,0.41988,10.00
0.173090,4.994760,0.518774,0.41964,10.00
0.173100,4.994784,0.520134,0.41945,10.00
0.173110,4.995177,0.520954,0.41890,10.00
0.173120,4.995591,0.521250,0.41859,10.00
0.173130,4.996008,0.521237,0.41841,10.00
0.173140,4.996416,0.521040,0.41833,10.00
0.173150,4.996951,0.520737,0.41829,10.00
0.173160,4.998016,0.519774,0.41757,10.00
0.173170,4.999013,0.518152,0.41724,10.00
0.173180,4.999922,0.516219,0.41713,10.00
0.173190,5.000735,0.514179,0.41715,10.00
0.173200,5.001607,0.512147,0.41724,10.00
0.173210,5.002986,0.509530,0.41658,10.00
0.173220,5.004223,0.506333,0.41634,10.00
0.173230,5.005302,0.502937,0.41634,10.00
0.173240,5.006222,0.499560,0.41648,10.00
0.173250,5.006838,0.496322,0.41667,10.00
0.173260,5.006722,0.493928,0.41766,10.00
0.173270,5.006523,0.492438,0.41825,10.00
0.173280,5.006275,0.491506,0.41860,10.00
0.173290,5.005995,0.490925,0.41882,10.00
0.173300,5.005638,0.490572,0.41896,10.00
0.173310,5.005045,0.490619,0.41933,10.00
0.173320,5.004467,0.491032,0.41952,10.00
0.173330,5.003917,0.491643,0.41960,10.00
0.173340,5.003399,0.492354,0.41962,10.00
0.173350,5.003113,0.493106,0.41960,10.00
0.173360,5.003626,0.493034,0.41858,10.00
0.173370,5.004106,0.492077,0.41807,10.00
0.173380,5.004528,0.490688,0.41784,10.00
0.173390,5.004879,0.489125,0.41778,10.00
0.173400,5.005074,0.487537,0.41781,10.00
0.173410,5.004875,0.486358,0.41831,10.00
0.173420,5.004637,0.485647,0.41861,10.00
0.173430,5.004376,0.485230,0.41878,10.00
0.173440,5.004103,0.485002,0.41889,10.00
0.173450,5.003600,0.484900,0.41896,10.00
0.173460,5.002221,0.485839,0.42013,10.00
0.173470,5.000923,0.487841,0.42069,10.00
0.173480,4.999737,0.490358,0.42090,10.00
0.173490,4.998677,0.493072,0.42091,10.00
0.173500,4.997984,0.495802,0.42081,10.00
0.173510,4.998347,0.497429,0.41945,10.00
0.173520,4.998746,0.497851,0.41870,10.00
0.173530,4.999143,0.497606,0.41831,10.00
0.173540,4.999517,0.497007,0.41812,10.00
0.173550,5.000001,0.496237,0.41804,10.00
0.173560,5.001007,0.494788,0.41731,10.00
0.173570,5.001923,0.492693,0.41699,10.00
0.173580,5.002732,0.490324,0.41691,10.00
0.173590,5.003427,0.487897,0.41696,10.00
0.173600,5.003626,0.485533,0.41708,10.00
0.173610,5.002220,0.484933,0.41918,10.00
0.173620,5.000848,0.486208,0.42026,10.00
0.173630,4.999570,0.488461,0.42077,10.00
0.173640,4.998414,0.491171,0.42094,10.00
0.173650,4.997444,0.494037,0.42092,10.00
0.173660,4.996818,0.496658,0.42053,10.00
0.173670,4.996303,0.498930,0.42024,10.00
0.173680,4.995887,0.500928,0.42000,10.00
0.173690,4.995556,0.502700,0.41980,10.00
0.173700,4.995538,0.504281,0.41964,10.00
0.173710,4.996502,0.504691,0.41830,10.00
0.173720,4.997445,0.503902,0.41761,10.00
0.173730,4.998330,0.502483,0.41729,10.00
0.173740,4.999137,0.500765,0.41718,10.00
0.173750,4.999884,0.498941,0.41719,10.00
0.173760,5.000642,0.497014,0.41714,10.00
0.173770,5.001307,0.495040,0.41719,10.00
0.173780,5.001881,0.493111,0.41729,10.00
0.173790,5.002367,0.491278,0.41742,10.00
0.173800,5.002668,0.489566,0.41755,10.00
0.173810,5.002496,0.488422,0.41820,10.00
0.173820,5.002289,0.487869,0.41857,10.00
0.173830,5.002068,0.487664,0.41879,10.00
0.173840,5.001845,0.487662,0.41890,10.00
0.173850,5.001540,0.487778,0.41896,10.00
0.173860,5.000910,0.488327,0.41942,10.00
0.173870,5.000319,0.489295,0.41964,10.00
0.173880,4.999781,0.490462,0.41971,10.00
0.173890,4.999301,0.491699,0.41970,10.00
0.173900,4.998947,0.492933,0.41965,10.00
0.173910,4.998916,0.493833,0.41923,10.00
0.173920,4.998914,0.494363,0.41899,10.00
0.173930,4.998930,0.494675,0.41885,10.00
0.173940,4.998957,0.494857,0.41876,10.00
0.173950,4.999109,0.494960,0.41871,10.00
0.173960,4.999731,0.494505,0.41808,10.00
0.173970,5.000314,0.493486,0.41777,10.00
0.173980,5.000839,0.492198,0.41766,10.00
0.173990,5.001300,0.490812,0.41765,10.00
0.174000,5.001249,0.489424,0.41770,10.00
0.174010,4.999392,0.489993,0.42004,10.00
0.174020,4.997630,0.492637,0.42120,10.00
0.174030,4.996027,0.496312,0.42169,10.00
0.174040,4.994612,0.500411,0.42180,10.00
0.174050,4.993421,0.504590,0.42170,10.00
0.174060,4.992536,0.508530,0.42134,10.00
0.174070,4.991824,0.512119,0.42100,10.00
0.174080,4.991270,0.515375,0.42070,10.00
0.174090,4.990857,0.518315,0.42042,10.00
0.174100,4.990784,0.520957,0.42016,10.00
0.174110,4.991652,0.522414,0.41885,10.00
0.174120,4.992547,0.522662,0.41813,10.00
0.174130,4.993429,0.522223,0.41776,10.00
0.174140,4.994275,0.521402,0.41758,10.00
0.174150,4.995225,0.520381,0.41752,10.00
0.174160,4.996704,0.518630,0.41677,10.00
0.174170,4.998077,0.516182,0.41646,10.00
0.174180,4.999323,0.513429,0.41639,10.00
0.174190,5.000435,0.510596,0.41646,10.00
0.174200,5.001139,0.507811,0.41660,10.00
0.174210,5.000641,0.506321,0.41817,10.00
0.174220,5.000119,0.506217,0.41902,10.00
0.174230,4.999617,0.506864,0.41946,10.00
0.174240,4.999157,0.507892,0.41965,10.00
0.174250,4.998862,0.509088,0.41971,10.00
0.174260,4.999050,0.509860,0.41914,10.00
0.174270,4.999257,0.510120,0.41882,10.00
0.174280,4.999467,0.510088,0.41865,10.00
0.174290,4.999670,0.509894,0.41856,10.00
0.174300,5.000061,0.509615,0.41853,10.00
0.174310,5.001222,0.508439,0.41750,10.00
0.174320,5.002297,0.506352,0.41702,10.00
0.174330,5.003259,0.503844,0.41686,10.00
0.174340,5.004099,0.501200,0.41687,10.00
0.174350,5.004775,0.498579,0.41698,10.00
0.174360,5.005175,0.496242,0.41734,10.00
0.174370,5.005477,0.494242,0.41761,10.00
0.174380,5.005694,0.492508,0.41782,10.00
0.174390,5.005838,0.490990,0.41800,10.00
0.174400,5.005548,0.489657,0.41815,10.00
0.174410,5.003763,0.490060,0.42014,10.00
0.174420,5.002058,0.492253,0.42113,10.00
0.174430,5.000486,0.495350,0.42156,10.00
0.174440,4.999075,0.498834,0.42165,10.00
0.174450,4.998238,0.502410,0.42157,10.00
0.174460,4.999152,0.504177,0.41933,10.00
0.174470,5.000083,0.503964,0.41813,10.00
0.174480,5.000970,0.502684,0.41753,10.00
0.174490,5.001778,0.500873,0.41728,10.00
0.174500,5.002587,0.498838,0.41721,10.00
0.174510,5.003666,0.496357,0.41679,10.00
0.174520,5.004617,0.493508,0.41666,10.00
0.174530,5.005430,0.490569,0.41671,10.00
0.174540,5.006108,0.487697,0.41685,10.00
0.174550,5.006489,0.484974,0.41703,10.00
0.174560,5.006097,0.483158,0.41807,10.00
0.174570,5.005652,0.482300,0.41867,10.00
0.174580,5.005187,0.482009,0.41901,10.00
0.174590,5.004720,0.482051,0.41919,10.00
0.174600,5.004007,0.482291,0.41928,10.00
0.174610,5.002313,0.483735,0.42062,10.00
0.174620,5.000728,0.486385,0.42124,10.00
0.174630,4.999288,0.489605,0.42146,10.00
0.174640,4.998007,0.493028,0.42144,10.00
0.174650,4.997071,0.496443,0.42131,10.00
0.174660,4.997007,0.498951,0.42018,10.00
0.174670,4.997028,0.500453,0.41951,10.00
0.174680,4.997100,0.501353,0.41912,10.00
0.174690,4.997202,0.501890,0.41888,10.00
0.174700,4.997461,0.502206,0.41874,10.00
0.174710,4.998278,0.501785,0.41795,10.00
0.174720,4.999051,0.500650,0.41756,10.00
0.174730,4.999759,0.499164,0.41741,10.00
0.174740,5.000391,0.497537,0.41739,10.00
0.174750,5.000519,0.495890,0.41744,10.00
0.174760,4.998911,0.496107,0.41968,10.00
0.174770,4.997379,0.498309,0.42081,10.00
0.174780,4.995983,0.501505,0.42130,10.00
0.174790,4.994752,0.505122,0.42143,10.00
0.174800,4.993930,0.508831,0.42135,10.00
0.174810,4.994199,0.511442,0.41998,10.00
0.174820,4.994549,0.512807,0.41918,10.00
0.174830,4.994938,0.513436,0.41873,10.00
0.174840,4.995341,0.513629,0.41847,10.00
0.174850,4.995823,0.513564,0.41833,10.00
0.174860,4.996603,0.513010,0.41786,10.00
0.174870,4.997342,0.512015,0.41764,10.00
0.174880,4.998025,0.510804,0.41757,10.00
0.174890,4.998648,0.509509,0.41758,10.00
0.174900,4.999189,0.508205,0.41763,10.00
0.174910,4.999592,0.507020,0.41781,10.00
0.174920,4.999943,0.505981,0.41794,10.00
0.174930,5.000249,0.505054,0.41805,10.00
0.174940,5.000514,0.504217,0.41814,10.00
0.174950,5.000749,0.503457,0.41821,10.00
0.174960,5.000980,0.502733,0.41824,10.00
0.174970,5.001179,0.502035,0.41828,10.00
0.174980,5.001345,0.501377,0.41833,10.00
0.174990,5.001482,0.500765,0.41838,10.00
0.175000,5.001578,0.500203,0.41843,10.00
0.175010,5.001592,0.499751,0.41855,10.00
0.175020,5.001589,0.499412,0.41863,10.00
0.175030,5.001573,0.499150,0.41868,10.00
0.175040,5.001546,0.498942,0.41872,10.00
0.175050,5.001332,0.498774,0.41874,10.00
0.175060,5.000417,0.499398,0.41967,10.00
0.175070,4.999559,0.500843,0.42011,10.00
0.175080,4.998782,0.502683,0.42028,10.00
0.175090,4.998097,0.504671,0.42029,10.00
0.175100,4.997739,0.506668,0.42023,10.00
0.175110,4.998380,0.507601,0.41894,10.00
0.175120,4.999027,0.507382,0.41825,10.00
0.175130,4.999643,0.506544,0.41790,10.00
0.175140,5.000208,0.505395,0.41776,10.00
0.175150,5.000620,0.504116,0.41773,10.00
0.175160,5.000600,0.503216,0.41825,10.00
0.175170,5.000552,0.502770,0.41854,10.00
0.175180,5.000492,0.502586,0.41871,10.00
0.175190,5.000429,0.502550,0.41880,10.00
0.175200,5.000426,0.502597,0.41885,10.00
0.175210,5.000660,0.502432,0.41857,10.00
0.175220,5.000877,0.502021,0.41843,10.00
0.175230,5.001072,0.501493,0.41838,10.00
0.175240,5.001240,0.500922,0.41837,10.00
0.175250,5.001415,0.500348,0.41839,10.00
0.175260,5.001694,0.499655,0.41825,10.00
0.175270,5.001937,0.498847,0.41821,10.00
0.175280,5.002141,0.498008,0.41822,10.00
0.175290,5.002306,0.497188,0.41826,10.00
0.175300,5.002248,0.496412,0.41831,10.00
0.175310,5.001430,0.496488,0.41931,10.00
0.175320,5.000645,0.497456,0.41981,10.00
0.175330,4.999921,0.498879,0.42003,10.00
0.175340,4.999271,0.500501,0.42008,10.00
0.175350,4.998641,0.502174,0.42005,10.00
0.175360,4.997862,0.504064,0.42026,10.00
0.175370,4.997178,0.506138,0.42030,10.00
0.175380,4.996592,0.508233,0.42024,10.00
0.175390,4.996102,0.510259,0.42013,10.00
0.175400,4.995816,0.512169,0.41999,10.00
0.175410,4.996053,0.513458,0.41928,10.00
0.175420,4.996329,0.514093,0.41887,10.00
0.175430,4.996622,0.514341,0.41864,10.00
0.175440,4.996918,0.514360,0.41851,10.00
0.175450,4.997103,0.514242,0.41844,10.00
0.175460,4.996867,0.514495,0.41895,10.00
0.175470,4.996657,0.515172,0.41919,10.00
0.175480,4.996484,0.516045,0.41929,10.00
0.175490,4.996354,0.516981,0.41930,10.00
0.175500,4.996710,0.517907,0.41927,10.00
0.175510,4.998833,0.516894,0.41698,10.00
0.175520,5.000840,0.513836,0.41586,10.00
0.175530,5.002669,0.509770,0.41540,10.00
0.175540,5.004292,0.505300,0.41533,10.00
0.175550,5.005333,0.500769,0.41546,10.00
0.175560,5.004725,0.497948,0.41757,10.00
0.175570,5.004046,0.497012,0.41875,10.00
0.175580,5.003360,0.497139,0.41938,10.00
0.175590,5.002699,0.497847,0.41969,10.00
0.175600,5.002101,0.498854,0.41983,10.00
0.175610,5.001627,0.499917,0.41977,10.00
0.175620,5.001201,0.500937,0.41969,10.00
0.175630,5.000823,0.501905,0.41962,10.00
0.175640,5.000488,0.502813,0.41954,10.00
0.175650,5.000245,0.503660,0.41947,10.00
0.175660,5.000237,0.504230,0.41915,10.00
0.175670,5.000247,0.504515,0.41896,10.00
0.175680,5.000265,0.504635,0.41885,10.00
0.175690,5.000286,0.504664,0.41880,10.00
0.175700,5.000512,0.504642,0.41876,10.00
0.175710,5.001537,0.503717,0.41771,10.00
0.175720,5.002488,0.501863,0.41721,10.00
0.175730,5.003338,0.499575,0.41703,10.00
0.175740,5.004074,0.497138,0.41702,10.00
0.175750,5.004558,0.494713,0.41712,10.00
0.175760,5.004393,0.492980,0.41796,10.00
0.175770,5.004171,0.492013,0.41845,10.00
0.175780,5.003920,0.491507,0.41874,10.00
0.175790,5.003656,0.491279,0.41890,10.00
0.175800,5.003221,0.491223,0.41900,10.00
0.175810,5.002140,0.491982,0.41989,10.00
0.175820,5.001122,0.493549,0.42031,10.00
0.175830,5.000192,0.495506,0.42047,10.00
0.175840,4.999359,0.497612,0.42047,10.00
0.175850,4.998828,0.499729,0.42039,10.00
0.175860,4.999177,0.500921,0.41926,10.00
0.175870,4.999550,0.501109,0.41864,10.00
0.175880,4.999912,0.500745,0.41832,10.00
0.175890,5.000248,0.500097,0.41817,10.00
0.175900,5.000329,0.499317,0.41812,10.00
0.175910,4.999512,0.499434,0.41923,10.00
0.175920,4.998734,0.500542,0.41980,10.00
0.175930,4.998025,0.502147,0.42004,10.00
0.175940,4.997398,0.503963,0.42010,10.00
0.175950,4.996922,0.505825,0.42007,10.00
0.175960,4.996786,0.507366,0.41965,10.00
0.175970,4.996708,0.508522,0.41938,10.00
0.175980,4.996677,0.509422,0.41919,10.00
0.175990,4.996681,0.510142,0.41907,10.00
0.176000,4.996838,0.510732,0.41897,10.00
0.176010,4.997504,0.510691,0.41828,10.00
0.176020,4.998146,0.510013,0.41792,10.00
0.176030,4.998745,0.509008,0.41777,10.00
0.176040,4.999291,0.507853,0.41773,10.00
0.176050,4.999579,0.506653,0.41775,10.00
0.176060,4.999023,0.506327,0.41883,10.00
0.176070,4.998484,0.506948,0.41939,10.00
0.176080,4.997989,0.508057,0.41965,10.00
0.176090,4.997554,0.509385,0.41974,10.00
0.176100,4.997388,0.510779,0.41973,10.00
0.176110,4.998086,0.511280,0.41863,10.00
0.176120,4.998775,0.510798,0.41806,10.00
0.176130,4.999424,0.509796,0.41779,10.00
0.176140,5.000016,0.508543,0.41769,10.00
0.176150,5.000407,0.507193,0.41768,10.00
0.176160,5.000191,0.506430,0.41844,10.00
0.176170,4.999960,0.506332,0.41885,10.00
0.176180,4.999737,0.506595,0.41906,10.00
0.176190,4.999532,0.507043,0.41915,10.00
0.176200,4.999140,0.507575,0.41919,10.00
0.176210,4.997951,0.509030,0.42025,10.00
0.176220,4.996861,0.511419,0.42073,10.00
0.176230,4.995897,0.514222,0.42089,10.00
0.176240,4.995069,0.517143,0.42086,10.00
0.176250,4.994614,0.520014,0.42073,10.00
0.176260,4.995219,0.521727,0.41935,10.00
0.176270,4.995862,0.522188,0.41858,10.00
0.176280,4.996503,0.521940,0.41817,10.00
0.176290,4.997117,0.521302,0.41797,10.00
0.176300,4.997606,0.520464,0.41789,10.00
0.176310,4.997706,0.519911,0.41833,10.00
0.176320,4.997791,0.519725,0.41857,10.00
0.176330,4.997874,0.519735,0.41870,10.00
0.176340,4.997959,0.519840,0.41877,10.00
0.176350,4.997986,0.519983,0.41879,10.00
0.176360,4.997769,0.520406,0.41912,10.00
0.176370,4.997581,0.521105,0.41928,10.00
0.176380,4.997428,0.521918,0.41932,10.00
0.176390,4.997315,0.522755,0.41932,10.00
0.176400,4.997406,0.523565,0.41928,10.00
0.176410,4.998183,0.523610,0.41838,10.00
0.176420,4.998935,0.522843,0.41793,10.00
0.176430,4.999636,0.521655,0.41772,10.00
0.176440,5.000274,0.520274,0.41766,10.00
0.176450,5.000851,0.518830,0.41768,10.00
0.176460,5.001383,0.517373,0.41772,10.00
0.176470,5.001847,0.515944,0.41779,10.00
0.176480,5.002246,0.514580,0.41788,10.00
0.176490,5.002583,0.513299,0.41798,10.00
0.176500,5.002922,0.512110,0.41808,10.00
0.176510,5.003437,0.510765,0.41787,10.00
0.176520,5.003884,0.509254,0.41782,10.00
0.176530,5.004258,0.507710,0.41785,10.00
0.176540,5.004562,0.506212,0.41793,10.00
0.176550,5.004612,0.504799,0.41802,10.00
0.176560,5.003873,0.504288,0.41907,10.00
0.176570,5.003141,0.504724,0.41962,10.00
0.176580,5.002447,0.505667,0.41988,10.00
0.176590,5.001807,0.506858,0.41998,10.00
0.176600,5.001416,0.508150,0.41998,10.00
0.176610,5.001820,0.508652,0.41898,10.00
0.176620,5.002220,0.508279,0.41846,10.00
0.176630,5.002587,0.507451,0.41821,10.00
0.176640,5.002909,0.506410,0.41811,10.00
0.176650,5.003213,0.505297,0.41810,10.00
0.176660,5.003596,0.504047,0.41797,10.00
0.176670,5.003918,0.502699,0.41795,10.00
0.176680,5.004176,0.501353,0.41799,10.00
0.176690,5.004374,0.500066,0.41807,10.00
0.176700,5.004478,0.498868,0.41815,10.00
0.176710,5.004384,0.497929,0.41843,10.00
0.176720,5.004255,0.497263,0.41861,10.00
0.176730,5.004103,0.496781,0.41873,10.00
0.176740,5.003933,0.496428,0.41881,10.00
0.176750,5.003826,0.496169,0.41886,10.00
0.176760,5.004006,0.495660,0.41852,10.00
0.176770,5.004155,0.494870,0.41836,10.00
0.176780,5.004263,0.493968,0.41831,10.00
0.176790,5.004329,0.493052,0.41833,10.00
0.176800,5.004312,0.492173,0.41837,10.00
0.176810,5.004095,0.491537,0.41863,10.00
0.176820,5.003857,0.491165,0.41880,10.00
0.176830,5.003608,0.490964,0.41889,10.00
0.176840,5.003355,0.490875,0.41895,10.00
0.176850,5.003141,0.490864,0.41899,10.00
0.176860,5.003087,0.490737,0.41880,10.00
0.176870,5.003022,0.490470,0.41871,10.00
0.176880,5.002944,0.490149,0.41868,10.00
0.176890,5.002852,0.489822,0.41868,10.00
0.176900,5.002712,0.489516,0.41869,10.00
0.176910,5.002429,0.489386,0.41888,10.00
0.176920,5.002147,0.489444,0.41898,10.00
0.176930,5.001872,0.489613,0.41903,10.00
0.176940,5.001608,0.489846,0.41906,10.00
0.176950,5.001560,0.490116,0.41906,10.00
0.176960,5.002321,0.489535,0.41802,10.00
0.176970,5.003026,0.488052,0.41752,10.00
0.176980,5.003647,0.486145,0.41732,10.00
0.176990,5.004174,0.484086,0.41730,10.00
0.177000,5.004260,0.482031,0.41736,10.00
0.177010,5.002914,0.481531,0.41922,10.00
0.177020,5.001599,0.482700,0.42018,10.00
0.177030,5.000370,0.484742,0.42062,10.00
0.177040,4.999251,0.487196,0.42077,10.00
0.177050,4.998312,0.489795,0.42075,10.00
0.177060,4.997721,0.492138,0.42035,10.00
0.177070,4.997229,0.494128,0.42006,10.00
0.177080,4.996823,0.495858,0.41984,10.00
0.177090,4.996491,0.497383,0.41966,10.00
0.177100,4.996364,0.498741,0.41951,10.00
0.177110,4.996835,0.499365,0.41869,10.00
0.177120,4.997311,0.499244,0.41824,10.00
0.177130,4.997767,0.498719,0.41803,10.00
0.177140,4.998191,0.497989,0.41793,10.00
0.177150,4.998594,0.497170,0.41792,10.00
0.177160,4.999025,0.496255,0.41785,10.00
0.177170,4.999410,0.495278,0.41786,10.00
0.177180,4.999749,0.494302,0.41790,10.00
0.177190,5.000043,0.493360,0.41795,10.00
0.177200,5.000228,0.492471,0.41802,10.00
0.177210,5.000119,0.491923,0.41842,10.00
0.177220,4.999997,0.491733,0.41864,10.00
0.177230,4.999872,0.491745,0.41876,10.00
0.177240,4.999751,0.491868,0.41883,10.00
0.177250,4.999843,0.492051,0.41885,10.00
0.177260,5.000741,0.491390,0.41783,10.00
0.177270,5.001577,0.489827,0.41733,10.00
0.177280,5.002327,0.487836,0.41714,10.00
0.177290,5.002977,0.485689,0.41712,10.00
0.177300,5.003380,0.483540,0.41720,10.00
0.177310,5.003115,0.482101,0.41806,10.00
0.177320,5.002809,0.481444,0.41855,10.00
0.177330,5.002488,0.481245,0.41883,10.00
0.177340,5.002167,0.481312,0.41898,10.00
0.177350,5.001614,0.481532,0.41905,10.00
0.177360,5.000138,0.482862,0.42030,10.00
0.177370,4.998763,0.485309,0.42088,10.00
0.177380,4.997521,0.488280,0.42108,10.00
0.177390,4.996425,0.491433,0.42107,10.00
0.177400,4.995653,0.494572,0.42095,10.00
0.177410,4.995712,0.496839,0.41988,10.00
0.177420,4.995845,0.498141,0.41925,10.00
0.177430,4.996019,0.498867,0.41888,10.00
0.177440,4.996216,0.499247,0.41866,10.00
0.177450,4.996308,0.499419,0.41854,10.00
0.177460,4.995956,0.499952,0.41905,10.00
0.177470,4.995643,0.500918,0.41929,10.00
0.177480,4.995380,0.502074,0.41937,10.00
0.177490,4.995174,0.503283,0.41937,10.00
0.177500,4.995130,0.504465,0.41932,10.00
0.177510,4.995561,0.505120,0.41871,10.00
0.177520,4.996003,0.505202,0.41837,10.00
0.177530,4.996437,0.504962,0.41819,10.00
0.177540,4.996853,0.504542,0.41811,10.00
0.177550,4.997103,0.504031,0.41809,10.00
0.177560,4.996773,0.504084,0.41881,10.00
0.177570,4.996465,0.504760,0.41918,10.00
0.177580,4.996198,0.505739,0.41933,10.00
0.177590,4.995981,0.506838,0.41938,10.00
0.177600,4.995787,0.507952,0.41936,10.00
0.177610,4.995536,0.509141,0.41944,10.00
0.177620,4.995341,0.510381,0.41944,10.00
0.177630,4.995204,0.511592,0.41939,10.00
0.177640,4.995119,0.512731,0.41932,10.00
0.177650,4.995218,0.513776,0.41923,10.00
0.177660,4.995881,0.514151,0.41848,10.00
0.177670,4.996537,0.513827,0.41808,10.00
0.177680,4.997164,0.513123,0.41789,10.00
0.177690,4.997751,0.512224,0.41782,10.00
0.177700,4.998356,0.511241,0.41781,10.00
0.177710,4.999162,0.509964,0.41752,10.00
0.177720,4.999899,0.508416,0.41743,10.00
0.177730,5.000558,0.506771,0.41743,10.00
0.177740,5.001140,0.505125,0.41750,10.00
0.177750,5.001518,0.503536,0.41760,10.00
0.177760,5.001325,0.502577,0.41835,10.00
0.177770,5.001109,0.502290,0.41877,10.00
0.177780,5.000892,0.502377,0.41899,10.00
0.177790,5.000686,0.502665,0.41910,10.00
0.177800,5.000527,0.503052,0.41915,10.00
0.177810,5.000507,0.503348,0.41900,10.00
0.177820,5.000497,0.503516,0.41891,10.00
0.177830,5.000492,0.503607,0.41886,10.00
0.177840,5.000490,0.503654,0.41883,10.00
0.177850,5.000689,0.503675,0.41882,10.00
0.177860,5.001668,0.502830,0.41780,10.00
0.177870,5.002577,0.501084,0.41731,10.00
0.177880,5.003390,0.498916,0.41713,10.00
0.177890,5.004096,0.496599,0.41712,10.00
0.177900,5.004773,0.494290,0.41721,10.00
0.177910,5.005656,0.491736,0.41694,10.00
0.177920,5.006412,0.488965,0.41690,10.00
0.177930,5.007039,0.486189,0.41698,10.00
0.177940,5.007539,0.483524,0.41713,10.00
0.177950,5.007437,0.481030,0.41731,10.00
0.177960,5.005341,0.480798,0.41995,10.00
0.177970,5.003314,0.482935,0.42129,10.00
0.177980,5.001429,0.486294,0.42189,10.00
0.177990,4.999723,0.490210,0.42207,10.00
0.178000,4.998296,0.494298,0.42201,10.00
0.178010,4.997404,0.497964,0.42138,10.00
0.178020,4.996667,0.501070,0.42092,10.00
0.178030,4.996062,0.503761,0.42057,10.00
0.178040,4.995573,0.506125,0.42029,10.00
0.178050,4.995244,0.508222,0.42005,10.00
0.178060,4.995230,0.509844,0.41956,10.00
0.178070,4.995276,0.511007,0.41925,10.00
0.178080,4.995366,0.511868,0.41905,10.00
0.178090,4.995488,0.512522,0.41891,10.00
0.178100,4.995863,0.513028,0.41882,10.00
0.178110,4.997138,0.512456,0.41760,10.00
0.178120,4.998349,0.510787,0.41701,10.00
0.178130,4.999463,0.508572,0.41677,10.00
0.178140,5.000463,0.506131,0.41673,10.00
0.178150,5.001162,0.503650,0.41681,10.00
0.178160,5.001025,0.502020,0.41788,10.00
0.178170,5.000842,0.501335,0.41848,10.00
0.178180,5.000644,0.501185,0.41881,10.00
0.178190,5.000450,0.501331,0.41898,10.00
0.178200,5.000299,0.501633,0.41907,10.00
0.178210,5.000292,0.501871,0.41893,10.00
0.178220,5.000292,0.501992,0.41886,10.00
0.178230,5.000295,0.502046,0.41881,10.00
0.178240,5.000300,0.502061,0.41879,10.00
0.178250,4.999961,0.502055,0.41877,10.00
0.178260,4.998283,0.503503,0.42050,10.00
0.178270,4.996723,0.506477,0.42133,10.00
0.178280,4.995328,0.510169,0.42163,10.00
0.178290,4.994114,0.514111,0.42164,10.00
0.178300,4.993217,0.518038,0.42149,10.00
0.178310,4.993012,0.521241,0.42060,10.00
0.178320,4.992930,0.523618,0.42003,10.00
0.178330,4.992940,0.525445,0.41964,10.00
0.178340,4.993023,0.526887,0.41938,10.00
0.178350,4.993536,0.528050,0.41918,10.00
0.178360,4.995552,0.527404,0.41715,10.00
0.178370,4.997475,0.524919,0.41614,10.00
0.178380,4.999248,0.521508,0.41572,10.00
0.178390,5.000847,0.517703,0.41564,10.00
0.178400,5.001887,0.513808,0.41574,10.00
0.178410,5.001282,0.511597,0.41784,10.00
0.178420,5.000635,0.511238,0.41899,10.00
0.178430,5.000004,0.511893,0.41958,10.00
0.178440,4.999421,0.513071,0.41985,10.00
0.178450,4.999196,0.514487,0.41995,10.00
0.178460,5.000183,0.514729,0.41846,10.00
0.178470,5.001137,0.513645,0.41769,10.00
0.178480,5.002018,0.511878,0.41734,10.00
0.178490,5.002805,0.509805,0.41723,10.00
0.178500,5.003600,0.507638,0.41726,10.00
0.178510,5.004715,0.505040,0.41680,10.00
0.178520,5.005696,0.502054,0.41667,10.00
0.178530,5.006534,0.498974,0.41672,10.00
0.178540,5.007229,0.495962,0.41686,10.00
0.178550,5.007606,0.493107,0.41705,10.00
0.178560,5.007143,0.491235,0.41818,10.00
0.178570,5.006628,0.490400,0.41882,10.00
0.178580,5.006095,0.490176,0.41918,10.00
0.178590,5.005564,0.490307,0.41938,10.00
0.178600,5.005266,0.490644,0.41947,10.00
0.178610,5.005837,0.490170,0.41840,10.00
0.178620,5.006358,0.488788,0.41788,10.00
0.178630,5.006800,0.486980,0.41767,10.00
0.178640,5.007153,0.485025,0.41764,10.00
0.178650,5.007419,0.483077,0.41770,10.00
0.178660,5.007613,0.481209,0.41778,10.00
0.178670,5.007723,0.479461,0.41790,10.00
0.178680,5.007758,0.477865,0.41803,10.00
0.178690,5.007725,0.476429,0.41816,10.00
0.178700,5.007447,0.475156,0.41828,10.00
0.178710,5.006396,0.474827,0.41932,10.00
0.178720,5.005364,0.475471,0.41987,10.00
0.178730,5.004382,0.476640,0.42012,10.00
0.178740,5.003465,0.478074,0.42021,10.00
0.178750,5.002424,0.479619,0.42020,10.00
0.178760,5.000692,0.482024,0.42113,10.00
0.178770,4.999103,0.485275,0.42151,10.00
0.178780,4.997679,0.488878,0.42158,10.00
0.178790,4.996428,0.492551,0.42148,10.00
0.178800,4.995336,0.496133,0.42129,10.00
0.178810,4.994362,0.499585,0.42112,10.00
0.178820,4.993544,0.502866,0.42090,10.00
0.178830,4.992874,0.505928,0.42066,10.00
0.178840,4.992339,0.508751,0.42043,10.00
0.178850,4.992094,0.511330,0.42020,10.00
0.178860,4.992608,0.512960,0.41914,10.00
0.178870,4.993166,0.513616,0.41854,10.00
0.178880,4.993735,0.513704,0.41821,10.00
0.178890,4.994296,0.513463,0.41804,10.00
0.178900,4.994802,0.513033,0.41796,10.00
0.178910,4.995148,0.512650,0.41812,10.00
0.178920,4.995478,0.512368,0.41821,10.00
0.178930,4.995795,0.512138,0.41826,10.00
0.178940,4.996101,0.511928,0.41830,10.00
0.178950,4.996349,0.511725,0.41832,10.00
0.178960,4.996403,0.511720,0.41858,10.00
0.178970,4.996464,0.511919,0.41871,10.00
0.178980,4.996535,0.512209,0.41877,10.00
0.178990,4.996621,0.512528,0.41879,10.00
0.179000,4.996821,0.512839,0.41878,10.00
0.179010,4.997427,0.512695,0.41826,10.00
0.179020,4.998009,0.512068,0.41800,10.00
0.179030,4.998552,0.511191,0.41789,10.00
0.179040,4.999050,0.510203,0.41786,10.00
0.179050,4.999651,0.509181,0.41789,10.00
0.179060,5.000791,0.507530,0.41718,10.00
0.179070,5.001831,0.505244,0.41688,10.00
0.179080,5.002755,0.502695,0.41682,10.00
0.179090,5.003558,0.500095,0.41688,10.00
0.179100,5.004027,0.497562,0.41701,10.00
0.179110,5.003551,0.496071,0.41825,10.00
0.179120,5.003042,0.495695,0.41894,10.00
0.179130,5.002536,0.495945,0.41930,10.00
0.179140,5.002055,0.496533,0.41948,10.00
0.179150,5.001661,0.497291,0.41954,10.00
0.179160,5.001517,0.497890,0.41928,10.00
0.179170,5.001393,0.498262,0.41912,10.00
0.179180,5.001284,0.498505,0.41902,10.00
0.179190,5.001183,0.498673,0.41897,10.00
0.179200,5.001115,0.498798,0.41893,10.00
0.179210,5.001152,0.498792,0.41878,10.00
0.179220,5.001184,0.498659,0.41871,10.00
0.179230,5.001208,0.498465,0.41867,10.00
0.179240,5.001223,0.498250,0.41866,10.00
0.179250,5.001218,0.498033,0.41867,10.00
0.179260,5.001164,0.497871,0.41873,10.00
0.179270,5.001104,0.497770,0.41877,10.00
0.179280,5.001041,0.497710,0.41879,10.00
0.179290,5.000977,0.497678,0.41880,10.00
0.179300,5.000910,0.497666,0.41881,10.00
0.179310,5.000834,0.497677,0.41883,10.00
0.179320,5.000759,0.497710,0.41884,10.00
0.179330,5.000687,0.497756,0.41884,10.00
0.179340,5.000618,0.497810,0.41884,10.00
0.179350,5.000648,0.497870,0.41884,10.00
0.179360,5.001057,0.497522,0.41835,10.00
0.179370,5.001435,0.496745,0.41811,10.00
0.179380,5.001771,0.495768,0.41802,10.00
0.179390,5.002059,0.494720,0.41802,10.00
0.179400,5.002185,0.493676,0.41805,10.00
0.179410,5.001829,0.493154,0.41868,10.00
0.179420,5.001467,0.493197,0.41901,10.00
0.179430,5.001119,0.493550,0.41918,10.00
0.179440,5.000792,0.494063,0.41926,10.00
0.179450,5.000862,0.494651,0.41928,10.00
0.179460,5.002398,0.493690,0.41740,10.00
0.179470,5.003835,0.491078,0.41648,10.00
0.179480,5.005122,0.487672,0.41612,10.00
0.179490,5.006240,0.483967,0.41607,10.00
0.179500,5.006878,0.480244,0.41618,10.00
0.179510,5.006159,0.477958,0.41793,10.00
0.179520,5.005386,0.477253,0.41890,10.00
0.179530,5.004610,0.477446,0.41942,10.00
0.179540,5.003861,0.478138,0.41968,10.00
0.179550,5.003177,0.479092,0.41979,10.00
0.179560,5.002628,0.480077,0.41970,10.00
0.179570,5.002124,0.481008,0.41961,10.00
0.179580,5.001664,0.481890,0.41954,10.00
0.179590,5.001244,0.482725,0.41947,10.00
0.179600,5.000840,0.483515,0.41940,10.00
0.179610,5.000385,0.484357,0.41945,10.00
0.179620,4.999972,0.485257,0.41945,10.00
0.179630,4.999602,0.486162,0.41941,10.00
0.179640,4.999274,0.487043,0.41936,10.00
0.179650,4.998936,0.487883,0.41930,10.00
0.179660,4.998438,0.488889,0.41950,10.00
0.179670,4.997994,0.490068,0.41956,10.00
0.179680,4.997607,0.491299,0.41955,10.00
0.179690,4.997277,0.492513,0.41949,10.00
0.179700,4.996819,0.493672,0.41942,10.00
0.179710,4.995697,0.495539,0.42027,10.00
0.179720,4.994687,0.498143,0.42063,10.00
0.179730,4.993809,0.501045,0.42071,10.00
0.179740,4.993068,0.503995,0.42064,10.00
0.179750,4.992480,0.506854,0.42049,10.00
0.179760,4.992088,0.509472,0.42022,10.00
0.179770,4.991809,0.511810,0.41998,10.00
0.179780,4.991630,0.513894,0.41977,10.00
0.179790,4.991540,0.515745,0.41958,10.00
0.179800,4.991652,0.517382,0.41941,10.00
0.179810,4.992316,0.518295,0.41864,10.00
0.179820,4.992996,0.518475,0.41821,10.00
0.179830,4.993669,0.518229,0.41798,10.00
0.179840,4.994320,0.517738,0.41787,10.00
0.179850,4.995249,0.517112,0.41784,10.00
0.179860,4.997336,0.515110,0.41629,10.00
0.179870,4.999281,0.511713,0.41559,10.00
0.179880,5.001043,0.507667,0.41536,10.00
0.179890,5.002607,0.503405,0.41539,10.00
0.179900,5.003699,0.499173,0.41557,10.00
0.179910,5.003537,0.496265,0.41720,10.00
0.179920,5.003287,0.494809,0.41814,10.00
0.179930,5.002996,0.494196,0.41867,10.00
0.179940,5.002693,0.494067,0.41896,10.00
0.179950,5.002627,0.494212,0.41911,10.00
0.179960,5.003487,0.493508,0.41800,10.00
0.179970,5.004282,0.491838,0.41747,10.00
0.179980,5.004983,0.489713,0.41726,10.00
0.179990,5.005580,0.487426,0.41723,10.00
0.180000,5.005614,0.485145,0.41731,10.00
0.180010,5.003770,0.484903,0.41974,10.00
0.180020,5.001988,0.486839,0.42098,10.00
0.180030,5.000335,0.489896,0.42154,10.00
0.180040,4.998844,0.493460,0.42170,10.00
0.180050,4.997614,0.497179,0.42165,10.00
0.180060,4.996899,0.500478,0.42104,10.00
0.180070,4.996321,0.503228,0.42061,10.00
0.180080,4.995859,0.505580,0.42028,10.00
0.180090,4.995498,0.507624,0.42003,10.00
0.180100,4.995334,0.509421,0.41982,10.00
0.180110,4.995676,0.510539,0.41909,10.00
0.180120,4.996048,0.510983,0.41867,10.00
0.180130,4.996426,0.511035,0.41844,10.00
0.180140,4.996799,0.510861,0.41832,10.00
0.180150,4.997442,0.510557,0.41827,10.00
0.180160,4.999175,0.508973,0.41682,10.00
0.180170,5.000790,0.506086,0.41614,10.00
0.180180,5.002248,0.502591,0.41590,10.00
0.180190,5.003533,0.498887,0.41592,10.00
0.180200,5.004225,0.495202,0.41607,10.00
0.180210,5.003111,0.493453,0.41841,10.00
0.180220,5.001984,0.493790,0.41966,10.00
0.180230,5.000910,0.495251,0.42028,10.00
0.180240,4.999925,0.497273,0.42054,10.00
0.180250,4.999242,0.499533,0.42060,10.00
0.180260,4.999444,0.500993,0.41953,10.00
0.180270,4.999684,0.501510,0.41894,10.00
0.180280,4.999930,0.501497,0.41862,10.00
0.180290,5.000167,0.501197,0.41845,10.00
0.180300,5.000243,0.500751,0.41838,10.00
0.180310,4.999748,0.500840,0.41907,10.00
0.180320,4.999278,0.501540,0.41942,10.00
0.180330,4.998851,0.502545,0.41957,10.00
0.180340,4.998475,0.503676,0.41960,10.00
0.180350,4.998114,0.504833,0.41958,10.00
0.180360,4.997652,0.506128,0.41972,10.00
0.180370,4.997255,0.507536,0.41974,10.00
0.180380,4.996924,0.508950,0.41970,10.00
0.180390,4.996657,0.510310,0.41962,10.00
0.180400,4.996778,0.511583,0.41953,10.00
0.180410,4.998228,0.511361,0.41778,10.00
0.180420,4.999616,0.509574,0.41691,10.00
0.180430,5.000892,0.506997,0.41653,10.00
0.180440,5.002035,0.504077,0.41643,10.00
0.180450,5.002845,0.501073,0.41650,10.00
0.180460,5.002769,0.498948,0.41761,10.00
0.180470,5.002626,0.497820,0.41826,10.00
0.180480,5.002449,0.497275,0.41863,10.00
0.180490,5.002259,0.497071,0.41884,10.00
0.180500,5.002044,0.497065,0.41895,10.00
0.180510,5.001750,0.497262,0.41912,10.00
0.180520,5.001470,0.497619,0.41920,10.00
0.180530,5.001210,0.498053,0.41922,10.00
0.180540,5.000972,0.498519,0.41922,10.00
0.180550,5.000746,0.498988,0.41920,10.00
0.180560,5.000503,0.499490,0.41922,10.00
0.180570,5.000284,0.500017,0.41922,10.00
0.180580,5.000090,0.500541,0.41919,10.00
0.180590,4.999920,0.501046,0.41916,10.00
0.180600,4.999628,0.501523,0.41913,10.00
0.180610,4.998793,0.502586,0.41982,10.00
0.180620,4.998028,0.504261,0.42014,10.00
0.180630,4.997351,0.506206,0.42023,10.00
0.180640,4.996768,0.508224,0.42020,10.00
0.180650,4.996388,0.510203,0.42011,10.00
0.180660,4.996525,0.511616,0.41943,10.00
0.180670,4.996707,0.512410,0.41904,10.00
0.180680,4.996914,0.512830,0.41880,10.00
0.180690,4.997133,0.513023,0.41867,10.00
0.180700,4.997372,0.513076,0.41859,10.00
0.180710,4.997675,0.512970,0.41846,10.00
0.180720,4.997968,0.512732,0.41840,10.00
0.180730,4.998247,0.512424,0.41838,10.00
0.180740,4.998510,0.512079,0.41838,10.00
0.180750,4.998709,0.511719,0.41839,10.00
0.180760,4.998708,0.511556,0.41864,10.00
0.180770,4.998706,0.511607,0.41878,10.00
0.180780,4.998709,0.511765,0.41884,10.00
0.180790,4.998721,0.511970,0.41887,10.00
0.180800,4.998864,0.512187,0.41888,10.00
0.180810,4.999488,0.511880,0.41826,10.00
0.180820,5.000080,0.511017,0.41795,10.00
0.180830,5.000621,0.509878,0.41783,10.00
0.180840,5.001104,0.508626,0.41781,10.00
0.180850,5.001660,0.507357,0.41785,10.00
0.180860,5.002668,0.505563,0.41725,10.00
0.180870,5.003574,0.503246,0.41702,10.00
0.180880,5.004366,0.500732,0.41699,10.00
0.180890,5.005038,0.498206,0.41707,10.00
0.180900,5.005451,0.495772,0.41721,10.00
0.180910,5.005192,0.494100,0.41810,10.00
0.180920,5.004882,0.493244,0.41862,10.00
0.180930,5.004549,0.492874,0.41891,10.00
0.180940,5.004209,0.492792,0.41908,10.00
0.180950,5.004044,0.492882,0.41917,10.00
0.180960,5.004561,0.492339,0.41833,10.00
0.180970,5.005030,0.491086,0.41793,10.00
0.180980,5.005430,0.489506,0.41778,10.00
0.180990,5.005753,0.487820,0.41776,10.00
0.181000,5.005891,0.486151,0.41782,10.00
0.181010,5.005538,0.485022,0.41846,10.00
0.181020,5.005152,0.484490,0.41882,10.00
0.181030,5.004754,0.484316,0.41903,10.00
0.181040,5.004356,0.484358,0.41914,10.00
0.181050,5.004192,0.484533,0.41920,10.00
0.181060,5.004921,0.483825,0.41808,10.00
0.181070,5.005585,0.482158,0.41754,10.00
0.181080,5.006158,0.480048,0.41734,10.00
0.181090,5.006627,0.477790,0.41731,10.00
0.181100,5.006764,0.475550,0.41739,10.00
0.181110,5.005911,0.474393,0.41867,10.00
0.181120,5.005044,0.474410,0.41936,10.00
0.181130,5.004200,0.475082,0.41972,10.00
0.181140,5.003402,0.476104,0.41987,10.00
0.181150,5.002465,0.477298,0.41992,10.00
0.181160,5.000833,0.479383,0.42087,10.00
0.181170,4.999329,0.482337,0.42128,10.00
0.181180,4.997978,0.485667,0.42137,10.00
0.181190,4.996786,0.489088,0.42130,10.00
0.181200,4.996040,0.492440,0.42113,10.00
0.181210,4.996560,0.494417,0.41947,10.00
0.181220,4.997123,0.494919,0.41856,10.00
0.181230,4.997682,0.494600,0.41807,10.00
0.181240,4.998211,0.493843,0.41784,10.00
0.181250,4.998761,0.492872,0.41775,10.00
0.181260,4.999508,0.491546,0.41743,10.00
0.181270,5.000183,0.489928,0.41731,10.00
0.181280,5.000778,0.488209,0.41732,10.00
0.181290,5.001292,0.486498,0.41739,10.00
0.181300,5.001598,0.484855,0.41749,10.00
0.181310,5.001320,0.483868,0.41826,10.00
0.181320,5.001020,0.483580,0.41869,10.00
0.181330,5.000719,0.483685,0.41892,10.00
0.181340,5.000431,0.484006,0.41904,10.00
0.181350,5.000227,0.484438,0.41909,10.00
0.181360,5.000300,0.484642,0.41876,10.00
0.181370,5.000374,0.484569,0.41859,10.00
0.181380,5.000440,0.484354,0.41851,10.00
0.181390,5.000495,0.484073,0.41848,10.00
0.181400,5.000480,0.483771,0.41847,10.00
0.181410,5.000238,0.483707,0.41876,10.00
0.181420,5.000003,0.483905,0.41891,10.00
0.181430,4.999781,0.484241,0.41898,10.00
0.181440,4.999578,0.484645,0.41900,10.00
0.181450,4.999438,0.485073,0.41900,10.00
0.181460,4.999487,0.485318,0.41876,10.00
0.181470,4.999541,0.485356,0.41864,10.00
0.181480,4.999594,0.485284,0.41857,10.00
0.181490,4.999641,0.485156,0.41854,10.00
0.181500,4.999512,0.485004,0.41853,10.00
0.181510,4.998717,0.485568,0.41939,10.00
0.181520,4.997973,0.486891,0.41980,10.00
0.181530,4.997304,0.488579,0.41996,10.00
0.181540,4.996718,0.490402,0.41998,10.00
0.181550,4.996290,0.492231,0.41992,10.00
0.181560,4.996222,0.493692,0.41946,10.00
0.181570,4.996208,0.494730,0.41917,10.00
0.181580,4.996233,0.495497,0.41898,10.00
0.181590,4.996288,0.496081,0.41886,10.00
0.181600,4.996274,0.496537,0.41878,10.00
0.181610,4.995924,0.497286,0.41917,10.00
0.181620,4.995620,0.498368,0.41935,10.00
0.181630,4.995371,0.499581,0.41939,10.00
0.181640,4.995178,0.500812,0.41937,10.00
0.181650,4.995127,0.501997,0.41931,10.00
0.181660,4.995461,0.502738,0.41880,10.00
0.181670,4.995814,0.503003,0.41851,10.00
0.181680,4.996169,0.502988,0.41836,10.00
0.181690,4.996517,0.502809,0.41828,10.00
0.181700,4.996855,0.502537,0.41824,10.00
0.181710,4.997190,0.502200,0.41822,10.00
0.181720,4.997507,0.501822,0.41822,10.00
0.181730,4.997804,0.501427,0.41824,10.00
0.181740,4.998083,0.501027,0.41826,10.00
0.181750,4.998180,0.500630,0.41828,10.00
0.181760,4.997628,0.500932,0.41913,10.00
0.181770,4.997114,0.501967,0.41954,10.00
0.181780,4.996660,0.503354,0.41971,10.00
0.181790,4.996275,0.504874,0.41975,10.00
0.181800,4.996120,0.506403,0.41970,10.00
0.181810,4.996648,0.507199,0.41883,10.00
0.181820,4.997187,0.507195,0.41835,10.00
0.181830,4.997709,0.506748,0.41811,10.00
0.181840,4.998203,0.506065,0.41800,10.00
0.181850,4.998550,0.505271,0.41797,10.00
0.181860,4.998431,0.504901,0.41854,10.00
0.181870,4.998311,0.505020,0.41884,10.00
0.181880,4.998204,0.505391,0.41899,10.00
0.181890,4.998118,0.505879,0.41905,10.00
0.181900,4.997780,0.506405,0.41906,10.00
0.181910,4.996393,0.508099,0.42043,10.00
0.181920,4.995125,0.510992,0.42106,10.00
0.181930,4.994011,0.514421,0.42127,10.00
0.181940,4.993062,0.518004,0.42125,10.00
0.181950,4.992529,0.521527,0.42109,10.00
0.181960,4.993126,0.523810,0.41962,10.00
0.181970,4.993785,0.524745,0.41878,10.00
0.181980,4.994460,0.524894,0.41832,10.00
0.181990,4.995126,0.524590,0.41808,10.00
0.182000,4.995794,0.524032,0.41796,10.00
0.182010,4.996533,0.523223,0.41779,10.00
0.182020,4.997226,0.522226,0.41773,10.00
0.182030,4.997868,0.521148,0.41774,10.00
0.182040,4.998458,0.520048,0.41778,10.00
0.182050,4.999070,0.518962,0.41784,10.00
0.182060,4.999924,0.517592,0.41753,10.00
0.182070,5.000703,0.515934,0.41743,10.00
0.182080,5.001399,0.514171,0.41744,10.00
0.182090,5.002013,0.512409,0.41751,10.00
0.182100,5.002707,0.510707,0.41761,10.00
0.182110,5.003957,0.508404,0.41690,10.00
0.182120,5.005078,0.505483,0.41663,10.00
0.182130,5.006054,0.502337,0.41661,10.00
0.182140,5.006883,0.499187,0.41671,10.00
0.182150,5.007379,0.496156,0.41689,10.00
0.182160,5.007004,0.494115,0.41804,10.00
0.182170,5.006569,0.493131,0.41871,10.00
0.182180,5.006109,0.492770,0.41908,10.00
0.182190,5.005646,0.492775,0.41929,10.00
0.182200,5.005221,0.492994,0.41939,10.00
0.182210,5.004925,0.493211,0.41929,10.00
0.182220,5.004639,0.493365,0.41923,10.00
0.182230,5.004360,0.493494,0.41919,10.00
0.182240,5.004089,0.493617,0.41917,10.00
0.182250,5.003645,0.493745,0.41916,10.00
0.182260,5.002513,0.494643,0.42005,10.00
0.182270,5.001451,0.496349,0.42046,10.00
0.182280,5.000483,0.498439,0.42061,10.00
0.182290,4.999619,0.500669,0.42061,10.00
0.182300,4.998855,0.502900,0.42052,10.00
0.182310,4.998175,0.505074,0.42041,10.00
0.182320,4.997594,0.507151,0.42028,10.00
0.182330,4.997106,0.509097,0.42013,10.00
0.182340,4.996705,0.510900,0.41998,10.00
0.182350,4.996425,0.512552,0.41983,10.00
0.182360,4.996381,0.513879,0.41948,10.00
0.182370,4.996387,0.514874,0.41925,10.00
0.182380,4.996433,0.515645,0.41910,10.00
0.182390,4.996508,0.516256,0.41899,10.00
0.182400,4.996633,0.516747,0.41891,10.00
0.182410,4.996871,0.517039,0.41873,10.00
0.182420,4.997117,0.517145,0.41862,10.00
0.182430,4.997363,0.517136,0.41856,10.00
0.182440,4.997605,0.517052,0.41853,10.00
0.182450,4.997732,0.516922,0.41852,10.00
0.182460,4.997428,0.517224,0.41906,10.00
0.182470,4.997153,0.517990,0.41933,10.00
0.182480,4.996921,0.518970,0.41943,10.00
0.182490,4.996736,0.520021,0.41944,10.00
0.182500,4.996653,0.521061,0.41941,10.00
0.182510,4.996825,0.521820,0.41908,10.00
0.182520,4.997021,0.522265,0.41888,10.00
0.182530,4.997231,0.522511,0.41876,10.00
0.182540,4.997447,0.522630,0.41869,10.00
0.182550,4.997743,0.522663,0.41865,10.00
0.182560,4.998339,0.522308,0.41824,10.00
0.182570,4.998904,0.521567,0.41804,10.00
0.182580,4.999428,0.520633,0.41796,10.00
0.182590,4.999905,0.519619,0.41796,10.00
0.182600,5.000593,0.518592,0.41800,10.00
0.182610,5.002248,0.516478,0.41674,10.00
0.182620,5.003766,0.513247,0.41618,10.00
0.182630,5.005115,0.509526,0.41602,10.00
0.182640,5.006285,0.505675,0.41608,10.00
0.182650,5.007101,0.501897,0.41625,10.00
0.182660,5.007064,0.499051,0.41737,10.00
0.182670,5.006928,0.497226,0.41805,10.00
0.182680,5.006727,0.496035,0.41846,10.00
0.182690,5.006486,0.495246,0.41872,10.00
0.182700,5.006078,0.494719,0.41888,10.00
0.182710,5.005115,0.494959,0.41968,10.00
0.182720,5.004190,0.495941,0.42008,10.00
0.182730,5.003324,0.497304,0.42024,10.00
0.182740,5.002529,0.498839,0.42028,10.00
0.182750,5.002075,0.500424,0.42023,10.00
0.182760,5.002727,0.500861,0.41881,10.00
0.182770,5.003359,0.500057,0.41808,10.00
0.182780,5.003933,0.498620,0.41774,10.00
0.182790,5.004430,0.496899,0.41762,10.00
0.182800,5.004761,0.495097,0.41763,10.00
0.182810,5.004683,0.493681,0.41812,10.00
0.182820,5.004555,0.492730,0.41843,10.00
0.182830,5.004393,0.492078,0.41862,10.00
0.182840,5.004208,0.491623,0.41874,10.00
0.182850,5.004136,0.491306,0.41882,10.00
0.182860,5.004554,0.490540,0.41823,10.00
0.182870,5.004920,0.489275,0.41796,10.00
0.182880,5.005221,0.487798,0.41787,10.00
0.182890,5.005452,0.486276,0.41788,10.00
0.182900,5.005338,0.484798,0.41795,10.00
0.182910,5.004083,0.484590,0.41944,10.00
0.182920,5.002864,0.485730,0.42020,10.00
0.182930,5.001723,0.487575,0.42054,10.00
0.182940,5.000681,0.489749,0.42065,10.00
0.182950,4.999835,0.492035,0.42062,10.00
0.182960,4.999441,0.493932,0.42008,10.00
0.182970,4.999120,0.495353,0.41973,10.00
0.182980,4.998857,0.496470,0.41950,10.00
0.182990,4.998640,0.497386,0.41934,10.00
0.183000,4.998315,0.498160,0.41922,10.00
0.183010,4.997451,0.499456,0.41988,10.00
0.183020,4.996668,0.501325,0.42016,10.00
0.183030,4.995980,0.503434,0.42023,10.00
0.183040,4.995393,0.505594,0.42019,10.00
0.183050,4.994940,0.507697,0.42008,10.00
0.183060,4.994717,0.509538,0.41977,10.00
0.183070,4.994570,0.511082,0.41955,10.00
0.183080,4.994487,0.512397,0.41937,10.00
0.183090,4.994459,0.513530,0.41923,10.00
0.183100,4.994613,0.514509,0.41912,10.00
0.183110,4.995332,0.514782,0.41834,10.00
0.183120,4.996039,0.514340,0.41794,10.00
0.183130,4.996711,0.513511,0.41775,10.00
0.183140,4.997337,0.512491,0.41768,10.00
0.183150,4.997870,0.511392,0.41769,10.00
0.183160,4.998188,0.510456,0.41794,10.00
0.183170,4.998469,0.509728,0.41810,10.00
0.183180,4.998720,0.509132,0.41821,10.00
0.183190,4.998944,0.508623,0.41829,10.00
0.183200,4.998983,0.508173,0.41835,10.00
0.183210,4.998366,0.508462,0.41922,10.00
0.183220,4.997787,0.509515,0.41965,10.00
0.183230,4.997269,0.510937,0.41983,10.00
0.183240,4.996823,0.512504,0.41987,10.00
0.183250,4.996555,0.514085,0.41982,10.00
0.183260,4.996764,0.515168,0.41922,10.00
0.183270,4.997004,0.515693,0.41887,10.00
0.183280,4.997258,0.515888,0.41867,10.00
0.183290,4.997513,0.515888,0.41856,10.00
0.183300,4.997741,0.515772,0.41850,10.00
0.183310,4.997866,0.515691,0.41860,10.00
0.183320,4.997990,0.515677,0.41865,10.00
0.183330,4.998113,0.515692,0.41867,10.00
0.183340,4.998237,0.515714,0.41868,10.00
0.183350,4.998638,0.515732,0.41869,10.00
0.183360,5.000118,0.514558,0.41729,10.00
0.183370,5.001501,0.512136,0.41662,10.00
0.183380,5.002750,0.509121,0.41638,10.00
0.183390,5.003850,0.505890,0.41637,10.00
0.183400,5.004615,0.502661,0.41649,10.00
0.183410,5.004522,0.500329,0.41759,10.00
0.183420,5.004352,0.498994,0.41824,10.00
0.183430,5.004140,0.498256,0.41862,10.00
0.183440,5.003906,0.497878,0.41884,10.00
0.183450,5.003751,0.497718,0.41897,10.00
0.183460,5.003944,0.497311,0.41859,10.00
0.183470,5.004108,0.496589,0.41841,10.00
0.183480,5.004234,0.495732,0.41835,10.00
0.183490,5.004320,0.494844,0.41835,10.00
0.183500,5.004288,0.493983,0.41839,10.00
0.183510,5.003921,0.493506,0.41883,10.00
0.183520,5.003546,0.493441,0.41907,10.00
0.183530,5.003176,0.493615,0.41919,10.00
0.183540,5.002821,0.493923,0.41925,10.00
0.183550,5.002428,0.494303,0.41927,10.00
0.183560,5.001845,0.494949,0.41954,10.00
0.183570,5.001301,0.495851,0.41965,10.00
0.183580,5.000805,0.496866,0.41968,10.00
0.183590,5.000357,0.497914,0.41965,10.00
0.183600,5.000135,0.498947,0.41960,10.00
0.183610,5.000646,0.499189,0.41864,10.00
0.183620,5.001141,0.498592,0.41815,10.00
0.183630,5.001594,0.497566,0.41792,10.00
0.183640,5.001992,0.496348,0.41785,10.00
0.183650,5.002256,0.495074,0.41786,10.00
0.183660,5.002168,0.494141,0.41829,10.00
0.183670,5.002050,0.493607,0.41855,10.00
0.183680,5.001915,0.493313,0.41870,10.00
0.183690,5.001772,0.493169,0.41879,10.00
0.183700,5.001739,0.493117,0.41884,10.00
0.183710,5.002147,0.492641,0.41830,10.00
0.183720,5.002517,0.491700,0.41804,10.00
0.183730,5.002837,0.490548,0.41795,10.00
0.183740,5.003101,0.489331,0.41794,10.00
0.183750,5.003014,0.488132,0.41799,10.00
0.183760,5.001727,0.488249,0.41955,10.00
0.183770,5.000493,0.489762,0.42033,10.00
0.183780,4.999355,0.491986,0.42068,10.00
0.183790,4.998332,0.494521,0.42077,10.00
0.183800,4.997485,0.497140,0.42072,10.00
0.183810,4.996968,0.499484,0.42032,10.00
0.183820,4.996549,0.501472,0.42003,10.00
0.183830,4.996215,0.503192,0.41981,10.00
0.183840,4.995955,0.504702,0.41963,10.00
0.183850,4.995693,0.506036,0.41948,10.00
0.183860,4.995231,0.507501,0.41969,10.00
0.183870,4.994843,0.509128,0.41974,10.00
0.183880,4.994532,0.510773,0.41970,10.00
0.183890,4.994295,0.512358,0.41962,10.00
0.183900,4.994486,0.513840,0.41952,10.00
0.183910,4.996133,0.513677,0.41760,10.00
0.183920,4.997714,0.511790,0.41663,10.00
0.183930,4.999177,0.509026,0.41622,10.00
0.183940,5.000495,0.505876,0.41611,10.00
0.183950,5.001129,0.502621,0.41617,10.00
0.183960,4.999537,0.501691,0.41902,10.00
0.183970,4.997985,0.503278,0.42050,10.00
0.183980,4.996550,0.506169,0.42119,10.00
0.183990,4.995272,0.509660,0.42143,10.00
0.184000,4.994411,0.513344,0.42142,10.00
0.184010,4.994685,0.515940,0.42002,10.00
0.184020,4.995038,0.517273,0.41921,10.00
0.184030,4.995429,0.517860,0.41875,10.00
0.184040,4.995831,0.518009,0.41849,10.00
0.184050,4.996437,0.517900,0.41835,10.00
0.184060,4.997833,0.516766,0.41725,10.00
0.184070,4.999141,0.514630,0.41673,10.00
0.184080,5.000332,0.512017,0.41655,10.00
0.184090,5.001393,0.509232,0.41655,10.00
0.184100,5.002187,0.506447,0.41666,10.00
0.184110,5.002323,0.504340,0.41751,10.00
0.184120,5.002384,0.502990,0.41802,10.00
0.184130,5.002397,0.502100,0.41833,10.00
0.184140,5.002378,0.501494,0.41852,10.00
0.184150,5.002492,0.501069,0.41864,10.00
0.184160,5.003195,0.500100,0.41793,10.00
0.184170,5.003833,0.498519,0.41761,10.00
0.184180,5.004388,0.496670,0.41751,10.00
0.184190,5.004854,0.494750,0.41753,10.00
0.184200,5.005102,0.492870,0.41761,10.00
0.184210,5.004763,0.491642,0.41838,10.00
0.184220,5.004389,0.491120,0.41882,10.00
0.184230,5.004006,0.491012,0.41906,10.00
0.184240,5.003627,0.491145,0.41919,10.00
0.184250,5.003112,0.491416,0.41925,10.00
0.184260,5.002035,0.492396,0.42002,10.00
0.184270,5.001028,0.494078,0.42037,10.00
0.184280,5.000113,0.496088,0.42049,10.00
0.184290,4.999296,0.498210,0.42047,10.00
0.184300,4.998673,0.500323,0.42038,10.00
0.184310,4.998511,0.501959,0.41979,10.00
0.184320,4.998408,0.503064,0.41942,10.00
0.184330,4.998346,0.503839,0.41919,10.00
0.184340,4.998314,0.504407,0.41905,10.00
0.184350,4.997988,0.504839,0.41895,10.00
0.184360,4.996447,0.506526,0.42049,10.00
0.184370,4.995030,0.509555,0.42120,10.00
0.184380,4.993775,0.513196,0.42144,10.00
0.184390,4.992697,0.517029,0.42143,10.00
0.184400,4.992335,0.520814,0.42127,10.00
0.184410,4.994238,0.522134,0.41833,10.00
0.184420,4.996114,0.520813,0.41679,10.00
0.184430,4.997880,0.518093,0.41606,10.00
0.184440,4.999494,0.514698,0.41579,10.00
0.184450,5.000819,0.511045,0.41578,10.00
0.184460,5.001503,0.507886,0.41652,10.00
0.184470,5.002060,0.505379,0.41702,10.00
0.184480,5.002513,0.503312,0.41736,10.00
0.184490,5.002879,0.501559,0.41762,10.00
0.184500,5.002995,0.500041,0.41781,10.00
0.184510,5.002364,0.499457,0.41886,10.00
0.184520,5.001736,0.499809,0.41941,10.00
0.184530,5.001142,0.500662,0.41967,10.00
0.184540,5.000597,0.501760,0.41978,10.00
0.184550,5.000267,0.502956,0.41979,10.00
0.184560,5.000615,0.503486,0.41894,10.00
0.184570,5.000964,0.503271,0.41849,10.00
0.184580,5.001289,0.502663,0.41827,10.00
0.184590,5.001580,0.501865,0.41818,10.00
0.184600,5.001953,0.500996,0.41817,10.00
0.184610,5.002763,0.499600,0.41758,10.00
0.184620,5.003491,0.497691,0.41733,10.00
0.184630,5.004122,0.495577,0.41728,10.00
0.184640,5.004653,0.493437,0.41733,10.00
0.184650,5.004903,0.491367,0.41744,10.00
0.184660,5.004348,0.490201,0.41851,10.00
0.184670,5.003770,0.489999,0.41909,10.00
0.184680,5.003202,0.490340,0.41939,10.00
0.184690,5.002661,0.490975,0.41954,10.00
0.184700,5.002265,0.491757,0.41958,10.00
0.184710,5.002335,0.492136,0.41903,10.00
0.184720,5.002407,0.492040,0.41873,10.00
0.184730,5.002467,0.491700,0.41859,10.00
0.184740,5.002509,0.491248,0.41853,10.00
0.184750,5.002448,0.490760,0.41851,10.00
0.184760,5.002051,0.490623,0.41894,10.00
0.184770,5.001660,0.490875,0.41915,10.00
0.184780,5.001290,0.491337,0.41926,10.00
0.184790,5.000945,0.491903,0.41929,10.00
0.184800,5.000556,0.492512,0.41929,10.00
0.184810,4.999916,0.493437,0.41963,10.00
0.184820,4.999330,0.494671,0.41977,10.00
0.184830,4.998806,0.496031,0.41979,10.00
0.184840,4.998347,0.497413,0.41975,10.00
0.184850,4.998111,0.498759,0.41968,10.00
0.184860,4.998550,0.499363,0.41880,10.00
0.184870,4.998992,0.499178,0.41832,10.00
0.184880,4.999411,0.498571,0.41809,10.00
0.184890,4.999794,0.497755,0.41800,10.00
0.184900,5.000072,0.496855,0.41798,10.00
0.184910,5.000059,0.496211,0.41833,10.00
0.184920,5.000026,0.495877,0.41853,10.00
0.184930,4.999983,0.495723,0.41865,10.00
0.184940,4.999936,0.495674,0.41871,10.00
0.184950,4.999686,0.495684,0.41875,10.00
0.184960,4.998644,0.496596,0.41979,10.00
0.184970,4.997676,0.498432,0.42029,10.00
0.184980,4.996809,0.500704,0.42047,10.00
0.184990,4.996053,0.503127,0.42048,10.00
0.185000,4.995696,0.505540,0.42039,10.00
0.185010,4.996560,0.506642,0.41881,10.00
0.185020,4.997428,0.506328,0.41797,10.00
0.185030,4.998255,0.505250,0.41755,10.00
0.185040,4.999017,0.503790,0.41738,10.00
0.185050,4.999581,0.502168,0.41735,10.00
0.185060,4.999584,0.501041,0.41802,10.00
0.185070,4.999553,0.500505,0.41841,10.00
0.185080,4.999507,0.500305,0.41862,10.00
0.185090,4.999458,0.500292,0.41874,10.00
0.185100,4.999329,0.500381,0.41880,10.00
0.185110,4.998882,0.500872,0.41924,10.00
0.185120,4.998472,0.501755,0.41945,10.00
0.185130,4.998108,0.502816,0.41952,10.00
0.185140,4.997796,0.503931,0.41952,10.00
0.185150,4.997553,0.505034,0.41947,10.00
0.185160,4.997423,0.506014,0.41933,10.00
0.185170,4.997335,0.506850,0.41921,10.00
0.185180,4.997281,0.507571,0.41912,10.00
0.185190,4.997258,0.508197,0.41905,10.00
0.185200,4.997213,0.508742,0.41899,10.00
0.185210,4.997001,0.509423,0.41918,10.00
0.185220,4.996825,0.510257,0.41925,10.00
0.185230,4.996690,0.511135,0.41925,10.00
0.185240,4.996595,0.511996,0.41922,10.00
0.185250,4.996637,0.512808,0.41917,10.00
0.185260,4.997103,0.513130,0.41861,10.00
0.185270,4.997566,0.512934,0.41831,10.00
0.185280,4.998010,0.512456,0.41817,10.00
0.185290,4.998426,0.511833,0.41811,10.00
0.185300,4.998787,0.511144,0.41811,10.00
0.185310,4.999026,0.510534,0.41824,10.00
0.185320,4.999239,0.510034,0.41834,10.00
0.185330,4.999431,0.509606,0.41840,10.00
0.185340,4.999603,0.509226,0.41845,10.00
0.185350,4.999795,0.508883,0.41849,10.00
0.185360,5.000110,0.508415,0.41834,10.00
0.185370,5.000398,0.507812,0.41828,10.00
0.185380,5.000656,0.507154,0.41828,10.00
0.185390,5.000882,0.506489,0.41830,10.00
0.185400,5.001015,0.505842,0.41833,10.00
0.185410,5.000874,0.505496,0.41869,10.00
0.185420,5.000728,0.505469,0.41889,10.00
0.185430,5.000587,0.505616,0.41899,10.00
0.185440,5.000455,0.505853,0.41903,10.00
0.185450,5.000173,0.506130,0.41904,10.00
0.185460,4.999270,0.507115,0.41986,10.00
0.185470,4.998437,0.508822,0.42024,10.00
0.185480,4.997695,0.510857,0.42037,10.00
0.185490,4.997052,0.512994,0.42035,10.00
0.185500,4.997092,0.515105,0.42026,10.00
0.185510,4.999496,0.514636,0.41719,10.00
0.185520,5.001788,0.511436,0.41565,10.00
0.185530,5.003882,0.506866,0.41499,10.00
0.185540,5.005742,0.501717,0.41483,10.00
0.185550,5.007055,0.496441,0.41495,10.00
0.185560,5.006956,0.492570,0.41672,10.00
0.185570,5.006727,0.490302,0.41777,10.00
0.185580,5.006425,0.488997,0.41839,10.00
0.185590,5.006082,0.488277,0.41876,10.00
0.185600,5.005647,0.487916,0.41897,10.00
0.185610,5.004928,0.488083,0.41945,10.00
0.185620,5.004233,0.488710,0.41969,10.00
0.185630,5.003577,0.489579,0.41979,10.00
0.185640,5.002967,0.490563,0.41981,10.00
0.185650,5.002500,0.491588,0.41978,10.00
0.185660,5.002446,0.492210,0.41926,10.00
0.185670,5.002407,0.492387,0.41897,10.00
0.185680,5.002369,0.492326,0.41881,10.00
0.185690,5.002326,0.492147,0.41874,10.00
0.185700,5.002193,0.491920,0.41871,10.00
0.185710,5.001738,0.492023,0.41911,10.00
0.185720,5.001301,0.492494,0.41931,10.00
0.185730,5.000892,0.493154,0.41939,10.00
0.185740,5.000519,0.493900,0.41941,10.00
0.185750,5.000347,0.494671,0.41939,10.00
0.185760,5.000858,0.494726,0.41851,10.00
0.185770,5.001346,0.494014,0.41807,10.00
0.185780,5.001788,0.492915,0.41787,10.00
0.185790,5.002173,0.491652,0.41781,10.00
0.185800,5.002132,0.490350,0.41783,10.00
0.185810,5.000607,0.490638,0.41974,10.00
0.185820,4.999151,0.492628,0.42070,10.00
0.185830,4.997819,0.495472,0.42111,10.00
0.185840,4.996632,0.498681,0.42121,10.00
0.185850,4.995738,0.501972,0.42114,10.00
0.185860,4.995531,0.504600,0.42028,10.00
0.185870,4.995423,0.506453,0.41975,10.00
0.185880,4.995385,0.507811,0.41940,10.00
0.185890,4.995399,0.508844,0.41918,10.00
0.185900,4.995471,0.509652,0.41902,10.00
0.185910,4.995639,0.510227,0.41883,10.00
0.185920,4.995828,0.510604,0.41871,10.00
0.185930,4.996028,0.510850,0.41863,10.00
0.185940,4.996237,0.511003,0.41858,10.00
0.185950,4.996338,0.511089,0.41855,10.00
0.185960,4.996009,0.511596,0.41909,10.00
0.185970,4.995718,0.512559,0.41934,10.00
0.185980,4.995478,0.513723,0.41944,10.00
0.185990,4.995294,0.514941,0.41944,10.00
0.186000,4.995474,0.516132,0.41939,10.00
0.186010,4.996907,0.515940,0.41776,10.00
0.186020,4.998281,0.514281,0.41694,10.00
0.186030,4.999552,0.511876,0.41659,10.00
0.186040,5.000698,0.509144,0.41650,10.00
0.186050,5.001688,0.506325,0.41656,10.00
0.186060,5.002455,0.503656,0.41681,10.00
0.186070,5.003104,0.501217,0.41705,10.00
0.186080,5.003645,0.498991,0.41726,10.00
0.186090,5.004088,0.496965,0.41745,10.00
0.186100,5.004664,0.495126,0.41762,10.00
0.186110,5.006023,0.492518,0.41666,10.00
0.186120,5.007233,0.489086,0.41628,10.00
0.186130,5.008271,0.485345,0.41621,10.00
0.186140,5.009134,0.481586,0.41632,10.00
0.186150,5.009505,0.477971,0.41653,10.00
0.186160,5.008469,0.475950,0.41839,10.00
0.186170,5.007395,0.475626,0.41941,10.00
0.186180,5.006340,0.476256,0.41994,10.00
0.186190,5.005333,0.477406,0.42019,10.00
0.186200,5.004571,0.478817,0.42027,10.00
0.186210,5.004582,0.479575,0.41935,10.00
0.186220,5.004603,0.479555,0.41886,10.00
0.186230,5.004612,0.479133,0.41861,10.00
0.186240,5.004596,0.478526,0.41850,10.00
0.186250,5.004535,0.477856,0.41848,10.00
0.186260,5.004383,0.477258,0.41857,10.00
0.186270,5.004208,0.476774,0.41864,10.00
0.186280,5.004014,0.476383,0.41869,10.00
0.186290,5.003806,0.476075,0.41874,10.00
0.186300,5.003573,0.475836,0.41878,10.00
0.186310,5.003274,0.475722,0.41888,10.00
0.186320,5.002976,0.475727,0.41894,10.00
0.186330,5.002681,0.475811,0.41897,10.00
0.186340,5.002393,0.475949,0.41898,10.00
0.186350,5.002073,0.476124,0.41899,10.00
0.186360,5.001606,0.476497,0.41919,10.00
0.186370,5.001164,0.477070,0.41928,10.00
0.186380,5.000752,0.477740,0.41930,10.00
0.186390,5.000374,0.478448,0.41929,10.00
0.186400,4.999853,0.479161,0.41926,10.00
0.186410,4.998673,0.480614,0.42012,10.00
0.186420,4.997588,0.482831,0.42050,10.00
0.186430,4.996619,0.485386,0.42061,10.00
0.186440,4.995773,0.488034,0.42056,10.00
0.186450,4.995438,0.490637,0.42044,10.00
0.186460,4.996733,0.491465,0.41832,10.00
0.186470,4.998003,0.490402,0.41722,10.00
0.186480,4.999190,0.488349,0.41670,10.00
0.186490,5.000264,0.485829,0.41651,10.00
0.186500,5.000836,0.483144,0.41652,10.00
0.186510,4.999813,0.482074,0.41853,10.00
0.186520,4.998797,0.482789,0.41959,10.00
0.186530,4.997847,0.484446,0.42010,10.00
0.186540,4.996991,0.486556,0.42030,10.00
0.186550,4.996447,0.488836,0.42032,10.00
0.186560,4.996823,0.490235,0.41919,10.00
0.186570,4.997231,0.490624,0.41856,10.00
0.186580,4.997639,0.490448,0.41823,10.00
0.186590,4.998027,0.489966,0.41807,10.00
0.186600,4.998337,0.489332,0.41801,10.00
0.186610,4.998421,0.488847,0.41825,10.00
0.186620,4.998489,0.488571,0.41839,10.00
0.186630,4.998547,0.488415,0.41848,10.00
0.186640,4.998600,0.488328,0.41853,10.00
0.186650,4.998339,0.488278,0.41856,10.00
0.186660,4.996865,0.489573,0.42014,10.00
0.186670,4.995499,0.492263,0.42090,10.00
0.186680,4.994281,0.495607,0.42118,10.00
0.186690,4.993228,0.499178,0.42119,10.00
0.186700,4.992803,0.502735,0.42106,10.00
0.186710,4.994336,0.504179,0.41853,10.00
0.186720,4.995861,0.503347,0.41719,10.00
0.186730,4.997305,0.501298,0.41654,10.00
0.186740,4.998632,0.498650,0.41629,10.00
0.186750,4.999567,0.495761,0.41626,10.00
0.186760,4.999357,0.493938,0.41766,10.00
0.186770,4.999101,0.493347,0.41844,10.00
0.186780,4.998840,0.493440,0.41886,10.00
0.186790,4.998596,0.493896,0.41907,10.00
0.186800,4.998583,0.494530,0.41916,10.00
0.186810,4.999400,0.494361,0.41814,10.00
0.186820,5.000179,0.493288,0.41763,10.00
0.186830,5.000892,0.491762,0.41742,10.00
0.186840,5.001527,0.490043,0.41737,10.00
0.186850,5.001747,0.488281,0.41740,10.00
0.186860,5.000597,0.487973,0.41917,10.00
0.186870,4.999484,0.489228,0.42007,10.00
0.186880,4.998457,0.491288,0.42048,10.00
0.186890,4.997539,0.493710,0.42061,10.00
0.186900,4.996890,0.496241,0.42058,10.00
0.186910,4.996947,0.498093,0.41971,10.00
0.186920,4.997064,0.499158,0.41920,10.00
0.186930,4.997216,0.499752,0.41890,10.00
0.186940,4.997386,0.500063,0.41872,10.00
0.186950,4.997330,0.500200,0.41862,10.00
0.186960,4.996366,0.501227,0.41974,10.00
0.186970,4.995481,0.503231,0.42027,10.00
0.186980,4.994705,0.505681,0.42046,10.00
0.186990,4.994049,0.508274,0.42046,10.00
0.187000,4.993538,0.510838,0.42037,10.00
0.187010,4.993244,0.513170,0.42009,10.00
0.187020,4.993050,0.515215,0.41985,10.00
0.187030,4.992942,0.517013,0.41965,10.00
0.187040,4.992910,0.518592,0.41948,10.00
0.187050,4.993211,0.519975,0.41933,10.00
0.187060,4.994610,0.520044,0.41786,10.00
0.187070,4.995965,0.518762,0.41710,10.00
0.187080,4.997234,0.516775,0.41677,10.00
0.187090,4.998398,0.514457,0.41667,10.00
0.187100,4.999273,0.512029,0.41671,10.00
0.187110,4.999353,0.510358,0.41770,10.00
0.187120,4.999382,0.509550,0.41827,10.00
0.187130,4.999388,0.509230,0.41858,10.00
0.187140,4.999388,0.509177,0.41875,10.00
0.187150,4.999283,0.509266,0.41884,10.00
0.187160,4.998766,0.509878,0.41942,10.00
0.187170,4.998294,0.510992,0.41969,10.00
0.187180,4.997883,0.512332,0.41978,10.00
0.187190,4.997535,0.513738,0.41978,10.00
0.187200,4.997183,0.515122,0.41972,10.00
0.187210,4.996621,0.516733,0.41999,10.00
0.187220,4.996141,0.518560,0.42006,10.00
0.187230,4.995748,0.520426,0.42003,10.00
0.187240,4.995439,0.522233,0.41994,10.00
0.187250,4.995572,0.523930,0.41982,10.00
0.187260,4.997183,0.523954,0.41788,10.00
0.187270,4.998735,0.522225,0.41689,10.00
0.187280,5.000176,0.519594,0.41645,10.00
0.187290,5.001478,0.516557,0.41632,10.00
0.187300,5.002446,0.513399,0.41638,10.00
0.187310,5.002544,0.511073,0.41746,10.00
0.187320,5.002564,0.509706,0.41810,10.00
0.187330,5.002538,0.508906,0.41847,10.00
0.187340,5.002486,0.508443,0.41869,10.00
0.187350,5.002568,0.508180,0.41882,10.00
0.187360,5.003222,0.507403,0.41814,10.00
0.187370,5.003820,0.506034,0.41782,10.00
0.187380,5.004345,0.504399,0.41771,10.00
0.187390,5.004791,0.502682,0.41772,10.00
0.187400,5.004996,0.500990,0.41779,10.00
0.187410,5.004496,0.500067,0.41871,10.00
0.187420,5.003980,0.499975,0.41921,10.00
0.187430,5.003476,0.500345,0.41946,10.00
0.187440,5.002999,0.500962,0.41958,10.00
0.187450,5.002529,0.501698,0.41961,10.00
0.187460,5.001998,0.502589,0.41973,10.00
0.187470,5.001513,0.503596,0.41976,10.00
0.187480,5.001078,0.504636,0.41973,10.00
0.187490,5.000691,0.505659,0.41968,10.00
0.187500,5.000646,0.506641,0.41961,10.00
0.187510,5.001793,0.506310,0.41805,10.00
0.187520,5.002880,0.504603,0.41727,10.00
0.187530,5.003863,0.502213,0.41694,10.00
0.187540,5.004725,0.499544,0.41687,10.00
0.187550,5.005269,0.496824,0.41693,10.00
0.187560,5.004945,0.494996,0.41803,10.00
0.187570,5.004568,0.494168,0.41866,10.00
0.187580,5.004172,0.493921,0.41901,10.00
0.187590,5.003776,0.494010,0.41920,10.00
0.187600,5.003365,0.494290,0.41929,10.00
0.187610,5.002867,0.494787,0.41946,10.00
0.187620,5.002399,0.495458,0.41953,10.00
0.187630,5.001966,0.496208,0.41954,10.00
0.187640,5.001570,0.496982,0.41952,10.00
0.187650,5.001283,0.497749,0.41948,10.00
0.187660,5.001312,0.498183,0.41907,10.00
0.187670,5.001350,0.498262,0.41884,10.00
0.187680,5.001386,0.498150,0.41872,10.00
0.187690,5.001414,0.497942,0.41867,10.00
0.187700,5.001347,0.497696,0.41865,10.00
0.187710,5.000941,0.497799,0.41907,10.00
0.187720,5.000553,0.498285,0.41928,10.00
0.187730,5.000195,0.498966,0.41937,10.00
0.187740,4.999872,0.499730,0.41939,10.00
0.187750,4.999477,0.500514,0.41937,10.00
0.187760,4.998696,0.501745,0.41988,10.00
0.187770,4.997988,0.503425,0.42009,10.00
0.187780,4.997365,0.505286,0.42014,10.00
0.187790,4.996831,0.507175,0.42009,10.00
0.187800,4.996597,0.509008,0.41999,10.00
0.187810,4.997276,0.509830,0.41879,10.00
0.187820,4.997958,0.509575,0.41815,10.00
0.187830,4.998607,0.508740,0.41784,10.00
0.187840,4.999208,0.507612,0.41771,10.00
0.187850,4.999879,0.506361,0.41769,10.00
0.187860,5.000993,0.504534,0.41707,10.00
0.187870,5.002002,0.502160,0.41683,10.00
0.187880,5.002892,0.499574,0.41680,10.00
0.187890,5.003660,0.496968,0.41688,10.00
0.187900,5.004189,0.494448,0.41702,10.00
0.187910,5.004141,0.492580,0.41779,10.00
0.187920,5.004029,0.491413,0.41825,10.00
0.187930,5.003877,0.490679,0.41853,10.00
0.187940,5.003700,0.490216,0.41870,10.00
0.187950,5.003529,0.489928,0.41881,10.00
0.187960,5.003425,0.489671,0.41877,10.00
0.187970,5.003311,0.489406,0.41877,10.00
0.187980,5.003185,0.489158,0.41877,10.00
0.187990,5.003049,0.488938,0.41879,10.00
0.188000,5.002587,0.488752,0.41880,10.00
0.188010,5.000882,0.489954,0.42043,10.00
0.188020,4.999283,0.492607,0.42120,10.00
0.188030,4.997832,0.495956,0.42150,10.00
0.188040,4.996548,0.499568,0.42152,10.00
0.188050,4.995479,0.503193,0.42139,10.00
0.188060,4.994752,0.506502,0.42096,10.00
0.188070,4.994166,0.509411,0.42062,10.00
0.188080,4.993707,0.511991,0.42033,10.00
0.188090,4.993358,0.514288,0.42009,10.00
0.188100,4.993294,0.516335,0.41987,10.00
0.188110,4.994041,0.517367,0.41875,10.00
0.188120,4.994801,0.517367,0.41814,10.00
0.188130,4.995541,0.516791,0.41783,10.00
0.188140,4.996242,0.515907,0.41769,10.00
0.188150,4.996868,0.514873,0.41765,10.00
0.188160,4.997337,0.513897,0.41781,10.00
0.188170,4.997762,0.513037,0.41793,10.00
0.188180,4.998149,0.512259,0.41802,10.00
0.188190,4.998501,0.511545,0.41809,10.00
0.188200,4.998678,0.510882,0.41816,10.00
0.188210,4.998273,0.510867,0.41893,10.00
0.188220,4.997889,0.511524,0.41932,10.00
0.188230,4.997547,0.512515,0.41949,10.00
0.188240,4.997256,0.513643,0.41954,10.00
0.188250,4.997320,0.514799,0.41952,10.00
0.188260,4.998612,0.514633,0.41794,10.00
0.188270,4.999849,0.513054,0.41715,10.00
0.188280,5.000987,0.510759,0.41680,10.00
0.188290,5.002006,0.508153,0.41672,10.00
0.188300,5.002414,0.505469,0.41677,10.00
0.188310,5.000804,0.504908,0.41936,10.00
0.188320,4.999244,0.506640,0.42069,10.00
0.188330,4.997805,0.509551,0.42130,10.00
0.188340,4.996521,0.512995,0.42149,10.00
0.188350,4.995752,0.516602,0.42146,10.00
0.188360,4.996508,0.518676,0.41955,10.00
0.188370,4.997304,0.519035,0.41849,10.00
0.188380,4.998085,0.518442,0.41795,10.00
0.188390,4.998821,0.517344,0.41769,10.00
0.188400,4.999385,0.516003,0.41760,10.00
0.188410,4.999452,0.515041,0.41817,10.00
0.188420,4.999489,0.514568,0.41849,10.00
0.188430,4.999512,0.514371,0.41867,10.00
0.188440,4.999531,0.514324,0.41877,10.00
0.188450,4.999599,0.514357,0.41882,10.00
0.188460,4.999863,0.514217,0.41859,10.00
0.188470,5.000113,0.513869,0.41848,10.00
0.188480,5.000344,0.513419,0.41844,10.00
0.188490,5.000551,0.512926,0.41843,10.00
0.188500,5.000771,0.512425,0.41845,10.00
0.188510,5.001109,0.511782,0.41829,10.00
0.188520,5.001413,0.511000,0.41823,10.00
0.188530,5.001678,0.510170,0.41823,10.00
0.188540,5.001904,0.509345,0.41827,10.00
0.188550,5.002085,0.508553,0.41831,10.00
0.188560,5.002204,0.507840,0.41840,10.00
0.188570,5.002292,0.507214,0.41847,10.00
0.188580,5.002353,0.506661,0.41853,10.00
0.188590,5.002391,0.506172,0.41859,10.00
0.188600,5.002290,0.505738,0.41863,10.00
0.188610,5.001710,0.505859,0.41927,10.00
0.188620,5.001156,0.506552,0.41958,10.00
0.188630,5.000645,0.507534,0.41972,10.00
0.188640,5.000184,0.508641,0.41975,10.00
0.188650,5.000067,0.509778,0.41972,10.00
0.188660,5.001135,0.509654,0.41820,10.00
0.188670,5.002153,0.508181,0.41743,10.00
0.188680,5.003080,0.506033,0.41709,10.00
0.188690,5.003895,0.503599,0.41701,10.00
0.188700,5.004404,0.501102,0.41706,10.00
0.188710,5.004053,0.499480,0.41814,10.00
0.188720,5.003659,0.498840,0.41875,10.00
0.188730,5.003254,0.498763,0.41909,10.00
0.188740,5.002856,0.499005,0.41926,10.00
0.188750,5.002462,0.499420,0.41934,10.00
0.188760,5.002032,0.499986,0.41944,10.00
0.188770,5.001634,0.500658,0.41947,10.00
0.188780,5.001268,0.501370,0.41946,10.00
0.188790,5.000937,0.502084,0.41943,10.00
0.188800,5.000862,0.502780,0.41939,10.00
0.188810,5.001682,0.502500,0.41822,10.00
0.188820,5.002457,0.501193,0.41764,10.00
0.188830,5.003153,0.499383,0.41739,10.00
0.188840,5.003757,0.497370,0.41734,10.00
0.188850,5.003991,0.495327,0.41739,10.00
0.188860,5.003060,0.494522,0.41888,10.00
0.188870,5.002136,0.495061,0.41967,10.00
0.188880,5.001262,0.496317,0.42005,10.00
0.188890,5.000459,0.497926,0.42020,10.00
0.188900,4.999789,0.499676,0.42021,10.00
0.188910,4.999402,0.501226,0.41989,10.00
0.188920,4.999080,0.502497,0.41967,10.00
0.188930,4.998811,0.503575,0.41951,10.00
0.188940,4.998589,0.504509,0.41939,10.00
0.188950,4.998434,0.505332,0.41929,10.00
0.188960,4.998423,0.505945,0.41907,10.00
0.188970,4.998435,0.506356,0.41894,10.00
0.188980,4.998461,0.506641,0.41885,10.00
0.188990,4.998497,0.506843,0.41880,10.00
0.189000,4.998464,0.506991,0.41877,10.00
0.189010,4.998132,0.507432,0.41914,10.00
0.189020,4.997832,0.508192,0.41931,10.00
0.189030,4.997571,0.509093,0.41936,10.00
0.189040,4.997354,0.510033,0.41936,10.00
0.189050,4.997413,0.510956,0.41932,10.00
0.189060,4.998419,0.510840,0.41809,10.00
0.189070,4.999382,0.509623,0.41747,10.00
0.189080,5.000269,0.507849,0.41720,10.00
0.189090,5.001064,0.505833,0.41713,10.00
0.189100,5.001756,0.503755,0.41718,10.00
0.189110,5.002329,0.501743,0.41730,10.00
0.189120,5.002812,0.499853,0.41745,10.00
0.189130,5.003211,0.498101,0.41759,10.00
0.189140,5.003532,0.496492,0.41773,10.00
0.189150,5.003647,0.495026,0.41787,10.00
0.189160,5.003172,0.494275,0.41868,10.00
0.189170,5.002686,0.494259,0.41911,10.00
0.189180,5.002213,0.494652,0.41934,10.00
0.189190,5.001767,0.495261,0.41944,10.00
0.189200,5.001505,0.495974,0.41947,10.00
0.189210,5.001865,0.496084,0.41869,10.00
0.189220,5.002209,0.495522,0.41830,10.00
0.189230,5.002516,0.494624,0.41812,10.00
0.189240,5.002776,0.493583,0.41806,10.00
0.189250,5.002729,0.492510,0.41807,10.00
0.189260,5.001627,0.492565,0.41943,10.00
0.189270,5.000569,0.493834,0.42011,10.00
0.189280,4.999592,0.495721,0.42041,10.00
0.189290,4.998713,0.497881,0.42049,10.00
0.189300,4.997992,0.500116,0.42045,10.00
0.189310,4.997583,0.502086,0.42007,10.00
0.189320,4.997256,0.503718,0.41981,10.00
0.189330,4.996998,0.505106,0.41961,10.00
0.189340,4.996798,0.506309,0.41946,10.00
0.189350,4.996610,0.507363,0.41934,10.00
0.189360,4.996311,0.508462,0.41944,10.00
0.189370,4.996066,0.509631,0.41944,10.00
0.189380,4.995875,0.510787,0.41940,10.00
0.189390,4.995736,0.511885,0.41934,10.00
0.189400,4.995701,0.512904,0.41926,10.00
0.189410,4.995924,0.513596,0.41890,10.00
0.189420,4.996169,0.513948,0.41870,10.00
0.189430,4.996422,0.514093,0.41858,10.00
0.189440,4.996677,0.514108,0.41851,10.00
0.189450,4.997003,0.514042,0.41847,10.00
0.189460,4.997615,0.513606,0.41808,10.00
0.189470,4.998193,0.512803,0.41790,10.00
0.189480,4.998726,0.511821,0.41783,10.00
0.189490,4.999211,0.510770,0.41784,10.00
0.189500,4.999557,0.509713,0.41788,10.00
0.189510,4.999510,0.509060,0.41839,10.00
0.189520,4.999447,0.508850,0.41867,10.00
0.189530,4.999382,0.508883,0.41882,10.00
0.189540,4.999323,0.509043,0.41889,10.00
0.189550,4.999250,0.509265,0.41892,10.00
0.189560,4.999102,0.509603,0.41904,10.00
0.189570,4.998973,0.510040,0.41909,10.00
0.189580,4.998865,0.510513,0.41910,10.00
0.189590,4.998779,0.510984,0.41908,10.00
0.189600,4.998711,0.511434,0.41906,10.00
0.189610,4.998648,0.511868,0.41904,10.00
0.189620,4.998604,0.512283,0.41902,10.00
0.189630,4.998578,0.512668,0.41899,10.00
0.189640,4.998569,0.513017,0.41896,10.00
0.189650,4.998566,0.513330,0.41893,10.00
0.189660,4.998537,0.513648,0.41896,10.00
0.189670,4.998524,0.513974,0.41895,10.00
0.189680,4.998525,0.514288,0.41894,10.00
0.189690,4.998540,0.514577,0.41892,10.00
0.189700,4.998785,0.514838,0.41890,10.00
0.189710,4.999888,0.514140,0.41778,10.00
0.189720,5.000926,0.512440,0.41723,10.00
0.189730,5.001867,0.510256,0.41702,10.00
0.189740,5.002699,0.507885,0.41700,10.00
0.189750,5.003407,0.505498,0.41708,10.00
0.189760,5.003961,0.503239,0.41726,10.00
0.189770,5.004416,0.501161,0.41745,10.00
0.189780,5.004779,0.499263,0.41762,10.00
0.189790,5.005058,0.497538,0.41778,10.00
0.189800,5.005249,0.495980,0.41793,10.00
0.189810,5.005313,0.494643,0.41814,10.00
0.189820,5.005323,0.493521,0.41829,10.00
0.189830,5.005287,0.492570,0.41842,10.00
0.189840,5.005211,0.491759,0.41852,10.00
0.189850,5.005014,0.491068,0.41860,10.00
0.189860,5.004445,0.490859,0.41912,10.00
0.189870,5.003882,0.491138,0.41939,10.00
0.189880,5.003343,0.491685,0.41952,10.00
0.189890,5.002836,0.492371,0.41956,10.00
0.189900,5.002526,0.493120,0.41956,10.00
0.189910,5.002888,0.493194,0.41871,10.00
0.189920,5.003230,0.492535,0.41827,10.00
0.189930,5.003530,0.491512,0.41808,10.00
0.189940,5.003777,0.490339,0.41802,10.00
0.189950,5.003868,0.489139,0.41804,10.00
0.189960,5.003508,0.488410,0.41861,10.00
0.189970,5.003133,0.488209,0.41893,10.00
0.189980,5.002759,0.488313,0.41910,10.00
0.189990,5.002397,0.488590,0.41918,10.00
0.190000,5.002284,0.488963,0.41921,10.00
0.190010,5.003094,0.488396,0.41804,10.00
0.190020,5.003844,0.486817,0.41747,10.00
0.190030,5.004505,0.484757,0.41725,10.00
0.190040,5.005063,0.482523,0.41721,10.00
0.190050,5.005256,0.480289,0.41728,10.00
0.190060,5.004327,0.479265,0.41873,10.00
0.190070,5.003394,0.479554,0.41950,10.00
0.190080,5.002499,0.480559,0.41989,10.00
0.190090,5.001666,0.481931,0.42004,10.00
0.190100,5.000876,0.483466,0.42007,10.00
0.190110,5.000054,0.485163,0.42017,10.00
0.190120,4.999317,0.486958,0.42015,10.00
0.190130,4.998664,0.488750,0.42008,10.00
0.190140,4.998095,0.490482,0.41997,10.00
0.190150,4.997799,0.492122,0.41986,10.00
0.190160,4.998339,0.492822,0.41875,10.00
0.190170,4.998879,0.492537,0.41816,10.00
0.190180,4.999388,0.491728,0.41787,10.00
0.190190,4.999851,0.490666,0.41776,10.00
0.190200,4.999936,0.489503,0.41774,10.00
0.190210,4.998707,0.489709,0.41941,10.00
0.190220,4.997537,0.491394,0.42025,10.00
0.190230,4.996470,0.493822,0.42062,10.00
0.190240,4.995528,0.496563,0.42071,10.00
0.190250,4.994905,0.499373,0.42065,10.00
0.190260,4.995140,0.501317,0.41957,10.00
0.190270,4.995433,0.502282,0.41894,10.00
0.190280,4.995752,0.502674,0.41859,10.00
0.190290,4.996078,0.502732,0.41840,10.00
0.190300,4.996332,0.502597,0.41830,10.00
0.190310,4.996312,0.502640,0.41859,10.00
0.190320,4.996300,0.502924,0.41874,10.00
0.190330,4.996306,0.503319,0.41880,10.00
0.190340,4.996330,0.503751,0.41882,10.00
0.190350,4.996379,0.504179,0.41881,10.00
0.190360,4.996468,0.504555,0.41876,10.00
0.190370,4.996572,0.504870,0.41873,10.00
0.190380,4.996689,0.505129,0.41869,10.00
0.190390,4.996815,0.505341,0.41867,10.00
0.190400,4.997067,0.505510,0.41864,10.00
0.190410,4.997782,0.505139,0.41803,10.00
0.190420,4.998461,0.504211,0.41773,10.00
0.190430,4.999087,0.503006,0.41762,10.00
0.190440,4.999651,0.501688,0.41761,10.00
0.190450,5.000368,0.500351,0.41765,10.00
0.190460,5.001862,0.498131,0.41663,10.00
0.190470,5.003220,0.495014,0.41620,10.00
0.190480,5.004420,0.491525,0.41611,10.00
0.190490,5.005454,0.487965,0.41619,10.00
0.190500,5.006215,0.484500,0.41637,10.00
0.190510,5.006398,0.481684,0.41714,10.00
0.190520,5.006473,0.479583,0.41764,10.00
0.190530,5.006467,0.477960,0.41797,10.00
0.190540,5.006396,0.476673,0.41821,10.00
0.190550,5.006147,0.475631,0.41838,10.00
0.190560,5.005363,0.475320,0.41914,10.00
0.190570,5.004590,0.475728,0.41955,10.00
0.190580,5.003850,0.476528,0.41974,10.00
0.190590,5.003155,0.477530,0.41981,10.00
0.190600,5.002401,0.478621,0.41980,10.00
0.190610,5.001265,0.480211,0.42033,10.00
0.190620,5.000221,0.482284,0.42053,10.00
0.190630,4.999282,0.484554,0.42056,10.00
0.190640,4.998451,0.486857,0.42049,10.00
0.190650,4.997767,0.489100,0.42036,10.00
0.190660,4.997337,0.491066,0.42002,10.00
0.190670,4.996989,0.492721,0.41977,10.00
0.190680,4.996712,0.494148,0.41958,10.00
0.190690,4.996495,0.495395,0.41943,10.00
0.190700,4.996401,0.496495,0.41930,10.00
0.190710,4.996620,0.497179,0.41885,10.00
0.190720,4.996857,0.497449,0.41860,10.00
0.190730,4.997098,0.497477,0.41846,10.00
0.190740,4.997335,0.497366,0.41839,10.00
0.190750,4.997321,0.497177,0.41836,10.00
0.190760,4.996353,0.497977,0.41957,10.00
0.190770,4.995457,0.499836,0.42016,10.00
0.190780,4.994665,0.502194,0.42038,10.00
0.190790,4.993989,0.504728,0.42040,10.00
0.190800,4.993458,0.507256,0.42032,10.00
0.190810,4.993144,0.509563,0.42005,10.00
0.190820,4.992928,0.511593,0.41982,10.00
0.190830,4.992799,0.513382,0.41962,10.00
0.190840,4.992746,0.514959,0.41945,10.00
0.190850,4.992788,0.516344,0.41931,10.00
0.190860,4.992999,0.517435,0.41903,10.00
0.190870,4.993251,0.518239,0.41885,10.00
0.190880,4.993532,0.518838,0.41873,10.00
0.190890,4.993835,0.519284,0.41864,10.00
0.190900,4.994235,0.519610,0.41858,10.00
0.190910,4.994966,0.519488,0.41811,10.00
0.190920,4.995675,0.518920,0.41788,10.00
0.190930,4.996347,0.518111,0.41778,10.00
0.190940,4.996977,0.517184,0.41776,10.00
0.190950,4.997720,0.516210,0.41779,10.00
0.190960,4.999037,0.514551,0.41703,10.00
0.190970,5.000253,0.512200,0.41671,10.00
0.190980,5.001347,0.509549,0.41663,10.00
0.190990,5.002313,0.506823,0.41669,10.00
0.191000,5.003057,0.504150,0.41683,10.00
0.191010,5.003304,0.502011,0.41748,10.00
0.191020,5.003470,0.500459,0.41789,10.00
0.191030,5.003576,0.499284,0.41816,10.00
0.191040,5.003635,0.498361,0.41834,10.00
0.191050,5.003565,0.497614,0.41847,10.00
0.191060,5.003107,0.497386,0.41903,10.00
0.191070,5.002655,0.497669,0.41932,10.00
0.191080,5.002226,0.498224,0.41946,10.00
0.191090,5.001828,0.498913,0.41950,10.00
0.191100,5.001552,0.499657,0.41950,10.00
0.191110,5.001649,0.500038,0.41903,10.00
0.191120,5.001751,0.500013,0.41878,10.00
0.191130,5.001846,0.499773,0.41866,10.00
0.191140,5.001925,0.499430,0.41860,10.00
0.191150,5.002083,0.499046,0.41859,10.00
0.191160,5.002595,0.498250,0.41811,10.00
0.191170,5.003057,0.497045,0.41790,10.00
0.191180,5.003456,0.495666,0.41784,10.00
0.191190,5.003789,0.494249,0.41786,10.00
0.191200,5.003990,0.492868,0.41793,10.00
0.191210,5.003865,0.491854,0.41836,10.00
0.191220,5.003706,0.491240,0.41861,10.00
0.191230,5.003528,0.490874,0.41877,10.00
0.191240,5.003338,0.490665,0.41886,10.00
0.191250,5.003182,0.490560,0.41891,10.00
0.191260,5.003178,0.490355,0.41875,10.00
0.191270,5.003160,0.490024,0.41867,10.00
0.191280,5.003127,0.489645,0.41865,10.00
0.191290,5.003076,0.489263,0.41865,10.00
0.191300,5.002970,0.488903,0.41867,10.00
0.191310,5.002702,0.488739,0.41888,10.00
0.191320,5.002433,0.488784,0.41900,10.00
0.191330,5.002172,0.488949,0.41905,10.00
0.191340,5.001921,0.489183,0.41908,10.00
0.191350,5.001724,0.489453,0.41908,10.00
0.191360,5.001704,0.489563,0.41886,10.00
0.191370,5.001684,0.489494,0.41875,10.00
0.191380,5.001657,0.489337,0.41870,10.00
0.191390,5.001623,0.489144,0.41868,10.00
0.191400,5.001700,0.488946,0.41867,10.00
0.191410,5.002238,0.488245,0.41807,10.00
0.191420,5.002726,0.487026,0.41779,10.00
0.191430,5.003150,0.485577,0.41770,10.00
0.191440,5.003503,0.484064,0.41771,10.00
0.191450,5.003421,0.482580,0.41777,10.00
0.191460,5.001846,0.482734,0.41971,10.00
0.191470,5.000337,0.484625,0.42069,10.00
0.191480,4.998947,0.487397,0.42112,10.00
0.191490,4.997700,0.490554,0.42123,10.00
0.191500,4.997015,0.493810,0.42116,10.00
0.191510,4.998072,0.495264,0.41894,10.00
0.191520,4.999132,0.494747,0.41776,10.00
0.191530,5.000133,0.493178,0.41718,10.00
0.191540,5.001043,0.491095,0.41695,10.00
0.191550,5.001709,0.488808,0.41691,10.00
0.191560,5.001730,0.487082,0.41768,10.00
0.191570,5.001692,0.486043,0.41813,10.00
0.191580,5.001619,0.485418,0.41841,10.00
0.191590,5.001526,0.485045,0.41857,10.00
0.191600,5.001324,0.484828,0.41867,10.00
0.191610,5.000741,0.485120,0.41921,10.00
0.191620,5.000189,0.485904,0.41948,10.00
0.191630,4.999682,0.486933,0.41958,10.00
0.191640,4.999228,0.488061,0.41960,10.00
0.191650,4.998821,0.489206,0.41956,10.00
0.191660,4.998444,0.490346,0.41953,10.00
0.191670,4.998120,0.491458,0.41947,10.00
0.191680,4.997846,0.492514,0.41940,10.00
0.191690,4.997620,0.493500,0.41932,10.00
0.191700,4.997205,0.494411,0.41925,10.00
0.191710,4.995928,0.496232,0.42035,10.00
0.191720,4.994768,0.499009,0.42083,10.00
0.191730,4.993752,0.502198,0.42097,10.00
0.191740,4.992889,0.505486,0.42092,10.00
0.191750,4.992269,0.508698,0.42077,10.00
0.191760,4.992150,0.511346,0.42011,10.00
0.191770,4.992135,0.513366,0.41967,10.00
0.191780,4.992199,0.514953,0.41937,10.00
0.191790,4.992326,0.516229,0.41915,10.00
0.191800,4.992730,0.517268,0.41899,10.00
0.191810,4.994058,0.517155,0.41772,10.00
0.191820,4.995340,0.515878,0.41708,10.00
0.191830,4.996540,0.513995,0.41681,10.00
0.191840,4.997641,0.511835,0.41674,10.00
0.191850,4.998784,0.509585,0.41678,10.00
0.191860,5.000398,0.506723,0.41614,10.00
0.191870,5.001857,0.503281,0.41593,10.00
0.191880,5.003147,0.499642,0.41595,10.00
0.191890,5.004266,0.496024,0.41610,10.00
0.191900,5.004786,0.492548,0.41631,10.00
0.191910,5.003460,0.491127,0.41874,10.00
0.191920,5.002140,0.491876,0.42003,10.00
0.191930,5.000893,0.493782,0.42065,10.00
0.191940,4.999756,0.496251,0.42090,10.00
0.191950,4.998907,0.498943,0.42093,10.00
0.191960,4.998822,0.500964,0.42001,10.00
0.191970,4.998806,0.502173,0.41947,10.00
0.191980,4.998830,0.502898,0.41915,10.00
0.191990,4.998879,0.503331,0.41896,10.00
0.192000,4.999188,0.503587,0.41885,10.00
0.192010,5.000460,0.502689,0.41754,10.00
0.192020,5.001651,0.500629,0.41691,10.00
0.192030,5.002727,0.498011,0.41667,10.00
0.192040,5.003672,0.495186,0.41665,10.00
0.192050,5.004128,0.492351,0.41674,10.00
0.192060,5.003070,0.491133,0.41870,10.00
0.192070,5.002012,0.491662,0.41973,10.00
0.192080,5.001011,0.493124,0.42024,10.00
0.192090,5.000095,0.495046,0.42044,10.00
0.192100,4.999485,0.497154,0.42047,10.00
0.192110,4.999794,0.498395,0.41934,10.00
0.192120,5.000129,0.498640,0.41873,10.00
0.192130,5.000456,0.498337,0.41840,10.00
0.192140,5.000761,0.497750,0.41825,10.00
0.192150,5.001039,0.497029,0.41820,10.00
0.192160,5.001309,0.496233,0.41816,10.00
0.192170,5.001541,0.495411,0.41817,10.00
0.192180,5.001735,0.494607,0.41821,10.00
0.192190,5.001892,0.493845,0.41826,10.00
0.192200,5.001974,0.493135,0.41832,10.00
0.192210,5.001859,0.492665,0.41859,10.00
0.192220,5.001730,0.492443,0.41874,10.00
0.192230,5.001597,0.492369,0.41883,10.00
0.192240,5.001463,0.492383,0.41887,10.00
0.192250,5.001235,0.492448,0.41890,10.00
0.192260,5.000635,0.492956,0.41940,10.00
0.192270,5.000074,0.493914,0.41963,10.00
0.192280,4.999565,0.495084,0.41971,10.00
0.192290,4.999114,0.496329,0.41971,10.00
0.192300,4.999020,0.497571,0.41966,10.00
0.192310,5.000144,0.497496,0.41808,10.00
0.192320,5.001219,0.496022,0.41729,10.00
0.192330,5.002201,0.493844,0.41694,10.00
0.192340,5.003070,0.491363,0.41684,10.00
0.192350,5.003511,0.488811,0.41689,10.00
0.192360,5.002629,0.487635,0.41858,10.00
0.192370,5.001743,0.487967,0.41948,10.00
0.192380,5.000899,0.489110,0.41992,10.00
0.192390,5.000124,0.490659,0.42010,10.00
0.192400,4.999330,0.492377,0.42014,10.00
0.192410,4.998240,0.494544,0.42058,10.00
0.192420,4.997266,0.497101,0.42072,10.00
0.192430,4.996416,0.499778,0.42070,10.00
0.192440,4.995691,0.502420,0.42058,10.00
0.192450,4.995250,0.504943,0.42042,10.00
0.192460,4.995562,0.506604,0.41941,10.00
0.192470,4.995920,0.507349,0.41884,10.00
0.192480,4.996296,0.507562,0.41852,10.00
0.192490,4.996670,0.507466,0.41835,10.00
0.192500,4.996941,0.507196,0.41826,10.00
0.192510,4.996834,0.507225,0.41870,10.00
0.192520,4.996740,0.507617,0.41891,10.00
0.192530,4.996669,0.508181,0.41901,10.00
0.192540,4.996627,0.508808,0.41904,10.00
0.192550,4.996745,0.509437,0.41902,10.00
0.192560,4.997406,0.509471,0.41832,10.00
0.192570,4.998046,0.508866,0.41797,10.00
0.192580,4.998647,0.507928,0.41781,10.00
0.192590,4.999197,0.506834,0.41776,10.00
0.192600,4.999659,0.505687,0.41778,10.00
0.192610,4.999934,0.504692,0.41801,10.00
0.192620,5.000169,0.503888,0.41816,10.00
0.192630,5.000370,0.503213,0.41826,10.00
0.192640,5.000542,0.502629,0.41834,10.00
0.192650,5.000688,0.502114,0.41840,10.00
0.192660,5.000812,0.501654,0.41846,10.00
0.192670,5.000915,0.501239,0.41850,10.00
0.192680,5.001001,0.500865,0.41854,10.00
0.192690,5.001070,0.500526,0.41857,10.00
0.192700,5.001266,0.500219,0.41860,10.00
0.192710,5.002005,0.499335,0.41791,10.00
0.192720,5.002681,0.497844,0.41759,10.00
0.192730,5.003279,0.496080,0.41748,10.00
0.192740,5.003791,0.494236,0.41750,10.00
0.192750,5.004129,0.492421,0.41758,10.00
0.192760,5.004045,0.491067,0.41813,10.00
0.192770,5.003914,0.490223,0.41846,10.00
0.192780,5.003755,0.489694,0.41866,10.00
0.192790,5.003579,0.489365,0.41878,10.00
0.192800,5.003100,0.489167,0.41886,10.00
0.192810,5.001484,0.490296,0.42038,10.00
0.192820,4.999967,0.492783,0.42110,10.00
0.192830,4.998589,0.495924,0.42138,10.00
0.192840,4.997367,0.499311,0.42139,10.00
0.192850,4.996592,0.502712,0.42127,10.00
0.192860,4.997083,0.504780,0.41964,10.00
0.192870,4.997623,0.505390,0.41874,10.00
0.192880,4.998165,0.505184,0.41825,10.00
0.192890,4.998682,0.504536,0.41801,10.00
0.192900,4.999072,0.503665,0.41792,10.00
0.192910,4.999078,0.503072,0.41834,10.00
0.192920,4.999068,0.502847,0.41858,10.00
0.192930,4.999054,0.502826,0.41871,10.00
0.192940,4.999042,0.502911,0.41878,10.00
0.192950,4.999177,0.503048,0.41881,10.00
0.192960,4.999867,0.502604,0.41810,10.00
0.192970,5.000515,0.501533,0.41776,10.00
0.192980,5.001103,0.500160,0.41763,10.00
0.192990,5.001622,0.498671,0.41762,10.00
0.193000,5.001892,0.497172,0.41767,10.00
0.193010,5.001396,0.496487,0.41865,10.00
0.193020,5.000897,0.496682,0.41918,10.00
0.193030,5.000423,0.497350,0.41944,10.00
0.193040,4.999988,0.498252,0.41955,10.00
0.193050,4.999647,0.499251,0.41957,10.00
0.193060,4.999540,0.500066,0.41930,10.00
0.193070,4.999463,0.500641,0.41913,10.00
0.193080,4.999409,0.501066,0.41902,10.00
0.193090,4.999371,0.501393,0.41895,10.00
0.193100,4.999323,0.501655,0.41890,10.00
0.193110,4.999200,0.501964,0.41898,10.00
0.193120,4.999093,0.502338,0.41901,10.00
0.193130,4.999005,0.502731,0.41901,10.00
0.193140,4.998934,0.503117,0.41899,10.00
0.193150,4.999225,0.503483,0.41897,10.00
0.193160,5.000871,0.502358,0.41721,10.00
0.193170,5.002412,0.499669,0.41635,10.00
0.193180,5.003801,0.496231,0.41603,10.00
0.193190,5.005019,0.492511,0.41599,10.00
0.193200,5.005821,0.488778,0.41611,10.00
0.193210,5.005515,0.486205,0.41754,10.00
0.193220,5.005131,0.484919,0.41836,10.00
0.193230,5.004712,0.484390,0.41882,10.00
0.193240,5.004285,0.484303,0.41908,10.00
0.193250,5.003795,0.484473,0.41922,10.00
0.193260,5.003056,0.485078,0.41962,10.00
0.193270,5.002360,0.486065,0.41980,10.00
0.193280,5.001716,0.487237,0.41986,10.00
0.193290,5.001132,0.488476,0.41984,10.00
0.193300,5.000701,0.489716,0.41979,10.00
0.193310,5.000701,0.490513,0.41923,10.00
0.193320,5.000722,0.490827,0.41892,10.00
0.193330,5.000750,0.490873,0.41875,10.00
0.193340,5.000775,0.490777,0.41867,10.00
0.193350,5.000697,0.490612,0.41863,10.00
0.193360,5.000236,0.490829,0.41910,10.00
0.193370,4.999799,0.491472,0.41933,10.00
0.193380,4.999400,0.492324,0.41943,10.00
0.193390,4.999044,0.493263,0.41944,10.00
0.193400,4.998782,0.494216,0.41941,10.00
0.193410,4.998758,0.494931,0.41911,10.00
0.193420,4.998758,0.495377,0.41893,10.00
0.193430,4.998774,0.495660,0.41883,10.00
0.193440,4.998799,0.495844,0.41876,10.00
0.193450,4.998599,0.495965,0.41872,10.00
0.193460,4.997497,0.497036,0.41987,10.00
0.193470,4.996479,0.499117,0.42041,10.00
0.193480,4.995574,0.501666,0.42061,10.00
0.193490,4.994794,0.504371,0.42061,10.00
0.193500,4.994142,0.507055,0.42051,10.00
0.193510,4.993614,0.509617,0.42035,10.00
0.193520,4.993201,0.512006,0.42017,10.00
0.193530,4.992893,0.514202,0.41998,10.00
0.193540,4.992680,0.516196,0.41980,10.00
0.193550,4.992880,0.517992,0.41964,10.00
0.193560,4.994430,0.518204,0.41783,10.00
0.193570,4.995935,0.516776,0.41690,10.00
0.193580,4.997342,0.514494,0.41649,10.00
0.193590,4.998627,0.511813,0.41636,10.00
0.193600,4.999474,0.509000,0.41640,10.00
0.193610,4.998992,0.507512,0.41808,10.00
0.193620,4.998487,0.507495,0.41898,10.00
0.193630,4.998008,0.508268,0.41944,10.00
0.193640,4.997578,0.509435,0.41964,10.00
0.193650,4.997379,0.510766,0.41970,10.00
0.193660,4.997914,0.511399,0.41881,10.00
0.193670,4.998451,0.511226,0.41833,10.00
0.193680,4.998965,0.510616,0.41810,10.00
0.193690,4.999442,0.509783,0.41800,10.00
0.193700,5.000035,0.508853,0.41798,10.00
0.193710,5.001202,0.507221,0.41720,10.00
0.193720,5.002268,0.504898,0.41687,10.00
0.193730,5.003215,0.502281,0.41679,10.00
0.193740,5.004037,0.499600,0.41685,10.00
0.193750,5.004572,0.496984,0.41698,10.00
0.193760,5.004357,0.495193,0.41797,10.00
0.193770,5.004088,0.494294,0.41854,10.00
0.193780,5.003794,0.493921,0.41886,10.00
0.193790,5.003494,0.493854,0.41904,10.00
0.193800,5.003060,0.493966,0.41913,10.00
0.193810,5.002100,0.494766,0.41987,10.00
0.193820,5.001200,0.496236,0.42021,10.00
0.193830,5.000380,0.498024,0.42033,10.00
0.193840,4.999649,0.499924,0.42032,10.00
0.193850,4.999419,0.501822,0.42025,10.00
0.193860,5.000874,0.501902,0.41806,10.00
0.193870,5.002269,0.500050,0.41695,10.00
0.193880,5.003545,0.497219,0.41646,10.00
0.193890,5.004673,0.493962,0.41632,10.00
0.193900,5.005409,0.490597,0.41637,10.00
0.193910,5.005068,0.488309,0.41772,10.00
0.193920,5.004661,0.487242,0.41849,10.00
0.193930,5.004228,0.486886,0.41893,10.00
0.193940,5.003793,0.486942,0.41916,10.00
0.193950,5.003458,0.487230,0.41928,10.00
0.193960,5.003487,0.487270,0.41888,10.00
0.193970,5.003507,0.486981,0.41868,10.00
0.193980,5.003510,0.486536,0.41859,10.00
0.193990,5.003491,0.486034,0.41856,10.00
0.194000,5.003353,0.485530,0.41857,10.00
0.194010,5.002816,0.485467,0.41908,10.00
0.194020,5.002293,0.485878,0.41934,10.00
0.194030,5.001798,0.486542,0.41946,10.00
0.194040,5.001339,0.487330,0.41949,10.00
0.194050,5.000859,0.488164,0.41948,10.00
0.194060,5.000183,0.489259,0.41975,10.00
0.194070,4.999567,0.490603,0.41985,10.00
0.194080,4.999018,0.492038,0.41985,10.00
0.194090,4.998536,0.493474,0.41979,10.00
0.194100,4.998029,0.494861,0.41971,10.00
0.194110,4.997225,0.496564,0.42008,10.00
0.194120,4.996513,0.498588,0.42020,10.00
0.194130,4.995898,0.500709,0.42019,10.00
0.194140,4.995382,0.502803,0.42010,10.00
0.194150,4.995055,0.504798,0.41998,10.00
0.194160,4.995179,0.506262,0.41936,10.00
0.194170,4.995354,0.507160,0.41900,10.00
0.194180,4.995558,0.507708,0.41878,10.00
0.194190,4.995779,0.508034,0.41864,10.00
0.194200,4.996025,0.508217,0.41856,10.00
0.194210,4.996328,0.508244,0.41844,10.00
0.194220,4.996628,0.508142,0.41838,10.00
0.194230,4.996919,0.507962,0.41835,10.00
0.194240,4.997200,0.507736,0.41835,10.00
0.194250,4.997665,0.507483,0.41835,10.00
0.194260,4.998880,0.506379,0.41737,10.00
0.194270,5.000013,0.504393,0.41691,10.00
0.194280,5.001039,0.501994,0.41676,10.00
0.194290,5.001947,0.499454,0.41677,10.00
0.194300,5.002480,0.496926,0.41687,10.00
0.194310,5.001905,0.495582,0.41831,10.00
0.194320,5.001309,0.495517,0.41909,10.00
0.194330,5.000734,0.496151,0.41949,10.00
0.194340,5.000200,0.497144,0.41966,10.00
0.194350,4.999836,0.498299,0.41972,10.00
0.194360,4.999981,0.499007,0.41911,10.00
0.194370,5.000141,0.499180,0.41878,10.00
0.194380,5.000300,0.499058,0.41860,10.00
0.194390,5.000448,0.498781,0.41852,10.00
0.194400,5.000424,0.498431,0.41848,10.00
0.194410,4.999772,0.498721,0.41927,10.00
0.194420,4.999157,0.499709,0.41966,10.00
0.194430,4.998601,0.501039,0.41982,10.00
0.194440,4.998111,0.502506,0.41985,10.00
0.194450,4.997904,0.503991,0.41981,10.00
0.194460,4.998592,0.504525,0.41866,10.00
0.194470,4.999271,0.504030,0.41805,10.00
0.194480,4.999909,0.502992,0.41776,10.00
0.194490,5.000488,0.501692,0.41766,10.00
0.194500,5.000749,0.500294,0.41765,10.00
0.194510,4.999954,0.499975,0.41899,10.00
0.194520,4.999183,0.500837,0.41968,10.00
0.194530,4.998473,0.502305,0.41999,10.00
0.194540,4.997841,0.504049,0.42010,10.00
0.194550,4.997508,0.505876,0.42008,10.00
0.194560,4.998092,0.506768,0.41892,10.00
0.194570,4.998683,0.506624,0.41830,10.00
0.194580,4.999248,0.505918,0.41799,10.00
0.194590,4.999771,0.504927,0.41786,10.00
0.194600,5.000135,0.503814,0.41783,10.00
0.194610,5.000027,0.503128,0.41840,10.00
0.194620,4.999903,0.502943,0.41872,10.00
0.194630,4.999779,0.503034,0.41888,10.00
0.194640,4.999664,0.503269,0.41896,10.00
0.194650,4.999572,0.503573,0.41900,10.00
0.194660,4.999529,0.503864,0.41895,10.00
0.194670,4.999498,0.504114,0.41892,10.00
0.194680,4.999478,0.504332,0.41890,10.00
0.194690,4.999467,0.504521,0.41887,10.00
0.194700,4.999742,0.504687,0.41886,10.00
0.194710,5.001108,0.503647,0.41743,10.00
0.194720,5.002383,0.501347,0.41675,10.00
0.194730,5.003529,0.498447,0.41649,10.00
0.194740,5.004532,0.495329,0.41647,10.00
0.194750,5.005380,0.492210,0.41658,10.00
0.194760,5.006054,0.489243,0.41680,10.00
0.194770,5.006596,0.486494,0.41702,10.00
0.194780,5.007018,0.483976,0.41724,10.00
0.194790,5.007329,0.481687,0.41745,10.00
0.194800,5.007433,0.479623,0.41765,10.00
0.194810,5.007025,0.478236,0.41837,10.00
0.194820,5.006576,0.477536,0.41880,10.00
0.194830,5.006110,0.477254,0.41904,10.00
0.194840,5.005640,0.477228,0.41918,10.00
0.194850,5.005155,0.477363,0.41925,10.00
0.194860,5.004603,0.477685,0.41938,10.00
0.194870,5.004072,0.478164,0.41944,10.00
0.194880,5.003567,0.478727,0.41945,10.00
0.194890,5.003092,0.479332,0.41944,10.00
0.194900,5.002594,0.479953,0.41941,10.00
0.194910,5.001922,0.480798,0.41964,10.00
0.194920,5.001297,0.481868,0.41973,10.00
0.194930,5.000727,0.483031,0.41973,10.00
0.194940,5.000213,0.484214,0.41969,10.00
0.194950,4.999579,0.485372,0.41963,10.00
0.194960,4.998313,0.487229,0.42044,10.00
0.194970,4.997159,0.489809,0.42078,10.00
0.194980,4.996137,0.492688,0.42085,10.00
0.194990,4.995252,0.495626,0.42078,10.00
0.195000,4.994470,0.498487,0.42064,10.00
0.195010,4.993687,0.501339,0.42062,10.00
0.195020,4.993036,0.504151,0.42050,10.00
0.195030,4.992513,0.506829,0.42034,10.00
0.195040,4.992108,0.509323,0.42015,10.00
0.195050,4.992042,0.511613,0.41996,10.00
0.195060,4.992968,0.512716,0.41861,10.00
0.195070,4.993903,0.512588,0.41789,10.00
0.195080,4.994808,0.511780,0.41753,10.00
0.195090,4.995661,0.510613,0.41737,10.00
0.195100,4.996563,0.509277,0.41734,10.00
0.195110,4.997825,0.507414,0.41682,10.00
0.195120,4.998982,0.505067,0.41662,10.00
0.195130,5.000021,0.502532,0.41661,10.00
0.195140,5.000940,0.499977,0.41670,10.00
0.195150,5.001346,0.497499,0.41685,10.00
0.195160,5.000107,0.496826,0.41900,10.00
0.195170,4.998899,0.498063,0.42012,10.00
0.195180,4.997781,0.500288,0.42064,10.00
0.195190,4.996784,0.502968,0.42082,10.00
0.195200,4.996021,0.505793,0.42081,10.00
0.195210,4.995793,0.508151,0.42017,10.00
0.195220,4.995657,0.509922,0.41976,10.00
0.195230,4.995590,0.511304,0.41948,10.00
0.195240,4.995579,0.512412,0.41928,10.00
0.195250,4.995577,0.513321,0.41914,10.00
0.195260,4.995479,0.514223,0.41920,10.00
0.195270,4.995424,0.515153,0.41920,10.00
0.195280,4.995410,0.516051,0.41916,10.00
0.195290,4.995435,0.516885,0.41911,10.00
0.195300,4.996075,0.517640,0.41905,10.00
0.195310,4.999003,0.515842,0.41606,10.00
0.195320,5.001756,0.511377,0.41461,10.00
0.195330,5.004255,0.505618,0.41405,10.00
0.195340,5.006466,0.499359,0.41398,10.00
0.195350,5.007760,0.493054,0.41418,10.00
0.195360,5.006346,0.489601,0.41767,10.00
0.195370,5.004873,0.489259,0.41956,10.00
0.195380,5.003442,0.490626,0.42054,10.00
0.195390,5.002105,0.492882,0.42098,10.00
0.195400,5.001341,0.495551,0.42112,10.00
0.195410,5.002462,0.496438,0.41881,10.00
0.195420,5.003558,0.495296,0.41761,10.00
0.195430,5.004567,0.493104,0.41704,10.00
0.195440,5.005456,0.490430,0.41684,10.00
0.195450,5.005885,0.487600,0.41684,10.00
0.195460,5.004895,0.486206,0.41862,10.00
0.195470,5.003893,0.486416,0.41957,10.00
0.195480,5.002931,0.487500,0.42005,10.00
0.195490,5.002035,0.489030,0.42025,10.00
0.195500,5.001218,0.490759,0.42030,10.00
0.195510,5.000475,0.492553,0.42027,10.00
0.195520,4.999818,0.494329,0.42018,10.00
0.195530,4.999242,0.496037,0.42007,10.00
0.195540,4.998744,0.497650,0.41995,10.00
0.195550,4.998172,0.499156,0.41983,10.00
0.195560,4.997095,0.501174,0.42045,10.00
0.195570,4.996131,0.503733,0.42069,10.00
0.195580,4.995294,0.506489,0.42071,10.00
0.195590,4.994586,0.509245,0.42062,10.00
0.195600,4.994183,0.511893,0.42046,10.00
0.195610,4.994600,0.513610,0.41937,10.00
0.195620,4.995063,0.514332,0.41876,10.00
0.195630,4.995541,0.514475,0.41841,10.00
0.195640,4.996013,0.514285,0.41823,10.00
0.195650,4.996653,0.513907,0.41815,10.00
0.195660,4.997993,0.512637,0.41718,10.00
0.195670,4.999242,0.510492,0.41674,10.00
0.195680,5.000377,0.507938,0.41660,10.00
0.195690,5.001385,0.505247,0.41662,10.00
0.195700,5.002170,0.502574,0.41674,10.00
0.195710,5.002451,0.500420,0.41739,10.00
0.195720,5.002649,0.498851,0.41780,10.00
0.195730,5.002787,0.497656,0.41807,10.00
0.195740,5.002877,0.496712,0.41825,10.00
0.195750,5.002964,0.495943,0.41838,10.00
0.195760,5.003155,0.495153,0.41830,10.00
0.195770,5.003308,0.494305,0.41829,10.00
0.195780,5.003422,0.493465,0.41832,10.00
0.195790,5.003498,0.492667,0.41836,10.00
0.195800,5.003473,0.491929,0.41842,10.00
0.195810,5.003159,0.491540,0.41881,10.00
0.195820,5.002839,0.491516,0.41902,10.00
0.195830,5.002526,0.491700,0.41913,10.00
0.195840,5.002225,0.491999,0.41918,10.00
0.195850,5.002049,0.492357,0.41920,10.00
0.195860,5.002309,0.492286,0.41865,10.00
0.195870,5.002550,0.491745,0.41837,10.00
0.195880,5.002759,0.490976,0.41826,10.00
0.195890,5.002929,0.490119,0.41823,10.00
0.195900,5.002980,0.489253,0.41824,10.00
0.195910,5.002683,0.488760,0.41869,10.00
0.195920,5.002377,0.488677,0.41893,10.00
0.195930,5.002075,0.488828,0.41906,10.00
0.195940,5.001785,0.489110,0.41912,10.00
0.195950,5.001460,0.489459,0.41914,10.00
0.195960,5.000953,0.490061,0.41940,10.00
0.195970,5.000482,0.490902,0.41951,10.00
0.195980,5.000054,0.491849,0.41953,10.00
0.195990,4.999673,0.492823,0.41951,10.00
0.196000,4.999389,0.493781,0.41946,10.00
0.196010,4.999349,0.494479,0.41914,10.00
0.196020,4.999333,0.494892,0.41895,10.00
0.196030,4.999331,0.495138,0.41884,10.00
0.196040,4.999338,0.495284,0.41877,10.00
0.196050,4.999549,0.495371,0.41873,10.00
0.196060,5.000541,0.494571,0.41770,10.00
0.196070,5.001466,0.492859,0.41721,10.00
0.196080,5.002295,0.490716,0.41703,10.00
0.196090,5.003018,0.488419,0.41702,10.00
0.196100,5.003385,0.486126,0.41710,10.00
0.196110,5.002678,0.484984,0.41849,10.00
0.196120,5.001960,0.485087,0.41923,10.00
0.196130,5.001269,0.485871,0.41961,10.00
0.196140,5.000628,0.487002,0.41977,10.00
0.196150,5.000215,0.488289,0.41981,10.00
0.196160,5.000525,0.488898,0.41893,10.00
0.196170,5.000838,0.488731,0.41846,10.00
0.196180,5.001130,0.488156,0.41822,10.00
0.196190,5.001388,0.487383,0.41813,10.00
0.196200,5.001499,0.486537,0.41811,10.00
0.196210,5.001140,0.486155,0.41869,10.00
0.196220,5.000782,0.486296,0.41900,10.00
0.196230,5.000440,0.486722,0.41915,10.00
0.196240,5.000123,0.487292,0.41922,10.00
0.196250,4.999761,0.487923,0.41923,10.00
0.196260,4.999140,0.488885,0.41958,10.00
0.196270,4.998575,0.490168,0.41973,10.00
0.196280,4.998074,0.491578,0.41975,10.00
0.196290,4.997641,0.493008,0.41971,10.00
0.196300,4.997434,0.494395,0.41964,10.00
0.196310,4.997914,0.495024,0.41874,10.00
0.196320,4.998397,0.494847,0.41826,10.00
0.196330,4.998856,0.494235,0.41802,10.00
0.196340,4.999280,0.493407,0.41792,10.00
0.196350,4.999426,0.492488,0.41791,10.00
0.196360,4.998614,0.492550,0.41912,10.00
0.196370,4.997841,0.493682,0.41973,10.00
0.196380,4.997138,0.495349,0.42000,10.00
0.196390,4.996521,0.497244,0.42007,10.00
0.196400,4.996212,0.499189,0.42003,10.00
0.196410,4.996839,0.500161,0.41884,10.00
0.196420,4.997475,0.500062,0.41820,10.00
0.196430,4.998087,0.499380,0.41788,10.00
0.196440,4.998656,0.498400,0.41774,10.00
0.196450,4.999001,0.497286,0.41771,10.00
0.196460,4.998619,0.496871,0.41861,10.00
0.196470,4.998243,0.497243,0.41908,10.00
0.196480,4.997898,0.498023,0.41931,10.00
0.196490,4.997595,0.498992,0.41939,10.00
0.196500,4.997028,0.500024,0.41940,10.00
0.196510,4.995294,0.502377,0.42094,10.00
0.196520,4.993715,0.506072,0.42162,10.00
0.196530,4.992328,0.510352,0.42183,10.00
0.196540,4.991147,0.514783,0.42177,10.00
0.196550,4.990538,0.519119,0.42157,10.00
0.196560,4.991555,0.521663,0.41945,10.00
0.196570,4.992627,0.522275,0.41827,10.00
0.196580,4.993689,0.521796,0.41765,10.00
0.196590,4.994707,0.520719,0.41735,10.00
0.196600,4.995888,0.519334,0.41724,10.00
0.196610,4.997878,0.516848,0.41609,10.00
0.196620,4.999716,0.513315,0.41560,10.00
0.196630,5.001370,0.509327,0.41548,10.00
0.196640,5.002833,0.505226,0.41558,10.00
0.196650,5.003844,0.501205,0.41578,10.00
0.196660,5.003662,0.498474,0.41735,10.00
0.196670,5.003398,0.497141,0.41825,10.00
0.196680,5.003098,0.496616,0.41875,10.00
0.196690,5.002789,0.496553,0.41903,10.00
0.196700,5.002357,0.496749,0.41917,10.00
0.196710,5.001437,0.497634,0.41989,10.00
0.196720,5.000580,0.499164,0.42022,10.00
0.196730,4.999806,0.500993,0.42033,10.00
0.196740,4.999121,0.502920,0.42031,10.00
0.196750,4.998743,0.504833,0.42023,10.00
0.196760,4.999295,0.505746,0.41902,10.00
0.196770,4.999855,0.505583,0.41837,10.00
0.196780,5.000387,0.504840,0.41805,10.00
0.196790,5.000875,0.503808,0.41791,10.00
0.196800,5.001107,0.502653,0.41788,10.00
0.196810,5.000492,0.502338,0.41894,10.00
0.196820,4.999893,0.502956,0.41948,10.00
0.196830,4.999340,0.504057,0.41974,10.00
0.196840,4.998846,0.505380,0.41982,10.00
0.196850,4.998424,0.506772,0.41982,10.00
0.196860,4.998098,0.508116,0.41972,10.00
0.196870,4.997832,0.509363,0.41962,10.00
0.196880,4.997620,0.510507,0.41952,10.00
0.196890,4.997459,0.511547,0.41942,10.00
0.196900,4.997302,0.512487,0.41933,10.00
0.196910,4.997027,0.513505,0.41946,10.00
0.196920,4.996801,0.514614,0.41948,10.00
0.196930,4.996627,0.515722,0.41945,10.00
0.196940,4.996503,0.516780,0.41939,10.00
0.196950,4.996558,0.517762,0.41932,10.00
0.196960,4.997171,0.518092,0.41857,10.00
0.196970,4.997777,0.517739,0.41818,10.00
0.196980,4.998352,0.517018,0.41799,10.00
0.196990,4.998887,0.516113,0.41793,10.00
0.197000,4.999302,0.515131,0.41792,10.00
0.197010,4.999387,0.514444,0.41833,10.00
0.197020,4.999449,0.514104,0.41856,10.00
0.197030,4.999502,0.513956,0.41869,10.00
0.197040,4.999551,0.513913,0.41876,10.00
0.197050,4.999722,0.513922,0.41879,10.00
0.197060,5.000371,0.513433,0.41819,10.00
0.197070,5.000980,0.512403,0.41790,10.00
0.197080,5.001531,0.511114,0.41779,10.00
0.197090,5.002018,0.509729,0.41779,10.00
0.197100,5.002291,0.508340,0.41784,10.00
0.197110,5.001922,0.507633,0.41866,10.00
0.197120,5.001544,0.507663,0.41911,10.00
0.197130,5.001182,0.508094,0.41933,10.00
0.197140,5.000846,0.508729,0.41943,10.00
0.197150,5.000772,0.509452,0.41946,10.00
0.197160,5.001621,0.509227,0.41829,10.00
0.197170,5.002425,0.507971,0.41770,10.00
0.197180,5.003153,0.506204,0.41746,10.00
0.197190,5.003792,0.504225,0.41740,10.00
0.197200,5.004195,0.502208,0.41744,10.00
0.197210,5.003960,0.500845,0.41825,10.00
0.197220,5.003685,0.500217,0.41871,10.00
0.197230,5.003395,0.500017,0.41897,10.00
0.197240,5.003105,0.500065,0.41911,10.00
0.197250,5.002732,0.500253,0.41918,10.00
0.197260,5.002024,0.500901,0.41966,10.00
0.197270,5.001361,0.501989,0.41988,10.00
0.197280,5.000756,0.503282,0.41995,10.00
0.197290,5.000215,0.504645,0.41994,10.00
0.197300,4.999761,0.506000,0.41988,10.00
0.197310,4.999458,0.507208,0.41968,10.00
0.197320,4.999207,0.508242,0.41953,10.00
0.197330,4.999000,0.509143,0.41942,10.00
0.197340,4.998831,0.509938,0.41933,10.00
0.197350,4.998770,0.510646,0.41925,10.00
0.197360,4.999024,0.510966,0.41881,10.00
0.197370,4.999279,0.510893,0.41858,10.00
0.197380,4.999524,0.510606,0.41846,10.00
0.197390,4.999752,0.510210,0.41842,10.00
0.197400,4.999753,0.509766,0.41841,10.00
0.197410,4.998932,0.510185,0.41946,10.00
0.197420,4.998161,0.511528,0.41997,10.00
0.197430,4.997468,0.513320,0.42018,10.00
0.197440,4.996865,0.515286,0.42022,10.00
0.197450,4.996627,0.517270,0.42016,10.00
0.197460,4.997536,0.518028,0.41869,10.00
0.197470,4.998437,0.517460,0.41791,10.00
0.197480,4.999287,0.516186,0.41753,10.00
0.197490,5.000065,0.514568,0.41739,10.00
0.197500,5.000676,0.512816,0.41738,10.00
0.197510,5.000871,0.511413,0.41787,10.00
0.197520,5.001013,0.510444,0.41818,10.00
0.197530,5.001119,0.509744,0.41837,10.00
0.197540,5.001198,0.509214,0.41849,10.00
0.197550,5.001467,0.508796,0.41857,10.00
0.197560,5.002545,0.507551,0.41756,10.00
0.197570,5.003536,0.505415,0.41709,10.00
0.197580,5.004413,0.502878,0.41693,10.00
0.197590,5.005166,0.500219,0.41695,10.00
0.197600,5.005750,0.497599,0.41706,10.00
0.197610,5.006034,0.495301,0.41746,10.00
0.197620,5.006223,0.493380,0.41774,10.00
0.197630,5.006332,0.491746,0.41796,10.00
0.197640,5.006373,0.490342,0.41814,10.00
0.197650,5.006294,0.489129,0.41828,10.00
0.197660,5.005929,0.488338,0.41871,10.00
0.197670,5.005543,0.487963,0.41896,10.00
0.197680,5.005148,0.487844,0.41910,10.00
0.197690,5.004754,0.487886,0.41918,10.00
0.197700,5.004297,0.488030,0.41922,10.00
0.197710,5.003577,0.488539,0.41959,10.00
0.197720,5.002894,0.489404,0.41976,10.00
0.197730,5.002259,0.490445,0.41981,10.00
0.197740,5.001676,0.491557,0.41980,10.00
0.197750,5.001036,0.492678,0.41975,10.00
0.197760,5.000019,0.494244,0.42025,10.00
0.197770,4.999090,0.496258,0.42044,10.00
0.197780,4.998263,0.498448,0.42046,10.00
0.197790,4.997540,0.500657,0.42038,10.00
0.197800,4.997385,0.502799,0.42026,10.00
0.197810,4.999142,0.502840,0.41777,10.00
0.197820,5.000828,0.500664,0.41650,10.00
0.197830,5.002374,0.497366,0.41594,10.00
0.197840,5.003748,0.493578,0.41578,10.00
0.197850,5.004623,0.489664,0.41585,10.00
0.197860,5.004081,0.487180,0.41763,10.00
0.197870,5.003477,0.486300,0.41863,10.00
0.197880,5.002862,0.486331,0.41918,10.00
0.197890,5.002266,0.486867,0.41945,10.00
0.197900,5.001815,0.487669,0.41957,10.00
0.197910,5.001840,0.488124,0.41904,10.00
0.197920,5.001872,0.488130,0.41876,10.00
0.197930,5.001897,0.487901,0.41862,10.00
0.197940,5.001908,0.487563,0.41856,10.00
0.197950,5.001713,0.487186,0.41854,10.00
0.197960,5.000765,0.487615,0.41950,10.00
0.197970,4.999866,0.488910,0.41997,10.00
0.197980,4.999043,0.490635,0.42016,10.00
0.197990,4.998308,0.492535,0.42020,10.00
0.198000,4.997747,0.494466,0.42014,10.00
0.198010,4.997602,0.495988,0.41962,10.00
0.198020,4.997513,0.497041,0.41929,10.00
0.198030,4.997464,0.497801,0.41909,10.00
0.198040,4.997444,0.498372,0.41896,10.00
0.198050,4.997548,0.498816,0.41887,10.00
0.198060,4.998061,0.498742,0.41830,10.00
0.198070,4.998554,0.498155,0.41801,10.00
0.198080,4.999009,0.497306,0.41789,10.00
0.198090,4.999421,0.496343,0.41786,10.00
0.198100,4.999924,0.495351,0.41788,10.00
0.198110,5.000915,0.493792,0.41724,10.00
0.198120,5.001814,0.491664,0.41697,10.00
0.198130,5.002606,0.489308,0.41692,10.00
0.198140,5.003285,0.486917,0.41698,10.00
0.198150,5.003727,0.484598,0.41711,10.00
0.198160,5.003566,0.482954,0.41790,10.00
0.198170,5.003353,0.482041,0.41837,10.00
0.198180,5.003112,0.481566,0.41865,10.00
0.198190,5.002858,0.481358,0.41881,10.00
0.198200,5.002375,0.481314,0.41890,10.00
0.198210,5.001011,0.482336,0.42009,10.00
0.198220,4.999731,0.484433,0.42066,10.00
0.198230,4.998568,0.487045,0.42087,10.00
0.198240,4.997535,0.489848,0.42087,10.00
0.198250,4.996969,0.492659,0.42077,10.00
0.198260,4.997837,0.493945,0.41892,10.00
0.198270,4.998712,0.493587,0.41793,10.00
0.198280,4.999540,0.492349,0.41745,10.00
0.198290,5.000295,0.490676,0.41725,10.00
0.198300,5.000607,0.488828,0.41721,10.00
0.198310,4.999432,0.488481,0.41908,10.00
0.198320,4.998297,0.489787,0.42004,10.00
0.198330,4.997251,0.491943,0.42047,10.00
0.198340,4.996319,0.494482,0.42061,10.00
0.198350,4.995546,0.497136,0.42059,10.00
0.198360,4.995033,0.499602,0.42030,10.00
0.198370,4.994626,0.501791,0.42005,10.00
0.198380,4.994314,0.503742,0.41985,10.00
0.198390,4.994086,0.505484,0.41967,10.00
0.198400,4.993733,0.507037,0.41951,10.00
0.198410,4.992672,0.509267,0.42038,10.00
0.198420,4.991740,0.512227,0.42073,10.00
0.198430,4.990954,0.515458,0.42079,10.00
0.198440,4.990319,0.518701,0.42070,10.00
0.198450,4.990071,0.521811,0.42053,10.00
0.198460,4.990893,0.523694,0.41911,10.00
0.198470,4.991758,0.524267,0.41832,10.00
0.198480,4.992623,0.524084,0.41789,10.00
0.198490,4.993463,0.523472,0.41768,10.00
0.198500,4.994262,0.522624,0.41760,10.00
0.198510,4.995002,0.521669,0.41760,10.00
0.198520,4.995695,0.520675,0.41763,10.00
0.198530,4.996339,0.519677,0.41769,10.00
0.198540,4.996936,0.518693,0.41775,10.00
0.198550,4.997694,0.517736,0.41782,10.00
0.198560,4.999219,0.515926,0.41684,10.00
0.198570,5.000628,0.513226,0.41640,10.00
0.198580,5.001896,0.510131,0.41629,10.00
0.198590,5.003015,0.506926,0.41635,10.00
0.198600,5.003810,0.503774,0.41650,10.00
0.198610,5.003786,0.501503,0.41757,10.00
0.198620,5.003686,0.500194,0.41820,10.00
0.198630,5.003545,0.499457,0.41857,10.00
0.198640,5.003381,0.499062,0.41879,10.00
0.198650,5.003346,0.498874,0.41891,10.00
0.198660,5.003854,0.498213,0.41827,10.00
0.198670,5.004314,0.497003,0.41797,10.00
0.198680,5.004709,0.495547,0.41786,10.00
0.198690,5.005034,0.494019,0.41787,10.00
0.198700,5.005448,0.492517,0.41793,10.00
0.198710,5.006415,0.490416,0.41721,10.00
0.198720,5.007263,0.487712,0.41693,10.00
0.198730,5.007978,0.484793,0.41689,10.00
0.198740,5.008557,0.481878,0.41698,10.00
0.198750,5.008698,0.479090,0.41714,10.00
0.198760,5.007520,0.477798,0.41888,10.00
0.198770,5.006336,0.478091,0.41981,10.00
0.198780,5.005196,0.479255,0.42028,10.00
0.198790,5.004127,0.480870,0.42047,10.00
0.198800,5.003139,0.482690,0.42051,10.00
0.198810,5.002223,0.484591,0.42048,10.00
0.198820,5.001398,0.486492,0.42039,10.00
0.198830,5.000662,0.488337,0.42028,10.00
0.198840,5.000010,0.490095,0.42015,10.00
0.198850,4.999501,0.491749,0.42002,10.00
0.198860,4.999309,0.493029,0.41958,10.00
0.198870,4.999164,0.493919,0.41930,10.00
0.198880,4.999054,0.494569,0.41913,10.00
0.198890,4.998969,0.495065,0.41902,10.00
0.198900,4.998842,0.495461,0.41894,10.00
0.198910,4.998487,0.496054,0.41921,10.00
0.198920,4.998168,0.496876,0.41932,10.00
0.198930,4.997891,0.497789,0.41934,10.00
0.198940,4.997657,0.498717,0.41932,10.00
0.198950,4.997431,0.499616,0.41927,10.00
0.198960,4.997107,0.500614,0.41939,10.00
0.198970,4.996832,0.501706,0.41942,10.00
0.198980,4.996609,0.502803,0.41939,10.00
0.198990,4.996436,0.503858,0.41933,10.00
0.199000,4.996581,0.504843,0.41926,10.00
0.199010,4.997824,0.504594,0.41782,10.00
0.199020,4.999011,0.503051,0.41709,10.00
0.199030,5.000104,0.500856,0.41679,10.00
0.199040,5.001084,0.498380,0.41671,10.00
0.199050,5.001752,0.495839,0.41677,10.00
0.199060,5.001552,0.494173,0.41787,10.00
0.199070,5.001306,0.493485,0.41849,10.00
0.199080,5.001046,0.493355,0.41883,10.00
0.199090,5.000790,0.493535,0.41901,10.00
0.199100,5.000505,0.493879,0.41910,10.00
0.199110,5.000067,0.494492,0.41935,10.00
0.199120,4.999665,0.495332,0.41945,10.00
0.199130,4.999307,0.496268,0.41948,10.00
0.199140,4.998993,0.497222,0.41945,10.00
0.199150,4.998770,0.498153,0.41940,10.00
0.199160,4.998772,0.498838,0.41910,10.00
0.199170,4.998797,0.499254,0.41893,10.00
0.199180,4.998836,0.499509,0.41882,10.00
0.199190,4.998884,0.499664,0.41876,10.00
0.199200,4.999066,0.499757,0.41872,10.00
0.199210,4.999758,0.499256,0.41804,10.00
0.199220,5.000407,0.498148,0.41771,10.00
0.199230,5.000993,0.496751,0.41759,10.00
0.199240,5.001510,0.495246,0.41758,10.00
0.199250,5.001710,0.493737,0.41764,10.00
0.199260,5.000885,0.493328,0.41896,10.00
0.199270,5.000079,0.494100,0.41965,10.00
0.199280,4.999331,0.495485,0.41997,10.00
0.199290,4.998657,0.497156,0.42008,10.00
0.199300,4.998167,0.498921,0.42007,10.00
0.199310,4.998152,0.500245,0.41949,10.00
0.199320,4.998182,0.501046,0.41914,10.00
0.199330,4.998240,0.501532,0.41894,10.00
0.199340,4.998313,0.501826,0.41881,10.00
0.199350,4.998613,0.502002,0.41874,10.00
0.199360,4.999762,0.501178,0.41760,10.00
0.199370,5.000838,0.499340,0.41705,10.00
0.199380,5.001812,0.497015,0.41685,10.00
0.199390,5.002669,0.494510,0.41683,10.00
0.199400,5.003309,0.491997,0.41692,10.00
0.199410,5.003444,0.490001,0.41756,10.00
0.199420,5.003505,0.488592,0.41797,10.00
0.199430,5.003512,0.487559,0.41823,10.00
0.199440,5.003480,0.486776,0.41840,10.00
0.199450,5.003416,0.486165,0.41852,10.00
0.199460,5.003325,0.485684,0.41861,10.00
0.199470,5.003216,0.485303,0.41867,10.00
0.199480,5.003091,0.484999,0.41872,10.00
0.199490,5.002956,0.484760,0.41875,10.00
0.199500,5.002605,0.484574,0.41878,10.00
0.199510,5.001445,0.485311,0.41985,10.00
0.199520,5.000352,0.487007,0.42036,10.00
0.199530,4.999355,0.489169,0.42056,10.00
0.199540,4.998466,0.491512,0.42057,10.00
0.199550,4.997736,0.493872,0.42049,10.00
0.199560,4.997295,0.495959,0.42013,10.00
0.199570,4.996942,0.497716,0.41986,10.00
0.199580,4.996663,0.499226,0.41966,10.00
0.199590,4.996449,0.500544,0.41950,10.00
0.199600,4.996358,0.501705,0.41937,10.00
0.199610,4.996578,0.502445,0.41892,10.00
0.199620,4.996819,0.502768,0.41866,10.00
0.199630,4.997065,0.502845,0.41852,10.00
0.199640,4.997310,0.502778,0.41844,10.00
0.199650,4.997574,0.502626,0.41841,10.00
0.199660,4.997926,0.502318,0.41827,10.00
0.199670,4.998258,0.501872,0.41821,10.00
0.199680,4.998566,0.501360,0.41819,10.00
0.199690,4.998849,0.500824,0.41820,10.00
0.199700,4.998998,0.500289,0.41823,10.00
0.199710,4.998697,0.500233,0.41881,10.00
0.199720,4.998410,0.500686,0.41911,10.00
0.199730,4.998153,0.501393,0.41925,10.00
0.199740,4.997932,0.502209,0.41929,10.00
0.199750,4.997676,0.503049,0.41927,10.00
0.199760,4.997171,0.504181,0.41961,10.00
0.199770,4.996729,0.505596,0.41974,10.00
0.199780,4.996355,0.507104,0.41974,10.00
0.199790,4.996052,0.508602,0.41969,10.00
0.199800,4.996012,0.510030,0.41961,10.00
0.199810,4.996795,0.510527,0.41852,10.00
0.199820,4.997568,0.510040,0.41795,10.00
0.199830,4.998301,0.509027,0.41768,10.00
0.199840,4.998976,0.507756,0.41758,10.00
0.199850,4.999412,0.506381,0.41757,10.00
0.199860,4.999100,0.505739,0.41851,10.00
0.199870,4.998784,0.505915,0.41901,10.00
0.199880,4.998490,0.506521,0.41925,10.00
0.199890,4.998232,0.507334,0.41935,10.00
0.199900,4.998122,0.508225,0.41937,10.00
0.199910,4.998473,0.508660,0.41880,10.00
0.199920,4.998827,0.508578,0.41850,10.00
0.199930,4.999168,0.508213,0.41834,10.00
0.199940,4.999486,0.507701,0.41828,10.00
0.199950,4.999711,0.507124,0.41826,10.00
0.199960,4.999648,0.506810,0.41861,10.00
0.199970,4.999580,0.506799,0.41880,10.00
0.199980,4.999517,0.506949,0.41890,10.00
0.199990,4.999464,0.507177,0.41894,10.00
